ibge,nome,familias_auxbrasil_out2022,valor_auxbrasil_out2022_reais,familias_pbf_ago2026,valor_pbf_ago2026_reais,pop_censo_2022,pop_est_2026,domicilios_censo_2022,familias_por_100hab_out2022,familias_por_100domic_out2022,familias_por_100hab_ago2026,familias_por_100domic_ago2026,valor_pc_mensal_out2022_reais
1100015,Alta Floresta D'Oeste - RO,1712.0,688606.0,1425,997424.0,21494.0,22724.0,7695.0,7.965013492137341,22.248213125406107,6.270903010033445,18.51851851851852,32.03712663999256
1100023,Ariquemes - RO,5361.0,2156857.0,7405,5073337.0,96833.0,109731.0,34768.0,5.53633575330724,15.419351127473538,6.748320893822165,21.2983202945237,22.27398717379406
1100031,Cabixi - RO,306.0,122719.0,328,231471.0,5351.0,5640.0,1967.0,5.718557279013268,15.556685307574988,5.815602836879433,16.675139806812403,22.933844141282
1100049,Cacoal - RO,5175.0,2094684.0,5307,3551058.0,86887.0,98884.0,31917.0,5.956011831459252,16.21392988062788,5.366894543101007,16.6275025848294,24.108140458296408
1100056,Cerejeiras - RO,928.0,372070.0,1000,684705.0,15890.0,16957.0,5873.0,5.840151038388924,15.801123786821046,5.897269564191779,17.027073046143368,23.41535556954059
1100064,Colorado do Oeste - RO,401.0,162314.0,358,232228.0,15663.0,16432.0,5991.0,2.56017365766456,6.693373393423468,2.1786757546251216,5.975630111834418,10.362893443146268
1100072,Corumbiara - RO,394.0,158495.0,243,167066.0,7519.0,7938.0,2840.0,5.240058518420002,13.873239436619718,3.061224489795918,8.556338028169014,21.079265859821785
1100080,Costa Marques - RO,1905.0,769967.0,1745,1220368.0,12627.0,13499.0,4161.0,15.08671893561416,45.78226387887527,12.926883472849841,41.937034366738764,60.97782529500277
1100098,Espigão D'Oeste - RO,1848.0,747864.0,996,641677.0,29414.0,32960.0,10470.0,6.282722513089006,17.650429799426934,3.0218446601941746,9.512893982808023,25.425443666281364
1100106,Guajará-Mirim - RO,4308.0,1777715.0,5067,3825947.0,39387.0,43633.0,11803.0,10.937619011348922,36.499195119884774,11.612770151032475,42.92976361941879,45.13456216518141
1100114,Jaru - RO,2671.0,1071587.0,2769,1724895.0,50591.0,55774.0,18947.0,5.279595184914313,14.097218557027498,4.964678882633486,14.614450836544044,21.181376134094997
1100122,Ji-Paraná - RO,4638.0,1872850.0,7306,5004419.0,124333.0,140800.0,45016.0,3.730304906983665,10.303003376577218,5.188920454545454,16.229784965345655,15.06317711307537
1100130,Machadinho D'Oeste - RO,2367.0,953930.0,2080,1381200.0,30707.0,34229.0,10841.0,7.708340117888429,21.83377917166313,6.076718571971136,19.186421916797343,31.065555085159737
1100148,Nova Brasilândia D'Oeste - RO,1800.0,722361.0,1244,819342.0,15679.0,16251.0,5798.0,11.480324000255118,31.04518799586064,7.654913543781921,21.455674370472575,46.07187958415715
1100155,Ouro Preto do Oeste - RO,1990.0,801857.0,2196,1454393.0,35044.0,38686.0,13323.0,5.678575505079329,14.936575846280867,5.6764721087732,16.482774149966225,22.88143476772058
1100189,Pimenta Bueno - RO,1251.0,505336.0,1084,723874.0,35079.0,39377.0,12351.0,3.56623620969811,10.128734515423853,2.752876044391396,8.776617277953202,14.405655805467658
1100205,Porto Velho - RO,45062.0,18152014.0,48350,32826176.0,460434.0,520379.0,151905.0,9.78685327321614,29.664593002205326,9.291304991169897,31.829103716138377,39.423704591754735
1100254,Presidente Médici - RO,2285.0,920355.0,1289,806971.0,19327.0,20372.0,7230.0,11.822838516065607,31.604426002766253,6.327311996858433,17.828492392807746,47.62016867594557
1100262,Rio Crespo - RO,201.0,81204.0,169,114201.0,3471.0,3781.0,1250.0,5.790838375108038,16.08,4.469717006083047,13.52,23.394987035436472
1100288,Rolim de Moura - RO,1725.0,692396.0,1875,1230927.0,56406.0,63336.0,20991.0,3.0581852994362304,8.217807631842218,2.960401667298219,8.932399599828498,12.275218948338829
1100296,Santa Luzia D'Oeste - RO,546.0,219349.0,445,276638.0,7419.0,7798.0,2758.0,7.359482410028305,19.79695431472081,5.706591433700949,16.13488034807832,29.56584445343038
1100304,Vilhena - RO,3300.0,1327952.0,4371,2908746.0,95832.0,110708.0,34975.0,3.443526170798898,9.43531093638313,3.9482241572424757,12.497498213009292,13.857083228984056
1100320,São Miguel do Guaporé - RO,1084.0,435024.0,1002,677252.0,21635.0,22343.0,7884.0,5.010399815114398,13.749365804160325,4.48462605737815,12.709284627092845,20.107418534781605
1100338,Nova Mamoré - RO,2093.0,846888.0,2380,1725684.0,25444.0,28894.0,8447.0,8.225907876120107,24.778027702142772,8.237004222329896,28.1756836746774,33.284389246973745
1100346,Alvorada D'Oeste - RO,1273.0,509893.0,1168,775014.0,13117.0,13611.0,4814.0,9.704963025081955,26.443705857914416,8.581294541179927,24.26256751142501,38.87268430281314
1100379,Alto Alegre dos Parecis - RO,722.0,290729.0,326,222994.0,11479.0,12213.0,4036.0,6.289746493597003,17.888999008919722,2.669286825513797,8.077304261645192,25.32703197142608
1100403,Alto Paraíso - RO,1276.0,514854.0,1252,858513.0,16320.0,17471.0,5762.0,7.818627450980392,22.145088510933704,7.166161066910881,21.728566469975704,31.547426470588235
1100452,Buritis - RO,2068.0,831825.0,1687,1141191.0,27992.0,30573.0,9905.0,7.387825092883681,20.87834427057042,5.517940666601249,17.031802120141343,29.716526150328665
1100502,Novo Horizonte do Oeste - RO,577.0,230910.0,398,260415.0,7667.0,7894.0,2798.0,7.525759749576105,20.621872766261614,5.041803901697492,14.224446032880628,30.117386200599974
1100601,Cacaulândia - RO,320.0,128979.0,238,153926.0,4150.0,4242.0,1483.0,7.710843373493976,21.57788267026298,5.6105610561056105,16.04855023600809,31.079277108433736
1100700,Campo Novo de Rondônia - RO,588.0,236632.0,451,299154.0,8844.0,8972.0,3066.0,6.648575305291724,19.17808219178082,5.026749888542131,14.709719504240052,26.756218905472636
1100809,Candeias do Jamari - RO,3301.0,1328806.0,3631,2492752.0,22310.0,24454.0,7431.0,14.796055580457194,44.42201587942404,14.848286578882801,48.862871753465214,59.56100403406544
1100908,Castanheiras - RO,228.0,91734.0,203,140483.0,3233.0,3445.0,1198.0,7.052273430250541,19.031719532554256,5.8925979680696665,16.9449081803005,28.374265388184348
1100924,Chupinguaia - RO,577.0,235007.0,823,581976.0,9324.0,10250.0,3206.0,6.188331188331189,17.997504678727385,8.029268292682927,25.67061759201497,25.204525954525955
1100940,Cujubim - RO,1248.0,502268.0,1254,894551.0,14863.0,15872.0,5203.0,8.396689766534347,23.986161829713627,7.90070564516129,24.101479915433405,33.79317768956469
1101005,Governador Jorge Teixeira - RO,910.0,365311.0,716,459712.0,8001.0,8264.0,2890.0,11.373578302712161,31.4878892733564,8.66408518877057,24.775086505190313,45.65816772903387
1101104,Itapuã do Oeste - RO,729.0,300765.0,773,538877.0,8548.0,9247.0,2910.0,8.528310715956948,25.051546391752577,8.359467935546665,26.563573883161514,35.18542349087506
1101203,Ministro Andreazza - RO,524.0,211698.0,629,429256.0,6466.0,6389.0,2383.0,8.103928240024745,21.98908938313051,9.845046173110033,26.39530004196391,32.740179399938135
1101302,Mirante da Serra - RO,626.0,251772.0,599,376880.0,9235.0,9579.0,3508.0,6.778559826746075,17.844925883694412,6.253262344712391,17.07525655644242,27.26280454791554
1101401,Monte Negro - RO,1160.0,466119.0,1201,810386.0,11548.0,12100.0,4223.0,10.045029442327676,27.468624200805113,9.925619834710744,28.43949798721288,40.36361274679598
1101435,Nova União - RO,541.0,217195.0,632,432650.0,6200.0,6506.0,2230.0,8.725806451612904,24.260089686098656,9.714110052259453,28.340807174887892,35.031451612903226
1101450,Parecis - RO,360.0,144853.0,293,190232.0,4125.0,4356.0,1482.0,8.727272727272727,24.291497975708502,6.726354453627181,19.770580296896085,35.115878787878785
1101468,Pimenteiras do Oeste - RO,228.0,92369.0,241,175802.0,2156.0,2308.0,740.0,10.575139146567718,30.81081081081081,10.441941074523397,32.567567567567565,42.84276437847866
1101476,Primavera de Rondônia - RO,285.0,114621.0,253,167294.0,3076.0,3259.0,1133.0,9.265279583875163,25.154457193292146,7.763117520711875,22.33009708737864,37.26300390117035
1101484,São Felipe D'Oeste - RO,163.0,65458.0,178,111985.0,5258.0,5571.0,1962.0,3.100038037276531,8.307849133537207,3.195117573146652,9.072375127421,12.449220235831115
1101492,São Francisco do Guaporé - RO,1290.0,518557.0,1138,733745.0,16286.0,17601.0,5799.0,7.92091366818126,22.24521469218831,6.46554173058349,19.624073116054493,31.84066069016333
1101500,Seringueiras - RO,724.0,290362.0,744,521750.0,11171.0,12973.0,3951.0,6.481067048608002,18.32447481650215,5.734988052108225,18.83067577828398,25.992480529943602
1101559,Teixeirópolis - RO,368.0,148781.0,338,223711.0,4256.0,4507.0,1582.0,8.646616541353383,23.261694058154234,7.499445307299756,21.3653603034134,34.95794172932331
1101609,Theobroma - RO,550.0,220357.0,375,255849.0,8113.0,8383.0,3007.0,6.779243189942068,18.290655138011306,4.473338900155076,12.470901230462255,27.160976211019353
1101708,Urupá - RO,990.0,398919.0,875,596360.0,10725.0,11254.0,3950.0,9.23076923076923,25.063291139240505,7.7750133285942775,22.151898734177216,37.19524475524476
1101757,Vale do Anari - RO,914.0,367407.0,915,626563.0,7788.0,8178.0,2800.0,11.736004108885465,32.642857142857146,11.188554658840792,32.67857142857143,47.17604006163328
1101807,Vale do Paraíso - RO,631.0,254593.0,442,304053.0,6479.0,6740.0,2446.0,9.739157277357616,25.79721995094031,6.55786350148368,18.070318887980378,39.295107269640376
1200013,Acrelândia - AC,2306.0,936594.0,2039,1425360.0,14021.0,14762.0,4461.0,16.446758433777905,51.692445639991035,13.812491532312695,45.70724052902936,66.7993723700164
1200054,Assis Brasil - AC,1703.0,783029.0,1694,1400005.0,8100.0,8716.0,2426.0,21.02469135802469,70.19785655399835,19.435520881138135,69.82687551525144,96.67024691358024
1200104,Brasiléia - AC,4723.0,1938020.0,4379,3122327.0,26000.0,28198.0,8665.0,18.165384615384614,54.5066358915176,15.52947017518973,50.53664166185805,74.53923076923077
1200138,Bujari - AC,1690.0,688890.0,1923,1368655.0,12917.0,14076.0,4193.0,13.083533328172177,40.305270689243976,13.6615515771526,45.86215120438827,53.33204304405048
1200179,Capixaba - AC,1990.0,814515.0,1808,1301427.0,10392.0,11035.0,3468.0,19.149345650500386,57.38177623990773,16.38423198912551,52.133794694348325,78.3790415704388
1200203,Cruzeiro do Sul - AC,13071.0,5874952.0,14291,10329662.0,91888.0,99404.0,26737.0,14.22492599686575,48.88730972061189,14.376685042855419,53.45027489995138,63.936009054501135
1200252,Epitaciolândia - AC,2628.0,1072370.0,2378,1656091.0,18757.0,19997.0,6477.0,14.010769312789892,40.57433997220936,11.891783767565135,36.71452833101745,57.17172255691209
1200302,Feijó - AC,5473.0,2445877.0,5847,4568866.0,35426.0,37874.0,9366.0,15.449105176988652,58.434764040145204,15.43803136716481,62.427930813581035,69.04186190933213
1200328,Jordão - AC,1671.0,823502.0,1713,1497447.0,9222.0,9972.0,2003.0,18.11971372804164,83.4248627059411,17.178098676293622,85.5217174238642,89.29754933853827
1200336,Mâncio Lima - AC,4181.0,1871386.0,4341,3191877.0,19294.0,20616.0,5678.0,21.66994920700736,73.63508277562522,21.056461001164145,76.4529764001409,96.99315849486887
1200344,Manoel Urbano - AC,2442.0,1102678.0,2519,1908016.0,11996.0,13057.0,3242.0,20.3567855951984,75.32387415175818,19.29233361415333,77.69895126465146,91.92047349116372
1200351,Marechal Thaumaturgo - AC,4055.0,1832259.0,3567,2767954.0,17093.0,18154.0,4321.0,23.72316152811092,93.84401758852117,19.64856230031949,82.5503355704698,107.19352951500615
1200385,Plácido de Castro - AC,2255.0,927116.0,2051,1408694.0,16560.0,17088.0,5552.0,13.617149758454106,40.61599423631124,12.002574906367041,36.94164265129683,55.98526570048309
1200393,Porto Walter - AC,1832.0,840522.0,2135,1741577.0,10735.0,11386.0,2611.0,17.065673032137866,70.16468785905784,18.75109783945196,81.76943699731903,78.29734513274336
1200401,Rio Branco - AC,41953.0,17284790.0,41654,28571081.0,364756.0,390058.0,123861.0,11.501661384596826,33.871032851341425,10.678924672740976,33.629633217881334,47.387267104584986
1200427,Rodrigues Alves - AC,3191.0,1449408.0,3010,2225588.0,14938.0,15580.0,4197.0,21.36162806265899,76.03049797474387,19.319640564826702,71.71789373361925,97.02825010041505
1200435,Santa Rosa do Purus - AC,1277.0,640936.0,1101,970014.0,6723.0,7285.0,1344.0,18.994496504536666,95.01488095238095,15.11324639670556,81.91964285714286,95.33482076453964
1200450,Senador Guiomard - AC,4591.0,1909774.0,3155,2214298.0,21454.0,22447.0,6961.0,21.399272862869395,65.95316764832639,14.05533033367488,45.32394770866255,89.01715297846556
1200500,Sena Madureira - AC,9267.0,3997383.0,8869,6332334.0,41343.0,44170.0,12627.0,22.414919091502792,73.39035400332621,20.079239302694138,70.2383780787202,96.68826645381323
1200609,Tarauacá - AC,9247.0,4303394.0,8787,6906461.0,43467.0,47090.0,11273.0,21.273609864955024,82.02785416481859,18.660012741558717,77.94730772642598,99.00370395932546
1200708,Xapuri - AC,2584.0,1057104.0,2748,1949599.0,18243.0,19244.0,6090.0,14.164337005974895,42.43021346469622,14.279775514446062,45.12315270935961,57.94573260976813
1200807,Porto Acre - AC,4346.0,1788287.0,3971,2816725.0,16693.0,17585.0,5448.0,26.03486491343677,79.77239353891336,22.581745806084733,72.88913362701909,107.12795782663392
1300029,Alvarães - AM,2961.0,1236266.0,3199,2428876.0,15866.0,16938.0,3398.0,18.662548846590195,87.13949381989406,18.886527334986422,94.14361389052384,77.91919828564225
1300060,Amaturá - AM,1787.0,735590.0,2634,1987136.0,10819.0,11633.0,2156.0,16.517238192069506,82.88497217068645,22.64248259262443,122.17068645640074,67.99057214160274
1300086,Anamã - AM,2153.0,997547.0,2254,1724134.0,9962.0,9981.0,2316.0,21.612126079100584,92.96200345423144,22.582907524296164,97.32297063903282,100.13521381248745
1300102,Anori - AM,3523.0,1483496.0,3893,2735759.0,17194.0,18135.0,4147.0,20.489705711294636,84.95297805642633,21.46677695064792,93.87509042681457,86.27986506921019
1300144,Apuí - AM,2216.0,904228.0,2061,1449627.0,20647.0,21971.0,5789.0,10.732794110524532,38.27949559509415,9.38054708479359,35.60200380031093,43.79464328958202
1300201,Atalaia do Norte - AM,2366.0,1156173.0,1954,1617345.0,15314.0,15920.0,3390.0,15.449915110356537,69.79351032448378,12.273869346733669,57.640117994100294,75.4977798093248
1300300,Autazes - AM,15130.0,6322282.0,15671,10921755.0,41564.0,46641.0,11007.0,36.4016937734578,137.45798128463704,33.599193842327566,142.37303534114653,152.10956597055144
1300409,Barcelos - AM,2920.0,1211558.0,3336,2492949.0,18834.0,17805.0,4253.0,15.503875968992247,68.65741829296967,18.7363100252738,78.43874911826946,64.3282361686312
1300508,Barreirinha - AM,6174.0,2757188.0,5678,4553151.0,31051.0,34025.0,6895.0,19.8834176032978,89.54314720812182,16.687729610580455,82.3495286439449,88.79546552445976
1300607,Benjamin Constant - AM,5883.0,2664696.0,7566,6068287.0,37648.0,41261.0,7742.0,15.626328091797705,75.98811676569362,18.336928334262378,97.72668561095324,70.77921801954952
1300631,Beruri - AM,5545.0,2516018.0,5039,4030181.0,20718.0,22842.0,4556.0,26.76416642533063,121.70763827919227,22.06023990893967,110.60140474100088,121.4411622743508
1300680,Boa Vista do Ramos - AM,3061.0,1324695.0,3795,2781235.0,23785.0,27052.0,4594.0,12.869455539205381,66.63038746190684,14.028537631228744,82.6077492381367,55.694555392053815
1300706,Boca do Acre - AM,5613.0,2328297.0,6086,4332270.0,35447.0,39176.0,10162.0,15.834908454876294,55.23518992324345,15.535021441699,59.88978547530014,65.68389426467684
1300805,Borba - AM,6392.0,2821406.0,6652,5020656.0,33080.0,34836.0,7986.0,19.32285368802902,80.04007012271475,19.095188885061432,83.29576759328826,85.2903869407497
1300839,Caapiranga - AM,2227.0,926720.0,2541,1835291.0,13469.0,14980.0,2967.0,16.534263865171877,75.05898213683855,16.962616822429908,85.64206268958544,68.80392011285173
1300904,Canutama - AM,3060.0,1351540.0,3259,2237618.0,16869.0,18327.0,4552.0,18.139783033967632,67.22319859402461,17.782506684127245,71.59490333919156,80.11974628015886
1301001,Carauari - AM,6561.0,2921392.0,5829,4385778.0,28742.0,31383.0,7241.0,22.827221487718322,90.60903190167105,18.573750119491443,80.49993094876399,101.64191775102637
1301100,Careiro - AM,5741.0,2375066.0,5539,4001386.0,30792.0,32289.0,9067.0,18.64445310470252,63.3175250909893,17.154448883520704,61.08966582110952,77.13256690049363
1301159,Careiro da Várzea - AM,4007.0,1763146.0,4125,2951983.0,19637.0,20081.0,5780.0,20.40535723379335,69.32525951557093,20.54180568696778,71.36678200692042,89.78693283088047
1301209,Coari - AM,12936.0,5374240.0,14917,10950270.0,70616.0,73403.0,17564.0,18.3187946074544,73.650649054885,20.32205768156615,84.92940104759735,76.10513198142064
1301308,Codajás - AM,4170.0,1728652.0,3879,2953077.0,23549.0,24627.0,5571.0,17.707758291222557,74.85191168551427,15.751004994518212,69.62843295638126,73.40659900632723
1301407,Eirunepé - AM,6155.0,2740431.0,6262,4749246.0,33170.0,36027.0,8130.0,18.555924027735905,75.70725707257073,17.38140838815333,77.02337023370234,82.6177570093458
1301506,Envira - AM,3762.0,1726568.0,3998,2860974.0,17186.0,18062.0,4185.0,21.88991039217968,89.89247311827957,22.134868785295094,95.53166069295102,100.46363318980566
1301605,Fonte Boa - AM,5306.0,2214124.0,6916,5107835.0,25871.0,28491.0,5345.0,20.509450736345716,99.27034611786716,24.274332245270436,129.39195509822264,85.58323992114723
1301654,Guajará - AM,3132.0,1478653.0,2869,2191380.0,13815.0,14356.0,3611.0,22.67100977198697,86.73497646081418,19.98467539704653,79.45167543616726,107.03242851972493
1301704,Humaitá - AM,10048.0,4206465.0,11615,8144178.0,57473.0,64390.0,14416.0,17.482992013641187,69.70033296337402,18.03851529740643,80.57019977802442,73.19028065352427
1301803,Ipixuna - AM,4308.0,1918593.0,4783,3551066.0,24311.0,25792.0,4806.0,17.720373493480317,89.63795255930087,18.544509925558312,99.52143154390346,78.91871992102341
1301852,Iranduba - AM,15154.0,6142903.0,13341,9377823.0,61163.0,70248.0,17757.0,24.77641711492242,85.34099228473278,18.991288008199522,75.13093427943909,100.43495250396481
1301902,Itacoatiara - AM,14457.0,6166717.0,14839,10781892.0,103598.0,115218.0,27664.0,13.95490260429738,52.259253903990746,12.8790640351334,53.64010989010989,59.52544450665071
1301951,Itamarati - AM,1992.0,915719.0,1999,1647989.0,10937.0,12150.0,2333.0,18.213404041327603,85.3836262323189,16.45267489711934,85.68366909558509,83.72670750662887
1302009,Itapiranga - AM,2371.0,977608.0,1965,1409080.0,10162.0,11090.0,2599.0,23.332021255658336,91.22739515198153,17.718665464382326,75.60600230858023,96.20232237748475
1302108,Japurá - AM,1235.0,572784.0,1453,1146722.0,8858.0,9527.0,1735.0,13.942199142018515,71.18155619596541,15.25139078408733,83.74639769452449,64.66290358997516
1302207,Juruá - AM,2086.0,938066.0,2474,1808232.0,10742.0,11106.0,2529.0,19.419102587972446,82.48319493871095,22.27624707365388,97.8252273625939,87.32694097933346
1302306,Jutaí - AM,4266.0,2010593.0,4486,3696254.0,25172.0,28712.0,4845.0,16.947401875099317,88.04953560371517,15.624129283923098,92.59029927760578,79.874185603051
1302405,Lábrea - AM,12714.0,5475023.0,12332,8719349.0,45448.0,50040.0,11269.0,27.97482837528604,112.82278817996273,24.644284572342126,109.43295767148815,120.46785337088541
1302504,Manacapuru - AM,20204.0,8505739.0,19978,14492487.0,101883.0,113042.0,26883.0,19.830589990479275,75.15530260759589,17.67307726331806,74.3146226239631,83.48536065879489
1302553,Manaquiri - AM,3986.0,1669792.0,3784,2726169.0,17107.0,15902.0,4956.0,23.30040334366049,80.42776432606941,23.79574896239467,76.35189669087974,97.60869819372186
1302603,Manaus - AM,221399.0,89161139.0,241060,168265677.0,2063689.0,2327101.0,630062.0,10.728312260229133,35.139240265243735,10.358811241970159,38.25972682053512,43.20473627566945
1302702,Manicoré - AM,7030.0,2897687.0,7922,5904837.0,53914.0,58557.0,12170.0,13.039284786882813,57.764995891536564,13.528698533053264,65.09449465899753,53.746466594947506
1302801,Maraã - AM,3446.0,1633670.0,2855,2323388.0,15529.0,15716.0,3021.0,22.190739905982355,114.06818934127772,18.166200050903537,94.50513075140682,105.2012363964196
1302900,Maués - AM,14095.0,6105989.0,13478,10282760.0,61204.0,67021.0,13271.0,23.02954055290504,106.20902720217015,20.11011474015607,101.55979202772964,99.76454153323313
1303007,Nhamundá - AM,4446.0,1941937.0,4175,3077330.0,20136.0,21394.0,4570.0,22.079856972586413,97.28665207877462,19.514817238478077,91.3566739606127,96.4410508541915
1303106,Nova Olinda do Norte - AM,7149.0,3028096.0,5776,4270445.0,27062.0,27965.0,6480.0,26.41711625157047,110.32407407407408,20.654389415340603,89.1358024691358,111.89476018032666
1303205,Novo Airão - AM,2508.0,1050244.0,2265,1682596.0,15761.0,16648.0,4165.0,15.912695894930525,60.21608643457383,13.605237866410379,54.38175270108043,66.63561956728634
1303304,Novo Aripuanã - AM,3582.0,1573467.0,3884,2892807.0,23818.0,25506.0,4785.0,15.039046099588546,74.858934169279,15.227789539716145,81.17032392894461,66.06209589386178
1303403,Parintins - AM,20549.0,8552485.0,20494,15022764.0,96372.0,101754.0,23900.0,21.322583322956877,85.97907949790795,20.140731568292157,85.7489539748954,88.74450047731706
1303502,Pauini - AM,3453.0,1586672.0,3225,2492245.0,19373.0,20330.0,3960.0,17.823775357456253,87.1969696969697,15.863256271519921,81.43939393939394,81.90120270479534
1303536,Presidente Figueiredo - AM,5332.0,2187750.0,5069,3646207.0,30668.0,33580.0,9389.0,17.386200599973915,56.789860475023964,15.095294818344252,53.98871019277878,71.33657232294249
1303569,Rio Preto da Eva - AM,3941.0,1604450.0,3164,2285895.0,24936.0,25342.0,7806.0,15.80445941610523,50.48680502177812,12.485202430747377,40.53292339226236,64.34271735643247
1303601,Santa Isabel do Rio Negro - AM,2426.0,1069912.0,2401,1858481.0,14164.0,13724.0,2740.0,17.127929963287208,88.54014598540147,17.494899446225592,87.62773722627738,75.53741880824626
1303700,Santo Antônio do Içá - AM,3921.0,1772869.0,4003,3527523.0,28211.0,30987.0,5253.0,13.89883378823863,74.64306110793832,12.918320586052216,76.20407386255474,62.84318173762008
1303809,São Gabriel da Cachoeira - AM,6670.0,3075217.0,8381,7093156.0,51795.0,58359.0,10603.0,12.877690896804712,62.906724511930584,14.361109683167978,79.04366688673016,59.37285452263732
1303908,São Paulo de Olivença - AM,6158.0,2734643.0,7289,6120360.0,32967.0,35619.0,6010.0,18.679285345952014,102.46256239600666,20.463797411493864,121.28119800332779,82.95092061758729
1303957,São Sebastião do Uatumã - AM,2023.0,848852.0,2370,1715946.0,11670.0,12415.0,2665.0,17.3350471293916,75.90994371482176,19.089810712847363,88.93058161350844,72.73796058269066
1304005,Silves - AM,2397.0,1041536.0,2132,1591997.0,11559.0,12827.0,2825.0,20.737087983389568,84.84955752212389,16.62118967802292,75.46902654867256,90.10606453845489
1304062,Tabatinga - AM,8664.0,3531887.0,10704,8435723.0,66764.0,74384.0,13839.0,12.977053501887244,62.60567960112725,14.390191439019144,77.34662909169738,52.901069438619615
1304104,Tapauá - AM,3054.0,1272010.0,4097,2936755.0,19599.0,20849.0,4792.0,15.582427674881371,63.73121869782972,19.650822581418772,85.4966611018364,64.9017807030971
1304203,Tefé - AM,11595.0,4939435.0,12864,9543385.0,73669.0,81046.0,17460.0,15.739320474012136,66.40893470790378,15.872467487599636,73.67697594501718,67.04903012121788
1304237,Tonantins - AM,3763.0,1636105.0,3781,2942388.0,19247.0,20417.0,3380.0,19.551098872551567,111.33136094674556,18.51888132438654,111.86390532544378,85.00571517639112
1304260,Uarini - AM,2881.0,1297939.0,3602,2733436.0,14431.0,15815.0,3057.0,19.963966461090706,94.24272162250573,22.775845716092316,117.82793588485443,89.9410297276696
1304302,Urucará - AM,4070.0,1709834.0,3559,2534891.0,18631.0,19738.0,4279.0,21.845311577478395,95.11568123393316,18.031208835748302,83.17363870063099,91.77360313456067
1304401,Urucurituba - AM,5120.0,2230252.0,4593,3339687.0,23945.0,26373.0,5202.0,21.382334516600544,98.42368319876971,17.415538619042202,88.29296424452134,93.14061390686992
1400027,Amajari - RR,1920.0,845668.0,1909,1450313.0,13927.0,16647.0,2996.0,13.786170747468946,64.08544726301736,11.467531687391121,63.71829105473965,60.72147626911754
1400050,Alto Alegre - RR,2354.0,962284.0,2629,1982154.0,21096.0,24135.0,5060.0,11.158513462267729,46.52173913043478,10.892894137145225,51.95652173913044,45.61452408039439
1400100,Boa Vista - RR,22412.0,9117272.0,35067,24841889.0,413486.0,500965.0,119011.0,5.420256066710844,18.83187268403761,6.99989021189105,29.465343539672805,22.049771939074116
1400159,Bonfim - RR,3523.0,1536995.0,3718,2868466.0,13923.0,15922.0,3498.0,25.30345471521942,100.71469411092053,23.35133777163673,106.28930817610063,110.39251598075127
1400175,Cantá - RR,4423.0,1897908.0,4007,3002705.0,18682.0,21659.0,5429.0,23.675195375227492,81.46988395652974,18.500392446558013,73.80733100018419,101.5901937694037
1400209,Caracaraí - RR,3793.0,1598543.0,3770,2782301.0,20957.0,23061.0,6087.0,18.098964546452258,62.31312633481189,16.347946749924116,61.93527189091507,76.27728205372907
1400233,Caroebe - RR,1887.0,780110.0,2104,1531539.0,10656.0,12303.0,3130.0,17.708333333333332,60.287539936102235,17.101519954482647,67.22044728434504,73.20852102102103
1400282,Iracema - RR,1490.0,615272.0,1288,908318.0,10023.0,11098.0,2925.0,14.865808640127707,50.94017094017094,11.605694719769328,44.034188034188034,61.38601217200439
1400308,Mucajaí - RR,5031.0,2067208.0,4182,2979917.0,18095.0,20398.0,5339.0,27.803260569218015,94.23112942498595,20.502010000980487,78.32927514515826,114.2419452887538
1400407,Normandia - RR,2639.0,1313724.0,2702,2406231.0,13986.0,16908.0,2719.0,18.86886886886887,97.05774181684443,15.98060089898273,99.37477013607945,93.93135993135994
1400456,Pacaraima - RR,2207.0,965355.0,4318,3253331.0,19305.0,24132.0,3958.0,11.432271432271433,55.760485093481556,17.89325377092657,109.0955027791814,50.00543900543901
1400472,Rorainópolis - RR,3860.0,1600732.0,4087,2915785.0,32647.0,38840.0,10064.0,11.823444726927436,38.35453100158983,10.522657054582904,40.61009538950715,49.031518975709865
1400506,São João da Baliza - RR,1199.0,488628.0,1321,950031.0,8858.0,10215.0,2603.0,13.535786859336193,46.062235881674994,12.931962799804209,50.749135612754515,55.16233912847144
1400605,São Luiz do Anauá - RR,1605.0,657110.0,1430,991254.0,7315.0,7920.0,2260.0,21.941216678058783,71.01769911504425,18.055555555555557,63.27433628318584,89.83048530416951
1400704,Uiramutã - RR,1969.0,1074524.0,2207,2236673.0,13751.0,16809.0,2339.0,14.318958621191186,84.18127404873877,13.129870902492712,94.3565626336041,78.14151698058323
1500107,Abaetetuba - PA,43739.0,18125683.0,37733,25645958.0,158188.0,173638.0,43033.0,27.650011378865653,101.6406013989264,21.730842327140373,87.68387051797458,114.58317318633524
1500131,Abel Figueiredo - PA,1672.0,693596.0,1349,947013.0,6136.0,6250.0,2000.0,27.2490221642764,83.6,21.584,67.45,113.03715775749674
1500206,Acará - PA,12333.0,5134150.0,13145,9318160.0,59023.0,63503.0,17057.0,20.89524422682683,72.30462566688163,20.69980945782089,77.06513454886557,86.98558189180488
1500305,Afuá - PA,7295.0,3079915.0,8336,6753066.0,37765.0,40692.0,9038.0,19.31682775056269,80.71475990263333,20.485599134965103,92.23279486612083,81.55474645836091
1500347,Água Azul do Norte - PA,3310.0,1349768.0,2263,1554667.0,18080.0,17246.0,5618.0,18.307522123893804,58.91776432894268,13.12188333526615,40.2812388750445,74.65530973451328
1500404,Alenquer - PA,13346.0,5435117.0,12141,8976889.0,69377.0,76889.0,17906.0,19.236922899520014,74.53367586283927,15.790295100729622,67.80408801519044,78.34177032734192
1500503,Almeirim - PA,6811.0,3022085.0,6141,4504013.0,34280.0,36545.0,9116.0,19.86872812135356,74.71478718736287,16.80394034751676,67.36507240017552,88.15883897316219
1500602,Altamira - PA,14609.0,6037648.0,13467,9640658.0,126279.0,140450.0,41217.0,11.568827754416807,35.44411286605042,9.588465646137415,32.673411456437876,47.81197190348356
1500701,Anajás - PA,7910.0,3566266.0,6229,5120719.0,28011.0,30482.0,6369.0,28.23890614401485,124.19532108651279,20.435010826061283,97.80185272413252,127.31662561136696
1500800,Ananindeua - PA,40413.0,16246381.0,48388,31700635.0,478778.0,510563.0,154891.0,8.440864033017391,26.091251267020034,9.477380852118152,31.24003331374967,33.933014883724816
1500859,Anapu - PA,8273.0,3440661.0,5874,4194968.0,31850.0,36304.0,9335.0,25.974882260596548,88.62346009641135,16.18003525782283,62.92447777182646,108.02703296703297
1500909,Augusto Corrêa - PA,11585.0,4833380.0,10560,7394364.0,44573.0,48216.0,12365.0,25.991070827631077,93.69187221997574,21.90144350423096,85.40234532955924,108.4373948354385
1500958,Aurora do Pará - PA,6161.0,2522501.0,5733,4022538.0,23774.0,24070.0,6652.0,25.914864978547993,92.61876127480457,23.818030743664313,86.18460613349369,106.10334819550769
1501006,Aveiro - PA,2347.0,1013365.0,2700,2053807.0,18290.0,19531.0,4647.0,12.832148715144887,50.50570260383043,13.824176949464952,58.10200129115558,55.40541279387644
1501105,Bagre - PA,3359.0,1692803.0,6429,5032996.0,31892.0,35640.0,5748.0,10.532421923993478,58.437717466945024,18.03872053872054,111.84759916492693,53.079236172080776
1501204,Baião - PA,6702.0,3631853.0,8473,5952671.0,51641.0,57717.0,12116.0,12.978060068550183,55.315285572796306,14.680250186253616,69.93232089798613,70.32886659824558
1501253,Bannach - PA,476.0,194638.0,600,407299.0,4031.0,4327.0,1323.0,11.80848424708509,35.97883597883598,13.866420152530623,45.35147392290249,48.28528901017118
1501303,Barcarena - PA,15686.0,6693793.0,17896,12400998.0,126650.0,140756.0,37980.0,12.385313857086459,41.30068457082675,12.714200460371138,47.119536598209585,52.85268851164627
1501402,Belém - PA,187295.0,75679672.0,139696,91965342.0,1303403.0,1396157.0,422975.0,14.369692259416313,44.28039482238903,10.005751502159141,33.02701105266269,58.06314087047521
1501451,Belterra - PA,2495.0,1012225.0,2681,1972168.0,18099.0,19191.0,5350.0,13.785292005083154,46.63551401869159,13.970090146422802,50.11214953271028,55.92712304547212
1501501,Benevides - PA,13302.0,5429889.0,11172,7492252.0,63567.0,69703.0,20497.0,20.925952144980887,64.8973020442016,16.028004533520797,54.505537395716445,85.41993487186748
1501576,Bom Jesus do Tocantins - PA,2398.0,980950.0,2246,1607111.0,18005.0,19294.0,5108.0,13.318522632602056,46.94596711041503,11.640924639784389,43.97024275646046,54.48208830880311
1501600,Bonito - PA,3536.0,1421885.0,2952,1965031.0,12622.0,12925.0,4214.0,28.01457772143876,83.9107736117703,22.8394584139265,70.05220692928334,112.65132308667405
1501709,Bragança - PA,21260.0,8652739.0,23825,16472688.0,123082.0,133268.0,37060.0,17.273037487203652,57.36643281165677,17.877509979890146,64.28764166216945,70.3006044750654
1501725,Brasil Novo - PA,3989.0,1624729.0,2799,1917234.0,24718.0,27635.0,7195.0,16.1380370580144,55.4412786657401,10.128460285869368,38.90201528839472,65.73060118132535
1501758,Brejo Grande do Araguaia - PA,1321.0,577015.0,1471,1034863.0,6783.0,6947.0,2130.0,19.47515848444641,62.01877934272301,21.17460774435008,69.06103286384976,85.06781660032433
1501782,Breu Branco - PA,7840.0,3386226.0,8715,6141646.0,45712.0,46792.0,13532.0,17.150857542877144,57.93674253621047,18.624978628825442,64.4028968371268,74.077397619881
1501808,Breves - PA,22485.0,9569119.0,23642,18219650.0,106968.0,117028.0,24356.0,21.020305137985194,92.31811463294466,20.202002939467476,97.06848415174906,89.45777241791937
1501907,Bujaru - PA,7155.0,3033866.0,6051,4267502.0,24383.0,25019.0,7099.0,29.344215231923883,100.78884349908438,24.185618929613494,85.23735737427806,124.42546036172743
1501956,Cachoeira do Piriá - PA,4781.0,2006988.0,4061,2861759.0,19630.0,18881.0,5620.0,24.3555781966378,85.0711743772242,21.508394682485036,72.25978647686833,102.2408558329088
1502004,Cachoeira do Arari - PA,4941.0,2994793.0,5368,3760524.0,23981.0,25683.0,6550.0,20.6038113506526,75.43511450381679,20.900985087411907,81.95419847328245,124.88190650931988
1502103,Cametá - PA,26684.0,11481106.0,34430,24098080.0,134184.0,145843.0,33318.0,19.88612651284803,80.08884086679873,23.60757801197178,103.33753526622246,85.56240684433315
1502152,Canaã dos Carajás - PA,6332.0,2602264.0,9700,6791322.0,77079.0,92311.0,24376.0,8.214948299796314,25.976370200196914,10.50795679821473,39.79323925172301,33.76099845612943
1502202,Capanema - PA,10571.0,4272414.0,11515,7725293.0,70394.0,75791.0,23060.0,15.016904849845158,45.841283607979186,15.19309680568933,49.93495229835212,60.69287155155269
1502301,Capitão Poço - PA,10385.0,4171402.0,12756,8606251.0,56506.0,60663.0,18213.0,18.378579265918663,57.01971119530006,21.027644527965975,70.03788502717839,73.8222843591831
1502400,Castanhal - PA,21022.0,8463888.0,21673,14329978.0,192256.0,210592.0,63783.0,10.934379161118509,32.95862533904018,10.291464063212278,33.9792734741232,44.024051264980024
1502509,Chaves - PA,3826.0,2081504.0,4468,3442556.0,20757.0,21514.0,4748.0,18.432336079394904,80.58129738837405,20.7678720832946,94.10278011794439,100.27961651491063
1502608,Colares - PA,2501.0,1052422.0,2711,1839790.0,12868.0,13720.0,3995.0,19.435809760646563,62.60325406758448,19.759475218658892,67.85982478097623,81.78598072738576
1502707,Conceição do Araguaia - PA,3572.0,1442481.0,3707,2609201.0,44617.0,47187.0,15172.0,8.00591702714212,23.543369364619036,7.855977281878483,24.43316635908252,32.33030010982361
1502756,Concórdia do Pará - PA,6779.0,2854972.0,7036,4875404.0,26881.0,28253.0,7968.0,25.218555857296977,85.07781124497993,24.903550065479774,88.30321285140562,106.20780476916781
1502764,Cumaru do Norte - PA,1544.0,635883.0,1688,1216752.0,14036.0,15354.0,3626.0,11.000284981476204,42.58135686707115,10.993877816855543,46.55267512410369,45.303719008264466
1502772,Curionópolis - PA,3680.0,1489521.0,3178,2241148.0,19950.0,21088.0,6416.0,18.44611528822055,57.35660847880299,15.070182094081943,49.53241895261846,74.6627067669173
1502806,Curralinho - PA,5707.0,2750373.0,7415,5787465.0,33903.0,37164.0,8164.0,16.833318585375924,69.90445859872611,19.952104186847485,90.82557569818717,81.12476771967083
1502855,Curuá - PA,2336.0,997898.0,2833,2089642.0,14117.0,15069.0,3903.0,16.54742509031664,59.851396361773,18.80018581193178,72.58519087881118,70.68768151873627
1502905,Curuçá - PA,10253.0,4205276.0,10163,6888380.0,41262.0,45330.0,12131.0,24.848528912801125,84.51900090676779,22.42003088462387,83.77709999175666,101.91643643061413
1502939,Dom Eliseu - PA,6408.0,2599940.0,5779,3975461.0,58484.0,63306.0,15347.0,10.956842897202653,41.75408874698638,9.128676586737434,37.65556786342608,44.45557759387183
1502954,Eldorado do Carajás - PA,3382.0,1371669.0,4317,3078936.0,28192.0,29154.0,8905.0,11.996311010215663,37.97866367209433,14.807573574809632,48.47838293093768,48.654547389330304
1503002,Faro - PA,2775.0,1169816.0,2142,1533175.0,8728.0,9208.0,2096.0,31.7942254812099,132.39503816793894,23.262380538662033,102.19465648854961,134.03024747937673
1503044,Floresta do Araguaia - PA,3153.0,1286313.0,3180,2248229.0,17898.0,18625.0,5986.0,17.616493462956754,52.67290344136318,17.073825503355703,53.12395589709322,71.86909151860543
1503077,Garrafão do Norte - PA,4896.0,1979396.0,5345,3741146.0,24703.0,25565.0,7710.0,19.819455126907663,63.50194552529183,20.907490709955017,69.32555123216602,80.12775776221511
1503093,Goianésia do Pará - PA,4004.0,1640859.0,3520,2382025.0,26362.0,26361.0,8289.0,15.188528943175783,48.3049825069369,13.353059443875422,42.46591868741706,62.24334269023595
1503101,Gurupá - PA,5887.0,2742802.0,6820,5346293.0,31786.0,34344.0,7375.0,18.52073239791103,79.82372881355933,19.857908222688096,92.47457627118644,86.28962436292707
1503200,Igarapé-Açu - PA,7336.0,2964494.0,7000,4720715.0,35797.0,37992.0,11529.0,20.493337430510937,63.63084395871281,18.424931564539904,60.71645415907711,82.81403469564489
1503309,Igarapé-Miri - PA,11119.0,4613463.0,15085,10689965.0,64831.0,69918.0,16925.0,17.150745785195355,65.69571639586411,21.575273892273806,89.12850812407682,71.16137341703815
1503408,Inhangapi - PA,1927.0,783325.0,1837,1247862.0,10325.0,10813.0,3213.0,18.663438256658594,59.97510115157174,16.98880976602238,57.173980703392466,75.86682808716706
1503457,Ipixuna do Pará - PA,8125.0,3360062.0,7165,4993912.0,30329.0,28403.0,8758.0,26.789541363051864,92.7723224480475,25.226208499102206,81.81091573418588,110.78710145405388
1503507,Irituia - PA,8339.0,3383454.0,7312,4948256.0,30955.0,32780.0,9562.0,26.93910515264093,87.20978874712404,22.30628431970714,76.46935787492157,109.30234210951382
1503606,Itaituba - PA,15994.0,6549200.0,15470,11085937.0,123314.0,136990.0,36386.0,12.970141265387547,43.95646677293465,11.292795094532448,42.516352443247406,53.10994696465932
1503705,Itupiranga - PA,8071.0,3342606.0,8895,6328137.0,49754.0,52213.0,13778.0,16.221811311653333,58.578893888808246,17.035987206251317,64.55944258963565,67.18265868070908
1503754,Jacareacanga - PA,3339.0,1517839.0,3764,3341083.0,24042.0,27130.0,5086.0,13.888195657599201,65.65080613448683,13.873940287504608,74.00707825403067,63.13280925047833
1503804,Jacundá - PA,8293.0,3471406.0,6489,4442810.0,37707.0,37086.0,12607.0,21.993263850213488,65.78091536448005,17.497168742921858,51.47140477512493,92.0626408889596
1503903,Juruti - PA,5719.0,2414575.0,7109,5740390.0,50881.0,54546.0,12346.0,11.23995204496767,46.32269560991414,13.033036336303304,57.58140288352503,47.45533696271693
1504000,Limoeiro do Ajuru - PA,5236.0,2753762.0,6516,4622474.0,29569.0,32387.0,7177.0,17.70773445162163,72.95527379127769,20.119183623058635,90.7900236867772,93.13003483377862
1504059,Mãe do Rio - PA,6969.0,2828015.0,6995,4815325.0,34353.0,37881.0,9890.0,20.286437865688587,70.46511627906976,18.46572160185845,70.72800808897877,82.32221348936046
1504109,Magalhães Barata - PA,1420.0,580667.0,1480,980969.0,8115.0,8450.0,2495.0,17.49845964263709,56.91382765531062,17.514792899408285,59.3186372745491,71.55477510782501
1504208,Marabá - PA,24948.0,10137602.0,27252,18887787.0,266533.0,293344.0,86027.0,9.360191796137814,29.00019761237751,9.290116723028254,31.678426540504724,38.03507258013079
1504307,Maracanã - PA,6758.0,2746804.0,7049,4878094.0,25971.0,27054.0,7716.0,26.021331485118015,87.58424053913944,26.055296813779847,91.35562467599793,105.7642755381002
1504406,Marapanim - PA,5075.0,2061102.0,6193,4207565.0,26573.0,28210.0,8375.0,19.098332894291197,60.59701492537314,21.95320808224034,73.94626865671641,77.56376773416626
1504422,Marituba - PA,22676.0,9174097.0,19246,12844008.0,111785.0,119859.0,35884.0,20.28536923558617,63.192509196299184,16.057200543972503,53.63393155724,82.0691237643691
1504455,Medicilândia - PA,6834.0,2818450.0,5809,4096861.0,27094.0,28718.0,8955.0,25.223296670849635,76.31490787269682,20.227731736193327,64.86878838637632,104.02487635638887
1504505,Melgaço - PA,5530.0,2493239.0,5929,4874599.0,27881.0,30305.0,5715.0,19.83429575696711,96.76290463692038,19.56442831215971,103.74453193350831,89.42430328897815
1504604,Mocajuba - PA,6395.0,3513039.0,9005,6428681.0,27198.0,28982.0,6854.0,23.51275829105081,93.30318062445288,31.071009592160653,131.3831339363875,129.1653430399294
1504703,Moju - PA,18321.0,7739347.0,15912,11112668.0,84094.0,92688.0,25016.0,21.786334340143174,73.23712823792772,17.167270844122218,63.60729133354653,92.03209503650676
1504752,Mojuí dos Campos - PA,3889.0,1587229.0,3791,2704332.0,23501.0,26305.0,7478.0,16.54823199012808,52.00588392618347,14.411708800608249,50.69537309441027,67.53878558359219
1504802,Monte Alegre - PA,10877.0,4435099.0,11038,7822628.0,60012.0,64350.0,18315.0,18.124708391655002,59.38847938847939,17.153069153069154,60.26754026754027,73.90353595947477
1504901,Muaná - PA,5551.0,3016461.0,7461,5479262.0,45368.0,50314.0,10636.0,12.235496385117264,52.190673185408045,14.82887466709067,70.14855208725085,66.48873655439958
1504950,Nova Esperança do Piriá - PA,5500.0,2337912.0,5209,3643301.0,20478.0,21346.0,6025.0,26.85809161050884,91.28630705394191,24.402698397826292,86.45643153526972,114.16700849692353
1504976,Nova Ipixuna - PA,1618.0,675498.0,2113,1510886.0,13955.0,14383.0,4571.0,11.594410605517735,35.39706847516955,14.690954599179587,46.226208707066284,48.40544607667503
1505007,Nova Timboteua - PA,2553.0,1029796.0,2462,1618320.0,12806.0,13147.0,4560.0,19.935967515227237,55.98684210526316,18.72670571232981,53.99122807017544,80.41511791347806
1505031,Novo Progresso - PA,2336.0,952455.0,2953,2088280.0,33638.0,37570.0,10452.0,6.944527023009692,22.34978951396862,7.859994676603673,28.252965939533105,28.31485225043106
1505064,Novo Repartimento - PA,9501.0,3952301.0,11754,8355421.0,60732.0,63836.0,18530.0,15.644141474016992,51.27361036157582,18.41280782003885,63.432271991365354,65.07773496673911
1505106,Óbidos - PA,8713.0,3653303.0,9137,6803418.0,52229.0,55774.0,14537.0,16.682302935150968,59.93671321455596,16.38218524760641,62.853408543716036,69.94778762756323
1505205,Oeiras do Pará - PA,7196.0,4078015.0,9187,6818590.0,33844.0,37078.0,8093.0,21.262262143954615,88.91634746076856,24.777496089325208,113.51785493636476,120.49447464838671
1505304,Oriximiná - PA,9662.0,3974118.0,10843,8138728.0,68294.0,73301.0,17956.0,14.14765572378247,53.809311650701716,14.79243120830548,60.38650033415014,58.191319881687996
1505403,Ourém - PA,4453.0,1821534.0,3863,2614513.0,17855.0,18886.0,5758.0,24.939792775133014,77.33588051406738,20.454304776024568,67.08926710663425,102.01814617754131
1505437,Ourilândia do Norte - PA,5194.0,2133942.0,4320,3047294.0,32467.0,35585.0,10381.0,15.997782363630764,50.033715441672285,12.139946606716313,41.61448800693575,65.72649151446083
1505486,Pacajá - PA,8916.0,3742430.0,7955,5782845.0,41097.0,43882.0,12474.0,21.695014234615666,71.47667147667147,18.128161888701516,63.77264710598044,91.06333795654184
1505494,Palestina do Pará - PA,1577.0,714686.0,1275,903415.0,6885.0,7041.0,2200.0,22.90486564996369,71.68181818181819,18.108223263740946,57.95454545454545,103.80334059549746
1505502,Paragominas - PA,11422.0,4621799.0,10973,7536237.0,105550.0,114128.0,33006.0,10.821411653244908,34.60582924316791,9.614643207626525,33.245470520511425,43.787768829938415
1505536,Parauapebas - PA,19619.0,7983980.0,21876,14969175.0,267836.0,312427.0,87667.0,7.325004853716453,22.379002361207753,7.001955656841438,24.953517287006513,29.809211607102853
1505551,Pau D'Arco - PA,1200.0,492209.0,1406,961466.0,6931.0,7410.0,2225.0,17.313518972731206,53.93258426966292,18.974358974358974,63.19101123595506,71.01558216707546
1505601,Peixe-Boi - PA,1407.0,572367.0,1638,1083246.0,8285.0,8720.0,2947.0,16.982498491249245,47.74346793349169,18.78440366972477,55.581947743467936,69.08473144236572
1505635,Piçarra - PA,1687.0,683836.0,1771,1227046.0,12832.0,13390.0,4072.0,13.146820448877806,41.42927308447937,13.226288274831964,43.49214145383104,53.291458852867834
1505650,Placas - PA,3643.0,1526038.0,3441,2422186.0,18668.0,18258.0,5877.0,19.51467752303407,61.987408541773014,18.84653302661847,58.55028075548749,81.7461967002357
1505700,Ponta de Pedras - PA,5801.0,3008852.0,7152,4995057.0,24984.0,25707.0,7084.0,23.218860070445086,81.88876341050253,27.821216011203173,100.95990965556183,120.43115593980147
1505809,Portel - PA,9056.0,3774092.0,11233,9313732.0,62503.0,68236.0,13286.0,14.488904532582437,68.16197501129008,16.461984876018523,84.54764413668524,60.38257363646545
1505908,Porto de Moz - PA,6480.0,3019892.0,7089,5326033.0,40597.0,44552.0,9065.0,15.961770574180358,71.48372862658577,15.911743580535106,78.20187534473249,74.38707293642388
1506005,Prainha - PA,8850.0,3884107.0,9099,6743564.0,35577.0,39132.0,9205.0,24.875621890547265,96.14340032590984,23.25206991720331,98.84845192829984,109.17466340613318
1506104,Primavera - PA,2649.0,1091898.0,2415,1643803.0,10851.0,11424.0,3528.0,24.41249654409732,75.08503401360544,21.139705882352942,68.45238095238095,100.62648603815316
1506112,Quatipuru - PA,2817.0,1168958.0,2525,1708020.0,11524.0,11807.0,3649.0,24.444637278722666,77.19923266648397,21.385618700770728,69.19704028500959,101.4368274904547
1506138,Redenção - PA,8020.0,3259525.0,7968,5453640.0,85597.0,93414.0,28022.0,9.369487248384873,28.62036970951395,8.529770698182285,28.43480122760688,38.07989765996472
1506161,Rio Maria - PA,1865.0,753393.0,2237,1515641.0,18384.0,19250.0,6503.0,10.144691035683202,28.67907119790866,11.620779220779221,34.39950791942181,40.980907310704964
1506187,Rondon do Pará - PA,4477.0,1830578.0,4799,3327058.0,53143.0,57452.0,15285.0,8.424439719248067,29.290153745502128,8.353059945693797,31.396794242721622,34.44626761756017
1506195,Rurópolis - PA,4962.0,2030429.0,3759,2691697.0,35769.0,37042.0,9079.0,13.872347563532667,54.65359621103646,10.147940176016414,41.403238242097146,56.76504794654589
1506203,Salinópolis - PA,4996.0,2019965.0,6640,4631832.0,44772.0,49140.0,13482.0,11.158759939247744,37.05681649606883,13.512413512413513,49.250852989170745,45.11670240328777
1506302,Salvaterra - PA,5708.0,2755231.0,6312,4281027.0,24129.0,25925.0,7391.0,23.656181358531228,77.22906237315654,24.34715525554484,85.40116357732377,114.18753367317336
1506351,Santa Bárbara do Pará - PA,3732.0,1529841.0,3275,2225415.0,21087.0,22764.0,6801.0,17.69810783895291,54.87428319364799,14.386751010367247,48.154683134833114,72.54901123915208
1506401,Santa Cruz do Arari - PA,1616.0,855624.0,1640,1191580.0,7445.0,7599.0,1771.0,21.70584284754869,91.24788255223038,21.581787077247007,92.60304912478826,114.92599059771659
1506500,Santa Izabel do Pará - PA,7813.0,3142144.0,8633,5796083.0,73019.0,80039.0,21491.0,10.699954806283296,36.35475315248244,10.78599182898337,40.17030384812247,43.031868417809065
1506559,Santa Luzia do Pará - PA,4969.0,2054759.0,4787,3284276.0,20370.0,21370.0,6312.0,24.39371624938635,78.72306717363752,22.400561534861957,75.83967046894803,100.87182130584192
1506583,Santa Maria das Barreiras - PA,2317.0,937129.0,2091,1420094.0,16548.0,17051.0,5431.0,14.001692047377327,42.66249309519426,12.26321036889332,38.50119683299577,56.63095238095238
1506609,Santa Maria do Pará - PA,3996.0,1610127.0,4434,2999704.0,24624.0,25930.0,8460.0,16.228070175438596,47.234042553191486,17.099884303895102,52.4113475177305,65.38852339181287
1506708,Santana do Araguaia - PA,6782.0,2738205.0,5473,3888040.0,32413.0,29273.0,10540.0,20.923703452318513,64.34535104364326,18.69640966077956,51.92599620493359,84.47860426372135
1506807,Santarém - PA,43728.0,18000333.0,46073,33522553.0,331942.0,364298.0,95606.0,13.173385711961728,45.73771520615861,12.647063667656699,48.19049013660231,54.22734393357876
1506906,Santarém Novo - PA,2010.0,818455.0,1764,1194881.0,6116.0,6362.0,1961.0,32.8646173969915,102.49872514023457,27.727129833385728,89.95410504844467,133.82194244604315
1507003,Santo Antônio do Tauá - PA,5319.0,2162948.0,6088,4141898.0,27461.0,29330.0,8807.0,19.36928735297331,60.39514022936301,20.75690419365837,69.12683092994209,78.76435672408142
1507102,São Caetano de Odivelas - PA,3025.0,1229209.0,2690,1853125.0,16666.0,17267.0,5177.0,18.150726029041163,58.43152404867684,15.578849829153878,51.96059493915395,73.75549021960879
1507151,São Domingos do Araguaia - PA,4051.0,1667255.0,3830,2697847.0,21092.0,21475.0,6800.0,19.206334155129905,59.5735294117647,17.834691501746217,56.3235294117647,79.04679499336241
1507201,São Domingos do Capim - PA,7728.0,3231191.0,7731,5418991.0,30599.0,32655.0,8463.0,25.255727311350043,91.3151364764268,23.67478180983004,91.350584898972,105.59792803686395
1507300,São Félix do Xingu - PA,9832.0,4089273.0,9837,6985731.0,65418.0,63393.0,20836.0,15.029502583386835,47.187559992320985,15.517486157777673,47.21155692071415,62.509905530587915
1507409,São Francisco do Pará - PA,2987.0,1198607.0,3249,2141291.0,14894.0,15439.0,4949.0,20.055055727138445,60.35562739947464,21.044109074421918,65.64962618710851,80.47582919296362
1507458,São Geraldo do Araguaia - PA,4101.0,1668143.0,4143,2917411.0,24255.0,24882.0,7711.0,16.907854050711194,53.183763454804826,16.65059078852182,53.72843989106471,68.77522160379303
1507466,São João da Ponta - PA,1461.0,612537.0,1189,830686.0,4430.0,4432.0,1456.0,32.979683972911964,100.3434065934066,26.827617328519857,81.66208791208791,138.27020316027088
1507474,São João de Pirabas - PA,4112.0,1675467.0,4813,3296682.0,20689.0,21505.0,6553.0,19.875296051041616,62.74988554860369,22.380841664729132,73.44727605676789,80.98346947653343
1507508,São João do Araguaia - PA,2535.0,1080504.0,2737,1966123.0,13664.0,14338.0,4390.0,18.552400468384075,57.74487471526196,19.089133770400334,62.34624145785877,79.07669789227167
1507607,São Miguel do Guamá - PA,8886.0,3614946.0,8411,5749686.0,52894.0,56135.0,16392.0,16.799637009868793,54.20937042459737,14.983521866927942,51.311615422157146,68.34321473134949
1507706,São Sebastião da Boa Vista - PA,5463.0,2702075.0,5796,4348566.0,25643.0,27853.0,6560.0,21.304059587411768,83.27743902439025,20.809248554913296,88.35365853658537,105.3728112935304
1507755,Sapucaia - PA,801.0,329291.0,845,605133.0,5847.0,6261.0,1776.0,13.699332991277577,45.101351351351354,13.496246605973486,47.578828828828826,56.317940824354366
1507805,Senador José Porfírio - PA,4105.0,1748347.0,4149,3075125.0,22576.0,25517.0,6498.0,18.183026222537208,63.17328408741151,16.259748403025434,63.850415512465375,77.44272678951098
1507904,Soure - PA,3419.0,1742345.0,5389,3831375.0,24204.0,25409.0,7083.0,14.12576433647331,48.27050684738105,21.209020425833366,76.08358040378371,71.98582878862997
1507953,Tailândia - PA,11980.0,4897260.0,12300,8657649.0,72493.0,75062.0,21587.0,16.525733519098395,55.49636355213786,16.386453864805095,56.97873720294622,67.55493633868097
1507961,Terra Alta - PA,3359.0,1368329.0,2685,1813533.0,10400.0,10858.0,3355.0,32.29807692307692,100.11922503725782,24.728310922821883,80.02980625931446,131.57009615384615
1507979,Terra Santa - PA,3648.0,1488255.0,3274,2351775.0,18782.0,19912.0,4998.0,19.42285166648919,72.98919567827132,16.44234632382483,65.5062024809924,79.23836652113727
1508001,Tomé-Açu - PA,11127.0,4560281.0,11692,8570407.0,67585.0,73762.0,19818.0,16.46371236221055,56.145927944293064,15.850980179496217,58.99687153093148,67.47475031441888
1508035,Tracuateua - PA,7982.0,3268405.0,8134,5506267.0,28595.0,30612.0,8736.0,27.913970973946494,91.36904761904762,26.571279236900562,93.10897435897436,114.29987760097919
1508050,Trairão - PA,2689.0,1086025.0,2469,1777502.0,15242.0,15484.0,4688.0,17.642041726807506,57.35921501706485,15.945492120898992,52.66638225255973,71.25213226610681
1508084,Tucumã - PA,2760.0,1112086.0,2442,1651359.0,39550.0,43270.0,12825.0,6.9785082174462705,21.52046783625731,5.643633002079963,19.04093567251462,28.11848293299621
1508100,Tucuruí - PA,11176.0,4770472.0,10002,6891517.0,91306.0,96004.0,27400.0,12.240159463781131,40.78832116788321,10.41831590350402,36.503649635036496,52.24708124329179
1508126,Ulianópolis - PA,5214.0,2139549.0,4680,3215626.0,37972.0,39153.0,9700.0,13.73117033603708,53.75257731958763,11.953107041606007,48.24742268041237,56.34543874433793
1508159,Uruará - PA,7698.0,3124534.0,6804,4911477.0,43558.0,45984.0,14245.0,17.672987740483954,54.04001404001404,14.796450939457202,47.764127764127764,71.73272418384683
1508209,Vigia - PA,11175.0,4531208.0,10801,7368209.0,50832.0,54309.0,15791.0,21.984183191690274,70.7681590779558,19.888048021506563,68.3997213602685,89.14085615360403
1508308,Viseu - PA,11458.0,5017526.0,12012,8525728.0,58692.0,62398.0,16235.0,19.52225175492401,70.57591623036649,19.250617006955352,73.9882968894364,85.48909561780141
1508357,Vitória do Xingu - PA,2584.0,1080124.0,2697,1903599.0,15607.0,16686.0,4906.0,16.556673287627348,52.67019975540155,16.163250629270046,54.97350183448838,69.2076632280387
1508407,Xinguara - PA,5223.0,2124849.0,5407,3670565.0,52893.0,58508.0,17900.0,9.874652600533151,29.178770949720672,9.241471251794627,30.206703910614525,40.1725937269582
1600055,Serra do Navio - AP,1074.0,451051.0,781,545130.0,4673.0,5019.0,1364.0,22.98309437192382,78.73900293255132,15.560868698944013,57.25806451612903,96.52279049860903
1600105,Amapá - AP,2085.0,902485.0,1873,1364788.0,7943.0,8447.0,2055.0,26.249527886189096,101.45985401459853,22.17355274061797,91.14355231143553,113.62016870200176
1600154,Pedra Branca do Amapari - AP,3432.0,1448628.0,2406,1780964.0,12847.0,13971.0,3290.0,26.714408033003814,104.3161094224924,17.22138715911531,73.1306990881459,112.76002179497159
1600204,Calçoene - AP,1949.0,807859.0,1925,1469809.0,10612.0,11527.0,2778.0,18.36600075386355,70.15838732901368,16.69992192244296,69.29445644348452,76.12693177534867
1600212,Cutias - AP,988.0,466212.0,845,693238.0,4461.0,4722.0,1156.0,22.147500560412464,85.46712802768167,17.894959762812366,73.09688581314879,104.5084061869536
1600238,Ferreira Gomes - AP,1005.0,423634.0,978,729746.0,6666.0,7220.0,1796.0,15.076507650765077,55.957683741648104,13.545706371191136,54.4543429844098,63.55145514551455
1600253,Itaubal - AP,1923.0,826961.0,2003,1523977.0,5599.0,6147.0,1361.0,34.345418824790144,141.29316678912565,32.58500081340491,147.17119764878765,147.69798178246114
1600279,Laranjal do Jari - AP,9186.0,3748885.0,6746,4711134.0,35114.0,37781.0,10331.0,26.160505781169903,88.91685219243055,17.855535851353856,65.2986158164747,106.76325682064135
1600303,Macapá - AP,54259.0,22253278.0,61598,44126478.0,442933.0,491987.0,123482.0,12.249933962924414,43.94081728511038,12.520249518788098,49.88419364765715,50.240731668220704
1600402,Mazagão - AP,5122.0,2213907.0,4312,3405552.0,21924.0,23958.0,5321.0,23.362525086663016,96.26010148468333,17.99816345270891,81.03739898515316,100.98097974822113
1600501,Oiapoque - AP,3249.0,1313995.0,6041,4230364.0,27482.0,31071.0,7041.0,11.822283676588313,46.144013634426926,19.442567023912975,85.79747195000711,47.81293210101157
1600535,Porto Grande - AP,3565.0,1513230.0,3414,2530540.0,17848.0,19103.0,5012.0,19.97422680412371,71.1292897047087,17.871538501806,68.11652035115722,84.7842895562528
1600550,Pracuúba - AP,1479.0,618810.0,1092,811930.0,3803.0,4053.0,913.0,38.89034972390218,161.9934282584885,26.94300518134715,119.60569550930997,162.71627662371813
1600600,Santana - AP,22199.0,9147636.0,14436,10222761.0,107618.0,119224.0,28794.0,20.6275901800814,77.09592276168647,12.108300342212978,50.1354448843509,85.00098496534036
1600709,Tartarugalzinho - AP,2355.0,1081223.0,2541,2013923.0,12945.0,13846.0,3321.0,18.192352259559676,70.91237579042458,18.35187057633974,76.51309846431798,83.52437234453457
1600808,Vitória do Jari - AP,2708.0,1212135.0,2433,1807536.0,11291.0,11877.0,3006.0,23.983703834912763,90.08649367930805,20.48497095226067,80.93812375249502,107.354087326189
1700251,Abreulândia - TO,224.0,91660.0,212,142518.0,2576.0,2695.0,925.0,8.695652173913043,24.216216216216218,7.866419294990724,22.91891891891892,35.58229813664596
1700301,Aguiarnópolis - TO,524.0,213326.0,428,290870.0,4497.0,4469.0,1440.0,11.652212586168556,36.388888888888886,9.57708659655404,29.72222222222222,47.43740271291973
1700350,Aliança do Tocantins - TO,747.0,307209.0,547,376523.0,5147.0,5172.0,1852.0,14.513308723528269,40.33477321814255,10.57617942768755,29.535637149028076,59.68700213716728
1700400,Almas - TO,1086.0,447860.0,1036,713842.0,6499.0,6428.0,2079.0,16.71026311740268,52.23665223665223,16.11698817672682,49.831649831649834,68.91214032928143
1700707,Alvorada - TO,934.0,380338.0,875,601429.0,8802.0,9161.0,3123.0,10.61122472165417,29.907140569964778,9.551359021940836,28.01793147614473,43.21040672574415
1701002,Ananás - TO,1506.0,614379.0,1635,1162187.0,10325.0,10736.0,3182.0,14.58595641646489,47.32872407291012,15.22913561847988,51.382778126964176,59.50401937046005
1701051,Angico - TO,244.0,98548.0,201,141532.0,2876.0,2889.0,894.0,8.484005563282336,27.293064876957494,6.95742471443406,22.483221476510067,34.26564673157163
1701101,Aparecida do Rio Negro - TO,545.0,228487.0,599,439027.0,4856.0,5152.0,1659.0,11.22322899505766,32.851115129596145,11.626552795031056,36.10608800482218,47.052512355848435
1701309,Aragominas - TO,775.0,319878.0,741,507721.0,5290.0,5302.0,1834.0,14.650283553875237,42.25736095965104,13.975858166729536,40.403489640130864,60.46843100189036
1701903,Araguacema - TO,889.0,360359.0,747,531931.0,5927.0,6006.0,2061.0,14.999156402901974,43.134400776322174,12.437562437562438,36.24454148471616,60.799561329509025
1702000,Araguaçu - TO,766.0,308241.0,555,373251.0,8133.0,8213.0,3052.0,9.418418787655233,25.09829619921363,6.757579447217825,18.184796854521625,37.900036886757654
1702109,Araguaína - TO,10490.0,4227447.0,11052,7630725.0,171301.0,184495.0,57633.0,6.123723737748175,18.201377682924715,5.9904062440716555,19.176513455832595,24.67847239654176
1702158,Araguanã - TO,823.0,350791.0,663,476143.0,4310.0,4263.0,1468.0,19.095127610208817,56.06267029972752,15.552427867698803,45.16348773841962,81.39002320185615
1702208,Araguatins - TO,2872.0,1190636.0,3085,2178894.0,31918.0,33364.0,10210.0,8.998057522401153,28.12928501469148,9.246493226231866,30.215475024485798,37.302963844852435
1702307,Arapoema - TO,502.0,202377.0,660,469522.0,5550.0,5425.0,1962.0,9.045045045045045,25.586136595310908,12.165898617511521,33.63914373088685,36.46432432432432
1702406,Arraias - TO,1974.0,821189.0,1741,1193134.0,10287.0,10500.0,3727.0,19.189268008165644,52.96485108666488,16.580952380952382,46.713174134692785,79.8278409643239
1702554,Augustinópolis - TO,1843.0,745458.0,2023,1410442.0,17484.0,18341.0,5667.0,10.541066117593228,32.52161637550732,11.02993293713538,35.697900123522146,42.63658201784489
1702703,Aurora do Tocantins - TO,389.0,156087.0,357,233756.0,3342.0,3415.0,1273.0,11.639736684619988,30.557737627651218,10.453879941434847,28.043990573448546,46.70466786355476
1702901,Axixá do Tocantins - TO,2265.0,941209.0,2053,1452947.0,10262.0,10799.0,2915.0,22.071720912102904,77.70154373927959,19.01101953884619,70.42881646655232,91.71789124926914
1703008,Babaçulândia - TO,1511.0,623256.0,1114,758403.0,7880.0,7498.0,2682.0,19.1751269035533,56.33855331841909,14.857295278740997,41.536167039522745,79.09340101522842
1703057,Bandeirantes do Tocantins - TO,369.0,149379.0,377,264202.0,3407.0,3575.0,1161.0,10.830642794247138,31.782945736434108,10.545454545454545,32.47200689061154,43.8447314352803
1703073,Barra do Ouro - TO,680.0,286105.0,696,491240.0,4476.0,4691.0,1363.0,15.192135835567472,49.88994864269993,14.836921765082073,51.06382978723404,63.919794459338696
1703107,Barrolândia - TO,726.0,292637.0,659,452736.0,4846.0,4866.0,1753.0,14.981427981840694,41.414717626925274,13.5429510891903,37.59269823160297,60.38732975650021
1703206,Bernardo Sayão - TO,550.0,224759.0,479,323629.0,4229.0,4298.0,1520.0,13.00543863797588,36.18421052631579,11.144718473708702,31.513157894736842,53.14707968786947
1703305,Bom Jesus do Tocantins - TO,719.0,310070.0,807,568840.0,4038.0,4221.0,1337.0,17.805844477464092,53.777112939416604,19.118692253020612,60.35901271503366,76.78801386825161
1703602,Brasilândia do Tocantins - TO,342.0,140421.0,304,208625.0,1974.0,2009.0,689.0,17.325227963525837,49.63715529753266,15.131906421105027,44.12191582002903,71.13525835866261
1703701,Brejinho de Nazaré - TO,597.0,245913.0,601,406016.0,4725.0,4752.0,1709.0,12.634920634920634,34.93270918665886,12.647306397306398,35.166764189584555,52.04507936507937
1703800,Buriti do Tocantins - TO,975.0,394270.0,934,680064.0,10307.0,10737.0,2851.0,9.459590569515862,34.198526832690284,8.698891682965447,32.76043493511049,38.252643834287376
1703826,Cachoeirinha - TO,344.0,144575.0,307,221908.0,1961.0,1973.0,638.0,17.54207037225905,53.91849529780564,15.560060821084642,48.11912225705329,73.7251402345742
1703842,Campos Lindos - TO,1020.0,419637.0,904,660296.0,8653.0,9028.0,2419.0,11.787819253438114,42.16618437370814,10.013291980505095,37.37081438610996,48.49612851034323
1703867,Cariri do Tocantins - TO,288.0,116967.0,252,172238.0,4007.0,4184.0,1280.0,7.18742201147991,22.5,6.022944550669216,19.6875,29.190666333915647
1703883,Carmolândia - TO,357.0,146003.0,375,260934.0,2201.0,2237.0,747.0,16.219900045433892,47.791164658634536,16.76352257487707,50.200803212851405,66.33484779645616
1703891,Carrasco Bonito - TO,470.0,193482.0,435,322418.0,3318.0,3326.0,1012.0,14.165159734779987,46.44268774703557,13.078773301262778,42.984189723320156,58.3128390596745
1703909,Caseara - TO,1187.0,505024.0,686,488811.0,4847.0,5047.0,1629.0,24.48937487105426,72.86678944137508,13.592233009708737,42.111724984653165,104.19310913967402
1704105,Centenário - TO,341.0,141879.0,302,203290.0,2131.0,2088.0,772.0,16.00187705302675,44.170984455958546,14.46360153256705,39.119170984455955,66.57860159549507
1704600,Chapada de Areia - TO,246.0,99901.0,223,163412.0,1501.0,1585.0,563.0,16.389073950699533,43.69449378330373,14.069400630914826,39.60923623445826,66.55629580279813
1705102,Chapada da Natividade - TO,476.0,199732.0,430,314057.0,3117.0,3169.0,1028.0,15.271094000641643,46.30350194552529,13.568949195329758,41.82879377431907,64.07828039781842
1705508,Colinas do Tocantins - TO,3050.0,1225007.0,3773,2614379.0,34233.0,36451.0,11817.0,8.909531738381094,25.810273335025812,10.350882005980631,31.928577473131927,35.78438933193118
1705557,Combinado - TO,682.0,274737.0,630,437181.0,4756.0,4916.0,1741.0,14.33978132884777,39.172889144170014,12.815296989422295,36.186099942561746,57.766400336417156
1705607,Conceição do Tocantins - TO,526.0,221008.0,503,340009.0,3887.0,3929.0,1295.0,13.532287110882429,40.61776061776062,12.802239755663019,38.84169884169884,56.85824543349627
1706001,Couto Magalhães - TO,688.0,279814.0,787,531351.0,5331.0,5563.0,1845.0,12.905646220221346,37.289972899728994,14.147042962430344,42.65582655826558,52.488088538735695
1706100,Cristalândia - TO,930.0,379160.0,744,504365.0,6371.0,6349.0,2346.0,14.597394443572437,39.64194373401534,11.71838084737754,31.713554987212277,59.51342018521425
1706258,Crixás do Tocantins - TO,145.0,59236.0,158,105840.0,1470.0,1491.0,508.0,9.863945578231293,28.543307086614174,10.596914822266935,31.10236220472441,40.29659863945578
1706506,Darcinópolis - TO,942.0,386236.0,912,641769.0,5827.0,6130.0,1990.0,16.166123219495454,47.336683417085425,14.877650897226754,45.82914572864322,66.28385103827013
1707009,Dianópolis - TO,1779.0,722090.0,1548,1050693.0,17739.0,17905.0,5817.0,10.028750211398613,30.582774626095926,8.645629712370846,26.61165549252192,40.70635323298946
1707108,Divinópolis do Tocantins - TO,928.0,377242.0,864,592366.0,7024.0,7388.0,2533.0,13.211845102505695,36.636399526253456,11.694639956686519,34.10975128306356,53.70757403189066
1707207,Dois Irmãos do Tocantins - TO,1136.0,455458.0,898,612923.0,6327.0,6311.0,2290.0,17.954796902165324,49.60698689956332,14.229123752178735,39.213973799126634,71.98640746009167
1707306,Dueré - TO,563.0,230078.0,581,410479.0,4248.0,4289.0,1626.0,13.253295668549907,34.62484624846248,13.546281184425274,35.731857318573184,54.161487758945384
1707405,Esperantina - TO,1517.0,642087.0,1532,1104249.0,7530.0,7281.0,2317.0,20.1460823373174,65.47259387138541,21.04106578766653,66.11998273629693,85.27051792828685
1707553,Fátima - TO,394.0,160999.0,359,251871.0,3467.0,3487.0,1194.0,11.364291895010096,32.99832495812395,10.295382850587897,30.067001675041876,46.437554081338334
1707652,Figueirópolis - TO,513.0,208349.0,510,353655.0,5211.0,5331.0,1948.0,9.844559585492227,26.3347022587269,9.566685424873382,26.18069815195072,39.98253694108617
1707702,Filadélfia - TO,1192.0,533687.0,1102,780542.0,7712.0,7746.0,2556.0,15.45643153526971,46.635367762128325,14.226697650400206,43.11424100156494,69.20215248962656
1708205,Formoso do Araguaia - TO,1976.0,810827.0,2009,1385803.0,18881.0,19517.0,6457.0,10.465547375668661,30.60244695679108,10.29359020341241,31.113520210624127,42.94407075896404
1708254,Tabocão - TO,645.0,262499.0,591,418798.0,3455.0,3804.0,1145.0,18.66859623733719,56.33187772925764,15.53627760252366,51.61572052401747,75.97655571635312
1708304,Goianorte - TO,704.0,283484.0,520,345481.0,4738.0,4824.0,1691.0,14.85859012241452,41.63217031342401,10.779436152570481,30.75103489059728,59.8319966230477
1709005,Goiatins - TO,2159.0,921557.0,2074,1534081.0,12433.0,12884.0,3696.0,17.365076811710768,58.41450216450217,16.09748525302701,56.11471861471861,74.12185313279177
1709302,Guaraí - TO,1783.0,719062.0,2071,1381269.0,24775.0,25975.0,8831.0,7.196770938446014,20.190238931038387,7.973051010587103,23.451477748839316,29.023693239152372
1709500,Gurupi - TO,3396.0,1367066.0,3567,2429508.0,85125.0,90818.0,30592.0,3.9894273127753306,11.100941422594142,3.9276354907617432,11.659911087866108,16.05951248164464
1709807,Ipueiras - TO,230.0,94465.0,175,118295.0,1590.0,1625.0,563.0,14.465408805031446,40.852575488454704,10.76923076923077,31.08348134991119,59.411949685534594
1710508,Itacajá - TO,1270.0,542442.0,1152,839116.0,6819.0,6950.0,2161.0,18.624431734858483,58.76908838500694,16.575539568345324,53.308653401203145,79.54861416630004
1710706,Itaguatins - TO,792.0,320447.0,927,650067.0,5172.0,5116.0,1742.0,15.31322505800464,45.46498277841562,18.11962470680219,53.214695752009185,61.95804331013148
1710904,Itapiratins - TO,510.0,207106.0,437,291677.0,3577.0,3692.0,1274.0,14.25775789767962,40.031397174254316,11.836403033586132,34.301412872841446,57.8993570030752
1711100,Itaporã do Tocantins - TO,237.0,95595.0,282,194619.0,2404.0,2464.0,822.0,9.858569051580698,28.83211678832117,11.444805194805195,34.306569343065696,39.76497504159734
1711506,Jaú do Tocantins - TO,423.0,172181.0,263,176794.0,3334.0,3389.0,1237.0,12.6874625074985,34.19563459983832,7.760401298318088,21.26111560226354,51.643971205758845
1711803,Juarina - TO,281.0,114798.0,255,180221.0,2243.0,2311.0,737.0,12.527864467231387,38.12754409769335,11.034184335785374,34.599728629579374,51.18056174765938
1711902,Lagoa da Confusão - TO,1377.0,583980.0,1689,1265652.0,15288.0,16934.0,4800.0,9.00706436420722,28.6875,9.974016770993268,35.1875,38.198587127158554
1711951,Lagoa do Tocantins - TO,495.0,213616.0,410,312683.0,3516.0,3616.0,1068.0,14.078498293515358,46.348314606741575,11.33849557522124,38.38951310861423,60.755403868031856
1712009,Lajeado - TO,271.0,110151.0,215,146204.0,3357.0,3595.0,1164.0,8.072683943997617,23.281786941580755,5.980528511821975,18.47079037800687,32.812332439678286
1712157,Lavandeira - TO,210.0,86127.0,222,152434.0,1626.0,1679.0,586.0,12.915129151291513,35.83617747440273,13.222156045265038,37.8839590443686,52.96863468634686
1712405,Lizarda - TO,433.0,193467.0,411,298723.0,2999.0,2912.0,987.0,14.438146048682894,43.87031408308004,14.114010989010989,41.641337386018236,64.51050350116705
1712454,Luzinópolis - TO,421.0,174033.0,266,180377.0,2717.0,2819.0,870.0,15.495031284504968,48.39080459770115,9.435970202199362,30.57471264367816,64.05336768494664
1712504,Marianópolis do Tocantins - TO,402.0,165596.0,431,309764.0,4615.0,4812.0,1594.0,8.710725893824485,25.21957340025094,8.956774729842062,27.038895859473023,35.88212351029252
1712702,Mateiros - TO,245.0,101141.0,332,233650.0,2748.0,2955.0,811.0,8.915574963609899,30.209617755856968,11.235194585448392,40.93711467324291,36.80531295487627
1712801,Maurilândia do Tocantins - TO,547.0,222689.0,506,369068.0,3095.0,3171.0,998.0,17.67366720516963,54.809619238476955,15.957111321349732,50.701402805611224,71.95121163166398
1713205,Miracema do Tocantins - TO,1715.0,695251.0,1462,986929.0,18566.0,18576.0,6365.0,9.237315522999031,26.94422623723488,7.87037037037037,22.969363707776903,37.447538511257136
1713304,Miranorte - TO,1491.0,600252.0,1262,846732.0,12701.0,13090.0,4398.0,11.739233131249508,33.90177353342428,9.640947288006112,28.694861300591178,47.2602157310448
1713601,Monte do Carmo - TO,818.0,342415.0,717,512404.0,5694.0,5614.0,1929.0,14.365999297506146,42.405391394504925,12.771642322764517,37.16951788491446,60.13610818405339
1713700,Monte Santo do Tocantins - TO,380.0,154388.0,271,191950.0,2396.0,2541.0,882.0,15.859766277128548,43.08390022675737,10.665092483274302,30.72562358276644,64.43572621035058
1713809,Palmeiras do Tocantins - TO,937.0,391823.0,700,484324.0,4872.0,4806.0,1553.0,19.232348111658457,60.33483580167418,14.565126924677486,45.07405022537025,80.42344006568145
1713957,Muricilândia - TO,515.0,213463.0,570,404552.0,3367.0,3517.0,1178.0,15.295515295515296,43.71816638370119,16.206994597668466,48.38709677419355,63.3985743985744
1714203,Natividade - TO,1026.0,419045.0,1059,728026.0,8754.0,8950.0,3061.0,11.720356408498972,33.51845802025482,11.832402234636872,34.59653707938582,47.86897418323052
1714302,Nazaré - TO,663.0,272747.0,489,331527.0,4521.0,4684.0,1531.0,14.664897146648972,43.305029392553884,10.439795046968403,31.93990855649902,60.32890953328909
1714880,Nova Olinda - TO,1415.0,574698.0,1282,893122.0,10367.0,10592.0,3517.0,13.649078807755378,40.23315325561558,12.103474320241691,36.45152118282627,55.43532362303463
1715002,Nova Rosalândia - TO,472.0,191853.0,262,174741.0,3362.0,3362.0,1167.0,14.039262343842951,40.44558697514996,7.792980368828078,22.450728363324764,57.06513979773944
1715101,Novo Acordo - TO,565.0,244576.0,584,412815.0,3969.0,4134.0,1330.0,14.235323759133284,42.4812030075188,14.12675374939526,43.909774436090224,61.621567145376666
1715150,Novo Alegre - TO,265.0,108744.0,224,151572.0,1846.0,1794.0,718.0,14.355362946912242,36.90807799442897,12.486064659977703,31.197771587743734,58.90790899241603
1715259,Novo Jardim - TO,406.0,165396.0,279,192839.0,2230.0,2241.0,704.0,18.206278026905828,57.67045454545455,12.449799196787149,39.63068181818182,74.16860986547086
1715507,Oliveira de Fátima - TO,176.0,72829.0,123,86030.0,1164.0,1228.0,398.0,15.120274914089347,44.221105527638194,10.01628664495114,30.90452261306533,62.56786941580756
1715705,Palmeirante - TO,587.0,244901.0,586,394373.0,4798.0,4900.0,1663.0,12.234264276781992,35.29765484064943,11.959183673469388,35.23752254960914,51.04230929553981
1715754,Palmeirópolis - TO,687.0,277181.0,489,293399.0,6975.0,7090.0,2528.0,9.849462365591398,27.175632911392405,6.89703808180536,19.343354430379748,39.73921146953405
1716109,Paraíso do Tocantins - TO,2133.0,858874.0,1423,921410.0,52360.0,56223.0,18289.0,4.073720397249809,11.66274809995079,2.530992654251819,7.780633167477719,16.403246753246755
1716208,Paranã - TO,2230.0,933202.0,1797,1245370.0,10542.0,10899.0,3670.0,21.153481312843862,60.762942779291556,16.487751169832094,48.96457765667575,88.52229178523999
1716307,Pau D'Arco - TO,643.0,262627.0,517,373921.0,4043.0,4030.0,1372.0,15.904031659658669,46.86588921282799,12.8287841191067,37.68221574344023,64.95844669799654
1716505,Pedro Afonso - TO,969.0,393260.0,1002,704126.0,14055.0,15051.0,4739.0,6.894343649946638,20.4473517619751,6.657364959138928,21.143701202785397,27.980078263963
1716604,Peixe - TO,1136.0,463672.0,1086,765453.0,9317.0,9332.0,3418.0,12.192765911774176,33.23581041544763,11.63737676810973,31.772966647162082,49.76623376623377
1716653,Pequizeiro - TO,639.0,258236.0,492,316937.0,4921.0,5032.0,1706.0,12.985165616744563,37.45603751465416,9.777424483306836,28.83939038686987,52.476325950010164
1716703,Colméia - TO,838.0,338740.0,900,600125.0,8941.0,9152.0,3209.0,9.372553405659323,26.11405422249922,9.833916083916083,28.046120286693675,37.886142489654404
1717008,Pindorama do Tocantins - TO,583.0,242229.0,564,397585.0,4478.0,4602.0,1490.0,13.01920500223314,39.12751677852349,12.25554106910039,37.852348993288594,54.09312192943278
1717206,Piraquê - TO,482.0,195253.0,340,236634.0,2282.0,2195.0,793.0,21.12182296231376,60.781841109709966,15.489749430523919,42.87515762925599,85.56222611744084
1717503,Pium - TO,480.0,199983.0,490,365831.0,7128.0,7440.0,2374.0,6.734006734006734,20.219039595619208,6.586021505376344,20.64026958719461,28.055976430976433
1717800,Ponte Alta do Bom Jesus - TO,761.0,309730.0,563,372765.0,4220.0,4266.0,1580.0,18.033175355450236,48.164556962025316,13.197374589779653,35.63291139240506,73.39573459715639
1717909,Ponte Alta do Tocantins - TO,774.0,322584.0,675,482720.0,7586.0,7905.0,2498.0,10.203005536514633,30.98478783026421,8.538899430740038,27.021617293835067,42.5235960980754
1718006,Porto Alegre do Tocantins - TO,382.0,156851.0,343,236145.0,2866.0,2967.0,922.0,13.328681088625261,41.431670281995665,11.560498820357264,37.20173535791757,54.72819260293092
1718204,Porto Nacional - TO,4419.0,1791980.0,4921,3458211.0,64418.0,70507.0,21365.0,6.859883883386631,20.683360636555115,6.979448849050449,23.032997893751464,27.818001179794468
1718303,Praia Norte - TO,990.0,433764.0,907,654190.0,9044.0,9640.0,2454.0,10.946483856700574,40.34229828850856,9.408713692946058,36.960065199674,47.96152145068554
1718402,Presidente Kennedy - TO,347.0,141631.0,292,191764.0,3047.0,2983.0,1066.0,11.388250738431244,32.551594746716695,9.788803218236675,27.392120075046904,46.48211355431572
1718451,Pugmil - TO,393.0,160437.0,347,237976.0,2193.0,2215.0,785.0,17.920656634746923,50.06369426751592,15.665914221218962,44.203821656050955,73.15868673050616
1718501,Recursolândia - TO,685.0,294264.0,793,581277.0,3421.0,3438.0,1043.0,20.023384975153466,65.67593480345158,23.065735892961023,76.0306807286673,86.01695410698626
1718550,Riachinho - TO,602.0,244964.0,447,311962.0,3960.0,4020.0,1259.0,15.202020202020202,47.81572676727561,11.119402985074627,35.50436854646545,61.85959595959596
1718659,Rio da Conceição - TO,291.0,118958.0,266,185516.0,1768.0,1832.0,568.0,16.459276018099548,51.232394366197184,14.519650655021834,46.83098591549296,67.28393665158372
1718709,Rio dos Bois - TO,355.0,143569.0,336,232388.0,2738.0,2858.0,961.0,12.965668371073777,36.94068678459938,11.756473058082575,34.96357960457856,52.43571950328707
1718758,Rio Sono - TO,971.0,410043.0,892,616159.0,4841.0,4642.0,1664.0,20.057839289403017,58.35336538461539,19.21585523481258,53.60576923076923,84.70212765957447
1718808,Sampaio - TO,1048.0,445329.0,942,678634.0,4215.0,4422.0,1254.0,24.86358244365362,83.5725677830941,21.30257801899593,75.11961722488039,105.65338078291815
1718840,Sandolândia - TO,541.0,219610.0,597,406233.0,3723.0,3927.0,1311.0,14.531291968842332,41.26620900076278,15.20244461420932,45.53775743707094,58.9873757722267
1718865,Santa Fé do Araguaia - TO,585.0,237391.0,593,420931.0,7216.0,7575.0,2362.0,8.106984478935699,24.76714648602879,7.8283828382838285,25.10584250635055,32.89786585365854
1718881,Santa Maria do Tocantins - TO,296.0,121383.0,243,164514.0,2680.0,2707.0,922.0,11.044776119402986,32.10412147505423,8.97672700406354,26.355748373101953,45.292164179104475
1718899,Santa Rita do Tocantins - TO,160.0,64821.0,178,124978.0,2219.0,2306.0,780.0,7.210455159981974,20.512820512820515,7.718993928881179,22.82051282051282,29.21180712032447
1718907,Santa Rosa do Tocantins - TO,685.0,284022.0,580,423305.0,4653.0,4809.0,1566.0,14.721684934450892,43.74201787994892,12.06071948430027,37.03703703703704,61.04061895551257
1719004,Santa Tereza do Tocantins - TO,260.0,108997.0,267,201247.0,2781.0,2925.0,853.0,9.349154980222941,30.480656506447833,9.128205128205128,31.30128956623681,39.193455591513846
1720002,Santa Terezinha do Tocantins - TO,243.0,97689.0,189,122166.0,2406.0,2459.0,791.0,10.099750623441397,30.720606826801518,7.686051240341603,23.893805309734514,40.60224438902743
1720101,São Bento do Tocantins - TO,780.0,327207.0,985,698794.0,5654.0,6070.0,1705.0,13.795542978422356,45.747800586510266,16.227347611202635,57.77126099706745,57.87177219667492
1720150,São Félix do Tocantins - TO,176.0,76371.0,156,104243.0,1783.0,1919.0,551.0,9.87100392596747,31.941923774954628,8.129233976029182,28.312159709618875,42.83286595625351
1720200,São Miguel do Tocantins - TO,2159.0,882136.0,1947,1380936.0,13241.0,14286.0,4058.0,16.305414998867153,53.20354854608181,13.62872742545149,47.97930014785609,66.62155426327317
1720259,São Salvador do Tocantins - TO,390.0,163565.0,356,244816.0,2385.0,2329.0,858.0,16.352201257861637,45.45454545454545,15.285530270502361,41.49184149184149,68.58071278825996
1720309,São Sebastião do Tocantins - TO,827.0,350932.0,691,471852.0,4100.0,4176.0,1235.0,20.170731707317074,66.96356275303644,16.546934865900383,55.95141700404859,85.59317073170732
1720499,São Valério - TO,533.0,216579.0,589,408549.0,4422.0,4561.0,1695.0,12.053369516056083,31.44542772861357,12.913834685376013,34.749262536873154,48.97761194029851
1720655,Silvanópolis - TO,874.0,359051.0,747,533800.0,5108.0,5267.0,1728.0,17.11041503523884,50.5787037037037,14.18264666793241,43.229166666666664,70.29189506656226
1720804,Sítio Novo do Tocantins - TO,1480.0,599981.0,1403,992237.0,10830.0,11554.0,3260.0,13.665743305632502,45.39877300613497,12.142980785875022,43.03680981595092,55.399907663896585
1720853,Sucupira - TO,156.0,63188.0,116,78116.0,1577.0,1583.0,591.0,9.892200380469246,26.395939086294415,7.327858496525584,19.627749576988155,40.06848446417248
1720903,Taguatinga - TO,2767.0,1138418.0,2465,1669858.0,14011.0,14153.0,5011.0,19.74876882449504,55.218519257633204,17.41680209142938,49.19177808820595,81.25173078295624
1720937,Taipas do Tocantins - TO,214.0,91147.0,176,122901.0,2021.0,2099.0,680.0,10.588817417120238,31.470588235294116,8.384945212005716,25.88235294117647,45.09995051954478
1720978,Talismã - TO,234.0,95004.0,148,101826.0,2456.0,2501.0,916.0,9.527687296416937,25.54585152838428,5.917632946821271,16.157205240174672,38.682410423452765
1721000,Palmas - TO,20329.0,8253079.0,15225,10593188.0,302692.0,333154.0,105997.0,6.7160678181121405,19.17884468428352,4.569958637747108,14.363614064548997,27.265600015857704
1721109,Tocantínia - TO,1224.0,570150.0,1334,1026793.0,7459.0,7851.0,2000.0,16.40970639495911,61.2,16.99146605527958,66.7,76.43786030298968
1721208,Tocantinópolis - TO,2860.0,1232726.0,2914,2074792.0,22615.0,23246.0,7384.0,12.646473579482644,38.732394366197184,12.535489976770197,39.46370530877573,54.50921954455008
1721257,Tupirama - TO,194.0,80446.0,211,148880.0,1909.0,2045.0,658.0,10.162388685175484,29.48328267477204,10.317848410757946,32.066869300911854,42.14038763750655
1721307,Tupiratins - TO,243.0,100843.0,143,92759.0,1874.0,1875.0,678.0,12.966915688367129,35.84070796460177,7.626666666666667,21.091445427728612,53.811632870864464
1722081,Wanderlândia - TO,1601.0,652422.0,1314,911855.0,10522.0,10718.0,3537.0,15.215738452765635,45.26434831778343,12.259749953349505,37.150127226463106,62.00551226002661
1722107,Xambioá - TO,1510.0,612073.0,1562,1082223.0,10517.0,10591.0,3510.0,14.357706570314729,43.01994301994302,14.748371258615807,44.5014245014245,58.198440619948656
2100055,Açailândia - MA,10296.0,4146944.0,11231,7768844.0,106550.0,110703.0,34388.0,9.663068981698734,29.94067698034198,10.145163184376214,32.65964871466791,38.920168934772406
2100105,Afonso Cunha - MA,1854.0,772439.0,1777,1314081.0,6144.0,6309.0,1699.0,30.17578125,109.12301353737493,28.166111903629734,104.59093584461448,125.72249348958333
2100154,Água Doce do Maranhão - MA,2445.0,1020322.0,2634,1854630.0,12142.0,12474.0,3543.0,20.136715532861142,69.00931414055884,21.115921115921115,74.34377646062659,84.03244934936583
2100204,Alcântara - MA,6550.0,2715604.0,5690,3812684.0,18467.0,18675.0,6288.0,35.468673850652515,104.16666666666667,30.468540829986612,90.48982188295166,147.0517138679807
2100303,Aldeias Altas - MA,3723.0,1522806.0,4031,2939344.0,23286.0,23772.0,6664.0,15.988147384694667,55.86734693877551,16.956924112401143,60.48919567827131,65.3957742849781
2100402,Altamira do Maranhão - MA,1808.0,730750.0,1702,1162391.0,6447.0,6534.0,1950.0,28.044051496820227,92.71794871794872,26.048362411998777,87.28205128205128,113.34729331472002
2100436,Alto Alegre do Maranhão - MA,4344.0,1839845.0,4237,3002206.0,24048.0,24515.0,7540.0,18.063872255489024,57.61273209549071,17.28329594126045,56.19363395225464,76.50719394544245
2100477,Alto Alegre do Pindaré - MA,5020.0,2216184.0,4966,3595176.0,25710.0,26241.0,7425.0,19.525476468300273,67.60942760942761,18.924583666780993,66.88215488215488,86.19929988331388
2100501,Alto Parnaíba - MA,1738.0,726434.0,1736,1231474.0,11109.0,11401.0,3405.0,15.644972544783508,51.04258443465492,15.22673449697395,50.98384728340675,65.39148438203259
2100550,Amapá do Maranhão - MA,1539.0,677152.0,1584,1136370.0,7170.0,7395.0,2025.0,21.464435146443513,76.0,21.419878296146045,78.22222222222223,94.44239888423989
2100600,Amarante do Maranhão - MA,5733.0,2402438.0,5961,4624392.0,37085.0,38337.0,10849.0,15.45908049076446,52.843580053461146,15.548947491979028,54.94515623559775,64.78193339625186
2100709,Anajatuba - MA,5979.0,2922193.0,6197,4201604.0,25322.0,26275.0,8159.0,23.61187899849933,73.28103934305675,23.585156993339677,75.95293540875107,115.40135060421768
2100808,Anapurus - MA,4045.0,1767937.0,3622,2586926.0,13793.0,14115.0,3996.0,29.326469948524615,101.22622622622623,25.660644704215375,90.64064064064064,128.17639382295368
2100832,Apicum-Açu - MA,5253.0,2227365.0,4994,3443296.0,17519.0,17693.0,5044.0,29.98458816142474,104.14353687549564,28.225852031877015,99.00872323552736,127.13996232661681
2100873,Araguanã - MA,1994.0,957157.0,2159,1522848.0,11181.0,11253.0,3210.0,17.833825239245147,62.1183800623053,19.185994845818893,67.25856697819314,85.60567033360165
2100907,Araioses - MA,7635.0,3225717.0,7634,5287717.0,39052.0,40190.0,11973.0,19.550855269896548,63.768479077925335,18.994774819606867,63.76012695230936,82.60055823005224
2100956,Arame - MA,5162.0,2131219.0,4553,3491501.0,25517.0,27782.0,7154.0,20.22965082102128,72.15543751747275,16.38830897703549,63.64271736091697,83.52153466316574
2101004,Arari - MA,4424.0,2211850.0,4872,3371854.0,29472.0,30585.0,8966.0,15.01085776330076,49.341958509926386,15.929377145659638,54.33861253624805,75.04919923995656
2101103,Axixá - MA,2304.0,1131680.0,3194,2168803.0,11790.0,12101.0,3344.0,19.541984732824428,68.89952153110048,26.394512850177673,95.51435406698565,95.98642917726887
2101202,Bacabal - MA,19357.0,7981017.0,16330,10907049.0,103711.0,107874.0,32893.0,18.664365400005785,58.84838719484389,15.138031407011884,49.645821299364606,76.95439249452807
2101251,Bacabeira - MA,3194.0,1382715.0,3514,2427010.0,16966.0,17498.0,5290.0,18.825887068254154,60.37807183364839,20.08229511944222,66.42722117202268,81.49917482022869
2101301,Bacuri - MA,3210.0,1311282.0,3254,2271379.0,16290.0,16957.0,5126.0,19.70534069981584,62.62192742879438,19.18971516188005,63.48029652750683,80.49613259668509
2101350,Bacurituba - MA,1299.0,581392.0,1264,868284.0,5252.0,5376.0,1742.0,24.733434881949734,74.56946039035591,23.511904761904763,72.56027554535017,110.6991622239147
2101400,Balsas - MA,12304.0,4986231.0,11968,8375450.0,101767.0,106332.0,30817.0,12.090363280827773,39.92601486192686,11.255313546251363,38.83570756400688,48.996541118437214
2101509,Barão de Grajaú - MA,3870.0,1567740.0,3699,2531492.0,18984.0,19524.0,6226.0,20.385587863463968,62.158689367169934,18.945912722802703,59.41214262769033,82.58217446270544
2101608,Barra do Corda - MA,15702.0,6324016.0,14224,9901207.0,84532.0,87830.0,27087.0,18.575214120096533,57.96876730534943,16.19492200842537,52.512275261195406,74.81209482799413
2101707,Barreirinhas - MA,13977.0,5819984.0,13098,9400776.0,65589.0,68439.0,17971.0,21.309975758130175,77.77530465750375,19.138210669355193,72.88409103555729,88.73414749424447
2101731,Belágua - MA,1581.0,795761.0,2020,1618742.0,8460.0,8782.0,2070.0,18.68794326241135,76.3768115942029,23.001594169892964,97.58454106280193,94.06158392434988
2101772,Bela Vista do Maranhão - MA,2162.0,1031467.0,2559,1821154.0,11750.0,12132.0,3492.0,18.4,61.91294387170676,21.09297725024728,73.28178694158076,87.78442553191489
2101806,Benedito Leite - MA,1242.0,517132.0,1090,760894.0,5469.0,5601.0,1756.0,22.709818979703783,70.72892938496584,19.460810569541152,62.07289293849659,94.55695739623332
2101905,Bequimão - MA,4115.0,1769684.0,4312,2906186.0,19584.0,19955.0,6707.0,21.01205065359477,61.353809452810495,21.60861939363568,64.29103921276278,90.36376633986929
2101939,Bernardo do Mearim - MA,1054.0,430322.0,944,638026.0,5840.0,5994.0,1803.0,18.04794520547945,58.45812534664448,15.749082415749083,52.35718247365502,73.68527397260274
2101970,Boa Vista do Gurupi - MA,1331.0,615352.0,1757,1280118.0,7574.0,7792.0,2146.0,17.57327700026406,62.02236719478099,22.54876796714579,81.87325256290774,81.24531291259572
2102002,Bom Jardim - MA,5711.0,2602882.0,6300,4502148.0,33100.0,33850.0,9753.0,17.253776435045317,58.556341638470215,18.61152141802068,64.59550907413103,78.63691842900302
2102036,Bom Jesus das Selvas - MA,5344.0,2267264.0,4750,3496538.0,28599.0,29620.0,8264.0,18.68596804084059,64.66602129719264,16.036461850101283,57.478218780251694,79.27773698381063
2102077,Bom Lugar - MA,2739.0,1130243.0,2515,1725700.0,12212.0,12333.0,3560.0,22.42875859810023,76.93820224719101,20.392443039001055,70.64606741573034,92.55183426138225
2102101,Brejo - MA,6545.0,2853995.0,6611,4673684.0,34120.0,35382.0,9644.0,19.18229777256741,67.86603069265865,18.684641908314962,68.55039402737454,83.64580890973036
2102150,Brejo de Areia - MA,1979.0,831886.0,2169,1544685.0,9218.0,9343.0,2545.0,21.468865263614667,77.76031434184677,23.21524135716579,85.22593320235757,90.24582338902148
2102200,Buriti - MA,6419.0,2761418.0,7283,5307317.0,29685.0,30925.0,8083.0,21.623715681320533,79.41358406532228,23.550525464834276,90.10268464678956,93.02401886474651
2102309,Buriti Bravo - MA,5083.0,2069548.0,5418,3786933.0,22455.0,22937.0,6661.0,22.63638387886885,76.30986338387629,23.62122335091773,81.3391382675274,92.1642395902917
2102325,Buriticupu - MA,7812.0,3236839.0,8603,6183770.0,55499.0,56590.0,16339.0,14.075929296023352,47.81198359752739,15.202332567591448,52.65316114817308,58.32247427881583
2102358,Buritirana - MA,2830.0,1184383.0,2196,1534581.0,12918.0,13098.0,4116.0,21.907416008670072,68.75607385811468,16.765918460833714,53.352769679300295,91.68470351447593
2102374,Cachoeira Grande - MA,3454.0,1532930.0,3610,2514014.0,9732.0,10057.0,2681.0,35.4911631730374,128.8325251771727,35.89539624142388,134.65124953375607,157.5143855322647
2102408,Cajapió - MA,2091.0,928787.0,2147,1457043.0,10121.0,10331.0,3145.0,20.660013832625236,66.48648648648648,20.782112089826736,68.2670906200318,91.76830352731943
2102507,Cajari - MA,5097.0,2380608.0,5476,3788754.0,16412.0,16652.0,4907.0,31.05654399220083,103.87201956388833,32.884938746096566,111.59567964132872,145.05288813063612
2102556,Campestre do Maranhão - MA,1774.0,735146.0,1719,1234099.0,12301.0,12522.0,3847.0,14.421591740508902,46.11385495191058,13.727839003354097,44.684169482713806,59.76310869035038
2102606,Cândido Mendes - MA,4101.0,1700736.0,4181,2931995.0,19932.0,20464.0,5682.0,20.574954846478025,72.1752903907075,20.431000781860828,73.58324533614925,85.32691149909692
2102705,Cantanhede - MA,4141.0,1790971.0,3248,2270871.0,24303.0,25131.0,6016.0,17.03904867711805,68.83311170212765,12.924276789622379,53.98936170212766,73.6934123359256
2102754,Capinzal do Norte - MA,2527.0,1034788.0,2255,1564438.0,11374.0,11696.0,3579.0,22.2173377879374,70.6063146130204,19.280095759233927,63.00642637608271,90.97837172498681
2102804,Carolina - MA,4283.0,1791631.0,3845,2712696.0,24062.0,24630.0,7811.0,17.79985038650154,54.832927922161055,15.611043442955745,49.225451286647036,74.45893940653312
2102903,Carutapera - MA,7106.0,2976027.0,5830,3931421.0,24238.0,24950.0,7065.0,29.31760046208433,100.58032554847841,23.36673346693387,82.51946213729653,122.78352174271805
2103000,Caxias - MA,18829.0,7585893.0,13510,9202316.0,156973.0,163650.0,48203.0,11.995056474680359,39.06188411509657,8.255423159181179,28.02730120531917,48.32610066699369
2103109,Cedral - MA,1960.0,822127.0,2570,1693630.0,10208.0,10448.0,3206.0,19.20062695924765,61.1353711790393,24.59800918836141,80.1621958827199,80.53751959247649
2103125,Central do Maranhão - MA,2514.0,1082050.0,2452,1615109.0,7094.0,7209.0,2210.0,35.43839864674373,113.75565610859728,34.01303925648495,110.9502262443439,152.5303073019453
2103158,Centro do Guilherme - MA,2988.0,1371992.0,3026,2178811.0,12342.0,12715.0,3283.0,24.210014584346133,91.01431617423088,23.798662996460873,92.17179409077063,111.16447901474639
2103174,Centro Novo do Maranhão - MA,3994.0,1815102.0,3672,2679264.0,16267.0,16432.0,4508.0,24.55277555787791,88.5980479148181,22.34664070107108,81.45519077196096,111.58185283088461
2103208,Chapadinha - MA,22025.0,9180714.0,22317,15269400.0,81386.0,84564.0,23972.0,27.062394023542133,91.87802436175538,26.390662693344687,93.0961121308193,112.8045855552552
2103257,Cidelândia - MA,2590.0,1068785.0,2447,1780999.0,12878.0,13131.0,4144.0,20.111818605373504,62.5,18.63529053385119,59.0492277992278,82.99308898897344
2103307,Codó - MA,16824.0,6852509.0,17961,12445134.0,114275.0,118272.0,34888.0,14.72238022314592,48.22288465948177,15.186181006493506,51.48188488878697,59.965075475825856
2103406,Coelho Neto - MA,9444.0,3879766.0,8695,5960711.0,41658.0,42774.0,11916.0,22.670315425608525,79.25478348439073,20.327769205592183,72.96911715340718,93.13375582121081
2103505,Colinas - MA,8259.0,3436808.0,8256,5736940.0,40316.0,41826.0,12482.0,20.48566326024407,66.16728088447364,19.73891837612968,66.14324627463547,85.2467506697093
2103554,Conceição do Lago-Açu - MA,2692.0,1385209.0,3048,2215944.0,14915.0,15291.0,4105.0,18.048944016091184,65.57856272838002,19.93329409456543,74.25091352009744,92.87355011733155
2103604,Coroatá - MA,9757.0,4018450.0,9977,6963062.0,59566.0,61324.0,18889.0,16.380149749857303,51.65440203292922,16.26932359272063,52.819101064111386,67.46214283315986
2103703,Cururupu - MA,8921.0,3659957.0,8167,5585149.0,31558.0,32598.0,10031.0,28.268584827935864,88.93430365865817,25.053684275108903,81.41760542318812,115.97556879396666
2103752,Davinópolis - MA,1526.0,613538.0,1616,1105497.0,14404.0,14863.0,4568.0,10.594279366842544,33.40630472854641,10.872636748973962,35.37653239929948,42.594973618439326
2103802,Dom Pedro - MA,4325.0,1751307.0,4357,2995871.0,23053.0,23607.0,7305.0,18.761115689931895,59.20602327173169,18.456390053797602,59.644079397672826,75.96872424413309
2103901,Duque Bacelar - MA,2875.0,1229839.0,2968,2113427.0,10223.0,10439.0,2748.0,28.122860217157392,104.62154294032024,28.43184213047227,108.00582241630276,120.30118360559523
2104008,Esperantinópolis - MA,3805.0,1591695.0,3300,2283048.0,18311.0,18743.0,5630.0,20.779859101086778,67.58436944937833,17.6065731206317,58.6145648312611,86.92561848069467
2104057,Estreito - MA,4359.0,1761489.0,4033,2752596.0,33294.0,34293.0,10763.0,13.092449089926113,40.499860633652325,11.760417577931356,37.47096534423488,52.907100378446565
2104073,Feira Nova do Maranhão - MA,1536.0,634848.0,1367,975108.0,8048.0,8239.0,2484.0,19.08548707753479,61.83574879227053,16.591819395557714,55.03220611916264,78.88270377733599
2104081,Fernando Falcão - MA,2423.0,1023874.0,2392,1858921.0,10873.0,11250.0,2668.0,22.284558079646832,90.81709145427287,21.26222222222222,89.65517241379311,94.16665133817713
2104099,Formosa da Serra Negra - MA,3278.0,1399205.0,3176,2310953.0,17719.0,18164.0,5128.0,18.49991534510977,63.92355694227769,17.48513543272407,61.93447737909516,78.96636379028162
2104107,Fortaleza dos Nogueiras - MA,2632.0,1099790.0,2465,1727323.0,12640.0,12974.0,3902.0,20.82278481012658,67.45258841619682,18.999537536611683,63.17273193234239,87.00870253164557
2104206,Fortuna - MA,2981.0,1235574.0,3317,2390678.0,16976.0,17348.0,5136.0,17.560084825636192,58.04127725856698,19.12035969564215,64.58333333333333,72.78357681432611
2104305,Godofredo Viana - MA,1714.0,711362.0,2028,1431854.0,10186.0,10425.0,3140.0,16.82701747496564,54.5859872611465,19.453237410071942,64.5859872611465,69.83722756724917
2104404,Gonçalves Dias - MA,3505.0,1447098.0,3518,2463058.0,17206.0,17580.0,5339.0,20.370800883412763,65.64899793968908,20.011376564277587,65.89248923019292,84.10426595373707
2104503,Governador Archer - MA,1652.0,668858.0,1752,1229427.0,10231.0,10480.0,2967.0,16.147004202912715,55.67913717559825,16.717557251908396,59.04954499494439,65.37562310624573
2104552,Governador Edison Lobão - MA,2813.0,1139236.0,2604,1807179.0,18411.0,19010.0,5953.0,15.278909347672586,47.253485637493704,13.698053655970542,43.74265076432051,61.8780077127804
2104602,Governador Eugênio Barros - MA,2804.0,1180680.0,2293,1614784.0,13930.0,14269.0,4349.0,20.12921751615219,64.47459186019775,16.069801667951502,52.72476431363532,84.75807609475952
2104628,Governador Luiz Rocha - MA,1226.0,506476.0,1235,879309.0,7063.0,7213.0,2185.0,17.35806314597197,56.109839816933636,17.12186330237072,56.52173913043478,71.7083392326207
2104651,Governador Newton Bello - MA,1983.0,842547.0,2114,1453313.0,10713.0,11004.0,2806.0,18.510221226547184,70.66999287241624,19.21119592875318,75.33856022808268,78.64715765891907
2104677,Governador Nunes Freire - MA,4525.0,2078413.0,4801,3424254.0,23128.0,23493.0,6739.0,19.565029401591143,67.14646089924321,20.43587451581322,71.24202403917495,89.86566067104808
2104701,Graça Aranha - MA,1127.0,458238.0,1102,782377.0,6023.0,6160.0,1978.0,18.71160551220322,56.97674418604651,17.88961038961039,55.71284125379171,76.0813548065748
2104800,Grajaú - MA,11283.0,4647100.0,13678,10029576.0,73872.0,75281.0,21786.0,15.273716699155296,51.79014045717433,18.169259175622003,62.78343890571927,62.907461555122374
2104909,Guimarães - MA,2267.0,977277.0,2103,1416642.0,10290.0,10412.0,3516.0,22.031098153547134,64.47667804323095,20.19784863618901,59.81228668941979,94.9734693877551
2105005,Humberto de Campos - MA,5477.0,2319123.0,5613,4205333.0,25680.0,26552.0,6984.0,21.327881619937695,78.422107674685,21.13965049713769,80.36941580756013,90.30852803738318
2105104,Icatu - MA,5712.0,2456013.0,6612,4597802.0,24794.0,25332.0,6914.0,23.03783173348391,82.61498409025167,26.1013737565135,95.63205091119468,99.05674760022586
2105153,Igarapé do Meio - MA,2892.0,1314817.0,2741,1980791.0,13974.0,14411.0,4033.0,20.695577501073423,71.70840565335978,19.020192908195128,67.96429456979915,94.09023901531415
2105203,Igarapé Grande - MA,2131.0,872835.0,1965,1335022.0,10231.0,10460.0,3222.0,20.828853484507867,66.13904407200496,18.78585086042065,60.98696461824954,85.31277489981429
2105302,Imperatriz - MA,23908.0,9650759.0,28153,19318070.0,273110.0,286383.0,90440.0,8.75398191205009,26.435205661211853,9.830541617344604,31.12892525431225,35.33652740653949
2105351,Itaipava do Grajaú - MA,3222.0,1358262.0,3396,2511931.0,13828.0,14142.0,3811.0,23.300549609487994,84.54473891367095,24.013576580398812,89.11046969299396,98.22548452415388
2105401,Itapecuru Mirim - MA,10022.0,4155295.0,9412,6630310.0,60440.0,62260.0,18878.0,16.58173395102581,53.088250874033264,15.117250240925152,49.856976374615954,68.7507445400397
2105427,Itinga do Maranhão - MA,4143.0,1725109.0,3936,2762555.0,22513.0,22863.0,7302.0,18.402700661839827,56.73788003286771,17.21558850544548,53.90304026294166,76.62723759605561
2105450,Jatobá - MA,1910.0,785528.0,1805,1284328.0,7471.0,7577.0,2280.0,25.56552001070807,83.7719298245614,23.82209317671902,79.16666666666667,105.14362200508633
2105476,Jenipapo dos Vieiras - MA,2914.0,1229263.0,3012,2430308.0,17076.0,17555.0,4678.0,17.064886390255328,62.29157759726379,17.15750498433495,64.38648995297136,71.98776059967206
2105500,João Lisboa - MA,3521.0,1461149.0,3596,2545413.0,24709.0,25331.0,7626.0,14.249868468978914,46.1709939680042,14.196044372507995,47.15447154471545,59.134283054757375
2105609,Joselândia - MA,2946.0,1307615.0,2909,2103355.0,14924.0,15221.0,4466.0,19.740016081479496,65.96506941334528,19.111753498456082,65.13658755038065,87.618265880461
2105658,Junco do Maranhão - MA,1016.0,437767.0,1122,809907.0,5146.0,5287.0,1499.0,19.743490089389816,67.77851901267512,21.221864951768488,74.84989993328885,85.06937427127866
2105708,Lago da Pedra - MA,8955.0,3728364.0,8704,6087112.0,44403.0,45857.0,13477.0,20.16755624619958,66.44653854715442,18.980744488300587,64.58410625510129,83.96648875076008
2105807,Lago do Junco - MA,1870.0,760492.0,2061,1458888.0,9506.0,9676.0,2869.0,19.671786240269302,65.1795050540258,21.300124018189333,71.83687696061345,80.00126236061435
2105906,Lago Verde - MA,3031.0,1386737.0,2958,2106703.0,14769.0,15062.0,4306.0,20.522716500778657,70.39015327450069,19.63882618510158,68.69484440315838,93.8951181528878
2105922,Lagoa do Mato - MA,2473.0,1019529.0,2493,1731214.0,10572.0,10804.0,3167.0,23.39197881195611,78.08651720871487,23.074787115883005,78.71802968108621,96.43671963677639
2105948,Lago dos Rodrigues - MA,1383.0,581392.0,1729,1212479.0,8758.0,8963.0,2800.0,15.791276547156885,49.392857142857146,19.29041615530514,61.75,66.3841059602649
2105963,Lagoa Grande do Maranhão - MA,2243.0,956657.0,2428,1723160.0,11411.0,11749.0,3366.0,19.656471825431602,66.6369578134284,20.665588560728573,72.13309566250743,83.83638594338795
2105989,Lajeado Novo - MA,1688.0,693518.0,1577,1115899.0,7057.0,7236.0,2342.0,23.919512540739692,72.07514944491888,21.79380873410724,67.33561058923996,98.27377072410373
2106003,Lima Campos - MA,1956.0,788455.0,2077,1428701.0,11297.0,11560.0,3659.0,17.31433123838187,53.45722875102487,17.96712802768166,56.76414320852692,69.79330795786493
2106102,Loreto - MA,2448.0,1013063.0,2138,1491725.0,11597.0,11891.0,3203.0,21.108907476071398,76.4283484233531,17.979984862501052,66.7499219481736,87.35560920927826
2106201,Luís Domingues - MA,2163.0,890502.0,2081,1445884.0,7161.0,7379.0,2115.0,30.205278592375368,102.26950354609929,28.20165334056105,98.39243498817967,124.35441977377461
2106300,Magalhães de Almeida - MA,2503.0,1053732.0,2552,1798962.0,13807.0,13873.0,4214.0,18.12848555080756,59.397247271001426,18.39544438838031,60.56003796867584,76.31867893097704
2106326,Maracaçumé - MA,4759.0,2026794.0,4538,3253178.0,21149.0,21768.0,6000.0,22.50224596907655,79.31666666666666,20.847115031238516,75.63333333333334,95.83403470613268
2106359,Marajá do Sena - MA,1322.0,536784.0,1468,1084786.0,7027.0,7142.0,1918.0,18.81314928134339,68.9259645464025,20.554466535984318,76.53806047966631,76.38878611071581
2106375,Maranhãozinho - MA,1735.0,878565.0,2395,1721446.0,13761.0,14097.0,3326.0,12.608095341908292,52.16476247745039,16.989430375257147,72.00841852074564,63.84456071506431
2106409,Mata Roma - MA,4184.0,1857310.0,4088,2907966.0,17090.0,17618.0,4803.0,24.482153306026916,87.11222152821153,23.203541832217052,85.11347074744951,108.67817437097717
2106508,Matinha - MA,5567.0,2668456.0,5633,3934460.0,22034.0,22549.0,6819.0,25.26549877462104,81.63953658894266,24.981152157523614,82.60742044288018,121.10629027866025
2106607,Matões - MA,6782.0,2857442.0,5949,4247075.0,32174.0,33350.0,9369.0,21.079132218561572,72.38766143665279,17.83808095952024,63.49663784822286,88.81214645365823
2106631,Matões do Norte - MA,2302.0,964538.0,1846,1236651.0,17432.0,18087.0,3903.0,13.205598898577328,58.98027158595952,10.206225465804168,47.29695106328465,55.33145938503901
2106672,Milagres do Maranhão - MA,1692.0,739986.0,1683,1210336.0,8818.0,9079.0,2369.0,19.18802449535042,71.42254115660616,18.5372838418328,71.04263402279443,83.91766840553413
2106706,Mirador - MA,4710.0,2004131.0,5183,3616584.0,21030.0,21552.0,6233.0,22.39657631954351,75.5655382640783,24.04881217520416,83.15417936788063,95.29866856871136
2106755,Miranda do Norte - MA,3956.0,1716774.0,4692,3190079.0,23864.0,24371.0,6595.0,16.577271203486422,59.98483699772555,19.25239013581716,71.144806671721,71.93990948709353
2106805,Mirinzal - MA,4018.0,1680820.0,4665,3127844.0,13978.0,14298.0,4531.0,28.745170982973242,88.67799602736703,32.62694083088544,102.95740454645774,120.24753183574188
2106904,Monção - MA,6815.0,3015904.0,6384,4551399.0,27751.0,28526.0,7956.0,24.557673597347843,85.65862242332831,22.37958353782514,80.24132730015083,108.67730892580448
2107001,Montes Altos - MA,1902.0,782082.0,1788,1250544.0,9106.0,9304.0,2888.0,20.887327037118382,65.85872576177286,19.217540842648322,61.91135734072022,85.88644849549748
2107100,Morros - MA,4195.0,1815331.0,4393,3141210.0,18554.0,19033.0,5181.0,22.609679853400884,80.9689249179695,23.080964640361476,84.79058096892491,97.84041177104667
2107209,Nina Rodrigues - MA,2542.0,1143965.0,2551,1881672.0,14176.0,14621.0,3526.0,17.931715575620768,72.09302325581395,17.4475070104644,72.34826999432785,80.69730530474041
2107258,Nova Colinas - MA,890.0,367709.0,887,638146.0,5021.0,5152.0,1473.0,17.725552678749253,60.42090970807875,17.216614906832298,60.21724372029871,73.23421629157538
2107308,Nova Iorque - MA,1140.0,463251.0,1092,744736.0,4320.0,4405.0,1334.0,26.38888888888889,85.45727136431785,24.7900113507378,81.85907046476761,107.23402777777778
2107357,Nova Olinda do Maranhão - MA,2991.0,1427080.0,3414,2444945.0,14314.0,14302.0,4297.0,20.895626659214756,69.60670235047708,23.87078730247518,79.45077961368396,99.69819756881375
2107407,Olho d'Água das Cunhãs - MA,3848.0,1648028.0,3963,2693154.0,17919.0,18281.0,5668.0,21.47441263463363,67.88990825688073,21.678245172583555,69.91884262526465,91.97098052346671
2107456,Olinda Nova do Maranhão - MA,3271.0,1402037.0,3319,2297957.0,13577.0,13932.0,4161.0,24.09221477498711,78.6109108387407,23.822853861613552,79.76447969238164,103.26559622891655
2107506,Paço do Lumiar - MA,16266.0,6579751.0,17226,11843245.0,145643.0,153903.0,47860.0,11.16840493535563,33.986627664020055,11.192764273600904,35.99247806101128,45.17725534354552
2107605,Palmeirândia - MA,4839.0,2192810.0,5887,3902336.0,21059.0,21702.0,6061.0,22.97829906453298,79.83831050981686,27.12653211685559,97.12918660287082,104.12697658958164
2107704,Paraibano - MA,5309.0,2216518.0,4280,2945069.0,18274.0,18564.0,5883.0,29.052205319032506,90.24307326194119,23.055375996552467,72.75199728029916,121.2935317938054
2107803,Parnarama - MA,5687.0,2349572.0,5417,3842364.0,31250.0,32212.0,9448.0,18.1984,60.192633361558,16.816714267974668,57.33488569009314,75.186304
2107902,Passagem Franca - MA,3764.0,1602450.0,3640,2563971.0,17220.0,17590.0,5296.0,21.858304297328687,71.07250755287009,20.69357589539511,68.73111782477342,93.05749128919861
2108009,Pastos Bons - MA,4006.0,1669739.0,3738,2612340.0,18802.0,19284.0,5712.0,21.30624401659398,70.13305322128852,19.38394523957685,65.44117647058823,88.80645675991916
2108058,Paulino Neves - MA,3571.0,1601741.0,3702,2728898.0,17056.0,17625.0,4418.0,20.93691369606004,80.8284291534631,21.004255319148935,83.79357175192395,93.91070590994372
2108108,Paulo Ramos - MA,3925.0,1591964.0,4426,3129541.0,20341.0,20803.0,5957.0,19.296003146354654,65.88887023669632,21.275777532086718,74.29914386436126,78.26380217295119
2108207,Pedreiras - MA,4434.0,1809677.0,4122,2747053.0,37050.0,38239.0,12106.0,11.96761133603239,36.62646621509995,10.779570595465362,34.049231785891294,48.84418353576248
2108256,Pedro do Rosário - MA,6509.0,2731412.0,7267,5072243.0,24320.0,24989.0,6940.0,26.763980263157894,93.78962536023054,29.08079555004202,104.71181556195965,112.31134868421053
2108306,Penalva - MA,7078.0,2963194.0,7526,5391517.0,32511.0,33463.0,9678.0,21.771092860877857,73.13494523661913,22.490511908675252,77.76400082661706,91.14435114269017
2108405,Peri Mirim - MA,3578.0,1492164.0,3880,2541894.0,11108.0,11187.0,3782.0,32.2110190853439,94.6060285563194,34.68311432913203,102.59122157588577,134.33237306445804
2108454,Peritoró - MA,5282.0,2257219.0,4287,3016181.0,20479.0,20896.0,6198.0,25.79227501342839,85.22103904485319,20.515888208269526,69.1674733785092,110.22115337662972
2108504,Pindaré-Mirim - MA,4833.0,2250774.0,5411,3815765.0,31429.0,32560.0,9431.0,15.377517579305737,51.24589120983989,16.61855036855037,57.374615629307606,71.61455980145725
2108603,Pinheiro - MA,14621.0,6617671.0,18128,12245472.0,84621.0,88241.0,26145.0,17.27821699105423,55.922738573340986,20.543738171598235,69.33639319181488,78.20364921237045
2108702,Pio XII - MA,4945.0,2268850.0,4806,3362184.0,21886.0,22378.0,6514.0,22.5943525541442,75.91341725514278,21.47645008490482,73.7795517347252,103.66672758841268
2108801,Pirapemas - MA,3298.0,1366909.0,3280,2300923.0,17714.0,18143.0,5240.0,18.618042226487525,62.93893129770992,18.078597806316484,62.595419847328245,77.16546234616688
2108900,Poção de Pedras - MA,4224.0,1700316.0,3753,2549090.0,17161.0,17351.0,5705.0,24.613950236000232,74.04031551270815,21.62987724050487,65.78439964943033,99.08024007924946
2109007,Porto Franco - MA,2192.0,888144.0,2349,1591569.0,23903.0,24618.0,7807.0,9.170397021294399,28.077366465992057,9.541798683889837,30.08838222108364,37.15617286533071
2109056,Porto Rico do Maranhão - MA,1884.0,769938.0,2059,1370626.0,5954.0,6092.0,1873.0,31.642593214645615,100.5872931126535,33.798424162836504,109.93059263214096,129.31441048034935
2109106,Presidente Dutra - MA,4836.0,1961227.0,4977,3359789.0,45155.0,46631.0,14340.0,10.70977743328535,33.72384937238494,10.673157341682572,34.7071129707113,43.43321891263426
2109205,Presidente Juscelino - MA,2635.0,1156763.0,2729,1980291.0,11356.0,11616.0,3161.0,23.20359281437126,83.35969629863968,23.493457300275484,86.33343878519456,101.86359633673828
2109239,Presidente Médici - MA,1339.0,581228.0,1302,906701.0,4696.0,4690.0,1386.0,28.513628620102214,96.60894660894661,27.761194029850746,93.93939393939394,123.77086882453152
2109270,Presidente Sarney - MA,3332.0,1562502.0,4223,3106939.0,17511.0,17936.0,4934.0,19.028039518017245,67.53141467369275,23.544826048171277,85.58978516416701,89.22974130546514
2109304,Presidente Vargas - MA,2262.0,972143.0,2370,1717356.0,10549.0,10791.0,3111.0,21.44279078585648,72.70973963355834,21.962746733388936,76.18129218900675,92.15499099440706
2109403,Primeira Cruz - MA,3238.0,1343458.0,2482,1680783.0,13614.0,13918.0,3604.0,23.784339650359925,89.84461709211986,17.833021985917515,68.86792452830188,98.68209196415455
2109452,Raposa - MA,6052.0,2595397.0,6257,4444546.0,30839.0,32246.0,9508.0,19.624501442978048,63.65166175851914,19.4039570799479,65.80774084981068,84.15957067349784
2109502,Riachão - MA,3407.0,1383014.0,3592,2578125.0,22145.0,22776.0,7145.0,15.384962745540754,47.68369489153254,15.770987003863716,50.27291812456263,62.45265296906751
2109551,Ribamar Fiquene - MA,931.0,402379.0,1010,699336.0,7420.0,7605.0,2427.0,12.547169811320755,38.36011536876803,13.280736357659434,41.61516275236918,54.22897574123989
2109601,Rosário - MA,5621.0,2619468.0,6315,4412082.0,38475.0,39759.0,12124.0,14.609486679662119,46.36258660508083,15.883196257451143,52.08677004289014,68.08233918128656
2109700,Sambaíba - MA,1271.0,515088.0,1075,758304.0,5568.0,6238.0,1679.0,22.826867816091955,75.6998213222156,17.233087528053865,64.02620607504467,92.50862068965517
2109759,Santa Filomena do Maranhão - MA,1406.0,577995.0,1134,791406.0,6697.0,6828.0,2001.0,20.994475138121548,70.26486756621689,16.608084358523726,56.67166416791604,86.30655517395849
2109809,Santa Helena - MA,8780.0,3773080.0,7362,4833402.0,41561.0,43278.0,11022.0,21.125574456822502,79.65886409000181,17.010952446970748,66.7936853565596,90.78414860085176
2109908,Santa Inês - MA,10704.0,4423735.0,11582,7997637.0,85014.0,88320.0,26886.0,12.590867386548098,39.81254184333854,13.113677536231885,43.07818195343302,52.03537064483497
2110005,Santa Luzia - MA,10154.0,4167780.0,10390,7495576.0,57635.0,58667.0,17039.0,17.617766981868655,59.59269910205998,17.710126647007687,60.97775691061682,72.31335126225383
2110039,Santa Luzia do Paruá - MA,4426.0,2055508.0,5188,3633563.0,24307.0,24907.0,7134.0,18.208746451639445,62.040930754135125,20.829485686754726,72.72217549761704,84.56444645575348
2110104,Santa Quitéria do Maranhão - MA,6164.0,2733270.0,5695,4099023.0,23957.0,24501.0,6491.0,25.729431898818717,94.96225543059622,23.24394922656218,87.73686643044215,114.09066243686605
2110203,Santa Rita - MA,6923.0,3036743.0,8715,6050448.0,37035.0,38625.0,11311.0,18.693128122046712,61.205905755459284,22.563106796116504,77.04889046061356,81.99657081139463
2110237,Santana do Maranhão - MA,1773.0,729019.0,1783,1265385.0,10567.0,10744.0,2952.0,16.7786505157566,60.0609756097561,16.59530900967982,60.39972899728997,68.99015803917858
2110278,Santo Amaro do Maranhão - MA,3476.0,1471436.0,3274,2351615.0,13949.0,14294.0,3550.0,24.91934905728009,97.91549295774648,22.904715265146216,92.22535211267606,105.4868449351208
2110302,Santo Antônio dos Lopes - MA,2986.0,1204538.0,3200,2216385.0,14304.0,14632.0,4360.0,20.875279642058164,68.4862385321101,21.869874248223073,73.39449541284404,84.20987136465324
2110401,São Benedito do Rio Preto - MA,3833.0,1921747.0,4145,3092209.0,18364.0,18825.0,5019.0,20.872358963188848,76.36979477983662,22.01859229747676,82.58617254433155,104.64751688085384
2110500,São Bento - MA,8021.0,3406245.0,6965,4714058.0,46395.0,48280.0,11901.0,17.28850091604699,67.3976976724645,14.42626346313173,58.524493740021846,73.41836404784998
2110609,São Bernardo - MA,6497.0,2728265.0,6566,4543497.0,26943.0,27930.0,7765.0,24.11387002189808,83.67031551835157,23.50877192982456,84.55891822279459,101.26062428088929
2110658,São Domingos do Azeitão - MA,1972.0,818458.0,1656,1198040.0,7992.0,8255.0,2249.0,24.674674674674673,87.68341485104492,20.060569351907933,73.63272565584704,102.40965965965965
2110708,São Domingos do Maranhão - MA,6721.0,2740939.0,7172,5001327.0,34034.0,35269.0,10769.0,19.747899159663866,62.41062308478039,20.33513850690408,66.59856996935649,80.53531762355291
2110807,São Félix de Balsas - MA,917.0,371873.0,798,540365.0,4402.0,4487.0,1415.0,20.831440254429804,64.80565371024736,17.784711388455538,56.39575971731449,84.47819173103134
2110856,São Francisco do Brejão - MA,1545.0,622315.0,1647,1177342.0,9051.0,9184.0,2837.0,17.06993702353331,54.458935495241455,17.933362369337978,58.054282692985545,68.75649099547012
2110906,São Francisco do Maranhão - MA,2765.0,1176282.0,2525,1773971.0,12064.0,12367.0,3808.0,22.91942970822281,72.61029411764706,20.417239427508694,66.3077731092437,97.50348143236074
2111003,São João Batista - MA,5940.0,2759803.0,6111,4067448.0,18544.0,18871.0,5903.0,32.03192407247627,100.62679993223784,32.3830215674845,103.52363205149923,148.8245793787748
2111029,São João do Carú - MA,2536.0,1081803.0,2639,1920961.0,12251.0,12305.0,3316.0,20.700350991755776,76.47768395657418,21.446566436407963,79.58383594692401,88.30324055179169
2111052,São João do Paraíso - MA,1728.0,699723.0,1812,1279767.0,9904.0,10078.0,3207.0,17.447495961227787,53.882132834424695,17.979757888469933,56.50140318054256,70.65054523424878
2111078,São João do Soter - MA,3558.0,1523067.0,3525,2570480.0,16889.0,17252.0,5135.0,21.066966664692995,69.28919182083739,20.432413633201946,68.64654333008764,90.18100538812244
2111102,São João dos Patos - MA,4646.0,1882075.0,4630,3187826.0,25020.0,25926.0,8272.0,18.5691446842526,56.165377176015475,17.858520404227416,55.97195357833656,75.22282174260592
2111201,São José de Ribamar - MA,29250.0,11843954.0,24900,16769588.0,244579.0,260695.0,81056.0,11.959326025537761,36.086162652980654,9.551391472793878,30.719502566127122,48.42588284358019
2111250,São José dos Basílios - MA,1448.0,618242.0,1222,861767.0,6957.0,7087.0,2108.0,20.813569067126636,68.69070208728652,17.242839000987725,57.9696394686907,88.86617795026592
2111300,São Luís - MA,116565.0,47187731.0,117368,78502635.0,1037775.0,1090229.0,348724.0,11.232203512322036,33.42614789919822,10.765444690977768,33.6564159621936,45.47009804630098
2111409,São Luís Gonzaga do Maranhão - MA,3625.0,1492062.0,3697,2572755.0,17818.0,18097.0,5560.0,20.344595353013805,65.1978417266187,20.428800353649777,66.49280575539568,83.7390279492648
2111508,São Mateus do Maranhão - MA,6874.0,2920781.0,6605,4622335.0,38829.0,40191.0,11953.0,17.70326302505859,57.50857525307454,16.43402751859869,55.25809420229231,75.22163846609493
2111532,São Pedro da Água Branca - MA,1630.0,666656.0,1706,1245507.0,14338.0,14829.0,3936.0,11.368391686427675,41.41260162601626,11.504484456133252,43.34349593495935,46.495745571209376
2111573,São Pedro dos Crentes - MA,854.0,347382.0,990,695880.0,5783.0,6018.0,1709.0,14.767421753415183,49.97074312463429,16.450648055832502,57.928613224107664,60.0695140930313
2111607,São Raimundo das Mangabeiras - MA,3780.0,1536813.0,2920,2004425.0,18672.0,19184.0,5794.0,20.24421593830334,65.23990334829134,15.221017514595497,50.396962374870554,82.30575192802057
2111631,São Raimundo do Doca Bezerra - MA,1230.0,520427.0,1155,818557.0,5650.0,5755.0,1685.0,21.76991150442478,72.99703264094956,20.069504778453517,68.5459940652819,92.11097345132744
2111672,São Roberto - MA,1557.0,657905.0,1095,749743.0,4544.0,4554.0,1365.0,34.26496478873239,114.06593406593407,24.04479578392622,80.21978021978022,144.78543133802816
2111706,São Vicente Ferrer - MA,6563.0,2709255.0,5014,3331080.0,19498.0,19848.0,6243.0,33.65986255000513,105.1257408297293,25.261991132607818,80.31395162582092,138.950405169761
2111722,Satubinha - MA,1772.0,755375.0,1812,1255963.0,8784.0,8770.0,2450.0,20.17304189435337,72.3265306122449,20.661345496009123,73.95918367346938,85.99442167577413
2111748,Senador Alexandre Costa - MA,2550.0,1100143.0,2766,2041579.0,10207.0,10449.0,3027.0,24.9828549034976,84.2418235877106,26.47143267298306,91.37760158572844,107.78318800822964
2111763,Senador La Rocque - MA,2968.0,1214579.0,2979,2094657.0,14700.0,15052.0,4605.0,20.19047619047619,64.45168295331162,19.791389848525114,64.69055374592834,82.62442176870748
2111789,Serrano do Maranhão - MA,4707.0,1973656.0,3802,2618406.0,10202.0,10488.0,3148.0,46.13801215447951,149.52350698856418,36.25095347063311,120.77509529860228,193.45775338168986
2111805,Sítio Novo - MA,3587.0,1491456.0,3049,2175421.0,17074.0,17470.0,5197.0,21.0085510132365,69.02058880123148,17.45277618775043,58.66846257456225,87.35246573737847
2111904,Sucupira do Norte - MA,2767.0,1188723.0,2548,1777975.0,10238.0,10470.0,3127.0,27.02676303965618,88.48736808442597,24.33619866284623,81.48385033578509,116.10890798984177
2111953,Sucupira do Riachão - MA,1338.0,542969.0,1011,705582.0,4985.0,5076.0,1566.0,26.840521564694082,85.44061302681992,19.91725768321513,64.55938697318008,108.92056168505516
2112001,Tasso Fragoso - MA,1312.0,537858.0,1149,829067.0,8862.0,9150.0,2638.0,14.804784473030919,49.73464746019712,12.557377049180328,43.55572403335861,60.6926201760325
2112100,Timbiras - MA,4969.0,2087127.0,4719,3403591.0,26484.0,27314.0,7575.0,18.762271560187283,65.5973597359736,17.27685436040126,62.2970297029703,78.80709107385591
2112209,Timon - MA,28942.0,11766723.0,25134,17497619.0,174465.0,183123.0,54199.0,16.589000659157996,53.399509216037195,13.725201094346422,46.373549327478365,67.44460493508727
2112233,Trizidela do Vale - MA,3474.0,1421606.0,2969,2006953.0,22484.0,23137.0,7272.0,15.450987368795587,47.772277227722775,12.83226001642391,40.827832783278325,63.227450631560224
2112274,Tufilândia - MA,1331.0,618165.0,1335,994914.0,5507.0,5634.0,1567.0,24.16923915017251,84.93937460114869,23.69542066027689,85.19463943841735,112.25077174505175
2112308,Tuntum - MA,6653.0,2691643.0,6609,4630881.0,36251.0,37331.0,11376.0,18.352597169733247,58.48277074542897,17.703785057994697,58.095991561181435,74.25017240903699
2112407,Turiaçu - MA,7403.0,3177544.0,9272,6536616.0,37491.0,39070.0,10226.0,19.746072390707102,72.39389790729513,23.73176350140773,90.67083903774692,84.7548478301459
2112456,Turilândia - MA,6660.0,3214014.0,5658,3987920.0,31638.0,33383.0,7213.0,21.050635311966623,92.33328712047691,16.948746367911813,78.44170248163039,101.58714204437702
2112506,Tutóia - MA,11891.0,5067324.0,12067,8626715.0,53356.0,55107.0,14744.0,22.286153384811456,80.64975583288117,21.897399604405972,81.84346174715138,94.97196191618562
2112605,Urbano Santos - MA,6173.0,2699014.0,7009,5185489.0,32812.0,34216.0,8599.0,18.813239058880896,71.78741714152808,20.484568622866494,81.50947784626119,82.25691820065829
2112704,Vargem Grande - MA,7874.0,3484708.0,7196,5194585.0,43261.0,44359.0,12882.0,18.201151152308082,61.12404906070486,16.222187154805113,55.86089116596802,80.5507963292573
2112803,Viana - MA,12697.0,5204274.0,9428,6515640.0,51442.0,53229.0,15784.0,24.682166323237823,80.44221996958946,17.712149392248588,59.73137354282818,101.16780062983554
2112852,Vila Nova dos Martírios - MA,1558.0,648493.0,1584,1166326.0,10362.0,10549.0,3312.0,15.03570739239529,47.04106280193237,15.015641293013555,47.82608695652174,62.58376761243003
2112902,Vitória do Mearim - MA,5390.0,2436479.0,5887,4150500.0,30805.0,31866.0,9357.0,17.497159552020776,57.60393288447152,18.474235862674952,62.91546435823448,79.09362116539523
2113009,Vitorino Freire - MA,5369.0,2230282.0,4963,3399112.0,30845.0,31933.0,9768.0,17.40638677257254,54.965192465192466,15.541915886387123,50.80876330876331,72.30611120116713
2114007,Zé Doca - MA,7636.0,3188053.0,6830,4719922.0,40801.0,41704.0,12629.0,18.715227567951764,60.464011402327976,16.377325915979284,54.08187504948927,78.13663880787236
2200053,Acauã - PI,1668.0,672496.0,1383,926096.0,6420.0,6309.0,2216.0,25.981308411214954,75.27075812274369,21.92106514503091,62.40974729241877,104.75015576323987
2200103,Agricolândia - PI,1006.0,415068.0,962,662537.0,4940.0,5010.0,1722.0,20.364372469635626,58.42044134727062,19.201596806387226,55.86527293844367,84.02186234817813
2200202,Água Branca - PI,3638.0,1474024.0,3558,2392335.0,17573.0,18269.0,5880.0,20.70221362317191,61.87074829931973,19.475614428813838,60.51020408163265,83.8800432481648
2200251,Alagoinha do Piauí - PI,1827.0,735787.0,1384,906073.0,6819.0,6853.0,2575.0,26.792784865816103,70.95145631067962,20.195534802276374,53.74757281553398,107.90247836926235
2200277,Alegrete do Piauí - PI,1093.0,443740.0,945,631050.0,4634.0,4696.0,1595.0,23.58653431160984,68.52664576802508,20.12350936967632,59.24764890282132,95.75744497194648
2200301,Alto Longá - PI,3216.0,1297402.0,2981,1963981.0,13479.0,13723.0,4665.0,23.85933674604941,68.93890675241157,21.722655396050428,63.90139335476956,96.2535796424067
2200400,Altos - PI,5180.0,2091866.0,5850,4039802.0,47453.0,50509.0,15172.0,10.916064316270836,34.14184023200633,11.582094280227286,38.557869760084365,44.082903083050596
2200459,Alvorada do Gurguéia - PI,1228.0,526268.0,1146,792343.0,5322.0,5488.0,1670.0,23.07403231867719,73.53293413173652,20.88192419825073,68.62275449101796,98.88538143555054
2200509,Amarante - PI,4309.0,1818905.0,3190,2213331.0,17234.0,17602.0,5523.0,25.00290124173146,78.01919246786167,18.122940574934667,57.75846460257107,105.54166183126378
2200608,Angical do Piauí - PI,2536.0,1022040.0,1516,1024302.0,6827.0,7000.0,2454.0,37.14662370001465,103.34148329258353,21.65714285714286,61.77669111654442,149.70558078218838
2200707,Anísio de Abreu - PI,1856.0,750231.0,1863,1246216.0,9407.0,9665.0,3186.0,19.729988306580207,58.25486503452605,19.275737196068288,58.47457627118644,79.75241841182098
2200806,Antônio Almeida - PI,568.0,243837.0,491,341932.0,3152.0,3240.0,1040.0,18.02030456852792,54.61538461538461,15.154320987654321,47.21153846153846,77.35945431472081
2200905,Aroazes - PI,1184.0,490499.0,1119,738352.0,5369.0,5395.0,1817.0,22.052523747439,65.16235553109522,20.741427247451345,61.585030269675286,91.35760849320171
2200954,Aroeiras do Itaim - PI,915.0,367733.0,701,451571.0,2690.0,2787.0,940.0,34.014869888475836,97.34042553191489,25.15249372084679,74.57446808510639,136.70371747211897
2201002,Arraial - PI,1030.0,423144.0,927,636175.0,4520.0,4510.0,1533.0,22.787610619469028,67.18851924331376,20.554323725055433,60.46966731898239,93.61592920353982
2201051,Assunção do Piauí - PI,1502.0,619868.0,1497,1049591.0,7452.0,7595.0,2352.0,20.155662909286097,63.86054421768708,19.710335747202105,63.64795918367347,83.1814278046162
2201101,Avelino Lopes - PI,2945.0,1237935.0,2220,1517289.0,10866.0,11129.0,3663.0,27.102889747837292,80.39858039858039,19.947883906909876,60.60606060606061,113.92738818332413
2201150,Baixa Grande do Ribeiro - PI,2449.0,1001327.0,2517,1775640.0,13272.0,14114.0,3883.0,18.452380952380953,63.0697913984033,17.833356950545557,64.82101467937161,75.44657926461724
2201176,Barra D'Alcântara - PI,996.0,409432.0,769,509469.0,3995.0,4107.0,1463.0,24.93116395494368,68.07928913192072,18.724129534940346,52.56322624743677,102.48610763454317
2201200,Barras - PI,15349.0,6315998.0,12267,8283722.0,47938.0,49856.0,14533.0,32.018440485627266,105.61480767907521,24.604862002567394,84.40789926374458,131.75347323626352
2201309,Barreiras do Piauí - PI,921.0,391975.0,694,475842.0,3264.0,3338.0,1011.0,28.216911764705884,91.0979228486647,20.79089275014979,68.64490603363006,120.09037990196079
2201408,Barro Duro - PI,1872.0,751996.0,1178,802261.0,6640.0,6719.0,2177.0,28.19277108433735,85.98989435002296,17.53237088852508,54.11116214974736,113.25240963855421
2201507,Batalha - PI,5547.0,2295915.0,5066,3442927.0,26300.0,27161.0,8691.0,21.09125475285171,63.824646185709355,18.651743308420162,58.290185249108276,87.29714828897339
2201556,Bela Vista do Piauí - PI,818.0,331976.0,734,496586.0,4091.0,4147.0,1233.0,19.995111219750672,66.34225466342255,17.69954183747287,59.529602595296026,81.14788560254216
2201572,Belém do Piauí - PI,853.0,348151.0,631,414024.0,3423.0,3523.0,1131.0,24.919661115980134,75.41998231653405,17.910871416406472,55.79133510167993,101.7093193105463
2201606,Beneditinos - PI,2167.0,905904.0,1872,1270212.0,9929.0,10084.0,3510.0,21.824957196092257,61.73789173789174,18.564061880206268,53.333333333333336,91.23819115721624
2201705,Bertolínia - PI,1174.0,490401.0,959,646514.0,5562.0,5727.0,1763.0,21.107515282272566,66.59103800340328,16.745241836912868,54.39591605218378,88.16990291262135
2201739,Betânia do Piauí - PI,1497.0,615712.0,1485,1024610.0,6220.0,6607.0,2048.0,24.067524115755628,73.095703125,22.47616164673831,72.509765625,98.98906752411575
2201770,Boa Hora - PI,2205.0,924282.0,1958,1332731.0,6902.0,7104.0,2082.0,31.947261663286003,105.9077809798271,27.561936936936938,94.04418828049953,133.9150970733121
2201804,Bocaina - PI,864.0,350504.0,708,459677.0,4078.0,4106.0,1577.0,21.186856302108875,54.787571337983515,17.24305893813931,44.89537095751427,85.94997547817557
2201903,Bom Jesus - PI,5865.0,2387419.0,4592,3195852.0,28796.0,30965.0,8991.0,20.36741214057508,65.2318985652319,14.829646374939447,51.073295517739965,82.90800805667453
2201919,Bom Princípio do Piauí - PI,1281.0,515232.0,1413,944052.0,5636.0,5821.0,1819.0,22.72888573456352,70.42330951072017,24.274179694210616,77.68004398020891,91.4180269694819
2201929,Bonfim do Piauí - PI,1358.0,554364.0,1319,889602.0,5913.0,6142.0,1986.0,22.966345340774563,68.37865055387714,21.475089547378705,66.41490433031218,93.75342465753425
2201945,Boqueirão do Piauí - PI,1481.0,619448.0,1484,1012304.0,6545.0,6683.0,2096.0,22.6279602750191,70.65839694656489,22.205596289091726,70.80152671755725,94.644461420932
2201960,Brasileira - PI,1812.0,743315.0,1647,1105791.0,8436.0,8707.0,2820.0,21.47937411095306,64.25531914893617,18.915814861605604,58.40425531914894,88.11225699383594
2201988,Brejo do Piauí - PI,1159.0,483848.0,999,671850.0,3904.0,3958.0,1382.0,29.6875,83.86396526772793,25.240020212228398,72.28654124457309,123.93647540983606
2202000,Buriti dos Lopes - PI,3969.0,1733755.0,3933,2675149.0,19654.0,20161.0,6185.0,20.19436247074387,64.17138237671787,19.50796091463717,63.589329021827,88.2138495980462
2202026,Buriti dos Montes - PI,1727.0,719917.0,1531,1045746.0,7434.0,7498.0,2363.0,23.231100349744416,73.08506136267457,20.418778340890903,64.79052052475666,96.84113532418617
2202059,Cabeceiras do Piauí - PI,2156.0,891897.0,1906,1273479.0,10212.0,10481.0,3208.0,21.112416764590677,67.2069825436409,18.1852876633909,59.413965087281795,87.33813160987074
2202075,Cajazeiras do Piauí - PI,508.0,207992.0,469,320825.0,3108.0,3124.0,1047.0,16.344916344916346,48.51957975167144,15.01280409731114,44.794651384909265,66.92149292149293
2202083,Cajueiro da Praia - PI,958.0,388446.0,962,662248.0,7957.0,8284.0,2500.0,12.039713459846675,38.32,11.612747464992758,38.48,48.818147543043864
2202091,Caldeirão Grande do Piauí - PI,1204.0,493635.0,1059,716992.0,5503.0,5599.0,1857.0,21.87897510448846,64.83575659666128,18.91409180210752,57.027463651050084,89.70288933309104
2202109,Campinas do Piauí - PI,1608.0,653280.0,1043,672296.0,4938.0,4964.0,1771.0,32.56379100850547,90.79616036137776,21.011281224818696,58.89328063241107,132.29647630619684
2202117,Campo Alegre do Fidalgo - PI,1539.0,630224.0,1212,824528.0,4616.0,4633.0,1597.0,33.34055459272097,96.36819035691923,26.160155406863804,75.89229805886036,136.53032928942807
2202133,Campo Grande do Piauí - PI,1331.0,541249.0,1174,776424.0,6020.0,6233.0,2083.0,22.109634551495017,63.89822371579453,18.835231830579175,56.36101776284205,89.90847176079734
2202174,Campo Largo do Piauí - PI,2117.0,912552.0,1985,1398082.0,7419.0,7699.0,2193.0,28.534842970750773,96.53442772457821,25.7825691648266,90.51527587779297,123.00202183582694
2202208,Campo Maior - PI,10080.0,4067201.0,9524,6251005.0,45793.0,47160.0,15484.0,22.0120979188959,65.0994575045208,20.195080576759967,61.508654094549215,88.81708994824537
2202251,Canavieira - PI,813.0,346938.0,744,505009.0,3414.0,3381.0,1126.0,23.813708260105447,72.202486678508,22.005323868677905,66.07460035523978,101.62214411247803
2202307,Canto do Buriti - PI,4714.0,1914613.0,4118,2762494.0,19365.0,19613.0,6803.0,24.3428866511748,69.29295898868146,20.996277978891552,60.53211818315449,98.86976504002065
2202406,Capitão de Campos - PI,2357.0,999545.0,2758,1873060.0,11100.0,11374.0,3620.0,21.234234234234233,65.11049723756906,24.24828556356603,76.1878453038674,90.0490990990991
2202455,Capitão Gervásio Oliveira - PI,1538.0,631689.0,1134,747507.0,3974.0,4076.0,1448.0,38.70156014091595,106.21546961325967,27.821393523061825,78.31491712707182,158.95546049320583
2202505,Caracol - PI,2687.0,1122115.0,2440,1686967.0,10318.0,10553.0,3322.0,26.04186857918201,80.8850090307044,23.121387283236995,73.44972907886815,108.75314983523938
2202539,Caraúbas do Piauí - PI,1292.0,528079.0,1169,793191.0,5630.0,5587.0,1909.0,22.94849023090586,67.6794133053955,20.923572579201718,61.236249345206915,93.79733570159858
2202554,Caridade do Piauí - PI,1646.0,664152.0,1195,792226.0,5033.0,5189.0,1607.0,32.70415259288695,102.42688238954574,23.029485449990364,74.36216552582452,131.95946751440493
2202604,Castelo do Piauí - PI,3953.0,1644133.0,3647,2520352.0,19288.0,19674.0,6566.0,20.494608046453752,60.204081632653065,18.537155636881163,55.543710021321964,85.24123807548735
2202653,Caxingó - PI,1342.0,557353.0,1286,885218.0,5496.0,5704.0,1768.0,24.417758369723437,75.90497737556561,22.545582047685834,72.73755656108597,101.41066229985444
2202703,Cocal - PI,5476.0,2258447.0,5847,3985922.0,28212.0,29386.0,8943.0,19.410180065220473,61.23224868612323,19.89722997345675,65.38074471653808,80.05270806748901
2202711,Cocal de Telha - PI,1177.0,495863.0,1127,755221.0,4911.0,5057.0,1649.0,23.96660557931175,71.37659187386295,22.285940280798894,68.34445118253487,100.96986357157402
2202729,Cocal dos Alves - PI,1198.0,492167.0,1183,796982.0,6386.0,6621.0,2207.0,18.759787034137176,54.28183053919348,17.867391632683884,53.60217489805165,77.06968368305668
2202737,Coivaras - PI,939.0,385864.0,816,561955.0,4117.0,4265.0,1287.0,22.807869808112702,72.96037296037296,19.132473622508794,63.4032634032634,93.72455671605537
2202752,Colônia do Gurguéia - PI,2007.0,827182.0,1743,1180153.0,6150.0,6301.0,2063.0,32.63414634146341,97.28550654386815,27.662275829233455,84.48860882210373,134.5011382113821
2202778,Colônia do Piauí - PI,1849.0,750118.0,1514,1007296.0,6994.0,7025.0,2364.0,26.436945953674577,78.21489001692048,21.551601423487543,64.04399323181049,107.25164426651415
2202802,Conceição do Canindé - PI,1613.0,654666.0,1266,827525.0,4932.0,5092.0,1705.0,32.70478507704785,94.60410557184751,24.86252945797329,74.25219941348973,132.73844282238443
2202851,Coronel José Dias - PI,1420.0,581053.0,1248,827192.0,4250.0,4278.0,1485.0,33.411764705882355,95.62289562289563,29.172510518934082,84.04040404040404,136.71835294117648
2202901,Corrente - PI,4500.0,1843968.0,4123,2876910.0,27278.0,28477.0,8573.0,16.49681061661412,52.490376764259885,14.478350949889384,48.09284964423189,67.59909084243714
2203008,Cristalândia do Piauí - PI,1430.0,610498.0,1184,824238.0,7356.0,7411.0,2301.0,19.439912996193584,62.14689265536723,15.976251518013763,51.455888744024335,82.9932028276237
2203107,Cristino Castro - PI,2305.0,986222.0,1850,1251552.0,10503.0,10828.0,3298.0,21.94611063505665,69.89084293511219,17.08533431843369,56.094602789569436,93.89907645434637
2203206,Curimatá - PI,2095.0,888939.0,2106,1444446.0,11270.0,11606.0,3644.0,18.589174800354925,57.491767288693744,18.14578666207134,57.793633369923164,78.87657497781721
2203230,Currais - PI,1137.0,468773.0,1041,721370.0,4854.0,4985.0,1450.0,23.42398022249691,78.41379310344827,20.882647943831493,71.79310344827586,96.57457766790276
2203255,Curralinhos - PI,902.0,389078.0,849,594895.0,4413.0,4760.0,1423.0,20.43961024246544,63.38721011946592,17.83613445378151,59.66268446943078,88.16632676184001
2203271,Curral Novo do Piauí - PI,1339.0,553139.0,1359,941655.0,5073.0,5196.0,1575.0,26.394638281095997,85.01587301587301,26.15473441108545,86.28571428571429,109.03587620737237
2203305,Demerval Lobão - PI,4625.0,1883764.0,3613,2558528.0,16352.0,17294.0,5460.0,28.28400195694716,84.70695970695971,20.891638718630738,66.17216117216117,115.20083170254404
2203354,Dirceu Arcoverde - PI,1598.0,670264.0,1645,1137928.0,7054.0,7278.0,2264.0,22.65381343918344,70.58303886925795,22.6023632866172,72.65901060070671,95.018996314148
2203404,Dom Expedito Lopes - PI,1016.0,408592.0,996,662403.0,6320.0,6366.0,2235.0,16.075949367088608,45.458612975391496,15.645617342130066,44.56375838926174,64.6506329113924
2203420,Domingos Mourão - PI,948.0,393705.0,894,607830.0,4075.0,4121.0,1318.0,23.263803680981596,71.92716236722306,21.69376364959961,67.83004552352048,96.61472392638036
2203453,Dom Inocêncio - PI,2168.0,882765.0,1964,1290238.0,9159.0,9330.0,3177.0,23.670706408996615,68.24047843877872,21.05037513397642,61.81932640856154,96.38224697019325
2203503,Elesbão Veloso - PI,2113.0,851526.0,1816,1215240.0,13607.0,13704.0,4806.0,15.528771955611083,43.9658759883479,13.251605370694687,37.78610070744902,62.579995590504886
2203602,Eliseu Martins - PI,918.0,398979.0,816,553396.0,4377.0,4409.0,1534.0,20.973269362577106,59.84354628422425,18.507598094806077,53.19426336375489,91.15352981494173
2203701,Esperantina - PI,7649.0,3146671.0,7231,4999948.0,40970.0,42873.0,13333.0,18.669758359775447,57.36893422335558,16.866092878968114,54.23385584639616,76.80427141811082
2203750,Fartura do Piauí - PI,1576.0,665211.0,1579,1083923.0,5284.0,5437.0,1743.0,29.825889477668433,90.4188181296615,29.04175096560603,90.59093516924843,125.89155942467828
2203800,Flores do Piauí - PI,1199.0,485085.0,1065,708788.0,4414.0,4515.0,1567.0,27.163570457634798,76.51563497128271,23.588039867109636,67.96426292278238,109.89691889442682
2203859,Floresta do Piauí - PI,717.0,290570.0,525,343062.0,2333.0,2402.0,862.0,30.732961851693098,83.17865429234338,21.856786011656954,60.90487238979118,124.54779254179168
2203909,Floriano - PI,6784.0,2728885.0,7472,4978769.0,62036.0,64614.0,20941.0,10.93558578889677,32.39577861611193,11.564057325037917,35.68119956067046,43.98873234895867
2204006,Francinópolis - PI,969.0,394559.0,871,577859.0,4505.0,4448.0,1643.0,21.50943396226415,58.977480219111385,19.5818345323741,53.01278149726111,87.58246392896781
2204105,Francisco Ayres - PI,846.0,352490.0,819,568679.0,4412.0,4545.0,1522.0,19.17497733454216,55.584756898817346,18.019801980198018,53.8107752956636,79.89347234814143
2204154,Francisco Macedo - PI,588.0,239409.0,493,322681.0,2929.0,2985.0,1020.0,20.0751109593718,57.64705882352941,16.515912897822446,48.333333333333336,81.73745305565039
2204204,Francisco Santos - PI,1234.0,496300.0,1070,705894.0,8237.0,8334.0,2937.0,14.981182469345635,42.01566224038134,12.838972882169426,36.43173306094654,60.252519121039214
2204303,Fronteiras - PI,2561.0,1043671.0,1955,1250830.0,10259.0,10310.0,3540.0,24.96344672970075,72.34463276836158,18.962172647914645,55.22598870056497,101.73223511063456
2204352,Geminiano - PI,1691.0,690181.0,1471,985311.0,5445.0,5619.0,1932.0,31.05601469237833,87.52587991718427,26.17903541555437,76.13871635610766,126.75500459136823
2204402,Gilbués - PI,2743.0,1142463.0,2318,1625139.0,10892.0,11219.0,3373.0,25.183621006243115,81.32226504595316,20.66137801943132,68.72220575155647,104.8901028277635
2204501,Guadalupe - PI,2045.0,885194.0,1981,1371232.0,10270.0,10482.0,3336.0,19.91236611489776,61.300959232613906,18.8990650639191,59.382494004796165,86.19221032132424
2204550,Guaribas - PI,1266.0,527279.0,1282,898879.0,4276.0,4339.0,1313.0,29.60710944808232,96.42041127189643,29.545978336022124,97.63899466869763,123.31127221702526
2204600,Hugo Napoleão - PI,1005.0,407021.0,766,524163.0,3518.0,3538.0,1187.0,28.567367822626494,84.66722830665543,21.650650084793668,64.5324347093513,115.69670267197272
2204659,Ilha Grande - PI,1664.0,716141.0,1926,1319079.0,9274.0,9540.0,2778.0,17.942635324563295,59.89920806335493,20.18867924528302,69.3304535637149,77.22029329307742
2204709,Inhuma - PI,2907.0,1170859.0,2483,1652882.0,14958.0,15286.0,5222.0,19.43441636582431,55.668326311757944,16.243621614549262,47.548831865185754,78.27644070062843
2204808,Ipiranga do Piauí - PI,1631.0,655543.0,1400,944430.0,9420.0,9638.0,3146.0,17.314225053078555,51.84361093452002,14.525835235526042,44.50095359186268,69.59055201698514
2204907,Isaías Coelho - PI,1969.0,813303.0,1685,1149226.0,7774.0,7770.0,2586.0,25.328016465140212,76.14075792730085,21.685971685971687,65.1585460170147,104.61834319526628
2205003,Itainópolis - PI,2427.0,976390.0,2099,1361884.0,10790.0,10958.0,3951.0,22.493049119555145,61.427486712224756,19.154955283810914,53.12579093900278,90.4902687673772
2205102,Itaueira - PI,1926.0,776851.0,1843,1235082.0,10323.0,10463.0,3681.0,18.657367044463818,52.32273838630807,17.61445092229762,50.06791632708503,75.25438341567374
2205151,Jacobina do Piauí - PI,1534.0,619679.0,1443,958691.0,5613.0,5708.0,1958.0,27.329413860680564,78.34525025536261,25.28030833917309,73.6976506639428,110.40067699982184
2205201,Jaicós - PI,4186.0,1699766.0,4004,2707341.0,17527.0,17768.0,6047.0,23.88315170879215,69.22440879775095,22.534894191805492,66.21465189350091,96.97985964511896
2205250,Jardim do Mulato - PI,1033.0,435260.0,968,656380.0,4180.0,4272.0,1431.0,24.71291866028708,72.18728162124388,22.65917602996255,67.64500349406009,104.12918660287082
2205276,Jatobá do Piauí - PI,1328.0,542325.0,1218,809914.0,4494.0,4554.0,1475.0,29.550511793502448,90.03389830508475,26.745718050065875,82.57627118644068,120.67757009345794
2205300,Jerumenha - PI,1186.0,497287.0,898,603316.0,4497.0,4612.0,1493.0,26.373137647320437,79.43737441393168,19.470945359930617,60.14735432016075,110.58194351790083
2205359,João Costa - PI,760.0,307570.0,622,410057.0,2970.0,3034.0,994.0,25.589225589225588,76.45875251509054,20.50098879367172,62.57545271629779,103.55892255892256
2205409,Joaquim Pires - PI,2772.0,1150240.0,2371,1640153.0,13886.0,14270.0,4270.0,19.962552210859858,64.91803278688525,16.61527680448493,55.52693208430913,82.83450957799222
2205458,Joca Marques - PI,1273.0,517641.0,1354,939904.0,5394.0,5566.0,1629.0,23.60029662588061,78.14610190300797,24.326266618756737,83.11847759361571,95.96607341490545
2205508,José de Freitas - PI,6654.0,2739261.0,6541,4469511.0,42559.0,44959.0,13258.0,15.634765854460866,50.18856539447881,14.54881113903779,49.336249811434605,64.36384783477055
2205516,Juazeiro do Piauí - PI,1186.0,481157.0,1164,773415.0,5214.0,5306.0,1771.0,22.74645186037591,66.96781479390175,21.937429325292122,65.72557876905702,92.28174146528576
2205524,Júlio Borges - PI,1176.0,503747.0,948,671452.0,5388.0,5503.0,1705.0,21.826280623608017,68.97360703812316,17.226967108849717,55.60117302052786,93.49424647364513
2205532,Jurema - PI,1713.0,696556.0,1355,911980.0,4425.0,4498.0,1524.0,38.71186440677966,112.4015748031496,30.124499777678967,88.91076115485565,157.41378531073445
2205540,Lagoinha do Piauí - PI,616.0,249416.0,577,395735.0,2939.0,3000.0,1011.0,20.959510037427698,60.9297725024728,19.233333333333334,57.07220573689416,84.86423953725757
2205557,Lagoa Alegre - PI,3201.0,1312176.0,2382,1634563.0,8256.0,8477.0,2533.0,38.7718023255814,126.3718910382945,28.099563524831897,94.03868930122384,158.9360465116279
2205565,Lagoa do Barro do Piauí - PI,913.0,380435.0,847,567733.0,4995.0,5194.0,1622.0,18.27827827827828,56.288532675709,16.307277628032345,52.21948212083847,76.16316316316316
2205573,Lagoa de São Francisco - PI,1205.0,498029.0,1252,848026.0,6331.0,6443.0,1996.0,19.033328068235665,60.37074148296593,19.431941642092195,62.725450901803605,78.66513978834307
2205581,Lagoa do Piauí - PI,1103.0,462373.0,917,630361.0,4810.0,5061.0,1591.0,22.93139293139293,69.32746700188561,18.118948824343015,57.63670647391578,96.12744282744283
2205599,Lagoa do Sítio - PI,1434.0,585566.0,1216,817404.0,4520.0,4555.0,1581.0,31.72566371681416,90.70208728652752,26.695938529088913,76.9133459835547,129.55
2205607,Landri Sales - PI,1482.0,611545.0,1241,830432.0,5213.0,5306.0,1794.0,28.428927680798004,82.6086956521739,23.38861666038447,69.17502787068004,117.31152887013236
2205706,Luís Correia - PI,6342.0,2616801.0,5566,3756706.0,30641.0,32015.0,9387.0,20.697757906073562,67.56152125279642,17.385600499765737,59.29476936188345,85.40194510623022
2205805,Luzilândia - PI,5814.0,2399070.0,5454,3719656.0,25375.0,26189.0,7890.0,22.91231527093596,73.68821292775665,20.82553743938295,69.1254752851711,94.54463054187192
2205854,Madeiro - PI,1504.0,658896.0,1670,1175853.0,8032.0,8243.0,2262.0,18.725099601593627,66.48983200707339,20.25961421812447,73.82847038019452,82.03386454183267
2205904,Manoel Emídio - PI,1003.0,404615.0,1065,708213.0,5209.0,5316.0,1729.0,19.255135342676137,58.01041064198959,20.033860045146728,61.5962984384037,77.67613745440583
2205953,Marcolândia - PI,2419.0,992932.0,2042,1420830.0,8533.0,8857.0,2822.0,28.348763623579046,85.71934798015592,23.055210567912386,72.36002834868887,116.36376420953944
2206001,Marcos Parente - PI,1498.0,605508.0,1042,700222.0,4724.0,4876.0,1545.0,31.710414902624894,96.957928802589,21.369975389663658,67.44336569579288,128.17696867061812
2206050,Massapê do Piauí - PI,1136.0,473534.0,1007,665605.0,5218.0,5119.0,1742.0,21.7707934074358,65.21239954075774,19.671810900566516,57.80711825487945,90.75009582215408
2206100,Matias Olímpio - PI,2549.0,1069282.0,2808,1923727.0,10641.0,10896.0,3202.0,23.954515553049525,79.60649594003748,25.770925110132158,87.6951905059338,100.48698430598628
2206209,Miguel Alves - PI,8013.0,3369521.0,7701,5414336.0,32150.0,33077.0,9272.0,24.92379471228616,86.42148403796376,23.28203887897935,83.05651423641069,104.80625194401244
2206308,Miguel Leão - PI,225.0,91855.0,190,126211.0,1318.0,1359.0,406.0,17.07132018209408,55.41871921182266,13.980868285504046,46.79802955665025,69.6927162367223
2206357,Milton Brandão - PI,1412.0,580364.0,1511,1014006.0,6542.0,6719.0,2138.0,21.583613573830633,66.04303086997194,22.488465545468074,70.67352666043031,88.71354325894222
2206407,Monsenhor Gil - PI,1800.0,751841.0,1532,1031018.0,10255.0,10514.0,3515.0,17.552413456850317,51.209103840682786,14.57104812630778,43.58463726884779,73.31457825451
2206506,Monsenhor Hipólito - PI,1908.0,771051.0,1817,1186495.0,7577.0,7772.0,2667.0,25.181470238880824,71.54105736782903,23.37879567678847,68.12898387701537,101.7620430249439
2206605,Monte Alegre do Piauí - PI,2007.0,859159.0,1855,1326328.0,10660.0,10945.0,3273.0,18.827392120075046,61.3198900091659,16.948378254910917,56.675832569508096,80.59652908067542
2206654,Morro Cabeça no Tempo - PI,1035.0,441678.0,1106,771914.0,4377.0,4453.0,1375.0,23.646333104866347,75.27272727272727,24.83718841230631,80.43636363636364,100.90884167237834
2206670,Morro do Chapéu do Piauí - PI,1361.0,562339.0,1340,916624.0,6425.0,6546.0,2078.0,21.182879377431906,65.49566891241578,20.470516345860066,64.48508180943215,87.52357976653697
2206696,Murici dos Portelas - PI,1442.0,596088.0,1529,1067078.0,9797.0,10274.0,2952.0,14.718791466775544,48.84823848238482,14.882226980728051,51.795392953929536,60.843931815862
2206704,Nazaré do Piauí - PI,1696.0,700004.0,1691,1149926.0,6665.0,6668.0,2330.0,25.4463615903976,72.78969957081546,25.35992801439712,72.57510729613733,105.02685671417855
2206720,Nazária - PI,2763.0,1141666.0,2029,1413013.0,10262.0,11174.0,3258.0,26.92457610602222,84.80662983425414,18.15822444961518,62.27747084100675,111.25180276749171
2206753,Nossa Senhora de Nazaré - PI,1018.0,413056.0,926,618775.0,5228.0,5634.0,1712.0,19.472073450650345,59.46261682242991,16.435924742634008,54.08878504672897,79.00841622035195
2206803,Nossa Senhora dos Remédios - PI,2685.0,1108593.0,2730,1888767.0,8525.0,8767.0,2549.0,31.49560117302053,105.33542565712044,31.139500399224364,107.10082385249117,130.04023460410556
2206902,Novo Oriente do Piauí - PI,1165.0,469927.0,1046,691266.0,6097.0,6141.0,2255.0,19.10775791372806,51.6629711751663,17.03305650545514,46.38580931263858,77.0751189109398
2206951,Novo Santo Antônio - PI,815.0,338190.0,713,478451.0,2827.0,2889.0,1005.0,28.829147506190306,81.09452736318408,24.67982000692281,70.94527363184079,119.62858153519632
2207009,Oeiras - PI,9122.0,3672807.0,7675,5052799.0,38161.0,39275.0,13501.0,23.90398574460837,67.56536552847938,19.54169318905156,56.847640915487744,96.24504074840806
2207108,Olho D'Água do Piauí - PI,574.0,239347.0,510,351454.0,2637.0,2708.0,894.0,21.767159651118696,64.20581655480984,18.83308714918759,57.04697986577181,90.76488433826317
2207207,Padre Marcos - PI,1982.0,810618.0,1582,1055691.0,6382.0,6457.0,2351.0,31.056095267941085,84.3045512547852,24.50054204739043,67.29051467460656,127.01629583202758
2207306,Paes Landim - PI,1047.0,433675.0,968,645554.0,4088.0,4338.0,1353.0,25.611545988258317,77.38359201773837,22.3144306131858,71.54471544715447,106.08488258317026
2207355,Pajeú do Piauí - PI,706.0,285870.0,568,365844.0,3000.0,3024.0,1097.0,23.533333333333335,64.35733819507749,18.78306878306878,51.77757520510483,95.29
2207405,Palmeira do Piauí - PI,1001.0,407463.0,870,574748.0,4952.0,5046.0,1604.0,20.2140549273021,62.406483790523694,17.24137931034483,54.239401496259354,82.28251211631664
2207504,Palmeirais - PI,3699.0,1518195.0,3486,2384064.0,13264.0,13439.0,4296.0,27.88751507840772,86.10335195530726,25.93943001711437,81.14525139664805,114.45981604342582
2207553,Paquetá - PI,1163.0,471856.0,907,595635.0,3813.0,3842.0,1292.0,30.50091791240493,90.015479876161,23.607496095783446,70.20123839009288,123.74927878311041
2207603,Parnaguá - PI,3230.0,1354109.0,2628,1885733.0,10103.0,10276.0,3034.0,31.970701771750964,106.4601186552406,25.5741533670689,86.61832564271589,134.0303870137583
2207702,Parnaíba - PI,16057.0,6500035.0,18531,12595501.0,162159.0,171342.0,51548.0,9.902009755856906,31.149608132226273,10.81521168189936,35.949018390626215,40.08433081111748
2207751,Passagem Franca do Piauí - PI,1333.0,544735.0,1171,809192.0,4135.0,4223.0,1218.0,32.23700120918984,109.44170771756978,27.729102533743784,96.14121510673235,131.73760580411124
2207777,Patos do Piauí - PI,940.0,377952.0,918,599011.0,5425.0,5394.0,2075.0,17.327188940092167,45.30120481927711,17.018909899888765,44.24096385542169,69.66857142857143
2207793,Pau D'Arco do Piauí - PI,978.0,402953.0,944,634494.0,3880.0,3986.0,1307.0,25.20618556701031,74.82785003825555,23.682890115403914,72.22647283856159,103.85386597938144
2207801,Paulistana - PI,4710.0,1907205.0,4470,3052263.0,21055.0,21698.0,7306.0,22.369983376870103,64.46756090884205,20.600977048575906,61.18258965234054,90.58204701971029
2207850,Pavussu - PI,1292.0,525466.0,1203,802914.0,3628.0,3696.0,1296.0,35.611907386990076,99.69135802469135,32.548701298701296,92.82407407407408,144.83627342888644
2207900,Pedro II - PI,8831.0,3694368.0,8503,5710728.0,37894.0,38978.0,12132.0,23.304480920462343,72.7909660402242,21.814869926625274,70.08737223870754,97.49216234760121
2207934,Pedro Laurentino - PI,773.0,320225.0,698,481462.0,2458.0,2510.0,812.0,31.44833197721725,95.19704433497537,27.808764940239044,85.96059113300493,130.2786818551668
2207959,Nova Santa Rita - PI,1212.0,497217.0,1022,670994.0,4076.0,4141.0,1372.0,29.73503434739941,88.33819241982508,24.680028978507607,74.48979591836735,121.98650637880274
2208007,Picos - PI,15958.0,6405841.0,10359,6736494.0,83090.0,87129.0,28842.0,19.20568058731496,55.329034047569515,11.88926763764074,35.916371957561886,77.09521001323866
2208106,Pimenteiras - PI,2271.0,936619.0,2233,1488070.0,11341.0,11471.0,3869.0,20.02468918084825,58.69733781338847,19.466480690436754,57.715171879038515,82.58698527466714
2208205,Pio IX - PI,4872.0,1956165.0,4376,2942750.0,17613.0,17949.0,6095.0,27.661386475898485,79.9343724364233,24.380188311326535,71.79655455291223,111.0637029466871
2208304,Piracuruca - PI,5901.0,2428929.0,5151,3384628.0,28846.0,29801.0,10018.0,20.45690910351522,58.90397284887203,17.28465487735311,51.41744859253344,84.20332108437911
2208403,Piripiri - PI,8541.0,3461738.0,9914,6554097.0,65538.0,68076.0,21718.0,13.03213402911288,39.32682567455567,14.563135319348962,45.64877060502809,52.82031798345998
2208502,Porto - PI,2592.0,1130185.0,2921,2112314.0,12052.0,12332.0,3373.0,21.506803849983406,76.84553809664986,23.686344469672395,86.59946635042988,93.77572187188848
2208551,Porto Alegre do Piauí - PI,733.0,299151.0,756,511178.0,2364.0,2373.0,768.0,31.006768189509305,95.44270833333333,31.858407079646017,98.4375,126.54441624365482
2208601,Prata do Piauí - PI,1011.0,415779.0,868,580643.0,3042.0,3094.0,1091.0,33.234714003944774,92.6672777268561,28.054298642533936,79.56003666361137,136.67948717948718
2208650,Queimada Nova - PI,1461.0,604280.0,1485,978255.0,8738.0,8958.0,2882.0,16.720073243305105,50.6939625260236,16.577361018084392,51.52671755725191,69.15541313801785
2208700,Redenção do Gurguéia - PI,2696.0,1141520.0,2160,1501386.0,8394.0,8566.0,2573.0,32.118179652132476,104.7804119704625,25.215970114405792,83.94869801787796,135.99237550631403
2208809,Regeneração - PI,5831.0,2386869.0,4452,3031546.0,17133.0,17385.0,5671.0,34.033736064903984,102.82137189208252,25.60828300258844,78.50467289719626,139.31413062510944
2208858,Riacho Frio - PI,1203.0,501248.0,982,677900.0,4165.0,4235.0,1292.0,28.883553421368546,93.11145510835914,23.187721369539553,76.0061919504644,120.34765906362546
2208874,Ribeira do Piauí - PI,1337.0,541337.0,1230,803627.0,4055.0,4096.0,1395.0,32.971639950678174,95.84229390681004,30.029296875,88.17204301075269,133.49864364981505
2208908,Ribeiro Gonçalves - PI,1114.0,463508.0,1106,766619.0,6164.0,6151.0,1866.0,18.072680077871514,59.69989281886388,17.98081612745895,59.27116827438371,75.1959766385464
2209005,Rio Grande do Piauí - PI,1758.0,713839.0,1636,1085618.0,5801.0,5824.0,2115.0,30.305119806929838,83.12056737588652,28.09065934065934,77.35224586288416,123.05447336666091
2209104,Santa Cruz do Piauí - PI,1242.0,500613.0,1293,867642.0,5831.0,6028.0,1972.0,21.29994855084891,62.9817444219067,21.449900464499006,65.56795131845841,85.85371291373693
2209153,Santa Cruz dos Milagres - PI,553.0,226193.0,531,353232.0,3435.0,3432.0,1181.0,16.098981077147016,46.82472480948349,15.472027972027972,44.961896697713804,65.8494905385735
2209203,Santa Filomena - PI,1231.0,518340.0,1287,893322.0,6087.0,6210.0,1831.0,20.223426975521605,67.23102129983616,20.72463768115942,70.28945931185145,85.15524889107935
2209302,Santa Luz - PI,1641.0,678161.0,1494,1017946.0,5336.0,5410.0,1714.0,30.753373313343328,95.74095682613769,27.615526802218113,87.16452742123687,127.09164167916042
2209351,Santana do Piauí - PI,654.0,264264.0,628,422439.0,4125.0,4114.0,1400.0,15.854545454545455,46.714285714285715,15.264948954788528,44.857142857142854,64.064
2209377,Santa Rosa do Piauí - PI,1076.0,437916.0,1028,694193.0,4650.0,4643.0,1692.0,23.13978494623656,63.593380614657214,22.14085720439371,60.7565011820331,94.17548387096774
2209401,Santo Antônio de Lisboa - PI,1463.0,597922.0,1231,811065.0,5839.0,5923.0,2092.0,25.055660215790375,69.93307839388146,20.783386797231135,58.84321223709369,102.40143860250043
2209450,Santo Antônio dos Milagres - PI,322.0,141082.0,274,197173.0,2138.0,2173.0,606.0,15.060804490177736,53.135313531353134,12.609295904279797,45.21452145214521,65.98783910196445
2209500,Santo Inácio do Piauí - PI,798.0,326282.0,740,488236.0,3646.0,3632.0,1333.0,21.886999451453647,59.86496624156039,20.374449339207047,55.5138784696174,89.49040043883709
2209559,São Braz do Piauí - PI,1251.0,506199.0,1133,746059.0,4358.0,4457.0,1519.0,28.705828361633777,82.35681369321922,25.42068656046668,74.58854509545753,116.15396971087655
2209609,São Félix do Piauí - PI,403.0,164672.0,364,239413.0,2842.0,2874.0,1029.0,14.180154820548909,39.1642371234208,12.665274878218511,35.374149659863946,57.94229415904293
2209658,São Francisco de Assis do Piauí - PI,1517.0,635215.0,1397,938483.0,5572.0,5722.0,1885.0,27.225412778176597,80.47745358090185,24.414540370499825,74.11140583554376,114.00125628140704
2209708,São Francisco do Piauí - PI,1582.0,654857.0,1372,896727.0,5392.0,5317.0,2082.0,29.339762611275965,75.98463016330452,25.804024826029718,65.8981748318924,121.44974035608308
2209757,São Gonçalo do Gurguéia - PI,628.0,260706.0,578,405944.0,2947.0,3033.0,929.0,21.309806582965727,67.59956942949408,19.05703923508078,62.21743810548978,88.46487953851374
2209807,São Gonçalo do Piauí - PI,1019.0,417725.0,1059,713093.0,4837.0,4922.0,1568.0,21.06677692784784,64.98724489795919,21.51564404713531,67.53826530612245,86.3603473227207
2209856,São João da Canabrava - PI,1101.0,449422.0,937,625836.0,4242.0,4287.0,1565.0,25.954738330975953,70.35143769968052,21.8567763004432,59.87220447284345,105.94578029231495
2209872,São João da Fronteira - PI,1209.0,503610.0,1360,930032.0,5522.0,5601.0,1880.0,21.89424121695038,64.30851063829788,24.281378325299055,72.34042553191489,91.20065193770373
2209906,São João da Serra - PI,1332.0,556191.0,1168,793151.0,6114.0,6232.0,2165.0,21.786064769381746,61.52424942263279,18.741976893453145,53.94919168591224,90.97006869479883
2209955,São João da Varjota - PI,1083.0,441848.0,1015,680483.0,4383.0,4910.0,1470.0,24.709103353867214,73.6734693877551,20.672097759674134,69.04761904761905,100.80949121606206
2209971,São João do Arraial - PI,2112.0,896641.0,2058,1421768.0,8186.0,8535.0,2534.0,25.800146591742,83.34648776637727,24.112478031634446,81.21546961325967,109.53347178108966
2210003,São João do Piauí - PI,3838.0,1573665.0,3460,2330312.0,21421.0,22231.0,7165.0,17.9169973390598,53.565945568736915,15.563852278350051,48.29030006978367,73.4636571588628
2210052,São José do Divino - PI,1335.0,542668.0,1211,806990.0,4841.0,5304.0,1669.0,27.576946911795083,79.98801677651288,22.83182503770739,72.5584182144997,112.09832679198513
2210102,São José do Peixe - PI,960.0,391096.0,634,423364.0,3297.0,3282.0,1159.0,29.117379435850772,82.83002588438309,19.317489335770873,54.702329594478,118.62177737336972
2210201,São José do Piauí - PI,1160.0,474151.0,1181,804206.0,6597.0,6887.0,2287.0,17.583750189480067,50.72146917358985,17.148250326702485,51.63970266724967,71.87373048355313
2210300,São Julião - PI,1352.0,551760.0,1478,970763.0,6025.0,6130.0,2195.0,22.439834024896264,61.594533029612755,24.110929853181077,67.33485193621868,91.57842323651452
2210359,São Lourenço do Piauí - PI,1294.0,529978.0,1171,757874.0,4410.0,4497.0,1487.0,29.342403628117914,87.02084734364492,26.039581943517902,78.74915938130464,120.17641723356009
2210375,São Luis do Piauí - PI,502.0,209970.0,403,265398.0,2309.0,2265.0,832.0,21.741013425725424,60.33653846153846,17.792494481236204,48.4375,90.93546990038978
2210383,São Miguel da Baixa Grande - PI,344.0,140811.0,317,213287.0,2269.0,2295.0,807.0,15.16086381665932,42.627013630731106,13.812636165577342,39.281288723667906,62.05861613045394
2210391,São Miguel do Fidalgo - PI,631.0,264455.0,523,350652.0,2829.0,2801.0,931.0,22.304701307882645,67.7765843179377,18.67190289182435,56.17615467239527,93.48002827854366
2210409,São Miguel do Tapuio - PI,3384.0,1369783.0,3218,2153827.0,17554.0,17918.0,5934.0,19.27765751395693,57.0273003033367,17.959593704654537,54.229861813279406,78.03252819870114
2210508,São Pedro do Piauí - PI,4086.0,1649975.0,3353,2290386.0,13755.0,14065.0,4400.0,29.70556161395856,92.86363636363636,23.839317454674724,76.20454545454545,119.95456197746275
2210607,São Raimundo Nonato - PI,7224.0,2957601.0,7080,4702965.0,38934.0,41461.0,13117.0,18.554476806903992,55.073568651368454,17.076288560333808,53.9757566516734,75.9644783479735
2210623,Sebastião Barros - PI,972.0,397146.0,818,575823.0,3202.0,3194.0,982.0,30.356027482823237,98.98167006109979,25.610519724483407,83.29938900203666,124.03060587133042
2210631,Sebastião Leal - PI,906.0,363868.0,838,572238.0,4446.0,4606.0,1443.0,20.3778677462888,62.78586278586278,18.193660442900565,58.07345807345807,81.84165542060279
2210656,Sigefredo Pacheco - PI,2526.0,1025284.0,2005,1348290.0,9460.0,9704.0,3261.0,26.701902748414376,77.46090156393744,20.661582852431987,61.484207298374734,108.38097251585624
2210706,Simões - PI,2234.0,907971.0,2210,1543387.0,14350.0,14677.0,4566.0,15.567944250871081,48.92685063512921,15.057573073516386,48.40122645641699,63.27324041811847
2210805,Simplício Mendes - PI,2757.0,1133991.0,2202,1461585.0,13870.0,14613.0,4686.0,19.87743330930065,58.8348271446863,15.068774378977622,46.9910371318822,81.75854361932228
2210904,Socorro do Piauí - PI,1093.0,450348.0,972,648322.0,4141.0,4148.0,1451.0,26.39459067858005,75.32736044107511,23.43297974927676,66.9882839421089,108.75344119777832
2210938,Sussuapara - PI,1318.0,528557.0,1260,840502.0,6220.0,6264.0,2195.0,21.189710610932476,60.04555808656036,20.114942528735632,57.40318906605923,84.97700964630225
2210953,Tamboril do Piauí - PI,697.0,284046.0,663,438699.0,2949.0,3050.0,1005.0,23.635130552729738,69.35323383084577,21.737704918032787,65.97014925373135,96.31943031536115
2210979,Tanque do Piauí - PI,542.0,221762.0,423,284093.0,2316.0,2306.0,870.0,23.402417962003454,62.298850574712645,18.343451864700782,48.62068965517241,95.75215889464594
2211001,Teresina - PI,97594.0,39706017.0,76294,51039548.0,866300.0,908012.0,279882.0,11.26561237446612,34.869695085786155,8.402311863719863,27.25934500968265,45.8340263188272
2211100,União - PI,9539.0,4027618.0,8847,6216730.0,46119.0,48067.0,14050.0,20.68344933758321,67.8932384341637,18.40555890735848,62.96797153024911,87.33099156529846
2211209,Uruçuí - PI,3995.0,1667547.0,4135,2883034.0,25203.0,27031.0,7639.0,15.851287545133516,52.29742112841995,15.297251304058303,54.13012174368373,66.16462325913582
2211308,Valença do Piauí - PI,3610.0,1447337.0,2820,1864576.0,22279.0,23121.0,7961.0,16.203599802504602,45.346062052505964,12.196704294796938,35.422685592262276,64.96418151622605
2211357,Várzea Branca - PI,1749.0,709016.0,1347,918439.0,5055.0,5189.0,1657.0,34.59940652818991,105.55220277610138,25.958758913085372,81.29149064574533,140.2603363006924
2211407,Várzea Grande - PI,1289.0,520934.0,985,645097.0,4417.0,4524.0,1635.0,29.182703192211907,78.83792048929664,21.772767462422635,60.24464831804281,117.93841974190627
2211506,Vera Mendes - PI,760.0,306615.0,619,413267.0,3185.0,3283.0,1221.0,23.861852433281005,62.24406224406224,18.85470606152909,50.696150696150696,96.26844583987442
2211605,Vila Nova do Piauí - PI,534.0,215750.0,542,344620.0,2935.0,2969.0,1093.0,18.19420783645656,48.85635864592864,18.25530481643651,49.58828911253431,73.50936967632028
2211704,Wall Ferraz - PI,938.0,375817.0,992,649346.0,4059.0,4185.0,1389.0,23.109140182310913,67.53059755219583,23.703703703703702,71.41828653707704,92.58856861295885
2300101,Abaiara - CE,2263.0,930438.0,1883,1267449.0,10038.0,10258.0,3495.0,22.54433154014744,64.74964234620887,18.356404757262624,53.876967095851214,92.69157202630007
2300150,Acarape - CE,2721.0,1123255.0,2720,1850252.0,14027.0,14374.0,4439.0,19.39830327226064,61.297589547195315,18.923055516905524,61.27506195088984,80.07806373422684
2300200,Acaraú - CE,13557.0,5647538.0,13496,9194004.0,65264.0,69848.0,20955.0,20.772554547683256,64.6957766642806,19.32195624785248,64.40467668814125,86.53373988722726
2300309,Acopiara - CE,9903.0,4057890.0,8984,5959560.0,44962.0,45673.0,16398.0,22.025265779991994,60.39151115989755,19.670264707814244,54.78716916697158,90.25154574974422
2300408,Aiuaba - CE,3517.0,1470309.0,3038,2006428.0,14076.0,14015.0,4923.0,24.985791418016483,71.44017875279302,21.6767748840528,61.71033922405037,104.45502983802217
2300507,Alcântaras - CE,1313.0,531206.0,1317,894379.0,11369.0,11834.0,3780.0,11.548948896121031,34.735449735449734,11.128950481663004,34.84126984126984,46.724074236960156
2300606,Altaneira - CE,1692.0,709720.0,1574,1051992.0,6782.0,6977.0,2485.0,24.948392804482452,68.08853118712274,22.559839472552675,63.34004024144869,104.64759657918019
2300705,Alto Santo - CE,2630.0,1059072.0,2537,1678908.0,14155.0,14327.0,4972.0,18.58000706464147,52.896218825422366,17.707824387520066,51.02574416733709,74.81963970328506
2300754,Amontada - CE,8556.0,3496334.0,8518,5895223.0,42156.0,44814.0,13230.0,20.296043267862228,64.67120181405896,19.007453028071584,64.38397581254723,82.93799221937566
2300804,Antonina do Norte - CE,2438.0,999236.0,1880,1249077.0,7245.0,7529.0,2594.0,33.65079365079365,93.98612181958366,24.970115553194315,72.47494217424827,137.9207729468599
2300903,Apuiarés - CE,3665.0,1495383.0,2758,1859257.0,12928.0,13167.0,4548.0,28.349319306930692,80.584872471416,20.94630515683147,60.64204045734389,115.67009591584159
2301000,Aquiraz - CE,15457.0,6268550.0,14195,9454041.0,80645.0,85865.0,27749.0,19.166718333436666,55.702908212908575,16.531764979910324,51.15499657645321,77.73017546035092
2301109,Aracati - CE,8341.0,3361178.0,9308,6030468.0,75113.0,79636.0,26020.0,11.104602399052094,32.05611068408916,11.688181224571801,35.77248270561107,44.74828591588673
2301208,Aracoiaba - CE,5864.0,2391366.0,4685,3097374.0,25553.0,26806.0,8711.0,22.94838179470121,67.31718516817817,17.477430426024025,53.78257375731833,93.58454975932376
2301257,Ararendá - CE,2410.0,974878.0,2060,1361748.0,11096.0,11576.0,3960.0,21.719538572458543,60.85858585858586,17.795438838977194,52.02020202020202,87.8585075702956
2301307,Araripe - CE,3748.0,1508491.0,4231,2891803.0,19783.0,20166.0,6746.0,18.945559318606886,55.55884968870442,20.980858871367648,62.71864808775571,76.2518829297882
2301406,Aratuba - CE,2663.0,1105182.0,2158,1467680.0,11224.0,11396.0,3579.0,23.725944404846757,74.40625873148925,18.936468936468938,60.29617211511595,98.46596578759801
2301505,Arneiroz - CE,1019.0,415475.0,904,620013.0,7429.0,7611.0,2599.0,13.716516354825684,39.20738745671412,11.877545657600841,34.78260869565217,55.92610041728362
2301604,Assaré - CE,5910.0,2417426.0,4271,2835516.0,21697.0,22180.0,7745.0,27.238788772641378,76.307295029051,19.256086564472497,55.14525500322789,111.41752315988386
2301703,Aurora - CE,4129.0,1672342.0,3950,2613917.0,23714.0,24223.0,8422.0,17.411655562115207,49.02635953455236,16.306815836188747,46.900973640465445,70.52129543729443
2301802,Baixio - CE,1212.0,505078.0,1025,677098.0,5704.0,5810.0,2011.0,21.248246844319777,60.26852312282447,17.64199655765921,50.96966683242168,88.54803646563815
2301851,Banabuiú - CE,3223.0,1327846.0,3101,2124592.0,17195.0,17679.0,5585.0,18.743820878162257,57.708146821844224,17.54058487471011,55.5237242614145,77.22279732480372
2301901,Barbalha - CE,8817.0,3552430.0,8876,6005649.0,75033.0,82602.0,24142.0,11.750829634960617,36.52141496147792,10.74550253020508,36.765802336177615,47.344901576639614
2301950,Barreira - CE,4689.0,1890285.0,4305,2903282.0,22392.0,23591.0,7572.0,20.940514469453376,61.925515055467514,18.248484591581537,56.854199683042786,84.41787245444802
2302008,Barro - CE,3432.0,1401091.0,3650,2386449.0,19381.0,19474.0,6946.0,17.70806459934988,49.40973221998272,18.742939303686967,52.548229196659946,72.29198699757494
2302057,Barroquinha - CE,3311.0,1366190.0,3578,2404034.0,14567.0,15018.0,4755.0,22.72945699183085,69.63196635120926,23.824743640964176,75.24710830704521,93.78664103796253
2302107,Baturité - CE,8398.0,3397986.0,6392,4245010.0,35218.0,37308.0,11850.0,23.845760690555966,70.86919831223629,17.13305457274579,53.94092827004219,96.48435459140212
2302206,Beberibe - CE,12302.0,5002905.0,10322,6860543.0,53114.0,56272.0,18251.0,23.161501675641073,67.40452577940935,18.343048052317315,56.55580516136102,94.19183266182173
2302305,Bela Cruz - CE,5866.0,2387335.0,5174,3528188.0,32775.0,34776.0,11009.0,17.897787948131196,53.28367699155237,14.878076834598573,46.99791080025434,72.84012204424104
2302404,Boa Viagem - CE,10610.0,4383404.0,8505,5624020.0,50411.0,52100.0,18079.0,21.046993711689908,58.68687427401958,16.324376199616122,47.04353116875934,86.95332367935569
2302503,Brejo Santo - CE,7408.0,2971618.0,7165,4868807.0,51090.0,54585.0,17032.0,14.49990213348992,43.49459840300611,13.126316753686911,42.06787224048849,58.16437659033079
2302602,Camocim - CE,9983.0,4034965.0,10929,7354414.0,62326.0,65459.0,20367.0,16.01739242049867,49.01556439338145,16.695947081379185,53.66033289144204,64.73967525591246
2302701,Campos Sales - CE,4154.0,1671444.0,4086,2768471.0,25135.0,26017.0,8972.0,16.526755520190967,46.299598751671866,15.705115885766999,45.541685242978154,66.49866719713548
2302800,Canindé - CE,15701.0,6366435.0,15588,10418518.0,74174.0,77536.0,25279.0,21.167794645023864,62.11084299220697,20.10420965744944,61.66383163890977,85.8310863644943
2302909,Capistrano - CE,3980.0,1621903.0,3345,2237472.0,17254.0,17828.0,5914.0,23.06711487191376,67.29793709841056,18.762620596814,56.56070341562394,94.00156485452649
2303006,Caridade - CE,4377.0,1820142.0,3963,2664686.0,16377.0,16058.0,5354.0,26.726506686206264,81.75196115054165,24.67928758251339,74.01942472917445,111.14013555596263
2303105,Cariré - CE,3305.0,1368920.0,2785,1870342.0,17632.0,18073.0,6137.0,18.744328493647913,53.85367443376242,15.409727217396116,45.38047906143067,77.63838475499092
2303204,Caririaçu - CE,5688.0,2397471.0,5320,3637964.0,26320.0,27579.0,8814.0,21.61094224924012,64.53369639210347,19.29003952282534,60.35852053551169,91.08932370820669
2303303,Cariús - CE,3247.0,1345431.0,3107,2080847.0,17015.0,17225.0,6290.0,19.08316191595651,51.62162162162162,18.037735849056602,49.39586645468999,79.07322950337937
2303402,Carnaubal - CE,2843.0,1179072.0,2652,1802022.0,17210.0,17869.0,5722.0,16.519465427077282,49.68542467668647,14.841345346689797,46.34743096819294,68.51086577571179
2303501,Cascavel - CE,14294.0,5804964.0,12687,8415966.0,72720.0,77340.0,25306.0,19.656215621562158,56.48462815142654,16.404189294026377,50.13435548881688,79.82623762376238
2303600,Catarina - CE,2001.0,823170.0,1910,1305599.0,10243.0,8667.0,3651.0,19.53529239480621,54.80690221857026,22.037613937925464,52.31443440153382,80.36415112759934
2303659,Catunda - CE,2570.0,1058671.0,2568,1708590.0,10444.0,10909.0,3432.0,24.607430103408657,74.88344988344988,23.540196168301403,74.82517482517483,101.36643048640367
2303709,Caucaia - CE,58370.0,23690648.0,57122,38033746.0,355679.0,380944.0,120668.0,16.410864852858897,48.37239367520801,14.99485488680751,47.3381509596579,66.60682244383278
2303808,Cedro - CE,4325.0,1777804.0,3975,2618997.0,22344.0,22455.0,8075.0,19.35642678123881,53.56037151702786,17.70207080828323,49.22600619195047,79.56516290726817
2303907,Chaval - CE,2675.0,1133871.0,2358,1594380.0,12462.0,12816.0,3922.0,21.465254373294815,68.20499745028047,18.39887640449438,60.12238653748088,90.98627828598941
2303931,Choró - CE,2522.0,1049773.0,2348,1573135.0,12113.0,12325.0,3997.0,20.820605960538266,63.09732299224418,19.050709939148074,58.74405804353265,86.66498802938992
2303956,Chorozinho - CE,3849.0,1576921.0,3800,2504666.0,20163.0,20850.0,7143.0,19.08942121708079,53.88492230155397,18.225419664268586,53.19893602127957,78.20864950652185
2304004,Coreaú - CE,4574.0,1871800.0,4276,2823855.0,20953.0,21396.0,7031.0,21.829809573808046,65.05475750248898,19.985043933445503,60.81638458256293,89.3332696988498
2304103,Crateús - CE,8725.0,3553273.0,9889,6596658.0,76390.0,80435.0,27119.0,11.421652048697473,32.173015229175114,12.294399204326474,36.46520889413326,46.51489723785836
2304202,Crato - CE,18956.0,7690448.0,19214,12680280.0,131050.0,139781.0,44610.0,14.46470812666921,42.49271463797355,13.745788054170452,43.07106030038108,58.68331171308661
2304236,Croatá - CE,3446.0,1426419.0,3249,2206576.0,17481.0,18090.0,6103.0,19.7128310737372,56.464034081599216,17.960199004975124,53.236113386858925,81.59824952805903
2304251,Cruz - CE,4739.0,1948198.0,5470,3753601.0,29761.0,32706.0,10352.0,15.923524075131883,45.77859350850077,16.72475998287776,52.84003091190108,65.46144282786197
2304269,Deputado Irapuan Pinheiro - CE,1668.0,694012.0,1521,1011061.0,8932.0,9174.0,3344.0,18.674429019256607,49.880382775119614,16.57946370176586,45.48444976076555,77.69950738916256
2304277,Ereré - CE,931.0,373808.0,1009,665175.0,6474.0,6371.0,2248.0,14.380599320358357,41.41459074733096,15.837388165123215,44.88434163701068,57.739882607352484
2304285,Eusébio - CE,6265.0,2520562.0,6808,4506013.0,74170.0,83641.0,25105.0,8.446811379263853,24.955188209520017,8.139548785882521,27.118103963353914,33.983578266145344
2304301,Farias Brito - CE,3385.0,1379012.0,3071,2063064.0,18217.0,18442.0,6414.0,18.581544710984247,52.77517929529155,16.652206918989265,47.87963829123792,75.69918208267003
2304350,Forquilha - CE,3853.0,1574629.0,3168,2069516.0,24173.0,25460.0,8102.0,15.93927108757705,47.55615897309306,12.44304791830322,39.101456430510986,65.13999089893683
2304400,Fortaleza - CE,339338.0,137480990.0,285014,188312688.0,2428708.0,2582360.0,860139.0,13.971955459445928,39.451530508441074,11.036958441115878,33.13580711954695,56.60663612093344
2304459,Fortim - CE,2521.0,1013006.0,2683,1779604.0,17294.0,18365.0,5938.0,14.57731004972823,42.45537217918491,14.609311189763137,45.183563489390366,58.57557534404996
2304509,Frecheirinha - CE,2805.0,1137553.0,2667,1771558.0,15657.0,16663.0,5420.0,17.91530944625407,51.752767527675275,16.005521214667226,49.20664206642066,72.65459538864405
2304608,General Sampaio - CE,1793.0,802314.0,1577,1078419.0,6734.0,6934.0,2193.0,26.626076626076625,81.76014591883265,22.743005480242285,71.91062471500229,119.14374814374814
2304657,Graça - CE,3187.0,1286660.0,2822,1918511.0,13801.0,14179.0,4832.0,23.09252952684588,65.95612582781457,19.902672967063967,58.402317880794705,93.22947612491848
2304707,Granja - CE,8966.0,3646281.0,9280,6304338.0,53344.0,55975.0,17092.0,16.807888422315536,52.457289960215306,16.578829834747655,54.29440673999532,68.35409793041391
2304806,Granjeiro - CE,1122.0,467432.0,999,677643.0,4841.0,4951.0,1540.0,23.177029539351373,72.85714285714286,20.177741870329225,64.87012987012987,96.55690972939475
2304905,Groaíras - CE,1898.0,768774.0,1533,981963.0,10910.0,11422.0,4009.0,17.396883593033913,47.343477176353204,13.421467343722641,38.23896233474682,70.46507791017416
2304954,Guaiúba - CE,4335.0,1750319.0,3868,2584656.0,24325.0,25227.0,7757.0,17.821171634121274,55.88500709036999,15.332778372378801,49.86463839113059,71.9555601233299
2305001,Guaraciaba do Norte - CE,7243.0,2996819.0,7994,5555979.0,42053.0,44823.0,13494.0,17.223503673935273,53.675707721950495,17.83459384690895,59.24114421224248,71.2629063324852
2305100,Guaramiranga - CE,1064.0,433329.0,1081,730894.0,5654.0,5833.0,1916.0,18.81853555005306,55.53235908141962,18.532487570718327,56.419624217119,76.6411390166254
2305209,Hidrolândia - CE,3456.0,1423856.0,3578,2427586.0,17855.0,18148.0,6340.0,19.355922710725288,54.511041009463725,19.715671148335904,56.435331230283914,79.74550546065528
2305233,Horizonte - CE,6404.0,2585371.0,7407,4895730.0,74755.0,82325.0,25611.0,8.566651060129757,25.004880715317636,8.9972669298512,28.92116668618953,34.584589659554545
2305266,Ibaretama - CE,2709.0,1125957.0,2771,1909274.0,11956.0,12109.0,4021.0,22.65807962529274,67.37130067147476,22.88380543397473,68.91320567023129,94.17505854800937
2305308,Ibiapina - CE,3703.0,1498853.0,3875,2739676.0,23965.0,24727.0,7898.0,15.451700396411434,46.88528741453533,15.671128725684474,49.063053937705746,62.54341748383059
2305332,Ibicuitinga - CE,3612.0,1464528.0,2766,1812915.0,11611.0,12036.0,4074.0,31.108431659633105,88.65979381443299,22.981056829511466,67.8939617083947,126.13280509861339
2305357,Icapuí - CE,2883.0,1176855.0,3031,1979816.0,21433.0,22747.0,7177.0,13.451220081183223,40.16998745994148,13.324834044049766,42.23213041660861,54.90855223253861
2305407,Icó - CE,11621.0,4772136.0,11705,7822650.0,62642.0,64691.0,21424.0,18.551451103093772,54.24290515309933,18.0937070071571,54.634988797610156,76.18109255770888
2305506,Iguatu - CE,15139.0,6134041.0,14740,9721857.0,98064.0,102907.0,34954.0,15.437877304617393,43.31120901756594,14.323612582234444,42.16970876008468,62.55140520476424
2305605,Independência - CE,5638.0,2309286.0,5258,3511405.0,24024.0,24400.0,8466.0,23.46819846819847,66.59579494448381,21.549180327868854,62.10725253957005,96.12412587412588
2305654,Ipaporanga - CE,2372.0,977337.0,2006,1345556.0,11575.0,11988.0,4296.0,20.49244060475162,55.21415270018622,16.7334000667334,46.69459962756052,84.43516198704104
2305704,Ipaumirim - CE,2568.0,1059805.0,2347,1578190.0,12083.0,12476.0,4072.0,21.253000082760902,63.06483300589391,18.812119268996472,57.63752455795678,87.710419597782
2305803,Ipu - CE,9780.0,3954058.0,10039,6743680.0,41081.0,43193.0,13935.0,23.806625934130132,70.18299246501614,23.24219202185539,72.0416218155723,96.25028602030136
2305902,Ipueiras - CE,6839.0,2764494.0,7053,4741301.0,36798.0,38289.0,13285.0,18.585249198325997,51.47911178020323,18.420434067225575,53.089951072638314,75.12620251100603
2306009,Iracema - CE,2357.0,950975.0,2115,1417147.0,14001.0,14467.0,4795.0,16.834511820584243,49.15537017726799,14.619478813852215,44.10844629822732,67.92193414756089
2306108,Irauçuba - CE,5318.0,2187944.0,5248,3588573.0,23915.0,24977.0,7330.0,22.23708969266151,72.55115961800819,21.01133042399007,71.5961800818554,91.48835458916997
2306207,Itaiçaba - CE,1252.0,512885.0,1180,761028.0,7536.0,7821.0,2816.0,16.6135881104034,44.46022727272727,15.087584707837872,41.90340909090909,68.05798832271762
2306256,Itaitinga - CE,6046.0,2438486.0,7732,5161081.0,64650.0,74250.0,19522.0,9.351894818252127,30.9701874807909,10.413468013468014,39.606597684663456,37.718267594740915
2306306,Itapajé - CE,8424.0,3395187.0,8481,5649154.0,46426.0,49061.0,15629.0,18.145004954120537,53.8998016507774,17.28664315851695,54.26450828587881,73.1311549562745
2306405,Itapipoca - CE,22110.0,9145390.0,20303,13993113.0,131123.0,137795.0,41579.0,16.862030307421275,53.1758820558455,14.734206611270366,48.82993818995166,69.74665009189845
2306504,Itapiúna - CE,4234.0,1746511.0,3812,2551366.0,17841.0,18168.0,6115.0,23.731853595650467,69.23957481602616,20.98194627917217,62.33851185609158,97.8931113726809
2306553,Itarema - CE,8586.0,3556150.0,9235,6416262.0,42957.0,46219.0,12954.0,19.98742928975487,66.28068550254747,19.98096021116857,71.29072101281457,82.78394673743512
2306603,Itatira - CE,4319.0,1855360.0,4534,3094356.0,20424.0,21230.0,6688.0,21.1466901684293,64.57834928229666,21.356570890249646,67.79306220095694,90.8421464943204
2306702,Jaguaretama - CE,3930.0,1592248.0,3357,2250117.0,17232.0,17584.0,6050.0,22.80640668523677,64.95867768595042,19.091219290263876,55.48760330578512,92.40064995357474
2306801,Jaguaribara - CE,1829.0,761811.0,1742,1176842.0,10356.0,10680.0,3361.0,17.661259173426032,54.418327878607556,16.310861423220974,51.829812555786965,73.56228273464659
2306900,Jaguaribe - CE,4456.0,1813558.0,4097,2752367.0,33726.0,35161.0,12399.0,13.21235841783787,35.938382127590934,11.652114558744064,33.04298733768852,53.77329063630434
2307007,Jaguaruana - CE,7598.0,3070153.0,6633,4282490.0,31701.0,33159.0,11726.0,23.967698179868144,64.79617943032576,20.00361892698815,56.56660412757974,96.84719724929813
2307106,Jardim - CE,4883.0,1987320.0,5163,3529788.0,27411.0,28891.0,8745.0,17.814016270840174,55.83762149799885,17.870617147208474,59.03945111492281,72.50082083834957
2307205,Jati - CE,1265.0,511491.0,1132,784093.0,7861.0,8127.0,2620.0,16.09210024169953,48.282442748091604,13.928879045158116,43.20610687022901,65.06691260653861
2307254,Jijoca de Jericoacoara - CE,3406.0,1372747.0,4175,2810789.0,25555.0,28707.0,8795.0,13.32811582860497,38.72654917566799,14.543491134566482,47.47015349630472,53.71735472510272
2307304,Juazeiro do Norte - CE,28013.0,11252476.0,34203,22989319.0,286120.0,307928.0,97385.0,9.790647280861178,28.765210247984804,11.10746668052272,35.12142527083226,39.327820494897246
2307403,Jucás - CE,4405.0,1857579.0,4126,2779728.0,23922.0,24655.0,8224.0,18.41401220633726,53.56274319066148,16.734942202393025,50.17023346303502,77.65149235013794
2307502,Lavras da Mangabeira - CE,5960.0,2432600.0,5347,3571748.0,30802.0,32201.0,10477.0,19.34939289656516,56.88651331488021,16.605074376572155,51.035601794406794,78.97539120836309
2307601,Limoeiro do Norte - CE,8385.0,3397857.0,8146,5391236.0,59560.0,62945.0,21437.0,14.07824042981867,39.114614918132204,12.94145682738899,37.99972011009003,57.04931161853593
2307635,Madalena - CE,3613.0,1509903.0,3137,2098182.0,16896.0,17207.0,5603.0,21.38375946969697,64.48331251115474,18.23095251932353,55.98786364447617,89.36452414772727
2307650,Maracanaú - CE,28338.0,11522243.0,30709,20537538.0,234509.0,253442.0,79675.0,12.08397119087114,35.56699090053342,12.116776224935094,38.54283024788202,49.133478885671764
2307700,Maranguape - CE,22322.0,9023664.0,17202,11359262.0,105093.0,108323.0,35066.0,21.240234839618243,63.65710374721953,15.880283965547482,49.05606570467119,85.86360651993948
2307809,Marco - CE,4889.0,1985013.0,5279,3755971.0,25799.0,27283.0,7594.0,18.950346912671034,64.379773505399,19.34904519297731,69.51540690018436,76.94147059963565
2307908,Martinópole - CE,2634.0,1088098.0,2651,1781422.0,10846.0,11326.0,3698.0,24.285450857458972,71.22769064359113,23.406321737594915,71.6873985938345,100.32251521298174
2308005,Massapê - CE,5982.0,2421384.0,6662,4430679.0,37697.0,40037.0,12335.0,15.868636761546012,48.49614916903121,16.639608362264905,54.008917713822456,64.23280367137968
2308104,Mauriti - CE,8158.0,3322014.0,7970,5422282.0,45561.0,47592.0,14873.0,17.905664932727554,54.85107241309756,16.746512018826692,53.58703691252605,72.91354447883057
2308203,Meruoca - CE,2176.0,911343.0,2201,1504233.0,15157.0,15952.0,4824.0,14.356402982120473,45.107794361525706,13.79764292878636,45.62603648424544,60.12687207230982
2308302,Milagres - CE,5944.0,2432882.0,4811,3220946.0,25900.0,26779.0,8755.0,22.94980694980695,67.89263278126785,17.965570036222413,54.95145631067961,93.93366795366795
2308351,Milhã - CE,2928.0,1194691.0,2541,1689002.0,14123.0,14787.0,4660.0,20.732139063938256,62.832618025751074,17.18401298437817,54.527896995708154,84.59187141542165
2308377,Miraíma - CE,3204.0,1302498.0,3418,2300110.0,14196.0,14912.0,4259.0,22.56973795435334,75.22892697816388,22.921137339055793,80.25358065273538,91.75105663567201
2308401,Missão Velha - CE,7187.0,2900080.0,7440,5114633.0,36822.0,39215.0,11841.0,19.51822280158601,60.69588717169158,18.972332015810277,62.83253103623005,78.75943729292271
2308500,Mombaça - CE,7587.0,3074519.0,7317,4935077.0,37735.0,38264.0,13653.0,20.106002385053664,55.57020435069216,19.122412711687225,53.59261700725116,81.47658672320127
2308609,Monsenhor Tabosa - CE,5292.0,2171737.0,4098,2704787.0,17149.0,17675.0,5827.0,30.8589422123739,90.81860305474515,23.185289957567186,70.3277844516904,126.63927925826579
2308708,Morada Nova - CE,13657.0,5515542.0,10620,6982296.0,61443.0,65453.0,22663.0,22.227104796315285,60.26121872655871,16.225383099323178,46.86052155495742,89.76680826131536
2308807,Moraújo - CE,1657.0,697699.0,1480,1003530.0,8254.0,8557.0,2710.0,20.07511509571117,61.14391143911439,17.295781231740097,54.61254612546126,84.52859219772232
2308906,Morrinhos - CE,3628.0,1469202.0,3542,2507674.0,22753.0,23880.0,7285.0,15.945150090098009,49.8009608785175,14.83249581239531,48.62045298558682,64.57179273062893
2309003,Mucambo - CE,2394.0,960763.0,2177,1474155.0,13666.0,13988.0,4994.0,17.517927703790427,47.93752503003604,15.563340005719187,43.59231077292751,70.30316112981122
2309102,Mulungu - CE,2576.0,1075544.0,2352,1601167.0,10569.0,11131.0,3332.0,24.37316680859116,77.3109243697479,21.130176983200073,70.58823529411765,101.76402687103794
2309201,Nova Olinda - CE,3348.0,1398698.0,2771,1914257.0,15399.0,16126.0,5178.0,21.7416715371128,64.65816917728853,17.18343048493117,53.51487060641174,90.8304435352945
2309300,Nova Russas - CE,4671.0,1889832.0,4476,3077372.0,30699.0,32089.0,10843.0,15.215479331574318,43.0784838144425,13.948705163763284,41.28008853638292,61.560050815987495
2309409,Novo Oriente - CE,6917.0,2802088.0,6828,4557252.0,27545.0,29148.0,9816.0,25.111635505536395,70.46658516707417,23.42527789213668,69.55990220048899,101.72764567072063
2309458,Ocara - CE,4904.0,1997405.0,4681,3091843.0,24493.0,25322.0,8790.0,20.02204711550239,55.79067121729238,18.485901587552327,53.25369738339022,81.55003470379292
2309508,Orós - CE,5219.0,2209246.0,4710,3049181.0,19675.0,19871.0,7171.0,26.52604828462516,72.77924975596152,23.702883599214935,65.68121600892484,112.28696315120712
2309607,Pacajus - CE,8067.0,3271709.0,7965,5242899.0,70983.0,76051.0,24053.0,11.364692954651114,33.53843595393506,10.47323506594259,33.114372427555814,46.09144443035657
2309706,Pacatuba - CE,10825.0,4371275.0,10665,7146658.0,81524.0,87219.0,27103.0,13.27829841519062,39.940228019038486,12.227840264162625,39.34988746633214,53.619486286246996
2309805,Pacoti - CE,2552.0,1028942.0,2214,1498869.0,11186.0,11402.0,3663.0,22.81423207580905,69.66966966966967,19.417646027012804,60.44226044226044,91.98480243161094
2309904,Pacujá - CE,1176.0,477331.0,1182,799859.0,6175.0,6351.0,2199.0,19.044534412955464,53.47885402455662,18.61124232404346,53.75170532060027,77.30056680161944
2310001,Palhano - CE,1786.0,731004.0,1823,1193011.0,9346.0,9745.0,3256.0,19.109779584849132,54.85257985257985,18.70702924576706,55.98894348894349,78.2157072544404
2310100,Palmácia - CE,3054.0,1244955.0,2052,1365831.0,10242.0,10169.0,3378.0,29.818394844756885,90.40852575488455,20.178975317140328,60.746003552397866,121.55389572349151
2310209,Paracuru - CE,6356.0,2573572.0,7115,4828425.0,38980.0,42317.0,12982.0,16.305797845048744,48.96009859805885,16.813573741049698,54.80665536897242,66.02288353001539
2310258,Paraipaba - CE,6490.0,2615377.0,6836,4599439.0,32216.0,34266.0,10786.0,20.145269431338466,60.170591507509734,19.949804470904102,63.378453550899316,81.18254904395332
2310308,Parambu - CE,4315.0,1732534.0,4342,2967632.0,31445.0,32916.0,11134.0,13.722372396247415,38.75516436141548,13.191153238546603,38.99766481049039,55.09728096676737
2310407,Paramoti - CE,2544.0,1052452.0,2569,1710738.0,10384.0,10399.0,3566.0,24.499229583975346,71.34043746494672,24.704298490239445,72.04150308468873,101.35323574730354
2310506,Pedra Branca - CE,8795.0,3538094.0,8108,5388075.0,40187.0,42198.0,14235.0,21.885186751934704,61.78433438707411,19.214180766860988,56.95820161573586,88.04075944957324
2310605,Penaforte - CE,2262.0,938707.0,2060,1415327.0,8972.0,9403.0,2919.0,25.211769950958537,77.4922918807811,21.90790173348931,70.57211373758136,104.62628176549265
2310704,Pentecoste - CE,5712.0,2338144.0,6028,4073052.0,37813.0,40081.0,12719.0,15.10591595483035,44.90919097413319,15.039544921533894,47.393663023822626,61.83439557824029
2310803,Pereiro - CE,2501.0,1046522.0,2199,1504319.0,15274.0,15848.0,5281.0,16.374230718868667,47.358454838098844,13.875567895002524,41.63984093921606,68.51656409584916
2310852,Pindoretama - CE,5314.0,2138175.0,4321,2912567.0,23391.0,25214.0,7999.0,22.718139455346073,66.43330416302038,17.137304672007616,54.01925240655082,91.41015775298192
2310902,Piquet Carneiro - CE,2727.0,1111474.0,2439,1604864.0,16616.0,17363.0,5737.0,16.411892152142514,47.533554122363604,14.047111674249841,42.513508802510025,66.89179104477611
2310951,Pires Ferreira - CE,1343.0,553642.0,1458,998896.0,10606.0,11014.0,3261.0,12.662643786535924,41.183685985893895,13.237697475939713,44.710211591536336,52.20082971902696
2311009,Poranga - CE,2187.0,900872.0,2108,1396733.0,12065.0,12458.0,4214.0,18.126813095731453,51.8984337921215,16.920854069674107,50.02373042240152,74.66821384169084
2311108,Porteiras - CE,2887.0,1156106.0,3003,2044604.0,17050.0,18002.0,5565.0,16.932551319648095,51.87780772686433,16.681479835573825,53.9622641509434,67.80680351906159
2311207,Potengi - CE,1730.0,711727.0,1907,1282523.0,8833.0,8786.0,3133.0,19.585644741310993,55.21864028088095,21.704985203733212,60.868177465687836,80.57590852484999
2311231,Potiretama - CE,1234.0,498534.0,1159,784228.0,5974.0,6126.0,2131.0,20.65617676598594,57.90708587517597,18.91936010447274,54.38761145002346,83.45061935051892
2311264,Quiterianópolis - CE,3786.0,1524012.0,3750,2523286.0,20213.0,20580.0,6944.0,18.730519962400436,54.52188940092166,18.221574344023324,54.00345622119816,75.39761539603225
2311306,Quixadá - CE,18357.0,7429930.0,17639,11634967.0,84168.0,89190.0,28971.0,21.809951525520386,63.36336336336336,19.776880816235003,60.88502295398847,88.27499762380002
2311355,Quixelô - CE,2852.0,1189048.0,2876,1924615.0,15910.0,17004.0,5839.0,17.92583280955374,48.843980133584516,16.913667372382967,49.255009419421135,74.73588937774984
2311405,Quixeramobim - CE,11945.0,4931936.0,12705,8511231.0,82177.0,87030.0,28609.0,14.535697336237634,41.75259533713167,14.5984143398828,44.40910203082946,60.016014213222675
2311504,Quixeré - CE,2397.0,962145.0,2508,1640082.0,20874.0,21707.0,7743.0,11.483184823225065,30.956993413405655,11.553876629658635,32.390546299883766,46.0929864903708
2311603,Redenção - CE,5059.0,2045004.0,4818,3239516.0,27214.0,28405.0,9138.0,18.58969647975307,55.362223681330704,16.961802499559937,52.72488509520683,75.14529286396707
2311702,Reriutaba - CE,3246.0,1324142.0,3096,2109868.0,18606.0,19043.0,6583.0,17.44598516607546,49.308825763329786,16.257942551068634,47.03022937870272,71.16747285821778
2311801,Russas - CE,8596.0,3467954.0,9381,6176069.0,72928.0,75073.0,26409.0,11.786967968407197,32.54950963686622,12.49583738494532,35.52198114279223,47.55312088635366
2311900,Saboeiro - CE,2820.0,1169363.0,2732,1814933.0,13854.0,13854.0,4926.0,20.35513209181464,57.247259439707676,19.71993648043886,55.46082013804304,84.40616428468313
2311959,Salitre - CE,3495.0,1413845.0,3441,2370987.0,16633.0,17381.0,5367.0,21.012445139181146,65.12017887087758,19.79748000690409,64.11403018446059,85.00240485781278
2312007,Santana do Acaraú - CE,7310.0,3028950.0,5937,4011657.0,30628.0,32218.0,9656.0,23.867049758391016,75.70422535211267,18.42758706313241,61.48508699254349,98.89480214183101
2312106,Santana do Cariri - CE,3670.0,1524235.0,3596,2484014.0,16954.0,17393.0,5630.0,21.64680901262239,65.18650088809947,20.67498418904157,63.87211367673179,89.90415241241006
2312205,Santa Quitéria - CE,9031.0,3646109.0,8552,5657994.0,40183.0,41496.0,13977.0,22.474678346564467,64.61329326751091,20.60921534605745,61.18623452815339,90.737600477814
2312304,São Benedito - CE,7500.0,3065293.0,7015,4877072.0,47640.0,50274.0,15616.0,15.743073047858942,48.02766393442623,13.95353463022636,44.921875,64.34284214945424
2312403,São Gonçalo do Amarante - CE,7940.0,3214938.0,8721,5857409.0,54143.0,58848.0,17957.0,14.664868958129398,44.216739989976055,14.819535073409462,48.56601882274322,59.37864543893024
2312502,São João do Jaguaribe - CE,1026.0,413667.0,875,575990.0,5855.0,5579.0,2371.0,17.523484201537148,43.272880641079716,15.683814303638645,36.904259805989035,70.65192143467122
2312601,São Luís do Curu - CE,2354.0,953191.0,2448,1615213.0,10822.0,10818.0,3865.0,21.751986693771947,60.90556274256145,22.628951747088188,63.33764553686934,88.07900572907042
2312700,Senador Pompeu - CE,4561.0,1888342.0,3695,2469527.0,24266.0,25076.0,8958.0,18.795846039726367,50.9153828979683,14.735204976870314,41.248046438937266,77.81842907772192
2312809,Senador Sá - CE,1306.0,543090.0,1364,935722.0,7262.0,7581.0,2426.0,17.98402643899752,53.83347073371805,17.992349294288353,56.2242374278648,74.78518314513909
2312908,Sobral - CE,21235.0,8574101.0,23486,15544419.0,203023.0,217690.0,68018.0,10.459406077143969,31.219677144285335,10.788736276356287,34.529095239495426,42.23216581372554
2313005,Solonópole - CE,2593.0,1057264.0,2348,1578358.0,18179.0,18831.0,6590.0,14.263710875185653,39.34749620637329,12.468801444426743,35.62974203338391,58.15853457285879
2313104,Tabuleiro do Norte - CE,5426.0,2186921.0,4758,3145197.0,30652.0,32196.0,11737.0,17.701944408195224,46.22987134702224,14.778233320909429,40.538468092357505,71.34676366958111
2313203,Tamboril - CE,4800.0,1980880.0,4063,2782015.0,24815.0,25314.0,8624.0,19.343139230304253,55.65862708719852,16.050406889468277,47.112708719851575,79.82591174692726
2313252,Tarrafas - CE,1567.0,633262.0,1316,881979.0,7529.0,7525.0,2661.0,20.812856953114622,58.88763622698234,17.488372093023255,49.45509207065013,84.10970912471775
2313302,Tauá - CE,7193.0,2893808.0,7581,5100712.0,61227.0,65035.0,21105.0,11.748084995181864,34.08197109689647,11.65680018451603,35.92039800995025,47.263592859359434
2313351,Tejuçuoca - CE,4416.0,1870564.0,4097,2795584.0,17154.0,17665.0,5603.0,25.743266876530257,78.81492057826165,23.19275403339938,73.12154203105479,109.04535385332866
2313401,Tianguá - CE,14626.0,5937306.0,12044,8270363.0,81506.0,87757.0,25654.0,17.94469118837877,57.012551648865674,13.724261312487892,46.94784439073829,72.84501754472063
2313500,Trairi - CE,14381.0,5931031.0,13029,8953781.0,58415.0,62466.0,18908.0,24.61867670974921,76.057753331923,20.857746614158103,68.90734080812355,101.53267140289309
2313559,Tururu - CE,3656.0,1504733.0,3643,2456470.0,15412.0,16720.0,5077.0,23.72177524007267,72.01103013590703,21.788277511961724,71.7549734094938,97.63385673501168
2313609,Ubajara - CE,6185.0,2515780.0,6217,4236602.0,32767.0,34531.0,10508.0,18.875698110904263,58.85991625428245,18.004112246966493,59.16444613627712,76.77785576952422
2313708,Umari - CE,1408.0,582757.0,1278,836169.0,6871.0,6934.0,2406.0,20.491922573133458,58.520365752285954,18.43092010383617,53.11720698254364,84.81400087323534
2313757,Umirim - CE,3464.0,1472897.0,3199,2208391.0,17470.0,17701.0,5656.0,19.828277046365198,61.24469589816125,18.072425286706967,56.55940594059406,84.3100744132799
2313807,Uruburetama - CE,5086.0,2073235.0,4673,3189002.0,20189.0,22460.0,6399.0,25.191936202882758,79.48116893264573,20.80587711487088,73.02703547429286,102.6913170538412
2313906,Uruoca - CE,2631.0,1070635.0,2513,1686253.0,13746.0,14369.0,4664.0,19.14011348756002,56.410806174957116,17.489038903194377,53.88078902229846,77.88702167903391
2313955,Varjota - CE,2963.0,1215521.0,3111,2131499.0,18105.0,18754.0,6118.0,16.36564484948909,48.43085975809088,16.588461128292632,50.84995096436744,67.13731013532174
2314003,Várzea Alegre - CE,7544.0,3117891.0,7419,4856623.0,38984.0,40980.0,14046.0,19.351528832341472,53.70924106507191,18.103953147877014,52.8193079880393,79.97873486558588
2314102,Viçosa do Ceará - CE,13212.0,5410934.0,13018,8926328.0,59712.0,63316.0,18273.0,22.126205787781352,72.30339845673946,20.560363889064377,71.24172276035681,90.61719587352626
2400109,Acari - RN,1358.0,577809.0,1203,785308.0,10597.0,10846.0,3810.0,12.814947626686799,35.643044619422575,11.091646690023971,31.5748031496063,54.525714824950455
2400208,Assú - RN,9680.0,4026717.0,8866,5786098.0,56496.0,59278.0,19231.0,17.133956386292834,50.3353959752483,14.956644961031074,46.102646768238785,71.27437340696686
2400307,Afonso Bezerra - RN,3514.0,1421393.0,2854,1882542.0,10839.0,11165.0,3368.0,32.41996494141526,104.33491686460808,25.562024182713838,84.73871733966746,131.1369129993542
2400406,Água Nova - RN,495.0,205002.0,488,326676.0,2946.0,3030.0,991.0,16.80244399185336,49.94954591321897,16.105610561056107,49.24318869828456,69.58655804480652
2400505,Alexandria - RN,2298.0,948070.0,2168,1441791.0,13640.0,14073.0,4841.0,16.8475073313783,47.469531088618055,15.405386200525829,44.78413550919232,69.5065982404692
2400604,Almino Afonso - RN,1039.0,430786.0,939,620174.0,4687.0,4799.0,1662.0,22.167697887774697,62.51504211793021,19.5665763700771,56.498194945848375,91.91081715382974
2400703,Alto do Rodrigues - RN,1917.0,773963.0,2167,1432359.0,12484.0,12890.0,4210.0,15.355655238705543,45.534441805225654,16.811481768813035,51.472684085510686,61.9963953860942
2400802,Angicos - RN,1886.0,779237.0,1704,1131440.0,11632.0,11997.0,3949.0,16.213892709766164,47.75892631045834,14.20355088772193,43.150164598632564,66.99080123796423
2400901,Antônio Martins - RN,1747.0,715596.0,1766,1147677.0,6577.0,6722.0,2372.0,26.562262429679183,73.65092748735245,26.2719428741446,74.45193929173693,108.80279762809792
2401008,Apodi - RN,8018.0,3244546.0,6885,4412379.0,36093.0,37574.0,12898.0,22.214833901310502,62.16467669406109,18.323840953851068,53.38036904946503,89.89405147812596
2401107,Areia Branca - RN,3369.0,1363591.0,3035,1963993.0,24093.0,24573.0,8177.0,13.983314655709128,41.200929436223554,12.350954299434338,37.11630182218418,56.59697837546175
2401206,Arez - RN,2437.0,1008721.0,2126,1468804.0,13251.0,13703.0,4260.0,18.391064825296205,57.20657276995305,15.514850762606729,49.906103286384976,76.12414157422081
2401305,Campo Grande - RN,3232.0,1369126.0,2886,1876802.0,9730.0,10094.0,3233.0,33.21685508735868,99.96906897618311,28.59124232217159,89.26693473553975,140.71181911613567
2401404,Baía Formosa - RN,1191.0,488976.0,1171,802666.0,8825.0,9131.0,2780.0,13.495750708215297,42.84172661870504,12.824444201073266,42.12230215827338,55.408045325779035
2401453,Baraúna - RN,4440.0,1792984.0,4971,3275562.0,26913.0,28552.0,8870.0,16.497603388696913,50.056369785794814,17.41033903054077,56.042841037204056,66.6214840411697
2401503,Barcelona - RN,800.0,331061.0,670,440153.0,3986.0,4112.0,1388.0,20.07024586051179,57.636887608069166,16.29377431906615,48.27089337175793,83.05594581033618
2401602,Bento Fernandes - RN,1054.0,449219.0,985,674242.0,4807.0,4903.0,1553.0,21.926357395464947,67.86864133934321,20.08974097491332,63.42562781712814,93.45100894528812
2401651,Bodó - RN,716.0,292891.0,580,399638.0,2306.0,2357.0,765.0,31.049436253252384,93.59477124183006,24.60755197284684,75.81699346405229,127.01257588898525
2401701,Bom Jesus - RN,1881.0,759215.0,1711,1158783.0,9952.0,10335.0,3455.0,18.900723472668812,54.44283646888567,16.55539429124335,49.522431259044865,76.2876808681672
2401800,Brejinho - RN,1726.0,701695.0,1737,1169363.0,12202.0,12670.0,4197.0,14.145222094738568,41.124612818680006,13.709550118389897,41.386704789135095,57.506556302245535
2401859,Caiçara do Norte - RN,1168.0,496007.0,1186,796729.0,6293.0,6483.0,1976.0,18.56030510090577,59.10931174089069,18.293999691500847,60.020242914979754,78.81884633720006
2401909,Caiçara do Rio do Vento - RN,879.0,370626.0,817,554842.0,3268.0,3361.0,1050.0,26.89718482252142,83.71428571428571,24.308241594763462,77.80952380952381,113.41064871481028
2402006,Caicó - RN,7615.0,3079359.0,7082,4635802.0,61146.0,63338.0,22067.0,12.453799103784386,34.50854216703675,11.18128137926679,32.0931707980242,50.360759493670884
2402105,Campo Redondo - RN,2739.0,1116952.0,2092,1388332.0,10215.0,10515.0,3467.0,26.813509544787077,79.0020190366311,19.895387541607228,60.34035188924142,109.34429760156632
2402204,Canguaretama - RN,5846.0,2469048.0,5857,4124425.0,29668.0,30773.0,9169.0,19.704732371578807,63.75831606500164,19.032918467487733,63.878285527320315,83.22259673722529
2402303,Caraúbas - RN,3881.0,1582123.0,3582,2329807.0,19727.0,20202.0,7039.0,19.67354387387844,55.13567268077852,17.73091773091773,50.88791021451911,80.20089217823288
2402402,Carnaúba dos Dantas - RN,635.0,257920.0,712,461261.0,7992.0,8324.0,2800.0,7.945445445445445,22.678571428571427,8.553580009610764,25.428571428571427,32.272272272272275
2402501,Carnaubais - RN,2493.0,1026008.0,1910,1274293.0,9714.0,10042.0,3234.0,25.66399011735639,77.08719851576994,19.02011551483768,59.059987631416206,105.62157710520897
2402600,Ceará-Mirim - RN,10068.0,4057572.0,9978,6835881.0,79115.0,83662.0,24896.0,12.72577892940656,40.44023136246787,11.926561640888336,40.07872750642674,51.28701257662896
2402709,Cerro Corá - RN,1614.0,657961.0,1674,1155065.0,11000.0,11345.0,3684.0,14.672727272727272,43.811074918566774,14.755398854120758,45.43973941368078,59.81463636363636
2402808,Coronel Ezequiel - RN,1158.0,472431.0,978,659311.0,5117.0,5226.0,1883.0,22.63044752784835,61.49761019649495,18.714121699196326,51.93839617631439,92.32577682235684
2402907,Coronel João Pessoa - RN,751.0,311256.0,706,467181.0,4237.0,4279.0,1439.0,17.7248052867595,52.18902015288395,16.49918205188128,49.06184850590688,73.46141137597357
2403004,Cruzeta - RN,1156.0,488978.0,1157,768074.0,8005.0,8253.0,2936.0,14.440974391005621,39.3732970027248,14.019144553495698,39.40735694822888,61.0840724547158
2403103,Currais Novos - RN,4474.0,1817403.0,4671,3079377.0,41313.0,42915.0,14620.0,10.829520974027545,30.60191518467852,10.884306186648026,31.94938440492476,43.9910681867693
2403202,Doutor Severiano - RN,1153.0,470690.0,991,661299.0,7044.0,7271.0,2407.0,16.36854060193072,47.90195263813876,13.629487003163252,41.171582883257166,66.82140829074389
2403251,Parnamirim - RN,21535.0,8728674.0,21919,14616735.0,252716.0,273952.0,90152.0,8.521423257728042,23.887434554973822,8.001036677958183,24.313381843996805,34.53945931401257
2403301,Encanto - RN,1103.0,453616.0,959,637964.0,6016.0,6323.0,2015.0,18.3344414893617,54.7394540942928,15.166851178238177,47.593052109181144,75.40159574468085
2403400,Equador - RN,1557.0,631653.0,1171,764261.0,5360.0,5447.0,1960.0,29.04850746268657,79.43877551020408,21.49807233339453,59.744897959183675,117.84570895522388
2403509,Espírito Santo - RN,2286.0,937672.0,1834,1239327.0,10620.0,10964.0,3557.0,21.52542372881356,64.26764127073376,16.727471725647575,51.560303626651674,88.29303201506592
2403608,Extremoz - RN,8222.0,3331866.0,10211,7008219.0,61635.0,70452.0,20471.0,13.339823152429625,40.164134629475846,14.493555896213024,49.88031849934053,54.05801898272086
2403707,Felipe Guerra - RN,1480.0,598551.0,1197,771821.0,5944.0,6485.0,2064.0,24.89905787348587,71.70542635658914,18.4579799537394,57.99418604651163,100.69835127860027
2403756,Fernando Pedroza - RN,672.0,278649.0,566,367386.0,2938.0,3041.0,1053.0,22.872702518720217,63.81766381766382,18.61229858599145,53.75118708452042,94.84309053778081
2403806,Florânia - RN,1276.0,514496.0,1391,923544.0,10196.0,10582.0,3398.0,12.51471165162809,37.551500882872276,13.144963144963144,40.93584461447911,50.46057277363672
2403905,Francisco Dantas - RN,532.0,213388.0,394,252491.0,2700.0,2753.0,987.0,19.703703703703702,53.90070921985816,14.311660007264802,39.918946301925025,79.0325925925926
2404002,Frutuoso Gomes - RN,948.0,391020.0,737,486295.0,4122.0,4229.0,1529.0,22.99854439592431,62.00130804447351,17.42728777488768,48.201438848920866,94.86171761280931
2404101,Galinhos - RN,348.0,141546.0,237,165088.0,2104.0,2159.0,624.0,16.539923954372625,55.76923076923077,10.977304307549792,37.98076923076923,67.27471482889734
2404200,Goianinha - RN,3894.0,1589081.0,4190,2959043.0,26741.0,28616.0,8322.0,14.561908679555739,46.7916366258111,14.642158233156277,50.34847392453737,59.42489061740399
2404309,Governador Dix-Sept Rosado - RN,2595.0,1046453.0,2142,1418796.0,11938.0,12223.0,4062.0,21.737309432065672,63.88478581979321,17.52433936022253,52.732644017725256,87.65731278271068
2404408,Grossos - RN,2053.0,824954.0,2092,1361310.0,9924.0,10308.0,3385.0,20.687222893994356,60.64992614475628,20.29491656965464,61.802067946824224,83.12716646513502
2404507,Guamaré - RN,2568.0,1054310.0,2674,1804379.0,15295.0,16197.0,4911.0,16.789800588427592,52.29077580940745,16.50923010434031,54.449195683160255,68.93167701863354
2404606,Ielmo Marinho - RN,2788.0,1141378.0,2433,1652151.0,11615.0,11877.0,3873.0,24.003443822643135,71.98554092434804,20.48497095226067,62.819519752130134,98.26758501937151
2404705,Ipanguaçu - RN,1856.0,808510.0,2093,1399121.0,14131.0,14580.0,4471.0,13.13424386101479,41.51196600313129,14.355281207133059,46.81279355848803,57.21534215554455
2404804,Ipueira - RN,215.0,86971.0,185,123622.0,2035.0,2090.0,777.0,10.565110565110565,27.67052767052767,8.851674641148325,23.80952380952381,42.73759213759214
2404853,Itajá - RN,1337.0,563468.0,1155,770989.0,7292.0,7570.0,2398.0,18.33516182117389,55.75479566305254,15.257595772787319,48.1651376146789,77.27207899067471
2404903,Itaú - RN,1099.0,447407.0,1286,852759.0,5320.0,5441.0,1900.0,20.657894736842106,57.8421052631579,23.635361146848005,67.6842105263158,84.09906015037593
2405009,Jaçanã - RN,1647.0,676872.0,1595,1069530.0,7834.0,8055.0,2752.0,21.023742660199133,59.84738372093023,19.801365611421478,57.957848837209305,86.40183814143477
2405108,Jandaíra - RN,1273.0,517261.0,1157,801254.0,6562.0,6756.0,2092.0,19.39957330082292,60.85086042065009,17.1255180580225,55.30592734225621,78.82672965559281
2405207,Janduís - RN,1083.0,443497.0,1119,734097.0,4746.0,4794.0,1541.0,22.81921618204804,70.27903958468526,23.341677096370464,72.61518494484102,93.44648124736621
2405306,Januário Cicco - RN,2008.0,820783.0,1686,1162608.0,9051.0,8848.0,3066.0,22.18539387912938,65.4924983692107,19.05515370705244,54.99021526418787,90.68423378632195
2405405,Japi - RN,1988.0,818753.0,1570,1070537.0,5117.0,5207.0,1776.0,38.850889192886456,111.93693693693693,30.151718840023047,88.40090090090091,160.00644909126441
2405504,Jardim de Angicos - RN,727.0,300533.0,641,440794.0,2437.0,2483.0,795.0,29.83176036109971,91.44654088050315,25.815545710833668,80.62893081761007,123.3208863356586
2405603,Jardim de Piranhas - RN,3139.0,1262984.0,3002,1997708.0,13977.0,14474.0,4962.0,22.4583243900694,63.260781942765014,20.740638386071577,60.49979846835953,90.36159404736352
2405702,Jardim do Seridó - RN,918.0,373557.0,1042,660032.0,11655.0,11933.0,4467.0,7.876447876447877,20.550705171255878,8.732087488477331,23.326617416610702,32.05122265122265
2405801,João Câmara - RN,7080.0,2930677.0,6470,4466424.0,33290.0,34925.0,10870.0,21.267647942325024,65.13339466421343,18.52541159627774,59.52161913523459,88.03475518173626
2405900,João Dias - RN,686.0,279639.0,533,343582.0,2076.0,2054.0,754.0,33.04431599229287,90.9814323607427,25.949367088607595,70.6896551724138,134.7008670520231
2406007,José da Penha - RN,1068.0,434601.0,1012,660441.0,5803.0,5967.0,2142.0,18.40427365155954,49.85994397759104,16.959946371711077,47.24556489262372,74.8924694123729
2406106,Jucurutu - RN,3474.0,1419374.0,2833,1833879.0,17793.0,18320.0,6346.0,19.524532119372786,54.74314528837063,15.463973799126638,44.64229435865112,79.7714831675378
2406155,Jundiá - RN,845.0,345383.0,740,502456.0,3739.0,3877.0,1245.0,22.599625568333778,67.8714859437751,19.086922878514315,59.437751004016064,92.37309441027013
2406205,Lagoa d'Anta - RN,1525.0,622092.0,1358,918490.0,6654.0,6776.0,2195.0,22.9185452359483,69.4760820045558,20.041322314049587,61.86788154897494,93.49143372407575
2406304,Lagoa de Pedras - RN,1638.0,664415.0,1663,1123184.0,7338.0,7615.0,2575.0,22.3221586263287,63.61165048543689,21.838476690741956,64.58252427184466,90.54442627418915
2406403,Lagoa de Velhos - RN,630.0,259534.0,485,328653.0,2567.0,2629.0,869.0,24.542267238021036,72.49712313003452,18.448079117535183,55.81127733026467,101.10401246591351
2406502,Lagoa Nova - RN,2785.0,1122897.0,2456,1677866.0,15573.0,16274.0,5106.0,17.883516342387466,54.5436741088915,15.091557084920732,48.10027418723071,72.1053746869582
2406601,Lagoa Salgada - RN,3577.0,1461107.0,2709,1806924.0,8319.0,8692.0,2825.0,42.99795648515447,126.61946902654867,31.16658996778647,95.89380530973452,175.6349320831831
2406700,Lajes - RN,1516.0,624498.0,1410,936665.0,9866.0,10082.0,3211.0,15.365903101560916,47.212706322018064,13.985320372941876,43.91155403301152,63.297993107642405
2406809,Lajes Pintadas - RN,1163.0,470340.0,894,594479.0,4787.0,4960.0,1708.0,24.294965531648213,68.09133489461358,18.024193548387096,52.34192037470726,98.25360350950491
2406908,Lucrécia - RN,887.0,367225.0,857,555615.0,3490.0,3573.0,1200.0,25.415472779369626,73.91666666666667,23.985446403582422,71.41666666666667,105.22206303724928
2407005,Luís Gomes - RN,1597.0,674556.0,1430,966813.0,9070.0,9257.0,3002.0,17.60749724366042,53.19786808794137,15.44776925569839,47.63491005996003,74.37221609702316
2407104,Macaíba - RN,14241.0,5778283.0,13473,8969161.0,82249.0,87634.0,28190.0,17.314496224878113,50.5179141539553,15.374169842755094,47.79354380986165,70.25353499738598
2407203,Macau - RN,3544.0,1423517.0,3506,2340570.0,27369.0,28318.0,9656.0,12.948956848989733,36.70256835128418,12.380817854368246,36.309030654515325,52.012020899557896
2407252,Major Sales - RN,634.0,262236.0,707,476873.0,3924.0,4104.0,1345.0,16.15698267074414,47.13754646840149,17.2270955165692,52.56505576208178,66.82874617737004
2407302,Marcelino Vieira - RN,1586.0,652554.0,1435,943121.0,7896.0,8075.0,2729.0,20.08611955420466,58.11652620007329,17.770897832817337,52.58336386954929,82.6436170212766
2407401,Martins - RN,1200.0,487439.0,1394,916884.0,8179.0,8420.0,2961.0,14.671720259200391,40.52684903748734,16.555819477434678,47.07868963188112,59.59640542853649
2407500,Maxaranguape - RN,1475.0,610279.0,1670,1122977.0,10255.0,10535.0,3208.0,14.383227693807898,45.9788029925187,15.851922164214523,52.057356608478806,59.51038517796197
2407609,Messias Targino - RN,1029.0,420387.0,992,657639.0,4274.0,4417.0,1432.0,24.07580720636406,71.85754189944134,22.4586823635952,69.27374301675978,98.3591483387927
2407708,Montanhas - RN,2597.0,1073729.0,2296,1565994.0,11444.0,11794.0,3771.0,22.693114295700806,68.8676743569345,19.46752586060709,60.88570670909573,93.82462425725271
2407807,Monte Alegre - RN,3540.0,1422855.0,3734,2520702.0,23031.0,24055.0,7736.0,15.370587469063436,45.760082730093075,15.52276034088547,48.26783867631851,61.779992184447046
2407906,Monte das Gameleiras - RN,606.0,247457.0,544,367979.0,2276.0,2347.0,796.0,26.625659050966608,76.13065326633166,23.178525777588412,68.34170854271356,108.72451669595782
2408003,Mossoró - RN,35358.0,14209201.0,27288,17667030.0,264577.0,279100.0,92467.0,13.363973436844473,38.23850671050212,9.77714080974561,29.511068813738955,53.705352317094835
2408102,Natal - RN,73732.0,30033784.0,73736,49133405.0,751300.0,783196.0,270045.0,9.813922534273924,27.303597548556723,9.414756970158173,27.30507878316577,39.975754026354316
2408201,Nísia Floresta - RN,4351.0,1782738.0,5011,3351782.0,31942.0,34674.0,9842.0,13.621564084903888,44.20849420849421,14.451750591221089,50.91444828286934,55.81172124475612
2408300,Nova Cruz - RN,6769.0,2801463.0,6034,4070373.0,34269.0,35514.0,11514.0,19.752546032857683,58.78929998262984,16.990482626569804,52.405766892478724,81.74919023023725
2408409,Olho d'Água do Borges - RN,668.0,282177.0,694,440692.0,3905.0,3725.0,1399.0,17.106274007682458,47.748391708363116,18.630872483221477,49.60686204431737,72.26043533930857
2408508,Ouro Branco - RN,681.0,275321.0,684,461321.0,4913.0,5095.0,1770.0,13.861184612253206,38.47457627118644,13.424926398429832,38.644067796610166,56.039283533482596
2408607,Paraná - RN,1029.0,424109.0,1200,783031.0,3934.0,4050.0,1295.0,26.156583629893237,79.45945945945945,29.62962962962963,92.66409266409266,107.80604982206405
2408706,Paraú - RN,526.0,214021.0,603,396963.0,3579.0,3642.0,1227.0,14.6968426934898,42.86878565607172,16.556836902800658,49.1442542787286,59.79910589550153
2408805,Parazinho - RN,952.0,397217.0,1016,707980.0,4801.0,4949.0,1492.0,19.82920224953135,63.806970509383376,20.529399878763385,68.09651474530831,82.73630493647157
2408904,Parelhas - RN,3270.0,1322758.0,3279,2168859.0,21499.0,22300.0,7754.0,15.210009767896182,42.17178230590663,14.704035874439462,42.287851431519215,61.52648960416764
2408953,Rio do Fogo - RN,2271.0,970123.0,2301,1576732.0,10351.0,10711.0,3128.0,21.939909187518115,72.60230179028133,21.482587993651386,73.56138107416879,93.72263549415516
2409100,Passa e Fica - RN,2670.0,1103404.0,2152,1425437.0,10896.0,11407.0,3791.0,24.504405286343612,70.42996570825639,18.865608836679232,56.76602479556845,101.26688693098384
2409209,Passagem - RN,610.0,246035.0,573,385946.0,3115.0,3244.0,1077.0,19.582664526484752,56.638811513463324,17.663378545006164,53.203342618384404,78.98394863563404
2409308,Patu - RN,2225.0,912148.0,2066,1366198.0,11007.0,11186.0,4030.0,20.214409012446623,55.21091811414392,18.46951546576077,51.265508684863526,82.8698101208322
2409332,Santa Maria - RN,1275.0,529255.0,1101,749128.0,4847.0,5006.0,1630.0,26.304930885083557,78.22085889570552,21.993607670795047,67.54601226993866,109.19228388694037
2409407,Pau dos Ferros - RN,4518.0,1818070.0,4234,2797221.0,30479.0,32259.0,10776.0,14.823320975097609,41.926503340757236,13.125019374438141,39.29101707498144,59.649922897732864
2409506,Pedra Grande - RN,862.0,361282.0,744,497209.0,3618.0,3743.0,1093.0,23.825317855168603,78.8655077767612,19.877103927331017,68.06953339432754,99.85682697622997
2409605,Pedra Preta - RN,551.0,230083.0,531,358905.0,2441.0,2491.0,780.0,22.572716099959035,70.64102564102564,21.316740264953832,68.07692307692308,94.25768127816468
2409704,Pedro Avelino - RN,1521.0,621407.0,1086,732137.0,6242.0,6281.0,2064.0,24.3671900032041,73.69186046511628,17.290240407578413,52.616279069767444,99.55254726049343
2409803,Pedro Velho - RN,3365.0,1397327.0,2913,1988571.0,13824.0,14196.0,4496.0,24.341724537037038,74.84430604982207,20.51986475063398,64.79092526690391,101.07978877314815
2409902,Pendências - RN,2236.0,927430.0,1931,1281538.0,12278.0,12464.0,4206.0,18.211435087147745,53.162149310508795,15.492618741976893,45.91060389919163,75.53591790193843
2410009,Pilões - RN,674.0,275189.0,829,540292.0,2965.0,2976.0,1045.0,22.7318718381113,64.49760765550239,27.856182795698924,79.33014354066985,92.812478920742
2410108,Poço Branco - RN,2619.0,1078934.0,2307,1561273.0,12390.0,12514.0,3841.0,21.138014527845037,68.1853683936475,18.43535240530606,60.06248372819578,87.08103309120258
2410207,Portalegre - RN,1379.0,557665.0,1241,821121.0,7601.0,7875.0,2689.0,18.142349690830155,51.28300483451097,15.75873015873016,46.15098549646709,73.36732008946191
2410256,Porto do Mangue - RN,1062.0,447045.0,1022,686307.0,5228.0,5345.0,1737.0,20.313695485845447,61.13989637305699,19.12067352666043,58.837075417386295,85.50975516449886
2410306,Serra Caiada - RN,1537.0,630175.0,1878,1296621.0,10125.0,11257.0,3209.0,15.180246913580246,47.896540978497974,16.682952829350626,58.52290433156747,62.239506172839505
2410405,Pureza - RN,1641.0,693387.0,1700,1193442.0,9362.0,10283.0,3027.0,17.528305917538987,54.21209117938553,16.532140425945737,56.1612157251404,74.06398205511643
2410504,Rafael Fernandes - RN,968.0,409045.0,916,605867.0,5432.0,5714.0,1879.0,17.820324005891017,51.5167642362959,16.030801540077004,48.74933475252794,75.3028350515464
2410603,Rafael Godeiro - RN,550.0,222840.0,535,346215.0,2934.0,3002.0,1070.0,18.74573960463531,51.401869158878505,17.82145236508994,50.0,75.95092024539878
2410702,Riacho da Cruz - RN,523.0,213712.0,560,362092.0,2701.0,2708.0,932.0,19.36319881525361,56.11587982832618,20.6794682422452,60.08583690987125,79.12328767123287
2410801,Riacho de Santana - RN,750.0,307472.0,622,408645.0,4127.0,4247.0,1439.0,18.17300702689605,52.11952744961779,14.645632210972451,43.224461431549685,74.50254422098376
2410900,Riachuelo - RN,1428.0,606938.0,1383,927360.0,7389.0,7663.0,2345.0,19.326025172553795,60.8955223880597,18.047761973117577,58.97654584221748,82.14074976316145
2411007,Rodolfo Fernandes - RN,677.0,274784.0,739,488904.0,4242.0,4342.0,1518.0,15.95945308816596,44.59815546772069,17.019806540764623,48.68247694334651,64.77699198491278
2411056,Tibau - RN,547.0,221216.0,847,555566.0,5382.0,5816.0,1843.0,10.163507989594946,29.679869777536624,14.563273727647868,45.95767769940315,41.10293571163136
2411106,Ruy Barbosa - RN,533.0,220344.0,501,332809.0,3206.0,3241.0,1090.0,16.62507797878977,48.89908256880734,15.458191916075286,45.96330275229358,68.72863381160325
2411205,Santa Cruz - RN,5013.0,2023576.0,5764,3892139.0,37313.0,39198.0,12786.0,13.434995845951812,39.206945096198965,14.70483187917751,45.0805568590646,54.2324658966044
2411403,Santana do Matos - RN,2136.0,917153.0,1974,1302576.0,12456.0,12700.0,4476.0,17.148362235067438,47.72117962466488,15.543307086614174,44.101876675603215,73.63142260757867
2411429,Santana do Seridó - RN,410.0,166262.0,332,219199.0,2696.0,2804.0,921.0,15.207715133531158,44.51682953311618,11.840228245363766,36.047774158523346,61.66988130563798
2411502,Santo Antônio - RN,4524.0,1824314.0,3961,2672736.0,22177.0,22807.0,7694.0,20.399513008973262,58.79906420587471,17.367474898057615,51.48167403171302,82.26153221806376
2411601,São Bento do Norte - RN,549.0,222374.0,449,305005.0,3304.0,3457.0,1046.0,16.616222760290558,52.48565965583174,12.988140005785363,42.92543021032505,67.3044794188862
2411700,São Bento do Trairí - RN,1018.0,419170.0,876,584668.0,3792.0,3888.0,1295.0,26.845991561181435,78.61003861003861,22.530864197530864,67.64478764478764,110.540611814346
2411809,São Fernando - RN,549.0,220606.0,505,333736.0,3492.0,3612.0,1242.0,15.721649484536082,44.20289855072464,13.981173864894796,40.66022544283414,63.174684994272624
2411908,São Francisco do Oeste - RN,791.0,323759.0,658,425538.0,4161.0,4333.0,1480.0,19.00985340062485,53.445945945945944,15.18578352180937,44.45945945945946,77.80797885123768
2412005,São Gonçalo do Amarante - RN,17836.0,7213084.0,16336,10896744.0,115838.0,125691.0,39827.0,15.397365286002866,44.783689456901094,12.996952844674638,41.01740025610766,62.26872010911791
2412104,São João do Sabugi - RN,865.0,366918.0,876,577524.0,5956.0,6142.0,2256.0,14.523169912693083,38.34219858156028,14.262455226310648,38.829787234042556,61.60476830087307
2412203,São José de Mipibu - RN,6586.0,2659554.0,7259,4944819.0,47286.0,50386.0,15663.0,13.928012519561815,42.04813892613165,14.40677966101695,46.34488922939411,56.24400456794823
2412302,São José do Campestre - RN,2338.0,941034.0,2283,1541387.0,11121.0,11259.0,3718.0,21.023289272547434,62.883270575578265,20.27711164401812,61.403980634749864,84.61775020231994
2412401,São José do Seridó - RN,407.0,167464.0,452,302848.0,4558.0,4748.0,1546.0,8.929354980254498,26.326002587322122,9.519797809604043,29.236739974126777,36.740675734971475
2412500,São Miguel - RN,4300.0,1780280.0,4608,3103759.0,23537.0,24509.0,8266.0,18.269108212601434,52.020324219695134,18.801256681219144,55.746431163803535,75.63750690402345
2412559,São Miguel do Gostoso - RN,2035.0,834356.0,1868,1258545.0,10221.0,10679.0,3210.0,19.909989237843654,63.39563862928349,17.492274557542842,58.19314641744548,81.6315429018687
2412609,São Paulo do Potengi - RN,3558.0,1466309.0,2912,1949959.0,16786.0,17419.0,5875.0,21.19623495770285,60.56170212765957,16.717377576209884,49.56595744680851,87.35309186226617
2412708,São Pedro - RN,1121.0,460005.0,1018,689550.0,5776.0,5877.0,1925.0,19.407894736842106,58.23376623376623,17.321762804151778,52.883116883116884,79.64075484764543
2412807,São Rafael - RN,2126.0,886364.0,2149,1382854.0,7711.0,7879.0,2734.0,27.571002464012448,77.76152158010241,27.27503490290646,78.60277980980248,114.94799636882375
2412906,São Tomé - RN,2166.0,891923.0,1854,1223079.0,9972.0,10136.0,3523.0,21.7208182912154,61.481691739994325,18.291239147592737,52.625603179108715,89.44273967107902
2413003,São Vicente - RN,987.0,402361.0,952,631550.0,6310.0,6546.0,2220.0,15.641838351822503,44.45945945945946,14.543232508402077,42.88288288288288,63.76561014263074
2413102,Senador Elói de Souza - RN,1936.0,797974.0,1680,1140626.0,5965.0,6046.0,2039.0,32.45599329421626,94.94850416871016,27.78696658948065,82.39333006375675,133.77602682313494
2413201,Senador Georgino Avelino - RN,645.0,266519.0,553,374335.0,4065.0,4210.0,1251.0,15.867158671586715,51.55875299760192,13.135391923990499,44.20463629096723,65.56432964329643
2413300,Serra de São Bento - RN,1362.0,571419.0,1289,872217.0,5703.0,5869.0,1929.0,23.88216728037875,70.60653188180405,21.962855682399045,66.82218766200104,100.19621251972646
2413359,Serra do Mel - RN,2920.0,1182447.0,2799,1876773.0,13091.0,13935.0,4239.0,22.30540065693988,68.88417079499882,20.08611410118407,66.02972399150742,90.32518524176915
2413409,Serra Negra do Norte - RN,997.0,405368.0,958,625808.0,7597.0,7799.0,2592.0,13.123601421613795,38.464506172839506,12.283626105911015,36.95987654320987,53.35895748321706
2413508,Serrinha - RN,1704.0,695042.0,1439,964666.0,6436.0,6608.0,2245.0,26.476072094468613,75.90200445434299,21.776634382566584,64.09799554565701,107.99285270354257
2413557,Serrinha dos Pintos - RN,922.0,377389.0,998,655705.0,4659.0,4818.0,1681.0,19.789654432281605,54.84830458060678,20.713989207139893,59.36942296252231,81.00214638334407
2413607,Severiano Melo - RN,1277.0,515523.0,1234,802469.0,5487.0,5610.0,1983.0,23.27319117915072,64.39737771053959,21.996434937611408,62.228946041351485,93.95352651722253
2413706,Sítio Novo - RN,900.0,369647.0,919,614885.0,4654.0,4736.0,1673.0,19.338203695745595,53.79557680812911,19.40456081081081,54.931261207411836,79.42565535023635
2413805,Taboleiro Grande - RN,381.0,154056.0,543,356689.0,2338.0,2411.0,824.0,16.295979469632165,46.237864077669904,22.52177519701369,65.89805825242719,65.89221556886227
2413904,Taipu - RN,2074.0,845664.0,2026,1383469.0,11422.0,11701.0,3643.0,18.157940815969184,56.931100741147404,17.3147594222716,55.613505352731266,74.0381719488706
2414001,Tangará - RN,2912.0,1204476.0,2724,1832881.0,13281.0,13565.0,4485.0,21.92605978465477,64.92753623188406,20.081091043125692,60.735785953177256,90.69166478427829
2414100,Tenente Ananias - RN,1622.0,653926.0,1774,1184370.0,10262.0,10632.0,3396.0,15.805885792243227,47.76207302709069,16.685477802859292,52.23792697290931,63.72305593451569
2414159,Tenente Laurentino Cruz - RN,1430.0,591815.0,1144,769405.0,5891.0,6183.0,1977.0,24.274316754371075,72.33181588265047,18.502345139899724,57.86545270612039,100.46087251739942
2414209,Tibau do Sul - RN,2176.0,880981.0,2331,1618108.0,16929.0,18302.0,5985.0,12.853683029121626,36.35756056808688,12.736312971259972,38.94736842105263,52.03975426782444
2414308,Timbaúba dos Batistas - RN,357.0,145779.0,331,212672.0,2348.0,2428.0,844.0,15.204429301533219,42.29857819905213,13.632619439868204,39.21800947867298,62.08645655877343
2414407,Touros - RN,6987.0,2855422.0,6627,4510357.0,33035.0,34412.0,10430.0,21.150295141516573,66.98945349952061,19.257817040567243,63.537871524448704,86.43626456788255
2414456,Triunfo Potiguar - RN,1212.0,493785.0,1019,681428.0,3376.0,3480.0,1128.0,35.90047393364929,107.44680851063829,29.2816091954023,90.33687943262412,146.26332938388626
2414506,Umarizal - RN,2088.0,855012.0,2137,1385686.0,10078.0,10639.0,3696.0,20.7183965072435,56.493506493506494,20.086474292696682,57.81926406926407,84.83945227227625
2414605,Upanema - RN,2506.0,1016911.0,2234,1467276.0,13577.0,14080.0,4678.0,18.457685792148485,53.56990166737922,15.866477272727273,47.75545104745618,74.89953597996612
2414704,Várzea - RN,1065.0,445229.0,997,678623.0,5233.0,5391.0,1810.0,20.351614752532008,58.83977900552486,18.493785939528845,55.0828729281768,85.08102426906173
2414753,Venha-Ver - RN,797.0,329025.0,669,452479.0,3014.0,2976.0,1017.0,26.443264764432648,78.36774827925271,22.47983870967742,65.78171091445428,109.1655607166556
2414803,Vera Cruz - RN,1671.0,673543.0,2204,1515795.0,10735.0,11061.0,3553.0,15.565905915230553,47.03067830002814,19.92586565409999,62.032085561497325,62.74271075919888
2414902,Viçosa - RN,492.0,198356.0,445,288290.0,1822.0,1909.0,636.0,27.003293084522504,77.35849056603773,23.310633839706654,69.96855345911949,108.86717892425905
2415008,Vila Flor - RN,730.0,307124.0,570,395700.0,3174.0,3318.0,987.0,22.999369880277253,73.9614994934144,17.179023508137433,57.75075987841945,96.76244486452426
2500106,Água Branca - PB,1890.0,792392.0,1816,1242620.0,9335.0,9582.0,3267.0,20.246384574183182,57.85123966942149,18.952202045501984,55.58616467707377,84.88398500267809
2500205,Aguiar - PB,1015.0,432482.0,883,581815.0,5003.0,4993.0,1836.0,20.287827303617828,55.28322440087146,17.684758662126978,48.09368191721133,86.44453328003198
2500304,Alagoa Grande - PB,5282.0,2145449.0,5079,3447883.0,26062.0,26544.0,8782.0,20.267055483078813,60.14575267592804,19.134267631103075,57.83420633113186,82.32096539022331
2500403,Alagoa Nova - PB,3142.0,1278186.0,3116,2195181.0,21013.0,21916.0,6993.0,14.952648360538713,44.93064493064493,14.217922978645738,44.55884455884456,60.82834435825441
2500502,Alagoinha - PB,3078.0,1289342.0,3229,2224435.0,13725.0,14159.0,4425.0,22.42622950819672,69.55932203389831,22.805282858958964,72.97175141242938,93.94112932604736
2500536,Alcantil - PB,986.0,400121.0,960,661760.0,5578.0,5833.0,1999.0,17.676586590175692,49.324662331165584,16.458083319046803,48.024012006003,71.73198278953029
2500577,Algodão de Jandaíra - PB,701.0,323933.0,695,480217.0,2953.0,3179.0,968.0,23.738570944801896,72.41735537190083,21.86222082415854,71.79752066115702,109.69624111073485
2500601,Alhandra - PB,4634.0,1876635.0,3735,2575267.0,21730.0,23318.0,7140.0,21.325356649792912,64.90196078431373,16.017668753752467,52.3109243697479,86.36148182236539
2500700,São João do Rio do Peixe - PB,2963.0,1290481.0,2842,1875807.0,17964.0,18531.0,6317.0,16.494099309730572,46.905176507835996,15.336463223787167,44.989710305524774,71.83706301491873
2500734,Amparo - PB,584.0,240785.0,526,351509.0,2234.0,2340.0,792.0,26.141450313339302,73.73737373737374,22.478632478632477,66.41414141414141,107.78200537153089
2500775,Aparecida - PB,1992.0,815847.0,1889,1262472.0,7960.0,8286.0,2693.0,25.025125628140703,73.96955068696622,22.797489741733045,70.1448199034534,102.49334170854272
2500809,Araçagi - PB,4856.0,2001269.0,4175,2801052.0,16646.0,16972.0,5694.0,29.172173495133965,85.28275377590447,24.599340089559274,73.32279592553566,120.22521927189715
2500908,Arara - PB,3216.0,1303176.0,2650,1764172.0,12212.0,12469.0,4333.0,26.334752702260072,74.22109393030233,21.252706712647367,61.1585506577429,106.71274156567311
2501005,Araruna - PB,2505.0,1016540.0,2942,2026435.0,17189.0,17282.0,5768.0,14.573273605212636,43.42926490984743,17.023492651313504,51.005547850208046,59.138984234103205
2501104,Areia - PB,4151.0,1686915.0,3776,2578079.0,22633.0,22983.0,7361.0,18.340476295674456,56.39179459312594,16.42953487360223,51.2973780736313,74.53342464542924
2501153,Areia de Baraúnas - PB,496.0,205029.0,463,313895.0,2005.0,2017.0,673.0,24.738154613466335,73.69985141158989,22.954883490332175,68.7964338781575,102.25885286783043
2501203,Areial - PB,1433.0,608774.0,1554,1049645.0,7128.0,7473.0,2469.0,20.10381593714927,58.039692183070066,20.79486150140506,62.9404617253949,85.40600448933782
2501302,Aroeiras - PB,5172.0,2158074.0,4215,2868244.0,18705.0,19136.0,6588.0,27.65036086607859,78.5063752276867,22.026546822742475,63.9799635701275,115.37417802726544
2501351,Assunção - PB,1184.0,488329.0,1064,727462.0,4152.0,4423.0,1395.0,28.516377649325626,84.87455197132617,24.056070540357222,76.27240143369175,117.61295761078998
2501401,Baía da Traição - PB,1859.0,792857.0,1961,1404131.0,9224.0,9830.0,2794.0,20.153946227233305,66.53543307086615,19.94913530010173,70.18611309949893,85.95587597571553
2501500,Bananeiras - PB,3953.0,1637740.0,3556,2433259.0,23134.0,24271.0,7524.0,17.087403821215528,52.53854332801701,14.651229862799225,47.26209463051568,70.79363707097778
2501534,Baraúna - PB,1034.0,425903.0,896,597691.0,4762.0,5050.0,1729.0,21.713565728685428,59.80335454019664,17.742574257425744,51.821862348178136,89.43784124317514
2501575,Barra de Santana - PB,1787.0,731567.0,1674,1131083.0,8059.0,8241.0,2938.0,22.1739669934235,60.823689584751534,20.313068802329813,56.97753573859769,90.77639905695496
2501609,Barra de Santa Rosa - PB,3010.0,1261182.0,2641,1765678.0,12904.0,12959.0,4843.0,23.326100433973963,62.15155895106339,20.379658924299715,54.532314680982864,97.73574085554867
2501708,Barra de São Miguel - PB,1605.0,667359.0,1249,849283.0,5906.0,6144.0,2105.0,27.175753471046395,76.24703087885986,20.328776041666668,59.334916864608076,112.9967829326109
2501807,Bayeux - PB,18309.0,7417666.0,13430,8775843.0,82742.0,83351.0,28049.0,22.1278190036499,65.27505436913972,16.11258413216398,47.88049484830119,89.64813516714607
2501906,Belém - PB,3099.0,1256591.0,2901,1940202.0,16401.0,16682.0,5838.0,18.89518931772453,53.08324768756423,17.390001198897014,49.69167523124358,76.61673068715322
2502003,Belém do Brejo do Cruz - PB,2278.0,948268.0,1709,1127219.0,6268.0,6223.0,2107.0,36.34333120612636,108.11580446131941,27.462638598746587,81.11058376839108,151.28717294192725
2502052,Bernardino Batista - PB,604.0,259473.0,618,427871.0,3504.0,3704.0,1124.0,17.23744292237443,53.736654804270465,16.684665226781856,54.98220640569395,74.05051369863014
2502102,Boa Ventura - PB,1113.0,490688.0,1065,734244.0,5207.0,5217.0,1733.0,21.37507201843672,64.22388920946335,20.414031052328923,61.45412579342181,94.23622047244095
2502151,Boa Vista - PB,873.0,356473.0,787,529647.0,6377.0,6608.0,2150.0,13.68982280068998,40.604651162790695,11.909806295399516,36.604651162790695,55.899796142386705
2502201,Bom Jesus - PB,433.0,191319.0,502,341313.0,2286.0,2323.0,805.0,18.941382327209098,53.7888198757764,21.60998708566509,62.36024844720497,83.69160104986877
2502300,Bom Sucesso - PB,984.0,399702.0,909,597034.0,4661.0,4701.0,1725.0,21.11134949581635,57.04347826086956,19.336311423101467,52.69565217391305,85.75455910748767
2502409,Bonito de Santa Fé - PB,2563.0,1068908.0,2311,1551181.0,10252.0,10407.0,3349.0,25.0,76.53030755449387,22.20620736043048,69.00567333532398,104.26336324619587
2502508,Boqueirão - PB,3755.0,1581726.0,3805,2603633.0,17598.0,18276.0,5966.0,21.337652005909764,62.93999329534026,20.81965419128912,63.77807576265504,89.88100920559154
2502607,Igaracy - PB,1112.0,492606.0,997,685265.0,5648.0,5696.0,2022.0,19.688385269121813,54.99505440158259,17.503511235955056,49.30761622156281,87.21777620396601
2502706,Borborema - PB,912.0,375869.0,786,557063.0,4214.0,4142.0,1393.0,21.642145230185097,65.47020818377602,18.976339932399807,56.424982053122754,89.1953013763645
2502805,Brejo do Cruz - PB,3218.0,1299313.0,2700,1812122.0,13613.0,14137.0,4646.0,23.639168441930508,69.26388291003013,19.098818702695056,58.114507102884204,95.44648497759495
2502904,Brejo dos Santos - PB,1295.0,528374.0,1585,1054838.0,5742.0,5793.0,1982.0,22.553117380703586,65.3380423814329,27.36060762989815,79.96972754793138,92.01915708812261
2503001,Caaporã - PB,5198.0,2127348.0,3664,2557020.0,21193.0,22014.0,6834.0,24.526966451186713,76.06087211003805,16.643953847551558,53.61428153350892,100.3797480300099
2503100,Cabaceiras - PB,831.0,336372.0,869,590014.0,5335.0,5557.0,1877.0,15.576382380506091,44.272775705913695,15.637934137124347,46.297282898241875,63.05004686035614
2503209,Cabedelo - PB,11224.0,4664783.0,8242,5542734.0,66519.0,71364.0,22773.0,16.873374524571926,49.286435691388924,11.549240513424136,36.191981732753696,70.12707647439078
2503308,Cachoeira dos Índios - PB,2164.0,879839.0,1850,1247481.0,9151.0,9319.0,3132.0,23.64768877718282,69.09323116219667,19.851915441570984,59.0676883780332,96.14675991694897
2503407,Cacimba de Areia - PB,1101.0,447858.0,986,655394.0,3291.0,3334.0,1128.0,33.45487693710118,97.6063829787234,29.574085182963408,87.41134751773049,136.08568824065634
2503506,Cacimba de Dentro - PB,2844.0,1180706.0,2737,1904523.0,16064.0,16293.0,5426.0,17.704183266932272,52.414301511242165,16.798625176456145,50.442314780685585,73.50012450199203
2503555,Cacimbas - PB,1972.0,855444.0,2013,1426423.0,7223.0,7546.0,2291.0,27.301675204208777,86.07594936708861,26.676384839650147,87.86556089044086,118.43333794822097
2503605,Caiçara - PB,1591.0,650430.0,1316,894103.0,6602.0,6657.0,2258.0,24.098757952135717,70.46058458813108,19.768664563617246,58.28166519043401,98.52014541048167
2503704,Cajazeiras - PB,12988.0,5404528.0,12852,8466077.0,63239.0,66976.0,22352.0,20.537959170764875,58.10665712240515,19.18896321070234,57.498210450966354,85.4619459510745
2503753,Cajazeirinhas - PB,1105.0,459902.0,777,522822.0,2740.0,2744.0,883.0,40.32846715328467,125.14156285390713,28.316326530612244,87.99546998867497,167.84744525547444
2503803,Caldas Brandão - PB,1642.0,671302.0,1366,925579.0,5753.0,5955.0,2015.0,28.541630453676344,81.48883374689827,22.93870696893367,67.79156327543424,116.68729358595516
2503902,Camalaú - PB,1427.0,581900.0,1506,1006022.0,6085.0,6354.0,2423.0,23.451109285127362,58.893933140734624,23.701605288007553,62.15435410647957,95.62859490550534
2504009,Campina Grande - PB,30823.0,12358823.0,34987,23298383.0,419379.0,446720.0,147149.0,7.349676545559029,20.946795425045362,7.831975286532951,23.776580201020735,29.46934157408931
2504033,Capim - PB,2017.0,831662.0,1809,1259077.0,6970.0,7539.0,2194.0,28.938307030129124,91.93254329990884,23.995224830879426,82.4521422060164,119.32022955523672
2504074,Caraúbas - PB,827.0,341203.0,906,609092.0,3944.0,4074.0,1453.0,20.968559837728193,56.916724019270475,22.23858615611193,62.353750860289054,86.5119168356998
2504108,Carrapateira - PB,563.0,227546.0,447,290981.0,2312.0,2363.0,754.0,24.35121107266436,74.6684350132626,18.916631400761744,59.283819628647215,98.41955017301038
2504157,Casserengue - PB,1684.0,706329.0,1550,1048730.0,6889.0,7048.0,2412.0,24.444767019886775,69.81757877280265,21.99205448354143,64.2620232172471,102.52997532297866
2504207,Catingueira - PB,1240.0,516295.0,1095,729596.0,4491.0,4540.0,1452.0,27.610777109775107,85.39944903581267,24.11894273127753,75.41322314049587,114.96214651525273
2504306,Catolé do Rocha - PB,5934.0,2384716.0,5033,3286944.0,30661.0,32449.0,10631.0,19.35357620429862,55.817891073276265,15.510493389626799,47.34267707647446,77.77685007012165
2504355,Caturité - PB,1104.0,459066.0,1093,732340.0,5254.0,5592.0,1802.0,21.01256185763228,61.26526082130965,19.545779685264662,60.65482796892342,87.37457175485345
2504405,Conceição - PB,3502.0,1508383.0,3685,2474796.0,18260.0,18739.0,6227.0,19.178532311062433,56.23895937048338,19.664870057100167,59.17777420908945,82.60585980284776
2504504,Condado - PB,1278.0,541928.0,1184,804864.0,6451.0,6632.0,2275.0,19.81088203379321,56.175824175824175,17.85283474065139,52.043956043956044,84.00682064796156
2504603,Conde - PB,5636.0,2322508.0,5260,3610897.0,27605.0,30446.0,8966.0,20.416591197246877,62.859692170421596,17.27648952243316,58.66607182690163,84.133598985691
2504702,Congo - PB,1227.0,502638.0,1239,825277.0,4933.0,5145.0,1869.0,24.873302250152037,65.65008025682182,24.081632653061224,66.29213483146067,101.89296574092845
2504801,Coremas - PB,2885.0,1297039.0,3277,2198063.0,14683.0,14970.0,5086.0,19.648573179867874,56.72434132913881,21.890447561790246,64.43177349587101,88.33610297623102
2504850,Coxixola - PB,417.0,168705.0,368,239810.0,1824.0,1893.0,734.0,22.861842105263158,56.81198910081744,19.440042260961437,50.13623978201635,92.49177631578948
2504900,Cruz do Espírito Santo - PB,4983.0,2022450.0,3704,2524610.0,17095.0,17918.0,5362.0,29.148873939748466,92.93174188735547,20.67194999441902,69.0787019768743,118.30652237496344
2505006,Cubati - PB,1671.0,683952.0,1609,1086725.0,7580.0,7864.0,2627.0,22.04485488126649,63.608679101636845,20.46032553407935,61.24857251617815,90.2311345646438
2505105,Cuité - PB,4549.0,1861982.0,3665,2437642.0,19719.0,20210.0,6930.0,23.069121152188245,65.64213564213564,18.13458683819891,52.886002886002885,94.42578224047872
2505204,Cuitegi - PB,1408.0,571204.0,1279,876355.0,6730.0,6887.0,2198.0,20.921248142644874,64.0582347588717,18.571221141280674,58.18926296633303,84.87429420505201
2505238,Cuité de Mamanguape - PB,1797.0,731963.0,1422,971236.0,6251.0,6450.0,2102.0,28.747400415933452,85.49000951474785,22.046511627906977,67.64985727878211,117.09534474484083
2505279,Curral de Cima - PB,1595.0,664307.0,1567,1072612.0,5254.0,5423.0,1759.0,30.35782261134374,90.67652075042638,28.89544532546561,89.08470722001137,126.43833269889608
2505303,Curral Velho - PB,510.0,207560.0,481,319874.0,2292.0,2304.0,739.0,22.25130890052356,69.01217861975643,20.87673611111111,65.08795669824086,90.55846422338568
2505352,Damião - PB,1083.0,452999.0,1193,804970.0,4982.0,5151.0,1788.0,21.73825772782015,60.57046979865772,23.16055134925257,66.72259507829978,90.92713769570453
2505402,Desterro - PB,2473.0,1009182.0,2182,1480101.0,8067.0,8327.0,2842.0,30.65575802652783,87.01618578465869,26.20391497538129,76.77691766361717,125.10003718854593
2505501,Vista Serrana - PB,561.0,232468.0,567,382826.0,3641.0,3784.0,1197.0,15.407854984894259,46.8671679197995,14.984143763213531,47.36842105263158,63.84729469925845
2505600,Diamante - PB,1325.0,554674.0,1304,868992.0,6299.0,6403.0,2097.0,21.035084934116526,63.18550309966619,20.365453693581134,62.18407248450167,88.05746943959359
2505709,Dona Inês - PB,2130.0,882302.0,2111,1454508.0,10380.0,10636.0,3581.0,20.520231213872833,59.48059201340408,19.84768710041369,58.950013962580286,85.00019267822736
2505808,Duas Estradas - PB,858.0,352275.0,645,433593.0,3327.0,3344.0,1166.0,25.788999098286745,73.58490566037736,19.288277511961724,55.317324185248715,105.88367899008115
2505907,Emas - PB,931.0,392416.0,766,510776.0,3011.0,3020.0,974.0,30.919960146130855,95.58521560574948,25.364238410596027,78.64476386036961,130.32746595815343
2506004,Esperança - PB,5548.0,2277274.0,5019,3383068.0,31231.0,32671.0,10821.0,17.76440075565944,51.270677386563165,15.362247865079123,46.382034932076515,72.91710159777145
2506103,Fagundes - PB,2356.0,991417.0,1965,1341123.0,11049.0,11300.0,3784.0,21.323196669381844,62.26215644820296,17.38938053097345,51.9291754756871,89.72911575708208
2506202,Frei Martinho - PB,688.0,282495.0,629,410124.0,2846.0,2908.0,1085.0,24.174279690794098,63.41013824884793,21.629986244841817,57.97235023041475,99.26036542515811
2506251,Gado Bravo - PB,2012.0,846073.0,1940,1350890.0,8179.0,8401.0,2749.0,24.599584301259323,73.19025100036377,23.09248898940602,70.57111676973445,103.44455312385377
2506301,Guarabira - PB,8510.0,3469757.0,8674,5823134.0,57484.0,60265.0,19743.0,14.804119407139378,43.103884921237906,14.39309715423546,43.93455908423238,60.360395936260524
2506400,Gurinhém - PB,3313.0,1379581.0,2638,1776115.0,13766.0,14148.0,4535.0,24.066540752578817,73.0540242557883,18.645744981622844,58.16979051819184,100.21654801685311
2506509,Gurjão - PB,839.0,344856.0,663,444061.0,3242.0,3361.0,1145.0,25.879086983343615,73.27510917030568,19.726271942874146,57.903930131004365,106.37137569401604
2506608,Ibiara - PB,1160.0,479282.0,1061,703607.0,5631.0,5693.0,2017.0,20.600248623690288,57.51115518096182,18.63692253644827,52.60287555775905,85.11489966258213
2506707,Imaculada - PB,2101.0,886878.0,2239,1507553.0,10392.0,10447.0,3408.0,20.217474980754428,61.64906103286385,21.431990044988993,65.69835680751174,85.34237875288683
2506806,Ingá - PB,5334.0,2218707.0,4722,3119279.0,17692.0,18268.0,6077.0,30.149219986434545,87.77357248642423,25.848478213269104,77.70281388843179,125.40735925842189
2506905,Itabaiana - PB,5697.0,2315024.0,4840,3179836.0,23182.0,23498.0,8292.0,24.57510137175395,68.70477568740955,20.597497659375264,58.36951278340569,99.8629971529635
2507002,Itaporanga - PB,3204.0,1292087.0,3570,2387327.0,23940.0,24842.0,8186.0,13.38345864661654,39.1399951136086,14.370823605184768,43.61104324456389,53.971888053467
2507101,Itapororoca - PB,3300.0,1353641.0,3250,2247981.0,18382.0,19270.0,6058.0,17.95234468501795,54.47342357213602,16.86559418785677,53.648068669527895,73.63948427809814
2507200,Itatuba - PB,2494.0,1123547.0,2128,1468465.0,10499.0,10863.0,3484.0,23.754643299361845,71.58438576349025,19.58943201693823,61.079219288174514,107.01466806362511
2507309,Jacaraú - PB,3782.0,1555940.0,3493,2382296.0,14477.0,15013.0,4970.0,26.124197002141326,76.09657947686117,23.26650236461733,70.28169014084507,107.47668715894177
2507408,Jericó - PB,1460.0,605627.0,1386,921904.0,7516.0,7734.0,2518.0,19.4252261841405,57.98252581413821,17.92086889061288,55.04368546465449,80.57836615220862
2507507,João Pessoa - PB,83049.0,33697642.0,81203,54689258.0,833932.0,906093.0,296249.0,9.958725651491967,28.033512349408774,8.961883603559459,27.41038788316585,40.408141191368124
2507606,Juarez Távora - PB,2693.0,1096139.0,2596,1760218.0,7796.0,8117.0,2799.0,34.543355566957416,96.21293319042515,31.98225945546384,92.74740978921044,140.60274499743457
2507705,Juazeirinho - PB,2907.0,1180454.0,3057,2156540.0,17007.0,17551.0,5410.0,17.09296172164403,53.733826247689464,17.417810950942965,56.50646950092421,69.40989004527547
2507804,Junco do Seridó - PB,1425.0,578188.0,1283,868009.0,6793.0,7035.0,2324.0,20.97747681436773,61.31669535283993,18.237384506041224,55.2065404475043,85.11526571470631
2507903,Juripiranga - PB,2002.0,839371.0,2016,1336930.0,10012.0,10250.0,3316.0,19.996004794246904,60.37394451145959,19.66829268292683,60.79613992762364,83.83649620455454
2508000,Juru - PB,1847.0,769210.0,1653,1112339.0,9234.0,9352.0,3208.0,20.002165908598656,57.574812967581046,17.67536355859709,51.52743142144639,83.3019276586528
2508109,Lagoa - PB,996.0,408960.0,1029,679232.0,4415.0,4476.0,1488.0,22.559456398640997,66.93548387096774,22.989276139410187,69.15322580645162,92.62967157417893
2508208,Lagoa de Dentro - PB,1854.0,778470.0,1709,1178095.0,7819.0,8155.0,2630.0,23.71147205525003,70.49429657794677,20.95646842427958,64.9809885931559,99.56132497761863
2508307,Lagoa Seca - PB,4323.0,1740862.0,4475,3015134.0,27730.0,29356.0,9172.0,15.589614136314461,47.1325774095072,15.24390243902439,48.78979502834714,62.77901190046881
2508406,Lastro - PB,533.0,227083.0,577,391331.0,3162.0,3339.0,973.0,16.856419987349778,54.77903391572456,17.2806229410003,59.30113052415211,71.81625553447185
2508505,Livramento - PB,1505.0,637291.0,1352,926532.0,6877.0,7038.0,2420.0,21.884542678493528,62.1900826446281,19.210002841716395,55.86776859504132,92.66991420677621
2508554,Logradouro - PB,916.0,377477.0,1038,710250.0,4797.0,5166.0,1537.0,19.09526787575568,59.59661678594665,20.092915214866434,67.5341574495771,78.69022305607672
2508604,Lucena - PB,2222.0,937712.0,2172,1484728.0,12560.0,13153.0,3928.0,17.691082802547772,56.568228105906314,16.513342963582453,55.29531568228106,74.65859872611465
2508703,Mãe d'Água - PB,818.0,338658.0,672,448689.0,3583.0,3575.0,1323.0,22.830030700530283,61.8291761148904,18.797202797202797,50.79365079365079,94.51800167457438
2508802,Malta - PB,1118.0,467344.0,999,678695.0,6046.0,6315.0,2053.0,18.491564670856764,54.45689235265465,15.819477434679335,48.660496833901604,77.29804829639431
2508901,Mamanguape - PB,9856.0,4003804.0,7137,4840459.0,44599.0,47200.0,14486.0,22.09915020516155,68.03810575728289,15.120762711864407,49.26825900869805,89.77340299109845
2509008,Manaíra - PB,2788.0,1125533.0,2370,1591968.0,10434.0,10698.0,3577.0,26.72033735863523,77.9424098406486,22.15367358384745,66.25663964215823,107.87166954188231
2509057,Marcação - PB,2260.0,941227.0,2170,1531214.0,8999.0,9634.0,2762.0,25.11390154461607,81.82476466328747,22.524392775586463,78.56625633598841,104.59239915546172
2509107,Mari - PB,6313.0,2605209.0,6145,4091609.0,21512.0,22212.0,7354.0,29.34641130531796,85.84443840087027,27.665226003961823,83.55996736469949,121.10491818519895
2509156,Marizópolis - PB,1426.0,625235.0,1552,1027344.0,6705.0,7041.0,2208.0,21.26771066368382,64.58333333333333,22.042323533588977,70.28985507246377,93.24906785980612
2509206,Massaranduba - PB,3095.0,1250497.0,2642,1780466.0,14139.0,14842.0,4859.0,21.889808331565174,63.696233792961515,17.800835466918205,54.37332784523564,88.44310064360987
2509305,Mataraca - PB,1986.0,825842.0,1755,1244466.0,8244.0,8711.0,2680.0,24.090247452692868,74.1044776119403,20.146940649753187,65.48507462686567,100.17491508976225
2509339,Matinhas - PB,1007.0,415169.0,818,562651.0,4571.0,4781.0,1488.0,22.03019033034347,67.6747311827957,17.109391340723697,54.973118279569896,90.82673375628966
2509370,Mato Grosso - PB,626.0,254934.0,485,321781.0,2543.0,2577.0,826.0,24.616594573338578,75.78692493946731,18.820333721381452,58.71670702179177,100.24931183641368
2509396,Maturéia - PB,1669.0,673342.0,1613,1106376.0,6433.0,6754.0,2305.0,25.944349448157936,72.40780911062907,23.882143914717204,69.97830802603036,104.66998290066843
2509404,Mogeiro - PB,3398.0,1433323.0,3083,2093371.0,13899.0,14492.0,4796.0,24.447802000143895,70.85070892410342,21.273806237924372,64.28273561301084,103.12418159579826
2509503,Montadas - PB,1235.0,518087.0,1168,782926.0,5812.0,6201.0,1951.0,21.249139710942877,63.300871348026654,18.835671665860346,59.86673500768836,89.14091534755678
2509602,Monte Horebe - PB,913.0,385052.0,940,635740.0,4338.0,4422.0,1573.0,21.046565237436607,58.04195804195804,21.25734961555857,59.75842339478703,88.76256339326879
2509701,Monteiro - PB,6936.0,2798697.0,6572,4390641.0,32277.0,34023.0,12129.0,21.488985965238406,57.18525847143211,19.31634482555918,54.18418666007091,86.70870898782415
2509800,Mulungu - PB,2108.0,866087.0,1856,1288595.0,8791.0,8875.0,3036.0,23.979069502900693,69.433465085639,20.91267605633803,61.133069828722,98.51973609373222
2509909,Natuba - PB,1564.0,645938.0,1395,959944.0,8945.0,8860.0,3082.0,17.48462828395752,50.74626865671642,15.744920993227991,45.26281635301752,72.2121855785355
2510006,Nazarezinho - PB,1503.0,663729.0,1461,979446.0,7203.0,7396.0,2524.0,20.866305705955853,59.54833597464342,19.753921038399135,57.884310618066564,92.14618908788005
2510105,Nova Floresta - PB,2215.0,932611.0,1880,1253147.0,9724.0,9799.0,3577.0,22.778691896338955,61.92339949678502,19.1856311868558,52.55800950517193,95.90816536404772
2510204,Nova Olinda - PB,1293.0,537681.0,1276,871549.0,5787.0,5884.0,1970.0,22.343182996371176,65.63451776649747,21.68592794017675,64.77157360406092,92.91187143597719
2510303,Nova Palmeira - PB,668.0,269403.0,703,468451.0,4259.0,4356.0,1544.0,15.684432965484856,43.26424870466321,16.1386593204775,45.531088082901555,63.25498943413947
2510402,Olho d'Água - PB,1464.0,610837.0,1269,870971.0,6060.0,6010.0,2039.0,24.15841584158416,71.79990191270231,21.114808652246257,62.23639038744483,100.79818481848184
2510501,Olivedos - PB,703.0,287273.0,596,394595.0,3580.0,3676.0,1286.0,19.636871508379887,54.6656298600311,16.2132752992383,46.3452566096423,80.24385474860335
2510600,Ouro Velho - PB,702.0,284406.0,521,346785.0,2918.0,3003.0,1120.0,24.057573680603152,62.67857142857143,17.34931734931735,46.517857142857146,97.46607265250171
2510659,Parari - PB,271.0,110290.0,243,165592.0,1720.0,1739.0,644.0,15.755813953488373,42.08074534161491,13.973548016101208,37.732919254658384,64.12209302325581
2510709,Passagem - PB,570.0,237665.0,551,371880.0,2463.0,2597.0,860.0,23.142509135200974,66.27906976744185,21.216788602233347,64.06976744186046,96.49411287048315
2510808,Patos - PB,13278.0,5351138.0,13421,9029064.0,103165.0,108416.0,36246.0,12.870644113798285,36.633007780168846,12.379169126328216,37.02753407272527,51.869703872437356
2510907,Paulista - PB,2206.0,893923.0,2289,1499447.0,11834.0,12184.0,4125.0,18.641203312489438,53.47878787878788,18.78693368351937,55.49090909090909,75.5385330403921
2511004,Pedra Branca - PB,562.0,232911.0,553,372686.0,3739.0,3856.0,1269.0,15.030756886868147,44.28684003152088,14.341286307053942,43.577620173364856,62.29232415084247
2511103,Pedra Lavrada - PB,1316.0,529938.0,1275,851115.0,6859.0,6963.0,2479.0,19.186470330952034,53.08592174263816,18.311072813442482,51.432029043969344,77.26169995626185
2511202,Pedras de Fogo - PB,5897.0,2415846.0,5176,3459601.0,29662.0,31549.0,9752.0,19.880655383992988,60.46964725184578,16.406225236933025,53.07629204265792,81.44582293843976
2511301,Piancó - PB,4365.0,1809951.0,3727,2420368.0,16441.0,17166.0,5638.0,26.549479958639985,77.4210713018801,21.711522777583596,66.10500177367861,110.0876467368165
2511400,Picuí - PB,3237.0,1362802.0,3027,2036853.0,18333.0,18888.0,6560.0,17.656684666993947,49.34451219512195,16.02604828462516,46.14329268292683,74.33600610920199
2511509,Pilar - PB,2478.0,1034930.0,2344,1600772.0,12311.0,12972.0,4152.0,20.128340508488343,59.68208092485549,18.069688559975333,56.45472061657033,84.06546990496304
2511608,Pilões - PB,2082.0,879057.0,1710,1194731.0,6815.0,6970.0,2084.0,30.550256786500366,99.90403071017275,24.53371592539455,82.05374280230326,128.9885546588408
2511707,Pilõezinhos - PB,1637.0,674577.0,1487,1030685.0,5329.0,5562.0,1737.0,30.718708951022705,94.24294761082326,26.734987414599065,85.60736902705814,126.58603865640833
2511806,Pirpirituba - PB,1912.0,787413.0,1783,1224934.0,9340.0,9358.0,3088.0,20.471092077087793,61.917098445595855,19.053216499251977,57.73963730569948,84.30546038543898
2511905,Pitimbu - PB,4460.0,1907515.0,3503,2348094.0,16751.0,17168.0,5403.0,26.62527610291923,82.54673329631686,20.404240447343895,64.83435128632242,113.87469404811652
2512002,Pocinhos - PB,3749.0,1615831.0,3870,2703538.0,17469.0,18083.0,5759.0,21.46087354742687,65.09810731029692,21.40131615329315,67.19916652196562,92.49705192054496
2512036,Poço Dantas - PB,687.0,295531.0,718,485604.0,3830.0,3935.0,1277.0,17.93733681462141,53.79796397807361,18.246505717916136,56.2255285826155,77.1621409921671
2512077,Poço de José de Moura - PB,637.0,274026.0,710,475311.0,4006.0,4132.0,1450.0,15.901148277583625,43.93103448275862,17.18296224588577,48.96551724137931,68.40389415876186
2512101,Pombal - PB,5307.0,2168354.0,4898,3254084.0,32473.0,33933.0,11299.0,16.3428078711545,46.96875829719444,14.434326466861167,43.34896893530401,66.77405844855727
2512200,Prata - PB,840.0,337154.0,759,510352.0,3915.0,4038.0,1428.0,21.455938697318008,58.8235294117647,18.796433878157504,53.15126050420168,86.11851851851851
2512309,Princesa Isabel - PB,3580.0,1492590.0,3661,2456000.0,21114.0,21688.0,7352.0,16.955574500331533,48.69423286180631,16.88030247141276,49.795973884657236,70.69195794259733
2512408,Puxinanã - PB,2415.0,984352.0,2235,1536915.0,14277.0,15041.0,4802.0,16.915318344189956,50.291545189504376,14.85938434944485,46.54310703873386,68.94669748546613
2512507,Queimadas - PB,9350.0,3799803.0,7615,5135637.0,47658.0,51156.0,16565.0,19.618951697511434,56.44431029278599,14.885839393228556,45.9704195593118,79.730643333753
2512606,Quixaba - PB,458.0,188686.0,387,258972.0,1743.0,1807.0,574.0,26.27653471026965,79.79094076655052,21.416712783619257,67.42160278745645,108.25358577165807
2512705,Remígio - PB,3593.0,1528470.0,4007,2750502.0,17885.0,18424.0,5974.0,20.08946044171093,60.143957147639775,21.74880590534086,67.07398727820556,85.46100083869165
2512721,Pedro Régis - PB,1245.0,513403.0,1278,873267.0,5766.0,5937.0,1948.0,21.592091571279916,63.91170431211499,21.526023244062657,65.60574948665298,89.03971557405481
2512747,Riachão - PB,493.0,198253.0,544,366022.0,2927.0,2927.0,1016.0,16.84318414759139,48.523622047244096,18.58558250768705,53.54330708661417,67.73249060471473
2512754,Riachão do Bacamarte - PB,1170.0,483004.0,1092,735820.0,4690.0,4942.0,1597.0,24.946695095948826,73.26236693800877,22.096317280453256,68.37820914214151,102.9859275053305
2512762,Riachão do Poço - PB,1084.0,455272.0,985,662139.0,4738.0,5030.0,1597.0,22.878851836217812,67.87726988102692,19.582504970178928,61.678146524733876,96.08948923596454
2512788,Riacho de Santo Antônio - PB,520.0,212945.0,455,309456.0,1955.0,2082.0,657.0,26.59846547314578,79.1476407914764,21.853986551392893,69.25418569254185,108.923273657289
2512804,Riacho dos Cavalos - PB,2550.0,1031079.0,1958,1277667.0,8493.0,8813.0,2832.0,30.02472624514306,90.04237288135593,22.217179167139452,69.13841807909604,121.40339102790533
2512903,Rio Tinto - PB,7006.0,2890250.0,4052,2749226.0,24581.0,25600.0,8204.0,28.50168829583825,85.39736713798148,15.828125,49.39054119941492,117.58065172287539
2513000,Salgadinho - PB,750.0,318218.0,583,398261.0,3355.0,3434.0,1110.0,22.35469448584203,67.56756756756756,16.977285963890505,52.52252252252252,94.8488822652757
2513109,Salgado de São Félix - PB,2279.0,998966.0,1989,1361699.0,11505.0,11723.0,4067.0,19.80877879182964,56.036390459798376,16.966646762774033,48.90582739119744,86.82885701868753
2513158,Santa Cecília - PB,1513.0,617548.0,1602,1105734.0,7670.0,8191.0,2622.0,19.726205997392437,57.70404271548436,19.558051519960934,61.098398169336384,80.51473272490222
2513208,Santa Cruz - PB,1101.0,455133.0,930,617173.0,5947.0,5985.0,2053.0,18.51353623675803,53.628835849975644,15.538847117794486,45.29956161714564,76.53152850176559
2513307,Santa Helena - PB,1664.0,703218.0,1309,856295.0,5865.0,6025.0,2078.0,28.37169650468883,80.07699711260828,21.726141078838175,62.99326275264678,119.90076726342711
2513356,Santa Inês - PB,855.0,381154.0,898,609280.0,3227.0,3240.0,1057.0,26.49519677719244,80.88930936613056,27.71604938271605,84.95742667928099,118.11403780601178
2513406,Santa Luzia - PB,2785.0,1128448.0,2386,1593144.0,14959.0,15447.0,5259.0,18.61755464937496,52.956835900361284,15.446364989965689,45.3698421753185,75.43605856006417
2513505,Santana de Mangueira - PB,873.0,374790.0,943,640502.0,5010.0,5075.0,1616.0,17.4251497005988,54.022277227722775,18.58128078817734,58.353960396039604,74.80838323353294
2513604,Santana dos Garrotes - PB,1345.0,582588.0,1130,757770.0,6569.0,6580.0,2301.0,20.474958136702693,58.45284658843981,17.173252279635257,49.109083007388094,88.68747145684274
2513653,Joca Claudino - PB,518.0,214982.0,475,316598.0,2539.0,2608.0,875.0,20.401732965734542,59.2,18.21319018404908,54.285714285714285,84.67191807798346
2513703,Santa Rita - PB,17197.0,6949178.0,16904,11541532.0,149910.0,162488.0,49517.0,11.471549596424522,34.72948684290244,10.403229776968145,34.137770866571074,46.355666733373354
2513802,Santa Teresinha - PB,1261.0,522297.0,992,665061.0,4402.0,4485.0,1486.0,28.646069968196276,84.85868102288022,22.118171683389075,66.7563930013459,118.64993184915947
2513851,Santo André - PB,474.0,195443.0,469,310812.0,2622.0,2714.0,997.0,18.07780320366133,47.54262788365095,17.280766396462784,47.041123370110334,74.53966437833715
2513901,São Bento - PB,5856.0,2357615.0,5776,3869606.0,32235.0,33982.0,10940.0,18.166589111214517,53.52833638025594,16.997233829674535,52.797074954296164,73.13835892663255
2513927,São Bentinho - PB,791.0,332419.0,794,535474.0,4327.0,4506.0,1491.0,18.280563901086204,53.051643192488264,17.620949844651577,53.25285043594903,76.82435867806795
2513943,São Domingos do Cariri - PB,454.0,184143.0,446,299194.0,2585.0,2700.0,920.0,17.562862669245646,49.34782608695652,16.51851851851852,48.47826086956522,71.23520309477756
2513968,São Domingos - PB,482.0,196071.0,480,308065.0,2595.0,2612.0,921.0,18.57418111753372,52.33441910966341,18.376722817764165,52.11726384364821,75.55722543352601
2513984,São Francisco - PB,569.0,236083.0,515,337358.0,3137.0,3163.0,1120.0,18.13834874083519,50.80357142857143,16.28201074928865,45.982142857142854,75.25757092763787
2514008,São João do Cariri - PB,1061.0,434510.0,791,527554.0,4226.0,4348.0,1526.0,25.10648367250355,69.52817824377458,18.192272309107636,51.8348623853211,102.81826786559394
2514107,São João do Tigre - PB,1236.0,509809.0,870,593124.0,4263.0,4355.0,1701.0,28.993666432090077,72.663139329806,19.977037887485647,51.14638447971781,119.58925639221205
2514206,São José da Lagoa Tapada - PB,1532.0,636444.0,1614,1074530.0,7126.0,7234.0,2529.0,21.498737019365702,60.577303281929616,22.311307713574784,63.8196915776987,89.31293853494246
2514305,São José de Caiana - PB,1276.0,539185.0,1242,849539.0,5034.0,4904.0,1675.0,25.347636074692094,76.17910447761194,25.32626427406199,74.14925373134328,107.10866110448947
2514404,São José de Espinharas - PB,764.0,316902.0,721,486008.0,4083.0,4015.0,1344.0,18.711731569924076,56.845238095238095,17.957658779576587,53.645833333333336,77.61498897869214
2514453,São José dos Ramos - PB,1466.0,613341.0,1115,754153.0,5891.0,6167.0,1956.0,24.885418434900696,74.94887525562372,18.080103778174152,57.0040899795501,104.11492106603293
2514503,São José de Piranhas - PB,3902.0,1702993.0,3604,2389101.0,19067.0,19571.0,6659.0,20.4646771909582,58.5973869950443,18.41500178836033,54.12224057666316,89.31625321235643
2514552,São José de Princesa - PB,683.0,282017.0,673,459502.0,3416.0,3267.0,1173.0,19.994145199063233,58.226768968456945,20.599938781756965,57.37425404944587,82.55766978922716
2514602,São José do Bonfim - PB,720.0,297001.0,669,446504.0,3242.0,3341.0,1100.0,22.208513263417643,65.45454545454545,20.023944926668662,60.81818181818182,91.61042566317089
2514651,São José do Brejo do Cruz - PB,346.0,145505.0,272,181317.0,1699.0,1753.0,542.0,20.364920541494996,63.837638376383765,15.51625784369652,50.18450184501845,85.64155385520894
2514701,São José do Sabugi - PB,629.0,253308.0,636,421641.0,4138.0,4295.0,1412.0,15.200579990333495,44.54674220963173,14.807916181606519,45.04249291784703,61.21507974867085
2514800,São José dos Cordeiros - PB,678.0,278610.0,672,449986.0,3411.0,3450.0,1288.0,19.876868953386104,52.63975155279503,19.47826086956522,52.17391304347826,81.67985927880387
2514909,São Mamede - PB,1380.0,564181.0,1259,856245.0,7470.0,7619.0,2673.0,18.473895582329316,51.627384960718295,16.52447827798924,47.100635989524875,75.52623828647926
2515005,São Miguel de Taipu - PB,1878.0,776794.0,1588,1070097.0,7066.0,7326.0,2281.0,26.577979054627797,82.33231039017974,21.676221676221676,69.61858833844805,109.93405038211152
2515104,São Sebastião de Lagoa de Roça - PB,1793.0,733228.0,1587,1068645.0,11040.0,11407.0,3764.0,16.240942028985508,47.63549415515409,13.912509862365214,42.16259298618491,66.41557971014493
2515203,São Sebastião do Umbuzeiro - PB,563.0,226744.0,553,372362.0,3279.0,3388.0,1260.0,17.169868862458067,44.682539682539684,16.322314049586776,43.888888888888886,69.15035071668191
2515302,Sapé - PB,12417.0,5219612.0,10978,7332630.0,51306.0,53598.0,16897.0,24.20184773710677,73.48641770728531,20.48210754132617,64.97011303781737,101.73492379058979
2515401,São Vicente do Seridó - PB,2574.0,1057072.0,2257,1551807.0,10291.0,10683.0,3405.0,25.012146535807986,75.59471365638767,21.127024244126183,66.2848751835536,102.71810319696823
2515500,Serra Branca - PB,3228.0,1331146.0,2808,1849042.0,13614.0,14185.0,5054.0,23.71088585279859,63.87020182034033,19.79555868875573,55.5599525128611,97.7777288085794
2515609,Serra da Raiz - PB,425.0,175274.0,425,296340.0,3094.0,3150.0,1000.0,13.736263736263735,42.5,13.492063492063492,42.5,56.649644473173886
2515708,Serra Grande - PB,670.0,287661.0,602,398967.0,2942.0,3068.0,1046.0,22.773623385452073,64.05353728489484,19.621903520208605,57.55258126195029,97.7773623385452
2515807,Serra Redonda - PB,1819.0,746386.0,1598,1073112.0,6828.0,6967.0,2430.0,26.640304628002344,74.8559670781893,22.936701593225205,65.76131687242798,109.31253661394258
2515906,Serraria - PB,1349.0,550185.0,1041,708486.0,4885.0,4673.0,1636.0,27.61514841351075,82.45721271393643,22.276909907982024,63.63080684596577,112.62743091095189
2515930,Sertãozinho - PB,690.0,279679.0,767,527696.0,5054.0,5378.0,1716.0,13.652552433715869,40.20979020979021,14.261807363332094,44.696969696969695,55.3381480015829
2515971,Sobrado - PB,2053.0,852680.0,2040,1368048.0,8236.0,8709.0,2762.0,24.927149101505584,74.33019551049964,23.42404409231829,73.85952208544533,103.53084021369597
2516003,Solânea - PB,5128.0,2090222.0,4964,3361456.0,26774.0,27748.0,9096.0,19.152909539105103,56.3764291996482,17.889577627216376,54.57343887423043,78.06909688503772
2516102,Soledade - PB,2458.0,1001139.0,2413,1646424.0,13968.0,14435.0,4780.0,17.597365406643757,51.42259414225941,16.716314513335643,50.48117154811715,71.67375429553265
2516151,Sossêgo - PB,1023.0,422107.0,867,598197.0,3345.0,3490.0,1160.0,30.582959641255606,88.1896551724138,24.842406876790832,74.74137931034483,126.19043348281016
2516201,Sousa - PB,15558.0,6405913.0,12509,8321485.0,67259.0,70247.0,22551.0,23.131476828379846,68.99028867899428,17.807166142326363,55.46982395459182,95.2424656923237
2516300,Sumé - PB,3856.0,1555532.0,3368,2204351.0,17166.0,17936.0,6633.0,22.463008272165908,58.133574551485,18.777876895628903,50.77642092567466,90.61703367121054
2516409,Tacima - PB,1916.0,801803.0,1755,1188885.0,8010.0,7662.0,2728.0,23.920099875156055,70.23460410557185,22.905246671887237,64.33284457478005,100.10024968789014
2516508,Taperoá - PB,3420.0,1420311.0,2996,2042427.0,14068.0,14342.0,4973.0,24.3104918965027,68.77136537301428,20.889694603263145,60.24532475366982,100.96040659653113
2516607,Tavares - PB,2896.0,1216211.0,2857,1946380.0,14101.0,14482.0,4796.0,20.537550528331323,60.383653044203506,19.72793813009253,59.57047539616347,86.24998227076094
2516706,Teixeira - PB,4130.0,1726819.0,3702,2534029.0,14631.0,15173.0,5027.0,28.22773562982708,82.15635567933161,24.39860278125618,73.64233141038393,118.02467363816554
2516755,Tenório - PB,785.0,315023.0,725,488471.0,2966.0,3095.0,1076.0,26.466621712744438,72.95539033457248,23.424878836833603,67.37918215613382,106.21139581928523
2516805,Triunfo - PB,1970.0,836370.0,1744,1162159.0,9892.0,10369.0,3172.0,19.915082895268903,62.10592686002522,16.819365416144276,54.98108448928121,84.55014152850788
2516904,Uiraúna - PB,2312.0,955369.0,2286,1544072.0,14930.0,15475.0,5096.0,15.485599464166109,45.368916797488225,14.772213247172859,44.858712715855575,63.98988613529806
2517001,Umbuzeiro - PB,1752.0,741895.0,1734,1183943.0,9124.0,9248.0,2998.0,19.202104340201664,58.43895930620413,18.75,57.83855903935957,81.31247259973696
2517100,Várzea - PB,417.0,170400.0,379,253124.0,2668.0,2790.0,991.0,15.629685157421289,42.078708375378405,13.584229390681003,38.24419778002018,63.86806596701649
2517209,Vieirópolis - PB,925.0,384205.0,803,534723.0,4864.0,4961.0,1622.0,19.017269736842106,57.028360049321826,16.186252771618626,49.50678175092479,78.98951480263158
2517407,Zabelê - PB,421.0,171960.0,459,307312.0,2228.0,2335.0,835.0,18.895870736086177,50.41916167664671,19.657387580299787,54.97005988023952,77.18132854578097
2600054,Abreu e Lima - PE,22018.0,8886683.0,16987,11282623.0,98462.0,104527.0,34672.0,22.361926428469868,63.503691739732346,16.25130349096406,48.993424088601756,90.25495114866649
2600104,Afogados da Ingazeira - PE,6265.0,2519307.0,6111,4129369.0,40241.0,42915.0,14825.0,15.568698590989289,42.25969645868465,14.239776301992311,41.22091062394604,62.605477001068564
2600203,Afrânio - PE,5414.0,2227193.0,3807,2527635.0,18674.0,19464.0,5813.0,28.992181642925992,93.13607431618786,19.559186189889026,65.49114054704971,119.26705579950733
2600302,Agrestina - PE,6190.0,2547666.0,5918,3976238.0,23779.0,24740.0,8551.0,26.031372219184995,72.38919424628699,23.920776071139855,69.20827973336452,107.13932461415534
2600401,Água Preta - PE,5272.0,2124337.0,5526,3719747.0,26461.0,26760.0,8781.0,19.92366123729262,60.03871996355768,20.650224215246638,62.931329005807996,80.28181096708363
2600500,Águas Belas - PE,12096.0,5106582.0,11440,7966607.0,41548.0,43922.0,13433.0,29.11331472032348,90.04689942678479,26.04617276080324,85.16340355840096,122.90801001251565
2600609,Alagoinha - PE,3113.0,1262387.0,2884,1976864.0,13542.0,14473.0,4882.0,22.987741840200858,63.76485047111839,19.926760174117323,59.07414993854977,93.2201299660316
2600708,Aliança - PE,9731.0,3976486.0,7487,5036313.0,35741.0,37328.0,12258.0,27.226434626899078,79.38489149942895,20.05732961851693,61.07847936041769,111.2583867267284
2600807,Altinho - PE,5708.0,2333215.0,4752,3151788.0,20674.0,21087.0,7896.0,27.6095578988101,72.28976697061803,22.535211267605632,60.182370820668694,112.85745380671375
2600906,Amaraji - PE,4468.0,1796595.0,4332,2929013.0,18205.0,18209.0,6408.0,24.54270804723977,69.72534332084894,23.79043330221319,67.60299625468164,98.68689920351552
2601003,Angelim - PE,2610.0,1091649.0,2574,1752947.0,10241.0,10600.0,3476.0,25.485792403085636,75.08630609896433,24.28301886792453,74.0506329113924,106.59593789668978
2601052,Araçoiaba - PE,4274.0,1776623.0,4003,2766074.0,19243.0,20052.0,6292.0,22.210674011328795,67.92752701843611,19.963095950528626,63.620470438652255,92.32567686951099
2601102,Araripina - PE,18035.0,7460018.0,16011,11075902.0,85088.0,90873.0,27498.0,21.195703271906734,65.58658811549931,17.619094780627908,58.22605280384028,87.67414911620911
2601201,Arcoverde - PE,10833.0,4383979.0,11589,7875307.0,77742.0,82933.0,27693.0,13.934552751408505,39.11818871194887,13.973930763387312,41.84812046365508,56.39138432250264
2601300,Barra de Guabiraba - PE,2601.0,1043629.0,2022,1355433.0,12263.0,12587.0,4052.0,21.21014433662236,64.19052319842054,16.064193215222055,49.90128331688055,85.10388974965343
2601409,Barreiros - PE,11203.0,4553779.0,7990,5329051.0,40121.0,42108.0,13356.0,27.92303282570225,83.87990416292303,18.975016623919444,59.82330038933812,113.50113406943994
2601508,Belém de Maria - PE,3380.0,1375783.0,2484,1642054.0,10378.0,10769.0,3410.0,32.568895740990556,99.12023460410558,23.066208561612033,72.84457478005865,132.56725766043553
2601607,Belém do São Francisco - PE,6485.0,2723749.0,5286,3581399.0,18301.0,18588.0,5621.0,35.43522211900989,115.37093043942359,28.43770174306004,94.04020636897349,148.83061034916125
2601706,Belo Jardim - PE,17106.0,6967156.0,13303,8950085.0,79507.0,84389.0,29197.0,21.515086721923854,58.58821111758057,15.763902878337223,45.56290029797582,87.62946658784762
2601805,Betânia - PE,2818.0,1168213.0,2645,1760365.0,11232.0,11944.0,3774.0,25.08903133903134,74.66878643349231,22.145010046885467,70.08479067302596,104.00756766381767
2601904,Bezerros - PE,18023.0,7248396.0,12752,8368185.0,61694.0,65190.0,23798.0,29.21353778325283,75.73325489536936,19.561282405276884,53.584334818051936,117.48948033844458
2602001,Bodocó - PE,9232.0,3740128.0,7239,4943141.0,34478.0,36161.0,11130.0,26.776495156331574,82.94699011680144,20.018804789690552,65.04043126684635,108.47868205812402
2602100,Bom Conselho - PE,8426.0,3429337.0,8691,5974517.0,44294.0,46212.0,15188.0,19.022892491082313,55.47800895443771,18.80680342768112,57.22280747958915,77.42215649975167
2602209,Bom Jardim - PE,11206.0,4554862.0,8568,5715966.0,37629.0,39300.0,13250.0,29.780222700576683,84.57358490566038,21.801526717557252,64.66415094339622,121.04658640941827
2602308,Bonito - PE,10580.0,4290540.0,8963,6018195.0,37474.0,39258.0,13257.0,28.232908149650424,79.80689447084559,22.831015334454126,67.60956475824094,114.49378235576667
2602407,Brejão - PE,2167.0,911972.0,2273,1571463.0,9079.0,9433.0,3049.0,23.868267430333738,71.07248278123976,24.096257818297467,74.54903246966218,100.4485075448838
2602506,Brejinho - PE,1839.0,744968.0,1680,1129900.0,7720.0,8055.0,2882.0,23.821243523316063,63.80985426786953,20.85661080074488,58.29285218598196,96.49844559585492
2602605,Brejo da Madre de Deus - PE,11007.0,4434305.0,10477,7221334.0,48648.0,51492.0,17173.0,22.6258016773557,64.09479997670762,20.3468499961159,61.00855994875677,91.1508181220194
2602704,Buenos Aires - PE,4270.0,1728369.0,3412,2286452.0,12808.0,13958.0,4424.0,33.33853841349157,96.51898734177215,24.4447628600086,77.124773960217,134.94448782011244
2602803,Buíque - PE,11274.0,4679295.0,10927,7591506.0,52097.0,53545.0,17119.0,21.640401558631016,65.85665050528652,20.407134186198526,63.82966294760208,89.81889552181508
2602902,Cabo de Santo Agostinho - PE,29989.0,12086201.0,29714,19798212.0,203440.0,219044.0,71735.0,14.740955564294142,41.8052554541019,13.565311079052611,41.42190004879069,59.40916732206056
2603009,Cabrobó - PE,8661.0,3593169.0,8424,5623213.0,30294.0,31776.0,9997.0,28.589819766290354,86.63599079723917,26.51057401812689,84.26527958387516,118.60992275698158
2603108,Cachoeirinha - PE,5422.0,2181449.0,4683,3147679.0,19899.0,20729.0,7317.0,27.24760038192874,74.10140768074348,22.591538424429544,64.00164001640016,109.62606161113624
2603207,Caetés - PE,5721.0,2430042.0,5457,3867559.0,28827.0,30692.0,9272.0,19.845977729212198,61.70189818809318,17.77987749250619,58.85461604831752,84.29742949318347
2603306,Calçado - PE,1906.0,774679.0,1871,1295305.0,11093.0,11461.0,3765.0,17.182006670873523,50.624169986719785,16.324928016752466,49.69455511288181,69.83494095375463
2603405,Calumbi - PE,1881.0,776358.0,1482,1010304.0,5228.0,5342.0,1795.0,35.97934200459066,104.79108635097494,27.742418569824036,82.56267409470752,148.5
2603454,Camaragibe - PE,18922.0,7621453.0,20745,13720590.0,147771.0,156425.0,53357.0,12.804948196872187,35.463013287853514,13.26194661978584,38.8796221676631,51.57610762598886
2603504,Camocim de São Félix - PE,5506.0,2250792.0,4560,3012839.0,17419.0,18044.0,6305.0,31.609162408863885,87.32751784298176,25.271558412768787,72.32355273592387,129.2147654859636
2603603,Camutanga - PE,1702.0,691613.0,1500,1025731.0,7750.0,7952.0,2555.0,21.961290322580645,66.61448140900195,18.86317907444668,58.708414872798436,89.2403870967742
2603702,Canhotinho - PE,4357.0,1792885.0,4555,3134223.0,24329.0,25114.0,7838.0,17.908668667022894,55.58816024496045,18.137293939635263,58.11431487624394,73.69332894899091
2603801,Capoeiras - PE,3731.0,1542936.0,3885,2708592.0,18338.0,18821.0,6031.0,20.345730177772932,61.863704194992536,20.641836246745658,64.41717791411043,84.13872832369943
2603900,Carnaíba - PE,2880.0,1173341.0,2921,1944831.0,18644.0,19551.0,6798.0,15.447328899377816,42.36540158870256,14.940412255127615,42.96852015298617,62.93397339626689
2603926,Carnaubeira da Penha - PE,3650.0,1571336.0,3589,2510545.0,12239.0,12739.0,3410.0,29.82269793283765,107.03812316715542,28.173326006750923,105.24926686217009,128.38761336710516
2604007,Carpina - PE,17736.0,7152537.0,14884,9779068.0,79293.0,83727.0,27652.0,22.367674321819077,64.1400260378996,17.776822291494977,53.82612469260813,90.20388937232795
2604106,Caruaru - PE,44819.0,18040343.0,49487,33588390.0,378048.0,408281.0,138486.0,11.855372862705265,32.36356021547304,12.120818749831612,35.73429805178863,47.71971548586423
2604155,Casinhas - PE,3854.0,1598716.0,3454,2323698.0,12967.0,13447.0,4210.0,29.721600987121153,91.54394299287411,25.686026623038597,82.04275534441805,123.29112362150073
2604205,Catende - PE,11893.0,4861976.0,8137,5416778.0,32156.0,32909.0,10858.0,36.98532155740764,109.53214219930005,24.725758910936218,74.94013630502855,151.19965169797237
2604304,Cedro - PE,1888.0,772758.0,1886,1291199.0,10518.0,10842.0,3403.0,17.95018064270774,55.48045841904202,17.395314517616676,55.42168674698795,73.47005134055904
2604403,Chã de Alegria - PE,3685.0,1508570.0,3075,2075737.0,12984.0,13528.0,4384.0,28.381084411583487,84.05565693430657,22.73063276167948,70.14142335766424,116.18684534812077
2604502,Chã Grande - PE,4770.0,1920327.0,4630,3134787.0,20546.0,21289.0,7287.0,23.216197800058406,65.45903664059284,21.748320729014985,63.5378070536572,93.4647619974691
2604601,Condado - PE,3876.0,1595916.0,3980,2708555.0,24587.0,25446.0,8301.0,15.76442835644853,46.693169497650885,15.640965181167964,47.94603059872305,64.90893561638264
2604700,Correntes - PE,4211.0,1749132.0,3460,2361132.0,17131.0,17679.0,5159.0,24.581168641643803,81.62434580345028,19.571242717348266,67.06726109711184,102.10332146401261
2604809,Cortês - PE,2737.0,1113255.0,2272,1546585.0,10198.0,10347.0,3611.0,26.838595803098645,75.79617834394904,21.958055475016913,62.918859041816674,109.16405177485781
2604908,Cumaru - PE,5046.0,2059388.0,4032,2630315.0,15920.0,16179.0,5675.0,31.695979899497488,88.91629955947137,24.92119414055257,71.04845814977973,129.35854271356783
2605004,Cupira - PE,4394.0,1779179.0,4372,2940301.0,23518.0,24382.0,8469.0,18.68356152734076,51.88333923721809,17.931260766138955,51.62356830794663,75.65179862233182
2605103,Custódia - PE,9529.0,3899688.0,8570,5658948.0,37699.0,39797.0,13447.0,25.27653253401947,70.86338960362906,21.53428650400784,63.73168736521157,103.44274383935914
2605152,Dormentes - PE,3027.0,1222829.0,2596,1731465.0,17188.0,17874.0,5812.0,17.611124040027928,52.08189951823813,14.523889448360748,44.6662078458362,71.14434489178497
2605202,Escada - PE,12381.0,5019943.0,10325,6845219.0,59891.0,62102.0,21041.0,20.672555141841013,58.842260348842736,16.625873562848216,49.07086165106221,83.81798600791437
2605301,Exu - PE,8363.0,3508647.0,7812,5313366.0,31843.0,33533.0,10157.0,26.263228967119932,82.33730432214236,23.296454239107746,76.91247415575465,110.18581791916591
2605400,Feira Nova - PE,7404.0,2997937.0,6069,4018346.0,21427.0,22271.0,7693.0,34.554533999159936,96.24333809957103,27.25068474698038,78.8898999090082,139.91398702571522
2605459,Fernando de Noronha - PE,29.0,11854.0,67,45942.0,3167.0,3364.0,717.0,0.9156930849384275,4.044630404463041,1.9916765755053507,9.344490934449093,3.7429744237448688
2605509,Ferreiros - PE,2046.0,834877.0,2075,1410616.0,15026.0,16103.0,4937.0,13.616398243045388,41.44217135912498,12.885797677451407,42.02957261494835,55.56215892453081
2605608,Flores - PE,4657.0,1930007.0,3780,2546728.0,20347.0,20723.0,7520.0,22.887895021379073,61.9281914893617,18.24060222940694,50.265957446808514,94.85462230304222
2605707,Floresta - PE,7828.0,3199966.0,6598,4451556.0,30137.0,31771.0,9418.0,25.974715466038425,83.11743469951158,20.767366466274275,70.05733701422807,106.18064173607193
2605806,Frei Miguelinho - PE,4788.0,1952560.0,3920,2579566.0,13636.0,14043.0,5143.0,35.1129363449692,93.09741396072332,27.914263334045433,76.22010499708341,143.191551774714
2605905,Gameleira - PE,7054.0,2849195.0,4608,3095353.0,18214.0,17223.0,6189.0,38.728450642363015,113.97640975925029,26.75492074551472,74.45467765390208,156.42884594268145
2606002,Garanhuns - PE,25737.0,10462009.0,22572,15202035.0,142506.0,152484.0,49029.0,18.060292198223234,52.49342226029493,14.80286456283938,46.03805910787493,73.41451588003312
2606101,Glória do Goitá - PE,5790.0,2346228.0,6355,4204477.0,29347.0,30465.0,10182.0,19.72944423620813,56.86505598114319,20.860003282455278,62.41406403457081,79.94779704910212
2606200,Goiana - PE,17123.0,6942671.0,14968,9877974.0,81055.0,85806.0,27962.0,21.125161927086545,61.23667834918818,17.44400158497075,53.52979042986911,85.65382764789341
2606309,Granito - PE,1803.0,754030.0,1733,1169789.0,6967.0,7227.0,2257.0,25.879144538538824,79.88480283562251,23.97952123979521,76.78334071776695,108.2287928807234
2606408,Gravatá - PE,21481.0,8703092.0,16942,11227072.0,86516.0,92929.0,32074.0,24.828933376485274,66.97324936085303,18.231122685060637,52.821600049884644,100.59517314716354
2606507,Iati - PE,4519.0,1899420.0,4174,2918890.0,17165.0,17538.0,5674.0,26.326827847363823,79.64399013041945,23.79974911620481,73.56362354599929,110.6565685988931
2606606,Ibimirim - PE,6513.0,2702694.0,5672,3851491.0,26593.0,28207.0,8861.0,24.491407513255368,73.50186209231464,20.108483709717447,64.0108339916488,101.63178279998496
2606705,Ibirajuba - PE,1651.0,673037.0,1457,983770.0,7140.0,7325.0,2641.0,23.123249299719888,62.5141991669822,19.890784982935152,55.16849678152215,94.26288515406162
2606804,Igarassu - PE,21256.0,8602212.0,19771,13226538.0,115196.0,123666.0,40513.0,18.452029584360567,52.46710932293338,15.98741772192842,48.80161923333251,74.67457203375118
2606903,Iguaracy - PE,2480.0,1028902.0,2308,1542337.0,11081.0,11329.0,4054.0,22.380651565743165,61.17414898865318,20.37249536587519,56.931425752343365,92.85281111813013
2607000,Inajá - PE,7416.0,3101585.0,7716,5206072.0,25603.0,28008.0,7310.0,28.965355622388003,101.4500683994528,27.549271636675236,105.55403556771546,121.14146779674257
2607109,Ingazeira - PE,976.0,407200.0,900,614767.0,4765.0,4989.0,1692.0,20.482686253934943,57.68321513002364,18.039687312086592,53.191489361702125,85.45645330535152
2607208,Ipojuca - PE,22278.0,8985464.0,20657,13880344.0,98932.0,107370.0,33191.0,22.518497553875388,67.1206049832786,19.239079817453664,62.23675092645597,90.82464723244249
2607307,Ipubi - PE,6916.0,2844510.0,6890,4870026.0,29009.0,30828.0,9330.0,23.84087696921645,74.12647374062165,22.349811859348645,73.84780278670954,98.05612051432314
2607406,Itacuruba - PE,960.0,427473.0,998,663893.0,4284.0,4491.0,1344.0,22.408963585434172,71.42857142857143,22.22222222222222,74.25595238095238,99.78361344537815
2607505,Itaíba - PE,6235.0,2588400.0,6138,4208488.0,32650.0,34380.0,10727.0,19.096477794793262,58.12435909387527,17.853403141361255,57.2200988160716,79.27718223583462
2607604,Ilha de Itamaracá - PE,5750.0,2362225.0,4945,3252524.0,24540.0,25778.0,7778.0,23.431132844335778,73.9264592440216,19.18302428427341,63.576754949858575,96.26018744906276
2607653,Itambé - PE,6542.0,2675580.0,6420,4384689.0,34935.0,36677.0,11542.0,18.72620581079147,56.67995148154566,17.50415791913188,55.622942297695374,76.587376556462
2607703,Itapetim - PE,2967.0,1210831.0,2790,1886629.0,13791.0,14240.0,5489.0,21.514030889710682,54.05356166879213,19.59269662921348,50.82893058844962,87.7986367921108
2607752,Itapissuma - PE,4759.0,1942803.0,5082,3427600.0,27749.0,29859.0,8221.0,17.150167573606257,57.8883347524632,17.019993971666835,61.81729716579491,70.01344192583517
2607802,Itaquitinga - PE,2726.0,1105679.0,2380,1627568.0,16554.0,17171.0,5143.0,16.46731907696025,53.004083219910555,13.860578883000407,46.276492319657784,66.79225564818171
2607901,Jaboatão dos Guararapes - PE,95477.0,38429768.0,83897,55956956.0,644037.0,685222.0,235151.0,14.824769384367668,40.60242142283044,12.243769172618508,35.67792609854944,59.67012454253405
2607950,Jaqueira - PE,3191.0,1302242.0,2588,1737241.0,10247.0,10400.0,3262.0,31.14082170391334,97.82342121397916,24.884615384615383,79.33782955242182,127.0851956670245
2608008,Jataúba - PE,5734.0,2308878.0,4427,2927077.0,15843.0,16332.0,5766.0,36.192640282774725,99.44502254595908,27.10629439137889,76.77766215747485,145.73489869342927
2608057,Jatobá - PE,2919.0,1234254.0,2902,1970246.0,14020.0,14490.0,4687.0,20.82025677603424,62.27864305525923,20.02760524499655,61.91593770002134,88.03523537803139
2608107,João Alfredo - PE,5591.0,2266856.0,4760,3166395.0,27725.0,28786.0,10271.0,20.165915238954014,54.43481647356635,16.535816021677203,46.34407555252653,81.76216411181244
2608206,Joaquim Nabuco - PE,3885.0,1586988.0,3899,2624148.0,13269.0,13334.0,4378.0,29.27877006556636,88.73915029693924,29.241037948102594,89.05893101873001,119.6011756726204
2608255,Jucati - PE,2285.0,938367.0,2206,1518958.0,11517.0,12067.0,3812.0,19.840236172614397,59.942287513116476,18.281262948537332,57.869884575026234,81.4766866371451
2608305,Jupi - PE,2983.0,1207977.0,3116,2165354.0,15329.0,16095.0,5313.0,19.45984734816361,56.14530397139093,19.36004970487729,58.64859777903256,78.80337921586535
2608404,Jurema - PE,4156.0,1701010.0,3681,2511645.0,13648.0,13980.0,4791.0,30.45134818288394,86.74598204967647,26.330472103004293,76.83155917345022,124.63437866354045
2608453,Lagoa do Carro - PE,3548.0,1450255.0,3466,2294282.0,17981.0,18892.0,6337.0,19.73193926922863,55.98863815685656,18.346390006351896,54.69465046551996,80.65485790556698
2608503,Lagoa de Itaenga - PE,3371.0,1359818.0,3584,2435849.0,19003.0,19815.0,6707.0,17.73930432037047,50.26092142537647,18.08730759525612,53.436707917101536,71.55806977845603
2608602,Lagoa do Ouro - PE,2692.0,1102711.0,2539,1725667.0,11933.0,12369.0,4152.0,22.55928936562474,64.83622350674374,20.527124262268575,61.151252408477845,92.40853096455209
2608701,Lagoa dos Gatos - PE,3759.0,1553453.0,3418,2271955.0,14076.0,14283.0,4967.0,26.705029838022167,75.6794845983491,23.93054680389274,68.81417354539964,110.36182154021029
2608750,Lagoa Grande - PE,5901.0,2405655.0,5052,3455103.0,24088.0,25020.0,8055.0,24.497675190966458,73.25884543761639,20.191846522781773,62.71880819366853,99.8694370640983
2608800,Lajedo - PE,8927.0,3673456.0,8230,5650080.0,39582.0,42120.0,13932.0,22.55318073871962,64.07550961814528,19.539411206077872,59.07263853000287,92.80622505179122
2608909,Limoeiro - PE,9721.0,3916296.0,8186,5389398.0,56510.0,59194.0,20188.0,17.202265085825516,48.15236774321379,13.829104301111599,40.548840895581534,69.30270748540082
2609006,Macaparana - PE,3706.0,1498848.0,3430,2301857.0,23879.0,24658.0,7957.0,15.519912894174798,46.57534246575342,13.910292805580339,43.106698504461484,62.768457640604716
2609105,Machados - PE,2800.0,1146913.0,2592,1789436.0,11333.0,11310.0,3841.0,24.706609017912292,72.89768289507941,22.917771883289124,67.48242645144494,101.20118238771728
2609154,Manari - PE,5277.0,2208539.0,5765,3909675.0,23763.0,25990.0,6694.0,22.20679207170812,78.83178966238422,22.181608310888805,86.12190020914251,92.94024323528174
2609204,Maraial - PE,2918.0,1201493.0,2370,1602180.0,9359.0,9220.0,3094.0,31.178544716315844,94.31157078215902,25.704989154013017,76.59987071751777,128.37835238807565
2609303,Mirandiba - PE,3261.0,1354537.0,2941,2021714.0,14166.0,14610.0,4467.0,23.01990681914443,73.00201477501679,20.130047912388775,65.8383702708753,95.61887618240858
2609402,Moreno - PE,11746.0,4756749.0,10818,7179899.0,55292.0,57661.0,19595.0,21.243579541344136,59.94386323041592,18.761381176184944,55.207961214595564,86.02960645301309
2609501,Nazaré da Mata - PE,4908.0,1995869.0,4279,2820133.0,30648.0,32205.0,10664.0,16.014095536413468,46.024006001500375,13.286756714795839,40.125656414103524,65.12232445836597
2609600,Olinda - PE,60986.0,24492868.0,49704,32858281.0,349976.0,364087.0,127261.0,17.425766338263195,47.92198709738255,13.651682152892029,39.056741656909814,69.98442178892267
2609709,Orobó - PE,4163.0,1689401.0,3719,2539437.0,21808.0,22389.0,7391.0,19.089325018341892,56.32526045190096,16.610835678234846,50.31795426870518,77.46703044754219
2609808,Orocó - PE,4215.0,1786861.0,4041,2796459.0,13613.0,14157.0,4286.0,30.963050025710718,98.3434437704153,28.544183089637635,94.28371441903873,131.26136781018144
2609907,Ouricuri - PE,13161.0,5403906.0,11521,7913838.0,65245.0,68637.0,21487.0,20.171660663652386,61.25098897007493,16.78540728761455,53.61846698003444,82.82482948884972
2610004,Palmares - PE,13501.0,5493537.0,10692,7165477.0,54584.0,56346.0,18422.0,24.734354389564707,73.28737379220497,18.975614950484506,58.03930083595701,100.64372343543896
2610103,Palmeirina - PE,1809.0,746614.0,1697,1151543.0,7031.0,7059.0,2476.0,25.728914805859763,73.06138933764136,24.040232327525146,68.53796445880452,106.18887782676717
2610202,Panelas - PE,5544.0,2280574.0,5204,3534043.0,22991.0,23234.0,8199.0,24.11378365447349,67.61800219538968,22.39820952053026,63.471155018904746,99.1942064286025
2610301,Paranatama - PE,3212.0,1332151.0,3029,2081268.0,12199.0,12838.0,4207.0,26.330027051397657,76.34894223912526,23.594017759775667,71.99904920370811,109.20165587343224
2610400,Parnamirim - PE,4026.0,1711810.0,4131,2787693.0,18612.0,18897.0,6086.0,21.631205673758867,66.15182385803483,21.860612795681853,67.87709497206704,91.97345798409629
2610509,Passira - PE,6736.0,2707935.0,5884,3917774.0,28340.0,29767.0,10376.0,23.768525052928723,64.91904394757132,19.766855914267477,56.707787201233614,95.55169371912491
2610608,Paudalho - PE,12208.0,5012312.0,12128,8154113.0,56665.0,60187.0,18912.0,21.544163063619518,64.55160744500846,20.150530845531428,64.12859560067682,88.45516632842143
2610707,Paulista - PE,47420.0,19116950.0,47348,31366432.0,342167.0,367155.0,124313.0,13.858729801529662,38.14564848406844,12.895915893832305,38.087730164986766,55.870232956421866
2610806,Pedra - PE,6348.0,2584555.0,5745,3906293.0,22795.0,23732.0,7725.0,27.84821232726475,82.1747572815534,24.207820664082252,74.36893203883496,113.38254003070848
2610905,Pesqueira - PE,17634.0,7210412.0,14574,9709224.0,62722.0,65549.0,22033.0,28.114537163993496,80.0344937139745,22.233748798608673,66.14623519266554,114.95826025955805
2611002,Petrolândia - PE,6679.0,2742823.0,6179,4249454.0,34161.0,36209.0,10915.0,19.551535376599045,61.19102153000458,17.06481813913668,56.610169491525426,80.2910629079945
2611101,Petrolina - PE,48760.0,19949320.0,49155,33703830.0,386791.0,422461.0,128380.0,12.606291252898853,37.98099392428727,11.635393562956107,38.288674248325286,51.5764844580148
2611200,Poção - PE,3415.0,1395429.0,3020,2017796.0,10500.0,10781.0,3844.0,32.523809523809526,88.83975026014568,28.012243762174194,78.5639958376691,132.898
2611309,Pombos - PE,6646.0,2709602.0,5658,3779459.0,27552.0,29261.0,9861.0,24.121660859465738,67.3968157387689,19.33631796589317,57.37754791603286,98.34502032520325
2611408,Primavera - PE,3085.0,1245969.0,2289,1542058.0,13838.0,14408.0,4490.0,22.293684058389942,68.70824053452115,15.887007218212105,50.97995545657015,90.03967336320278
2611507,Quipapá - PE,4770.0,1957104.0,3856,2615884.0,17928.0,17507.0,6123.0,26.606425702811244,77.9029887310142,22.025475524076082,62.97566552343623,109.16465863453816
2611533,Quixaba - PE,1281.0,525069.0,1288,870941.0,6554.0,6751.0,2277.0,19.545315837656393,56.258234519104086,19.07865501407199,56.56565656565657,80.11428135489777
2611606,Recife - PE,134975.0,54165157.0,138169,91792517.0,1488920.0,1588983.0,547461.0,9.065295650538646,24.654724263463518,8.695436011587285,25.238144817621713,36.378822905193026
2611705,Riacho das Almas - PE,6677.0,2695897.0,5589,3699051.0,20639.0,21561.0,7743.0,32.35137361306265,86.23272633346248,25.921803255878668,72.18132506780317,130.62149328940356
2611804,Ribeirão - PE,7259.0,2918061.0,5777,3884966.0,33507.0,33464.0,11917.0,21.664129883307965,60.91298145506419,17.26332775519962,48.4769656792817,87.08810099382218
2611903,Rio Formoso - PE,4310.0,1795777.0,3624,2512171.0,20009.0,20322.0,6438.0,21.54030686191214,66.94625660142901,17.832890463537055,56.29077353215284,89.7484631915638
2612000,Sairé - PE,2898.0,1176742.0,2417,1586767.0,10887.0,11208.0,4118.0,26.61890327914026,70.37396794560466,21.564953604568167,58.69354055366683,108.08689262423073
2612109,Salgadinho - PE,1473.0,600681.0,1304,868629.0,5727.0,5346.0,2051.0,25.72027239392352,71.81862506094588,24.392068836513282,63.57874207703559,104.88580408590886
2612208,Salgueiro - PE,10587.0,4256380.0,10138,6840392.0,62372.0,66233.0,20397.0,16.973962675559545,51.904691866450946,15.306569232859752,49.70338775310095,68.24183928685949
2612307,Saloá - PE,2970.0,1276273.0,2838,1971613.0,13836.0,14081.0,4791.0,21.465741543798785,61.991233562930496,20.154818549818906,59.23606762680025,92.24291702804278
2612406,Sanharó - PE,5263.0,2138998.0,4815,3245348.0,18624.0,18699.0,6603.0,28.259235395189002,79.70619415417235,25.750040109096744,72.92139936392549,114.8516967353952
2612455,Santa Cruz - PE,2936.0,1229580.0,2392,1629915.0,13841.0,14362.0,4366.0,21.212340148833178,67.24690792487402,16.655061969085086,54.78699038021072,88.83606675818221
2612471,Santa Cruz da Baixa Verde - PE,1991.0,805385.0,2211,1522144.0,11567.0,11936.0,3982.0,17.21276043918043,50.0,18.523793565683647,55.52486187845304,69.6278205239042
2612505,Santa Cruz do Capibaribe - PE,22719.0,9127660.0,15929,10309702.0,98254.0,105386.0,34712.0,23.12272273902335,65.44998847660752,15.11491089898089,45.88902973035262,92.89860972581269
2612554,Santa Filomena - PE,2924.0,1204281.0,2324,1560083.0,12106.0,12322.0,4091.0,24.153312407070874,71.47396724517233,18.86057458204837,56.80762649718895,99.47802742441765
2612604,Santa Maria da Boa Vista - PE,14930.0,6258503.0,11522,7860522.0,40578.0,42874.0,12529.0,36.79333629060082,119.16354058584085,26.874096188832393,91.96264665974938,154.23389521415547
2612703,Santa Maria do Cambucá - PE,4548.0,1845308.0,3808,2542603.0,14013.0,14634.0,4940.0,32.455576964247484,92.06477732793522,26.021593549268825,77.08502024291498,131.6854349532577
2612802,Santa Terezinha - PE,2028.0,838329.0,2007,1365381.0,10244.0,10464.0,3734.0,19.79695431472081,54.311730048205675,19.18004587155963,53.74933047670059,81.8360991800078
2612901,São Benedito do Sul - PE,2267.0,938145.0,2345,1587835.0,13113.0,13435.0,3851.0,17.28818729505071,58.86782653856141,17.454410122813545,60.89327447416255,71.54312514298788
2613008,São Bento do Una - PE,11217.0,4637628.0,8812,6109776.0,49449.0,51075.0,17189.0,22.683977431292845,65.25685031124556,17.25305922662751,51.26534411542266,93.78608263058909
2613107,São Caitano - PE,7758.0,3153430.0,7226,4891377.0,37126.0,39358.0,13465.0,20.896406830792436,57.61604158930561,18.359672747598964,53.6650575566283,84.93858751279427
2613206,São João - PE,5114.0,2113447.0,4724,3225855.0,23837.0,25009.0,7923.0,21.454042035491042,64.54625773065757,18.889199888040306,59.623879843493626,88.66245752401728
2613305,São Joaquim do Monte - PE,5961.0,2424242.0,5041,3368907.0,20037.0,20436.0,7203.0,29.749962569246893,82.75718450645564,24.667253865727147,69.98472858531167,120.98827169735988
2613404,São José da Coroa Grande - PE,5029.0,2076627.0,4484,3089316.0,18825.0,19549.0,6103.0,26.714475431606907,82.40209732918237,22.937234641158117,73.47206291987547,110.31219123505976
2613503,São José do Belmonte - PE,6523.0,2757631.0,6354,4353142.0,34843.0,37017.0,11524.0,18.72112045461068,56.603609857688305,17.165086311694626,55.13710517181534,79.14447665241225
2613602,São José do Egito - PE,6772.0,2723452.0,5708,3789444.0,31004.0,32523.0,11850.0,21.842342923493742,57.14767932489451,17.55065645850629,48.16877637130802,87.84195587666107
2613701,São Lourenço da Mata - PE,16831.0,6797559.0,17377,11588294.0,111249.0,118719.0,39423.0,15.129124756177584,42.6933515967836,14.637084207245682,44.07832990893641,61.10220316587115
2613800,São Vicente Férrer - PE,3311.0,1359162.0,3365,2285580.0,16677.0,17179.0,5669.0,19.85369071175871,58.405362497795025,19.58786890971535,59.3579114482272,81.49919050188883
2613909,Serra Talhada - PE,11855.0,4873460.0,13005,8753623.0,92228.0,99436.0,32415.0,12.85401396539012,36.57257442542033,13.078764230258658,40.12031466913466,52.84143644012664
2614006,Serrita - PE,3962.0,1637438.0,3596,2483934.0,18207.0,18769.0,5578.0,21.76086120722799,71.0290426676228,19.159251958015876,64.46755109358193,89.93453067501511
2614105,Sertânia - PE,7674.0,3129533.0,6547,4397853.0,32811.0,34273.0,11767.0,23.388497759897596,65.21628282484916,19.102500510606017,55.638650463159685,95.38060406570968
2614204,Sirinhaém - PE,6447.0,2636385.0,6714,4623113.0,37596.0,39113.0,11889.0,17.148100861793807,54.22659601312137,17.165648249942475,56.472369417108254,70.12408234918608
2614303,Moreilândia - PE,3820.0,1563876.0,3136,2125725.0,10540.0,10829.0,3487.0,36.24288425047438,109.5497562374534,28.959276018099548,89.93404072268426,148.3753320683112
2614402,Solidão - PE,953.0,403150.0,1057,731648.0,5210.0,5371.0,1796.0,18.291746641074855,53.062360801781736,19.679761683113014,58.85300668151448,77.38003838771593
2614501,Surubim - PE,11625.0,4812763.0,10741,7179733.0,64120.0,68104.0,22722.0,18.130068621334996,51.161869553736466,15.77146716786092,47.271366957134056,75.05868683718029
2614600,Tabira - PE,6177.0,2538128.0,5681,3857953.0,27681.0,29261.0,9976.0,22.314945269318304,61.91860465116279,19.41492088445371,56.946672012830795,91.69206314800766
2614709,Tacaimbó - PE,3037.0,1255257.0,2855,1893421.0,13738.0,14380.0,4827.0,22.106565730091717,62.91692562668324,19.85396383866481,59.146467785373936,91.37116028533994
2614808,Tacaratu - PE,4484.0,1844341.0,4016,2790034.0,23902.0,24986.0,7343.0,18.75993640699523,61.064959825684326,16.073000880493076,54.691542966090154,77.16262237469668
2614857,Tamandaré - PE,4190.0,1723897.0,4608,3203494.0,23561.0,24796.0,7632.0,17.783625482789354,54.90041928721174,18.583642522987578,60.37735849056604,73.16739527184754
2615003,Taquaritinga do Norte - PE,4836.0,1942400.0,4897,3314667.0,24736.0,25523.0,8905.0,19.55045278137128,54.306569343065696,19.186615993417703,54.99157776530039,78.52522639068565
2615102,Terezinha - PE,1399.0,591049.0,1468,1030669.0,6513.0,6850.0,2153.0,21.480116689697528,64.97909893172317,21.43065693430657,68.18392940083605,90.74911715031476
2615201,Terra Nova - PE,1841.0,762042.0,1726,1154355.0,8920.0,9241.0,2839.0,20.6390134529148,64.84677703416696,18.67763229087761,60.79605494892568,85.43071748878924
2615300,Timbaúba - PE,8037.0,3240713.0,7393,4893723.0,46147.0,47069.0,16204.0,17.416083385702212,49.59886447790669,15.70672841997918,45.62453715132066,70.22586517000022
2615409,Toritama - PE,6554.0,2626964.0,7082,4851753.0,41137.0,44183.0,14213.0,15.932129226730193,46.11271371279814,16.028789353371206,49.827622599029056,63.85891046989328
2615508,Tracunhaém - PE,2903.0,1174665.0,2426,1627453.0,13867.0,14481.0,4665.0,20.93459291843946,62.22936763129689,16.752986672191145,52.0042872454448,84.70938198600996
2615607,Trindade - PE,8231.0,3368701.0,7200,5002928.0,30321.0,32414.0,9899.0,27.146202302034894,83.1498131124356,22.21262417473931,72.73461965855137,111.10124995877445
2615706,Triunfo - PE,2292.0,925891.0,2213,1486548.0,14705.0,15141.0,5276.0,15.586535192111526,43.44200151630023,14.615943464764547,41.944655041698255,62.96436586195172
2615805,Tupanatinga - PE,5956.0,2486498.0,5652,3912098.0,26937.0,30149.0,7917.0,22.110851245498758,75.23051660982695,18.7468904441275,71.39067828723002,92.30790362698147
2615904,Tuparetama - PE,2052.0,846256.0,1682,1140599.0,8005.0,8269.0,2953.0,25.633978763272953,69.48865560447003,20.34103277300762,56.9590247206231,105.7159275452842
2616001,Venturosa - PE,5051.0,2040067.0,4011,2706101.0,17251.0,17605.0,5797.0,29.279462060170424,87.13127479730895,22.783300198807158,69.19096084181473,118.25789809286418
2616100,Verdejante - PE,1346.0,555329.0,1426,964891.0,9169.0,9492.0,2958.0,14.679899661904242,45.50371872887086,15.023177412557944,48.208248816768084,60.565928672701496
2616183,Vertente do Lério - PE,2487.0,1003425.0,2022,1356059.0,7558.0,7770.0,2655.0,32.90553056364117,93.67231638418079,26.023166023166024,76.15819209039547,132.7632971685631
2616209,Vertentes - PE,3736.0,1502463.0,4053,2748202.0,21959.0,23286.0,7860.0,17.01352520606585,47.531806615776084,17.40530791033239,51.56488549618321,68.42128512227333
2616308,Vicência - PE,3999.0,1622366.0,3860,2637314.0,26359.0,26522.0,9077.0,15.171288743882545,44.05640630164151,14.553955206997964,42.52506334692079,61.54884479684358
2616407,Vitória de Santo Antão - PE,29280.0,11799017.0,20782,13628209.0,134084.0,142419.0,48335.0,21.837057367023657,60.57722147512155,14.592154136737374,42.99575876693907,87.99720324572655
2616506,Xexéu - PE,3499.0,1425266.0,3478,2376950.0,11611.0,11615.0,3951.0,30.135216604943587,88.5598582637307,29.944037882049074,88.02834725385978,122.75135647231075
2700102,Água Branca - AL,3392.0,1480468.0,3031,2163544.0,19008.0,19549.0,5710.0,17.845117845117844,59.404553415061294,15.504629392807816,53.08231173380035,77.88657407407408
2700201,Anadia - AL,3711.0,1505047.0,3582,2425414.0,13966.0,14157.0,4783.0,26.571674065587857,77.5872883127744,25.301970756516212,74.89023625339745,107.76507231848775
2700300,Arapiraca - AL,23591.0,9630959.0,27619,18783984.0,234696.0,243998.0,77704.0,10.051726488734364,30.36008442293833,11.319355076680957,35.5438587460105,41.03588897978662
2700409,Atalaia - AL,8121.0,3300494.0,6184,4328279.0,37512.0,38461.0,11955.0,21.649072296865004,67.9297365119197,16.07862510075141,51.72731074864073,87.98501812753253
2700508,Barra de Santo Antônio - AL,4189.0,1718723.0,3324,2355526.0,16365.0,16764.0,5229.0,25.597311335166513,80.11091986995602,19.828203292770223,63.56855995410212,105.02432019553926
2700607,Barra de São Miguel - AL,1686.0,686953.0,1190,828172.0,7944.0,8124.0,2528.0,21.22356495468278,66.69303797468355,14.64795667159035,47.072784810126585,86.47444612286002
2700706,Batalha - AL,4507.0,1841744.0,4520,3139323.0,16448.0,17103.0,5123.0,27.401507782101167,87.97579543236385,26.428112027129743,88.22955299629123,111.97373540856032
2700805,Belém - AL,1003.0,409881.0,753,511536.0,4722.0,4819.0,1676.0,21.240999576450655,59.84486873508353,15.625648474787301,44.92840095465394,86.80241423125794
2700904,Belo Monte - AL,1475.0,644991.0,1635,1169347.0,5936.0,5893.0,1844.0,24.848382749326145,79.98915401301518,27.744781944680128,88.66594360086768,108.65751347708895
2701001,Boca da Mata - AL,6019.0,2454041.0,4464,3116672.0,21187.0,21465.0,7023.0,28.40893000424789,85.7041150505482,20.79664570230608,63.56258009397693,115.82767734931798
2701100,Branquinha - AL,2361.0,955399.0,1833,1294135.0,9603.0,9776.0,3064.0,24.58606685410809,77.05613577023499,18.75,59.82375979112272,99.48963865458711
2701209,Cacimbinhas - AL,2030.0,839688.0,1677,1167698.0,10482.0,10706.0,3581.0,19.366533104369395,56.68807595643675,15.664113581169438,46.83049427534208,80.10761305094448
2701308,Cajueiro - AL,3959.0,1608622.0,3771,2608509.0,16024.0,16559.0,4961.0,24.706689965052423,79.80245918161661,22.773114318497495,76.01290062487402,100.38829256115827
2701357,Campestre - AL,1600.0,661422.0,1431,985225.0,6665.0,6809.0,2090.0,24.006001500375096,76.55502392344498,21.016301953297106,68.4688995215311,99.23810952738185
2701407,Campo Alegre - AL,6126.0,2477790.0,5406,3758180.0,32106.0,32499.0,10301.0,19.080545692393944,59.46995437336181,16.634357980245547,52.48034171439666,77.17529433750701
2701506,Campo Grande - AL,2758.0,1163890.0,2667,1842284.0,8143.0,8282.0,2655.0,33.86958123541692,103.87947269303201,32.20236657812123,100.45197740112994,142.93135208154243
2701605,Canapi - AL,4410.0,1874484.0,3599,2505645.0,15559.0,15724.0,5047.0,28.343723889710137,87.37864077669903,22.888577969982194,71.30968892411333,120.47586605822997
2701704,Capela - AL,2355.0,968037.0,1872,1317505.0,15032.0,15044.0,4650.0,15.666577967003725,50.645161290322584,12.443499069396436,40.25806451612903,64.3984167110165
2701803,Carneiros - AL,2049.0,879120.0,2181,1551007.0,8999.0,9209.0,2742.0,22.769196577397487,74.72647702407002,23.68335324139429,79.54048140043764,97.69085453939327
2701902,Chã Preta - AL,2261.0,939312.0,1907,1311829.0,5910.0,5996.0,1931.0,38.257191201353635,117.08959088555153,31.804536357571713,98.75712066286899,158.93604060913705
2702009,Coité do Nóia - AL,1921.0,784983.0,2100,1469112.0,10810.0,11037.0,3609.0,17.77058279370953,53.228041008589635,19.026909486273443,58.18786367414796,72.6163737280296
2702108,Colônia Leopoldina - AL,4937.0,2042200.0,4406,3065313.0,15816.0,15902.0,5176.0,31.215225088517958,95.38253477588871,27.70720664067413,85.12364760432767,129.12240768841679
2702207,Coqueiro Seco - AL,1188.0,480447.0,827,567930.0,5581.0,5702.0,1859.0,21.286507794302096,63.905325443786985,14.50368291827429,44.48628294782141,86.08618527145673
2702306,Coruripe - AL,7075.0,2874486.0,9014,6299890.0,50414.0,51783.0,16396.0,14.033800134883167,43.1507684801171,17.407257207964005,54.97682361551598,57.017614154798274
2702355,Craíbas - AL,4837.0,2033218.0,5608,3921755.0,25397.0,26154.0,8074.0,19.045556561798637,59.90834778300719,21.442226810430526,69.45751795888036,80.05740835531756
2702405,Delmiro Gouveia - AL,8848.0,3619592.0,8332,5715399.0,51318.0,52858.0,17074.0,17.241513698897073,51.82148295654211,15.762987627227666,48.79934403186131,70.53260064694649
2702504,Dois Riachos - AL,2772.0,1116592.0,2662,1761551.0,9805.0,9895.0,3265.0,28.27129015808261,84.90045941807044,26.902475997978776,81.53139356814701,113.87985721570627
2702553,Estrela de Alagoas - AL,3151.0,1301486.0,3509,2379437.0,15429.0,15683.0,5540.0,20.42258085423553,56.87725631768953,22.374545686412038,63.33935018050541,84.3532309287705
2702603,Feira Grande - AL,4594.0,1873878.0,4775,3314049.0,22712.0,23210.0,7399.0,20.227192673476576,62.08947155020949,20.57302886686773,64.53574807406406,82.50607608312787
2702702,Feliz Deserto - AL,721.0,319574.0,701,485274.0,3963.0,4033.0,1327.0,18.19328791319707,54.333082140165786,17.38160178527151,52.82592313489073,80.63941458491043
2702801,Flexeiras - AL,2431.0,996014.0,2190,1546718.0,9618.0,9737.0,3103.0,25.275525057184446,78.34353851111827,22.49152716442436,70.5768611021592,103.55728841755042
2702900,Girau do Ponciano - AL,7151.0,3043469.0,7763,5503113.0,36102.0,37338.0,11035.0,19.80776688272118,64.80289986406888,20.791151106111737,70.34888989578613,84.30195003046923
2703007,Ibateguara - AL,2835.0,1162781.0,2497,1777934.0,13731.0,13978.0,4585.0,20.64671181996941,61.83206106870229,17.863785949348976,54.46019629225736,84.68290729007356
2703106,Igaci - AL,5575.0,2311209.0,4386,3024989.0,23995.0,24442.0,8423.0,23.234007084809335,66.18781906684079,17.94452172489976,52.07170841742847,96.32044175869973
2703205,Igreja Nova - AL,3843.0,1823828.0,3799,2599429.0,21372.0,22109.0,7097.0,17.981471083660864,54.14964069325067,17.183047627662944,53.529660419895734,85.33726370952648
2703304,Inhapi - AL,3693.0,1538804.0,3872,2777017.0,15167.0,15388.0,4793.0,24.348915408452562,77.04986438556227,25.16246425786327,80.78447736282078,101.45737456319641
2703403,Jacaré dos Homens - AL,1316.0,532866.0,1308,911429.0,5083.0,5179.0,1632.0,25.89022230965965,80.63725490196079,25.255840895925854,80.1470588235294,104.83297265394452
2703502,Jacuípe - AL,1261.0,508380.0,1134,774605.0,5352.0,5414.0,1751.0,23.561285500747385,72.01599086236436,20.945696342814923,64.76299257567105,94.98878923766816
2703601,Japaratinga - AL,2875.0,1199049.0,2655,1853519.0,9219.0,9462.0,2873.0,31.185594966916153,100.06961364427428,28.059606848446418,92.41211277410372,130.0628050764725
2703700,Jaramataia - AL,1137.0,518709.0,1050,738077.0,4985.0,5067.0,1595.0,22.80842527582748,71.28526645768025,20.722320899940794,65.8307210031348,104.05396188565697
2703759,Jequiá da Praia - AL,3302.0,1345792.0,2774,1866277.0,9470.0,9600.0,2985.0,34.86800422386484,110.61976549413735,28.895833333333332,92.93132328308208,142.11108764519534
2703809,Joaquim Gomes - AL,4196.0,1700154.0,4425,3090439.0,17150.0,17325.0,5335.0,24.466472303207,78.65042174320524,25.541125541125542,82.94283036551077,99.13434402332362
2703908,Jundiá - AL,885.0,374871.0,959,673188.0,4092.0,4175.0,1367.0,21.627565982404693,64.74030724213607,22.97005988023952,70.1536210680322,91.61070381231671
2704005,Junqueiro - AL,4907.0,1985271.0,3883,2607257.0,23907.0,24382.0,8022.0,20.525369138745972,61.16928446771379,15.925682880813715,48.40438793318374,83.04141046555402
2704104,Lagoa da Canoa - AL,3947.0,1632384.0,3804,2607113.0,18457.0,18838.0,5935.0,21.384840439941485,66.50379106992418,20.193226457161057,64.09435551811289,88.44254212493905
2704203,Limoeiro de Anadia - AL,6033.0,2472045.0,6237,4279608.0,24740.0,25179.0,8055.0,24.3856103476152,74.8975791433892,24.770642201834864,77.43016759776536,99.92097817299918
2704302,Maceió - AL,84209.0,34006656.0,103341,70236785.0,957916.0,995134.0,335771.0,8.790854312904264,25.079295114825282,10.384631617450514,30.777226145200153,35.50066602917166
2704401,Major Isidoro - AL,3946.0,1611892.0,2958,2065936.0,17700.0,17825.0,5880.0,22.293785310734464,67.10884353741497,16.594670406732117,50.30612244897959,91.06734463276837
2704500,Maragogi - AL,6885.0,2820978.0,6657,4667430.0,32174.0,33283.0,10035.0,21.39926648846895,68.60986547085201,20.00120181474026,66.33781763826607,87.67880897619196
2704609,Maravilha - AL,3125.0,1276815.0,2567,1761992.0,9534.0,9706.0,3205.0,32.777428151877494,97.50390015600624,26.44755821141562,80.09360374414976,133.92227816236627
2704708,Marechal Deodoro - AL,9267.0,3796077.0,7870,5518520.0,60370.0,62528.0,19623.0,15.350339572635415,47.225194924323496,12.58636131013306,40.10599806349692,62.880188835514325
2704807,Maribondo - AL,2393.0,975929.0,2039,1390127.0,13679.0,13971.0,4435.0,17.493968857372614,53.957158962795944,14.594517214229475,45.97519729425028,71.34505446304554
2704906,Mar Vermelho - AL,731.0,298416.0,586,386666.0,3155.0,3207.0,1062.0,23.16957210776545,68.83239171374764,18.272528843155598,55.1789077212806,94.58510301109351
2705002,Mata Grande - AL,4158.0,1699951.0,4207,2953785.0,21844.0,22119.0,7057.0,19.034975279252883,58.92022105710642,19.019847190198472,59.61456709649993,77.8223310748947
2705101,Matriz de Camaragibe - AL,4946.0,2002422.0,4279,2993519.0,23857.0,24331.0,7342.0,20.73186066982437,67.36584037047126,17.58661789486663,58.28112230999728,83.93435888837658
2705200,Messias - AL,2264.0,925314.0,1858,1307068.0,15405.0,15706.0,4979.0,14.696527101590393,45.47097810805383,11.829873933528587,37.31673026712191,60.06582278481012
2705309,Minador do Negrão - AL,898.0,378298.0,1071,740848.0,4845.0,4934.0,1621.0,18.53457172342621,55.3979025293029,21.706526145115525,66.0703269586675,78.08008255933953
2705408,Monteirópolis - AL,1816.0,750203.0,1704,1185684.0,7184.0,7345.0,2211.0,25.27839643652561,82.13478064224333,23.19945541184479,77.06919945725916,104.42692093541203
2705507,Murici - AL,4500.0,1850761.0,4023,2870319.0,25187.0,25923.0,7707.0,17.86635962996784,58.38847800700662,15.519037148478185,52.19929933826391,73.48080358915314
2705606,Novo Lino - AL,2181.0,890592.0,2239,1537767.0,10020.0,10280.0,3241.0,21.766467065868262,67.29404504782474,21.780155642023345,69.08361616784943,88.8814371257485
2705705,Olho d'Água das Flores - AL,4521.0,1815122.0,3738,2608245.0,20695.0,21137.0,6787.0,21.845856487074172,66.61264181523501,17.68462884988409,55.075880359510826,87.70823870500121
2705804,Olho d'Água do Casado - AL,2072.0,862995.0,2161,1503049.0,8349.0,8522.0,2600.0,24.817343394418494,79.6923076923077,25.35789720722835,83.11538461538461,103.36507366151635
2705903,Olho d'Água Grande - AL,1349.0,590277.0,1095,769486.0,4330.0,4379.0,1377.0,31.15473441108545,97.96659404502542,25.005709065996804,79.520697167756,136.32263279445726
2706000,Olivença - AL,2509.0,1058307.0,2473,1744403.0,10812.0,11047.0,3575.0,23.205697373288938,70.18181818181819,22.38616819045895,69.17482517482517,97.88263041065483
2706109,Ouro Branco - AL,3160.0,1301862.0,2682,1881479.0,11446.0,11709.0,3970.0,27.607897955617684,79.5969773299748,22.9054573405073,67.55667506297229,113.73947230473527
2706208,Palestina - AL,1069.0,433780.0,1041,734394.0,4325.0,4407.0,1321.0,24.716763005780347,80.92354277062832,23.6215112321307,78.80393641180923,100.29595375722543
2706307,Palmeira dos Índios - AL,14883.0,6035450.0,13955,9194587.0,71574.0,73631.0,24453.0,20.79386369351999,60.86369770580297,18.9526150670234,57.06866233182023,84.32461508368961
2706406,Pão de Açúcar - AL,4405.0,1809815.0,4050,2826491.0,23823.0,24291.0,7567.0,18.490534357553624,58.21329456852121,16.67284179325676,53.52187128320338,75.9692314150191
2706422,Pariconha - AL,1987.0,850442.0,2207,1520270.0,10573.0,10809.0,3262.0,18.79315236924241,60.91354996934396,20.418170043482284,67.65787860208461,80.43525962356946
2706448,Paripueira - AL,3088.0,1245829.0,2136,1469657.0,13835.0,14208.0,4383.0,22.320202385254788,70.4540269221994,15.033783783783784,48.733744010951405,90.04907842428624
2706505,Passo de Camaragibe - AL,3009.0,1219700.0,2659,1813856.0,13804.0,14068.0,4229.0,21.798029556650246,71.15157247576259,18.901052032982655,62.875384251596124,88.35844682700666
2706604,Paulo Jacinto - AL,1508.0,617427.0,1391,941646.0,6576.0,6689.0,2291.0,22.931873479318735,65.82278481012658,20.795335625654058,60.7158446093409,93.89096715328468
2706703,Penedo - AL,15257.0,6360633.0,12257,8240609.0,58650.0,60183.0,19611.0,26.013640238704177,77.79817449390649,20.36621637339448,62.50063739737902,108.4506905370844
2706802,Piaçabuçu - AL,5583.0,2721720.0,5154,3476389.0,15908.0,16189.0,5247.0,35.09554940910234,106.40365923384792,31.836432145283833,98.22755860491709,171.09127483027407
2706901,Pilar - AL,7806.0,3173067.0,5953,4045739.0,35370.0,36534.0,11594.0,22.06955046649703,67.32792823874418,16.294410685936388,51.345523546662065,89.71068702290076
2707008,Pindoba - AL,420.0,173786.0,408,281898.0,2731.0,2785.0,829.0,15.378982057854266,50.663449939686366,14.649910233393177,49.21592279855247,63.63456609300623
2707107,Piranhas - AL,4413.0,1852204.0,4674,3320339.0,22609.0,23053.0,7024.0,19.518775708788535,62.82744874715262,20.275018435778424,66.54328018223235,81.92330487858817
2707206,Poço das Trincheiras - AL,3341.0,1396214.0,2988,2070557.0,12518.0,12962.0,4049.0,26.68956702348618,82.51420103729316,23.051998148433885,73.79599901210176,111.5365074293018
2707305,Porto Calvo - AL,5826.0,2354002.0,4505,3087100.0,24071.0,24505.0,7636.0,24.203398280088074,76.29649030906234,18.38400326463987,58.99685699319015,97.79410909393046
2707404,Porto de Pedras - AL,1780.0,727452.0,1819,1267080.0,9295.0,9520.0,2820.0,19.15008068854223,63.12056737588652,19.107142857142858,64.50354609929079,78.26272189349112
2707503,Porto Real do Colégio - AL,4708.0,2203396.0,5046,3412442.0,20082.0,20277.0,6511.0,23.44388009162434,72.30840116725541,24.885338067761502,77.49961603440332,109.71994821232946
2707602,Quebrangulo - AL,2611.0,1106188.0,2140,1456946.0,11080.0,11303.0,3683.0,23.564981949458485,70.89329351072496,18.933026630098205,58.10480586478414,99.83646209386282
2707701,Rio Largo - AL,14550.0,5866329.0,11323,7901107.0,93927.0,97742.0,31230.0,15.490753457472293,46.58981748318924,11.58457981215854,36.256804354787064,62.4562585837938
2707800,Roteiro - AL,1900.0,778047.0,1682,1139680.0,6474.0,6606.0,1987.0,29.34816187828236,95.62154001006543,25.461701483499848,84.65022647206844,120.1802594995366
2707909,Santa Luzia do Norte - AL,1228.0,498119.0,1237,876999.0,6919.0,7067.0,2184.0,17.748229512935396,56.227106227106226,17.503891325880854,56.63919413919414,71.99291805174158
2708006,Santana do Ipanema - AL,10233.0,4215551.0,7961,5521817.0,46220.0,47426.0,15098.0,22.139766334919948,67.77718903165982,16.786151056382575,52.728838256722746,91.20620943314583
2708105,Santana do Mundaú - AL,2306.0,932648.0,2116,1457806.0,11323.0,11574.0,3815.0,20.365627483882363,60.44560943643513,18.282357007084844,55.46526867627785,82.36757043186435
2708204,São Brás - AL,1118.0,542117.0,1346,938723.0,6555.0,6557.0,2129.0,17.055682684973302,52.512916862376706,20.527680341619643,63.22217003287928,82.70282227307399
2708303,São José da Laje - AL,3843.0,1567854.0,3018,2190766.0,20813.0,21175.0,6822.0,18.46442127516456,56.33245382585752,14.252656434474616,44.23922603342128,75.33051458223225
2708402,São José da Tapera - AL,6976.0,2928865.0,5784,4170114.0,30604.0,31574.0,9534.0,22.79440596000523,73.16970841199917,18.318869956293153,60.66708621774701,95.70203241406352
2708501,São Luís do Quitunde - AL,7354.0,2967557.0,5978,4180534.0,30873.0,31783.0,9300.0,23.820166488517476,79.0752688172043,18.808797155712174,64.27956989247312,96.12143296731772
2708600,São Miguel dos Campos - AL,10413.0,4196904.0,9058,6107577.0,51990.0,53376.0,16921.0,20.02885170225043,61.53891613970806,16.97017386091127,53.531115182317826,80.72521638776688
2708709,São Miguel dos Milagres - AL,1437.0,589487.0,1562,1086369.0,8482.0,8705.0,2685.0,16.94175901909927,53.5195530726257,17.94371051120046,58.17504655493482,69.49858523933035
2708808,São Sebastião - AL,6581.0,2710033.0,6530,4482525.0,31786.0,32709.0,10475.0,20.70408355879947,62.82577565632458,19.963924302179826,62.33890214797136,85.25869879821305
2708907,Satuba - AL,2271.0,920116.0,1955,1350238.0,24278.0,25145.0,7880.0,9.354147788120933,28.81979695431472,7.7749055478226285,24.809644670050762,37.899167971002555
2708956,Senador Rui Palmeira - AL,3505.0,1456376.0,2849,2015391.0,12303.0,12544.0,3681.0,28.48898642607494,95.2186905732138,22.712053571428573,77.3974463461016,118.37568072827766
2709004,Tanque d'Arca - AL,1137.0,465807.0,1067,718919.0,5796.0,5905.0,2063.0,19.616977225672876,55.113911778962674,18.06943268416596,51.72079495879787,80.36697722567288
2709103,Taquarana - AL,3337.0,1361537.0,3723,2558510.0,19032.0,19431.0,6492.0,17.53362757461118,51.40172520024646,19.16010498687664,57.34750462107209,71.53935477091215
2709152,Teotônio Vilela - AL,6420.0,2626161.0,6148,4186868.0,38053.0,39137.0,12346.0,16.871205949596614,52.00064798315244,15.708919947875412,49.79750526486311,69.01324468504454
2709202,Traipu - AL,5211.0,2260289.0,4209,2990319.0,23565.0,24099.0,7354.0,22.113303628262255,70.85939624694043,17.465454998132703,57.234158281207506,95.91720772331848
2709301,União dos Palmares - AL,11658.0,4708047.0,9744,6666673.0,59280.0,60855.0,19749.0,19.66599190283401,59.030837004405285,16.011831402514172,49.33920704845815,79.42049595141701
2709400,Viçosa - AL,4695.0,1925216.0,4669,3251725.0,24092.0,24411.0,7917.0,19.48779677901378,59.30276619931792,19.12662324361968,58.97435897435897,79.91100780342022
2800100,Amparo do São Francisco - SE,375.0,201605.0,344,224991.0,2170.0,2199.0,743.0,17.28110599078341,50.47106325706595,15.643474306502956,46.29878869448183,92.90552995391705
2800209,Aquidabã - SE,3965.0,1597587.0,3684,2448450.0,20131.0,20570.0,7417.0,19.695991257264915,53.45827153835783,17.90957705396208,49.66967776729136,79.35954498037852
2800308,Aracaju - SE,58664.0,23733930.0,55578,36897057.0,602757.0,623328.0,218513.0,9.732611981279355,26.846915286504693,8.91633297397197,25.434642332492803,39.3756190305546
2800407,Arauá - SE,2417.0,980062.0,2227,1501676.0,10318.0,10445.0,3630.0,23.42508238030626,66.5840220385675,21.32120631881283,61.349862258953166,94.98565613490986
2800506,Areia Branca - SE,2611.0,1056448.0,2752,1864786.0,18081.0,18687.0,6149.0,14.440572977158343,42.46218897381688,14.726815433188849,44.75524475524475,58.428626735246944
2800605,Barra dos Coqueiros - SE,4498.0,1833508.0,5108,3432624.0,41511.0,45916.0,14525.0,10.83568210835682,30.967297762478484,11.124662427040683,35.16695352839931,44.16920816169208
2800670,Boquim - SE,5125.0,2069850.0,4911,3231555.0,24636.0,24978.0,8867.0,20.80289007955837,57.798579000789445,19.66130194571223,55.385135897146725,84.01729176814418
2800704,Brejo Grande - SE,1385.0,738071.0,1432,1021592.0,7841.0,8034.0,2471.0,17.663563321004975,56.050182112505055,17.82424695046054,57.95224605422906,94.12970284402499
2801009,Campo do Brito - SE,2883.0,1158440.0,2961,1985657.0,18149.0,18788.0,6792.0,15.885172736789906,42.446996466431095,15.76005961251863,43.59540636042403,63.82941208882032
2801108,Canhoba - SE,1433.0,627589.0,1136,766033.0,3791.0,3845.0,1268.0,37.80005275652862,113.01261829652996,29.54486345903771,89.58990536277602,165.54708520179372
2801207,Canindé de São Francisco - SE,6025.0,2474752.0,6214,4350137.0,26834.0,33782.0,8712.0,22.452858314079155,69.1574839302112,18.394411224912677,71.32690541781452,92.22449131698592
2801306,Capela - SE,6696.0,2746020.0,5617,3860863.0,31645.0,32847.0,10837.0,21.159740875335757,61.788317800129185,17.100496240143695,51.83168773645843,86.77579396429135
2801405,Carira - SE,4754.0,1915560.0,4354,2911318.0,19939.0,20314.0,7399.0,23.84272029690556,64.2519259359373,21.433494141971053,58.84578997161778,96.07101660063192
2801504,Carmópolis - SE,2787.0,1134254.0,2391,1616645.0,13853.0,14226.0,4689.0,20.118385909189346,59.43698016634677,16.807254323070435,50.9916826615483,81.87786039125099
2801603,Cedro de São João - SE,962.0,429382.0,926,608626.0,5391.0,5467.0,1933.0,17.8445557410499,49.767201241593376,16.93799158587891,47.9048111743404,79.647931738082
2801702,Cristinápolis - SE,4963.0,2017304.0,3725,2552323.0,17100.0,17646.0,5757.0,29.023391812865498,86.20809449365989,21.109599909327894,64.70383880493313,117.97099415204679
2801900,Cumbe - SE,1453.0,584060.0,814,526290.0,3824.0,3875.0,1368.0,37.99686192468619,106.21345029239767,21.006451612903227,59.50292397660819,152.73535564853557
2802007,Divina Pastora - SE,844.0,348299.0,810,551387.0,4340.0,4439.0,1453.0,19.447004608294932,58.086717136958015,18.247353007434107,55.74673090158293,80.25322580645161
2802106,Estância - SE,12181.0,4942127.0,10671,7263872.0,65078.0,67136.0,23221.0,18.717538953256092,52.45682787132337,15.894602001906577,45.95409327763662,75.94159316512493
2802205,Feira Nova - SE,1338.0,549999.0,1218,840955.0,5975.0,6389.0,2120.0,22.393305439330543,63.113207547169814,19.064016277977775,57.45283018867924,92.05004184100419
2802304,Frei Paulo - SE,2679.0,1088196.0,2555,1736148.0,14530.0,14957.0,5066.0,18.437715072264282,52.88195815238847,17.08230260078893,50.43426766679826,74.89304886441845
2802403,Gararu - SE,2857.0,1248736.0,2631,1766032.0,11096.0,11288.0,3949.0,25.748017303532805,72.34742972904533,23.307937632884478,66.62446188908585,112.53929343907714
2802502,General Maynard - SE,670.0,273173.0,700,465904.0,3037.0,3124.0,1111.0,22.06124464932499,60.30603060306031,22.40717029449424,63.00630063006301,89.94830424761278
2802601,Graccho Cardoso - SE,2165.0,896498.0,1856,1233377.0,5834.0,5921.0,2115.0,37.110044566335276,102.36406619385343,31.346056409390307,87.75413711583924,153.6678093932122
2802700,Ilha das Flores - SE,2078.0,1071389.0,2071,1434031.0,8321.0,8502.0,2767.0,24.97295998077154,75.09938561619082,24.358974358974358,74.8464040477051,128.75724071626007
2802809,Indiaroba - SE,2696.0,1125005.0,3041,2117052.0,16549.0,17030.0,5261.0,16.291014562813462,51.24501045428626,17.856723429242514,57.80269910663372,67.98024049791528
2802908,Itabaiana - SE,15021.0,6024984.0,12307,8069792.0,103440.0,110041.0,37878.0,14.521461716937354,39.65626485030889,11.184013231431921,32.49115581604097,58.2461716937355
2803005,Itabaianinha - SE,10373.0,4240177.0,10110,6876092.0,40678.0,42339.0,13332.0,25.50027041644132,77.8052805280528,23.878693403245236,75.83258325832583,104.23759771866857
2803104,Itabi - SE,982.0,404975.0,909,609124.0,4745.0,4809.0,1829.0,20.695468914646998,53.690541279387645,18.902058640049905,49.69928922908693,85.3477344573235
2803203,Itaporanga d'Ajuda - SE,6492.0,2639564.0,5803,3902935.0,34411.0,36272.0,12179.0,18.866060271424836,53.30486903686674,15.998566387295986,47.64759011413088,76.70698323210601
2803302,Japaratuba - SE,3080.0,1251509.0,2850,1909519.0,16209.0,16432.0,5679.0,19.001789129495958,54.23490051065328,17.344206426484906,50.184891706286315,77.21074711579986
2803401,Japoatã - SE,4070.0,1651072.0,3099,2097449.0,13407.0,13737.0,4575.0,30.35727604982472,88.96174863387978,22.559510810220573,67.73770491803279,123.1499962706049
2803500,Lagarto - SE,26341.0,10599370.0,19103,12696230.0,101579.0,106330.0,36747.0,25.931540968113488,71.68204207146161,17.96576695194207,51.98519607042752,104.34607546835468
2803609,Laranjeiras - SE,3724.0,1530037.0,3917,2687097.0,23975.0,23932.0,7833.0,15.532846715328468,47.542448614834676,16.36720708674578,50.00638325035108,63.818018769551614
2803708,Macambira - SE,1721.0,690243.0,1402,936665.0,6838.0,7070.0,2486.0,25.168177829774788,69.22767497988737,19.83026874115983,56.395816572807725,100.94223457151213
2803807,Malhada dos Bois - SE,719.0,292996.0,682,458571.0,3579.0,3681.0,1197.0,20.089410449846326,60.06683375104428,18.527574028796522,56.97577276524645,81.86532550991897
2803906,Malhador - SE,3214.0,1288373.0,2451,1645877.0,11533.0,11697.0,4176.0,27.86785745252753,76.96360153256705,20.9540907925109,58.69252873563219,111.71187028526836
2804003,Maruim - SE,2876.0,1176580.0,2726,1869494.0,15719.0,15938.0,5251.0,18.296329283033273,54.770519900971244,17.103777136403565,51.91392115787469,74.85081748202812
2804102,Moita Bonita - SE,1944.0,779133.0,1761,1144882.0,11050.0,11305.0,4204.0,17.592760180995477,46.241674595623216,15.57717823971694,41.888677450047574,70.50977375565611
2804201,Monte Alegre de Sergipe - SE,4057.0,1670920.0,3725,2550358.0,14336.0,14829.0,4814.0,28.299386160714285,84.27503115911924,25.119697889271023,77.3784794349813,116.55412946428571
2804300,Muribeca - SE,1927.0,783837.0,1738,1163530.0,7822.0,8084.0,2775.0,24.63564305804142,69.44144144144144,21.499257793171697,62.630630630630634,100.20928151367937
2804409,Neópolis - SE,3709.0,1606959.0,3210,2185554.0,16426.0,16394.0,5729.0,22.58005600876659,64.740792459417,19.580334268634868,56.03072089369873,97.8302082065019
2804458,Nossa Senhora Aparecida - SE,1862.0,754449.0,1711,1117890.0,9232.0,9570.0,3376.0,20.16897746967071,55.154028436018955,17.87878787878788,50.68127962085308,81.72107885615252
2804508,Nossa Senhora da Glória - SE,6044.0,2432853.0,7683,5204891.0,41212.0,44088.0,14291.0,14.665631369504029,42.29235182982296,17.42651061513337,53.76110838989574,59.032636125400366
2804607,Nossa Senhora das Dores - SE,6135.0,2481462.0,5685,3750089.0,24996.0,25600.0,9129.0,24.543927028324532,67.20341767992113,22.20703125,62.27407163982912,99.27436389822371
2804706,Nossa Senhora de Lourdes - SE,1190.0,509617.0,1171,782304.0,6268.0,6413.0,2244.0,18.98532227185705,53.03030303030303,18.25978481210042,52.18360071301248,81.30456285896618
2804805,Nossa Senhora do Socorro - SE,35207.0,14241323.0,31473,21046544.0,192330.0,205611.0,67033.0,18.30551656007903,52.5218922023481,15.307060419919168,46.95150149926156,74.04629023033328
2804904,Pacatuba - SE,2595.0,1186928.0,2501,1711951.0,12502.0,12671.0,4190.0,20.75667893137098,61.933174224343674,19.73798437376687,59.68973747016707,94.93904975203968
2805000,Pedra Mole - SE,808.0,328744.0,713,474557.0,2778.0,2804.0,957.0,29.08567314614831,84.43051201671891,25.42796005706134,74.50365726227795,118.33837293016559
2805109,Pedrinhas - SE,3108.0,1250140.0,2491,1641936.0,7396.0,7298.0,2682.0,42.02271498107085,115.88366890380313,34.132639079199784,92.87844891871738,169.0292049756625
2805208,Pinhão - SE,1459.0,595186.0,1302,869671.0,5677.0,5750.0,2028.0,25.700193764312136,71.94280078895464,22.643478260869564,64.20118343195266,104.84164171217192
2805307,Pirambu - SE,1556.0,644706.0,1662,1110994.0,7913.0,8006.0,2629.0,19.66384430683685,59.18600228223659,20.759430427179616,63.21795359452263,81.47428282572982
2805406,Poço Redondo - SE,7400.0,3104779.0,7394,5121601.0,33439.0,29352.0,10755.0,22.12984838063339,68.80520688052069,25.190787680566913,68.74941887494188,92.84903854780346
2805505,Poço Verde - SE,5442.0,2227278.0,5343,3514414.0,21794.0,22221.0,8211.0,24.97017527759934,66.27694556083303,24.044822465235587,65.07124588966022,102.19684316784436
2805604,Porto da Folha - SE,7086.0,3136400.0,7432,5024257.0,26576.0,27345.0,9167.0,26.663154726068633,77.29900730882514,27.17864326202231,81.0734155121632,118.01625526791089
2805703,Propriá - SE,5126.0,2102932.0,4622,3101734.0,26618.0,27157.0,9183.0,19.25764520249455,55.82053795056082,17.019552969768384,50.33213546771208,79.00413254188895
2805802,Riachão do Dantas - SE,4947.0,2004373.0,4645,3078510.0,18313.0,18505.0,6273.0,27.0135968983782,78.86178861788618,25.101323966495542,74.04750518093417,109.45082728116638
2805901,Riachuelo - SE,1935.0,783865.0,1540,1057894.0,8748.0,8832.0,2815.0,22.11934156378601,68.73889875666075,17.43659420289855,54.706927175843695,89.60505258344764
2806008,Ribeirópolis - SE,3294.0,1320557.0,2970,1949981.0,17033.0,17368.0,6528.0,19.338930311747784,50.45955882352941,17.100414555504376,45.49632352941177,77.52932542711207
2806107,Rosário do Catete - SE,2358.0,964856.0,2094,1412554.0,9295.0,9516.0,3148.0,25.368477676169984,74.90470139771283,22.005044136191678,66.51842439644219,103.80376546530393
2806206,Salgado - SE,4393.0,1771997.0,4094,2723096.0,20279.0,20874.0,7332.0,21.662803885793185,59.91543917075832,19.61291558877072,55.83742498636116,87.38088663149071
2806305,Santa Luzia do Itanhy - SE,3023.0,1268863.0,2771,1907947.0,13616.0,14038.0,4513.0,22.201821386603996,66.98426767117216,19.739279099586835,61.4003988477731,93.18911574618096
2806404,Santana do São Francisco - SE,2004.0,987506.0,1945,1338374.0,7346.0,7566.0,2366.0,27.280152463925948,84.69991546914623,25.70711075865715,82.20625528317836,134.4277157636809
2806503,Santa Rosa de Lima - SE,839.0,343544.0,619,416331.0,3937.0,4059.0,1365.0,21.310642621285243,61.46520146520147,15.250061591525006,45.34798534798535,87.26035052070104
2806602,Santo Amaro das Brotas - SE,2899.0,1188434.0,2098,1390002.0,11092.0,11281.0,3791.0,26.135953840605843,76.47058823529412,18.597642053009483,55.3415985228172,107.14334655607645
2806701,São Cristóvão - SE,13493.0,5483361.0,11051,7391077.0,95612.0,111567.0,33252.0,14.112245324854621,40.57801034524239,9.905258723457653,33.234091182485265,57.35013387440907
2806800,São Domingos - SE,1983.0,796946.0,2006,1339439.0,10327.0,10567.0,3851.0,19.20209160453181,51.4931186704752,18.983628276710515,52.09036613866528,77.17110487072722
2806909,São Francisco - SE,817.0,333810.0,744,490416.0,3243.0,3337.0,1142.0,25.192722787542397,71.54115586690017,22.295474977524723,65.14886164623468,102.93246993524514
2807006,São Miguel do Aleixo - SE,941.0,383982.0,878,582702.0,3434.0,3462.0,1281.0,27.40244612696564,73.45823575331772,25.36106296938186,68.54020296643247,111.81770529994176
2807105,Simão Dias - SE,11946.0,4909489.0,9168,6045536.0,42578.0,44708.0,15526.0,28.056742918878292,76.94190390313024,20.506397065402165,59.04933659667654,115.30576823711776
2807204,Siriri - SE,1909.0,794435.0,1452,1000555.0,7834.0,7978.0,2708.0,24.368138881797293,70.49483013293944,18.200050137879167,53.61890694239291,101.40860352310442
2807303,Telha - SE,731.0,315009.0,761,520543.0,3274.0,3405.0,1117.0,22.327428222357973,65.44315129811996,22.34948604992658,68.12891674127127,96.2153329260843
2807402,Tobias Barreto - SE,14124.0,5698390.0,11871,7808309.0,50905.0,52943.0,18570.0,27.745801001866223,76.05815831987076,22.422227678824395,63.92568659127625,111.94165602593066
2807501,Tomar do Geru - SE,2444.0,992123.0,2654,1795355.0,12012.0,12047.0,4364.0,20.346320346320347,56.003666361136574,22.030381007719765,60.81576535288726,82.59432234432235
2807600,Umbaúba - SE,5184.0,2088650.0,5454,3694796.0,23917.0,24693.0,8285.0,21.674959234017646,62.570911285455644,22.08723119912526,65.82981291490646,87.32909645858594
2900108,Abaíra - BA,1996.0,808868.0,1608,1033820.0,7301.0,7366.0,2722.0,27.338720723188604,73.32843497428361,21.830029866956284,59.07421013960323,110.78865908779619
2900207,Abaré - BA,5462.0,2255189.0,4241,2850810.0,17639.0,18303.0,5545.0,30.965474233233177,98.50315599639315,23.17106485275638,76.48331830477908,127.85242927603606
2900306,Acajutiba - BA,3496.0,1417161.0,3057,2053696.0,13795.0,14187.0,4768.0,25.34251540413193,73.32214765100672,21.54789596109114,64.11493288590604,102.7300471185212
2900355,Adustina - BA,3995.0,1612086.0,3151,2067493.0,14201.0,14470.0,5207.0,28.131821702696993,76.72364125216055,21.77608845888044,60.51469176109084,113.51918878952186
2900405,Água Fria - BA,4592.0,1867127.0,4396,2881381.0,14497.0,14798.0,5448.0,31.675519072911637,84.28781204111601,29.706717123935668,80.69016152716593,128.79402635027938
2900504,Érico Cardoso - BA,1410.0,584413.0,1409,934904.0,10604.0,10932.0,3107.0,13.296869105997736,45.38139684583199,12.888766922795464,45.34921145799807,55.11250471520181
2900603,Aiquara - BA,887.0,358263.0,878,579704.0,4447.0,4627.0,1506.0,19.94603103215651,58.897742363877825,18.975578128376917,58.300132802124836,80.56285136046773
2900702,Alagoinhas - BA,31717.0,12868340.0,22828,15011306.0,151055.0,161682.0,55585.0,20.996987852106848,57.06035801025457,14.119073242537821,41.068633624179185,85.18976531726854
2900801,Alcobaça - BA,4516.0,1822841.0,4331,2995163.0,24530.0,25769.0,8511.0,18.410110069302895,53.06074491834097,16.807016182234467,50.8870872987898,74.31068079902161
2900900,Almadina - BA,1598.0,651566.0,1239,815036.0,5218.0,5267.0,2050.0,30.624760444614793,77.95121951219512,23.523827605847732,60.4390243902439,124.86891529321579
2901007,Amargosa - BA,5519.0,2238026.0,4948,3260417.0,36521.0,38656.0,13442.0,15.111853454177048,41.057878291920844,12.800082781456954,36.80999851212617,61.280523534404864
2901106,Amélia Rodrigues - BA,3755.0,1514519.0,3125,2002700.0,24138.0,24814.0,8600.0,15.556384124616788,43.66279069767442,12.593697106472153,36.33720930232558,62.744179302344854
2901155,América Dourada - BA,3085.0,1255945.0,2983,2012090.0,15137.0,15566.0,5148.0,20.380524542511726,59.92618492618492,19.163561608634204,57.944832944832946,82.9718570390434
2901205,Anagé - BA,5065.0,2065561.0,5465,3561283.0,25438.0,26772.0,8875.0,19.911156537463636,57.070422535211264,20.413118183176454,61.57746478873239,81.1998191681736
2901304,Andaraí - BA,2865.0,1191781.0,2498,1683756.0,13080.0,13557.0,4455.0,21.90366972477064,64.3097643097643,18.425905436305968,56.07182940516274,91.11475535168196
2901353,Andorinha - BA,3279.0,1326617.0,2883,1910341.0,15012.0,15496.0,5961.0,21.842525979216628,55.007549068948165,18.604801239029428,48.36436839456467,88.37043698374633
2901403,Angical - BA,3069.0,1289777.0,2547,1774368.0,13732.0,14183.0,4546.0,22.34925720943781,67.50989881214254,17.958118874709157,56.027276726792785,93.92491989513545
2901502,Anguera - BA,2746.0,1110352.0,2133,1413825.0,11031.0,11521.0,3150.0,24.89348200525791,87.17460317460318,18.514017880392327,67.71428571428571,100.65741999818692
2901601,Antas - BA,3002.0,1207048.0,2682,1748363.0,14206.0,14915.0,4484.0,21.1319160917922,66.94915254237289,17.981897418706,59.812667261373775,84.9674785301985
2901700,Antônio Cardoso - BA,3159.0,1294517.0,2482,1667748.0,11146.0,11494.0,3438.0,28.342006100843353,91.8848167539267,21.593875065251435,72.19313554392089,116.14184460793109
2901809,Antônio Gonçalves - BA,2483.0,1031539.0,2141,1464938.0,10862.0,11258.0,3548.0,22.8595102191125,69.98308906426156,19.01758749333807,60.34385569334837,94.96768550911435
2901908,Aporá - BA,4374.0,1807111.0,3908,2611722.0,15922.0,16344.0,5647.0,27.471423188041705,77.45705684434213,23.91091532060695,69.20488755091199,113.49773897751538
2901957,Apuarema - BA,1998.0,826645.0,1511,1008066.0,6913.0,7090.0,2489.0,28.902068566468973,80.27320208919245,21.311706629055006,60.707111289674565,119.57833068132504
2902005,Aracatu - BA,2660.0,1089985.0,2395,1591329.0,13936.0,14456.0,4607.0,19.087256027554535,57.73822444106794,16.567515218594355,51.986108096375084,78.21361940298507
2902054,Araçás - BA,2848.0,1159421.0,3102,2016756.0,11557.0,11960.0,4117.0,24.6430734619711,69.17658489191159,25.93645484949833,75.34612581977167,100.32196936921346
2902104,Araci - BA,11734.0,4755896.0,11786,7870582.0,48294.0,50282.0,16939.0,24.29701412183708,69.27209398429659,23.43979953064715,69.57907786764272,98.47798898413882
2902203,Aramari - BA,2818.0,1143451.0,2506,1625967.0,9833.0,10091.0,3492.0,28.658598596562594,80.6987399770905,24.83401050440987,71.76403207331042,116.28709447777891
2902252,Arataca - BA,2419.0,999201.0,1796,1203703.0,10191.0,10405.0,3471.0,23.736630360121676,69.6917314894843,17.260932244113405,51.74301354076635,98.04739476008243
2902302,Aratuípe - BA,2649.0,1092041.0,2553,1686080.0,8677.0,9003.0,3114.0,30.5289846721217,85.0674373795761,28.357214261912695,81.98458574181117,125.8546732741731
2902401,Aurelino Leal - BA,3410.0,1411786.0,2682,1785067.0,11179.0,11276.0,3950.0,30.503622864299132,86.32911392405063,23.78503015253636,67.89873417721519,126.2891135164147
2902500,Baianópolis - BA,2992.0,1271354.0,2537,1774361.0,13614.0,14163.0,4416.0,21.97737623035111,67.7536231884058,17.912871566758454,57.45018115942029,93.38577934479213
2902609,Baixa Grande - BA,4406.0,1800461.0,4031,2676286.0,18220.0,18579.0,6490.0,24.182217343578486,67.88906009244992,21.69653910328866,62.110939907550076,98.81783754116356
2902658,Banzaê - BA,2208.0,918951.0,1930,1301955.0,11958.0,12270.0,3935.0,18.46462619167085,56.11181702668361,15.729421352893235,49.04701397712834,76.84821876567987
2902708,Barra - BA,9063.0,4361999.0,9161,6583578.0,51092.0,53745.0,15476.0,17.738589211618258,58.56164383561644,17.04530654014327,59.1948823985526,85.37538166444844
2902807,Barra da Estiva - BA,4340.0,1750847.0,4285,2912193.0,26026.0,27890.0,8633.0,16.675632060247445,50.27221128228889,15.363929723915382,49.63512104714468,67.2729962345347
2902906,Barra do Choça - BA,6231.0,2561269.0,4936,3271452.0,36539.0,38671.0,12260.0,17.05301185035168,50.823817292006524,12.764086783377724,40.26101141924959,70.0968554147623
2903003,Barra do Mendes - BA,2680.0,1088283.0,2734,1836376.0,13836.0,14404.0,5044.0,19.369760046256143,53.13243457573355,18.98083865592891,54.203013481363996,78.65589765828274
2903102,Barra do Rocha - BA,1897.0,772845.0,1799,1192353.0,5775.0,5878.0,2141.0,32.84848484848485,88.60345632881831,30.605648179652942,84.02615600186829,133.82597402597403
2903201,Barreiras - BA,17744.0,7153896.0,15686,10733446.0,159734.0,172521.0,54356.0,11.108467827763658,32.64405033482964,9.092226453591158,28.85789977187431,44.78630723577948
2903235,Barro Alto - BA,2854.0,1154195.0,2878,1932869.0,13453.0,13932.0,4748.0,21.214598974206496,60.109519797809604,20.657479184610967,60.61499578770008,85.79461830075076
2903276,Barrocas - BA,2903.0,1180465.0,3333,2227404.0,15203.0,15814.0,5209.0,19.094915477208446,55.73046650028796,21.076261540407234,63.98540986753696,77.64684601723344
2903300,Barro Preto - BA,1980.0,807656.0,1710,1174243.0,5833.0,5909.0,2242.0,33.94479684553403,88.31400535236396,28.938906752411576,76.27118644067797,138.463226470084
2903409,Belmonte - BA,4232.0,1709063.0,3985,2705013.0,20121.0,20490.0,7259.0,21.032751851299636,58.300041328006614,19.448511469009272,54.897368783579005,84.93926743203617
2903508,Belo Campo - BA,3227.0,1309454.0,3309,2245796.0,18412.0,19104.0,6361.0,17.52661307842711,50.73101713567049,17.320979899497488,52.02012262222921,71.11959591570715
2903607,Biritinga - BA,4916.0,2014398.0,4057,2743656.0,15146.0,15599.0,5358.0,32.45741449887759,91.75065322881672,26.008077440861594,75.71855169839492,132.99867951934505
2903706,Boa Nova - BA,2755.0,1124199.0,3010,2047732.0,13690.0,13587.0,4728.0,20.12417823228634,58.269881556683586,22.153529108706852,63.66328257191201,82.11826150474799
2903805,Boa Vista do Tupim - BA,4580.0,1930088.0,3892,2632221.0,16873.0,17221.0,5925.0,27.14395780240621,77.29957805907173,22.6003135706405,65.68776371308017,114.38914241687904
2903904,Bom Jesus da Lapa - BA,10536.0,4819167.0,9985,7002925.0,65550.0,68869.0,20927.0,16.073226544622425,50.34644239499212,14.498540707720455,47.713480193052035,73.51894736842105
2903953,Bom Jesus da Serra - BA,2081.0,865071.0,2093,1412019.0,9730.0,10010.0,3170.0,21.387461459403905,65.64668769716089,20.90909090909091,66.02523659305994,88.90760534429599
2904001,Boninal - BA,2634.0,1073005.0,2277,1546555.0,13622.0,14143.0,4339.0,19.33636764058141,60.70523162018898,16.099837375380048,52.47752938465084,78.77000440463955
2904050,Bonito - BA,3066.0,1246199.0,3030,2050888.0,15844.0,16453.0,5413.0,19.35117394597324,56.64141880657676,18.416094329301647,55.97635322372067,78.65431709164352
2904100,Boquira - BA,3653.0,1538733.0,3681,2478702.0,19322.0,19723.0,6448.0,18.90591036124625,56.653225806451616,18.663489327181463,57.08746898263027,79.63632129179175
2904209,Botuporã - BA,2311.0,944344.0,1858,1254723.0,11024.0,11443.0,3637.0,20.963352685050797,63.54138025845477,16.237000786507036,51.086059939510584,85.66255442670537
2904308,Brejões - BA,2794.0,1143377.0,2766,1844818.0,12943.0,13195.0,4728.0,21.586958201344356,59.09475465313029,20.962485790071998,58.50253807106599,88.33941126477633
2904407,Brejolândia - BA,1725.0,699715.0,1304,877285.0,9108.0,9344.0,3190.0,18.939393939393938,54.075235109717866,13.955479452054794,40.877742946708466,76.82422046552482
2904506,Brotas de Macaúbas - BA,3148.0,1292121.0,2200,1500646.0,11765.0,12190.0,4252.0,26.75733106672333,74.03574788334902,18.04757998359311,51.74035747883349,109.82753931151721
2904605,Brumado - BA,6712.0,2695062.0,6116,3948590.0,70510.0,74617.0,24535.0,9.519217132321657,27.356837171387813,8.196523580417331,24.927654371306296,38.222408169054034
2904704,Buerarema - BA,2910.0,1177191.0,2724,1845573.0,14804.0,14853.0,5719.0,19.6568495001351,50.883021507256515,18.339729347606543,47.63070466864836,79.51844096190219
2904753,Buritirama - BA,5215.0,2206742.0,5013,3469075.0,19589.0,20230.0,5900.0,26.622083822553474,88.38983050847457,24.78002965892239,84.96610169491525,112.65210066874266
2904803,Caatiba - BA,1318.0,534732.0,1268,829897.0,6205.0,6041.0,2175.0,21.240934730056406,60.59770114942529,20.989902334050655,58.298850574712645,86.17759871071716
2904852,Cabaceiras do Paraguaçu - BA,3837.0,1606593.0,3674,2536116.0,16559.0,17009.0,5197.0,23.171689111661333,73.83105637868,21.60032923746252,70.69463151818357,97.02234434446524
2904902,Cachoeira - BA,7308.0,2980555.0,6852,4481743.0,29250.0,30450.0,10718.0,24.984615384615385,68.1843627542452,22.502463054187192,63.929837656279155,101.89931623931624
2905008,Caculé - BA,2011.0,811375.0,2068,1374000.0,22462.0,23336.0,7827.0,8.9528982281186,25.693113581193305,8.861844360644497,26.421361952216685,36.122117353753005
2905107,Caém - BA,2987.0,1233652.0,2763,1858034.0,10384.0,10736.0,3564.0,28.765408320493066,83.81032547699215,25.735842026825633,77.52525252525253,118.80315870570108
2905156,Caetanos - BA,2858.0,1197985.0,2497,1697850.0,11266.0,11370.0,3672.0,25.36836499201136,77.8322440087146,21.961301671064206,68.00108932461873,106.3363216758388
2905206,Caetité - BA,7371.0,2965265.0,7858,5229718.0,52012.0,54852.0,17668.0,14.17172960086134,41.71949286846276,14.325822212499089,44.47588861218021,57.011170499115586
2905305,Cafarnaum - BA,3824.0,1594684.0,3767,2584071.0,17466.0,18073.0,5814.0,21.893965418527426,65.77227382180942,20.843246832291264,64.79188166494669,91.3021871063781
2905404,Cairu - BA,2741.0,1138049.0,4064,2722382.0,17761.0,18662.0,6534.0,15.432689600810765,41.949801040710135,21.776872789625976,62.19773492500765,64.07572771803389
2905503,Caldeirão Grande - BA,3708.0,1562164.0,3838,2671743.0,13080.0,13626.0,4290.0,28.34862385321101,86.43356643356644,28.166740055775723,89.46386946386946,119.43149847094801
2905602,Camacan - BA,3864.0,1581562.0,3204,2167073.0,22579.0,22239.0,8288.0,17.11324682226848,46.62162162162162,14.407122622420072,38.65830115830116,70.04570618716507
2905701,Camaçari - BA,41179.0,16628315.0,42689,28337712.0,300372.0,323676.0,109948.0,13.709333759471589,37.45315967548296,13.188806090040657,38.826536180739986,55.359071418108215
2905800,Camamu - BA,6515.0,2644607.0,6350,4367281.0,30469.0,31621.0,10433.0,21.382388657323837,62.446084539442154,20.081591347522217,60.86456436307869,86.79664577111163
2905909,Campo Alegre de Lourdes - BA,5351.0,2294642.0,5319,3785590.0,30671.0,32613.0,10093.0,17.446447784552184,53.01694243535123,16.309447152975807,52.69989101357376,74.81471096475498
2906006,Campo Formoso - BA,14432.0,5857842.0,14382,9720761.0,71377.0,75311.0,24287.0,20.219398405648878,59.42273644336476,19.096811886709776,59.21686498950056,82.06904184821441
2906105,Canápolis - BA,1568.0,649324.0,1497,1062293.0,10225.0,10668.0,3307.0,15.334963325183374,47.414575143634714,14.032620922384702,45.267614151799215,63.50356968215159
2906204,Canarana - BA,4757.0,1941387.0,4996,3371948.0,24206.0,25024.0,8304.0,19.652152358919277,57.28564547206166,19.964833759590793,60.163776493256265,80.20271833429729
2906303,Canavieiras - BA,6949.0,2830615.0,6418,4328034.0,32683.0,34437.0,11903.0,21.261818070556558,58.38024027556078,18.636931207712635,53.91918003864572,86.6081755040847
2906402,Candeal - BA,1673.0,685046.0,1674,1113023.0,7772.0,7914.0,2774.0,21.525990735975295,60.310021629416006,21.152388172858227,60.34607065609229,88.14282038085435
2906501,Candeias - BA,14415.0,5885312.0,13210,8740715.0,72382.0,74645.0,26441.0,19.915172280401205,54.517605234295225,17.697099604796033,49.96028894519874,81.30905473736564
2906600,Candiba - BA,2482.0,1013318.0,2090,1372469.0,13016.0,13410.0,4479.0,19.068838352796558,55.41415494530029,15.58538404175988,46.662201384237555,77.85172095881991
2906709,Cândido Sales - BA,7004.0,2839856.0,6066,4031735.0,25247.0,26472.0,8890.0,27.74190992989266,78.785151856018,22.914777878513146,68.2339707536558,112.48290886045866
2906808,Cansanção - BA,8764.0,3640814.0,8391,5651434.0,37439.0,39878.0,12743.0,23.408744891690482,68.7750137330299,21.041677115201363,65.84791650317821,97.24656107267822
2906824,Canudos - BA,4028.0,1658007.0,3865,2641964.0,16105.0,16722.0,5446.0,25.01086619062403,73.96254131472641,23.113263963640712,70.96951891296364,102.94982924557591
2906857,Capela do Alto Alegre - BA,1800.0,721362.0,2027,1351440.0,10744.0,11016.0,4309.0,16.753536857781086,41.77303318635414,18.400508351488742,47.04107681596658,67.14091586001489
2906873,Capim Grosso - BA,5142.0,2079089.0,4977,3292782.0,33235.0,35627.0,12296.0,15.471641341958778,41.81847755367599,13.969742049569147,40.476577748861416,62.55721378065292
2906899,Caraíbas - BA,1660.0,677451.0,1634,1073486.0,9940.0,10258.0,3450.0,16.70020120724346,48.11594202898551,15.92903100019497,47.36231884057971,68.15402414486921
2906907,Caravelas - BA,3676.0,1516653.0,3628,2420765.0,20580.0,21719.0,7218.0,17.862001943634596,50.928234968135214,16.704268152309037,50.26323081185924,73.69548104956269
2907004,Cardeal da Silva - BA,2867.0,1178741.0,2323,1564797.0,8365.0,8632.0,2825.0,34.27375971309026,101.48672566371681,26.911492122335495,82.23008849557522,140.91344889420202
2907103,Carinhanha - BA,7599.0,3292810.0,7098,4860937.0,28869.0,30498.0,9304.0,26.322352696664243,81.67454858125538,23.273657289002557,76.28976784178847,114.0604108212962
2907202,Casa Nova - BA,16645.0,7705399.0,15465,10545889.0,72086.0,76416.0,23409.0,23.090475265654913,71.10513050536119,20.237908291457288,66.0643342304242,106.89175429348279
2907301,Castro Alves - BA,5059.0,2060690.0,4713,3094239.0,24712.0,25468.0,8706.0,20.471835545483977,58.10934987365036,18.505575624312865,54.13507925568573,83.38823243768209
2907400,Catolândia - BA,830.0,341726.0,657,462577.0,3434.0,3566.0,1123.0,24.17006406523005,73.90917186108638,18.424004486819967,58.5040071237756,99.51252184041934
2907509,Catu - BA,10591.0,4260055.0,9608,6156573.0,48148.0,50068.0,18304.0,21.99675999003074,57.86166958041958,19.189901733642248,52.49125874125874,88.47833762565423
2907558,Caturama - BA,1272.0,514371.0,1222,808991.0,8841.0,9127.0,3015.0,14.387512724804886,42.18905472636816,13.38884628026734,40.530679933665006,58.18018323719036
2907608,Central - BA,2420.0,973778.0,3049,2060181.0,16348.0,16844.0,5726.0,14.803034010276486,42.26336011177087,18.101401092377106,53.24834090115264,59.5655737704918
2907707,Chorrochó - BA,2523.0,1174573.0,2684,1859576.0,10579.0,10932.0,3214.0,23.849135078929955,78.50031113876788,24.55177460665935,83.50964530180461,111.0287361754419
2907806,Cícero Dantas - BA,5711.0,2304154.0,5079,3362521.0,30907.0,32314.0,11672.0,18.478014689228978,48.9290610006854,15.717645602525222,43.51439342015079,74.551201993076
2907905,Cipó - BA,4158.0,1721054.0,3667,2527621.0,17230.0,17910.0,5711.0,24.132327336041786,72.8068639467694,20.47459519821329,64.20942041673962,99.88705745792223
2908002,Coaraci - BA,4254.0,1711719.0,3666,2397903.0,17333.0,17460.0,6661.0,24.542779668839785,63.86428464194565,20.99656357388316,55.03678126407446,98.7549183638147
2908101,Cocos - BA,4016.0,1636757.0,3064,2091877.0,19151.0,19926.0,6295.0,20.97018432457835,63.796664019062746,15.376894509685838,48.67355043685465,85.46587645553757
2908200,Conceição da Feira - BA,3951.0,1603593.0,3563,2373220.0,20800.0,21556.0,6923.0,18.995192307692307,57.07063411815687,16.529040638337353,51.46612740141557,77.09581730769231
2908309,Conceição do Almeida - BA,3249.0,1330877.0,2650,1708606.0,15794.0,16087.0,5744.0,20.57110295048753,56.5633704735376,16.472928451544725,46.13509749303621,84.26472078004305
2908408,Conceição do Coité - BA,12143.0,4907242.0,11152,7475079.0,67825.0,71860.0,24342.0,17.903427939550312,49.88497247555665,15.51906484831617,45.813819735436695,72.35152230003686
2908507,Conceição do Jacuípe - BA,7043.0,2833182.0,6174,4001333.0,35308.0,37816.0,12812.0,19.947320720516597,54.971901342491414,16.326422678231438,48.18919762722448,80.24192817491786
2908606,Conde - BA,5081.0,2120399.0,5724,3907818.0,23654.0,24484.0,7680.0,21.480510695865394,66.15885416666667,23.378532919457605,74.53125,89.64230151348609
2908705,Condeúba - BA,2840.0,1159924.0,2791,1856093.0,17053.0,17563.0,5875.0,16.653961179851052,48.340425531914896,15.891362523486876,47.5063829787234,68.01876502668152
2908804,Contendas do Sincorá - BA,803.0,322517.0,799,546802.0,4333.0,4506.0,1518.0,18.53219478421417,52.89855072463768,17.73191300488238,52.635046113306984,74.43272559427648
2908903,Coração de Maria - BA,8019.0,3247436.0,6202,4085348.0,26692.0,28544.0,8932.0,30.042709426045256,89.77832512315271,21.72785874439462,69.43573667711598,121.66326989360108
2909000,Cordeiros - BA,1259.0,506980.0,1208,802483.0,7546.0,7735.0,2639.0,16.684336072091174,47.70746494884426,15.61732385261797,45.77491474043198,67.18526371587596
2909109,Coribe - BA,3672.0,1503793.0,3177,2143372.0,13990.0,14444.0,4986.0,26.24731951393853,73.64620938628158,21.995292162835778,63.71841155234657,107.49056468906362
2909208,Coronel João Sá - BA,4546.0,1868315.0,3657,2365423.0,17056.0,17602.0,6026.0,26.653377110694183,75.43976103551277,20.776048176343597,60.68702290076336,109.54004455909944
2909307,Correntina - BA,5155.0,2122760.0,4199,2914353.0,32457.0,34347.0,11278.0,15.88255229996611,45.70845894662174,12.225230733397385,37.23177868416386,65.40222448162184
2909406,Cotegipe - BA,2641.0,1137577.0,2301,1624866.0,13063.0,13451.0,4411.0,20.217407946107326,59.87304466107459,17.106534830124154,52.16504194060304,87.08390109469494
2909505,Cravolândia - BA,865.0,354999.0,913,623445.0,4415.0,4463.0,1619.0,19.59229898074745,53.42804200123533,20.45709164239301,56.3928350833848,80.4074745186863
2909604,Crisópolis - BA,5049.0,2046182.0,4395,2956323.0,19729.0,20348.0,7269.0,25.59176846266917,69.45934791580684,21.59917436603106,60.46223689640941,103.71443053373207
2909703,Cristópolis - BA,2210.0,894276.0,1969,1358589.0,13993.0,14585.0,4675.0,15.793611091259915,47.27272727272727,13.500171408981831,42.11764705882353,63.90881154863146
2909802,Cruz das Almas - BA,9453.0,3795290.0,10119,6588163.0,60348.0,63437.0,21726.0,15.664147941936767,43.51008008837338,15.95125872913284,46.575531621099145,62.89007092198582
2909901,Curaçá - BA,8244.0,3530773.0,7761,5284132.0,34180.0,36220.0,11240.0,24.1193680514921,73.34519572953737,21.42738818332413,69.04804270462634,103.29938560561732
2910008,Dário Meira - BA,2338.0,967137.0,2002,1372639.0,10820.0,11316.0,3793.0,21.608133086876155,61.63986290535196,17.69176387416048,52.78143949380438,89.38419593345657
2910057,Dias d'Ávila - BA,13800.0,5571545.0,12325,8104393.0,71485.0,75516.0,25852.0,19.304749248094005,53.380782918149464,16.321044546851,47.67522822218784,77.9400573546898
2910107,Dom Basílio - BA,1822.0,741129.0,1775,1185950.0,11884.0,12348.0,3782.0,15.331538202625378,48.175568482284504,14.374797538062845,46.93283976731888,62.36359811511276
2910206,Dom Macedo Costa - BA,850.0,346382.0,838,540025.0,4407.0,4627.0,1639.0,19.28749716360336,51.86089078706529,18.111087097471362,51.1287370347773,78.59813932380304
2910305,Elísio Medrado - BA,1417.0,572790.0,1245,815518.0,7808.0,8071.0,2982.0,18.148053278688526,47.518443997317235,15.42559781935324,41.75050301810865,73.359375
2910404,Encruzilhada - BA,3764.0,1555119.0,3903,2655578.0,19107.0,19373.0,6763.0,19.699586538964777,55.65577406476416,20.146595777628658,57.71107496673074,81.39001413094677
2910503,Entre Rios - BA,8533.0,3435767.0,8095,5372360.0,38098.0,39880.0,13675.0,22.397501181164365,62.39853747714808,20.29839518555667,59.19561243144424,90.18234552994907
2910602,Esplanada - BA,6834.0,2807338.0,6311,4322088.0,32554.0,34179.0,10824.0,20.992811943232784,63.13747228381375,18.464554258462798,58.30561714708056,86.23634576396142
2910701,Euclides da Cunha - BA,14574.0,5993010.0,12811,8582777.0,61456.0,64969.0,21720.0,23.71452746680552,67.09944751381215,19.718635041327403,58.98250460405156,97.51708539442853
2910727,Eunápolis - BA,15403.0,6255149.0,13625,9131646.0,113710.0,121577.0,41385.0,13.545862281241755,37.21879908179292,11.206889461000024,32.92255648181708,55.009664937120746
2910750,Fátima - BA,4488.0,1821882.0,3655,2409251.0,17895.0,18489.0,6801.0,25.079631181894385,65.99029554477283,19.768511006544433,53.74209675047787,101.80955574182732
2910776,Feira da Mata - BA,1028.0,416808.0,886,599299.0,5631.0,5838.0,1976.0,18.256082400994494,52.02429149797571,15.176430284343953,44.83805668016194,74.02024507192328
2910800,Feira de Santana - BA,71178.0,28557844.0,79703,52818063.0,616272.0,663408.0,221592.0,11.549770231326427,32.1211957110365,12.014175288811712,35.96835625834868,46.339674689098324
2910859,Filadélfia - BA,4106.0,1686510.0,4379,2928833.0,17897.0,18694.0,6075.0,22.94239257976197,67.58847736625515,23.42462822295924,72.08230452674897,94.23422920042465
2910909,Firmino Alves - BA,1458.0,591095.0,1112,735247.0,4873.0,4981.0,1800.0,29.91996716601683,81.0,22.32483437060831,61.77777777777778,121.30002052123949
2911006,Floresta Azul - BA,2092.0,851432.0,1859,1225976.0,11059.0,11466.0,3862.0,18.916719414051904,54.16882444329363,16.213151927437643,48.13568099430347,76.98996292612352
2911105,Formosa do Rio Preto - BA,4395.0,1789734.0,3780,2693207.0,25899.0,27700.0,8150.0,16.969767172477702,53.92638036809816,13.646209386281589,46.38036809815951,69.10436696397544
2911204,Gandu - BA,6274.0,2570229.0,4939,3283636.0,32178.0,34154.0,11898.0,19.49779352352539,52.73155152126408,14.460970896527494,41.511178349302405,79.87534961775125
2911253,Gavião - BA,1704.0,689610.0,1250,812762.0,4360.0,4485.0,1660.0,39.08256880733945,102.65060240963855,27.870680044593087,75.3012048192771,158.16743119266056
2911303,Gentio do Ouro - BA,2071.0,861069.0,1898,1287664.0,10884.0,11287.0,3651.0,19.027930907754502,56.72418515475212,16.815805794276603,51.98575732675979,79.1132855567806
2911402,Glória - BA,2688.0,1105271.0,2448,1655162.0,15524.0,16139.0,5408.0,17.315124967791807,49.70414201183432,15.16822603630956,45.26627218934911,71.1975650605514
2911501,Gongogi - BA,2195.0,902683.0,1807,1194827.0,5555.0,5399.0,1986.0,39.513951395139514,110.52366565961732,33.46916095573254,90.98690835850957,162.4991899189919
2911600,Governador Mangabeira - BA,3257.0,1316539.0,3056,2032394.0,20605.0,21387.0,7000.0,15.806842999272021,46.52857142857143,14.289054098284005,43.65714285714286,63.894151904877454
2911659,Guajeru - BA,1113.0,462888.0,1092,720059.0,8050.0,8136.0,2770.0,13.826086956521738,40.18050541516246,13.421828908554572,39.42238267148014,57.501614906832295
2911709,Guanambi - BA,13963.0,5698454.0,12082,7859163.0,87817.0,93873.0,30379.0,15.900110456973023,45.96267158234306,12.87058046509646,39.77089436781988,64.89010100550007
2911808,Guaratinga - BA,5896.0,2391817.0,4904,3283623.0,19049.0,19360.0,7244.0,30.951755997690167,81.39149641082275,25.330578512396695,67.69740474875759,125.56128930652528
2911857,Heliópolis - BA,2877.0,1159957.0,2741,1827175.0,12309.0,13040.0,4479.0,23.373141603704607,64.23308774279973,21.01993865030675,61.19669569100245,94.2364936225526
2911907,Iaçu - BA,5465.0,2270108.0,4581,3014203.0,24607.0,25299.0,9006.0,22.209127484049255,60.68176771041528,18.10743507648524,50.86608927381746,92.2545617100825
2912004,Ibiassucê - BA,1543.0,620917.0,1274,810570.0,10429.0,10739.0,3531.0,14.795282385655383,43.698668932313794,11.8633019834249,36.080430472953836,59.53753955316905
2912103,Ibicaraí - BA,4688.0,1916983.0,4767,3141379.0,21665.0,22067.0,8317.0,21.638587583660282,56.366478297463026,21.60239271310101,57.31634002645185,88.48294484191092
2912202,Ibicoara - BA,3567.0,1447210.0,3459,2296322.0,20785.0,21952.0,6808.0,17.161414481597305,52.39424206815511,15.757106413994169,50.807873090481785,69.62761606928073
2912301,Ibicuí - BA,3826.0,1554492.0,2906,1887794.0,13934.0,14236.0,5314.0,27.458016362853453,71.99849454271735,20.413037370047768,54.685735792246895,111.56107363284053
2912400,Ibipeba - BA,3356.0,1355789.0,3095,2073244.0,16603.0,17139.0,5819.0,20.213214479310967,57.67313971472762,18.058229768364548,53.18783296098986,81.65927844365476
2912509,Ibipitanga - BA,1846.0,746634.0,1764,1184569.0,13863.0,14318.0,4755.0,13.31602106326192,38.82229232386961,12.320156446431065,37.09779179810725,53.858039385414415
2912608,Ibiquera - BA,1127.0,468734.0,1180,799238.0,3725.0,3829.0,1286.0,30.25503355704698,87.63608087091757,30.81744580830504,91.75738724727839,125.83463087248322
2912707,Ibirapitanga - BA,3754.0,1507529.0,3593,2440474.0,25344.0,27029.0,8359.0,14.812184343434344,44.909678191171196,13.293129601539087,42.98361047972246,59.4826783459596
2912806,Ibirapuã - BA,1572.0,644234.0,1546,1036501.0,8896.0,9332.0,3219.0,17.67086330935252,48.835041938490214,16.56665237891127,48.027337682510094,72.41839028776978
2912905,Ibirataia - BA,3312.0,1351102.0,3129,2093068.0,18792.0,19379.0,6913.0,17.624521072796934,47.909735281353974,16.146343980597553,45.26254882106177,71.89772243507876
2913002,Ibitiara - BA,2724.0,1120744.0,2428,1637677.0,14637.0,15036.0,5086.0,18.610370977659358,53.558788832088084,16.147911678637936,47.73889107353519,76.56924233107877
2913101,Ibititá - BA,4092.0,1664066.0,4355,2863359.0,16969.0,17525.0,6003.0,24.114561848075905,68.16591704147926,24.85021398002853,72.54705980343162,98.06505981495668
2913200,Ibotirama - BA,3863.0,1784350.0,4545,3153573.0,26309.0,27771.0,9147.0,14.683188262571743,42.232425931999565,16.365993302365776,49.68842243358478,67.82279828195675
2913309,Ichu - BA,1338.0,549859.0,1298,872381.0,6190.0,6439.0,2173.0,21.61550888529887,61.573861021629085,20.1584096909458,59.73308789691671,88.83021001615509
2913408,Igaporã - BA,2660.0,1073937.0,2469,1656101.0,15527.0,16088.0,4886.0,17.13144844464481,54.44126074498568,15.346842366981601,50.532132623823166,69.16577574547563
2913457,Igrapiúna - BA,2298.0,954464.0,2417,1630172.0,13151.0,13477.0,4484.0,17.47395635312904,51.248884924174845,17.934258366105215,53.90276538804639,72.57729450231922
2913507,Iguaí - BA,5346.0,2221781.0,4037,2690467.0,21491.0,21677.0,7951.0,24.875529291331254,67.23682555653377,18.623425750795775,50.77348761162118,103.38192731841235
2913606,Ilhéus - BA,26885.0,10799724.0,20526,13545022.0,178649.0,189259.0,66586.0,15.049062687168695,40.37635539002193,10.84545516989945,30.826299822785572,60.45219396694076
2913705,Inhambupe - BA,6628.0,2677858.0,6570,4407833.0,33790.0,35384.0,12152.0,19.61527079017461,54.54246214614878,18.56771422111689,54.065174456879525,79.2500147972773
2913804,Ipecaetá - BA,3979.0,1630594.0,3393,2297388.0,13709.0,13973.0,4102.0,29.024728280691516,97.0014627011214,24.28254490803693,82.71574841540712,118.94332190531767
2913903,Ipiaú - BA,9021.0,3655573.0,8074,5328555.0,40706.0,42359.0,14843.0,22.16135213482042,60.77612342518359,19.060884345711656,54.396011587953915,89.80427946740038
2914000,Ipirá - BA,11575.0,4666353.0,10448,6928654.0,56876.0,59183.0,21217.0,20.351290526759968,54.555309421690154,17.653718128516633,49.243531130697086,82.04432449539348
2914109,Ipupiara - BA,1847.0,769140.0,1992,1324033.0,9935.0,10377.0,3551.0,18.590840463009563,52.01351731906505,19.196299508528476,56.09687411996621,77.41721187720181
2914208,Irajuba - BA,1409.0,595880.0,1244,842644.0,6101.0,6211.0,2191.0,23.094574659891823,64.30853491556367,20.028980840444373,56.777727065267,97.66923455171283
2914307,Iramaia - BA,2027.0,832637.0,1858,1245737.0,10752.0,11018.0,3684.0,18.852306547619047,55.02171552660152,16.86331457614812,50.4343105320304,77.44019717261905
2914406,Iraquara - BA,4771.0,1953572.0,4715,3225097.0,23879.0,24901.0,8146.0,19.9798986557226,58.568622636876995,18.934982530822055,57.88116867174073,81.81129863059591
2914505,Irará - BA,9232.0,3801759.0,8243,5371447.0,28043.0,29630.0,9942.0,32.92087151873908,92.85857976262321,27.81977725278434,82.91088312210823,135.56891202795705
2914604,Irecê - BA,13403.0,5431222.0,12706,8474481.0,74507.0,79105.0,25983.0,17.988913793334856,51.58372782203749,16.06219581568801,48.901204633799026,72.89545948702806
2914653,Itabela - BA,6213.0,2591485.0,5529,3827597.0,28165.0,29589.0,9620.0,22.059293449316527,64.58419958419958,18.685998174997465,57.474012474012476,92.01082904313864
2914703,Itaberaba - BA,14794.0,5949527.0,12881,8448544.0,65073.0,68590.0,23503.0,22.734467444254914,62.94515593753989,18.77970549642805,54.805769476237074,91.42850337313479
2914802,Itabuna - BA,26265.0,10572530.0,21599,14176331.0,186708.0,196041.0,71961.0,14.06742078539752,36.49893692416726,11.017593258553058,30.014869165242285,56.62601495383165
2914901,Itacaré - BA,6037.0,2480532.0,5307,3623703.0,27704.0,29641.0,9880.0,21.79107710077967,61.10323886639676,17.904254242434465,53.71457489878542,89.53696217152758
2915007,Itaeté - BA,4533.0,1888843.0,3937,2649115.0,13472.0,13734.0,4536.0,33.64756532066508,99.93386243386243,28.666084170671326,86.79453262786596,140.20509204275535
2915106,Itagi - BA,3399.0,1417492.0,3334,2219530.0,13803.0,14737.0,4652.0,24.625081504020866,73.06534823731728,22.62332903576033,71.66809974204644,102.69448670578859
2915205,Itagibá - BA,2962.0,1203739.0,2797,1884581.0,15310.0,15692.0,5441.0,19.346832135858914,54.438522330453964,17.824369105276574,51.40599154567175,78.62436316133247
2915304,Itagimirim - BA,1372.0,559036.0,1097,747601.0,6347.0,6464.0,2345.0,21.616511737828894,58.507462686567166,16.97091584158416,46.78038379530917,88.07877737513786
2915353,Itaguaçu da Bahia - BA,2891.0,1209704.0,2900,1913239.0,12311.0,12656.0,4088.0,23.483063926569734,70.71917808219177,22.914032869785082,70.93933463796478,98.26204207619202
2915403,Itaju do Colônia - BA,1445.0,597152.0,1414,954145.0,6037.0,5742.0,2106.0,23.935729667053174,68.61348528015195,24.62556600487635,67.1415004748338,98.91535530892827
2915502,Itajuípe - BA,4190.0,1694146.0,3941,2610444.0,18781.0,19138.0,6999.0,22.30978116181247,59.8656950992999,20.592538405267007,56.308044006286615,90.20531388105
2915601,Itamaraju - BA,8891.0,3591796.0,7863,5402303.0,59605.0,61947.0,21747.0,14.916533847831557,40.88380006437669,12.693108625115018,36.15671127052007,60.259978189749184
2915700,Itamari - BA,1742.0,713571.0,1502,1016764.0,7051.0,7158.0,2555.0,24.705715501347328,68.18003913894324,20.983514948309583,58.7866927592955,101.20138987377678
2915809,Itambé - BA,4372.0,1779987.0,3342,2224674.0,24394.0,24912.0,8090.0,17.922439944248584,54.04202719406675,13.415221579961464,41.31025957972806,72.96822989259654
2915908,Itanagra - BA,2301.0,935000.0,1839,1246954.0,5914.0,6069.0,2069.0,38.90767669935746,111.21314644755921,30.301532377656944,88.8835186080232,158.09942509299967
2916005,Itanhém - BA,3381.0,1362783.0,2825,1859370.0,17813.0,18172.0,6806.0,18.980519845056982,49.67675580370261,15.545894783182918,41.507493388186894,76.5049682815921
2916104,Itaparica - BA,4512.0,1863426.0,4701,3098096.0,19789.0,20339.0,7389.0,22.800545757744203,61.06374340235485,23.113230738974384,63.621599675192854,94.16473798574965
2916203,Itapé - BA,1942.0,797044.0,1594,1067305.0,10341.0,10640.0,3715.0,18.779615124262644,52.27456258411844,14.981203007518797,42.907133243607,77.07610482545208
2916302,Itapebi - BA,2245.0,905136.0,1954,1323662.0,9174.0,9437.0,3310.0,24.47133202528886,67.82477341389728,20.705732754053194,59.03323262839879,98.66317854807063
2916401,Itapetinga - BA,9910.0,3995621.0,10186,6757566.0,65897.0,68714.0,24058.0,15.038620878036937,41.19211904563971,14.823762260965742,42.33934657910051,60.634338437258144
2916500,Itapicuru - BA,8307.0,3359123.0,7262,4862843.0,31679.0,33311.0,11341.0,26.222418636951925,73.2475090380037,21.800606406292214,64.03315404285337,106.03627008428296
2916609,Itapitanga - BA,1127.0,455918.0,1117,727344.0,10279.0,10648.0,3028.0,10.964101566300224,37.219286657859975,10.490232907588279,36.889035667107,44.354314622044946
2916708,Itaquara - BA,1338.0,540112.0,1257,854873.0,8153.0,8478.0,2775.0,16.411137004783516,48.21621621621622,14.826610049539985,45.2972972972973,66.24702563473568
2916807,Itarantim - BA,2573.0,1036394.0,2607,1754194.0,17052.0,17456.0,6280.0,15.089139103917429,40.97133757961783,14.934692942254813,41.51273885350319,60.77844241144734
2916856,Itatim - BA,3357.0,1362258.0,3270,2204369.0,15737.0,16526.0,5542.0,21.331892991040224,60.57380007217611,19.787002299406996,59.003969686033926,86.56402109677829
2916906,Itiruçu - BA,2984.0,1201745.0,2420,1579466.0,10999.0,11165.0,3973.0,27.129739067187927,75.10697206141455,21.67487684729064,60.91115026428392,109.25947813437585
2917003,Itiúba - BA,8113.0,3346454.0,8384,5657289.0,33872.0,35489.0,12063.0,23.951936702881437,67.25524330597696,23.624221589788384,69.50178230954157,98.79705951818612
2917102,Itororó - BA,3446.0,1405471.0,3217,2133434.0,16617.0,16920.0,6210.0,20.73779863994704,55.491143317230275,19.013002364066192,51.80354267310789,84.5803093217789
2917201,Ituaçu - BA,2644.0,1063806.0,3109,2098217.0,17914.0,18519.0,6191.0,14.759406051133192,42.707155548376676,16.7881635077488,50.218058471975446,59.3840571619962
2917300,Ituberá - BA,5825.0,2370188.0,5691,3776083.0,21902.0,22022.0,8039.0,26.595744680851062,72.45926110212713,25.842339478703114,70.79238711282498,108.21787964569445
2917334,Iuiu - BA,2036.0,833647.0,1904,1308328.0,11118.0,11584.0,3501.0,18.312646159381185,58.15481291059697,16.43646408839779,54.384461582405024,74.98174132038136
2917359,Jaborandi - BA,1730.0,705929.0,1395,952309.0,9275.0,9598.0,3257.0,18.652291105121293,53.116364752840035,14.534277974578037,42.83082591341726,76.11094339622642
2917409,Jacaraci - BA,2135.0,860892.0,2209,1476938.0,14436.0,14919.0,4565.0,14.789415350512607,46.768893756845564,14.806622427776661,48.38992332968237,59.63507896924356
2917508,Jacobina - BA,14181.0,5707848.0,15021,10028502.0,82590.0,87121.0,30907.0,17.17035960770069,45.882809719481024,17.241537631569887,48.60064063157213,69.11064293498002
2917607,Jaguaquara - BA,5562.0,2232211.0,5082,3525823.0,45964.0,47519.0,15915.0,12.100774519188931,34.94816211121584,10.694669500620805,31.932139491046183,48.564332956226615
2917706,Jaguarari - BA,5600.0,2264611.0,5451,3622072.0,32703.0,34609.0,11861.0,17.123811271137203,47.2135570356631,15.750238377300702,45.95733917882135,69.24780601168088
2917805,Jaguaripe - BA,4082.0,1686420.0,4497,2964820.0,17659.0,18395.0,6380.0,23.115691715272664,63.98119122257053,24.446860559934766,70.4858934169279,95.4991788889518
2917904,Jandaíra - BA,2270.0,968065.0,2182,1494909.0,9285.0,9483.0,3099.0,24.448034464189554,73.24943530171024,23.00959611937151,70.40980961600516,104.26117393645666
2918001,Jequié - BA,22068.0,8881053.0,19727,13037825.0,158813.0,169623.0,57855.0,13.895587892678812,38.14363494944257,11.629908679837051,34.097312246132574,55.921448496029925
2918100,Jeremoabo - BA,8663.0,3482271.0,8330,5554465.0,37626.0,39573.0,13560.0,23.023972784776483,63.88643067846608,21.049705607358554,61.4306784660767,92.54959336628927
2918209,Jiquiriçá - BA,3213.0,1309801.0,2773,1826319.0,13629.0,14076.0,4812.0,23.57473035439137,66.77057356608479,19.70019892014777,57.626766417290106,96.10396947685084
2918308,Jitaúna - BA,3369.0,1372614.0,3157,2133494.0,14355.0,14571.0,5121.0,23.46917450365726,65.78793204452255,21.666323519319196,61.6481156024214,95.61922675026123
2918357,João Dourado - BA,4348.0,1746000.0,4119,2802695.0,24854.0,25976.0,8250.0,17.49416592902551,52.7030303030303,15.856944872189713,49.92727272727273,70.25026152731955
2918407,Juazeiro - BA,36457.0,15133709.0,38369,26631483.0,237821.0,257616.0,78819.0,15.32959662939774,46.25407579390756,14.89387305136327,48.6798868293178,63.6348724460834
2918456,Jucuruçu - BA,2658.0,1085129.0,1976,1342164.0,9655.0,9934.0,3499.0,27.529777317452098,75.96456130322949,19.891282464264144,56.47327807945127,112.39036768513724
2918506,Jussara - BA,3553.0,1454271.0,4076,2758670.0,16354.0,17053.0,5560.0,21.725571725571726,63.902877697841724,23.901952735589045,73.30935251798562,88.92448330683625
2918555,Jussari - BA,1859.0,759008.0,1469,962876.0,5888.0,6378.0,2080.0,31.572690217391305,89.375,23.032298526183755,70.625,128.9076086956522
2918605,Jussiape - BA,1064.0,427352.0,1207,788309.0,7379.0,7550.0,2533.0,14.419298007860144,42.005527043031975,15.986754966887418,47.651006711409394,57.914622577585035
2918704,Lafaiete Coutinho - BA,682.0,280024.0,568,362876.0,4075.0,4235.0,1603.0,16.736196319018404,42.54522769806613,13.412042502951595,35.433562071116654,68.71754601226993
2918753,Lagoa Real - BA,2106.0,873532.0,2182,1426547.0,14105.0,14553.0,4373.0,14.930875576036867,48.159158472444545,14.993472136329279,49.89709581522982,61.9306628855016
2918803,Laje - BA,4223.0,1714171.0,4479,3023816.0,21052.0,21706.0,7523.0,20.059851795553868,56.134520802871194,20.634847507601584,59.5374185830121,81.425565266958
2918902,Lajedão - BA,828.0,332687.0,685,462069.0,3845.0,4002.0,1486.0,21.53446033810143,55.720053835800805,17.116441779110446,46.09690444145357,86.52457737321197
2919009,Lajedinho - BA,935.0,388275.0,784,518382.0,3527.0,3600.0,1276.0,26.509781684150838,73.27586206896552,21.77777777777778,61.442006269592476,110.08647575843493
2919058,Lajedo do Tabocal - BA,1669.0,679532.0,1246,840915.0,7494.0,7666.0,2730.0,22.271150253536163,61.13553113553114,16.253587268458126,45.64102564102564,90.6768081131572
2919108,Lamarão - BA,3094.0,1267656.0,2634,1732510.0,9015.0,9302.0,3131.0,34.32057681641708,98.81826892366657,28.316491077187703,84.12647716384542,140.61630615640598
2919157,Lapão - BA,5001.0,2007494.0,5254,3533622.0,25736.0,27025.0,8725.0,19.43192415293752,57.31805157593123,19.441258094357078,60.21776504297994,78.00334162262978
2919207,Lauro de Freitas - BA,24933.0,10179454.0,25822,17089059.0,203331.0,221023.0,75302.0,12.262271862136123,33.11067435127885,11.682947023612927,34.29125388435898,50.063463023346166
2919306,Lençóis - BA,2014.0,823218.0,1779,1168391.0,10774.0,11216.0,3919.0,18.693150176350475,51.39066088287829,15.86126961483595,45.39423322276091,76.40783367365881
2919405,Licínio de Almeida - BA,1813.0,730892.0,1758,1145481.0,11834.0,12196.0,4014.0,15.320263647118471,45.166915794718484,14.41456215152509,43.79671150971599,61.76204157512253
2919504,Livramento de Nossa Senhora - BA,5993.0,2408360.0,5975,4017212.0,43903.0,46476.0,14710.0,13.650547798555907,40.74099252209381,12.856097770892504,40.61862678450034,54.85638794615402
2919553,Luís Eduardo Magalhães - BA,15468.0,6307920.0,12679,8833992.0,107909.0,119947.0,36342.0,14.33430019738854,42.56232458312696,10.57050197170417,34.88800836497716,58.45592119285694
2919603,Macajuba - BA,2956.0,1208923.0,2613,1764845.0,10454.0,10723.0,3881.0,28.27625789171609,76.16593661427467,24.368180546488855,67.32800824529761,115.64214654677636
2919702,Macarani - BA,3859.0,1579784.0,3153,2080405.0,21599.0,22924.0,7239.0,17.866567896661884,53.30846802044481,13.75414412842436,43.55573974305843,73.14153433029307
2919801,Macaúbas - BA,6498.0,2626522.0,6664,4571549.0,41859.0,43587.0,14083.0,15.523543324016341,46.1407370588653,15.288962305274508,47.31946318256053,62.74688836331494
2919900,Macururé - BA,1969.0,843380.0,1742,1201586.0,7256.0,7417.0,2436.0,27.136163175303196,80.82922824302135,23.486584872589997,71.51067323481116,116.23208379272326
2919926,Madre de Deus - BA,3197.0,1345474.0,2920,1935060.0,18504.0,19271.0,6773.0,17.27734543882404,47.20212608888232,15.15230138550153,43.11235789162853,72.71260268050152
2919959,Maetinga - BA,1720.0,707890.0,1662,1082446.0,6973.0,7224.0,2439.0,24.666571059802095,70.52070520705207,23.006644518272424,68.14268142681426,101.51871504374014
2920007,Maiquinique - BA,2021.0,829393.0,1757,1188585.0,8731.0,9007.0,3173.0,23.14740579544153,63.693665300976996,19.50705007216609,55.37346359911756,94.9940442102852
2920106,Mairi - BA,4478.0,1835476.0,4069,2686153.0,17674.0,18102.0,6377.0,25.336652710195768,70.22110710365375,22.47817920671749,63.80743296220793,103.851759646939
2920205,Malhada - BA,3584.0,1580369.0,3652,2467251.0,15398.0,15796.0,4811.0,23.275750097415248,74.49594678860943,23.119777158774372,75.9093743504469,102.63469281724899
2920304,Malhada de Pedras - BA,1425.0,574884.0,1484,982252.0,8670.0,8992.0,2989.0,16.43598615916955,47.67480762796922,16.50355871886121,49.64871194379391,66.30726643598616
2920403,Manoel Vitorino - BA,3532.0,1426834.0,3066,2014732.0,13860.0,14280.0,4825.0,25.483405483405484,73.20207253886011,21.470588235294116,63.5440414507772,102.94617604617605
2920452,Mansidão - BA,3590.0,1505579.0,2723,1880068.0,13919.0,14595.0,3572.0,25.79208276456642,100.50391937290034,18.65707434052758,76.23180291153416,108.16718155039874
2920502,Maracás - BA,4037.0,1628550.0,4057,2690950.0,27620.0,29450.0,9980.0,14.616220130340333,40.450901803607216,13.775891341256367,40.65130260521042,58.96270818247647
2920601,Maragogipe - BA,10598.0,4390691.0,10735,6968519.0,35859.0,36875.0,12953.0,29.554644580161188,81.81888365629584,29.11186440677966,82.87655369412491,122.44320812069495
2920700,Maraú - BA,5277.0,2168129.0,5804,3912011.0,24527.0,25965.0,8580.0,21.51506503037469,61.50349650349651,22.35316772578471,67.64568764568764,88.39764341338118
2920809,Marcionílio Souza - BA,3273.0,1347793.0,2778,1849893.0,9267.0,9447.0,3243.0,35.31887342181936,100.92506938020351,29.406160685932043,85.66142460684551,145.44005611308947
2920908,Mascote - BA,2755.0,1120816.0,2607,1871692.0,13544.0,13897.0,4797.0,20.34111045481394,57.43172816343548,18.7594444844211,54.34646654158849,82.7536916715889
2921005,Mata de São João - BA,8091.0,3265684.0,7273,4806013.0,42566.0,45073.0,15325.0,19.008128553305454,52.79608482871126,16.1360459698711,47.458401305057095,76.72048113517832
2921054,Matina - BA,2582.0,1073099.0,1943,1306654.0,10330.0,10593.0,3230.0,24.99515972894482,79.93808049535603,18.342301519871615,60.154798761609904,103.88180058083253
2921104,Medeiros Neto - BA,3998.0,1609874.0,3443,2315210.0,22194.0,22524.0,8470.0,18.01387762458322,47.20188902007084,15.285917243828806,40.64935064935065,72.53645129314229
2921203,Miguel Calmon - BA,4783.0,1951592.0,4014,2703214.0,24661.0,25213.0,9294.0,19.394996147763674,51.46330966214762,15.920358545194938,43.189154293092315,79.13677466444994
2921302,Milagres - BA,2433.0,991246.0,2097,1398422.0,11071.0,11438.0,3986.0,21.97633456778972,61.03863522328149,18.33362475957335,52.60913196186653,89.5353626591997
2921401,Mirangaba - BA,5026.0,2038342.0,4552,2999708.0,15734.0,16150.0,5576.0,31.943561713486716,90.13629842180775,28.185758513931887,81.63558106169297,129.5501461802466
2921450,Mirante - BA,1909.0,776681.0,1988,1323447.0,10187.0,10529.0,3448.0,18.739570040247376,55.36542923433875,18.881185297749074,57.656612529002324,76.24236772356926
2921500,Monte Santo - BA,12847.0,5296143.0,12599,8325698.0,47780.0,49793.0,16912.0,26.88781917120134,75.96381267738883,25.30275339907216,74.49739829706716,110.84434910004185
2921609,Morpará - BA,1964.0,881659.0,1634,1116615.0,7996.0,8209.0,2766.0,24.562281140570285,71.00506146059291,19.904982336459984,59.07447577729573,110.26250625312656
2921708,Morro do Chapéu - BA,6411.0,2630008.0,4435,2987528.0,33594.0,35245.0,11882.0,19.08376495802822,53.95556303652584,12.583345155341183,37.32536609998317,78.28802762398047
2921807,Mortugaba - BA,1645.0,665091.0,1488,979231.0,11143.0,11469.0,3841.0,14.76263124831733,42.82738870085915,12.97410410672247,38.73991148138506,59.68688862963295
2921906,Mucugê - BA,1999.0,817178.0,2086,1431841.0,12137.0,12768.0,4226.0,16.470297437587543,47.30241362991008,16.337719298245613,49.361097964978704,67.32948834143528
2922003,Mucuri - BA,4710.0,1909624.0,3375,2231100.0,37977.0,40213.0,13376.0,12.402243463148748,35.21232057416268,8.392808295824734,25.231758373205743,50.28369802775364
2922052,Mulungu do Morro - BA,3253.0,1325245.0,3171,2158350.0,13152.0,13660.0,4502.0,24.73388077858881,72.25677476677032,23.213762811127378,70.43536206130608,100.76376216545012
2922102,Mundo Novo - BA,5899.0,2425878.0,5236,3415148.0,17305.0,16997.0,6437.0,34.08841375325051,91.64206928693491,30.80543625345649,81.3422401739941,140.183646344987
2922201,Muniz Ferreira - BA,1567.0,630042.0,1599,1035342.0,7190.0,7462.0,2771.0,21.79415855354659,56.54998195597258,21.428571428571427,57.704799711295564,87.62753824756606
2922250,Muquém do São Francisco - BA,2590.0,1235432.0,2644,1855109.0,10443.0,10810.0,3368.0,24.80130230776597,76.90023752969121,24.458834412580945,78.50356294536817,118.3024035238916
2922300,Muritiba - BA,6985.0,2869139.0,5770,3793445.0,28707.0,30210.0,9991.0,24.33204444908907,69.91292162946652,19.099635882158225,57.75197677910119,99.9456230187759
2922409,Mutuípe - BA,3623.0,1474672.0,3798,2508972.0,20037.0,20569.0,7460.0,18.081549134101913,48.5656836461126,18.464679858038796,50.911528150134046,73.59744472725458
2922508,Nazaré - BA,4255.0,1759393.0,4796,3131728.0,27060.0,28450.0,9972.0,15.724316334072432,42.669474528680304,16.857644991212652,48.09466506217409,65.01821877309682
2922607,Nilo Peçanha - BA,2418.0,985737.0,2684,1843439.0,12063.0,12381.0,4292.0,20.044764983834867,56.33737185461323,21.678378160083998,62.53494874184529,81.71574235264859
2922656,Nordestina - BA,3004.0,1253688.0,2953,1959731.0,18523.0,19903.0,5719.0,16.21767532257194,52.526665500961705,14.836959252374013,51.63490120650464,67.6827727689899
2922706,Nova Canaã - BA,3697.0,1499755.0,3032,1973670.0,13715.0,13910.0,4995.0,26.955887714181554,74.01401401401401,21.79726815240834,60.7007007007007,109.35144002916515
2922730,Nova Fátima - BA,1870.0,759503.0,1833,1225252.0,7967.0,8301.0,3052.0,23.471821262708673,61.27129750982962,22.08167690639682,60.05897771952818,95.33111585289319
2922755,Nova Ibiá - BA,1389.0,564224.0,1126,739879.0,6501.0,6691.0,2401.0,21.365943700969083,57.850895460224905,16.828575698699748,46.89712619741774,86.79033994770036
2922805,Nova Itarana - BA,2080.0,845132.0,2128,1446751.0,7780.0,8085.0,2660.0,26.73521850899743,78.19548872180451,26.32034632034632,80.0,108.62879177377891
2922854,Nova Redenção - BA,1852.0,773081.0,1783,1197792.0,7538.0,7634.0,2646.0,24.568851154152295,69.99244142101286,23.35603877390621,67.38473167044596,102.55784027593526
2922904,Nova Soure - BA,5686.0,2392302.0,5356,3595141.0,24236.0,24828.0,8691.0,23.46096715629642,65.42400184098493,21.57241823747382,61.626970429179615,98.70861528305001
2923001,Nova Viçosa - BA,6325.0,2664246.0,5461,3729583.0,39509.0,41699.0,13677.0,16.009010605178567,46.24552167873072,13.096237319839805,39.92834685969145,67.43390113644992
2923035,Novo Horizonte - BA,2834.0,1142290.0,2419,1584011.0,11162.0,11605.0,3796.0,25.389715104819924,74.65753424657534,20.84446359327876,63.72497365648051,102.33739473212685
2923050,Novo Triunfo - BA,2096.0,869477.0,1947,1305260.0,10660.0,10935.0,3262.0,19.662288930581614,64.25505824647456,17.805212620027437,59.68730839975475,81.56444652908067
2923100,Olindina - BA,5972.0,2454212.0,5121,3422103.0,22633.0,22838.0,8327.0,26.386250165687272,71.7185060646091,22.423154391803134,61.49873904167167,108.435116864755
2923209,Oliveira dos Brejinhos - BA,3995.0,1650029.0,3945,2715847.0,20715.0,21315.0,7530.0,19.28554187786628,53.05444887118194,18.508092892329344,52.39043824701195,79.65382573014723
2923308,Ouriçangas - BA,2427.0,981137.0,1623,1085106.0,7716.0,7912.0,2783.0,31.45412130637636,87.20804886812792,20.51314459049545,58.31836148041682,127.1561689994816
2923357,Ourolândia - BA,4178.0,1690743.0,4045,2760038.0,19243.0,20236.0,6100.0,21.711791300732735,68.49180327868852,19.989128286222574,66.31147540983606,87.86275528763706
2923407,Palmas de Monte Alto - BA,3486.0,1431204.0,3460,2335414.0,20078.0,20656.0,6773.0,17.362287080386494,51.46906835966337,16.750580945003872,51.085191200354345,71.28219942225321
2923506,Palmeiras - BA,2089.0,871952.0,2175,1485282.0,10339.0,10962.0,3592.0,20.205048844182222,58.157015590200444,19.841269841269842,60.551224944320715,84.33620272753652
2923605,Paramirim - BA,3387.0,1362305.0,3449,2283155.0,20351.0,21104.0,6762.0,16.64291680998477,50.088731144631765,16.342873388931007,51.00561963916001,66.9404451869687
2923704,Paratinga - BA,9862.0,4399393.0,8306,5684189.0,29252.0,30689.0,9008.0,33.71393408997675,109.48046181172292,27.065072175698134,92.20692717584369,150.39631478189526
2923803,Paripiranga - BA,5561.0,2273133.0,4917,3291316.0,26604.0,27854.0,9664.0,20.902871748609233,57.54346026490066,17.652760824298127,50.87955298013245,85.44327920613442
2923902,Pau Brasil - BA,3885.0,1566654.0,3649,2366860.0,9370.0,9494.0,3294.0,41.46211312700107,117.94171220400729,38.434800926901204,110.77717061323618,167.19893276414086
2924009,Paulo Afonso - BA,15877.0,6495230.0,16584,11195279.0,112870.0,119686.0,38770.0,14.066625321165944,40.95176683002321,13.856257206356632,42.77534175909208,57.54611499955701
2924058,Pé de Serra - BA,3436.0,1407630.0,3459,2304514.0,13243.0,13678.0,4878.0,25.945782677641017,70.43870438704387,25.288784910074572,70.91020910209102,106.29238088046515
2924108,Pedrão - BA,2009.0,828759.0,1551,1028389.0,6235.0,6392.0,2107.0,32.22133119486768,95.34883720930233,24.264705882352942,73.61177028951116,132.92044907778669
2924207,Pedro Alexandre - BA,4564.0,1862447.0,3942,2666141.0,13954.0,14169.0,4717.0,32.70746739286226,96.75641297434811,27.821300021172984,83.57006571973712,133.47047441593807
2924306,Piatã - BA,2959.0,1229060.0,2739,1896436.0,20086.0,21010.0,6544.0,14.731653888280395,45.21699266503668,13.036649214659686,41.85513447432763,61.18988350094593
2924405,Pilão Arcado - BA,8361.0,3744229.0,8261,5852288.0,35357.0,37493.0,10728.0,23.64736827219504,77.93624161073825,22.033446243298748,77.00410141685309,105.89781372854031
2924504,Pindaí - BA,2687.0,1092648.0,2431,1599450.0,14731.0,15106.0,5018.0,18.240445319394475,53.54722997210044,16.092943201376936,48.44559585492228,74.17337587400719
2924603,Pindobaçu - BA,5095.0,2059588.0,4924,3260061.0,19083.0,19579.0,6759.0,26.69915631714091,75.38097351679242,25.149394759691507,72.85101346353011,107.927893937012
2924652,Pintadas - BA,1654.0,686220.0,1747,1164840.0,10325.0,10651.0,3566.0,16.019370460048425,46.38250140213124,16.40221575438926,48.99046550757151,66.46198547215496
2924678,Piraí do Norte - BA,1543.0,624635.0,1707,1167713.0,10974.0,11527.0,3218.0,14.060506652086751,47.949036668738344,14.808709985252017,53.045369794903664,56.919537087661745
2924702,Piripá - BA,1706.0,693762.0,1502,1002474.0,9152.0,9042.0,3254.0,18.640734265734267,52.42778119237861,16.611369166113693,46.15857406269207,75.80441433566433
2924801,Piritiba - BA,5676.0,2325371.0,4671,3064198.0,17566.0,17569.0,6579.0,32.31242172378458,86.27450980392157,26.586601400193523,70.99863201094391,132.3790845952408
2924900,Planaltino - BA,2088.0,853922.0,1261,832196.0,8022.0,8226.0,2922.0,26.028421839940165,71.45790554414785,15.329443228786774,43.15537303216975,106.44751932186487
2925006,Planalto - BA,4870.0,1977387.0,4386,2960579.0,23334.0,24018.0,8313.0,20.870832261935373,58.58294237940575,18.261304021983513,52.760736196319016,84.7427359218308
2925105,Poções - BA,9243.0,3768914.0,8935,5966005.0,48293.0,50893.0,16865.0,19.139419791688237,54.80581085087459,17.556441946829622,52.979543433145565,78.04265628559004
2925204,Pojuca - BA,5906.0,2411905.0,5198,3391715.0,32136.0,33541.0,11843.0,18.378142892706,49.869120999746684,15.4974508810113,43.89090602043401,75.05305576300722
2925253,Ponto Novo - BA,5499.0,2263110.0,5046,3430435.0,17938.0,18848.0,6302.0,30.655591481770543,87.25801332910187,26.77207130730051,80.06981910504602,126.16289441409299
2925303,Porto Seguro - BA,18875.0,7631605.0,21040,14155175.0,168326.0,184087.0,60234.0,11.213359789931443,31.336122455755884,11.42937850038297,34.93043795862802,45.33824245808729
2925402,Potiraguá - BA,3526.0,1424770.0,2335,1560238.0,10274.0,10659.0,3340.0,34.319641814288495,105.5688622754491,21.906370203583826,69.91017964071857,138.67724352735058
2925501,Prado - BA,4642.0,1910375.0,4303,3109090.0,35003.0,37733.0,11470.0,13.261720423963661,40.47079337401918,11.403810987729573,37.51525719267655,54.57746478873239
2925600,Presidente Dutra - BA,3389.0,1378702.0,3362,2216541.0,15130.0,15702.0,5401.0,22.39920687376074,62.74763932605073,21.411285186600434,62.24773190149972,91.12372769332453
2925709,Presidente Jânio Quadros - BA,2992.0,1235449.0,2322,1541121.0,12621.0,12941.0,4429.0,23.70652087790191,67.55475276586137,17.942971949617494,52.42718446601942,97.88836066872672
2925758,Presidente Tancredo Neves - BA,5639.0,2266848.0,6094,4170215.0,27734.0,29622.0,9570.0,20.33244393163626,58.92371995820272,20.572547430963475,63.67816091954023,81.73534290041104
2925808,Queimadas - BA,6222.0,2559140.0,5867,3883935.0,25988.0,27490.0,9032.0,23.941819301215947,68.88839681133747,21.342306293197527,64.95792736935341,98.4739110358627
2925907,Quijingue - BA,5679.0,2313529.0,5597,3721916.0,25272.0,26431.0,8778.0,22.47150997150997,64.69583048530417,21.175891945064507,63.761676919571656,91.5451487812599
2925931,Quixabeira - BA,2111.0,865357.0,1728,1117745.0,9461.0,9861.0,3610.0,22.312651939541276,58.47645429362881,17.5235777304533,47.86703601108033,91.46570130007399
2925956,Rafael Jambeiro - BA,4635.0,1918956.0,4475,2985794.0,19662.0,20023.0,6644.0,23.57339029600244,69.76219145093317,22.34929830694701,67.35400361228176,97.59719255416539
2926004,Remanso - BA,9000.0,3791580.0,8041,5490046.0,40586.0,42957.0,13337.0,22.1751342827576,67.4814426032841,18.71871871871872,60.29091999700083,93.42088404868674
2926103,Retirolândia - BA,3647.0,1475021.0,3456,2283410.0,13651.0,14199.0,4969.0,26.71599150245403,73.39504930569531,24.33974223536869,69.55121754880257,108.05223060581642
2926202,Riachão das Neves - BA,5701.0,2438506.0,4224,2906410.0,21642.0,22352.0,7168.0,26.342297384714907,79.53404017857143,18.89763779527559,58.92857142857143,112.67470658903983
2926301,Riachão do Jacuípe - BA,6337.0,2542308.0,6184,4042419.0,33386.0,35251.0,12502.0,18.981010004193376,50.68788993760998,17.542764744262573,49.464085746280595,76.14892469897562
2926400,Riacho de Santana - BA,5490.0,2252115.0,5052,3420882.0,30711.0,32032.0,10101.0,17.876330956334865,54.35105435105435,15.771728271728271,50.01485001485001,73.33251929276155
2926509,Ribeira do Amparo - BA,3635.0,1513048.0,3022,2057437.0,13841.0,14529.0,4811.0,26.262553283722273,75.55601745998753,20.79977975084314,62.81438370401164,109.31637887435879
2926608,Ribeira do Pombal - BA,7889.0,3188055.0,8460,5653450.0,54010.0,56449.0,19303.0,14.606554341788557,40.869294928249495,14.986979397332105,43.827384344402425,59.027124606554345
2926657,Ribeirão do Largo - BA,1564.0,674901.0,1795,1216779.0,9740.0,10021.0,3308.0,16.057494866529773,47.27932285368803,17.91238399361341,54.26239419588875,69.29168377823409
2926707,Rio de Contas - BA,2039.0,822206.0,1997,1312602.0,13184.0,13641.0,4556.0,15.465716019417476,44.754170324846356,14.639689172348069,43.832309043020196,62.36392597087379
2926806,Rio do Antônio - BA,2699.0,1094461.0,2503,1653543.0,13146.0,13469.0,4604.0,20.530959987828997,58.622936576889664,18.583413764941717,54.36576889661164,83.2542978852883
2926905,Rio do Pires - BA,1286.0,516920.0,1222,785801.0,10497.0,10764.0,3503.0,12.251119367438315,36.711390236939764,11.352657004830919,34.88438481301741,49.24454606077927
2927002,Rio Real - BA,7821.0,3171190.0,6484,4396368.0,35362.0,36938.0,12639.0,22.116961710310502,61.8798955613577,17.55373869727652,51.30152701954268,89.67790283355014
2927101,Rodelas - BA,2957.0,1281980.0,3875,2621540.0,10308.0,10959.0,3199.0,28.686457120682963,92.43513597999375,35.359065608175925,121.13160362613317,124.36748156771439
2927200,Ruy Barbosa - BA,6475.0,2634311.0,5821,3823703.0,28282.0,29575.0,10131.0,22.894420479456898,63.91274306583753,19.6821639898563,57.4573092488402,93.14443815854607
2927309,Salinas da Margarida - BA,3006.0,1263157.0,4716,3107438.0,14987.0,15685.0,5330.0,20.05738306532328,56.39774859287054,30.066942939113805,88.48030018761726,84.28351237739375
2927408,Salvador - BA,276845.0,112024563.0,291583,188594432.0,2417678.0,2559945.0,958575.0,11.450863183600132,28.880890905771587,11.39020564894949,30.418381451633937,46.33560093610481
2927507,Santa Bárbara - BA,5897.0,2422132.0,5389,3576645.0,20952.0,21845.0,7281.0,28.14528445971745,80.99162202994094,24.669260700389106,74.01455843977476,115.60385643375334
2927606,Santa Brígida - BA,2995.0,1246746.0,2834,1963394.0,14965.0,15411.0,5246.0,20.013364517206817,57.09111704155547,18.389462072545584,54.0221120853984,83.31079184764451
2927705,Santa Cruz Cabrália - BA,5204.0,2115028.0,5132,3520597.0,29185.0,31148.0,10434.0,17.83107760836046,49.875407322215835,16.476178245794273,49.185355568334295,72.4696933356176
2927804,Santa Cruz da Vitória - BA,1451.0,585219.0,1114,738607.0,4681.0,4612.0,1692.0,30.99765007477035,85.75650118203309,24.154379878577625,65.83924349881796,125.0200811792352
2927903,Santa Inês - BA,2615.0,1062918.0,2096,1394786.0,10300.0,10621.0,3601.0,25.388349514563107,72.61871702304916,19.73448827793993,58.20605387392391,103.19592233009709
2928000,Santaluz - BA,9005.0,3641376.0,8336,5524967.0,37834.0,40196.0,13465.0,23.801342707617486,66.8770887486075,20.738381928550105,61.908652060898625,96.24612782153618
2928059,Santa Luzia - BA,2801.0,1154286.0,2088,1444561.0,13896.0,14405.0,4743.0,20.156879677605065,59.05545013704406,14.494967025338424,44.022770398481974,83.0660621761658
2928109,Santa Maria da Vitória - BA,10043.0,4088593.0,6633,4457199.0,38604.0,40486.0,13252.0,26.01543881463061,75.78478720193178,16.383441189547003,50.05282221551464,105.91112319966842
2928208,Santana - BA,4178.0,1685611.0,3680,2565808.0,24755.0,25531.0,8397.0,16.877398505352453,49.75586518994879,14.413849829618895,43.825175657973084,68.09173904261765
2928307,Santanópolis - BA,2304.0,955034.0,2165,1447165.0,8716.0,9046.0,3033.0,26.43414410279945,75.96439169139465,23.93323015697546,71.38147049126277,109.57251032583754
2928406,Santa Rita de Cássia - BA,8421.0,3525415.0,6728,4599783.0,27390.0,28932.0,9133.0,30.744797371303395,92.20409503996497,23.254527858426655,73.66692215044344,128.71175611537058
2928505,Santa Terezinha - BA,1823.0,739299.0,1809,1214736.0,10441.0,10914.0,4013.0,17.46001340867733,45.42736107650137,16.575041231445848,45.07849489160229,70.80729815151805
2928604,Santo Amaro - BA,14757.0,6254010.0,13520,8825992.0,56012.0,58384.0,20671.0,26.346140112832963,71.38986986599583,23.15702932310222,65.4056407527454,111.65482396629294
2928703,Santo Antônio de Jesus - BA,15796.0,6360666.0,12793,8199805.0,103055.0,110268.0,38249.0,15.327737615836204,41.29781170749562,11.601733957267747,33.44662605558315,61.72108097617777
2928802,Santo Estêvão - BA,7984.0,3292814.0,8164,5520277.0,52276.0,55333.0,17409.0,15.272782921417093,45.861336090527885,14.754305748829813,46.89528404848067,62.98901981788966
2928901,São Desidério - BA,7093.0,2930958.0,5011,3528081.0,32828.0,35161.0,10440.0,21.606555379554038,67.94061302681992,14.251585563550524,47.99808429118774,89.28225904715487
2928950,São Domingos - BA,2393.0,962188.0,1984,1296397.0,8426.0,8687.0,3321.0,28.40018988844054,72.05660945498344,22.838724530908255,59.74104185486299,114.1927367671493
2929008,São Félix - BA,2538.0,1035539.0,1980,1274296.0,11026.0,11014.0,3930.0,23.018320333756574,64.58015267175573,17.977120029053932,50.38167938931298,93.91792127698167
2929057,São Félix do Coribe - BA,3169.0,1298381.0,2511,1702662.0,15194.0,15816.0,5271.0,20.856917204159537,60.121419085562515,15.876327769347496,47.63801935116676,85.45353428985126
2929107,São Felipe - BA,4275.0,1723934.0,4593,3005866.0,20283.0,20927.0,7340.0,21.07676379233841,58.2425068119891,21.947723037224637,62.57493188010899,84.99403441305527
2929206,São Francisco do Conde - BA,8103.0,3394781.0,7942,5297686.0,38733.0,41272.0,14008.0,20.92014561226861,57.845516847515704,19.243070362473347,56.6961736150771,87.6457026308316
2929255,São Gabriel - BA,3557.0,1436191.0,3624,2404035.0,18600.0,19246.0,6409.0,19.123655913978496,55.500078015290995,18.82988672971007,56.545482914651274,77.21456989247312
2929305,São Gonçalo dos Campos - BA,4446.0,1796996.0,4566,3032163.0,39513.0,42409.0,13404.0,11.251993014957103,33.16920322291853,10.766582565021576,34.064458370635634,45.47860197909549
2929354,São José da Vitória - BA,2159.0,902104.0,1557,1032104.0,5315.0,5415.0,2061.0,40.620884289746,104.75497331392528,28.753462603878116,75.54585152838428,169.72793979303856
2929370,São José do Jacuípe - BA,2059.0,843807.0,1887,1264881.0,10187.0,10594.0,3816.0,20.21203494650044,53.957023060796644,17.811969039078726,49.4496855345912,82.83174634337881
2929404,São Miguel das Matas - BA,1764.0,715339.0,1920,1289990.0,10334.0,10625.0,3816.0,17.069866460228372,46.22641509433962,18.070588235294117,50.314465408805034,69.22188891039288
2929503,São Sebastião do Passé - BA,6381.0,2583945.0,5437,3544921.0,40958.0,42951.0,15128.0,15.579373992870746,42.180063458487574,12.658610975297432,35.939978847170806,63.08767517945212
2929602,Sapeaçu - BA,3991.0,1622634.0,3833,2505611.0,17963.0,18699.0,6357.0,22.21789233424261,62.78118609406953,20.498422375528104,60.29573698285355,90.33201581027669
2929701,Sátiro Dias - BA,3367.0,1398252.0,3223,2205761.0,16008.0,16468.0,5669.0,21.033233383308346,59.39319103898395,19.57128977410736,56.853060504498146,87.34707646176912
2929750,Saubara - BA,2867.0,1278473.0,3168,2084224.0,11438.0,11875.0,4431.0,25.065570904004197,64.70322726246897,26.677894736842106,71.49627623561273,111.77417380660955
2929800,Saúde - BA,3261.0,1334256.0,2931,1937331.0,10478.0,10612.0,3957.0,31.122351593815612,82.4109173616376,27.6196758386732,74.07126611068992,127.33880511548006
2929909,Seabra - BA,8750.0,3565647.0,8022,5340119.0,46160.0,48894.0,15891.0,18.95580589254766,55.062614058271976,16.406921094612837,50.48140456862375,77.2453856152513
2930006,Sebastião Laranjeiras - BA,1982.0,801487.0,1485,999525.0,9360.0,9556.0,3183.0,21.175213675213676,62.26830034558593,15.539974884889075,46.65409990574929,85.62895299145299
2930105,Senhor do Bonfim - BA,12410.0,4996969.0,13628,9064458.0,74523.0,78193.0,26895.0,16.65257705674758,46.14240565160811,17.42867008555753,50.67112846253951,67.05270855977349
2930154,Serra do Ramalho - BA,5663.0,2439576.0,5782,4088468.0,34222.0,36517.0,11309.0,16.547834726199522,50.075161375895306,15.833721280499493,51.12742063842957,71.28677458944539
2930204,Sento Sé - BA,9305.0,4885213.0,8948,6174895.0,38154.0,40310.0,11702.0,24.38800649997379,79.51632199623995,22.19796576531878,76.46556144248846,128.03934056717515
2930303,Serra Dourada - BA,3029.0,1227483.0,2592,1793905.0,17066.0,17558.0,5898.0,17.748740185163484,51.35639199728722,14.762501423852376,43.9471007121058,71.92564162662605
2930402,Serra Preta - BA,3380.0,1394210.0,2886,1941901.0,17996.0,18818.0,5831.0,18.78195154478773,57.96604356028126,15.336380061643109,49.494083347624766,77.47332740609025
2930501,Serrinha - BA,18849.0,7626162.0,16781,11130549.0,80435.0,84928.0,28893.0,23.433828557220117,65.23725469836985,19.759090052750565,58.079811719101514,94.81148753652018
2930600,Serrolândia - BA,2594.0,1054948.0,2511,1692794.0,13335.0,13893.0,5200.0,19.452568428946382,49.88461538461539,18.073850140358452,48.28846153846154,79.11121109861267
2930709,Simões Filho - BA,25411.0,10247474.0,19508,12975954.0,114559.0,120429.0,42150.0,22.181583288960272,60.2870699881376,16.198756113560687,46.28232502965599,89.45149660873436
2930758,Sítio do Mato - BA,3096.0,1577999.0,3043,2214686.0,13408.0,14030.0,4006.0,23.09069212410501,77.28407388916625,21.689237348538846,75.96105841238143,117.6908562052506
2930766,Sítio do Quinto - BA,3006.0,1231596.0,2834,1856362.0,14773.0,14504.0,5121.0,20.347932038177756,58.699472759226715,19.539437396580254,55.340753759031436,83.36803628240709
2930774,Sobradinho - BA,3876.0,1613600.0,4032,2755136.0,25475.0,27222.0,8348.0,15.214916584887144,46.4302827024437,14.811549482036588,48.29899377096311,63.3405299313052
2930808,Souto Soares - BA,3663.0,1508394.0,3275,2217126.0,17054.0,17777.0,5711.0,21.478831945584613,64.13938014358256,18.42268099229341,57.34547364734723,88.44810601618389
2930907,Tabocas do Brejo Velho - BA,1927.0,780726.0,1757,1218055.0,11979.0,12367.0,3919.0,16.086484681526002,49.17070681296249,14.207164227379316,44.83286552692013,65.17455547207614
2931004,Tanhaçu - BA,4029.0,1616169.0,3933,2570667.0,21006.0,21828.0,7310.0,19.18023421879463,55.116279069767444,18.018141836173722,53.80300957592339,76.93844615824051
2931053,Tanque Novo - BA,2643.0,1071665.0,3048,2084253.0,17158.0,17815.0,5500.0,15.40389322764891,48.054545454545455,17.10917765927589,55.41818181818182,62.458619885767575
2931103,Tanquinho - BA,1986.0,807866.0,1636,1068302.0,7717.0,7998.0,2595.0,25.735389400025916,76.53179190751445,20.455113778444613,63.04431599229287,104.68653621873786
2931202,Taperoá - BA,3880.0,1588642.0,3950,2664058.0,18044.0,18542.0,6308.0,21.50299268454888,61.509194673430564,21.302987811455075,62.618896639188335,88.04267346486367
2931301,Tapiramutá - BA,2991.0,1251603.0,3153,2142892.0,15818.0,16200.0,5106.0,18.908838032621066,58.57814336075206,19.462962962962962,61.750881316098706,79.12523707169048
2931350,Teixeira de Freitas - BA,13481.0,5441263.0,12849,8625605.0,145216.0,154114.0,52472.0,9.283412296165713,25.691797530111298,8.337334700286801,24.487345631956092,37.47013414499779
2931400,Teodoro Sampaio - BA,2478.0,996354.0,1883,1207855.0,7110.0,7261.0,2608.0,34.85232067510549,95.01533742331289,25.933067070651425,72.20092024539878,140.13417721518988
2931509,Teofilândia - BA,3434.0,1403303.0,3569,2419776.0,21176.0,21824.0,7371.0,16.216471477143937,46.587979921313256,16.353555718475075,48.41948175281509,66.2685587457499
2931608,Teolândia - BA,3389.0,1375208.0,2754,1882395.0,15332.0,15809.0,4735.0,22.104096008348552,71.57338965153114,17.420456701878678,58.16261879619852,89.69527785024785
2931707,Terra Nova - BA,4520.0,1840174.0,3519,2278994.0,10798.0,10923.0,3790.0,41.859603630301905,119.26121372031662,32.21642405932436,92.84960422163589,170.41804037784775
2931806,Tremedal - BA,3425.0,1431672.0,3273,2182611.0,16296.0,16604.0,5882.0,21.01742758959254,58.228493709622576,19.712117562033246,55.64433866031962,87.8541973490427
2931905,Tucano - BA,14927.0,6184110.0,13667,9054974.0,48736.0,51067.0,17387.0,30.62828299409061,85.85149824581583,26.762880137858108,78.60470466440444,126.88997866053842
2932002,Uauá - BA,7362.0,2991850.0,6418,4255458.0,24665.0,25457.0,8736.0,29.847962700182446,84.27197802197803,25.211140354322975,73.46611721611721,121.2994121224407
2932101,Ubaíra - BA,3870.0,1580323.0,3839,2553083.0,18626.0,19118.0,6851.0,20.77740792440674,56.4881039264341,20.080552359033373,56.03561523865129,84.84500161065178
2932200,Ubaitaba - BA,3475.0,1405455.0,3520,2353925.0,17596.0,17797.0,6493.0,19.748806546942486,53.519174495610656,19.778614373208967,54.212228553827195,79.87355080700159
2932309,Ubatã - BA,3095.0,1255565.0,2748,1871510.0,16094.0,15605.0,5862.0,19.23076923076923,52.79767997270556,17.609740467798783,46.87819856704196,78.01447744501057
2932408,Uibaí - BA,3119.0,1302225.0,2929,1947275.0,13432.0,13891.0,4874.0,23.22066706372841,63.99261386951169,21.085594989561585,60.094378334017236,96.94944907683144
2932457,Umburanas - BA,3502.0,1424070.0,3191,2164466.0,13642.0,13692.0,4485.0,25.67072276792259,78.082497212932,23.305579900671926,71.14827201783723,104.38865269022138
2932507,Una - BA,3949.0,1617736.0,3056,2053424.0,18131.0,18117.0,6938.0,21.780376151343003,56.91842029403286,16.868134900921785,44.04727587200922,89.22486349346423
2932606,Urandi - BA,3202.0,1292209.0,3088,2027932.0,15355.0,15759.0,5135.0,20.85314229892543,62.356377799415775,19.595151976648264,60.1363193768257,84.15558450016282
2932705,Uruçuca - BA,5294.0,2161829.0,5017,3429411.0,21420.0,22178.0,7856.0,24.715219421101775,67.38798370672097,22.621516818468752,63.86201629327902,100.92572362278244
2932804,Utinga - BA,3396.0,1375807.0,3931,2664592.0,16277.0,16603.0,5926.0,20.86379553971862,57.306783665204186,23.676444016141662,66.33479581505232,84.52460527124163
2932903,Valença - BA,12445.0,5170656.0,13941,9221040.0,85655.0,90075.0,32290.0,14.52921604109509,38.54134406937132,15.477102414654455,43.17435738618767,60.36607320063044
2933000,Valente - BA,5257.0,2110551.0,4866,3175797.0,24362.0,25138.0,9062.0,21.57868812084394,58.01147649525491,19.357148540058876,53.69675568307217,86.63291191199409
2933059,Várzea da Roça - BA,3786.0,1539426.0,3102,1995436.0,13800.0,14308.0,5031.0,27.434782608695652,75.25342874180083,21.68017892088342,61.6577221228384,111.55260869565217
2933109,Várzea do Poço - BA,1707.0,696121.0,1791,1182424.0,8101.0,8325.0,3220.0,21.07147265769658,53.01242236024845,21.513513513513512,55.62111801242236,85.93025552400938
2933158,Várzea Nova - BA,3476.0,1403096.0,3378,2264231.0,13377.0,13883.0,4860.0,25.98489945428721,71.52263374485597,24.331916732694662,69.50617283950618,104.88868954175076
2933174,Varzedo - BA,2134.0,856276.0,1944,1293999.0,9913.0,10357.0,3622.0,21.527287400383337,58.91772501380453,18.769914067780245,53.672004417448925,86.37909815393927
2933208,Vera Cruz - BA,10174.0,4162253.0,11355,7490657.0,42529.0,45386.0,16549.0,23.922499941216582,61.478034926581664,25.018728242189223,68.61441778959454,97.86858378988455
2933257,Vereda - BA,1149.0,464529.0,1016,691585.0,6003.0,6076.0,2253.0,19.140429785107447,50.99866844207723,16.721527320605663,45.09542831779849,77.38280859570214
2933307,Vitória da Conquista - BA,48844.0,19804675.0,43368,29035162.0,370879.0,398970.0,129081.0,13.169793922006908,37.83980601327848,10.869990224828934,33.59750854114858,53.39928925606465
2933406,Wagner - BA,1396.0,578713.0,1500,1021012.0,9503.0,9883.0,3280.0,14.690097863832474,42.5609756097561,15.177577658605687,45.73170731707317,60.89792697043039
2933455,Wanderley - BA,2280.0,938548.0,1949,1376101.0,12968.0,13481.0,4251.0,17.581739666872302,53.63443895553987,14.45738446702767,45.84803575629264,72.37415175817397
2933505,Wenceslau Guimarães - BA,4916.0,2090736.0,4695,3244102.0,24474.0,25835.0,8317.0,20.08662253820381,59.1078513887219,18.173021095413198,56.45064326079115,85.42682029909291
2933604,Xique-Xique - BA,13029.0,6567381.0,11630,8063739.0,44757.0,47056.0,13521.0,29.11053019639386,96.36121588639894,24.715232913974837,86.01434805117965,146.73416448823647
3100104,Abadia dos Dourados - MG,371.0,148600.0,388,263948.0,6272.0,6326.0,2579.0,5.915178571428571,14.385420705699884,6.133417641479608,15.044590926715781,23.692602040816325
3100203,Abaeté - MG,1232.0,503649.0,1607,1080362.0,22675.0,23185.0,9026.0,5.43329658213892,13.649457123864392,6.931205520810869,17.8041214269887,22.2116427783903
3100302,Abre Campo - MG,1240.0,501746.0,1217,838700.0,13927.0,14395.0,4896.0,8.903568607740361,25.326797385620914,8.454324418200764,24.85702614379085,36.02685431176851
3100401,Acaiaca - MG,433.0,175729.0,387,261097.0,3909.0,4000.0,1507.0,11.07700179073932,28.732581287325814,9.675,25.68015925680159,44.954975697109234
3100500,Açucena - MG,1096.0,444913.0,964,639145.0,8943.0,8862.0,3285.0,12.255395281225539,33.36377473363775,10.877905664635522,29.345509893455098,49.74986022587498
3100609,Água Boa - MG,2377.0,975002.0,1731,1179581.0,12589.0,12245.0,4467.0,18.88156326952101,53.212446832325945,14.136382196815026,38.75083948959033,77.44872507744857
3100708,Água Comprida - MG,191.0,77136.0,188,130338.0,2108.0,2176.0,822.0,9.060721062618596,23.2360097323601,8.639705882352942,22.871046228710462,36.59203036053131
3100807,Aguanil - MG,335.0,138110.0,358,244214.0,4357.0,4527.0,1622.0,7.688776681202662,20.65351418002466,7.908106914071129,22.071516646115906,31.698416341519394
3100906,Águas Formosas - MG,3838.0,1579159.0,3207,2188757.0,18448.0,18859.0,6600.0,20.804423243712055,58.15151515151515,17.005143432843735,48.59090909090909,85.60055290546401
3101003,Águas Vermelhas - MG,2921.0,1253010.0,2808,1916460.0,14037.0,14643.0,4185.0,20.809289734273705,69.79689366786141,19.17639827904118,67.09677419354838,89.2648001709767
3101102,Aimorés - MG,2682.0,1091326.0,2409,1616585.0,25269.0,26257.0,9535.0,10.613795559776802,28.1279496591505,9.174696271470465,25.264813843733613,43.18833353120424
3101201,Aiuruoca - MG,298.0,119374.0,176,107259.0,6233.0,6397.0,2481.0,4.781004331782448,12.011285771866183,2.751289667031421,7.09391374445788,19.151933258463018
3101300,Alagoa - MG,323.0,130465.0,313,207474.0,2749.0,2823.0,1024.0,11.749727173517643,31.54296875,11.087495572086432,30.56640625,47.45907602764642
3101409,Albertina - MG,171.0,69762.0,245,167366.0,2952.0,3031.0,1035.0,5.7926829268292686,16.52173913043478,8.083140877598153,23.67149758454106,23.632113821138212
3101508,Além Paraíba - MG,3298.0,1349083.0,2671,1821850.0,30717.0,30994.0,11692.0,10.736725591691897,28.20732124529593,8.617796992966381,22.844680123161137,43.919751277794056
3101607,Alfenas - MG,4907.0,1984116.0,5493,3721722.0,78970.0,82637.0,29127.0,6.213752057743447,16.846911800048066,6.647143531347943,18.85879081264806,25.12493351905787
3101631,Alfredo Vasconcelos - MG,463.0,187046.0,400,232770.0,6931.0,7285.0,2464.0,6.680132736978791,18.790584415584416,5.490734385724091,16.233766233766232,26.98687058144568
3101706,Almenara - MG,6623.0,2714565.0,5388,3610656.0,40364.0,42137.0,14479.0,16.408185511842234,45.74210926168934,12.786861902840734,37.21251467642793,67.25213061143593
3101805,Alpercata - MG,1078.0,440854.0,894,601070.0,6903.0,7009.0,2755.0,15.616398667246125,39.12885662431942,12.755029248109574,32.45009074410164,63.86411705055773
3101904,Alpinópolis - MG,912.0,366346.0,702,480535.0,18300.0,18673.0,6594.0,4.983606557377049,13.830755232029118,3.7594387618486587,10.646041856232939,20.018907103825136
3102001,Alterosa - MG,1090.0,446572.0,1139,764813.0,13915.0,14291.0,5280.0,7.833273445921667,20.643939393939394,7.970051081099993,21.571969696969695,32.09284944304707
3102050,Alto Caparaó - MG,708.0,285269.0,674,455872.0,5795.0,6043.0,2176.0,12.217428817946505,32.536764705882355,11.153400628826741,30.97426470588235,49.2267471958585
3102100,Alto Rio Doce - MG,1547.0,622986.0,1190,784015.0,10891.0,10871.0,3990.0,14.20438894500046,38.771929824561404,10.946555054732775,29.82456140350877,57.20190983380773
3102209,Alvarenga - MG,686.0,278268.0,581,379531.0,3975.0,3961.0,1542.0,17.257861635220127,44.487678339818416,14.66801312799798,37.67833981841764,70.0045283018868
3102308,Alvinópolis - MG,1457.0,590828.0,1345,890588.0,15059.0,15355.0,5592.0,9.67527724284481,26.055078683834047,8.759361771409964,24.05221745350501,39.23421209907696
3102407,Alvorada de Minas - MG,689.0,284006.0,728,503448.0,4159.0,4393.0,1366.0,16.566482327482568,50.43923865300147,16.571818802640564,53.29428989751098,68.28708824236595
3102506,Amparo do Serra - MG,895.0,366610.0,643,425015.0,4541.0,4554.0,1574.0,19.70931512882625,56.861499364675986,14.11945542380325,40.85133418043202,80.73331865227924
3102605,Andradas - MG,1430.0,576450.0,1191,757403.0,40553.0,42708.0,15157.0,3.526249599289818,9.434584680345715,2.788704692329306,7.857755492511711,14.214731339235074
3102704,Cachoeira de Pajeú - MG,2201.0,902152.0,1627,1080209.0,9110.0,9360.0,2928.0,24.1602634467618,75.1707650273224,17.382478632478634,55.56693989071038,99.02875960482986
3102803,Andrelândia - MG,1765.0,712285.0,1093,715686.0,11927.0,12157.0,4523.0,14.798356669740924,39.022772496130884,8.990704943653862,24.165376962193235,59.72038232581538
3102852,Angelândia - MG,1154.0,484120.0,1003,689397.0,7718.0,7839.0,2607.0,14.952060119201866,44.265439202148066,12.79499936216354,38.47334100498657,62.726094843223635
3102902,Antônio Carlos - MG,1057.0,430657.0,936,624818.0,11095.0,11356.0,4073.0,9.526813880126182,25.951387183893935,8.242338851708348,22.980603977412226,38.81541234790446
3103009,Antônio Dias - MG,900.0,365475.0,636,413701.0,9219.0,9362.0,3210.0,9.7624471200781,28.037383177570092,6.793420209356975,19.813084112149532,39.64367068011715
3103108,Antônio Prado de Minas - MG,148.0,59734.0,122,79807.0,1538.0,1545.0,599.0,9.622886866059819,24.707846410684475,7.8964401294498385,20.36727879799666,38.838751625487646
3103207,Araçaí - MG,217.0,89686.0,152,98927.0,2181.0,2220.0,826.0,9.94956441999083,26.271186440677965,6.846846846846847,18.401937046004843,41.12150389729482
3103306,Aracitaba - MG,172.0,68865.0,159,107962.0,2049.0,2096.0,854.0,8.39433870180576,20.140515222482435,7.58587786259542,18.618266978922716,33.6090775988287
3103405,Araçuaí - MG,4214.0,1704721.0,3281,2127695.0,34297.0,35124.0,12188.0,12.286788931976558,34.574991795208405,9.341191208290628,26.919921234000658,49.70466804676794
3103504,Araguari - MG,6283.0,2552599.0,6342,4300576.0,117808.0,123959.0,44069.0,5.3332541083797365,14.257187592184982,5.116207778378334,14.391068551589553,21.66745042781475
3103603,Arantina - MG,352.0,142380.0,394,262492.0,2915.0,3004.0,1112.0,12.075471698113208,31.654676258992804,13.115845539280958,35.431654676258994,48.843910806174954
3103702,Araponga - MG,574.0,229892.0,668,474553.0,8048.0,8217.0,2862.0,7.13220675944334,20.05590496156534,8.129487647559937,23.340321453529,28.56510934393638
3103751,Araporã - MG,359.0,144282.0,467,320724.0,8479.0,9196.0,2878.0,4.2339898572944925,12.47394023627519,5.078294910830796,16.226546212647673,17.016393442622952
3103801,Arapuá - MG,129.0,52403.0,99,66310.0,2631.0,2662.0,1045.0,4.903078677309008,12.344497607655502,3.71900826446281,9.473684210526315,19.917521854808058
3103900,Araújos - MG,287.0,118192.0,441,304376.0,9199.0,9708.0,3354.0,3.119904337427981,8.556946929039952,4.542645241038319,13.148479427549194,12.848353081856724
3104007,Araxá - MG,6724.0,2754053.0,5108,3470128.0,111691.0,119834.0,40329.0,6.020180677046494,16.67286567978378,4.26256321244388,12.665823600882739,24.65778800440501
3104106,Arceburgo - MG,299.0,124198.0,316,206492.0,9177.0,9323.0,3368.0,3.2581453634085213,8.877672209026128,3.389466909792985,9.382422802850357,13.533616650321456
3104205,Arcos - MG,2296.0,933076.0,2328,1576488.0,41416.0,43941.0,15057.0,5.543751207262893,15.248721524872153,5.298013245033113,15.46124726041044,22.529360633571567
3104304,Areado - MG,703.0,285225.0,881,582862.0,13881.0,14245.0,5102.0,5.064476622721706,13.77891023128185,6.184626184626184,17.267738141905134,20.547871190836396
3104403,Argirita - MG,273.0,110382.0,228,154318.0,2688.0,2706.0,1012.0,10.15625,26.976284584980238,8.425720620842572,22.529644268774703,41.064732142857146
3104452,Aricanduva - MG,774.0,311409.0,738,506918.0,4719.0,4820.0,1676.0,16.401780038143674,46.18138424821002,15.311203319502075,44.03341288782816,65.99046408137318
3104502,Arinos - MG,3001.0,1240819.0,2118,1438173.0,17272.0,17574.0,6166.0,17.374942102825383,48.670126500162176,12.05189484465688,34.349659422640286,71.83991431218156
3104601,Astolfo Dutra - MG,602.0,243654.0,645,445414.0,14138.0,14697.0,5177.0,4.258028009619466,11.628356190844118,4.38865074505001,12.458953061618699,17.23397934644221
3104700,Ataléia - MG,2080.0,840454.0,1594,1059572.0,13736.0,13907.0,4948.0,15.142690739662202,42.037186742118024,11.461853742719494,32.21503637833468,61.18622597553873
3104809,Augusto de Lima - MG,542.0,220108.0,480,324904.0,4538.0,4553.0,1707.0,11.943587483472896,31.75161101347393,10.542499450911487,28.1195079086116,48.50330542089026
3104908,Baependi - MG,1605.0,651299.0,1258,805866.0,18366.0,18796.0,6787.0,8.738974191440706,23.648150876676,6.692913385826771,18.535435391189036,35.46221278449308
3105004,Baldim - MG,904.0,365948.0,856,529075.0,7492.0,7577.0,2935.0,12.06620395088094,30.80068143100511,11.29734723505345,29.165247018739354,48.84516817939135
3105103,Bambuí - MG,1061.0,430287.0,1106,742078.0,23546.0,24258.0,9593.0,4.506073218381041,11.060148024601272,4.559320636491054,11.52924007088502,18.27431410855347
3105202,Bandeira - MG,492.0,198683.0,348,220418.0,4741.0,4800.0,1754.0,10.377557477325459,28.050171037628278,7.25,19.84036488027366,41.90740350137102
3105301,Bandeira do Sul - MG,293.0,118942.0,175,104141.0,5943.0,6218.0,2232.0,4.9301699478377925,13.127240143369175,2.814409778063686,7.840501792114695,20.01379774524651
3105400,Barão de Cocais - MG,1510.0,612070.0,1423,985329.0,30778.0,32424.0,10617.0,4.906101760998116,14.222473391730244,4.388724401677769,13.403032871809362,19.88660731691468
3105509,Barão do Monte Alto - MG,702.0,284964.0,536,353962.0,4964.0,4915.0,1896.0,14.141821112006447,37.0253164556962,10.905391658189217,28.270042194092827,57.406124093473004
3105608,Barbacena - MG,7932.0,3210895.0,7234,4758009.0,125317.0,129757.0,46664.0,6.329548265598443,16.998114177953028,5.575036414220428,15.50231441796674,25.62218214607755
3105707,Barra Longa - MG,808.0,330880.0,565,377361.0,5666.0,5696.0,2017.0,14.260501235439463,40.059494298463065,9.919241573033707,28.011898859692614,58.3974585245323
3105905,Barroso - MG,2323.0,947071.0,1998,1316076.0,20080.0,20640.0,7290.0,11.568725099601593,31.865569272976682,9.680232558139535,27.40740740740741,47.16489043824701
3106002,Bela Vista de Minas - MG,727.0,296205.0,739,486631.0,10167.0,10442.0,3595.0,7.150585226713878,20.222531293463142,7.077188278107642,20.556328233657858,29.133962820891117
3106101,Belmiro Braga - MG,167.0,67429.0,121,76907.0,3244.0,3286.0,1171.0,5.1479654747225645,14.26131511528608,3.682288496652465,10.333048676345005,20.78575832305795
3106200,Belo Horizonte - MG,120746.0,49104449.0,121804,79993088.0,2315560.0,2415451.0,889584.0,5.214548532536406,13.573310671055236,5.042702170319331,13.692242666235003,21.206295237437164
3106309,Belo Oriente - MG,2353.0,955025.0,2093,1391157.0,23928.0,24587.0,8096.0,9.833667669675695,29.063735177865613,8.51262862488307,25.852272727272727,39.91244567034437
3106408,Belo Vale - MG,925.0,375393.0,606,409326.0,8627.0,9074.0,3244.0,10.722151385186043,28.514180024660913,6.678421864668283,18.680641183723797,43.51373594528805
3106507,Berilo - MG,1290.0,526950.0,1233,815674.0,9826.0,9515.0,3569.0,13.128434764909423,36.144578313253014,12.958486600105097,34.54749229476044,53.62812945247303
3106606,Bertópolis - MG,1126.0,485702.0,906,625244.0,4451.0,4546.0,1499.0,25.297685913277917,75.11674449633088,19.92960844698636,60.44029352901935,109.12199505729049
3106655,Berizal - MG,1063.0,468889.0,948,638863.0,4201.0,4264.0,1392.0,25.30349916686503,76.36494252873563,22.23264540337711,68.10344827586206,111.61366341347298
3106705,Betim - MG,41215.0,16812020.0,27406,17691620.0,411846.0,433902.0,146858.0,10.00738139984363,28.06452491522423,6.316172776341202,18.661564232115378,40.82113217076286
3106804,Bias Fortes - MG,588.0,238440.0,377,246135.0,3361.0,3346.0,1275.0,17.49479321630467,46.11764705882353,11.267184698147041,29.568627450980394,70.94317167509669
3106903,Bicas - MG,1365.0,561030.0,1249,866828.0,13978.0,14383.0,5463.0,9.765345542996137,24.98627127951675,8.683862893693945,22.862895844773934,40.13664329660896
3107000,Biquinhas - MG,349.0,144860.0,218,150319.0,2383.0,2385.0,1027.0,14.645404951741503,33.98247322297955,9.140461215932914,21.226874391431352,60.78892152748636
3107109,Boa Esperança - MG,1863.0,755606.0,2312,1646441.0,39848.0,41547.0,13804.0,4.675266010841197,13.496088090408577,5.5647820540592585,16.748768472906406,18.96220638426019
3107208,Bocaina de Minas - MG,734.0,297893.0,670,437369.0,5348.0,5551.0,2211.0,13.724756918474196,33.19764812302126,12.069897315798956,30.303030303030305,55.70175766641735
3107307,Bocaiúva - MG,7253.0,2982098.0,5812,3901987.0,48032.0,49919.0,16839.0,15.100349766822118,43.07262901597482,11.642861435525552,34.51511372409288,62.08565123251166
3107406,Bom Despacho - MG,3018.0,1228288.0,3305,2257373.0,51737.0,54738.0,19174.0,5.833349440439144,15.740064670908522,6.037853045416347,17.23688327944091,23.740997738562346
3107505,Bom Jardim de Minas - MG,711.0,287978.0,578,379436.0,6783.0,7007.0,2680.0,10.482087571870853,26.529850746268657,8.248893963179677,21.567164179104477,42.455845496093175
3107604,Bom Jesus da Penha - MG,392.0,160563.0,340,234600.0,4474.0,4710.0,1644.0,8.761734465802414,23.844282238442823,7.218683651804671,20.68126520681265,35.88801966919982
3107703,Bom Jesus do Amparo - MG,493.0,199729.0,502,335565.0,5631.0,5797.0,1974.0,8.755105665068372,24.974670719351572,8.659651543902019,25.430597771023304,35.469543597939975
3107802,Bom Jesus do Galho - MG,2759.0,1118206.0,2129,1415783.0,14536.0,14683.0,5560.0,18.980462300495322,49.62230215827338,14.499761629094872,38.29136690647482,76.92666483214089
3107901,Bom Repouso - MG,983.0,397031.0,1081,771771.0,12649.0,13434.0,4472.0,7.77136532532216,21.981216457960645,8.046747059699271,24.17262969588551,31.388331093367064
3108008,Bom Sucesso - MG,500.0,200840.0,406,288186.0,17151.0,17519.0,6375.0,2.9152819077604804,7.8431372549019605,2.3174838746503794,6.368627450980392,11.710104367092297
3108107,Bonfim - MG,1018.0,410707.0,697,445741.0,7434.0,7747.0,3054.0,13.693839117567931,33.333333333333336,8.997031108816316,22.822527832351014,55.2471078827011
3108206,Bonfinópolis de Minas - MG,300.0,121220.0,435,297604.0,5528.0,5585.0,2094.0,5.426917510853835,14.326647564469914,7.788719785138764,20.773638968481375,21.92836468885673
3108255,Bonito de Minas - MG,1959.0,844577.0,1728,1227881.0,10204.0,10557.0,3041.0,19.198353586828695,64.41959881617889,16.36828644501279,56.82341335087143,82.76920815366523
3108305,Borda da Mata - MG,1032.0,421570.0,1175,784366.0,17404.0,17861.0,6663.0,5.929671339921857,15.488518685276903,6.578579026930183,17.63469908449647,24.222592507469546
3108404,Botelhos - MG,904.0,365386.0,961,634915.0,14828.0,15144.0,5605.0,6.096574049096304,16.128456735057984,6.345747490755414,17.145405887600358,24.641623954680334
3108503,Botumirim - MG,910.0,383680.0,726,502728.0,5790.0,5772.0,2086.0,15.716753022452504,43.624161073825505,12.577962577962579,34.803451581975075,66.26597582037996
3108552,Brasilândia de Minas - MG,1941.0,802891.0,1934,1327840.0,15020.0,15535.0,5255.0,12.92276964047936,36.93625118934348,12.44930801416157,36.80304471931494,53.45479360852197
3108602,Brasília de Minas - MG,4217.0,1703669.0,4111,2831376.0,32025.0,33332.0,10748.0,13.16783762685402,39.23520655005582,12.33349333973359,38.248976553777446,53.198095238095235
3108701,Brás Pires - MG,571.0,230841.0,518,341162.0,4260.0,4278.0,1634.0,13.4037558685446,34.94492044063647,12.108461898083217,31.701346389228885,54.18802816901408
3108800,Braúnas - MG,519.0,210761.0,455,309457.0,4441.0,4417.0,1604.0,11.686557081738346,32.35660847880299,10.301109350237718,28.366583541147133,47.45800495383923
3108909,Brazópolis - MG,515.0,207937.0,500,336761.0,14246.0,14478.0,5441.0,3.6150498385511725,9.465171843411138,3.4535156789611823,9.189487226612755,14.59616734521971
3109006,Brumadinho - MG,1628.0,661568.0,1734,1128485.0,38915.0,41382.0,13868.0,4.183476808428627,11.73925584078454,4.190227635203712,12.503605422555523,17.000334061415906
3109105,Bueno Brandão - MG,593.0,240428.0,467,312226.0,10911.0,11176.0,4196.0,5.434882228943268,14.132507149666349,4.1785969935576235,11.129647283126788,22.035377142333424
3109204,Buenópolis - MG,1142.0,465697.0,963,655417.0,9150.0,9117.0,3425.0,12.480874316939891,33.34306569343066,10.562685093780848,28.116788321167885,50.89584699453552
3109253,Bugre - MG,674.0,273742.0,521,351906.0,4041.0,4169.0,1438.0,16.67903984162336,46.87065368567455,12.497001679059727,36.230876216968014,67.74115317990596
3109303,Buritis - MG,2647.0,1104055.0,2300,1591833.0,24030.0,24860.0,8737.0,11.015397419891801,30.296440425775437,9.251810136765888,26.32482545496166,45.94486059092801
3109402,Buritizeiro - MG,4895.0,1987618.0,4218,2900574.0,23910.0,23756.0,8176.0,20.472605604349646,59.87035225048923,17.755514396363026,51.59001956947162,83.12915098285237
3109451,Cabeceira Grande - MG,766.0,309967.0,683,477341.0,6627.0,6824.0,2602.0,11.558774709521654,29.43889315910838,10.008792497069168,26.249039200614913,46.77335144107439
3109501,Cabo Verde - MG,657.0,266026.0,498,321415.0,11410.0,11150.0,4200.0,5.758106923751096,15.642857142857142,4.466367713004484,11.857142857142858,23.31516213847502
3109600,Cachoeira da Prata - MG,179.0,72742.0,203,128702.0,3693.0,3790.0,1377.0,4.847007852694286,12.999273783587508,5.356200527704486,14.742193173565722,19.697265096127808
3109709,Cachoeira de Minas - MG,392.0,157320.0,355,230984.0,11883.0,12353.0,4359.0,3.2988302617184213,8.992888277127781,2.873795839067433,8.14406974076623,13.239081040141379
3109808,Cachoeira Dourada - MG,113.0,46326.0,120,79760.0,2315.0,2329.0,867.0,4.881209503239741,13.033448673587081,5.1524259338772005,13.84083044982699,20.01123110151188
3109907,Caetanópolis - MG,906.0,370402.0,695,477995.0,11435.0,11976.0,4208.0,7.923043288150415,21.53041825095057,5.803273213092853,16.51615969581749,32.391954525579365
3110004,Caeté - MG,2368.0,951995.0,2282,1562498.0,38776.0,39704.0,13577.0,6.106870229007634,17.44126095602858,5.7475317348378,16.807836782794432,24.551139880338354
3110103,Caiana - MG,616.0,248340.0,563,382576.0,5304.0,5505.0,1982.0,11.613876319758672,31.079717457114025,10.227066303360582,28.405650857719476,46.821266968325794
3110202,Cajuri - MG,514.0,209190.0,455,306401.0,4088.0,4195.0,1432.0,12.573385518590998,35.89385474860335,10.846245530393325,31.773743016759777,51.17172211350294
3110301,Caldas - MG,846.0,339536.0,848,556301.0,14217.0,14666.0,5717.0,5.950622494197088,14.7979709637922,5.782081003681985,14.832954346685325,23.88239431666315
3110400,Camacho - MG,140.0,56277.0,158,110392.0,2838.0,2836.0,1050.0,4.933051444679352,13.333333333333334,5.571227080394922,15.047619047619047,19.82980972515856
3110509,Camanducaia - MG,1404.0,568978.0,1460,964021.0,26097.0,28152.0,9668.0,5.379928727439935,14.522134877947869,5.186132423984087,15.10136532892015,21.802429398015096
3110608,Cambuí - MG,1353.0,550104.0,1382,919182.0,29536.0,31252.0,11323.0,4.580850487540628,11.949130089198976,4.422116984512991,12.205245959551355,18.62486457204767
3110707,Cambuquira - MG,1210.0,494329.0,906,607445.0,12313.0,12543.0,4597.0,9.82701210103143,26.32151403088971,7.223152355895719,19.708505547095932,40.14691789165922
3110806,Campanário - MG,735.0,298524.0,391,265375.0,2923.0,2852.0,1086.0,25.145398563120082,67.67955801104972,13.709677419354838,36.003683241252304,102.12931919261032
3110905,Campanha - MG,1039.0,421265.0,1036,721888.0,15935.0,16406.0,5702.0,6.520238468779416,18.221676604700104,6.314762891625016,18.169063486495965,26.436460621273927
3111002,Campestre - MG,776.0,313901.0,1123,739977.0,20696.0,21167.0,7842.0,3.749516814843448,9.895434838051518,5.305428260972268,14.320326447334864,15.167230382682645
3111101,Campina Verde - MG,817.0,328326.0,640,419375.0,18011.0,18129.0,7296.0,4.5361168175004165,11.197916666666666,3.5302553919135087,8.771929824561404,18.229193270778968
3111150,Campo Azul - MG,1074.0,441740.0,708,468956.0,3714.0,3810.0,1276.0,28.91760904684976,84.1692789968652,18.58267716535433,55.4858934169279,118.93914916532042
3111200,Campo Belo - MG,3094.0,1245296.0,3399,2275497.0,52277.0,54106.0,19817.0,5.918472750922968,15.61285764747439,6.2821128895131775,17.151940253317857,23.82110679648794
3111309,Campo do Meio - MG,896.0,378538.0,917,609052.0,11377.0,11627.0,4075.0,7.875538366880549,21.987730061349694,7.886815171583383,22.503067484662576,33.27221587413202
3111408,Campo Florido - MG,862.0,354613.0,774,536173.0,8466.0,9019.0,3032.0,10.18190408693598,28.430079155672825,8.581882692094467,25.527704485488126,41.886723364044414
3111507,Campos Altos - MG,794.0,332079.0,738,516437.0,12979.0,13020.0,4679.0,6.117574543493335,16.969437914084207,5.668202764976958,15.77260098311605,25.585869481470066
3111606,Campos Gerais - MG,1871.0,762301.0,1531,1029794.0,26105.0,26693.0,9474.0,7.167209346868416,19.748786151572727,5.735586108717642,16.160016888325945,29.201340739321967
3111705,Canaã - MG,532.0,214992.0,549,367396.0,4715.0,4847.0,1703.0,11.283138918345704,31.238990017615972,11.32659376934186,32.237228420434526,45.59745493107105
3111804,Canápolis - MG,660.0,265230.0,462,291298.0,10608.0,10678.0,4034.0,6.221719457013575,16.36093207734259,4.3266529312605355,11.452652454139812,25.002828054298643
3111903,Cana Verde - MG,363.0,150087.0,356,232005.0,5272.0,5328.0,1942.0,6.885432473444613,18.692070030895984,6.681681681681682,18.331616889804327,28.46870257966616
3112000,Candeias - MG,991.0,399139.0,832,506964.0,14001.0,14188.0,5419.0,7.078065852439112,18.287506920095957,5.864110515928954,15.35338623362244,28.507892293407615
3112059,Cantagalo - MG,598.0,243459.0,464,320493.0,3974.0,4020.0,1387.0,15.047810770005032,43.11463590483057,11.542288557213931,33.4534967555876,61.26295923502768
3112109,Caparaó - MG,782.0,316569.0,678,467371.0,5048.0,5133.0,1852.0,15.491283676703645,42.22462203023758,13.20864991233197,36.60907127429805,62.71176703645008
3112208,Capela Nova - MG,633.0,254636.0,504,329340.0,4362.0,4379.0,1667.0,14.51169188445667,37.972405518896224,11.509477049554693,30.233953209358127,58.375974323704725
3112307,Capelinha - MG,3661.0,1474463.0,2740,1730793.0,39626.0,42162.0,14149.0,9.238883561298138,25.874620114495723,6.4987429438831175,19.36532617146088,37.20948367233635
3112406,Capetinga - MG,588.0,239292.0,634,428828.0,6562.0,6603.0,2384.0,8.960682718683328,24.664429530201343,9.601696198697562,26.593959731543624,36.46632124352332
3112505,Capim Branco - MG,585.0,236200.0,738,499343.0,10663.0,11316.0,3598.0,5.486260902185126,16.259032795997776,6.521739130434782,20.511395219566428,22.15136453155772
3112604,Capinópolis - MG,1038.0,420330.0,882,582691.0,14655.0,14847.0,5574.0,7.082906857727738,18.622174381054897,5.9405940594059405,15.823466092572659,28.681678607983624
3112653,Capitão Andrade - MG,760.0,309275.0,579,387215.0,4585.0,4619.0,1791.0,16.575790621592148,42.43439419318816,12.535180775059537,32.32830820770519,67.45365321701199
3112703,Capitão Enéas - MG,2078.0,875669.0,1928,1347091.0,14108.0,14406.0,4573.0,14.729231641621775,45.440629783511916,13.38331250867694,42.16050732560682,62.068967961440315
3112802,Capitólio - MG,338.0,137385.0,410,266543.0,10380.0,11111.0,3885.0,3.25626204238921,8.7001287001287,3.690036900369004,10.553410553410554,13.235549132947977
3112901,Caputira - MG,1296.0,525171.0,1116,777183.0,8936.0,9128.0,3089.0,14.50313339301701,41.95532534800906,12.226117440841367,36.12819682745225,58.7702551477171
3113008,Caraí - MG,3420.0,1428592.0,2608,1766731.0,19548.0,19376.0,6871.0,17.495395948434624,49.774414204628144,13.459950454170107,37.95662931159948,73.08123593206466
3113107,Caranaíba - MG,356.0,144860.0,283,189645.0,2933.0,2925.0,1047.0,12.137742925332423,34.00191021967526,9.675213675213675,27.02960840496657,49.38970337538357
3113206,Carandaí - MG,1828.0,749668.0,1555,1033297.0,23812.0,24436.0,8201.0,7.676801612632286,22.289964638458724,6.363561957767229,18.961102304597,31.482781790693767
3113305,Carangola - MG,3316.0,1337168.0,2678,1823369.0,31240.0,32105.0,12170.0,10.614596670934699,27.24732949876746,8.341379847375798,22.00493015612161,42.803072983354674
3113404,Caratinga - MG,4824.0,1941483.0,4049,2633418.0,87360.0,91082.0,32668.0,5.521978021978022,14.766744214521855,4.44544476405876,12.394392065629974,22.22393543956044
3113503,Carbonita - MG,1083.0,437870.0,816,521867.0,8512.0,8574.0,3419.0,12.723214285714286,31.67592863410354,9.517144856543037,23.866627668909036,51.441494360902254
3113602,Careaçu - MG,492.0,201037.0,467,318049.0,6816.0,7093.0,2435.0,7.21830985915493,20.205338809034906,6.583956012970535,19.17864476386037,29.49486502347418
3113701,Carlos Chagas - MG,2404.0,981070.0,1967,1322091.0,18615.0,18717.0,7123.0,12.914316411496106,33.74982451214376,10.509162793182668,27.61476905798119,52.70319634703196
3113800,Carmésia - MG,197.0,82213.0,260,179327.0,2605.0,2702.0,910.0,7.562380038387716,21.64835164835165,9.622501850481125,28.571428571428573,31.55969289827255
3113909,Carmo da Cachoeira - MG,977.0,392717.0,795,552171.0,11547.0,11758.0,3939.0,8.46107213994977,24.803249555724804,6.7613539717639055,20.182787509520182,34.01030570711007
3114006,Carmo da Mata - MG,588.0,236967.0,660,458065.0,11019.0,11302.0,4252.0,5.336237408113259,13.828786453433679,5.839674393912582,15.522107243650048,21.505309011707052
3114105,Carmo de Minas - MG,1137.0,465585.0,814,530275.0,13797.0,14136.0,4641.0,8.240921939552077,24.49903038138332,5.7583474816072435,17.539323421676364,33.74537943031094
3114204,Carmo do Cajuru - MG,663.0,267054.0,609,403711.0,23479.0,24775.0,8653.0,2.8237999914817498,7.662082514734774,2.458123107971746,7.0380214954351095,11.37416414668427
3114303,Carmo do Paranaíba - MG,1736.0,704205.0,1437,940552.0,29011.0,29872.0,11056.0,5.983937127296542,15.701881331403763,4.810524906266738,12.997467438494935,24.27372375995312
3114402,Carmo do Rio Claro - MG,1257.0,506982.0,725,367394.0,20954.0,21545.0,7945.0,5.998854633960103,15.821271239773443,3.365049895567417,9.125235997482694,24.19499856829245
3114501,Carmópolis de Minas - MG,778.0,313462.0,1130,792095.0,18003.0,18621.0,6347.0,4.321501971893573,12.257759571451079,6.068417378228881,17.80368678115645,17.411653613286674
3114550,Carneirinho - MG,508.0,205876.0,416,280154.0,9422.0,9636.0,3750.0,5.391636595202717,13.546666666666667,4.3171440431714405,11.093333333333334,21.850562513266823
3114600,Carrancas - MG,173.0,70042.0,140,95459.0,4049.0,4168.0,1508.0,4.272659916028649,11.47214854111406,3.3589251439539347,9.283819628647215,17.298592244998765
3114709,Carvalhópolis - MG,132.0,53267.0,169,119962.0,3341.0,3421.0,1222.0,3.950912900329243,10.801963993453356,4.940076001169249,13.829787234042554,15.943430110745286
3114808,Carvalhos - MG,708.0,285421.0,582,377542.0,4422.0,4498.0,1685.0,16.010854816824967,42.017804154302674,12.939084037349934,34.54005934718101,64.54568068747173
3114907,Casa Grande - MG,128.0,51814.0,144,96688.0,2214.0,2260.0,765.0,5.781391147244806,16.73202614379085,6.371681415929204,18.823529411764707,23.40289069557362
3115003,Cascalho Rico - MG,256.0,103840.0,246,163594.0,2712.0,2745.0,1058.0,9.43952802359882,24.196597353497165,8.96174863387978,23.251417769376182,38.28908554572271
3115102,Cássia - MG,1510.0,614562.0,1429,977033.0,17155.0,17487.0,6408.0,8.8020985135529,23.56429463171036,8.171784754388975,22.300249687890137,35.82407461381521
3115201,Conceição da Barra de Minas - MG,425.0,171091.0,396,261577.0,3560.0,3558.0,1324.0,11.938202247191011,32.09969788519638,11.129848229342327,29.909365558912388,48.059269662921345
3115300,Cataguases - MG,3555.0,1425620.0,3191,2149461.0,66261.0,67600.0,25400.0,5.365146919002128,13.996062992125983,4.720414201183432,12.562992125984252,21.5152201143961
3115359,Catas Altas - MG,349.0,142326.0,493,338359.0,5473.0,5741.0,1988.0,6.3767586332907,17.55533199195171,8.587354119491378,24.798792756539235,26.0051160241184
3115409,Catas Altas da Noruega - MG,401.0,163538.0,342,231732.0,3110.0,3107.0,1092.0,12.893890675241158,36.72161172161172,11.007402639201802,31.318681318681318,52.58456591639872
3115458,Catuji - MG,1439.0,590901.0,1369,955010.0,7030.0,7269.0,2489.0,20.46941678520626,57.814383286460426,18.833402118585774,55.00200883889112,84.05419630156472
3115474,Catuti - MG,1353.0,545858.0,955,630569.0,4739.0,4771.0,1712.0,28.5503270732222,79.0303738317757,20.016767973171245,55.782710280373834,115.18421607934164
3115508,Caxambu - MG,1578.0,641373.0,1337,891202.0,21056.0,21390.0,8154.0,7.494300911854103,19.352465047829288,6.250584385226741,16.396860436595535,30.460343844984802
3115607,Cedro do Abaeté - MG,95.0,38099.0,81,52578.0,1081.0,1078.0,449.0,8.788159111933394,21.15812917594655,7.513914656771799,18.040089086859687,35.244218316373725
3115706,Central de Minas - MG,841.0,343165.0,576,387654.0,6171.0,6186.0,2507.0,13.62826122184411,33.54607100119665,9.311348205625606,22.975668129238134,55.609301571868414
3115805,Centralina - MG,1182.0,474655.0,840,562728.0,10207.0,10454.0,3754.0,11.58028803762124,31.486414491209377,8.035201836617563,22.376132125732553,46.50289017341041
3115904,Chácara - MG,378.0,154167.0,335,224517.0,3075.0,3211.0,1203.0,12.292682926829269,31.4214463840399,10.432886951105575,27.847049044056526,50.13560975609756
3116001,Chalé - MG,999.0,406345.0,847,582231.0,6075.0,6315.0,2227.0,16.444444444444443,44.85855410866637,13.412509897070468,38.03322855859901,66.8880658436214
3116100,Chapada do Norte - MG,1388.0,577762.0,1333,895066.0,10337.0,9515.0,3479.0,13.42749347005901,39.89652198907732,14.009458749343143,38.31560793331417,55.89261874818613
3116159,Chapada Gaúcha - MG,2541.0,1068655.0,2374,1673692.0,12355.0,12992.0,3882.0,20.56657223796034,65.45595054095827,18.272783251231527,61.154044307058214,86.4957507082153
3116209,Chiador - MG,327.0,134128.0,227,148461.0,2800.0,2870.0,1038.0,11.678571428571429,31.502890173410403,7.909407665505227,21.868978805394992,47.902857142857144
3116308,Cipotânea - MG,789.0,317177.0,618,406897.0,5581.0,5502.0,2042.0,14.13725138864003,38.63858961802155,11.232279171210468,30.264446620959845,56.831571402974376
3116407,Claraval - MG,393.0,161285.0,396,268534.0,4658.0,4980.0,1661.0,8.437097466723916,23.66044551475015,7.951807228915663,23.841059602649008,34.625375697724344
3116506,Claro dos Poções - MG,1135.0,459987.0,885,572109.0,7166.0,7202.0,2797.0,15.838682668155178,40.57919199141938,12.288253262982504,31.641043975688238,64.19020373988278
3116605,Cláudio - MG,1058.0,428110.0,1149,794016.0,30159.0,32192.0,10794.0,3.5080738751284857,9.801741708356495,3.569209741550696,10.644802668148971,14.1950993070062
3116704,Coimbra - MG,752.0,303074.0,562,369730.0,7117.0,7300.0,2833.0,10.5662498243642,26.544299329332862,7.698630136986301,19.837627956230143,42.584515947730786
3116803,Coluna - MG,1402.0,570725.0,1332,896576.0,8163.0,8165.0,2977.0,17.175058189391155,47.09439032583138,16.31353337415799,44.743029895868325,69.91608477275511
3116902,Comendador Gomes - MG,352.0,142751.0,244,169880.0,2773.0,2795.0,1084.0,12.69383339343671,32.47232472324723,8.729874776386405,22.509225092250922,51.47890371438875
3117009,Comercinho - MG,1499.0,621442.0,1179,783711.0,6660.0,6458.0,2539.0,22.50750750750751,59.038991729027174,18.256426138123256,46.43560456872785,93.30960960960961
3117108,Conceição da Aparecida - MG,710.0,286143.0,451,273008.0,10371.0,10740.0,3804.0,6.846012920644104,18.664563617245005,4.199255121042831,11.855941114616193,27.590685565519237
3117207,Conceição das Pedras - MG,252.0,101721.0,303,198237.0,2772.0,2843.0,1019.0,9.090909090909092,24.730127576054954,10.657755891663735,29.73503434739941,36.69588744588744
3117306,Conceição das Alagoas - MG,2142.0,865608.0,2260,1510005.0,28381.0,30589.0,9881.0,7.547302772981925,21.67796781702257,7.38827683154075,22.872178929258173,30.499559564497375
3117405,Conceição de Ipanema - MG,714.0,287432.0,726,494939.0,4409.0,4503.0,1680.0,16.19414833295532,42.5,16.122584943371088,43.214285714285715,65.19210705375369
3117504,Conceição do Mato Dentro - MG,2463.0,1022499.0,1844,1231887.0,23163.0,24846.0,7962.0,10.633337650563398,30.934438583270534,7.421717781534251,23.1600100477267,44.143634244268874
3117603,Conceição do Pará - MG,343.0,137737.0,361,251187.0,5415.0,5601.0,2067.0,6.334256694367498,16.5940977261732,6.445277628994822,17.464925012094824,25.43619575253924
3117702,Conceição do Rio Verde - MG,1045.0,424610.0,918,620931.0,12541.0,12751.0,4567.0,8.332668846184514,22.881541493321656,7.199435338404831,20.100722574994524,33.85774659118093
3117801,Conceição dos Ouros - MG,554.0,225220.0,616,407989.0,10880.0,11250.0,3966.0,5.091911764705882,13.968734241048915,5.475555555555555,15.532022188603127,20.700367647058822
3117836,Cônego Marinho - MG,1688.0,708892.0,1308,888405.0,7237.0,7446.0,2373.0,23.3245820091198,71.13358617783396,17.56647864625302,55.120101137800255,97.95384827967389
3117876,Confins - MG,331.0,133611.0,218,139842.0,7350.0,7836.0,2498.0,4.503401360544218,13.250600480384307,2.7820316488004084,8.726981585268215,18.178367346938774
3117900,Congonhal - MG,540.0,217504.0,558,354023.0,11083.0,11483.0,4162.0,4.8723269872778125,12.974531475252283,4.8593573108072805,13.407015857760692,19.625011278534693
3118007,Congonhas - MG,1613.0,649773.0,2231,1506526.0,52890.0,55542.0,17985.0,3.0497258460956704,8.968584931887683,4.016780094343019,12.404781762579928,12.285365853658536
3118106,Congonhas do Norte - MG,648.0,268030.0,587,397532.0,4831.0,4920.0,1720.0,13.413371972676465,37.674418604651166,11.93089430894309,34.127906976744185,55.481266818464086
3118205,Conquista - MG,556.0,231907.0,505,348193.0,6694.0,6890.0,2573.0,8.305945622945922,21.60901671200933,7.329462989840349,19.6268946754761,34.64400956080072
3118304,Conselheiro Lafaiete - MG,3032.0,1220506.0,3845,2589137.0,131621.0,139858.0,47587.0,2.3035837746256296,6.371488011431693,2.749217063021064,8.079937798138147,9.272881986916982
3118403,Conselheiro Pena - MG,2599.0,1053046.0,1744,1187422.0,20824.0,20989.0,7998.0,12.480791394544756,32.495623905976494,8.309114297965602,21.80545136284071,50.568862850557046
3118502,Consolação - MG,211.0,85008.0,219,141137.0,1563.0,1561.0,622.0,13.499680102367243,33.92282958199357,14.029468289557975,35.20900321543408,54.38771593090211
3118601,Contagem - MG,42443.0,17217492.0,38998,25984048.0,621863.0,652973.0,228783.0,6.825136726256426,18.55164063763479,5.972375580613593,17.04584693792808,27.686953557294775
3118700,Coqueiral - MG,835.0,339292.0,759,526653.0,9023.0,9179.0,3250.0,9.254128338690014,25.692307692307693,8.268874605076805,23.353846153846153,37.603014518452845
3118809,Coração de Jesus - MG,4326.0,1760706.0,3612,2446580.0,25377.0,26125.0,9295.0,17.046932261496632,46.54115115653577,13.825837320574163,38.85960193652501,69.38196004255822
3118908,Cordisburgo - MG,1247.0,507042.0,970,638700.0,7547.0,7481.0,2965.0,16.52312177023983,42.05733558178752,12.96618099184601,32.715008431703204,67.1845766529747
3119005,Cordislândia - MG,367.0,149580.0,375,260910.0,3200.0,3225.0,1147.0,11.46875,31.99651264167393,11.627906976744185,32.693984306887536,46.74375
3119104,Corinto - MG,2414.0,977872.0,2659,1827586.0,23532.0,23981.0,8668.0,10.258371579126296,27.849561605906782,11.087944622826404,30.676049838486385,41.554988951215364
3119203,Coroaci - MG,1371.0,554589.0,1157,764352.0,10884.0,11279.0,3298.0,12.596471885336273,41.570648878107946,10.25800159588616,35.08186779866586,50.9545203969129
3119302,Coromandel - MG,2532.0,1017763.0,2123,1431037.0,28894.0,30209.0,11454.0,8.76306499619298,22.10581456259822,7.027706974742626,18.53500960363192,35.22402574929051
3119401,Coronel Fabriciano - MG,6369.0,2588839.0,5470,3618315.0,104736.0,108857.0,38423.0,6.081003666361137,16.576009161179503,5.0249409776128315,14.236264737266742,24.717757027192178
3119500,Coronel Murta - MG,1297.0,529683.0,1260,844881.0,8200.0,8194.0,2882.0,15.817073170731707,45.003469812630115,15.377105198926044,43.71963913948647,64.59548780487805
3119609,Coronel Pacheco - MG,238.0,97024.0,160,109286.0,2762.0,2779.0,990.0,8.616944243301955,24.04040404040404,5.757466714645556,16.161616161616163,35.1281679942071
3119708,Coronel Xavier Chaves - MG,162.0,65661.0,105,70777.0,3486.0,3610.0,1262.0,4.647160068846816,12.836767036450079,2.9085872576177287,8.32012678288431,18.83562822719449
3119807,Córrego Danta - MG,132.0,53924.0,135,89093.0,2960.0,2935.0,1197.0,4.45945945945946,11.027568922305765,4.599659284497444,11.278195488721805,18.217567567567567
3119906,Córrego do Bom Jesus - MG,176.0,71104.0,158,107563.0,4272.0,4493.0,1689.0,4.119850187265918,10.420367081113085,3.516581348764745,9.354647720544701,16.644194756554306
3119955,Córrego Fundo - MG,115.0,46240.0,126,85781.0,6133.0,6355.0,2196.0,1.8751019077123756,5.236794171220401,1.982690794649882,5.737704918032787,7.539540192401761
3120003,Córrego Novo - MG,493.0,199667.0,466,313292.0,2875.0,2889.0,1070.0,17.14782608695652,46.074766355140184,16.130148840429214,43.55140186915888,69.44939130434783
3120102,Couto de Magalhães de Minas - MG,665.0,276665.0,646,438790.0,4245.0,4355.0,1480.0,15.665488810365135,44.932432432432435,14.833524684270953,43.648648648648646,65.17432273262662
3120151,Crisólita - MG,1027.0,428791.0,768,536928.0,5265.0,5219.0,1890.0,19.506172839506174,54.33862433862434,14.7154627323242,40.63492063492063,81.44178537511871
3120201,Cristais - MG,642.0,264204.0,745,512343.0,12197.0,12688.0,4494.0,5.2635894072312865,14.285714285714286,5.871689785624212,16.57765910102359,21.661392145609575
3120300,Cristália - MG,1856.0,764369.0,1446,972078.0,5121.0,5103.0,1724.0,36.24292130443273,107.65661252900232,28.336272780717223,83.87470997679814,149.26166764303846
3120409,Cristiano Otoni - MG,344.0,140594.0,326,225650.0,4667.0,4704.0,1621.0,7.3709020784229695,21.22146822948797,6.930272108843537,20.11104256631709,30.125133919005787
3120508,Cristina - MG,607.0,246814.0,627,422760.0,10374.0,10657.0,3671.0,5.851166377482167,16.535004086080086,5.883456882800037,17.07981476436938,23.791594370541738
3120607,Crucilândia - MG,390.0,156682.0,385,262886.0,5434.0,5712.0,2119.0,7.177033492822966,18.404907975460123,6.740196078431373,18.168947616800377,28.83364004416636
3120706,Cruzeiro da Fortaleza - MG,400.0,165915.0,309,209643.0,3521.0,3623.0,1245.0,11.36040897472309,32.1285140562249,8.528843499861992,24.819277108433734,47.12155637602954
3120805,Cruzília - MG,1653.0,671059.0,1680,1117912.0,15362.0,15879.0,5763.0,10.760317666970446,28.68297761582509,10.58001133572643,29.151483602290472,43.68304908215076
3120839,Cuparaque - MG,700.0,285208.0,498,341492.0,3983.0,3924.0,1608.0,17.57469244288225,43.53233830845771,12.691131498470948,30.970149253731343,71.60632688927944
3120870,Curral de Dentro - MG,1848.0,765670.0,1642,1119328.0,7406.0,7692.0,2441.0,24.95274102079395,75.70667759115116,21.346853874154966,67.26751331421549,103.38509316770187
3120904,Curvelo - MG,6598.0,2679600.0,6026,4032223.0,80665.0,84709.0,29782.0,8.179507841071096,22.154321402189243,7.113765951669834,20.233698206970654,33.218868158433025
3121001,Datas - MG,965.0,398306.0,883,610123.0,5465.0,5651.0,1818.0,17.657822506861848,53.08030803080308,15.62555299946912,48.56985698569857,72.88307410795974
3121100,Delfim Moreira - MG,551.0,225196.0,666,458153.0,7952.0,8137.0,2980.0,6.92907444668008,18.48993288590604,8.184834705665478,22.348993288590606,28.319416498993963
3121209,Delfinópolis - MG,410.0,167102.0,425,284873.0,8393.0,8938.0,2987.0,4.885023233647087,13.726146635420154,4.754978742447975,14.228322731837965,19.9096866436316
3121258,Delta - MG,1417.0,582761.0,1268,890806.0,10494.0,11275.0,3536.0,13.502954068991805,40.0735294117647,11.246119733924612,35.85972850678733,55.53278063655422
3121308,Descoberto - MG,579.0,235621.0,450,301249.0,4928.0,5081.0,1821.0,11.749188311688311,31.795716639209225,8.85652430623893,24.71169686985173,47.812702922077925
3121407,Desterro de Entre Rios - MG,406.0,163408.0,331,205173.0,7653.0,7979.0,2999.0,5.305109107539527,13.537845948649549,4.1483895224965535,11.037012337445816,21.352149483862537
3121506,Desterro do Melo - MG,350.0,141059.0,340,223426.0,2994.0,3061.0,1149.0,11.690046760187041,30.461270670147954,11.107481215289122,29.590948651000872,47.11389445557782
3121605,Diamantina - MG,4988.0,2029142.0,4259,2803188.0,47702.0,49625.0,16904.0,10.45658462957528,29.50780880265026,8.582367758186399,25.195220066256507,42.53788101127835
3121704,Diogo de Vasconcelos - MG,539.0,219544.0,428,279541.0,3549.0,3568.0,1396.0,15.187376725838265,38.61031518624642,11.995515695067265,30.659025787965614,61.86080586080586
3121803,Dionísio - MG,780.0,317199.0,729,486145.0,6847.0,6594.0,2590.0,11.391850445450562,30.115830115830114,11.055505004549591,28.146718146718147,46.32671242880093
3121902,Divinésia - MG,427.0,173826.0,357,243568.0,4226.0,4532.0,1579.0,10.104117368670137,27.042431918936035,7.877316857899382,22.60924635845472,41.13251301467108
3122009,Divino - MG,2747.0,1107440.0,2200,1438106.0,20706.0,21521.0,7697.0,13.266685984738723,35.68922956996232,10.222573300497189,28.5825646355723,53.48401429537332
3122108,Divino das Laranjeiras - MG,918.0,371586.0,575,382183.0,4178.0,4110.0,1646.0,21.972235519387265,55.77156743620899,13.990267639902676,34.933171324422844,88.93872666347535
3122207,Divinolândia de Minas - MG,1074.0,442443.0,1154,780475.0,6516.0,6560.0,2305.0,16.482504604051567,46.59436008676789,17.591463414634145,50.06507592190889,67.90101289134438
3122306,Divinópolis - MG,7348.0,2961034.0,8737,5807823.0,231091.0,244769.0,87088.0,3.1796997719513094,8.437442586808745,3.569487966204871,10.03238103986772,12.813281348040382
3122355,Divisa Alegre - MG,1442.0,584747.0,1200,786085.0,6321.0,6568.0,2173.0,22.812846068660022,66.35987114588127,18.270401948842874,55.223193741371375,92.50862205347255
3122405,Divisa Nova - MG,333.0,137092.0,317,216134.0,5851.0,6010.0,2086.0,5.691334814561613,15.963566634707574,5.2745424292845255,15.196548418024928,23.430524696633054
3122454,Divisópolis - MG,2742.0,1122207.0,2126,1469461.0,10213.0,10730.0,3156.0,26.848134730245764,86.88212927756653,19.813606710158435,67.3637515842839,109.88025066092236
3122470,Dom Bosco - MG,507.0,205569.0,319,220157.0,3697.0,3759.0,1406.0,13.713822017852312,36.059743954480794,8.486299547752061,22.688477951635846,55.604273735461184
3122504,Dom Cavati - MG,276.0,112439.0,282,195157.0,4904.0,4954.0,1917.0,5.628058727569331,14.397496087636933,5.692369802180057,14.710485133020343,22.928017944535075
3122603,Dom Joaquim - MG,708.0,292845.0,597,393124.0,4899.0,5096.0,1728.0,14.451928965094917,40.97222222222222,11.715070643642072,34.548611111111114,59.77648499693815
3122702,Dom Silvério - MG,369.0,152491.0,353,241318.0,5228.0,5360.0,1972.0,7.058148431522571,18.711967545638945,6.585820895522388,17.900608519269777,29.168133129303747
3122801,Dom Viçoso - MG,186.0,74712.0,266,177119.0,3095.0,3191.0,1174.0,6.009693053311794,15.843270868824531,8.335944844876215,22.657580919931856,24.139579967689823
3122900,Dona Euzébia - MG,415.0,167988.0,452,304945.0,6093.0,6258.0,2164.0,6.8110946988347285,19.177449168207023,7.222754873761585,20.88724584103512,27.570654849827672
3123007,Dores de Campos - MG,378.0,151616.0,512,347428.0,10007.0,10401.0,3675.0,3.777355850904367,10.285714285714286,4.922603595808096,13.931972789115646,15.15099430398721
3123106,Dores de Guanhães - MG,497.0,201881.0,689,472557.0,5029.0,5107.0,1744.0,9.882680453370451,28.49770642201835,13.491286469551596,39.50688073394495,40.14336846291509
3123205,Dores do Indaiá - MG,636.0,256343.0,580,368042.0,12630.0,12678.0,5247.0,5.03562945368171,12.121212121212121,4.574854077930273,11.05393558223747,20.296357878068093
3123304,Dores do Turvo - MG,546.0,221289.0,486,329054.0,4987.0,5222.0,1890.0,10.948466011630238,28.88888888888889,9.306779011872846,25.714285714285715,44.37317024263084
3123403,Doresópolis - MG,120.0,56249.0,117,80988.0,1461.0,1500.0,577.0,8.213552361396303,20.797227036395146,7.8,20.27729636048527,38.50034223134839
3123502,Douradoquara - MG,125.0,50746.0,102,66680.0,1829.0,1870.0,719.0,6.83433570256971,17.385257301808068,5.454545454545454,14.186369958275382,27.7452159650082
3123528,Durandé - MG,874.0,351317.0,967,697649.0,7817.0,8090.0,2732.0,11.180759882307791,31.99121522693997,11.953028430160693,35.39531478770132,44.94268901112959
3123601,Elói Mendes - MG,1535.0,623994.0,1613,1083673.0,26336.0,27510.0,9398.0,5.8285236938031595,16.333262396254522,5.863322428207924,17.163226218344327,23.69357533414338
3123700,Engenheiro Caldas - MG,1227.0,499587.0,960,658729.0,13622.0,14684.0,4718.0,9.007487887241227,26.006782534972444,6.537728139471533,20.347604917337854,36.67501101159888
3123809,Engenheiro Navarro - MG,1646.0,677389.0,1104,734532.0,6354.0,6336.0,2295.0,25.90494176896443,71.72113289760348,17.424242424242426,48.10457516339869,106.60827824992131
3123858,Entre Folhas - MG,551.0,222052.0,774,531814.0,5179.0,5297.0,1930.0,10.639119521143078,28.54922279792746,14.61204455352086,40.10362694300518,42.87545858273798
3123908,Entre Rios de Minas - MG,707.0,286314.0,778,532454.0,14746.0,15191.0,5464.0,4.794520547945205,12.939238653001464,5.121453492199328,14.23865300146413,19.416384104163843
3124005,Ervália - MG,1550.0,621167.0,1433,992956.0,20255.0,21222.0,7668.0,7.652431498395458,20.213875847678665,6.752426726981434,18.688054251434533,30.66734139718588
3124104,Esmeraldas - MG,9295.0,3779556.0,9500,6455813.0,85598.0,94543.0,30198.0,10.858898572396551,30.78018411815352,10.04833779338502,31.459037022319357,44.154723241197225
3124203,Espera Feliz - MG,2502.0,1007950.0,1984,1298023.0,24102.0,24922.0,9292.0,10.380881254667662,26.926388291003015,7.960837813979617,21.351700387430046,41.820180897850804
3124302,Espinosa - MG,6431.0,2614099.0,4816,3252758.0,30443.0,31366.0,10383.0,21.12472489570673,61.93778291437928,15.354205190333483,46.383511509197724,85.86863975298098
3124401,Espírito Santo do Dourado - MG,584.0,234404.0,856,625405.0,6611.0,7250.0,2141.0,8.833761911964906,27.27697337692667,11.806896551724138,39.98131714152265,35.456663137195584
3124500,Estiva - MG,705.0,283064.0,651,445639.0,11502.0,11921.0,4198.0,6.129368805425144,16.793711291090997,5.46095126247798,15.507384468794664,24.609980872891672
3124609,Estrela Dalva - MG,279.0,114313.0,216,149824.0,2186.0,2176.0,861.0,12.763037511436414,32.40418118466899,9.926470588235293,25.087108013937282,52.2932296431839
3124708,Estrela do Indaiá - MG,128.0,51832.0,111,69736.0,2772.0,2674.0,1177.0,4.617604617604617,10.875106202209006,4.151084517576664,9.430756159728123,18.6984126984127
3124807,Estrela do Sul - MG,498.0,201704.0,502,338606.0,6840.0,6869.0,2661.0,7.280701754385965,18.714768883878243,7.308196243994759,18.86508831266441,29.488888888888887
3124906,Eugenópolis - MG,1547.0,623470.0,1024,689452.0,10801.0,11116.0,4243.0,14.322747893713546,36.460051850106055,9.21194674343289,24.133867546547254,57.72335894824553
3125002,Ewbank da Câmara - MG,699.0,287080.0,476,328198.0,3875.0,3994.0,1363.0,18.038709677419355,51.28393250183419,11.917876815222835,34.92296404988995,74.08516129032257
3125101,Extrema - MG,1310.0,528573.0,1831,1216229.0,53482.0,60681.0,18330.0,2.449422235518492,7.146753955264594,3.0174189614541618,9.989088925259137,9.88319434576119
3125200,Fama - MG,220.0,88360.0,162,111294.0,2578.0,2690.0,1003.0,8.533747090768037,21.93419740777667,6.022304832713755,16.151545363908276,34.274631497284716
3125309,Faria Lemos - MG,465.0,189648.0,413,286871.0,3188.0,3222.0,1186.0,14.58594730238394,39.20741989881956,12.81812538795779,34.822934232715006,59.48808030112924
3125408,Felício dos Santos - MG,744.0,302070.0,776,517584.0,5133.0,5253.0,1904.0,14.494447691408533,39.075630252100844,14.772510946126022,40.7563025210084,58.84862653419053
3125507,São Gonçalo do Rio Preto - MG,454.0,185613.0,378,245337.0,3032.0,3099.0,1149.0,14.973614775725594,39.51261966927763,12.197483059051306,32.89817232375979,61.218007915567284
3125606,Felisburgo - MG,1177.0,490152.0,1008,682491.0,6489.0,6558.0,2329.0,18.13838804130066,50.536711034778875,15.370539798719122,43.280377844568484,75.53582986592696
3125705,Felixlândia - MG,1322.0,536271.0,1234,826629.0,13978.0,14281.0,5369.0,9.45771927314351,24.62283479232632,8.640851480988726,22.983795865151798,38.36535985119473
3125804,Fernandes Tourinho - MG,266.0,109188.0,210,140511.0,2789.0,2803.0,1111.0,9.537468626747938,23.942394239423944,7.4919728861933645,18.901890189018903,39.14951595553962
3125903,Ferros - MG,937.0,378459.0,784,503033.0,9590.0,9543.0,3647.0,9.770594369134516,25.692349876610912,8.215445876558734,21.497120921305182,39.463920750782066
3125952,Fervedouro - MG,1260.0,506596.0,1130,720963.0,10445.0,10716.0,3800.0,12.06318812829105,33.1578947368421,10.544979469951475,29.736842105263158,48.50129248444232
3126000,Florestal - MG,379.0,154160.0,441,293509.0,8045.0,8548.0,3019.0,4.71100062150404,12.553825770122558,5.159101544220871,14.607485922490891,19.162212554381604
3126109,Formiga - MG,2362.0,957163.0,1677,1114824.0,68248.0,71113.0,26165.0,3.460907279334193,9.027326581310911,2.3582186098181768,6.409325434741066,14.02477728285078
3126208,Formoso - MG,1682.0,705863.0,1470,1021036.0,7949.0,8088.0,2737.0,21.159894326330356,61.45414687614176,18.17507418397626,53.70843989769821,88.7989684237011
3126307,Fortaleza de Minas - MG,149.0,59743.0,142,97985.0,3477.0,3422.0,1390.0,4.285303422490653,10.719424460431656,4.149620105201636,10.215827338129497,17.18234109864826
3126406,Fortuna de Minas - MG,250.0,102319.0,285,193158.0,3093.0,3252.0,1124.0,8.08276753960556,22.24199288256228,8.763837638376383,25.355871886120998,33.08082767539606
3126505,Francisco Badaró - MG,1200.0,486542.0,1007,660050.0,7366.0,6907.0,2832.0,16.29106706489275,42.3728813559322,14.579412190531345,35.55790960451977,66.05240293239207
3126604,Francisco Dumont - MG,782.0,318841.0,740,496929.0,4503.0,4530.0,1691.0,17.366200310903842,46.244825547013605,16.335540838852097,43.761088113542286,70.80635132134132
3126703,Francisco Sá - MG,4522.0,1826798.0,3677,2431421.0,23476.0,23691.0,7981.0,19.262225251320498,56.659566470367125,15.52066185471276,46.07192081192833,77.81555631283013
3126752,Franciscópolis - MG,890.0,363557.0,564,371661.0,5034.0,4986.0,1811.0,17.679777512912196,49.14411927112093,11.311672683513839,31.143014908890116,72.22030194676202
3126802,Frei Gaspar - MG,1333.0,551351.0,872,592986.0,5640.0,5722.0,2011.0,23.634751773049647,66.28543013426156,15.239426773855296,43.361511685728495,97.7572695035461
3126901,Frei Inocêncio - MG,1779.0,726869.0,1271,840337.0,8226.0,8269.0,3021.0,21.62654996353027,58.887785501489574,15.370661506832748,42.07216153591526,88.36238755166545
3126950,Frei Lagonegro - MG,792.0,319762.0,687,460166.0,3391.0,3486.0,1190.0,23.35594219994102,66.5546218487395,19.707401032702236,57.73109243697479,94.29725744618106
3127008,Fronteira - MG,1011.0,421885.0,998,670123.0,14540.0,14980.0,5464.0,6.953232462173315,18.502928257686676,6.662216288384513,18.265007320644216,29.015474552957357
3127057,Fronteira dos Vales - MG,1445.0,593750.0,1477,972211.0,4345.0,4373.0,1519.0,33.2566168009206,95.12837393021725,33.77544020123485,97.23502304147465,136.6513233601841
3127073,Fruta de Leite - MG,739.0,310487.0,605,420214.0,4647.0,4473.0,1613.0,15.902732945986658,45.81525108493491,13.525598032640286,37.5077495350279,66.81450398106305
3127107,Frutal - MG,2528.0,1019569.0,2942,1998533.0,58588.0,61588.0,23081.0,4.314876766573359,10.952731684069148,4.776904591803598,12.74641480005199,17.40235201747798
3127206,Funilândia - MG,605.0,248194.0,473,307066.0,4686.0,4981.0,1707.0,12.910798122065728,35.4422964264792,9.496085123469182,27.709431751611014,52.96500213401622
3127305,Galiléia - MG,810.0,328997.0,604,409416.0,6222.0,6209.0,2305.0,13.018322082931533,35.140997830802604,9.72781446287647,26.203904555314534,52.87640630022501
3127339,Gameleiras - MG,742.0,307260.0,852,576073.0,4793.0,4831.0,1747.0,15.480909659920718,42.47281053234116,17.636100186296833,48.769318832283915,64.1059878990194
3127354,Glaucilândia - MG,435.0,175918.0,361,228621.0,2928.0,2991.0,1081.0,14.85655737704918,40.24051803885291,12.069541959210966,33.3950046253469,60.08128415300546
3127370,Goiabeira - MG,429.0,173627.0,436,293545.0,2830.0,2849.0,1141.0,15.159010600706713,37.59859772129711,15.303615303615304,38.21209465381244,61.35229681978799
3127388,Goianá - MG,454.0,186010.0,340,217738.0,4053.0,4237.0,1561.0,11.201579077226747,29.08392056374119,8.0245456691055,21.780909673286356,45.89439921046139
3127404,Gonçalves - MG,131.0,52421.0,149,94957.0,4727.0,4951.0,1826.0,2.771313729638248,7.174151150054764,3.0094930317107655,8.159912376779847,11.08969748254707
3127503,Gonzaga - MG,685.0,277811.0,586,390669.0,5230.0,5202.0,1797.0,13.097514340344167,38.119087367835284,11.264898116109189,32.60990539788536,53.118738049713194
3127602,Gouveia - MG,757.0,305702.0,725,475309.0,11331.0,11524.0,4003.0,6.68078722089842,18.910816887334498,6.291218326969802,18.111416437671746,26.97926043597211
3127701,Governador Valadares - MG,16171.0,6536901.0,12848,8634893.0,257171.0,266478.0,97764.0,6.288034031830961,16.540853483900005,4.821411148387484,13.1418518063909,25.41849975308258
3127800,Grão Mogol - MG,1719.0,698360.0,1506,1030097.0,13901.0,13987.0,4805.0,12.366016833321344,35.77523413111342,10.767140916565381,31.3423517169615,50.238112366016836
3127909,Grupiara - MG,23.0,9221.0,27,16360.0,1392.0,1430.0,563.0,1.6522988505747127,4.085257548845471,1.8881118881118881,4.7957371225577266,6.624281609195402
3128006,Guanhães - MG,3248.0,1323667.0,3723,2504656.0,32244.0,33596.0,11920.0,10.07319191167349,27.248322147651006,11.081676390046434,31.233221476510067,41.05157548691229
3128105,Guapé - MG,604.0,245042.0,706,470120.0,13772.0,14079.0,5179.0,4.385710136508859,11.662483104846496,5.014560693231053,13.631975284804016,17.79276793494046
3128204,Guaraciaba - MG,1085.0,441079.0,838,585190.0,9753.0,9882.0,3522.0,11.124782118322567,30.806360022714365,8.48006476421777,23.793299261783076,45.224956423664516
3128253,Guaraciama - MG,1186.0,483816.0,883,600688.0,5051.0,5245.0,1857.0,23.48049891110671,63.86645126548196,16.835081029551954,47.549811523963385,95.78618095426648
3128303,Guaranésia - MG,875.0,354030.0,823,550665.0,19150.0,19679.0,6867.0,4.569190600522194,12.7420998980632,4.18212307535952,11.98485510412116,18.487206266318537
3128402,Guarani - MG,749.0,305997.0,604,401815.0,7714.0,7685.0,2867.0,9.70961887477314,26.124869201255667,7.85946649316851,21.067317753749563,39.66774695359087
3128501,Guarará - MG,584.0,239346.0,435,286963.0,3149.0,3052.0,1150.0,18.545570022229278,50.78260869565217,14.252948885976409,37.82608695652174,76.0069863448714
3128600,Guarda-Mor - MG,414.0,167054.0,485,337987.0,6539.0,6689.0,2407.0,6.331243309374522,17.199833818030744,7.250710121094334,20.1495637723307,25.547331396237958
3128709,Guaxupé - MG,1801.0,734603.0,2287,1526557.0,50911.0,52862.0,19114.0,3.537545913456817,9.422412891074606,4.3263591994249175,11.965051794496182,14.42916069218833
3128808,Guidoval - MG,724.0,294165.0,734,515465.0,7131.0,7285.0,2764.0,10.152853737203758,26.193921852387845,10.075497597803706,26.555716353111432,41.251577618847286
3128907,Guimarânia - MG,1116.0,452757.0,928,646288.0,8478.0,8948.0,2922.0,13.163481953290871,38.19301848049281,10.371032632990612,31.759069130732374,53.403750884642605
3129004,Guiricema - MG,817.0,329036.0,635,420431.0,7778.0,7759.0,3039.0,10.503985600411417,26.88384336952945,8.18404433561026,20.895031260282988,42.3034199022885
3129103,Gurinhatã - MG,532.0,213212.0,441,298041.0,5192.0,5107.0,2139.0,10.24653312788906,24.87143525011688,8.635206579205013,20.61711079943899,41.06548536209553
3129202,Heliodora - MG,327.0,133363.0,288,200472.0,6134.0,6283.0,2322.0,5.330942288881643,14.082687338501293,4.583797548941589,12.4031007751938,21.741604173459407
3129301,Iapu - MG,1161.0,465931.0,1045,696777.0,12030.0,12675.0,4054.0,9.650872817955113,28.638381845091267,8.24457593688363,25.777010360138135,38.730756442227765
3129400,Ibertioga - MG,565.0,228900.0,492,327212.0,5198.0,5357.0,1930.0,10.869565217391305,29.27461139896373,9.184244913197686,25.492227979274613,44.03616775682955
3129509,Ibiá - MG,1708.0,689702.0,1646,1126823.0,22229.0,22515.0,8377.0,7.683656484772144,20.38916079742151,7.310681767710415,19.64903903545422,31.027126726348463
3129608,Ibiaí - MG,1198.0,529374.0,1200,834368.0,6286.0,6094.0,2214.0,19.058224626153358,54.11020776874435,19.691499835904168,54.200542005420054,84.21476296531976
3129657,Ibiracatu - MG,1042.0,422468.0,817,561784.0,5081.0,5089.0,1774.0,20.507774060224364,58.73731679819617,16.05423462369817,46.05411499436302,83.14662468018106
3129707,Ibiraci - MG,876.0,362025.0,1003,705265.0,10948.0,10753.0,3810.0,8.001461454146876,22.992125984251967,9.327629498744537,26.325459317585302,33.0676835951772
3129806,Ibirité - MG,12933.0,5227658.0,11868,7998113.0,170537.0,180404.0,58753.0,7.583691515624175,22.01249297908192,6.578568102702823,20.199819583680835,30.654098524073955
3129905,Ibitiúra de Minas - MG,252.0,102539.0,205,132443.0,3365.0,3441.0,1323.0,7.488855869242199,19.047619047619047,5.957570473699506,15.495086923658352,30.472213967310548
3130002,Ibituruna - MG,278.0,115466.0,215,141920.0,2698.0,2726.0,967.0,10.303928836174945,28.74870734229576,7.8870139398385914,22.233712512926576,42.79688658265382
3130051,Icaraí de Minas - MG,1734.0,714985.0,1424,970925.0,10677.0,10917.0,3276.0,16.240516999157066,52.93040293040293,13.043876522854264,43.46764346764347,66.96497143392338
3130101,Igarapé - MG,3601.0,1465065.0,3040,2033828.0,45847.0,49729.0,15895.0,7.854385237856349,22.65492293173954,6.113133181845603,19.125511167033658,31.955525988614305
3130200,Igaratinga - MG,322.0,130246.0,308,201159.0,10830.0,11434.0,3839.0,2.9732225300092336,8.387600937744205,2.6937204827706838,8.022922636103152,12.0264081255771
3130309,Iguatama - MG,601.0,246236.0,378,254525.0,6826.0,6723.0,2706.0,8.80457075886317,22.20990391722099,5.622489959839357,13.968957871396896,36.073249340755936
3130408,Ijaci - MG,479.0,204927.0,564,381586.0,7003.0,7422.0,2366.0,6.83992574610881,20.245139475908708,7.599029911075182,23.837700760777683,29.26274453805512
3130507,Ilicínea - MG,640.0,259393.0,773,542806.0,12741.0,13321.0,4616.0,5.023153598618633,13.864818024263432,5.802867652578636,16.746100519930675,20.358920021976296
3130556,Imbé de Minas - MG,1324.0,532861.0,1172,790469.0,6986.0,7277.0,2542.0,18.952190094474663,52.08497246262785,16.1055379964271,46.10542879622344,76.2755511022044
3130606,Inconfidentes - MG,338.0,135612.0,416,287977.0,7301.0,7561.0,2763.0,4.629502807834543,12.233079985522982,5.50191773574924,15.056098443720593,18.574441857279826
3130655,Indaiabira - MG,1327.0,543591.0,1149,767846.0,6346.0,6281.0,2158.0,20.91080995902931,61.49212233549583,18.293265403598152,53.243744207599626,85.65884021430823
3130705,Indianópolis - MG,469.0,190785.0,360,237152.0,6171.0,6314.0,2263.0,7.600064819316156,20.72470172337605,5.701615457713019,15.90808661069377,30.916383082158482
3130804,Ingaí - MG,159.0,64231.0,180,122568.0,2580.0,2630.0,936.0,6.162790697674419,16.987179487179485,6.844106463878327,19.23076923076923,24.895736434108528
3130903,Inhapim - MG,3598.0,1448360.0,3097,2068621.0,22692.0,22854.0,8620.0,15.855808214348668,41.74013921113689,13.551238295265598,35.928074245939676,63.826899347787766
3131000,Inhaúma - MG,829.0,341723.0,721,485799.0,6239.0,6494.0,2232.0,13.287385799006252,37.1415770609319,11.102556205728364,32.30286738351254,54.772078858791474
3131109,Inimutaba - MG,746.0,303212.0,692,467602.0,7371.0,7642.0,2767.0,10.120743454076788,26.960607155764365,9.05522114629678,25.009035056017346,41.135802469135804
3131158,Ipaba - MG,1531.0,623491.0,970,655163.0,17136.0,17619.0,5747.0,8.934407096171801,26.639986079693752,5.505420284919689,16.87837132416913,36.38486227824463
3131208,Ipanema - MG,2155.0,868569.0,1927,1291943.0,19522.0,20262.0,7570.0,11.03882798893556,28.467635402906208,9.51041358207482,25.4557463672391,44.49180411843049
3131307,Ipatinga - MG,15630.0,6381301.0,12470,8299213.0,227731.0,234930.0,85709.0,6.863360719445311,18.236124561014595,5.307964074405142,14.549230535883046,28.021222407138247
3131406,Ipiaçu - MG,432.0,174914.0,427,287476.0,3775.0,3792.0,1533.0,11.443708609271523,28.180039138943247,11.26054852320675,27.85388127853881,46.334834437086094
3131505,Ipuiúna - MG,481.0,192962.0,284,182188.0,9135.0,9268.0,3347.0,5.265462506841817,14.371078577830893,3.0643072939145446,8.485210636390798,21.12337164750958
3131604,Iraí de Minas - MG,879.0,361692.0,585,369908.0,7180.0,7509.0,2493.0,12.242339832869082,35.25872442839952,7.7906512185377546,23.465703971119133,50.37493036211699
3131703,Itabira - MG,4845.0,1970669.0,4170,2779004.0,113343.0,118342.0,39739.0,4.274635398745401,12.192053146782758,3.523685589224451,10.49346989103903,17.38677289290031
3131802,Itabirinha - MG,1429.0,573845.0,1466,995040.0,10362.0,10537.0,3915.0,13.790773981856784,36.500638569604085,13.912878428395178,37.44572158365262,55.37975294344721
3131901,Itabirito - MG,1921.0,779241.0,2216,1497442.0,53365.0,56818.0,18149.0,3.5997376557668885,10.584605212408396,3.9001724805519378,12.210039120612706,14.602098753864892
3132008,Itacambira - MG,827.0,342816.0,599,397810.0,4252.0,4191.0,1457.0,19.44967074317968,56.76046671242278,14.292531615366261,41.11187371310913,80.62464722483537
3132107,Itacarambi - MG,2582.0,1064260.0,2613,1797758.0,17208.0,17485.0,5336.0,15.0046490004649,48.38830584707646,14.944237918215613,48.96926536731634,61.846815434681545
3132206,Itaguara - MG,800.0,323129.0,645,415778.0,13846.0,14500.0,5202.0,5.777841976021956,15.378700499807767,4.448275862068965,12.399077277970012,23.337353748374984
3132305,Itaipé - MG,2028.0,873269.0,2007,1416422.0,10463.0,10418.0,3497.0,19.382586256331837,57.99256505576208,19.264734114033402,57.3920503288533,83.46258243333652
3132404,Itajubá - MG,5382.0,2204010.0,4057,2695269.0,93073.0,97065.0,33627.0,5.782557777228627,16.0049959853689,4.179673414722093,12.064709905730513,23.68044438236653
3132503,Itamarandiba - MG,3244.0,1313617.0,3337,2253543.0,32948.0,34279.0,11699.0,9.845817652057788,27.728865715018376,9.73482306951778,28.52380545345756,39.869400267087535
3132602,Itamarati de Minas - MG,399.0,162859.0,291,196804.0,3690.0,3692.0,1385.0,10.8130081300813,28.8086642599278,7.881906825568797,21.010830324909747,44.13523035230352
3132701,Itambacuri - MG,4482.0,1844874.0,2654,1808912.0,21042.0,21129.0,7402.0,21.300256629597946,60.55120237773575,12.560935207534667,35.855174277222375,87.67579127459366
3132800,Itambé do Mato Dentro - MG,190.0,77612.0,242,161762.0,2142.0,2162.0,828.0,8.870214752567694,22.946859903381643,11.193339500462535,29.22705314009662,36.23342670401494
3132909,Itamogi - MG,533.0,215412.0,507,350829.0,10770.0,11120.0,4048.0,4.948932219127205,13.16699604743083,4.559352517985611,12.524703557312254,20.001114206128133
3133006,Itamonte - MG,790.0,318816.0,984,662590.0,14786.0,15294.0,5289.0,5.342891924793724,14.936660994516922,6.433895645351118,18.6046511627907,21.56201812525362
3133105,Itanhandu - MG,623.0,252947.0,599,392502.0,15236.0,15815.0,5491.0,4.088999737463901,11.345838645055546,3.787543471387923,10.90875978874522,16.601929640325544
3133204,Itanhomi - MG,717.0,287834.0,567,393953.0,11128.0,11233.0,4286.0,6.443206326383897,16.728884741017264,5.047627526039348,13.22911805879608,25.865744069015097
3133303,Itaobim - MG,2474.0,1022763.0,2123,1437903.0,19151.0,19177.0,6895.0,12.91838546290011,35.881073241479335,11.070553266934349,30.79042784626541,53.4052007728056
3133402,Itapagipe - MG,1034.0,418346.0,907,591618.0,13690.0,14024.0,5425.0,7.552958363769174,19.05990783410138,6.46748431260696,16.71889400921659,30.558509861212563
3133501,Itapecerica - MG,1189.0,481825.0,844,553957.0,21046.0,21450.0,7975.0,5.649529601824574,14.909090909090908,3.9347319347319347,10.58307210031348,22.893899078209635
3133600,Itapeva - MG,756.0,306684.0,706,469400.0,12692.0,13778.0,4448.0,5.956508036558462,16.996402877697843,5.124110901437073,15.872302158273381,24.163567601638828
3133709,Itatiaiuçu - MG,637.0,258723.0,687,462394.0,12966.0,13945.0,4590.0,4.912848989665278,13.877995642701524,4.9264969523126565,14.967320261437909,19.953956501619622
3133758,Itaú de Minas - MG,565.0,227300.0,459,304557.0,14406.0,14614.0,5389.0,3.921976954046925,10.484319910929672,3.1408238675242917,8.517350157728707,15.778147993891434
3133808,Itaúna - MG,3219.0,1303468.0,2733,1836388.0,97669.0,104002.0,36796.0,3.295825696997,8.7482335036417,2.627834080113844,7.427437764974454,13.345769896282341
3133907,Itaverava - MG,532.0,217936.0,528,358141.0,5642.0,5742.0,1995.0,9.429280397022332,26.666666666666668,9.195402298850574,26.466165413533833,38.62743707904998
3134004,Itinga - MG,2494.0,1033363.0,2083,1412396.0,13745.0,13928.0,4573.0,18.144779919970897,54.53750273343538,14.955485353245262,45.54996719877542,75.18101127682793
3134103,Itueta - MG,730.0,296126.0,898,608640.0,6055.0,6249.0,2235.0,12.056151940545003,32.66219239373602,14.370299247879661,40.17897091722595,48.90602807597027
3134202,Ituiutaba - MG,3883.0,1562175.0,4451,2899655.0,102217.0,107133.0,39977.0,3.798781024682783,9.713085023888736,4.154648894364948,11.133901993646347,15.28292749738302
3134301,Itumirim - MG,838.0,341392.0,619,414624.0,6638.0,6906.0,2413.0,12.624284423018981,34.72855366763365,8.963220388068347,25.652714463323665,51.42994877975294
3134400,Iturama - MG,3936.0,1601759.0,3572,2456737.0,38295.0,40493.0,14911.0,10.27810419114767,26.396619945007043,8.821277751710172,23.95546911675944,41.82684423553989
3134509,Itutinga - MG,264.0,107378.0,253,167492.0,4217.0,4384.0,1631.0,6.260374673938819,16.18638871857756,5.770985401459854,15.511955855303494,25.463125444628883
3134608,Jaboticatubas - MG,1223.0,499355.0,1307,886493.0,20406.0,21609.0,7730.0,5.993335293541115,15.821474773609314,6.048405756860567,16.908150064683053,24.47098892482603
3134707,Jacinto - MG,1906.0,792613.0,1730,1143530.0,11042.0,11064.0,4184.0,17.26136569462054,45.55449330783939,15.636297903109183,41.347992351816444,71.78165187466038
3134806,Jacuí - MG,378.0,152058.0,525,374530.0,7495.0,7672.0,2816.0,5.0433622414943295,13.423295454545455,6.843065693430657,18.64346590909091,20.28792528352235
3134905,Jacutinga - MG,799.0,324134.0,790,523376.0,25525.0,27060.0,9082.0,3.1302644466209597,8.797621669235852,2.919438285291944,8.698524554062981,12.698687561214495
3135001,Jaguaraçu - MG,228.0,91683.0,199,131067.0,3092.0,3188.0,1118.0,7.373868046571798,20.39355992844365,6.242158092848181,17.79964221824687,29.65168175937904
3135050,Jaíba - MG,7400.0,3076379.0,6554,4616256.0,37660.0,39884.0,12100.0,19.649495485926714,61.15702479338843,16.432654698626017,54.16528925619835,81.68823685608072
3135076,Jampruca - MG,866.0,362489.0,576,391424.0,4296.0,4229.0,1573.0,20.15828677839851,55.05403687221869,13.620241191771104,36.61792752701844,84.37825884543761
3135100,Janaúba - MG,8148.0,3297464.0,7201,4872713.0,70699.0,73814.0,24287.0,11.52491548678199,33.5488121217112,9.755601918335275,29.64960678552312,46.64088600970311
3135209,Januária - MG,11010.0,4649698.0,9380,6446943.0,65150.0,67157.0,21452.0,16.899462778204143,51.32388588476599,13.967270723826259,43.7255267574119,71.36911742133537
3135308,Japaraíba - MG,246.0,100743.0,180,119392.0,4506.0,4738.0,1542.0,5.459387483355526,15.95330739299611,3.799071338117349,11.673151750972762,22.357523302263647
3135357,Japonvar - MG,1361.0,548941.0,1353,916551.0,8127.0,8411.0,2860.0,16.746646979205117,47.58741258741259,16.086077755320414,47.30769230769231,67.54534268487757
3135407,Jeceaba - MG,439.0,177131.0,403,260316.0,6197.0,6522.0,2262.0,7.084072938518638,19.407603890362513,6.179086169886538,17.816091954022987,28.58334678070034
3135456,Jenipapo de Minas - MG,610.0,255847.0,667,457902.0,6100.0,6022.0,2081.0,10.0,29.312830370014417,11.076054466954501,32.05189812590101,41.942131147540984
3135506,Jequeri - MG,1394.0,563267.0,1319,888076.0,12419.0,12621.0,4489.0,11.22473629116676,31.053686789930943,10.450835908406624,29.382936065938964,45.35526209839762
3135605,Jequitaí - MG,2163.0,874187.0,1423,952237.0,6484.0,6304.0,2465.0,33.359037631091915,87.74847870182556,22.57296954314721,57.72819472616633,134.82217766810612
3135704,Jequitibá - MG,561.0,225807.0,549,371090.0,5883.0,6184.0,2248.0,9.535951045385008,24.955516014234874,8.877749029754204,24.42170818505338,38.382967873533914
3135803,Jequitinhonha - MG,3964.0,1635678.0,3097,2095468.0,24007.0,24523.0,8310.0,16.511850710209522,47.70156438026474,12.628960567630388,37.26835138387485,68.13337776481859
3135902,Jesuânia - MG,614.0,247800.0,589,401886.0,5138.0,5342.0,1914.0,11.950175165434022,32.079414838035525,11.025833021340322,30.77324973876698,48.228882833787466
3136009,Joaíma - MG,3653.0,1515021.0,2704,1818027.0,13888.0,13988.0,4681.0,26.30328341013825,78.03888058107242,19.33085501858736,57.765434736167485,109.08849366359448
3136108,Joanésia - MG,625.0,252524.0,532,343475.0,4329.0,4191.0,1681.0,14.437514437514437,37.180249851279,12.693867811978048,31.647828673408686,58.33310233310233
3136207,João Monlevade - MG,3413.0,1401236.0,3129,2071713.0,80187.0,84198.0,29255.0,4.256300896654071,11.666381815074347,3.716240290743248,10.69560758844642,17.474603115218176
3136306,João Pinheiro - MG,4705.0,1916987.0,4459,3021411.0,46801.0,48906.0,17082.0,10.053203991367706,27.543613160051517,9.117490696438065,26.103500761035008,40.96038546184911
3136405,Joaquim Felício - MG,715.0,290289.0,623,412689.0,3854.0,3847.0,1462.0,18.55215360664245,48.90560875512996,16.194437223810763,42.61285909712722,75.32148417228854
3136504,Jordânia - MG,966.0,397741.0,912,622266.0,10304.0,10546.0,3472.0,9.375,27.822580645161292,8.647828560591693,26.267281105990783,38.60064052795031
3136520,José Gonçalves de Minas - MG,661.0,270328.0,517,340702.0,3969.0,3935.0,1384.0,16.654069035021415,47.76011560693642,13.138500635324016,37.35549132947977,68.10985134794659
3136553,José Raydan - MG,776.0,313565.0,547,363069.0,4268.0,4345.0,1576.0,18.181818181818183,49.23857868020305,12.589182968929805,34.70812182741117,73.46883786316776
3136579,Josenópolis - MG,730.0,304048.0,571,384838.0,3630.0,3511.0,1232.0,20.110192837465565,59.253246753246756,16.263172885217887,46.3474025974026,83.75977961432507
3136603,Nova União - MG,845.0,345619.0,672,451240.0,5909.0,6129.0,2172.0,14.300220003384668,38.904235727440145,10.9642682329907,30.939226519337016,58.490269081062785
3136652,Juatuba - MG,3372.0,1377646.0,2892,1941111.0,30716.0,33730.0,10650.0,10.977991926032036,31.661971830985916,8.573969759857693,27.154929577464788,44.85108738116942
3136702,Juiz de Fora - MG,24389.0,9943644.0,24879,16837165.0,540756.0,569588.0,210953.0,4.510167247335212,11.56134304797751,4.367893986530615,11.793622276052012,18.388411779064864
3136801,Juramento - MG,686.0,281085.0,547,362220.0,3768.0,3782.0,1384.0,18.205944798301488,49.566473988439306,14.463246959280804,39.52312138728324,74.59792993630573
3136900,Juruaia - MG,326.0,131251.0,460,325700.0,11084.0,11755.0,4009.0,2.9411764705882355,8.131703666749813,3.913228413441089,11.474183088051884,11.841483219054492
3136959,Juvenília - MG,1017.0,432227.0,1013,691321.0,5789.0,5945.0,1836.0,17.567801001900154,55.3921568627451,17.039529015979817,55.17429193899782,74.66349974088789
3137007,Ladainha - MG,2125.0,891258.0,2179,1524104.0,14383.0,14134.0,4706.0,14.774386428422444,45.15512112197195,15.41672562614971,46.30259243518912,61.96607105610791
3137106,Lagamar - MG,748.0,302137.0,616,406859.0,6631.0,6576.0,2781.0,11.280349871814206,26.896799712333692,9.367396593673966,22.150305645451276,45.564319107223646
3137205,Lagoa da Prata - MG,2777.0,1130921.0,2600,1667551.0,51412.0,54251.0,18388.0,5.401462693534583,15.102240591690233,4.792538386389191,14.139656297585383,21.997218548198862
3137304,Lagoa dos Patos - MG,755.0,304299.0,562,378900.0,3313.0,3191.0,1206.0,22.789012979172956,62.60364842454395,17.612033845189597,46.60033167495854,91.84998490793842
3137403,Lagoa Dourada - MG,677.0,274773.0,867,595359.0,12769.0,13186.0,4109.0,5.301903046440598,16.47602823071307,6.5751554679205215,21.100024336821612,21.518756363066803
3137502,Lagoa Formosa - MG,1371.0,557349.0,1372,926962.0,18904.0,19716.0,7046.0,7.252433347439696,19.457848424638094,6.958815175491986,19.472040874254898,29.483125264494287
3137536,Lagoa Grande - MG,827.0,338473.0,632,409314.0,8969.0,9257.0,3389.0,9.220648901772773,24.40247860725878,6.827265852868099,18.648568899380347,37.73809789274166
3137601,Lagoa Santa - MG,3132.0,1267531.0,3731,2473205.0,75145.0,82544.0,27431.0,4.167941978840908,11.417739054354563,4.520013568521032,13.601399876052641,16.867802248985296
3137700,Lajinha - MG,2793.0,1123008.0,2387,1612558.0,20835.0,21577.0,7644.0,13.405327573794096,36.53846153846154,11.062705658803356,31.227106227106226,53.90007199424046
3137809,Lambari - MG,1433.0,579044.0,1694,1128374.0,20414.0,21066.0,7577.0,7.019692367982757,18.912498350270557,8.041393714990981,22.35713343011746,28.365043597531105
3137908,Lamim - MG,379.0,153216.0,326,212992.0,3184.0,3201.0,1192.0,11.903266331658292,31.79530201342282,10.184317400812246,27.348993288590606,48.120603015075375
3138005,Laranjal - MG,695.0,281626.0,439,284004.0,5963.0,5995.0,2294.0,11.65520711051484,30.29642545771578,7.322768974145121,19.136878814298168,47.228911621666946
3138104,Lassance - MG,1240.0,507572.0,1096,739880.0,7124.0,7436.0,2556.0,17.405951712521055,48.5133020344288,14.739107046799354,42.87949921752739,71.24817518248175
3138203,Lavras - MG,4871.0,1966408.0,4815,3181888.0,104761.0,111437.0,38931.0,4.649631064995561,12.511879992807788,4.320827014366862,12.368035755567542,18.770420289993414
3138302,Leandro Ferreira - MG,185.0,74628.0,213,147240.0,3199.0,3273.0,1210.0,5.78305720537668,15.289256198347108,6.507791017415215,17.60330578512397,23.32854016880275
3138351,Leme do Prado - MG,458.0,187895.0,400,272144.0,4341.0,4343.0,1526.0,10.550564386086155,30.013106159895152,9.210223347916187,26.212319790301443,43.283805574752364
3138401,Leopoldina - MG,3244.0,1308246.0,2960,1992073.0,51145.0,52779.0,19187.0,6.342751002052987,16.907280971491115,5.608291176414862,15.427112107155887,25.57915729787858
3138500,Liberdade - MG,532.0,214025.0,458,298979.0,4737.0,4715.0,1812.0,11.230736753219338,29.3598233995585,9.713679745493106,25.275938189845476,45.18154950390542
3138609,Lima Duarte - MG,1457.0,595491.0,1292,858199.0,17221.0,17847.0,6876.0,8.460600429707915,21.189645142524725,7.239311929175772,18.78999418266434,34.579350792636895
3138625,Limeira do Oeste - MG,346.0,142486.0,274,177869.0,8687.0,9290.0,3320.0,3.9829630482329916,10.421686746987952,2.9494079655543595,8.25301204819277,16.402210199148154
3138658,Lontra - MG,1793.0,728719.0,1387,934083.0,8790.0,8958.0,3028.0,20.398179749715585,59.21400264200793,15.483366822951552,45.80581241743725,82.90318543799772
3138674,Luisburgo - MG,819.0,332069.0,747,518727.0,6956.0,7281.0,2436.0,11.774008050603795,33.62068965517241,10.259579728059332,30.665024630541872,47.738499137435305
3138682,Luislândia - MG,1213.0,505998.0,1098,766091.0,6210.0,6316.0,1981.0,19.533011272141707,61.23170116102978,17.384420519316024,55.42655224634023,81.48115942028986
3138708,Luminárias - MG,400.0,162427.0,431,285357.0,5586.0,5756.0,2122.0,7.160759040458289,18.85014137606032,7.487838776928423,20.311027332704995,29.077515216612962
3138807,Luz - MG,1152.0,468903.0,1128,738553.0,17875.0,18366.0,6769.0,6.444755244755245,17.01876200325011,6.141783730806925,16.664204461515734,26.232335664335665
3138906,Machacalis - MG,1568.0,637361.0,1081,716325.0,6487.0,6534.0,2434.0,24.171419762602127,64.42070665571076,16.544230180593818,44.412489728841415,98.25204254663173
3139003,Machado - MG,2006.0,809286.0,2178,1465144.0,37684.0,38788.0,13105.0,5.323214096168135,15.307134681419306,5.615138702691554,16.619610835558948,21.475586455790257
3139102,Madre de Deus de Minas - MG,265.0,106981.0,312,204895.0,5191.0,5378.0,1914.0,5.104989404738971,13.845350052246603,5.8014131647452585,16.300940438871475,20.608938547486034
3139201,Malacacheta - MG,1755.0,713535.0,1618,1084644.0,17516.0,17635.0,6424.0,10.01941082438913,27.319427148194272,9.174936206407711,25.186799501867995,40.736184060287734
3139250,Mamonas - MG,958.0,385328.0,731,451377.0,5997.0,6068.0,2352.0,15.974653993663498,40.7312925170068,12.046802900461437,31.079931972789115,64.25346006336501
3139300,Manga - MG,3192.0,1332165.0,2978,2038912.0,18886.0,19109.0,6117.0,16.901408450704224,52.182442373712604,15.584279658799518,48.68399542259277,70.53717039076565
3139409,Manhuaçu - MG,3621.0,1465781.0,3877,2664689.0,91886.0,98067.0,33275.0,3.940752671788956,10.882043576258452,3.953419600885109,11.651389932381669,15.95216899201184
3139508,Manhumirim - MG,3568.0,1446415.0,2375,1604448.0,20613.0,20910.0,7653.0,17.309464900790765,46.62223964458382,11.35820181731229,31.03358160198615,70.17003832532868
3139607,Mantena - MG,2213.0,892165.0,2374,1604568.0,26535.0,27342.0,10157.0,8.339928396457509,21.787929506744117,8.682612830078268,23.37304322142365,33.62219709817222
3139706,Maravilhas - MG,947.0,388926.0,901,605155.0,7333.0,7545.0,2527.0,12.914223373789717,37.47526711515631,11.941683233929755,35.654926790660866,53.03777444429292
3139805,Mar de Espanha - MG,641.0,261786.0,613,416731.0,12721.0,13238.0,4768.0,5.038912035217357,13.443791946308725,4.630608853301103,12.856543624161073,20.579042528103137
3139904,Maria da Fé - MG,1260.0,517742.0,1257,857725.0,14247.0,14577.0,4782.0,8.843967150979154,26.348808030112924,8.623173492488167,26.28607277289837,36.34042254509721
3140001,Mariana - MG,5949.0,2444178.0,5585,3820265.0,61387.0,64929.0,21714.0,9.69097691693681,27.39707101409229,8.601703399097476,25.720733167541677,39.81588935768159
3140100,Marilac - MG,822.0,337578.0,633,430991.0,4224.0,4325.0,1565.0,19.460227272727273,52.52396166134185,14.635838150289016,40.447284345047926,79.9190340909091
3140159,Mário Campos - MG,1282.0,523933.0,973,630077.0,15900.0,16855.0,5434.0,8.062893081761006,23.592197276407802,5.772767724710769,17.905778432094223,32.95176100628931
3140209,Maripá de Minas - MG,165.0,66230.0,168,120712.0,3387.0,3600.0,1233.0,4.871567759078831,13.38199513381995,4.666666666666667,13.62530413625304,19.554177738411575
3140308,Marliéria - MG,337.0,136292.0,326,223070.0,4592.0,4829.0,1712.0,7.338850174216028,19.684579439252335,6.7508800993994615,19.042056074766354,29.680313588850176
3140407,Marmelópolis - MG,384.0,154580.0,379,262616.0,3200.0,3328.0,1189.0,12.0,32.29604709840202,11.388221153846153,31.875525651808243,48.30625
3140506,Martinho Campos - MG,995.0,407617.0,1145,811091.0,14003.0,14626.0,5315.0,7.105620224237663,18.720602069614298,7.828524545330234,21.54280338664158,29.109262300935512
3140530,Martins Soares - MG,1279.0,516825.0,1186,822749.0,8396.0,8866.0,2997.0,15.233444497379704,42.67600934267601,13.37694563501015,39.57290623957291,61.55609814197237
3140555,Mata Verde - MG,1782.0,733740.0,1620,1079773.0,9112.0,9602.0,2914.0,19.55662862159789,61.15305422100206,16.87148510726932,55.59368565545642,80.52458296751536
3140605,Materlândia - MG,766.0,315277.0,650,433810.0,3963.0,3918.0,1417.0,19.328791319707292,54.05786873676782,16.590096988259315,45.87155963302752,79.55513499873832
3140704,Mateus Leme - MG,2799.0,1139410.0,2082,1397215.0,37841.0,41371.0,13856.0,7.3967389868132445,20.200635103926096,5.032510695898093,15.025981524249422,30.110462197087816
3140803,Matias Barbosa - MG,851.0,348094.0,906,619936.0,14121.0,14590.0,5234.0,6.026485376389774,16.25907527703477,6.209732693625771,17.3098968284295,24.650803767438568
3140852,Matias Cardoso - MG,1500.0,617581.0,1459,996253.0,8895.0,8871.0,2885.0,16.863406408094434,51.99306759098787,16.44684928418442,50.57192374350087,69.4301292861158
3140902,Matipó - MG,3313.0,1344818.0,2624,1781238.0,18552.0,19173.0,6209.0,17.85791289348857,53.35802866806249,13.685912481093204,42.261233693026256,72.48911168607158
3141009,Mato Verde - MG,1866.0,748962.0,1769,1188152.0,12038.0,12183.0,4630.0,15.500913773052002,40.30237580993521,14.520233111713043,38.207343412526996,62.21648114304702
3141108,Matozinhos - MG,2714.0,1099148.0,2334,1553967.0,37618.0,39753.0,13310.0,7.214631293529693,20.39068369646882,5.87125499962267,17.535687453042826,29.21867191238237
3141207,Matutina - MG,173.0,69883.0,192,140641.0,3814.0,3917.0,1575.0,4.535920293654955,10.984126984126984,4.901710492724024,12.19047619047619,18.32275825904562
3141306,Medeiros - MG,328.0,134509.0,298,205410.0,3900.0,4094.0,1428.0,8.41025641025641,22.969187675070028,7.278944797264289,20.868347338935575,34.48948717948718
3141405,Medina - MG,2628.0,1064752.0,2246,1511089.0,20156.0,20421.0,7244.0,13.038301250248065,36.27829928216455,10.9984819548504,31.00496963003865,52.82556062710855
3141504,Mendes Pimentel - MG,745.0,303651.0,595,394760.0,5606.0,5580.0,2240.0,13.289332857652516,33.25892857142857,10.663082437275985,26.5625,54.1653585444167
3141603,Mercês - MG,920.0,372092.0,798,536268.0,10373.0,10621.0,4065.0,8.869179600886918,22.63222632226322,7.5134168157423975,19.6309963099631,35.87120408753495
3141702,Mesquita - MG,563.0,231779.0,388,260298.0,5040.0,4934.0,1837.0,11.170634920634921,30.647795318454,7.863802188893393,21.121393576483396,45.987896825396824
3141801,Minas Novas - MG,3075.0,1249810.0,2701,1816236.0,24405.0,23514.0,8231.0,12.599877074370006,37.358765642084805,11.486773836863145,32.81496780464099,51.21122720753944
3141900,Minduri - MG,341.0,137571.0,287,180401.0,3741.0,3808.0,1353.0,9.115209836941995,25.203252032520325,7.536764705882353,21.21212121212121,36.7738572574178
3142007,Mirabela - MG,1867.0,762391.0,1888,1260415.0,13651.0,14110.0,4539.0,13.676653725001831,41.13240801938753,13.3805811481219,41.59506499228905,55.84872903084023
3142106,Miradouro - MG,880.0,353166.0,579,379140.0,8968.0,8899.0,3531.0,9.812667261373774,24.922118380062305,6.506349027980672,16.397621070518266,39.3806868867083
3142205,Miraí - MG,876.0,356343.0,829,567434.0,13633.0,13920.0,4990.0,6.425584977627815,17.55511022044088,5.955459770114943,16.613226452905813,26.138267439301693
3142254,Miravânia - MG,666.0,271697.0,583,403522.0,3985.0,3955.0,1354.0,16.71267252195734,49.18759231905465,14.740834386852086,43.057607090103396,68.17992471769134
3142304,Moeda - MG,497.0,202614.0,351,232637.0,5125.0,5340.0,1857.0,9.697560975609756,26.7635971997846,6.573033707865169,18.901453957996768,39.534439024390245
3142403,Moema - MG,496.0,202387.0,557,385919.0,7548.0,7843.0,2824.0,6.571277159512453,17.56373937677054,7.101874282799949,19.723796033994333,26.81332803391627
3142502,Monjolos - MG,171.0,68800.0,182,120786.0,2169.0,2178.0,828.0,7.8838174273858925,20.652173913043477,8.356290174471992,21.980676328502415,31.719686491470725
3142601,Monsenhor Paulo - MG,544.0,218381.0,387,237834.0,8340.0,8579.0,3004.0,6.522781774580336,18.10918774966711,4.51101526984497,12.882822902796272,26.184772182254196
3142700,Montalvânia - MG,2387.0,990264.0,1966,1327636.0,14060.0,13982.0,4796.0,16.97724039829303,49.77064220183486,14.060935488485196,40.992493744787325,70.43129445234709
3142809,Monte Alegre de Minas - MG,1747.0,706364.0,1626,1091027.0,20170.0,20748.0,7826.0,8.661378284581062,22.323025811397905,7.8368999421631,20.77689752108357,35.02052553296976
3142908,Monte Azul - MG,3077.0,1240550.0,2810,1887107.0,20328.0,20421.0,7727.0,15.136757182211728,39.821405461369224,13.760344743156555,36.36598938786075,61.026662731208184
3143005,Monte Belo - MG,731.0,294023.0,765,510217.0,13046.0,13353.0,4888.0,5.603250038325924,14.954991816693944,5.729049651763648,15.650572831423895,22.537406101487047
3143104,Monte Carmelo - MG,1060.0,425088.0,1217,836975.0,47692.0,49637.0,18237.0,2.222594984483771,5.812359488951033,2.4518000684972905,6.6732466962768,8.91319298834186
3143153,Monte Formoso - MG,678.0,284316.0,583,409361.0,4381.0,4425.0,1454.0,15.475918740013695,46.62998624484182,13.175141242937853,40.09628610729023,64.8975119835654
3143203,Monte Santo de Minas - MG,1379.0,561262.0,1185,784065.0,20890.0,21288.0,7973.0,6.601244614648157,17.295873573309922,5.56651634723788,14.86266148250345,26.867496409765437
3143302,Montes Claros - MG,21175.0,8520582.0,26210,17732624.0,414240.0,440700.0,144797.0,5.111770954036308,14.623921766334938,5.9473564783299295,18.101203754221427,20.569191772885283
3143401,Monte Sião - MG,998.0,404456.0,1339,927787.0,24089.0,25271.0,9215.0,4.142969820249907,10.830168204015193,5.2985635708915355,14.530656538252849,16.790070156502967
3143450,Montezuma - MG,1037.0,420135.0,1060,716362.0,6888.0,6925.0,2267.0,15.055168408826946,45.743273048081164,15.306859205776174,46.75782973092193,60.99520905923345
3143500,Morada Nova de Minas - MG,223.0,92365.0,285,198187.0,9067.0,9462.0,3432.0,2.4594684018969892,6.497668997668998,3.0120481927710845,8.304195804195805,10.186941656556744
3143609,Morro da Garça - MG,189.0,76281.0,223,148061.0,2411.0,2414.0,917.0,7.839070924927416,20.610687022900763,9.23777961888981,24.318429661941114,31.638739112401492
3143708,Morro do Pilar - MG,469.0,190706.0,412,272427.0,3133.0,3149.0,1117.0,14.969677625279285,41.98746642793196,13.083518577326135,36.88451208594449,60.87009256303862
3143807,Munhoz - MG,446.0,182309.0,655,462273.0,7451.0,7997.0,2671.0,5.985773721648101,16.697865967802322,8.190571464299111,24.522650692624484,24.467722453361965
3143906,Muriaé - MG,6514.0,2638559.0,6113,4075695.0,104108.0,108716.0,39416.0,6.256963922080916,16.526283742642583,5.622907391736267,15.508930383600568,25.34444038882699
3144003,Mutum - MG,2065.0,834366.0,1789,1189272.0,27635.0,28824.0,10226.0,7.4724081780351,20.19362409544299,6.206633361087982,17.494621552904363,30.192364754839875
3144102,Muzambinho - MG,998.0,403023.0,899,635108.0,21891.0,22708.0,8154.0,4.558951167146316,12.239391709590386,3.9589571957019554,11.025263674270297,18.410442647663423
3144201,Nacip Raydan - MG,377.0,155784.0,255,172529.0,2459.0,2365.0,925.0,15.33143554290362,40.75675675675676,10.782241014799155,27.56756756756757,63.35258235054901
3144300,Nanuque - MG,3638.0,1478298.0,2827,1869584.0,35038.0,34989.0,13272.0,10.383012729037045,27.411091018685955,8.079682185829832,21.300482218203737,42.19127804098407
3144359,Naque - MG,935.0,383942.0,1014,693651.0,6303.0,6445.0,2180.0,14.834205933682373,42.88990825688074,15.73312645461598,46.51376146788991,60.914167856576235
3144375,Natalândia - MG,454.0,186461.0,506,344737.0,3520.0,3656.0,1299.0,12.897727272727273,34.949961508852965,13.840262582056893,38.95304080061586,52.971875
3144409,Natércia - MG,233.0,93427.0,236,154477.0,4691.0,4810.0,1814.0,4.966958004689832,12.844542447629548,4.906444906444906,13.009922822491731,19.916222553826476
3144508,Nazareno - MG,852.0,345170.0,672,450377.0,8179.0,8424.0,2976.0,10.416921384032278,28.629032258064516,7.977207977207978,22.580645161290324,42.20198068223499
3144607,Nepomuceno - MG,1611.0,653890.0,1862,1262003.0,25018.0,25741.0,8845.0,6.43936365816612,18.21368004522329,7.233596208383513,21.05144149236857,26.13678151730754
3144656,Ninheira - MG,1709.0,712727.0,1612,1059898.0,10588.0,11011.0,3313.0,16.140914242538724,51.58466646543918,14.639905548996458,48.6568065197706,67.31460143558746
3144672,Nova Belém - MG,611.0,247437.0,519,344451.0,3151.0,3098.0,1181.0,19.390669628689306,51.73581710414903,16.752743705616528,43.94580863674852,78.52649952396065
3144706,Nova Era - MG,1158.0,469388.0,999,657516.0,17438.0,17818.0,6224.0,6.64066980158275,18.605398457583547,5.606689864182288,16.05077120822622,26.91753641472646
3144805,Nova Lima - MG,3921.0,1592456.0,4016,2634435.0,111697.0,122683.0,39805.0,3.510389715032633,9.850521291295063,3.273477172876438,10.089184775781938,14.256927222754417
3144904,Nova Módica - MG,556.0,226580.0,477,323511.0,3663.0,3722.0,1414.0,15.178815178815178,39.32107496463932,12.815690488984417,33.73408769448373,61.85640185640186
3145000,Nova Ponte - MG,666.0,268491.0,826,580121.0,14598.0,15321.0,5100.0,4.562268803945746,13.058823529411764,5.391292996540696,16.19607843137255,18.392314015618577
3145059,Nova Porteirinha - MG,1510.0,617089.0,1175,793438.0,6706.0,6714.0,2254.0,22.517148821950492,66.99201419698313,17.50074471254096,52.129547471162375,92.02042946614972
3145109,Nova Resende - MG,1046.0,420670.0,1047,730399.0,16387.0,16981.0,5941.0,6.383108561664734,17.606463558323515,6.165714622224839,17.623295741457667,25.6709586867639
3145208,Nova Serrana - MG,2540.0,1029024.0,3841,2573507.0,105552.0,116570.0,36992.0,2.40639684705169,6.866349480968858,3.295015870292528,10.383326124567475,9.748976807639837
3145307,Novo Cruzeiro - MG,4294.0,1789576.0,3201,2215375.0,26975.0,27094.0,9071.0,15.918443002780352,47.33766949619667,11.814423857680667,35.28828133612612,66.3420203892493
3145356,Novo Oriente de Minas - MG,1990.0,824571.0,1634,1107500.0,10275.0,10506.0,3691.0,19.367396593673966,53.914928203738825,15.553017323434227,44.26984557030615,80.2502189781022
3145372,Novorizonte - MG,734.0,302882.0,653,442545.0,4571.0,4594.0,1618.0,16.057755414570117,45.364647713226205,14.214192424902047,40.3584672435105,66.2616495296434
3145406,Olaria - MG,217.0,88520.0,173,114835.0,1945.0,1985.0,751.0,11.15681233933162,28.8948069241012,8.71536523929471,23.03595206391478,45.51156812339332
3145455,Olhos-d'Água - MG,1442.0,598746.0,958,662016.0,5385.0,5539.0,1943.0,26.778087279480037,74.21513124034998,17.29554071131973,49.30519814719506,111.18774373259053
3145505,Olímpio Noronha - MG,340.0,139284.0,252,169788.0,2555.0,2621.0,942.0,13.307240704500979,36.09341825902335,9.61465089660435,26.751592356687897,54.51428571428571
3145604,Oliveira - MG,2123.0,868493.0,2472,1618884.0,39262.0,40599.0,14114.0,5.407264021190973,15.041802465636955,6.088819921672948,17.514524585517925,22.12044725179563
3145703,Oliveira Fortes - MG,146.0,58481.0,175,121531.0,2027.0,2054.0,758.0,7.202762703502714,19.261213720316622,8.519961051606622,23.08707124010554,28.85101134681796
3145802,Onça de Pitangui - MG,204.0,82497.0,225,147478.0,2969.0,3021.0,1118.0,6.871000336813742,18.246869409660107,7.447864945382324,20.125223613595708,27.78612327382957
3145851,Oratórios - MG,333.0,135208.0,312,205193.0,4917.0,5127.0,1658.0,6.772422208663819,20.084439083232812,6.085430076067876,18.817852834740652,27.49806792759813
3145877,Orizânia - MG,1295.0,519190.0,1285,901444.0,8437.0,8893.0,3015.0,15.349057721939078,42.95190713101161,14.449567075227707,42.62023217247098,61.53727628303899
3145901,Ouro Branco - MG,2095.0,852574.0,1777,1166477.0,38724.0,40853.0,13657.0,5.4100816031401715,15.340118620487662,4.349741757031308,13.011642381196456,22.016682160933787
3146008,Ouro Fino - MG,411.0,165593.0,724,526166.0,32094.0,33340.0,12246.0,1.2806131987287344,3.3561979421852035,2.1715656868626274,5.9121345745549565,5.159624851997258
3146107,Ouro Preto - MG,4339.0,1770890.0,4006,2674619.0,74821.0,78210.0,26578.0,5.799174028681787,16.325532395214086,5.122107147423603,15.072616449695238,23.668355140936367
3146206,Ouro Verde de Minas - MG,1750.0,720206.0,1478,1016143.0,5757.0,5837.0,1984.0,30.39777661976724,88.20564516129032,25.321226657529554,74.49596774193549,125.10092061837763
3146255,Padre Carvalho - MG,1183.0,497174.0,965,662568.0,5058.0,5007.0,1637.0,23.388691182285488,72.26634086744043,19.273017775114837,58.94929749541845,98.29458283906682
3146305,Padre Paraíso - MG,3592.0,1501084.0,2206,1498083.0,17334.0,17394.0,5955.0,20.722279912311066,60.319059613769944,12.682534207197884,37.04450041981528,86.59766932041076
3146404,Paineiras - MG,498.0,202257.0,402,269668.0,4224.0,4235.0,1780.0,11.789772727272727,27.97752808988764,9.49232585596222,22.584269662921347,47.8828125
3146503,Pains - MG,394.0,159974.0,272,185554.0,8142.0,8364.0,3043.0,4.839105870793417,12.947748931975024,3.252032520325203,8.938547486033519,19.647998034880864
3146552,Pai Pedro - MG,746.0,300422.0,669,448185.0,5551.0,5599.0,1978.0,13.439019996397045,37.71486349848332,11.948562243257724,33.82204246713852,54.12033867771573
3146602,Paiva - MG,214.0,85600.0,145,94190.0,1474.0,1491.0,580.0,14.51831750339213,36.89655172413793,9.725016767270288,25.0,58.07327001356852
3146701,Palma - MG,914.0,377929.0,644,428225.0,5707.0,5658.0,2149.0,16.015419660066584,42.53140995812006,11.382113821138212,29.96742671009772,66.22200806027685
3146750,Palmópolis - MG,1211.0,493057.0,1031,684166.0,6301.0,6313.0,2368.0,19.21917156006983,51.1402027027027,16.33137969269761,43.538851351351354,78.25059514362799
3146909,Papagaios - MG,998.0,405206.0,1168,820526.0,13920.0,14197.0,4768.0,7.169540229885057,20.931208053691275,8.22709023033035,24.496644295302012,29.10962643678161
3147006,Paracatu - MG,4978.0,2035843.0,5621,3829150.0,94023.0,99578.0,32736.0,5.294449230507429,15.206500488758554,5.644821145232883,17.170698924731184,21.6526062771875
3147105,Pará de Minas - MG,3258.0,1328807.0,3675,2496329.0,97139.0,103611.0,35488.0,3.35395670122196,9.180568079350767,3.546920693748733,10.355613165013526,13.679438742420654
3147204,Paraguaçu - MG,681.0,275521.0,589,394394.0,21723.0,22541.0,7705.0,3.134926115177462,8.838416612589228,2.6130162814427043,7.644386761842959,12.68337706578281
3147303,Paraisópolis - MG,844.0,341020.0,892,608862.0,20445.0,21143.0,7878.0,4.128148691611641,10.713379030210714,4.218890412902615,11.322670728611323,16.679872829542674
3147402,Paraopeba - MG,1828.0,740159.0,1743,1163137.0,24107.0,24993.0,8773.0,7.582859750280002,20.836657927732816,6.973952706757892,19.86777613131198,30.703073795992864
3147501,Passabém - MG,172.0,69046.0,160,104800.0,1600.0,1601.0,610.0,10.75,28.19672131147541,9.993753903810118,26.229508196721312,43.15375
3147600,Passa Quatro - MG,595.0,240221.0,554,381740.0,15515.0,15852.0,5595.0,3.8349983886561394,10.63449508489723,3.49482715114812,9.901697944593387,15.483145343216242
3147709,Passa Tempo - MG,283.0,116249.0,269,183464.0,8473.0,8735.0,3257.0,3.340021243951375,8.68897758673626,3.0795649685174586,8.259134172551427,13.719933907706833
3147808,Passa Vinte - MG,176.0,71896.0,209,143174.0,2233.0,2320.0,890.0,7.8817733990147785,19.775280898876403,9.008620689655173,23.48314606741573,32.19704433497537
3147907,Passos - MG,5163.0,2113738.0,5413,3743399.0,111939.0,117349.0,41262.0,4.612333503068635,12.512723571324706,4.612736367587282,13.118607920120207,18.88294517549737
3147956,Patis - MG,1110.0,455046.0,827,558434.0,4837.0,4789.0,1672.0,22.948108331610502,66.38755980861244,17.268740864481103,49.461722488038276,94.0760802150093
3148004,Patos de Minas - MG,4217.0,1710689.0,5387,3596658.0,159235.0,170404.0,61097.0,2.648287122805916,6.902139221238358,3.161310767352879,8.817126863839468,10.743172041322573
3148103,Patrocínio - MG,4970.0,2001123.0,5070,3394464.0,89826.0,94834.0,31745.0,5.532919199340948,15.65600882028666,5.346183858109961,15.971019058119388,22.27777035602164
3148202,Patrocínio do Muriaé - MG,709.0,289382.0,464,313238.0,5576.0,5772.0,2194.0,12.715208034433285,32.315405651777574,8.038808038808039,21.1485870556062,51.89777618364419
3148301,Paula Cândido - MG,1024.0,413586.0,967,631730.0,8659.0,8730.0,3092.0,11.825845940639796,33.11772315653299,11.076746849942726,31.27425614489004,47.76371405474073
3148400,Paulistas - MG,591.0,245419.0,476,326546.0,4389.0,4377.0,1522.0,13.465481886534517,38.83048620236531,10.875028558373314,31.274638633377137,55.916837548416495
3148509,Pavão - MG,2060.0,845763.0,1361,904784.0,8047.0,8119.0,2730.0,25.599602336274387,75.45787545787546,16.763148170957013,49.853479853479854,105.10289548900211
3148608,Peçanha - MG,2324.0,951834.0,1957,1334687.0,17446.0,17882.0,5629.0,13.321105124383813,41.28619648250133,10.943965999328935,34.76638834606502,54.55886736214605
3148707,Pedra Azul - MG,4506.0,1849716.0,3607,2435587.0,24410.0,25088.0,7450.0,18.459647685374847,60.48322147651007,14.377391581632653,48.41610738255034,75.77697664891438
3148756,Pedra Bonita - MG,1431.0,576412.0,1324,924563.0,7320.0,7638.0,2365.0,19.549180327868854,60.50739957716702,17.33438072793925,55.9830866807611,78.7448087431694
3148806,Pedra do Anta - MG,448.0,180407.0,300,192879.0,3311.0,3360.0,1265.0,13.530655391120508,35.41501976284585,8.928571428571429,23.715415019762847,54.48716399879191
3148905,Pedra do Indaiá - MG,243.0,99319.0,182,125173.0,4112.0,4262.0,1533.0,5.909533073929961,15.851272015655578,4.270295635851713,11.872146118721462,24.153453307392997
3149002,Pedra Dourada - MG,436.0,176975.0,396,270356.0,2757.0,2948.0,1004.0,15.814290895901342,43.42629482071713,13.432835820895523,39.44223107569721,64.1911498005078
3149101,Pedralva - MG,806.0,329468.0,635,418884.0,10760.0,10860.0,3885.0,7.4907063197026025,20.74646074646075,5.847145488029466,16.344916344916346,30.619702602230483
3149150,Pedras de Maria da Cruz - MG,1285.0,540375.0,1249,869401.0,10433.0,10584.0,3497.0,12.316687434103326,36.74578209894195,11.800831443688587,35.716328281384044,51.794785775903385
3149200,Pedrinópolis - MG,308.0,126772.0,306,211162.0,3344.0,3392.0,1223.0,9.210526315789474,25.18397383483238,9.02122641509434,25.0204415372036,37.91028708133971
3149309,Pedro Leopoldo - MG,3003.0,1215772.0,2725,1717309.0,62580.0,65424.0,22633.0,4.798657718120805,13.268236645605974,4.1651381755930545,12.039941678080678,19.42748481943113
3149408,Pedro Teixeira - MG,276.0,111053.0,183,117413.0,1810.0,1859.0,722.0,15.248618784530386,38.227146814404435,9.84400215169446,25.346260387811633,61.35524861878453
3149507,Pequeri - MG,284.0,116507.0,187,128846.0,3351.0,3472.0,1290.0,8.475082065055208,22.015503875968992,5.385944700460829,14.496124031007753,34.7678304983587
3149606,Pequi - MG,531.0,216635.0,437,299547.0,4155.0,4271.0,1553.0,12.779783393501805,34.191886670959434,10.231795832357761,28.139085640695427,52.13838748495788
3149705,Perdigão - MG,488.0,199134.0,751,534253.0,12268.0,13301.0,4467.0,3.9778284969025104,10.92455786881576,5.646192015637922,16.81217819565704,16.23198565373329
3149804,Perdizes - MG,1118.0,458153.0,1299,925376.0,17151.0,18145.0,5936.0,6.518570345752434,18.834231805929917,7.1589969688619455,21.88342318059299,26.71290303772375
3149903,Perdões - MG,824.0,333631.0,870,594197.0,21384.0,22154.0,7773.0,3.853348297792742,10.600797632831597,3.9270560621106796,11.192589733693554,15.601898615787505
3149952,Periquito - MG,942.0,393208.0,708,471688.0,6553.0,6602.0,2293.0,14.37509537616359,41.081552551242915,10.724023023326264,30.876580898386393,60.00427285212879
3150000,Pescador - MG,527.0,217987.0,435,297766.0,3570.0,3532.0,1270.0,14.761904761904763,41.496062992125985,12.315968289920725,34.25196850393701,61.06078431372549
3150109,Piau - MG,235.0,96400.0,220,148759.0,2796.0,2853.0,1088.0,8.40486409155937,21.59926470588235,7.7111812127584995,20.220588235294116,34.47782546494993
3150158,Piedade de Caratinga - MG,1757.0,721595.0,1499,1033969.0,8529.0,9046.0,3187.0,20.60030484230273,55.130216504549736,16.570860048640284,47.03482899278318,84.60487747684371
3150208,Piedade de Ponte Nova - MG,330.0,136090.0,295,209638.0,3976.0,4052.0,1322.0,8.299798792756539,24.96217851739788,7.28035538005923,22.31467473524962,34.22786720321932
3150307,Piedade do Rio Grande - MG,215.0,86034.0,278,193057.0,4604.0,4691.0,1842.0,4.669852302345786,11.672095548317047,5.926241739501172,15.09229098805646,18.68679409209383
3150406,Piedade dos Gerais - MG,662.0,266908.0,653,439301.0,5019.0,5222.0,1964.0,13.18987846184499,33.70672097759674,12.504787437763309,33.24847250509165,53.1795178322375
3150505,Pimenta - MG,529.0,220640.0,396,252851.0,8563.0,8839.0,3314.0,6.177741445754992,15.96258298129149,4.480144812761624,11.949305974652987,25.766670559383392
3150539,Pingo-d'Água - MG,661.0,269312.0,651,437879.0,4706.0,4882.0,1635.0,14.045898852528687,40.428134556574925,13.334698893895943,39.81651376146789,57.227369315767106
3150570,Pintópolis - MG,1099.0,448870.0,1123,791652.0,7084.0,7225.0,2276.0,15.513833992094861,48.28646748681898,15.543252595155709,49.340949033391915,63.36391869000565
3150604,Piracema - MG,245.0,98537.0,312,206300.0,6700.0,6924.0,2614.0,3.656716417910448,9.372609028309105,4.506065857885615,11.935730680948737,14.707014925373134
3150703,Pirajuba - MG,499.0,201287.0,491,328245.0,5537.0,5864.0,2043.0,9.012100415387394,24.42486539402839,8.3731241473397,24.033284385707294,36.35307928481127
3150802,Piranga - MG,2101.0,858809.0,1661,1108333.0,17018.0,17356.0,5892.0,12.345751557174756,35.65852002715547,9.570177460244295,28.190767141887306,50.464743213068516
3150901,Piranguçu - MG,422.0,172434.0,385,254030.0,6041.0,6366.0,2202.0,6.985598410859129,19.164396003633062,6.04775369148602,17.484105358764758,28.54394967720576
3151008,Piranguinho - MG,535.0,220494.0,570,381905.0,9120.0,9581.0,3217.0,5.866228070175438,16.630400994715572,5.9492746059910235,17.718371153248366,24.176973684210527
3151107,Pirapetinga - MG,1107.0,447810.0,919,632301.0,11077.0,11498.0,4244.0,9.993680599440282,26.083883129123468,7.992694381631588,21.654099905749295,40.427010923535256
3151206,Pirapora - MG,6730.0,2729348.0,5740,3886522.0,55606.0,57873.0,19076.0,12.103010466496421,35.27993289997903,9.918269313842378,30.090165653176765,49.08369600402834
3151305,Piraúba - MG,932.0,379695.0,827,564708.0,11610.0,12052.0,4318.0,8.027562446167098,21.58406669754516,6.861931629605045,19.152385363594256,32.70413436692507
3151404,Pitangui - MG,1848.0,750044.0,2003,1365351.0,26685.0,27929.0,9528.0,6.925238898257448,19.395465994962215,7.171756955136238,21.02225020990764,28.107326213228404
3151503,Piumhi - MG,1934.0,791803.0,1837,1256527.0,36062.0,38257.0,13801.0,5.362985968609617,14.013477284254764,4.80173563008077,13.310629664517064,21.956713437967945
3151602,Planura - MG,895.0,364431.0,924,647850.0,11145.0,11579.0,4063.0,8.030506953790937,22.02805808515875,7.979963727437602,22.7418163918287,32.69905787348587
3151701,Poço Fundo - MG,546.0,222862.0,535,343056.0,16390.0,16856.0,6118.0,3.331299572910311,8.924485125858123,3.1739439962031324,8.744687806472703,13.597437461866992
3151800,Poços de Caldas - MG,5027.0,2043168.0,4213,2810290.0,163742.0,173100.0,63169.0,3.0700736524532495,7.958017381943675,2.4338532640092434,6.669410628631132,12.477971442879651
3151909,Pocrane - MG,1411.0,566692.0,1110,743123.0,8350.0,8409.0,3265.0,16.898203592814372,43.21592649310873,13.20014270424545,33.996937212863706,67.86730538922156
3152006,Pompéu - MG,2302.0,928266.0,2276,1480371.0,31047.0,32570.0,11154.0,7.414565014333108,20.638336022951407,6.988025790604851,20.405235789851176,29.89873417721519
3152105,Ponte Nova - MG,3849.0,1560738.0,2534,1696169.0,57776.0,59703.0,21250.0,6.661935751869288,18.11294117647059,4.244342830343534,11.92470588235294,27.013604264746608
3152131,Ponto Chique - MG,778.0,333612.0,658,451989.0,3747.0,3788.0,1272.0,20.763277288497466,61.16352201257862,17.37064413938754,51.729559748427675,89.03442754203363
3152170,Ponto dos Volantes - MG,1691.0,713171.0,1322,904197.0,10883.0,11041.0,3750.0,15.537995038132868,45.093333333333334,11.973553120188388,35.25333333333333,65.53073601029128
3152204,Porteirinha - MG,4455.0,1788070.0,4530,3012586.0,37438.0,38714.0,13668.0,11.899674127891448,32.59438103599649,11.701193366740714,33.14310798946444,47.7608312409851
3152303,Porto Firme - MG,1865.0,750787.0,1365,928634.0,10569.0,10854.0,3709.0,17.64594569022613,50.28309517390132,12.57600884466556,36.80237260717175,71.03671113634213
3152402,Poté - MG,1460.0,592471.0,1297,889602.0,13666.0,13553.0,5052.0,10.683447973071857,28.89944576405384,9.56983693647163,25.673000791765638,43.35365139762915
3152501,Pouso Alegre - MG,6474.0,2625514.0,6403,4323898.0,152217.0,163439.0,55931.0,4.253138611324622,11.57497631009637,3.91766958926572,11.448034184977919,17.248493926433973
3152600,Pouso Alto - MG,168.0,67674.0,333,225317.0,6566.0,6801.0,2472.0,2.55863539445629,6.796116504854369,4.896338773709749,13.470873786407767,10.306731647883034
3152709,Prados - MG,413.0,167961.0,320,194643.0,9048.0,9409.0,3261.0,4.5645446507515475,12.664826740263722,3.400999043469019,9.812940815700705,18.563328912466844
3152808,Prata - MG,992.0,398983.0,1417,970786.0,28342.0,29903.0,10439.0,3.5001058499753017,9.502825941182106,4.73865498444972,13.57409713574097,14.077446898595724
3152907,Pratápolis - MG,451.0,181910.0,465,324459.0,8406.0,8518.0,3312.0,5.36521532238877,13.617149758454106,5.459027940831181,14.039855072463768,21.640494884606234
3153004,Pratinha - MG,417.0,170759.0,335,227871.0,3559.0,3709.0,1355.0,11.71677437482439,30.774907749077492,9.032084119708816,24.723247232472325,47.97948862039899
3153103,Presidente Bernardes - MG,779.0,314352.0,523,334128.0,4850.0,4814.0,1778.0,16.061855670103093,43.813273340832396,10.864146240132946,29.41507311586052,64.81484536082475
3153202,Presidente Juscelino - MG,254.0,104245.0,205,133032.0,3465.0,3450.0,1315.0,7.33044733044733,19.315589353612168,5.942028985507246,15.5893536121673,30.085137085137085
3153301,Presidente Kubitschek - MG,243.0,98098.0,310,215902.0,3071.0,3169.0,972.0,7.912732009117551,25.0,9.782265698958662,31.893004115226336,31.943340931292738
3153400,Presidente Olegário - MG,1152.0,464563.0,1101,754172.0,18765.0,19205.0,7318.0,6.139088729016787,15.742006012571741,5.73288206196303,15.045094288056847,24.756887823074873
3153509,Alto Jequitibá - MG,1324.0,534687.0,669,378174.0,8397.0,8615.0,3249.0,15.767536024770752,40.75100030778701,7.765525246662797,20.59095106186519,63.67595569846374
3153608,Prudente de Morais - MG,852.0,350039.0,722,484523.0,11466.0,12157.0,3961.0,7.4306645735217165,21.50971976773542,5.938965205231554,18.22772027265842,30.528431885574744
3153707,Quartel Geral - MG,278.0,113468.0,176,103453.0,3179.0,3227.0,1302.0,8.744888329663416,21.351766513056834,5.45398202665014,13.517665130568357,35.69298521547657
3153806,Queluzito - MG,74.0,29600.0,69,43429.0,1770.0,1792.0,678.0,4.1807909604519775,10.914454277286136,3.8504464285714284,10.176991150442477,16.72316384180791
3153905,Raposos - MG,697.0,284745.0,626,423156.0,16279.0,16854.0,5594.0,4.281589778241907,12.45977833392921,3.714251809659428,11.190561315695389,17.491553535229436
3154002,Raul Soares - MG,2444.0,991459.0,1945,1291862.0,23423.0,23866.0,8894.0,10.434188618025019,27.479199460310323,8.149668985167184,21.86867551158084,42.328437860222856
3154101,Recreio - MG,796.0,319418.0,630,408042.0,11007.0,11426.0,3896.0,7.231761606250568,20.431211498973305,5.513740591633117,16.170431211498972,29.019533024438992
3154150,Reduto - MG,616.0,248670.0,599,419632.0,7848.0,8317.0,2790.0,7.8491335372069315,22.078853046594983,7.2021161476493925,21.469534050179213,31.68577981651376
3154200,Resende Costa - MG,547.0,220238.0,496,314118.0,11230.0,11567.0,4264.0,4.870881567230632,12.828330206378986,4.288060862799343,11.632270168855534,19.611576135351736
3154309,Resplendor - MG,1510.0,615582.0,1130,774370.0,17226.0,17646.0,6604.0,8.765819110646698,22.864930345245305,6.403717556386717,17.11084191399152,35.735632183908045
3154408,Ressaquinha - MG,596.0,241627.0,470,302413.0,4548.0,4638.0,1640.0,13.104661389621812,36.34146341463415,10.133678309616213,28.658536585365855,53.128188214599824
3154457,Riachinho - MG,1411.0,577903.0,1041,709009.0,6863.0,6775.0,2576.0,20.55952207489436,54.774844720496894,15.365313653136532,40.411490683229815,84.20559522074895
3154507,Riacho dos Machados - MG,1387.0,562592.0,1143,782748.0,8756.0,8831.0,2761.0,15.840566468707172,50.23542194856936,12.943041558147435,41.39804418688881,64.25216994061215
3154606,Ribeirão das Neves - MG,29726.0,12149411.0,28029,19047872.0,329794.0,348996.0,113092.0,9.013505400340819,26.284794680437166,8.031324141250902,24.78424645421427,36.839393682116715
3154705,Ribeirão Vermelho - MG,260.0,108096.0,206,138029.0,4080.0,4233.0,1470.0,6.372549019607843,17.687074829931973,4.866524923222301,14.013605442176871,26.49411764705882
3154804,Rio Acima - MG,654.0,264862.0,723,482906.0,10261.0,10772.0,3646.0,6.373647792612806,17.93746571585299,6.711845525436316,19.829950630828304,25.812493908975732
3154903,Rio Casca - MG,1138.0,459546.0,925,607340.0,12789.0,12785.0,4686.0,8.898271952459144,24.285104566794708,7.235041063746578,19.73965002134016,35.93291109547267
3155009,Rio Doce - MG,208.0,84916.0,205,132157.0,2484.0,2547.0,921.0,8.373590982286634,22.58414766558089,8.048684727129956,22.25841476655809,34.18518518518518
3155108,Rio do Prado - MG,1092.0,453146.0,815,531361.0,4639.0,4622.0,1731.0,23.53955593877991,63.084922010398614,17.633059281696234,47.08261120739457,97.68182798016814
3155207,Rio Espera - MG,821.0,335270.0,620,417437.0,5429.0,5417.0,2064.0,15.122490329710812,39.77713178294574,11.445449510799335,30.03875968992248,61.75538773254743
3155306,Rio Manso - MG,556.0,223859.0,506,340640.0,5568.0,5765.0,2177.0,9.985632183908047,25.53973357831879,8.777103209019948,23.24299494717501,40.20456178160919
3155405,Rio Novo - MG,645.0,266611.0,548,374231.0,8518.0,8678.0,3115.0,7.57220004695938,20.70626003210273,6.314819082737958,17.592295345104333,31.299718243719184
3155504,Rio Paranaíba - MG,617.0,250344.0,731,502316.0,14532.0,15443.0,5619.0,4.2458023671896505,10.980601530521445,4.733536230007123,13.009432283324434,17.22708505367465
3155603,Rio Pardo de Minas - MG,4687.0,1894061.0,4770,3280933.0,28271.0,29083.0,9260.0,16.578826359166637,50.61555075593952,16.401334112711893,51.511879049676025,66.99660429415302
3155702,Rio Piracicaba - MG,1233.0,497285.0,1117,736751.0,14631.0,15069.0,5281.0,8.427311872052492,23.347850785836016,7.412568849956865,21.151297102821434,33.988449183241066
3155801,Rio Pomba - MG,1438.0,581333.0,1234,825065.0,17443.0,17912.0,6773.0,8.243994725677922,21.231359811014322,6.889236266190263,18.219400561051234,33.32758126469071
3155900,Rio Preto - MG,938.0,381677.0,624,406885.0,5141.0,5230.0,2034.0,18.24547753355378,46.11602753195674,11.931166347992352,30.678466076696164,74.24178175452246
3156007,Rio Vermelho - MG,1173.0,473209.0,1110,771682.0,12641.0,12725.0,4344.0,9.279329166996282,27.002762430939228,8.722986247544204,25.552486187845304,37.43445929910608
3156106,Ritápolis - MG,471.0,190143.0,393,260089.0,4994.0,5128.0,1984.0,9.431317581097316,23.739919354838708,7.66380655226209,19.808467741935484,38.07428914697637
3156205,Rochedo de Minas - MG,265.0,108372.0,228,151158.0,2291.0,2384.0,836.0,11.567001309471847,31.698564593301434,9.563758389261745,27.272727272727273,47.303360977738976
3156304,Rodeiro - MG,526.0,212728.0,512,350223.0,8664.0,9267.0,3081.0,6.071098799630656,17.072379097695553,5.5249811157872015,16.6179811749432,24.55309325946445
3156403,Romaria - MG,230.0,92801.0,217,148882.0,3386.0,3421.0,1207.0,6.792675723567632,19.055509527754765,6.343174510377083,17.978458989229495,27.407265209686948
3156452,Rosário da Limeira - MG,283.0,114477.0,449,310382.0,4734.0,4954.0,1888.0,5.978031263202366,14.989406779661017,9.063383124747679,23.781779661016948,24.181875792141952
3156502,Rubelita - MG,1264.0,511173.0,1007,678716.0,5679.0,5354.0,2120.0,22.257439690086283,59.62264150943396,18.80836757564438,47.5,90.01109350237718
3156601,Rubim - MG,1160.0,467149.0,930,598514.0,10298.0,10628.0,3395.0,11.264323169547485,34.167893961708394,8.750470455400828,27.39322533136966,45.36308020974947
3156700,Sabará - MG,8503.0,3447185.0,8172,5428405.0,129380.0,134850.0,45809.0,6.572113155047148,18.561854657381737,6.060066740823137,17.83928922264184,26.643878497449375
3156809,Sabinópolis - MG,1598.0,653043.0,1558,1069963.0,14240.0,14240.0,5199.0,11.22191011235955,30.736680130794383,10.941011235955056,29.967301404116178,45.859761235955055
3156908,Sacramento - MG,1030.0,415971.0,1326,902852.0,26670.0,28251.0,9701.0,3.8620172478440193,10.617462117307493,4.693639163215462,13.668693949077415,15.596962879640046
3157005,Salinas - MG,4653.0,1880587.0,4287,2840241.0,40178.0,41826.0,14892.0,11.580964707053612,31.244963738920227,10.24960550853536,28.78726833199033,46.80638657972025
3157104,Salto da Divisa - MG,1007.0,417578.0,726,473347.0,6110.0,6091.0,2106.0,16.481178396072014,47.81576448243115,11.919225086192743,34.472934472934476,68.34337152209493
3157203,Santa Bárbara - MG,2547.0,1055651.0,2368,1604611.0,30466.0,32068.0,10596.0,8.360139171535483,24.037372593431485,7.384308344767369,22.348055870139675,34.65013457624893
3157252,Santa Bárbara do Leste - MG,1304.0,527934.0,1249,842864.0,8458.0,8831.0,3066.0,15.41735634901868,42.53098499673842,14.1433586230325,40.73711676451403,62.41830219910144
3157278,Santa Bárbara do Monte Verde - MG,298.0,121659.0,291,196202.0,3095.0,3236.0,1209.0,9.62843295638126,24.648469809760133,8.992583436341162,24.069478908188586,39.308239095315024
3157302,Santa Bárbara do Tugúrio - MG,307.0,124253.0,288,182654.0,4208.0,4228.0,1565.0,7.2956273764258555,19.616613418530353,6.811731315042573,18.402555910543132,29.527804182509506
3157336,Santa Cruz de Minas - MG,717.0,288233.0,661,454068.0,8109.0,8357.0,2944.0,8.842027376988531,24.35461956521739,7.909536915160943,22.452445652173914,35.544826735725735
3157377,Santa Cruz de Salinas - MG,683.0,283834.0,587,408909.0,3910.0,3896.0,1455.0,17.468030690537084,46.94158075601374,15.066735112936344,40.34364261168385,72.59181585677749
3157401,Santa Cruz do Escalvado - MG,501.0,203694.0,497,334641.0,4673.0,4714.0,1724.0,10.721164134389044,29.06032482598608,10.543063215952483,28.828306264501162,43.58955702974534
3157500,Santa Efigênia de Minas - MG,714.0,290930.0,598,407992.0,4039.0,4011.0,1470.0,17.677642980935875,48.57142857142857,14.909000249314385,40.68027210884354,72.03020549641
3157609,Santa Fé de Minas - MG,876.0,358374.0,535,355285.0,3522.0,3507.0,1236.0,24.87223168654174,70.87378640776699,15.255203877958369,43.284789644012946,101.75298126064736
3157658,Santa Helena de Minas - MG,1631.0,695781.0,1399,965442.0,5938.0,6054.0,1925.0,27.467160660154935,84.72727272727273,23.10868847043277,72.67532467532467,117.17430111148535
3157708,Santa Juliana - MG,543.0,218185.0,816,577480.0,15734.0,17058.0,5379.0,3.4511249523325285,10.094813162297825,4.783679212099894,15.17010596765198,13.867103088852167
3157807,Santa Luzia - MG,19153.0,7881313.0,16057,10793769.0,219132.0,231473.0,75910.0,8.740393917821223,25.23119483598999,6.936878167216046,21.15268080621789,35.96605242502236
3157906,Santa Margarida - MG,2256.0,903391.0,2080,1429845.0,16395.0,17071.0,5565.0,13.760292772186641,40.539083557951486,12.184406303087107,37.37646001796945,55.10161634644709
3158003,Santa Maria de Itabira - MG,590.0,241768.0,725,491147.0,10485.0,10721.0,3435.0,5.627086313781593,17.17612809315866,6.76242887790318,21.106259097525474,23.05846447305675
3158102,Santa Maria do Salto - MG,1039.0,422465.0,810,515563.0,4755.0,4752.0,1786.0,21.85068349106204,58.17469204927212,17.045454545454547,45.35274356103024,88.84647739221872
3158201,Santa Maria do Suaçuí - MG,1974.0,795486.0,1460,973871.0,12788.0,12741.0,4558.0,15.436346574913982,43.30846862659061,11.459069146848757,32.031592803861344,62.20566155771035
3158300,Santana da Vargem - MG,406.0,164052.0,392,264506.0,6691.0,6731.0,2347.0,6.067852338962786,17.29867916489135,5.823800326845936,16.70217298679165,24.518308175160662
3158409,Santana de Cataguases - MG,411.0,166979.0,306,199988.0,3489.0,3543.0,1326.0,11.7798796216681,30.995475113122172,8.63674851820491,23.076923076923077,47.858698767555175
3158508,Santana de Pirapama - MG,671.0,271254.0,664,438851.0,7030.0,6982.0,2770.0,9.544807965860597,24.223826714801444,9.510169006015468,23.971119133574007,38.58520625889047
3158607,Santana do Deserto - MG,261.0,104836.0,200,132875.0,3747.0,3811.0,1326.0,6.965572457966373,19.683257918552037,5.247966413014956,15.082956259426847,27.978649586335735
3158706,Santana do Garambéu - MG,299.0,121911.0,311,205882.0,2137.0,2167.0,779.0,13.99157697707066,38.382541720154045,14.35163820950623,39.92297817715019,57.04773046326626
3158805,Santana do Jacaré - MG,514.0,206730.0,309,191997.0,4214.0,4228.0,1625.0,12.197437114380635,31.630769230769232,7.308420056764428,19.015384615384615,49.05790223065971
3158904,Santana do Manhuaçu - MG,1038.0,418437.0,948,672476.0,8987.0,9290.0,3160.0,11.550016690775564,32.848101265822784,10.204520990312163,30.0,46.56025369978858
3158953,Santana do Paraíso - MG,2660.0,1088718.0,2473,1668953.0,44800.0,49978.0,16720.0,5.9375,15.909090909090908,4.948177197967105,14.79066985645933,24.301741071428573
3159001,Santana do Riacho - MG,489.0,197530.0,578,391995.0,5313.0,5724.0,1956.0,9.203839638622247,25.0,10.097833682739344,29.550102249488752,37.17861848296631
3159100,Santana dos Montes - MG,453.0,184112.0,477,321607.0,3469.0,3474.0,1304.0,13.058518304987029,34.739263803680984,13.73056994818653,36.579754601226995,53.0735082156241
3159209,Santa Rita de Caldas - MG,407.0,164660.0,370,236498.0,8460.0,8537.0,3356.0,4.8108747044917255,12.127532777115613,4.334075202061614,11.025029797377831,19.46335697399527
3159308,Santa Rita de Jacutinga - MG,522.0,209394.0,422,286135.0,4755.0,4816.0,1905.0,10.977917981072554,27.401574803149607,8.762458471760798,22.15223097112861,44.036593059936905
3159357,Santa Rita de Minas - MG,548.0,222696.0,713,486538.0,6773.0,6984.0,2498.0,8.090949357743984,21.937550040032026,10.209049255441007,28.54283426741393,32.8799645651853
3159407,Santa Rita de Ibitipoca - MG,324.0,131828.0,244,167976.0,3301.0,3318.0,1200.0,9.815207512874887,27.0,7.353827606992164,20.333333333333332,39.93577703726144
3159506,Santa Rita do Itueto - MG,909.0,368598.0,848,586252.0,5826.0,5994.0,2203.0,15.602471678681772,41.26191556967771,14.14748081414748,38.49296413980935,63.26776519052523
3159605,Santa Rita do Sapucaí - MG,1812.0,730266.0,1399,936200.0,40635.0,42703.0,14172.0,4.45921004060539,12.785774767146487,3.276116432100789,9.871577758961331,17.971354743447765
3159704,Santa Rosa da Serra - MG,333.0,135229.0,288,198547.0,3382.0,3497.0,1206.0,9.846244825547014,27.611940298507463,8.235630540463255,23.880597014925375,39.984920165582494
3159803,Santa Vitória - MG,1532.0,619029.0,1322,875645.0,20973.0,22073.0,8276.0,7.304629762075049,18.511358144030932,5.989217596158202,15.97390043499275,29.515519954226864
3159902,Santo Antônio do Amparo - MG,1782.0,717194.0,1321,793817.0,17285.0,17664.0,5993.0,10.309516922186868,29.734690472217586,7.47848731884058,22.042382779909897,41.492276540352904
3160009,Santo Antônio do Aventureiro - MG,468.0,190283.0,288,192018.0,3769.0,3910.0,1455.0,12.417086760413904,32.16494845360825,7.365728900255754,19.79381443298969,50.48633589811621
3160108,Santo Antônio do Grama - MG,333.0,135985.0,263,180945.0,4229.0,4362.0,1498.0,7.87420193899267,22.229639519359147,6.0293443374598805,17.556742323097463,32.15535587609364
3160207,Santo Antônio do Itambé - MG,580.0,235562.0,580,383193.0,3915.0,3960.0,1340.0,14.814814814814815,43.28358208955224,14.646464646464647,43.28358208955224,60.16909323116219
3160306,Santo Antônio do Jacinto - MG,1622.0,658662.0,1478,995203.0,10327.0,10254.0,3782.0,15.706400697201511,42.887361184558436,14.413887263506924,39.079851930195666,63.78057519124625
3160405,Santo Antônio do Monte - MG,826.0,336249.0,749,473970.0,27295.0,28549.0,10148.0,3.026195273859681,8.13953488372093,2.6235594942029494,7.380764682696098,12.319069426634915
3160454,Santo Antônio do Retiro - MG,1919.0,775097.0,1609,1095833.0,6629.0,6715.0,2202.0,28.94855936038618,87.1480472297911,23.961280714817573,73.06993642143506,116.92517725147081
3160504,Santo Antônio do Rio Abaixo - MG,228.0,91920.0,234,154647.0,1808.0,1858.0,651.0,12.610619469026549,35.02304147465438,12.594187298170075,35.944700460829495,50.84070796460177
3160603,Santo Hipólito - MG,415.0,171232.0,362,241826.0,2717.0,2667.0,1107.0,15.2741994847258,37.48870822041554,13.573303337082864,32.70099367660343,63.02245123297755
3160702,Santos Dumont - MG,3112.0,1257639.0,2836,1890024.0,42406.0,43054.0,15930.0,7.338584162618497,19.535467671060893,6.587076694383797,17.802887633396107,29.657100410319295
3160801,São Bento Abade - MG,329.0,132421.0,527,359943.0,4713.0,4855.0,1593.0,6.980691703798006,20.652856246076585,10.854788877445932,33.082234777150035,28.09696583916826
3160900,São Brás do Suaçuí - MG,282.0,116514.0,203,135828.0,3989.0,4189.0,1491.0,7.06944096264728,18.91348088531187,4.846025304368585,13.615023474178404,29.20882426673352
3160959,São Domingos das Dores - MG,632.0,255735.0,676,470898.0,5626.0,5808.0,1944.0,11.233558478492712,32.510288065843625,11.639118457300276,34.77366255144033,45.455918947742624
3161007,São Domingos do Prata - MG,1134.0,461436.0,1009,666114.0,17392.0,17794.0,6639.0,6.520239190432383,17.080885675553546,5.670450713723727,15.198071998795,26.531508739650413
3161056,São Félix de Minas - MG,452.0,184441.0,387,259189.0,3200.0,3237.0,1250.0,14.125,36.16,11.955514365152919,30.96,57.6378125
3161106,São Francisco - MG,10204.0,4229324.0,8351,5786276.0,52762.0,54208.0,16489.0,19.339676282172775,61.883680029110316,15.40547520661157,50.64588513554491,80.15852317956104
3161205,São Francisco de Paula - MG,453.0,182466.0,359,240026.0,6187.0,6269.0,2288.0,7.321803782123808,19.79895104895105,5.7265911628648904,15.69055944055944,29.491837724260545
3161304,São Francisco de Sales - MG,597.0,241991.0,450,297256.0,5732.0,5859.0,2309.0,10.415212840195395,25.855348635773062,7.680491551459293,19.4889562581204,42.2175505931612
3161403,São Francisco do Glória - MG,297.0,122103.0,303,209074.0,4800.0,4831.0,1798.0,6.1875,16.518353726362626,6.271993376112606,16.85205784204672,25.438125
3161502,São Geraldo - MG,1095.0,440895.0,773,516318.0,10282.0,10531.0,3943.0,10.649679050768333,27.770732944458533,7.340233596049758,19.604362160791275,42.88027621085392
3161601,São Geraldo da Piedade - MG,578.0,238609.0,526,342736.0,3305.0,3145.0,1259.0,17.488653555219365,45.90945194598888,16.724960254372018,41.77918983320095,72.1963691376702
3161650,São Geraldo do Baixio - MG,519.0,211079.0,437,294295.0,3143.0,3142.0,1280.0,16.512885777919184,40.546875,13.908338637810312,34.140625,67.15844734330258
3161700,São Gonçalo do Abaeté - MG,829.0,352082.0,714,494957.0,7375.0,7510.0,2691.0,11.240677966101694,30.806391675956892,9.507323568575233,26.53288740245262,47.73993220338983
3161809,São Gonçalo do Pará - MG,505.0,203917.0,452,293268.0,11770.0,12353.0,4319.0,4.290569243840272,11.692521416994675,3.659030195094309,10.465385505904145,17.325148683092607
3161908,São Gonçalo do Rio Abaixo - MG,807.0,331605.0,773,515567.0,11850.0,12590.0,3946.0,6.810126582278481,20.451089711099847,6.13979348689436,19.589457678661937,27.98354430379747
3162005,São Gonçalo do Sapucaí - MG,1806.0,734649.0,2203,1532415.0,23959.0,24513.0,8358.0,7.5378772068951125,21.608040201005025,8.987068086321544,26.35798037808088,30.66275721023415
3162104,São Gotardo - MG,1718.0,691246.0,2248,1576649.0,40910.0,44364.0,14386.0,4.199462234172574,11.942165994717087,5.0671715805608155,15.626303350479633,16.896748961134197
3162203,São João Batista do Glória - MG,211.0,86447.0,221,161736.0,7652.0,8003.0,2808.0,2.7574490329325667,7.514245014245014,2.7614644508309385,7.87037037037037,11.297307893361213
3162252,São João da Lagoa - MG,1107.0,453145.0,860,583097.0,4822.0,4973.0,1848.0,22.957279137287433,59.9025974025974,17.29338427508546,46.53679653679654,93.97449191206968
3162302,São João da Mata - MG,263.0,106853.0,339,237344.0,2914.0,3023.0,1144.0,9.025394646533973,22.98951048951049,11.214025802183262,29.632867132867133,36.668840082361015
3162401,São João da Ponte - MG,4173.0,1709450.0,3473,2337951.0,23930.0,24128.0,7897.0,17.438361888842458,52.84285171584146,14.394064986737401,43.97872609851842,71.43543669034685
3162450,São João das Missões - MG,2570.0,1108184.0,2243,1544451.0,13024.0,13623.0,3600.0,19.73280098280098,71.38888888888889,16.464802172796006,62.30555555555556,85.08783783783784
3162500,São João del Rei - MG,4612.0,1855919.0,4367,2830129.0,90225.0,94852.0,34506.0,5.111665281241341,13.365791456558279,4.604014675494454,12.655770011012578,20.569897478525906
3162559,São João do Manhuaçu - MG,2069.0,837566.0,1782,1233513.0,11246.0,11735.0,3922.0,18.397652498666194,52.75369709331974,15.185342991052407,45.43600203977562,74.47679174817713
3162575,São João do Manteninha - MG,779.0,313580.0,835,557887.0,5331.0,5490.0,2119.0,14.612643031326206,36.7626238791883,15.209471766848816,39.40537989617744,58.82198461827049
3162609,São João do Oriente - MG,1464.0,593792.0,985,650610.0,7070.0,7061.0,2774.0,20.707213578500706,52.77577505407354,13.949865458150404,35.508291276135544,83.98755304101839
3162658,São João do Pacuí - MG,700.0,290493.0,591,393979.0,3972.0,4047.0,1438.0,17.623363544813696,48.67872044506259,14.603409933283913,41.09874826147427,73.13519637462235
3162708,São João do Paraíso - MG,2354.0,951377.0,2436,1598630.0,23910.0,24802.0,7694.0,9.845253032204099,30.595269040811022,9.821788565438272,31.661034572394072,39.78992053534086
3162807,São João Evangelista - MG,1579.0,648738.0,1589,1066395.0,15315.0,15609.0,5619.0,10.310153444335619,28.10108560242036,10.180024344929208,28.279053212315358,42.35964740450539
3162906,São João Nepomuceno - MG,1701.0,690082.0,1666,1102439.0,25565.0,26577.0,9840.0,6.653628007040876,17.286585365853657,6.268578093840539,16.93089430894309,26.993232935654216
3162922,São Joaquim de Bicas - MG,3737.0,1530978.0,3860,2651973.0,34348.0,37509.0,10617.0,10.879818330033771,35.19826693039465,10.290863526087072,36.35678628614486,44.572551531384654
3162948,São José da Barra - MG,349.0,142503.0,468,324130.0,7793.0,8203.0,2759.0,4.478378031566791,12.649510692279812,5.705229793977813,16.962667633200436,18.286025920698062
3162955,São José da Lapa - MG,2035.0,845674.0,1986,1342332.0,26090.0,28445.0,8973.0,7.799923342276735,22.679148556781456,6.98189488486553,22.133065864259446,32.413721732464545
3163003,São José da Safira - MG,673.0,278389.0,629,443773.0,3806.0,3837.0,1318.0,17.68260641093011,51.062215477996965,16.3930153765963,47.72382397572079,73.14477141355754
3163102,São José da Varginha - MG,284.0,115049.0,322,234570.0,4536.0,4719.0,1739.0,6.261022927689594,16.33122484186314,6.823479550752278,18.516388729154688,25.363536155202823
3163201,São José do Alegre - MG,215.0,87367.0,242,171987.0,4133.0,4261.0,1510.0,5.2020324219695135,14.23841059602649,5.679417977000704,16.026490066225165,21.13888216791677
3163300,São José do Divino - MG,614.0,251178.0,524,345400.0,3464.0,3465.0,1296.0,17.725173210161664,47.376543209876544,15.122655122655123,40.4320987654321,72.51096997690532
3163409,São José do Goiabal - MG,626.0,253249.0,610,412409.0,5396.0,5472.0,1982.0,11.601186063750927,31.58425832492432,11.147660818713451,30.77699293642785,46.93272794662713
3163508,São José do Jacuri - MG,976.0,397320.0,881,597970.0,6197.0,6267.0,2211.0,15.749556236888818,44.14292175486205,14.057762884952927,39.84622342831298,64.11489430369534
3163607,São José do Mantimento - MG,463.0,187721.0,361,242212.0,2753.0,2854.0,1001.0,16.818016709044677,46.25374625374625,12.648913805185705,36.06393606393606,68.18779513258264
3163706,São Lourenço - MG,3110.0,1260776.0,2616,1656085.0,44798.0,47071.0,17098.0,6.94227420867003,18.18926190197684,5.557561980837458,15.300035091823606,28.143577838296352
3163805,São Miguel do Anta - MG,1075.0,433125.0,831,555721.0,6334.0,6392.0,2276.0,16.971897694979475,47.23198594024605,13.000625782227784,36.511423550087876,68.38095989895801
3163904,São Pedro da União - MG,352.0,140875.0,348,236382.0,4885.0,4968.0,1908.0,7.205731832139201,18.448637316561843,7.004830917874396,18.238993710691823,28.83828045035824
3164001,São Pedro dos Ferros - MG,399.0,161467.0,381,261623.0,7166.0,7074.0,2635.0,5.567959810214903,15.142314990512334,5.385920271416454,14.45920303605313,22.5323751046609
3164100,São Pedro do Suaçuí - MG,929.0,378702.0,754,505744.0,5103.0,5121.0,1849.0,18.204977464236723,50.24337479718767,14.723686779925796,40.77879935100054,74.21164021164022
3164209,São Romão - MG,1457.0,626313.0,1326,910236.0,10315.0,10570.0,2956.0,14.125060591371788,49.28958051420839,12.544938505203406,44.85791610284168,60.71866214251091
3164308,São Roque de Minas - MG,313.0,126397.0,440,297618.0,7129.0,7397.0,2730.0,4.390517604152055,11.465201465201465,5.9483574422063,16.117216117216117,17.729976153738253
3164407,São Sebastião da Bela Vista - MG,330.0,135496.0,250,173191.0,6387.0,6857.0,2229.0,5.166744950681071,14.804845222072679,3.6459092897768706,11.215791834903545,21.21434163143886
3164431,São Sebastião da Vargem Alegre - MG,216.0,87277.0,219,146432.0,3113.0,3257.0,1177.0,6.9386443944747835,18.351741716227696,6.723979121891311,18.606627017841973,28.03629938965628
3164472,São Sebastião do Anta - MG,1741.0,713697.0,1375,931307.0,6194.0,6442.0,2274.0,28.10784630287375,76.56112576956905,21.344303011487117,60.46613896218118,115.2239263803681
3164506,São Sebastião do Maranhão - MG,1242.0,504881.0,1098,749483.0,10079.0,10194.0,3347.0,12.322651056652445,37.10785778308934,10.771041789287816,32.80549746041231,50.09237027482885
3164605,São Sebastião do Oeste - MG,752.0,307500.0,629,428940.0,8815.0,9689.0,3095.0,8.530913216108905,24.297253634894993,6.491898028692331,20.323101777059772,34.883720930232556
3164704,São Sebastião do Paraíso - MG,3332.0,1364212.0,3016,2041568.0,71796.0,75593.0,26679.0,4.640927071146025,12.489223734023014,3.9897874141785614,11.304771543161287,19.001225695024793
3164803,São Sebastião do Rio Preto - MG,146.0,58561.0,128,82540.0,1259.0,1211.0,474.0,11.596505162827642,30.80168776371308,10.569777043765484,27.0042194092827,46.51389992057188
3164902,São Sebastião do Rio Verde - MG,128.0,51591.0,129,90941.0,2300.0,2396.0,881.0,5.565217391304348,14.52894438138479,5.383973288814691,14.64245175936436,22.430869565217392
3165008,São Tiago - MG,463.0,187205.0,605,385260.0,11192.0,11598.0,4128.0,4.136883488205862,11.21608527131783,5.216416623555785,14.656007751937985,16.72667977126519
3165107,São Tomás de Aquino - MG,428.0,177584.0,414,285079.0,6740.0,6822.0,2444.0,6.350148367952523,17.51227495908347,6.068601583113456,16.939443535188214,26.347774480712165
3165206,São Tomé das Letras - MG,609.0,246988.0,343,221652.0,6904.0,7124.0,2790.0,8.820973348783314,21.827956989247312,4.814710836608647,12.293906810035843,35.77462340672074
3165305,São Vicente de Minas - MG,525.0,211699.0,669,443946.0,6804.0,6922.0,2502.0,7.716049382716049,20.983213429256594,9.664836752383705,26.73860911270983,31.113903586125808
3165404,Sapucaí-Mirim - MG,556.0,225255.0,518,348416.0,6311.0,6477.0,2323.0,8.810014260814452,23.934567369780456,7.997529720549637,22.298751614291863,35.69244176834099
3165503,Sardoá - MG,1033.0,426647.0,1086,731379.0,5104.0,5117.0,1861.0,20.239028213166144,55.507791509940894,21.223373070158296,58.355722729715204,83.5907131661442
3165537,Sarzedo - MG,2007.0,816414.0,2076,1397510.0,36844.0,40585.0,12670.0,5.447291282162632,15.840568271507498,5.115190341259086,16.38516179952644,22.158668982738032
3165552,Setubinha - MG,2209.0,960480.0,1745,1251228.0,9917.0,9940.0,2971.0,22.274881516587676,74.3520700100976,17.55533199195171,58.734432850891956,96.8518705253605
3165560,Sem-Peixe - MG,297.0,119837.0,278,187207.0,2433.0,2400.0,962.0,12.20715166461159,30.873180873180875,11.583333333333334,28.8981288981289,49.254829428688865
3165578,Senador Amaral - MG,777.0,313698.0,1000,699961.0,6206.0,6572.0,2091.0,12.520141798259749,37.15925394548063,15.216068167985393,47.82400765184122,50.54753464389301
3165602,Senador Cortes - MG,168.0,68884.0,125,86881.0,2240.0,2349.0,801.0,7.5,20.973782771535582,5.321413367390379,15.605493133583021,30.751785714285713
3165701,Senador Firmino - MG,646.0,258676.0,683,455182.0,7716.0,8007.0,2914.0,8.372213582166927,22.168840082361015,8.530036218308979,23.438572409059713,33.52462415759461
3165800,Senador José Bento - MG,181.0,72686.0,61,37588.0,2068.0,2161.0,792.0,8.752417794970986,22.853535353535353,2.822767237390097,7.702020202020202,35.14796905222437
3165909,Senador Modestino Gonçalves - MG,607.0,243096.0,569,376347.0,4008.0,3979.0,1501.0,15.144710578842316,40.43970686209194,14.300075395828097,37.908061292471686,60.65269461077844
3166006,Senhora de Oliveira - MG,690.0,277374.0,661,440222.0,5483.0,5569.0,2018.0,12.584351632318073,34.19226957383548,11.869276351230024,32.75520317145689,50.587999270472366
3166105,Senhora do Porto - MG,389.0,160067.0,357,248740.0,3067.0,3046.0,1114.0,12.683403977828497,34.91921005385996,11.720288903479974,32.04667863554758,52.190088033909355
3166204,Senhora dos Remédios - MG,1687.0,681753.0,1332,878384.0,10384.0,10673.0,3720.0,16.246147919876734,45.3494623655914,12.48008994659421,35.806451612903224,65.65417950693374
3166303,Sericita - MG,859.0,344994.0,996,694279.0,7345.0,7568.0,2577.0,11.69503063308373,33.333333333333336,13.160676532769555,38.64959254947613,46.96991150442478
3166402,Seritinga - MG,82.0,32844.0,87,57820.0,1819.0,1869.0,693.0,4.507971412864211,11.832611832611832,4.654895666131621,12.554112554112555,18.05607476635514
3166501,Serra Azul de Minas - MG,697.0,288059.0,577,406471.0,3792.0,3788.0,1251.0,18.380801687763714,55.715427657873704,15.232312565997889,46.12310151878497,75.96492616033755
3166600,Serra da Saudade - MG,37.0,14952.0,36,23155.0,833.0,857.0,337.0,4.441776710684274,10.979228486646884,4.200700116686114,10.682492581602373,17.949579831932773
3166709,Serra dos Aimorés - MG,749.0,301360.0,785,523715.0,6944.0,6786.0,2675.0,10.786290322580646,28.0,11.567933981727085,29.345794392523363,43.39861751152074
3166808,Serra do Salitre - MG,1281.0,523714.0,1202,852431.0,11801.0,12359.0,4018.0,10.855012287094315,31.881533101045296,9.725705963265636,29.915380786460926,44.37878145919837
3166907,Serrania - MG,469.0,189358.0,372,251905.0,7621.0,7820.0,2743.0,6.1540480251935445,17.09806780896828,4.757033248081841,13.561793656580386,24.84687048943708
3166956,Serranópolis de Minas - MG,582.0,243691.0,594,402307.0,4399.0,4498.0,1526.0,13.230279609002046,38.1389252948886,13.205869275233438,38.92529488859764,55.39690838827006
3167004,Serranos - MG,393.0,158971.0,298,197965.0,1990.0,2037.0,753.0,19.748743718592966,52.191235059760956,14.629356897398134,39.57503320053121,79.88492462311558
3167103,Serro - MG,2001.0,823013.0,1866,1272037.0,21952.0,22695.0,7317.0,9.115342565597668,27.347273472734727,8.22207534699273,25.502255022550226,37.49148141399417
3167202,Sete Lagoas - MG,10344.0,4211983.0,12618,8561978.0,227397.0,239833.0,81943.0,4.548872676420533,12.623408955005308,5.261160891120071,15.398508719475734,18.522597043936376
3167301,Silveirânia - MG,299.0,119982.0,216,141642.0,2323.0,2408.0,898.0,12.871287128712872,33.29621380846325,8.970099667774086,24.053452115812917,51.649591046061126
3167400,Silvianópolis - MG,562.0,230287.0,542,359126.0,6179.0,6359.0,2438.0,9.095322867777957,23.051681706316653,8.523352728416418,22.231337161607875,37.26929923935912
3167509,Simão Pereira - MG,172.0,70019.0,202,136108.0,2947.0,3108.0,1073.0,5.836443841194435,16.02982292637465,6.499356499356499,18.825722273998135,23.75941635561588
3167608,Simonésia - MG,2536.0,1017797.0,2632,1854877.0,19750.0,20518.0,7016.0,12.840506329113923,36.14595210946408,12.827760990349937,37.51425313568985,51.5340253164557
3167707,Sobrália - MG,947.0,390714.0,745,507182.0,5137.0,5107.0,2010.0,18.434884173642203,47.114427860696516,14.587820638339535,37.06467661691542,76.0587891765622
3167806,Soledade de Minas - MG,294.0,117886.0,229,138742.0,5613.0,5733.0,2121.0,5.237840726884019,13.861386138613861,3.994418280132566,10.796793965110798,21.002316052022092
3167905,Tabuleiro - MG,266.0,106833.0,260,174649.0,4014.0,4095.0,1554.0,6.626806178375685,17.117117117117118,6.349206349206349,16.73101673101673,26.61509715994021
3168002,Taiobeiras - MG,3689.0,1493893.0,3351,2152508.0,33050.0,34675.0,11732.0,11.161875945537066,31.443914081145586,9.664023071377073,28.56290487555404,45.200998487140694
3168051,Taparuba - MG,873.0,351606.0,692,455327.0,3387.0,3523.0,1314.0,25.775022143489814,66.43835616438356,19.642350269656543,52.663622526636225,103.8104517271922
3168101,Tapira - MG,404.0,165178.0,427,296134.0,4118.0,4217.0,1435.0,9.810587663914522,28.153310104529616,10.125681764287409,29.75609756097561,40.11121903836814
3168200,Tapiraí - MG,177.0,72026.0,145,96519.0,1690.0,1690.0,657.0,10.47337278106509,26.940639269406393,8.579881656804734,22.070015220700153,42.618934911242604
3168309,Taquaraçu de Minas - MG,516.0,211463.0,484,329095.0,4224.0,4399.0,1593.0,12.215909090909092,32.39171374764595,11.00250056831098,30.382925298179536,50.06226325757576
3168408,Tarumirim - MG,1980.0,803717.0,1696,1146539.0,14709.0,15134.0,5230.0,13.461146236997756,37.8585086042065,11.206554777322586,32.4282982791587,54.641172071520835
3168507,Teixeiras - MG,1235.0,497542.0,1054,704775.0,12255.0,12745.0,4736.0,10.077519379844961,26.07685810810811,8.269909768536682,22.25506756756757,40.599102407180744
3168606,Teófilo Otoni - MG,11901.0,4853151.0,10526,7024523.0,137418.0,143115.0,49858.0,8.6604374972711,23.86979020417987,7.354924361527443,21.111957960608127,35.316705235122036
3168705,Timóteo - MG,4301.0,1758630.0,3445,2274873.0,81579.0,84253.0,30026.0,5.272190146974099,14.324252314660628,4.088875173584324,11.47338972890162,21.557386092008972
3168804,Tiradentes - MG,666.0,269362.0,629,423140.0,7744.0,8102.0,2866.0,8.600206611570249,23.237962316817864,7.7635151814366825,21.946964410327983,34.783316115702476
3168903,Tiros - MG,517.0,210941.0,553,376020.0,7883.0,8287.0,3107.0,6.558416846378282,16.639845510138397,6.673102449619886,17.79851947215964,26.758975009514145
3169000,Tocantins - MG,1290.0,519987.0,1267,848154.0,16185.0,16631.0,6154.0,7.970342910101946,20.961975950601236,7.618303168781192,20.58823529411765,32.12771084337349
3169059,Tocos do Moji - MG,253.0,101322.0,303,201981.0,3826.0,3890.0,1470.0,6.6126502875065345,17.210884353741495,7.789203084832905,20.612244897959183,26.482488238369054
3169109,Toledo - MG,325.0,131294.0,475,326529.0,7214.0,7705.0,2599.0,4.505128915996673,12.50480954213159,6.164828033744322,18.276260100038478,18.19988910451899
3169208,Tombos - MG,1247.0,503324.0,930,615618.0,8609.0,8609.0,3297.0,14.48484144499942,37.822262663027,10.802648391218492,28.207461328480438,58.464862353351144
3169307,Três Corações - MG,4644.0,1882984.0,3158,2029666.0,75485.0,78492.0,26358.0,6.152215671987812,17.61893922148873,4.0233399582123015,11.981182183777221,24.94514141882493
3169356,Três Marias - MG,2106.0,863829.0,2284,1557075.0,28895.0,30040.0,10782.0,7.288458210763108,19.532554257095157,7.603195739014647,21.18345390465591,29.895449039626232
3169406,Três Pontas - MG,3300.0,1339848.0,3141,2134114.0,55255.0,57325.0,19288.0,5.972310198172111,17.10908336789714,5.479284779764501,16.28473662380755,24.24844810424396
3169505,Tumiritinga - MG,1269.0,524621.0,964,649552.0,5886.0,5937.0,2259.0,21.559633027522935,56.17529880478088,16.237156813205324,42.673749446657816,89.13030920829085
3169604,Tupaciguara - MG,2983.0,1209929.0,2690,1826140.0,25470.0,26679.0,9774.0,11.71181782489203,30.51974626560262,10.082836688031785,27.521997135256804,47.50408323517864
3169703,Turmalina - MG,2213.0,890184.0,2209,1463281.0,20000.0,20882.0,7436.0,11.065,29.76062399139322,10.578488650512403,29.706831629908553,44.5092
3169802,Turvolândia - MG,438.0,175854.0,530,358384.0,4935.0,5114.0,1798.0,8.875379939209726,24.360400444938822,10.363707469691045,29.477196885428253,35.63404255319149
3169901,Ubá - MG,4868.0,1956826.0,5183,3501774.0,103365.0,107613.0,39042.0,4.709524500556281,12.46862353363045,4.816332599221283,13.275446954561755,18.93122430222996
3170008,Ubaí - MG,1916.0,781155.0,2189,1499307.0,11708.0,11993.0,3598.0,16.364878715408267,53.25180655919956,18.252313849745686,60.83935519733185,66.71976426375129
3170057,Ubaporanga - MG,1439.0,584062.0,1326,913364.0,13017.0,13543.0,4666.0,11.054774525620342,30.840120017145306,9.791035959536291,28.418345477925417,44.86917108396712
3170107,Uberaba - MG,12827.0,5225026.0,16076,11095695.0,337836.0,359275.0,127349.0,3.796812654660841,10.07232094480522,4.474566835989145,12.623577727347682,15.466161095916362
3170206,Uberlândia - MG,25498.0,10282684.0,30152,20145813.0,713224.0,768339.0,268012.0,3.5750339304341976,9.51375311553214,3.924309451947643,11.25024252645404,14.417187307213442
3170305,Umburatiba - MG,425.0,179799.0,329,223460.0,2684.0,2743.0,1040.0,15.834575260804769,40.86538461538461,11.994166970470287,31.634615384615383,66.9891952309985
3170404,Unaí - MG,3919.0,1587103.0,3662,2464127.0,86619.0,91884.0,31515.0,4.524411503249865,12.435348246866571,3.9854599277349703,11.619863557036332,18.322804465532965
3170438,União de Minas - MG,533.0,216022.0,333,224153.0,3828.0,3789.0,1509.0,13.923719958202717,35.32140490390987,8.788598574821853,22.067594433399602,56.432079414838036
3170479,Uruana de Minas - MG,601.0,248399.0,407,263976.0,3282.0,3369.0,1266.0,18.312004875076173,47.472353870458136,12.080736123478777,32.148499210110586,75.68525289457648
3170503,Urucânia - MG,458.0,186350.0,398,266699.0,10600.0,10921.0,3566.0,4.320754716981132,12.843522153673584,3.6443549125537955,11.160964666292765,17.580188679245282
3170529,Urucuia - MG,1640.0,667342.0,1311,906877.0,17479.0,18727.0,4173.0,9.382687796784714,39.30026359932902,7.000587387194959,31.416247304097773,38.179644144401855
3170578,Vargem Alegre - MG,1380.0,559774.0,1108,741632.0,5780.0,5768.0,2207.0,23.875432525951556,62.52831898504758,19.209431345353675,50.203896692342546,96.84671280276817
3170602,Vargem Bonita - MG,163.0,67112.0,154,103147.0,2158.0,2208.0,876.0,7.553290083410565,18.60730593607306,6.97463768115942,17.579908675799086,31.099165894346616
3170651,Vargem Grande do Rio Pardo - MG,654.0,269876.0,678,465854.0,4633.0,4721.0,1419.0,14.116123462119576,46.088794926004226,14.361364117771659,47.780126849894295,58.25080941074898
3170701,Varginha - MG,3795.0,1554493.0,3640,2461376.0,136467.0,144503.0,49488.0,2.780892083800479,7.668525703200776,2.518978844729867,7.35531846104106,11.390980969758257
3170750,Varjão de Minas - MG,581.0,234823.0,636,442514.0,6969.0,7363.0,2478.0,8.336920648586597,23.44632768361582,8.637783512155371,25.66585956416465,33.69536518869278
3170800,Várzea da Palma - MG,3414.0,1387890.0,3367,2292842.0,33744.0,34475.0,12988.0,10.117354196301564,26.285802279026793,9.766497461928934,25.923929781336618,41.1299786628734
3170909,Varzelândia - MG,3375.0,1369384.0,3425,2367001.0,18840.0,19206.0,6295.0,17.914012738853504,53.61397934868943,17.8329688638967,54.408260524225575,72.68492569002123
3171006,Vazante - MG,1082.0,433648.0,1005,666550.0,19975.0,20483.0,7548.0,5.41677096370463,14.33492315845257,4.906507835766245,13.314785373608903,21.70953692115144
3171030,Verdelândia - MG,1858.0,762786.0,1507,1031922.0,7672.0,7706.0,2516.0,24.21793534932221,73.84737678855326,19.55618998183234,59.8966613672496,99.42466110531804
3171071,Veredinha - MG,926.0,373550.0,691,454217.0,5181.0,5223.0,1917.0,17.872997490831885,48.304642670839854,13.229944476354586,36.045905059989565,72.09998069870682
3171105,Veríssimo - MG,196.0,79696.0,283,193753.0,3411.0,3476.0,1379.0,5.74611550864849,14.213197969543147,8.141542002301495,20.522117476432197,23.36440926414541
3171154,Vermelho Novo - MG,667.0,270670.0,635,428063.0,4899.0,5062.0,1798.0,13.615023474178404,37.096774193548384,12.544448834452785,35.317018909899886,55.25005103082262
3171204,Vespasiano - MG,11414.0,4694160.0,10405,7058170.0,129246.0,140004.0,45984.0,8.831221082277208,24.821677105080028,7.431930516270964,22.627435629784273,36.319576621326775
3171303,Viçosa - MG,4052.0,1638379.0,3882,2550318.0,76430.0,79797.0,29055.0,5.301583147978542,13.945964549991396,4.8648445430279335,13.360867320598864,21.43633390030093
3171402,Vieiras - MG,567.0,231314.0,433,287159.0,3700.0,3781.0,1418.0,15.324324324324325,39.98589562764457,11.451996826236446,30.535966149506347,62.5172972972973
3171501,Mathias Lobato - MG,726.0,299409.0,541,376853.0,3038.0,3037.0,1097.0,23.897300855826202,66.18049225159525,17.813631873559434,49.316317228805836,98.55464121132324
3171600,Virgem da Lapa - MG,1351.0,548010.0,1324,882325.0,11804.0,11686.0,4327.0,11.445272788885124,31.222556043448115,11.32979633749786,30.59856713658424,46.425787868519144
3171709,Virgínia - MG,1213.0,486291.0,983,647876.0,8908.0,9184.0,3297.0,13.616973506960036,36.79102214134061,10.703397212543553,29.814983318168032,54.59036820835205
3171808,Virginópolis - MG,471.0,189556.0,408,279832.0,10314.0,10503.0,3742.0,4.566608493310064,12.586851950828434,3.884604398743216,10.903260288615714,18.378514640294746
3171907,Virgolândia - MG,517.0,208377.0,523,356621.0,4552.0,4416.0,1785.0,11.357644991212654,28.96358543417367,11.843297101449275,29.29971988795518,45.77702108963093
3172004,Visconde do Rio Branco - MG,2239.0,903821.0,2232,1514714.0,39160.0,40809.0,14770.0,5.7175689479060265,15.159106296547055,5.469381754024847,15.111712931618145,23.08020939734423
3172103,Volta Grande - MG,700.0,288916.0,562,375005.0,4443.0,4411.0,1672.0,15.755120414134593,41.866028708133975,12.740875085014736,33.61244019138756,65.02723385100157
3172202,Wenceslau Braz - MG,200.0,81017.0,233,153686.0,2356.0,2368.0,867.0,8.488964346349745,23.06805074971165,9.839527027027026,26.874279123414073,34.38752122241087
3200102,Afonso Cláudio - ES,2755.0,1110106.0,1966,1248371.0,30684.0,32479.0,11496.0,8.97862077955938,23.964857341684063,6.053142030234921,17.10160055671538,36.17865988788945
3200136,Águia Branca - ES,946.0,383144.0,846,576505.0,9711.0,10183.0,3649.0,9.741530223457934,25.924910934502602,8.307964254149072,23.184434091531926,39.4546390690969
3200169,Água Doce do Norte - ES,1638.0,660934.0,1564,1078110.0,12042.0,12610.0,4595.0,13.60239162929746,35.647442872687705,12.402854877081682,34.03699673558216,54.88573326689919
3200201,Alegre - ES,2395.0,970814.0,2650,1799169.0,29177.0,30693.0,11364.0,8.208520409911918,21.075325589581134,8.633890463623628,23.319253783878917,33.273263186756694
3200300,Alfredo Chaves - ES,713.0,290281.0,667,437609.0,13836.0,14376.0,5196.0,5.153223474992773,13.722093918398768,4.639677239844184,12.83679753656659,20.98012431338537
3200359,Alto Rio Novo - ES,1124.0,453988.0,1106,758120.0,7434.0,7772.0,2865.0,15.119720204465967,39.232111692844676,14.230571281523417,38.603839441535776,61.06914178100619
3200409,Anchieta - ES,2535.0,1040316.0,2572,1716756.0,29984.0,33397.0,11037.0,8.454509071504802,22.968197879858657,7.701290535078001,23.30343390414062,34.69570437566702
3200508,Apiacá - ES,1296.0,522984.0,874,571401.0,7223.0,7438.0,2746.0,17.94268309566662,47.1959213401311,11.750470556601236,31.828113619810633,72.4053717291984
3200607,Aracruz - ES,6738.0,2742382.0,6822,4613923.0,94765.0,104304.0,32774.0,7.110220017939112,20.558979679013852,6.540497008743673,20.815280405199243,28.93876431171846
3200706,Atílio Vivácqua - ES,1148.0,467590.0,757,502219.0,10540.0,11078.0,3844.0,10.891840607210627,29.864724245577523,6.833363423000542,19.69302809573361,44.36337760910816
3200805,Baixo Guandu - ES,2491.0,1004423.0,2356,1593677.0,30674.0,32930.0,11404.0,8.120884136402164,21.843212907751667,7.154570300637716,20.659417748158543,32.74509356458238
3200904,Barra de São Francisco - ES,3290.0,1330529.0,3157,2135311.0,42498.0,45574.0,16054.0,7.741540778389571,20.49333499439392,6.927195330670997,19.664881026535443,31.30803802531884
3201001,Boa Esperança - ES,2052.0,832297.0,1768,1203490.0,13608.0,14029.0,5039.0,15.079365079365079,40.722365548719985,12.602466319766199,35.08632665211351,61.162330981775426
3201100,Bom Jesus do Norte - ES,1313.0,529966.0,1081,715748.0,10254.0,10867.0,4013.0,12.804759118392822,32.7186643408921,9.947547621238613,26.93745327685024,51.68383070021455
3201159,Brejetuba - ES,1409.0,568989.0,866,542247.0,12985.0,13800.0,4535.0,10.85098190219484,31.069459757442118,6.27536231884058,19.095920617420067,43.81894493646515
3201209,Cachoeiro de Itapemirim - ES,12119.0,4946281.0,10532,7178078.0,185786.0,198367.0,70983.0,6.523096465826273,17.073102010340506,5.3093508496877,14.837355423129482,26.62353998686661
3201308,Cariacica - ES,34152.0,14024850.0,32542,22302432.0,353491.0,376914.0,130112.0,9.661349228127449,26.248155435317265,8.63379975272874,25.01075996064929,39.67526754570838
3201407,Castelo - ES,2015.0,812815.0,1553,989281.0,36930.0,39747.0,14229.0,5.45626861630111,14.161220043572985,3.907213123002994,10.914329889661959,22.00961278093691
3201506,Colatina - ES,4564.0,1832273.0,4615,3187590.0,120033.0,130043.0,45911.0,3.8022877042146743,9.94097275162815,3.5488261575017495,10.05205724118403,15.264743862104588
3201605,Conceição da Barra - ES,3111.0,1298809.0,4410,3004236.0,27458.0,28891.0,9557.0,11.330031320562313,32.552056084545356,15.264269149562148,46.14418750653971,47.301660718187776
3201704,Conceição do Castelo - ES,720.0,290640.0,833,604823.0,11937.0,12475.0,4466.0,6.031666247800955,16.1218092252575,6.677354709418838,18.65203761755486,24.347826086956523
3201803,Divino de São Lourenço - ES,412.0,166253.0,373,262403.0,5083.0,5391.0,1902.0,8.105449537674602,21.661409043112513,6.918938972361343,19.61093585699264,32.70765296084989
3201902,Domingos Martins - ES,1229.0,495061.0,1007,665611.0,35416.0,38498.0,13148.0,3.4701829681499885,9.347429266808641,2.615720297158294,7.658959537572255,13.978456065055342
3202009,Dores do Rio Preto - ES,555.0,225342.0,571,381040.0,6596.0,6919.0,2485.0,8.414190418435416,22.334004024144868,8.25263766440237,22.977867203219315,34.16343238326258
3202108,Ecoporanga - ES,2519.0,1022060.0,1957,1297948.0,21992.0,22554.0,8612.0,11.454165150963988,29.249883882954016,8.676953090360911,22.724105898745936,46.47417242633685
3202207,Fundão - ES,1619.0,661790.0,1623,1117465.0,18014.0,18941.0,6715.0,8.98745420228711,24.110201042442295,8.568713373105961,24.16976917349218,36.737537470856
3202256,Governador Lindenberg - ES,645.0,259081.0,807,571225.0,11009.0,11501.0,3983.0,5.858842765010446,16.1938237509415,7.016781149465264,20.26110971629425,23.53356344808793
3202306,Guaçuí - ES,2362.0,954597.0,2801,1953668.0,29358.0,31528.0,10952.0,8.045507187138089,21.566837107377648,8.884166455214412,25.575237399561725,32.51573676680973
3202405,Guarapari - ES,7347.0,2960714.0,6189,4117748.0,124656.0,137659.0,46731.0,5.89381979206777,15.721897669641137,4.495892023042446,13.243885215381653,23.7510749582852
3202454,Ibatiba - ES,1217.0,488864.0,972,656780.0,25380.0,27765.0,9296.0,4.79511426319937,13.091652323580034,3.500810372771475,10.456110154905335,19.261780929866035
3202504,Ibiraçu - ES,1134.0,459911.0,1046,721786.0,11723.0,12350.0,4249.0,9.673291819500127,26.68863261943987,8.469635627530364,24.617557072252296,39.23151070545082
3202553,Ibitirama - ES,1489.0,601320.0,1562,1091793.0,9520.0,10119.0,3389.0,15.640756302521009,43.93626438477427,15.436307935566756,46.09029212156978,63.16386554621849
3202603,Iconha - ES,472.0,190166.0,592,386966.0,12326.0,12801.0,4640.0,3.8293039104332305,10.172413793103448,4.6246387001015545,12.758620689655173,15.428038293039105
3202652,Irupi - ES,1210.0,485051.0,907,625649.0,13710.0,14793.0,5025.0,8.825674690007293,24.079601990049753,6.13127830730751,18.049751243781095,35.379358132749815
3202702,Itaguaçu - ES,1125.0,453608.0,1089,752681.0,13589.0,14004.0,5263.0,8.27875487526676,21.375641269238077,7.776349614395887,20.69162074862246,33.38052836853337
3202801,Itapemirim - ES,5234.0,2123440.0,5886,3979125.0,39832.0,44621.0,14039.0,13.140188792930307,37.28185768217109,13.191098361757916,41.926063109908114,53.30990158666399
3202900,Itarana - ES,532.0,214168.0,491,311583.0,10597.0,10997.0,3913.0,5.020288760970086,13.595706618962433,4.4648540511048465,12.54791719907999,20.210248183448147
3203007,Iúna - ES,2315.0,933678.0,1910,1274341.0,28590.0,30626.0,10716.0,8.097236796082546,21.60321015304218,6.2365310520472805,17.823814856289662,32.65750262329486
3203056,Jaguaré - ES,2899.0,1179470.0,3096,2101334.0,28931.0,31858.0,10251.0,10.0203933496941,28.28016778850844,9.718124176031138,30.201931518876208,40.768379938474304
3203106,Jerônimo Monteiro - ES,977.0,398844.0,986,682995.0,11575.0,12112.0,4367.0,8.44060475161987,22.372337989466452,8.140686922060766,22.578429127547516,34.45736501079914
3203130,João Neiva - ES,890.0,356586.0,710,467778.0,14079.0,14203.0,5158.0,6.321471695432915,17.254749903063203,4.998943885094699,13.765025203567275,25.327509056040913
3203163,Laranja da Terra - ES,946.0,381567.0,742,466112.0,11094.0,11622.0,4210.0,8.527131782945736,22.470308788598576,6.384443297194975,17.624703087885987,34.3939967550027
3203205,Linhares - ES,9514.0,3835600.0,5216,3065274.0,166786.0,185621.0,58662.0,5.704315709951675,16.218335549418704,2.8100268827341734,8.891616378575568,22.997134052018755
3203304,Mantenópolis - ES,1557.0,629208.0,1470,983849.0,12770.0,13090.0,4988.0,12.192638997650745,31.214915797914998,11.229946524064172,29.47072975140337,49.272357086922476
3203320,Marataízes - ES,4778.0,1946384.0,5270,3600368.0,41929.0,46461.0,14966.0,11.395454220229436,31.92569824936523,11.342846688620563,35.21314980622745,46.42094970068449
3203346,Marechal Floriano - ES,608.0,244318.0,470,308886.0,17641.0,19159.0,6607.0,3.446516637378833,9.202361132132587,2.453155175113524,7.1136673225367035,13.849441641630293
3203353,Marilândia - ES,688.0,277502.0,634,433419.0,12387.0,13150.0,4709.0,5.554210058932752,14.610320662561053,4.821292775665399,13.463580377999575,22.402680229272626
3203403,Mimoso do Sul - ES,3705.0,1489141.0,2866,1900865.0,24475.0,25011.0,9435.0,15.137895812053115,39.268680445151034,11.45895805845428,30.37625861155273,60.84335035750766
3203502,Montanha - ES,2541.0,1039260.0,2179,1477990.0,18900.0,19891.0,7017.0,13.444444444444445,36.212056434373665,10.954703132069781,31.05315661963802,54.98730158730159
3203601,Mucurici - ES,645.0,265152.0,605,411784.0,5466.0,5667.0,2119.0,11.800219538968166,30.438886267107126,10.675842597494265,28.551203397829166,48.50933040614709
3203700,Muniz Freire - ES,1554.0,627336.0,1674,1142546.0,18153.0,18806.0,6712.0,8.560568501074203,23.152562574493444,8.901414442199298,24.9404052443385,34.55825483391175
3203809,Muqui - ES,2090.0,849530.0,1522,1033530.0,13745.0,14160.0,5050.0,15.205529283375773,41.386138613861384,10.748587570621469,30.138613861386137,61.80647508184794
3203908,Nova Venécia - ES,3702.0,1501002.0,3953,2696581.0,49065.0,52531.0,18589.0,7.545093243656374,19.915003496691593,7.525080428699244,21.265264403679595,30.59211250382146
3204005,Pancas - ES,1598.0,645520.0,1649,1120099.0,18893.0,18914.0,7140.0,8.458159106547399,22.38095238095238,8.718409643650206,23.095238095238095,34.16715185518446
3204054,Pedro Canário - ES,2846.0,1160118.0,2601,1776385.0,21522.0,21803.0,7801.0,13.223678096831149,36.48250224330214,11.929550979223043,33.34187924625048,53.90381934764427
3204104,Pinheiros - ES,2458.0,998680.0,2337,1606375.0,23915.0,24861.0,8538.0,10.278068158059796,28.788943546498007,9.40026547604682,27.37174982431483,41.75956512648965
3204203,Piúma - ES,1797.0,726237.0,2342,1601971.0,22300.0,24176.0,8500.0,8.058295964125561,21.141176470588235,9.687293183322303,27.55294117647059,32.566681614349775
3204252,Ponto Belo - ES,1299.0,533161.0,1062,744442.0,6497.0,6640.0,2486.0,19.993843312297983,52.25261464199517,15.993975903614459,42.71922767497989,82.06264429736801
3204302,Presidente Kennedy - ES,1816.0,742827.0,1626,1104386.0,13696.0,15050.0,5115.0,13.259345794392523,35.50342130987292,10.803986710963455,31.788856304985337,54.236784462616825
3204351,Rio Bananal - ES,1327.0,534116.0,1031,635467.0,19274.0,20467.0,6923.0,6.884922693784373,19.167990755452838,5.037377241413006,14.892387693196591,27.711736017432813
3204401,Rio Novo do Sul - ES,730.0,297481.0,638,435846.0,11069.0,11471.0,4130.0,6.594995031168128,17.675544794188863,5.561851625839072,15.447941888619855,26.87514680639624
3204500,Santa Leopoldina - ES,1285.0,522101.0,1137,759634.0,13106.0,13950.0,4954.0,9.804669616969328,25.938635446104158,8.150537634408602,22.951150585385548,39.836792308866166
3204559,Santa Maria de Jetibá - ES,1656.0,667814.0,1743,1135071.0,41636.0,45975.0,14711.0,3.977327312902296,11.25688260485351,3.7911908646003263,11.848276799673714,16.039340954942837
3204609,Santa Teresa - ES,843.0,340232.0,882,591550.0,22808.0,23977.0,8667.0,3.6960715538407576,9.726548978885427,3.6785252533678108,10.176531671858775,14.917222027358822
3204658,São Domingos do Norte - ES,713.0,287859.0,837,559749.0,8589.0,9089.0,3096.0,8.30131563627896,23.029715762273902,9.208933876113983,27.03488372093023,33.5148445686343
3204708,São Gabriel da Palha - ES,1814.0,731427.0,1793,1184946.0,32252.0,34313.0,12624.0,5.624457397990822,14.369455006337136,5.225424766123627,14.203105196451205,22.678500558104925
3204807,São José do Calçado - ES,1564.0,633511.0,1540,1022368.0,10878.0,11451.0,4265.0,14.37764294907152,36.67057444314185,13.448607108549472,36.107854630715124,58.237819452105164
3204906,São Mateus - ES,11482.0,4683431.0,10555,6904424.0,123752.0,135450.0,45226.0,9.278233887129097,25.388051121036572,7.792543373938723,23.33834519966391,37.845295429568814
3204955,São Roque do Canaã - ES,507.0,203487.0,331,212822.0,10886.0,11222.0,4095.0,4.657358074591218,12.380952380952381,2.949563357690251,8.083028083028083,18.692540878192172
3205002,Serra - ES,39777.0,16255042.0,38723,26318402.0,520653.0,586901.0,191936.0,7.639829214467217,20.724095531843947,6.597875962044706,20.174954151383794,31.220490422603923
3205010,Sooretama - ES,2070.0,842629.0,1616,1112553.0,26502.0,28876.0,9185.0,7.810731265564863,22.536744692433317,5.596342983792769,17.59390310288514,31.79492113802732
3205036,Vargem Alta - ES,1043.0,420760.0,894,586845.0,19563.0,20413.0,7122.0,5.3314931247763635,14.644762707104746,4.37956204379562,12.552653748946925,21.507948678628022
3205069,Venda Nova do Imigrante - ES,1084.0,435374.0,1029,627198.0,23831.0,25630.0,8902.0,4.5486970752381355,12.177038867670186,4.014826375341396,11.55920017973489,18.269229155301918
3205101,Viana - ES,7032.0,2865228.0,6510,4401316.0,73423.0,79611.0,25552.0,9.577380384893017,27.52035065748278,8.1772619361646,25.477457733249842,39.02357571878022
3205150,Vila Pavão - ES,825.0,332645.0,788,537653.0,8911.0,9340.0,3341.0,9.258220177308944,24.69320562705777,8.436830835117773,23.585752768632148,37.32970485916283
3205176,Vila Valério - ES,1189.0,480426.0,1485,1041427.0,13728.0,14289.0,4930.0,8.661130536130536,24.11764705882353,10.392609699769054,30.121703853955374,34.99606643356643
3205200,Vila Velha - ES,22384.0,9123114.0,24429,16648894.0,467722.0,510512.0,177116.0,4.785748799500558,12.638045122970256,4.785196038486853,13.792655660696944,19.5054198861717
3205309,Vitória - ES,21030.0,8692782.0,18350,12426472.0,322869.0,343935.0,128617.0,6.51347760237124,16.350871191211116,5.335310451102679,14.267165304741987,26.923557232190145
3300100,Angra dos Reis - RJ,19475.0,7967443.0,17261,11823794.0,167434.0,179152.0,62126.0,11.631448809680233,31.347583942310788,9.63483522372064,27.783858609921772,47.5855740172247
3300159,Aperibé - RJ,1098.0,442453.0,1049,697492.0,11034.0,11429.0,4334.0,9.951060358890702,25.334563913244118,9.178405809782133,24.203968620212276,40.09905745876382
3300209,Araruama - RJ,14781.0,6027382.0,13357,8966773.0,129671.0,137922.0,48144.0,11.398847853413638,30.701645064805582,9.684459332086252,27.743851777999335,46.482112422978155
3300225,Areal - RJ,929.0,378119.0,699,477514.0,11828.0,12213.0,4231.0,7.8542441663848495,21.956984164500117,5.723409481699828,16.52091704088868,31.968126479540075
3300233,Armação dos Búzios - RJ,4138.0,1675095.0,2836,1892532.0,40006.0,44365.0,14920.0,10.343448482727592,27.734584450402146,6.392426462301364,19.008042895442358,41.87109433584962
3300258,Arraial do Cabo - RJ,3151.0,1270503.0,2559,1736667.0,30986.0,32835.0,11542.0,10.169108629703738,27.300294576329925,7.793513019643673,22.171200831744933,41.002484993222744
3300308,Barra do Piraí - RJ,7413.0,3053413.0,6442,4374387.0,92883.0,98508.0,34992.0,7.981008365362876,21.184842249657063,6.539570390222114,18.40992226794696,32.87375515433395
3300407,Barra Mansa - RJ,12870.0,5281769.0,12565,8380802.0,169894.0,181675.0,62890.0,7.57531166492048,20.46430275083479,6.9161965047474885,19.97932898712037,31.088614077012725
3300456,Belford Roxo - RJ,88905.0,36089497.0,71787,47826386.0,483087.0,518442.0,180893.0,18.403517378857224,49.14783877761992,13.846679088499775,39.68478603373265,74.70599912645135
3300506,Bom Jardim - RJ,2183.0,884863.0,1846,1257551.0,28102.0,29769.0,10878.0,7.768130382179204,20.068027210884352,6.201081662131748,16.970031255745543,31.48754537043627
3300605,Bom Jesus do Itabapoana - RJ,3017.0,1218047.0,2426,1634290.0,35173.0,37178.0,13384.0,8.577602138003583,22.5418410041841,6.525364462854376,18.126120741183502,34.63017086970119
3300704,Cabo Frio - RJ,20886.0,8504641.0,16219,10942578.0,222161.0,236772.0,82015.0,9.401290055410266,25.46607327927818,6.850049836973967,19.775650795586174,38.281431034249934
3300803,Cachoeiras de Macacu - RJ,7577.0,3078919.0,5566,3669407.0,56943.0,59873.0,22265.0,13.306288744885236,34.03099034358859,9.296343927980892,24.998877161464183,54.07019300001756
3300902,Cambuci - RJ,2057.0,832401.0,1673,1096304.0,14616.0,15060.0,5799.0,14.073617952928299,35.47163304017934,11.108897742363878,28.849801689946542,56.951354679802954
3300936,Carapebus - RJ,2093.0,856790.0,1647,1090444.0,13847.0,14331.0,5034.0,15.115187405214126,41.57727453317441,11.492568557672179,32.717520858164484,61.87549649743627
3300951,Comendador Levy Gasparian - RJ,853.0,348587.0,609,418640.0,8741.0,9050.0,3015.0,9.758608854822103,28.291873963515755,6.7292817679558015,20.199004975124378,39.87953323418373
3301009,Campos dos Goytacazes - RJ,63278.0,26054422.0,47871,32976084.0,483540.0,519378.0,175744.0,13.086404433966166,36.00578113619811,9.216986472280304,27.23905225782957,53.882661206932205
3301108,Cantagalo - RJ,1714.0,702020.0,1320,923582.0,19390.0,20023.0,7289.0,8.83960804538422,23.514885443819455,6.5924187184737555,18.10948003841405,36.20526044352759
3301157,Cardoso Moreira - RJ,1588.0,641747.0,1315,875693.0,12958.0,13418.0,4985.0,12.254977620003087,31.8555667001003,9.800268296318379,26.37913741223671,49.52515820342646
3301207,Carmo - RJ,2516.0,1020747.0,1511,1003934.0,17198.0,17741.0,6683.0,14.629608093964414,37.647762980697294,8.516994532438984,22.609606464162802,59.3526572857309
3301306,Casimiro de Abreu - RJ,3523.0,1436641.0,2888,1967644.0,46110.0,48672.0,16907.0,7.6404250704836265,20.8375229195008,5.933596318211703,17.081682143490863,31.156820646280632
3301405,Conceição de Macabu - RJ,3379.0,1382878.0,2590,1752483.0,21104.0,21771.0,7901.0,16.01118271417741,42.76673838754588,11.896559643562536,32.780660675863814,65.52681956027294
3301504,Cordeiro - RJ,1693.0,690153.0,1206,826443.0,20783.0,21422.0,7959.0,8.146080931530578,21.271516522176153,5.6297264494444965,15.152657369016207,33.20757349757013
3301603,Duas Barras - RJ,1029.0,414644.0,815,557162.0,10980.0,11356.0,4151.0,9.371584699453551,24.78920741989882,7.176822824938359,19.63382317513852,37.76357012750455
3301702,Duque de Caxias - RJ,119554.0,48259841.0,90209,61616038.0,808161.0,866167.0,298064.0,14.79333944597673,40.11017767996135,10.414735264677597,30.264976649310217,59.715627207944955
3301801,Engenheiro Paulo de Frontin - RJ,1544.0,634872.0,1376,926486.0,12242.0,12804.0,4791.0,12.612318248652182,32.227092465038616,10.746641674476725,28.720517637236487,51.860153569678154
3301850,Guapimirim - RJ,10121.0,4143420.0,7055,4785023.0,51696.0,54316.0,18498.0,19.577917053543793,54.7140231376365,12.988806244937035,38.1392582981944,80.14972144846797
3301876,Iguaba Grande - RJ,3699.0,1491950.0,2612,1739862.0,27920.0,29681.0,10312.0,13.248567335243553,35.870830100853375,8.800242579427916,25.329712955779673,53.436604584527224
3301900,Itaboraí - RJ,39353.0,15998108.0,27375,18468453.0,224267.0,240169.0,86584.0,17.547387711968323,45.45066063013952,11.398223750775495,31.616695925344175,71.33509611311517
3302007,Itaguaí - RJ,14235.0,5770557.0,15890,11019596.0,116841.0,124040.0,42279.0,12.183223354815519,33.66919747392323,12.81038374717833,37.583670380094134,49.38811718489229
3302056,Italva - RJ,1418.0,573601.0,1202,792766.0,14073.0,14510.0,5598.0,10.076032118240603,25.330475169703465,8.28394210889042,21.47195426938192,40.75897107937185
3302106,Itaocara - RJ,2023.0,813547.0,1935,1274017.0,22919.0,23646.0,9046.0,8.826737641258344,22.363475569312403,8.183202232935804,21.3906699093522,35.49661852611371
3302205,Itaperuna - RJ,7757.0,3128318.0,7045,4644871.0,101041.0,107322.0,38479.0,7.67708158074445,20.159047792302296,6.564357727213433,18.308687855713504,30.960877267643827
3302254,Itatiaia - RJ,2723.0,1119886.0,2707,1809561.0,30908.0,32721.0,11374.0,8.810016824123204,23.940566203622296,8.272974542342839,23.799894496219448,36.23288469004788
3302270,Japeri - RJ,16819.0,6911197.0,15533,10510498.0,96289.0,102182.0,32110.0,17.467208092305455,52.37932108377453,15.201307470983147,48.37433821239489,71.7755610713581
3302304,Laje do Muriaé - RJ,837.0,336088.0,848,579526.0,7336.0,7582.0,2728.0,11.40948745910578,30.681818181818183,11.184384067528356,31.085043988269796,45.81352235550709
3302403,Macaé - RJ,20709.0,8463708.0,21029,14306960.0,246391.0,264583.0,92716.0,8.404933621763782,22.33595064498037,7.9479785171382895,22.68109064239182,34.35071897918349
3302452,Macuco - RJ,762.0,306728.0,518,344641.0,5415.0,5603.0,1940.0,14.07202216066482,39.27835051546392,9.24504729609138,26.701030927835053,56.64413665743306
3302502,Magé - RJ,34622.0,14108769.0,28217,19248754.0,228127.0,244166.0,82906.0,15.176634067865706,41.760548090608644,11.556482065480042,34.03493112681832,61.84611641760949
3302601,Mangaratiba - RJ,3963.0,1632353.0,5238,3495160.0,41220.0,43677.0,15765.0,9.614264919941776,25.137963843958136,11.992581908098083,33.22549952426261,39.600994662785055
3302700,Maricá - RJ,13773.0,5613316.0,15686,10703417.0,197277.0,212703.0,73454.0,6.9815538557459815,18.750510523592997,7.374602144774639,21.35486154600158,28.453980950643004
3302809,Mendes - RJ,1995.0,813601.0,1820,1204773.0,17502.0,18048.0,6917.0,11.398697291738086,28.84198351886656,10.084219858156029,26.31198496458002,46.48617300879899
3302858,Mesquita - RJ,24445.0,9967312.0,22685,15095619.0,167127.0,178780.0,62611.0,14.626601327134455,39.04266023542189,12.688779505537532,36.23165258500902,59.639148671369675
3302908,Miguel Pereira - RJ,3603.0,1468398.0,2725,1801404.0,26582.0,28151.0,10250.0,13.55428485441276,35.15121951219512,9.679940321835813,26.585365853658537,55.240312993755175
3303005,Miracema - RJ,4053.0,1650232.0,3358,2291045.0,26881.0,28418.0,9601.0,15.077564078717309,42.21435267159671,11.816454359912731,34.97552338298094,61.39027565938767
3303104,Natividade - RJ,1895.0,765053.0,1438,975186.0,15074.0,15552.0,5691.0,12.571314846756003,33.29819012475839,9.246399176954732,25.26796696538394,50.75315112113573
3303203,Nilópolis - RJ,12622.0,5079422.0,11914,7999071.0,146774.0,155478.0,57005.0,8.599615735757014,22.1419173756688,7.662820463345296,20.899921059556178,34.6070966247428
3303302,Niterói - RJ,38030.0,15413096.0,31784,21572126.0,481749.0,516820.0,194492.0,7.894152349044835,19.553503486004566,6.149916798885492,16.342060341813546,31.994038389285706
3303401,Nova Friburgo - RJ,10846.0,4396564.0,7644,5085779.0,189939.0,203460.0,76597.0,5.710254344815967,14.159823491781662,3.7570038336773814,9.97950311369897,23.147242009276663
3303500,Nova Iguaçu - RJ,144796.0,58991214.0,118863,80503625.0,785867.0,843367.0,287615.0,18.425000668051972,50.343688611511915,14.09386423704034,41.32712132538289,75.0651369761041
3303609,Paracambi - RJ,6753.0,2740302.0,5749,3708387.0,41375.0,43451.0,16107.0,16.3214501510574,41.92587073943006,13.230995834388162,35.692556031539084,66.23086404833838
3303708,Paraíba do Sul - RJ,3643.0,1471850.0,2774,1890445.0,42063.0,44485.0,15203.0,8.660818296364976,23.962375846872327,6.235809823536023,18.246398737091365,34.99156027862968
3303807,Paraty - RJ,4811.0,1967297.0,4981,3393582.0,45243.0,47694.0,16138.0,10.633689189487876,29.811624736646426,10.443661676521156,30.865039038294707,43.482903432575206
3303856,Paty do Alferes - RJ,2983.0,1214601.0,3085,2136741.0,29619.0,31382.0,10881.0,10.071238056652824,27.41475967282419,9.830476069084188,28.352173513463836,41.007495188899014
3303906,Petrópolis - RJ,23115.0,9450125.0,16265,11010406.0,278881.0,294954.0,108238.0,8.28848146700564,21.355716107097322,5.514419197569791,15.027069975424528,33.88586888314371
3303955,Pinheiral - RJ,2721.0,1119173.0,2485,1645487.0,24298.0,25102.0,8814.0,11.198452547534776,30.871341048332198,9.899609592861127,28.19378261856138,46.06029302823278
3304003,Piraí - RJ,2858.0,1173011.0,2520,1662745.0,27474.0,29072.0,10089.0,10.402562422654146,28.327881851521457,8.668134287286737,24.977698483496876,42.695311931280486
3304102,Porciúncula - RJ,2189.0,888407.0,2244,1510919.0,17288.0,17833.0,6421.0,12.66196205460435,34.0912630431397,12.583412774070544,34.94782744120853,51.38865108745951
3304110,Porto Real - RJ,1860.0,767965.0,1700,1152630.0,20373.0,21101.0,7187.0,9.129730525695773,25.8800612216502,8.056490213733946,23.653819396131905,37.695233887989005
3304128,Quatis - RJ,1255.0,513835.0,1261,853188.0,13682.0,14168.0,5035.0,9.172635579593626,24.925521350546177,8.90033879164314,25.044687189672295,37.555547434585584
3304144,Queimados - RJ,19940.0,8174656.0,18326,12461592.0,140523.0,149155.0,51217.0,14.189847925250671,38.93238573130015,12.286547551205123,35.781088310521895,58.17308198657871
3304151,Quissamã - RJ,2623.0,1073677.0,2383,1614052.0,22393.0,23149.0,8099.0,11.713481891662573,32.38671440918632,10.294181174132792,29.423385603160884,47.946992363685084
3304201,Resende - RJ,7514.0,3064360.0,6813,4522062.0,129612.0,137739.0,48207.0,5.797302718884054,15.586947953616695,4.946311502188922,14.132802290123841,23.64256396012715
3304300,Rio Bonito - RJ,10053.0,4082742.0,6288,4160654.0,56276.0,59147.0,21187.0,17.863742981022106,47.44890734884599,10.631139364633878,29.67857648558078,72.54854644964105
3304409,Rio Claro - RJ,1959.0,793430.0,1855,1251102.0,17401.0,17951.0,6415.0,11.257973679673581,30.53780202650039,10.333686145618628,28.916601714731097,45.596804781334406
3304508,Rio das Flores - RJ,995.0,405916.0,990,657645.0,8954.0,9269.0,3122.0,11.11235202144293,31.870595771941062,10.680763836444061,31.71044202434337,45.333482242573155
3304524,Rio das Ostras - RJ,14055.0,5726899.0,10233,6872387.0,156491.0,168626.0,59069.0,8.981347170124799,23.794206775127392,6.068459193718644,17.323807750258172,36.59570837939562
3304557,Rio de Janeiro - RJ,528579.0,214089454.0,408255,271060691.0,6211223.0,6731133.0,2436971.0,8.510063155034041,21.68999959375799,6.0651750604244485,16.752558811738012,34.4681641602628
3304607,Santa Maria Madalena - RJ,767.0,312441.0,595,402971.0,10232.0,10580.0,3989.0,7.496090695856138,19.227876660817248,5.623818525519849,14.916019052394084,30.535672400312745
3304706,Santo Antônio de Pádua - RJ,3057.0,1230114.0,3246,2230053.0,41325.0,43703.0,15817.0,7.397459165154265,19.327306063096668,7.427407729446491,20.52222292470127,29.76682395644283
3304755,São Francisco de Itabapoana - RJ,7253.0,3007647.0,7081,4784816.0,45059.0,47411.0,17278.0,16.096673250626957,41.97823822201644,14.935352555314168,40.98275263340665,66.74908453361148
3304805,São Fidélis - RJ,4433.0,1801869.0,3777,2502589.0,38961.0,41220.0,14908.0,11.378044711378045,29.735712369197746,9.163027656477437,25.335390394419104,46.24801724801725
3304904,São Gonçalo - RJ,85733.0,34711241.0,69927,47161462.0,896744.0,959977.0,358103.0,9.560476568563603,23.940877345344774,7.284237018178561,19.527063442640806,38.70808279732008
3305000,São João da Barra - RJ,6605.0,2703771.0,5835,3927111.0,36573.0,38756.0,14464.0,18.059770869220465,45.665099557522126,15.055733305810714,40.34153761061947,73.92806168484948
3305109,São João de Meriti - RJ,34127.0,13892652.0,41029,27948298.0,440962.0,466487.0,168771.0,7.739215624022025,20.220891029857025,8.795314767614103,24.310456180267938,31.505326989627225
3305133,São José de Ubá - RJ,845.0,340830.0,782,518925.0,7070.0,7328.0,2682.0,11.951909476661951,31.506338553318418,10.671397379912664,29.157345264727816,48.20792079207921
3305158,São José do Vale do Rio Preto - RJ,2044.0,829806.0,1197,815988.0,22080.0,22775.0,8263.0,9.257246376811594,24.73677840977853,5.25576289791438,14.486264068740168,37.58179347826087
3305208,São Pedro da Aldeia - RJ,10983.0,4483341.0,7713,5213731.0,104029.0,110735.0,38338.0,10.557632967730152,28.64781678752152,6.965277464216372,20.118420366216288,43.09703063568813
3305307,São Sebastião do Alto - RJ,849.0,345425.0,669,457014.0,7750.0,7990.0,2926.0,10.95483870967742,29.015721120984278,8.3729662077597,22.863978127136022,44.57096774193548
3305406,Sapucaia - RJ,1716.0,694223.0,1502,1022734.0,17729.0,18292.0,6693.0,9.679056912403407,25.63872702823846,8.211239886289087,22.441356641266996,39.157482091488525
3305505,Saquarema - RJ,9104.0,3686856.0,8172,5566527.0,89559.0,95355.0,34117.0,10.165365848211794,26.684644019110706,8.570080226521945,23.95286807163584,41.16678390781496
3305554,Seropédica - RJ,17790.0,7228362.0,15188,10061710.0,80596.0,84821.0,29321.0,22.07305573477592,60.67323761126838,17.905943103712524,51.799051874083425,89.68636160603504
3305604,Silva Jardim - RJ,2853.0,1156706.0,2039,1378188.0,21352.0,22029.0,7887.0,13.36174597227426,36.17344998098136,9.255980752644241,25.852668948903258,54.17319220681903
3305703,Sumidouro - RJ,2568.0,1031746.0,1827,1232304.0,15206.0,15695.0,5889.0,16.88807049848744,43.60672440142639,11.640649888499523,31.023942944472747,67.8512429304222
3305752,Tanguá - RJ,5672.0,2309841.0,4148,2760018.0,31086.0,32868.0,11548.0,18.24615582577366,49.11673016972636,12.620177680418644,35.91963976446138,74.30486392588304
3305802,Teresópolis - RJ,15222.0,6175274.0,11579,7803934.0,165123.0,176772.0,64415.0,9.21858251121891,23.63114181479469,6.550245513995429,17.975626795001165,37.398024502946285
3305901,Trajano de Moraes - RJ,1180.0,480415.0,751,501657.0,10302.0,10654.0,3895.0,11.454086585129101,30.29525032092426,7.0489956823728175,19.2811296534018,46.63317802368472
3306008,Três Rios - RJ,9452.0,3898975.0,6614,4524409.0,78346.0,82329.0,28427.0,12.06443213437827,33.25007915010377,8.033621202735366,23.266612727336685,49.766101651647816
3306107,Valença - RJ,7669.0,3134662.0,6630,4448822.0,68088.0,71442.0,25919.0,11.263365056985078,29.588332883213088,9.280255312001344,25.57969057448204,46.03839149336153
3306156,Varre-Sai - RJ,1559.0,628231.0,1618,1134968.0,10207.0,10565.0,3627.0,15.273831684138337,42.98318169285911,15.314718409843824,44.60987041632203,61.54903497599687
3306206,Vassouras - RJ,2767.0,1129480.0,3144,2148220.0,33976.0,35908.0,12879.0,8.143983988697904,21.484587312679555,8.755709034198507,24.411833216864665,33.24346597598305
3306305,Volta Redonda - RJ,21227.0,8700034.0,18352,12151632.0,261563.0,280006.0,97991.0,8.115444462710704,21.662193466746945,6.554145268315679,18.72825055362227,33.2617151508432
3500105,Adamantina - SP,647.0,260535.0,769,516290.0,34687.0,35701.0,13583.0,1.8652521117421512,4.763307075020246,2.1540012884793143,5.661488625487742,7.511027185977455
3500204,Adolfo - SP,233.0,94225.0,172,113322.0,4351.0,4529.0,1650.0,5.355090783727879,14.121212121212121,3.797747847206889,10.424242424242424,21.655941162951045
3500303,Aguaí - SP,1960.0,796588.0,2061,1402977.0,32072.0,32884.0,11480.0,6.111249688201546,17.073170731707318,6.267485707334874,17.95296167247387,24.837490646046394
3500402,Águas da Prata - SP,222.0,90844.0,229,156536.0,7369.0,7457.0,2830.0,3.012620436965667,7.84452296819788,3.070940056322918,8.091872791519435,12.327859953860768
3500501,Águas de Lindóia - SP,512.0,206808.0,443,287016.0,17930.0,18277.0,6799.0,2.8555493586168432,7.530519193999117,2.4238113475953385,6.51566406824533,11.534188510875627
3500550,Águas de Santa Bárbara - SP,438.0,176717.0,314,228297.0,7177.0,7508.0,2710.0,6.10282847986624,16.162361623616235,4.182205647309536,11.586715867158672,24.62268357252334
3500600,Águas de São Pedro - SP,89.0,36022.0,56,36289.0,2780.0,2933.0,1153.0,3.2014388489208634,7.718993928881179,1.909307875894988,4.8568950563746744,12.957553956834532
3500709,Agudos - SP,1578.0,642131.0,1447,995746.0,37680.0,39084.0,12936.0,4.187898089171974,12.198515769944342,3.7022822638419814,11.185837971552257,17.0416932059448
3500758,Alambari - SP,234.0,94684.0,237,158160.0,6141.0,6411.0,2139.0,3.810454323400098,10.93969144460028,3.696771174543753,11.079943899018232,15.418335775932258
3500808,Alfredo Marcondes - SP,298.0,120729.0,242,158824.0,4445.0,4591.0,1726.0,6.704161979752531,17.265353418308226,5.271182748856458,14.020857473928158,27.160629921259844
3500907,Altair - SP,314.0,126038.0,194,129855.0,3451.0,3456.0,1278.0,9.09881193856853,24.56964006259781,5.613425925925926,15.179968701095461,36.522167487684726
3501004,Altinópolis - SP,1426.0,588927.0,1110,761194.0,16818.0,17234.0,6078.0,8.479010583898205,23.461665021388615,6.440756643843565,18.26258637709773,35.0176596503746
3501103,Alto Alegre - SP,284.0,115930.0,295,201547.0,3841.0,3866.0,1518.0,7.393907836500912,18.708827404479578,7.630625969994827,19.433465085639,30.182244207237698
3501152,Alumínio - SP,636.0,260442.0,522,355513.0,17301.0,17621.0,5944.0,3.6760880873937922,10.699865410497981,2.9623744395891265,8.781965006729475,15.05358071787758
3501202,Álvares Florence - SP,183.0,74514.0,171,114047.0,3915.0,3980.0,1533.0,4.674329501915709,11.937377690802348,4.296482412060302,11.154598825831702,19.03295019157088
3501301,Álvares Machado - SP,1861.0,752876.0,1985,1341889.0,27255.0,28508.0,9869.0,6.828104934874335,18.857027054412807,6.962957766241055,20.113486675448375,27.62340854889011
3501400,Álvaro de Carvalho - SP,319.0,132313.0,307,208275.0,4808.0,4906.0,1168.0,6.63477537437604,27.311643835616437,6.25764370158989,26.284246575342465,27.51934276206323
3501509,Alvinlândia - SP,179.0,72374.0,208,143984.0,2885.0,2915.0,1007.0,6.204506065857886,17.775571002979145,7.135506003430532,20.655412115193645,25.08630849220104
3501608,Americana - SP,6115.0,2493118.0,5970,4032506.0,237240.0,248392.0,89205.0,2.5775585904569214,6.85499691721316,2.403459048600599,6.692449974777198,10.508843365368403
3501707,Américo Brasiliense - SP,1522.0,620162.0,1595,1095497.0,33019.0,33663.0,11411.0,4.609467276416608,13.33800718604855,4.738139797403678,13.977740776443783,18.781974014961083
3501806,Américo de Campos - SP,375.0,151775.0,291,196549.0,5870.0,5986.0,2361.0,6.388415672913117,15.88310038119441,4.861343133979285,12.32528589580686,25.856047700170357
3501905,Amparo - SP,1785.0,725137.0,1654,1058428.0,68008.0,69859.0,24491.0,2.6246912127984943,7.2883916540770075,2.367626218525888,6.753501286186762,10.662524997059169
3502002,Analândia - SP,301.0,123411.0,243,171514.0,4589.0,4703.0,1679.0,6.559163216387012,17.927337701012508,5.166914735275356,14.472900536033354,26.892787099585966
3502101,Andradina - SP,3409.0,1390969.0,3648,2458671.0,59783.0,61761.0,21911.0,5.702289948647609,15.55839532654831,5.906640112692476,16.649171648943454,23.26696552531656
3502200,Angatuba - SP,1358.0,550866.0,1481,1004022.0,24022.0,24628.0,8493.0,5.653151277995171,15.989638525844814,6.013480591197012,17.437890027081124,22.93172924818916
3502309,Anhembi - SP,574.0,235305.0,722,496783.0,5674.0,5767.0,2054.0,10.116320056397603,27.945472249269717,12.519507542916594,35.15092502434275,41.470743743390905
3502408,Anhumas - SP,175.0,70574.0,131,85663.0,4023.0,4126.0,1481.0,4.349987571464082,11.816340310600946,3.174987881725642,8.845374746792707,17.542629878200348
3502507,Aparecida - SP,1479.0,598550.0,1477,979571.0,32569.0,33067.0,11364.0,4.541128066566367,13.014783526927138,4.466688843862461,12.997184090109117,18.377905370137245
3502606,Aparecida d'Oeste - SP,384.0,156764.0,201,127139.0,4086.0,4101.0,1616.0,9.397944199706314,23.762376237623762,4.901243599122165,12.438118811881187,38.36612824278023
3502705,Apiaí - SP,2560.0,1040676.0,2300,1528543.0,24585.0,24831.0,8822.0,10.4128533658735,29.018363182951713,9.262615279287987,26.07118567218318,42.329713239780354
3502754,Araçariguama - SP,1786.0,737847.0,1996,1360212.0,21522.0,22448.0,7399.0,8.298485270885605,24.13839708068658,8.891660727013543,26.976618461954317,34.28338444382492
3502804,Araçatuba - SP,7941.0,3221546.0,8414,5682722.0,200124.0,208987.0,77774.0,3.968039815314505,10.210353074292179,4.0260877470847465,10.818525471237175,16.09774939537487
3502903,Araçoiaba da Serra - SP,1601.0,654210.0,1229,805441.0,32443.0,33989.0,11778.0,4.9348087414850665,13.59313975208015,3.6158757244991024,10.43470877907964,20.164904601917208
3503000,Aramina - SP,397.0,163297.0,322,221371.0,5420.0,5543.0,2002.0,7.324723247232472,19.83016983016983,5.809128630705394,16.083916083916083,30.12859778597786
3503109,Arandu - SP,401.0,163243.0,376,262669.0,6885.0,7099.0,2383.0,5.824255628177196,16.82752832563995,5.2965206367093955,15.778430549727235,23.709949164851125
3503158,Arapeí - SP,310.0,127294.0,242,168680.0,2330.0,2350.0,885.0,13.304721030042918,35.02824858757062,10.297872340425531,27.34463276836158,54.63261802575107
3503208,Araraquara - SP,8209.0,3345225.0,8078,5449526.0,242228.0,254508.0,92512.0,3.388955859768483,8.87344344517468,3.1739670265767677,8.7318401937046,13.8102325082154
3503307,Araras - SP,7620.0,3124031.0,5808,4007506.0,130866.0,136113.0,47974.0,5.822749988537894,15.883603618626756,4.267042824711821,12.10655771876433,23.871983555698193
3503356,Arco-Íris - SP,155.0,63840.0,133,90912.0,2044.0,2092.0,733.0,7.583170254403131,21.145975443383357,6.357552581261951,18.144611186903138,31.232876712328768
3503406,Arealva - SP,494.0,201966.0,590,401708.0,8130.0,8299.0,3079.0,6.076260762607626,16.04417018512504,7.10929027593686,19.16206560571614,24.842066420664207
3503505,Areias - SP,416.0,169914.0,386,273753.0,3577.0,3614.0,1231.0,11.629857422421024,33.79366368805849,10.680686220254566,31.356620633631195,47.501817165222256
3503604,Areiópolis - SP,580.0,236020.0,639,432910.0,10130.0,10229.0,3400.0,5.7255676209279365,17.058823529411764,6.246944960406687,18.794117647058822,23.299111549851926
3503703,Ariranha - SP,340.0,137394.0,243,166031.0,7602.0,7592.0,2874.0,4.472507234938174,11.830201809324983,3.200737618545838,8.455114822546973,18.07340173638516
3503802,Artur Nogueira - SP,1908.0,769137.0,2183,1457688.0,51456.0,53686.0,18150.0,3.7080223880597014,10.512396694214877,4.066237007786015,12.02754820936639,14.947469682835822
3503901,Arujá - SP,6803.0,2769750.0,6475,4389140.0,86678.0,90644.0,29348.0,7.848589030665221,23.18045522693199,7.143329950134593,22.062832220253508,31.9544751840144
3503950,Aspásia - SP,91.0,37800.0,82,54491.0,1842.0,1876.0,679.0,4.94028230184582,13.402061855670103,4.371002132196162,12.076583210603829,20.521172638436482
3504008,Assis - SP,3319.0,1339801.0,4376,2924627.0,101409.0,105051.0,38161.0,3.2728850496504256,8.697361180262572,4.165595758250754,11.467204737821335,13.211854963563392
3504107,Atibaia - SP,5050.0,2060323.0,3981,2702428.0,158647.0,168162.0,56522.0,3.1831676615378797,8.934574148119315,2.3673600456702464,7.043275184883762,12.986838704797444
3504206,Auriflama - SP,366.0,147697.0,401,258294.0,13692.0,13841.0,5393.0,2.6730937773882557,6.786575190061191,2.8971895094285096,7.435564620804747,10.787101957347357
3504305,Avaí - SP,381.0,156051.0,432,303363.0,4483.0,4489.0,1649.0,8.498773142984609,23.10491206791995,9.623524170193807,26.19769557307459,34.80950256524649
3504404,Avanhandava - SP,1393.0,563745.0,1083,732017.0,11263.0,11435.0,3539.0,12.367930391547546,39.36140152585476,9.470922606034106,30.60186493359706,50.05282784338098
3504503,Avaré - SP,3835.0,1566781.0,4115,2869356.0,92805.0,96764.0,33478.0,4.132320456871936,11.455284067148575,4.252614608738787,12.29165422068224,16.882506330477884
3504602,Bady Bassitt - SP,836.0,340087.0,970,672940.0,27260.0,29738.0,9958.0,3.0667644900953777,8.39526009238803,3.2618198937386507,9.740911829684675,12.475678650036684
3504701,Balbinos - SP,163.0,67042.0,146,94757.0,3887.0,3975.0,542.0,4.193465397478775,30.07380073800738,3.6729559748427674,26.937269372693727,17.247748906611783
3504800,Bálsamo - SP,327.0,132861.0,252,147641.0,9596.0,9946.0,3708.0,3.4076698624426847,8.818770226537216,2.533681882163684,6.796116504854369,13.84545644018341
3504909,Bananal - SP,973.0,392831.0,797,549841.0,9969.0,10089.0,3710.0,9.76025679606781,26.22641509433962,7.899692734661513,21.48247978436658,39.40525629451299
3505005,Barão de Antonina - SP,251.0,101874.0,257,178811.0,3531.0,3644.0,1336.0,7.108467856131408,18.7874251497006,7.052689352360044,19.236526946107784,28.851316907391674
3505104,Barbosa - SP,639.0,262478.0,612,410345.0,5640.0,5598.0,2110.0,11.329787234042554,30.28436018957346,10.932475884244372,29.00473933649289,46.538652482269505
3505203,Bariri - SP,1187.0,491664.0,1669,1175085.0,31595.0,32406.0,11749.0,3.7569235638550404,10.102987488296876,5.150280812195272,14.205464294833602,15.561449596455136
3505302,Barra Bonita - SP,1553.0,633525.0,1549,1057783.0,34346.0,35102.0,12894.0,4.521632795667617,12.044361718628819,4.412853968434847,12.013339537769506,18.44537937459966
3505351,Barra do Chapéu - SP,1010.0,408967.0,900,581036.0,5179.0,5252.0,1876.0,19.501834330951922,53.83795309168443,17.136329017517138,47.97441364605544,78.96640278045955
3505401,Barra do Turvo - SP,1367.0,551879.0,1036,727040.0,6876.0,6868.0,2575.0,19.880744618964513,53.0873786407767,15.084449621432732,40.23300970873787,80.26163467132054
3505500,Barretos - SP,4506.0,1843200.0,4237,2827334.0,122485.0,127276.0,46316.0,3.678817814426256,9.728819414457208,3.328985826078758,9.148026599879092,15.04837327019635
3505609,Barrinha - SP,3074.0,1271581.0,2461,1727822.0,32092.0,33414.0,11196.0,9.578711205284806,27.45623436941765,7.365176273418328,21.981064665952125,39.62299015330924
3505708,Barueri - SP,17455.0,7087420.0,14811,10045863.0,316473.0,336015.0,109460.0,5.515478413640342,15.946464461903892,4.407838935761796,13.530970217431024,22.395022640162036
3505807,Bastos - SP,820.0,329496.0,651,424207.0,21503.0,21968.0,7537.0,3.8134213830628285,10.879660342311265,2.963401310997815,8.637388881517845,15.323257219922802
3505906,Batatais - SP,2739.0,1122259.0,2676,1871096.0,58402.0,59999.0,21423.0,4.689907879867127,12.785324184287916,4.4600743345722424,12.491247724408346,19.21610561282148
3506003,Bauru - SP,12653.0,5162546.0,14290,9826371.0,379146.0,394028.0,140033.0,3.337236842799344,9.0357272928524,3.626645822124316,10.20473745474281,13.616248094401628
3506102,Bebedouro - SP,3724.0,1519831.0,3218,2224267.0,76373.0,78298.0,28032.0,4.876068767758239,13.284817351598173,4.109938951186493,11.479737442922374,19.900108677150303
3506201,Bento de Abreu - SP,176.0,72281.0,165,110494.0,2606.0,2638.0,929.0,6.753645433614735,18.945102260495155,6.254738438210766,17.761033369214207,27.736377590176517
3506300,Bernardino de Campos - SP,1004.0,412633.0,776,525282.0,11607.0,11906.0,3884.0,8.649952614801412,25.84963954685891,6.517722156895683,19.979402677651905,35.550357542862066
3506359,Bertioga - SP,6351.0,2591737.0,5714,3965835.0,64188.0,67941.0,22728.0,9.894372779958871,27.94350580781415,8.410238294991242,25.140795494544175,40.37728235807316
3506409,Bilac - SP,236.0,96129.0,205,133064.0,7319.0,7473.0,2798.0,3.2244842191556224,8.434596140100071,2.7432088853204872,7.326661901358113,13.134171334881815
3506508,Birigui - SP,3805.0,1549877.0,3771,2532865.0,118979.0,123655.0,45368.0,3.1980433521882015,8.386968788573444,3.0496138449718977,8.312026097690001,13.02647526034006
3506607,Biritiba Mirim - SP,3087.0,1251446.0,2948,1975571.0,29683.0,30599.0,10436.0,10.399892194185224,29.580298965120736,9.634301774567795,28.248371023380606,42.1603611494795
3506706,Boa Esperança do Sul - SP,954.0,388663.0,757,509741.0,12978.0,13093.0,4655.0,7.3509015256588075,20.494092373791624,5.781715420453677,16.262083780880772,29.947834797349362
3506805,Bocaina - SP,488.0,200418.0,709,499487.0,11259.0,11492.0,4079.0,4.3343103295141665,11.963716597205197,6.169509223807866,17.381711203726404,17.800692779110044
3506904,Bofete - SP,703.0,287606.0,647,425478.0,10460.0,10735.0,3940.0,6.720841300191204,17.84263959390863,6.027014438751746,16.421319796954315,27.495793499043977
3507001,Boituva - SP,2831.0,1138759.0,3285,2282397.0,61081.0,64240.0,21719.0,4.634829161277648,13.034670104516783,5.113636363636363,15.125005755329434,18.643424305430493
3507100,Bom Jesus dos Perdões - SP,1805.0,735223.0,1548,1053103.0,22006.0,22648.0,7725.0,8.202308461328728,23.36569579288026,6.835040621688449,20.038834951456312,33.410115423066436
3507159,Bom Sucesso de Itararé - SP,449.0,181503.0,505,345858.0,3555.0,3609.0,1175.0,12.630098452883264,38.212765957446805,13.99279578830701,42.97872340425532,51.05569620253164
3507209,Borá - SP,53.0,21244.0,56,38272.0,907.0,935.0,322.0,5.843439911797134,16.459627329192546,5.989304812834225,17.391304347826086,23.422271223814775
3507308,Boracéia - SP,294.0,121800.0,246,168763.0,4715.0,4852.0,1635.0,6.2354188759278895,17.98165137614679,5.07007419620775,15.045871559633028,25.832449628844113
3507407,Borborema - SP,650.0,264268.0,527,330646.0,14226.0,14396.0,5483.0,4.569098833122452,11.854824001459056,3.6607390941928313,9.611526536567572,18.57640939125545
3507456,Borebi - SP,201.0,82558.0,223,151754.0,2713.0,2814.0,966.0,7.408772576483598,20.80745341614907,7.924662402274342,23.08488612836439,30.430519719867306
3507506,Botucatu - SP,6030.0,2451236.0,6424,4283255.0,145155.0,151600.0,54424.0,4.154180014467293,11.079670733499926,4.237467018469657,11.803616051741878,16.88702421549378
3507605,Bragança Paulista - SP,9554.0,3864750.0,6664,4452807.0,176811.0,186631.0,63444.0,5.403509962615448,15.058949624866024,3.570682255359506,10.503751339764202,21.858085752583268
3507704,Braúna - SP,501.0,206486.0,446,299851.0,5356.0,5487.0,1965.0,9.353995519044062,25.49618320610687,8.128303262256242,22.697201017811704,38.55227781926811
3507753,Brejo Alegre - SP,321.0,129444.0,235,150300.0,2565.0,2605.0,962.0,12.514619883040936,33.36798336798337,9.021113243761997,24.428274428274428,50.46549707602339
3507803,Brodowski - SP,1109.0,445083.0,1048,728673.0,25201.0,26446.0,8879.0,4.400619023054641,12.490145286631378,3.962792104666112,11.80313098321883,17.66132296337447
3507902,Brotas - SP,694.0,279419.0,506,358122.0,23898.0,24571.0,8624.0,2.90400870365721,8.04730983302412,2.0593382442717023,5.86734693877551,11.692149970708845
3508009,Buri - SP,2505.0,1033553.0,3152,2198135.0,20250.0,20783.0,6972.0,12.37037037037037,35.929432013769365,15.166241639801761,45.20940906483075,51.03965432098765
3508108,Buritama - SP,1447.0,584507.0,1331,888881.0,17210.0,17712.0,6694.0,8.407902382335852,21.616372871227966,7.514679313459801,19.88347774126083,33.96321905868681
3508207,Buritizal - SP,362.0,147813.0,308,208926.0,4356.0,4467.0,1661.0,8.310376492194674,21.794099939795306,6.895007835236177,18.543046357615893,33.9331955922865
3508306,Cabrália Paulista - SP,257.0,103902.0,312,204265.0,4299.0,4358.0,1597.0,5.978134449872063,16.0926737633062,7.159247361174851,19.536631183469005,24.168876482903002
3508405,Cabreúva - SP,1779.0,727832.0,1903,1337534.0,47011.0,48815.0,15550.0,3.784220714300908,11.440514469453376,3.8983918877394244,12.237942122186496,15.48216374890983
3508504,Caçapava - SP,4824.0,1957575.0,3938,2626769.0,96202.0,100422.0,33656.0,5.014448764058959,14.33325410030901,3.9214514747764433,11.700736867126219,20.348589426415252
3508603,Cachoeira Paulista - SP,2755.0,1147604.0,2209,1521419.0,31564.0,32579.0,10905.0,8.728298061082246,25.263640531866116,6.780441388624574,20.256762952773958,36.358002787986315
3508702,Caconde - SP,1436.0,584931.0,896,606181.0,17101.0,17192.0,6212.0,8.39716975615461,23.116548615582744,5.2117263843648205,14.42369607211848,34.20449096544062
3508801,Cafelândia - SP,761.0,307604.0,1130,767311.0,16654.0,16908.0,6247.0,4.569472799327489,12.181847286697614,6.683226874852141,18.088682567632464,18.47027741083223
3508900,Caiabu - SP,159.0,64331.0,172,110863.0,3712.0,3715.0,1467.0,4.283405172413793,10.838445807770961,4.629878869448183,11.724608043626448,17.330549568965516
3509007,Caieiras - SP,4810.0,1955687.0,3795,2599053.0,95032.0,98810.0,32684.0,5.061452984257934,14.716680944804798,3.840704382147556,11.611185901358462,20.579246990487416
3509106,Caiuá - SP,648.0,262935.0,434,281351.0,5466.0,5612.0,1694.0,11.85510428100988,38.252656434474616,7.733428367783321,25.619834710743802,48.10373216245883
3509205,Cajamar - SP,8579.0,3530863.0,5680,3946548.0,92689.0,99249.0,32640.0,9.255682982878227,26.283700980392158,5.7229795766204195,17.401960784313726,38.093657284035864
3509254,Cajati - SP,2238.0,909836.0,2613,1763987.0,28515.0,29267.0,9915.0,7.848500789058391,22.571860816944024,8.928144326374415,26.354009077155826,31.90727687182185
3509304,Cajobi - SP,619.0,255350.0,470,325708.0,9133.0,9191.0,3513.0,6.777619621154057,17.62026757756903,5.113698183005114,13.378878451465983,27.95904960035038
3509403,Cajuru - SP,1750.0,712636.0,1348,903224.0,23830.0,24247.0,8609.0,7.343684431389005,20.327564177024044,5.559450653689116,15.658032291787665,29.904993705413343
3509452,Campina do Monte Alegre - SP,457.0,186936.0,453,294926.0,5954.0,6101.0,2194.0,7.675512260665099,20.82953509571559,7.42501229306671,20.64721969006381,31.39670809539805
3509502,Campinas - SP,55550.0,22585813.0,52998,35859541.0,1139047.0,1189761.0,429543.0,4.876883921383402,12.932349031412455,4.454508090280317,12.338229234325784,19.828692758068808
3509601,Campo Limpo Paulista - SP,3393.0,1386715.0,4203,2890786.0,77632.0,79890.0,26667.0,4.370620362737015,12.72359095511306,5.2609838527975965,15.761052986837665,17.862672609233307
3509700,Campos do Jordão - SP,1607.0,645967.0,1295,868634.0,46974.0,47932.0,16144.0,3.4210414271724785,9.95416253716551,2.701744137528165,8.021555996035678,13.751585983735684
3509809,Campos Novos Paulista - SP,488.0,198154.0,516,357110.0,4888.0,5013.0,1808.0,9.983633387888707,26.991150442477878,10.293237582286057,28.539823008849556,40.538870703764324
3509908,Cananéia - SP,1058.0,431462.0,1458,1015655.0,12289.0,12493.0,4394.0,8.60932541297095,24.078288575329996,11.670535499879932,33.181611288120166,35.10961022052242
3509957,Canas - SP,619.0,257721.0,516,368286.0,4931.0,5084.0,1575.0,12.553234638004461,39.301587301587304,10.149488591660111,32.76190476190476,52.265463394848915
3510005,Cândido Mota - SP,1152.0,465153.0,884,584930.0,29449.0,30144.0,10895.0,3.9118476009372136,10.57365764111978,2.9325902335456475,8.113813675998164,15.795205270128019
3510104,Cândido Rodrigues - SP,141.0,57475.0,135,91290.0,2889.0,2966.0,1102.0,4.880581516095535,12.79491833030853,4.551584625758597,12.250453720508167,19.894427137417793
3510153,Canitar - SP,522.0,211735.0,458,320493.0,6283.0,6647.0,2077.0,8.30813305745663,25.132402503610976,6.890326463066045,22.051035146846413,33.69966576476206
3510203,Capão Bonito - SP,4500.0,1818514.0,3513,2316025.0,46337.0,47415.0,16045.0,9.711461682888405,28.046120286693675,7.409047769693135,21.894671237145527,39.245397846213606
3510302,Capela do Alto - SP,1885.0,768788.0,1604,1118135.0,22866.0,23939.0,7119.0,8.243680573777661,26.47843798286276,6.700363423701909,22.53125438966147,33.621446689407854
3510401,Capivari - SP,3963.0,1620754.0,2648,1809891.0,50068.0,51415.0,17193.0,7.915235280019174,23.05007852032804,5.150247982106389,15.401616937125574,32.371055364704006
3510500,Caraguatatuba - SP,9444.0,3825012.0,8331,5711158.0,134873.0,143291.0,48632.0,7.0021427565190955,19.41931238690574,5.814042752161685,17.13069583813127,28.36010172532679
3510609,Carapicuíba - SP,29267.0,12007973.0,20584,13964631.0,386984.0,398772.0,136793.0,7.5628449755028635,21.395100626494045,5.161846869890564,15.047553602889037,31.029636884212266
3510708,Cardoso - SP,397.0,160669.0,313,191151.0,11345.0,11462.0,4603.0,3.499338915821948,8.624809906582664,2.730762519630082,6.799913100152075,14.162097840458351
3510807,Casa Branca - SP,1765.0,719207.0,1266,865012.0,28083.0,28773.0,9748.0,6.284941067549763,18.10627821091506,4.399958294234178,12.987279441936808,25.610048783961826
3510906,Cássia dos Coqueiros - SP,149.0,59761.0,129,84134.0,2799.0,2866.0,1076.0,5.323329760628796,13.847583643122677,4.501046755059316,11.988847583643123,21.350839585566273
3511003,Castilho - SP,957.0,388007.0,1354,905012.0,19977.0,20545.0,7326.0,4.7905090854482655,13.063063063063064,6.590411292285228,18.482118482118484,19.42268608900235
3511102,Catanduva - SP,2866.0,1172332.0,2607,1752009.0,115791.0,119368.0,44061.0,2.475149191215207,6.504618596945145,2.1840024127069233,5.916797167563151,10.124551994541891
3511201,Catiguá - SP,269.0,109769.0,216,140462.0,7003.0,7097.0,2510.0,3.841210909610167,10.717131474103585,3.0435395237424263,8.605577689243027,15.6745680422676
3511300,Cedral - SP,181.0,73265.0,202,139262.0,12618.0,13454.0,4656.0,1.43445870977968,3.8874570446735395,1.5014122194143005,4.338487972508591,5.806387700110952
3511409,Cerqueira César - SP,1105.0,450248.0,654,412786.0,21469.0,22329.0,7399.0,5.146956076202898,14.934450601432626,2.928926508128443,8.839032301662387,20.97200614840002
3511508,Cerquilho - SP,1234.0,504104.0,337,202713.0,44695.0,46547.0,15904.0,2.7609352276541,7.759054325955734,0.7239993984574731,2.118963782696177,11.278756012976842
3511607,Cesário Lange - SP,418.0,169793.0,473,291600.0,19048.0,19813.0,6140.0,2.1944561108777823,6.807817589576548,2.387321455609953,7.703583061889251,8.913954220915581
3511706,Charqueada - SP,1091.0,445842.0,829,584719.0,15535.0,15827.0,5340.0,7.022851625362086,20.43071161048689,5.237884627535225,15.52434456928839,28.699195365304153
3511904,Clementina - SP,396.0,160874.0,349,233897.0,6982.0,7082.0,2566.0,5.671727298768261,15.432579890880747,4.9279864445072015,13.600935307872174,23.041248925809224
3512001,Colina - SP,938.0,381281.0,498,336006.0,18486.0,18914.0,6560.0,5.074110137401276,14.298780487804878,2.63297028656022,7.591463414634147,20.62539218868333
3512100,Colômbia - SP,686.0,285557.0,538,368830.0,6629.0,6822.0,2323.0,10.348468848996832,29.53077916487301,7.886250366461448,23.159707275075334,43.07693468094735
3512209,Conchal - SP,2492.0,1015833.0,1689,1196739.0,28101.0,29220.0,9456.0,8.868011814526174,26.35363790186125,5.780287474332649,17.861675126903553,36.149354115511905
3512308,Conchas - SP,1062.0,432096.0,980,668725.0,15232.0,15314.0,5593.0,6.972163865546219,18.988020740210978,6.399373122632885,17.521902377972467,28.36764705882353
3512407,Cordeirópolis - SP,673.0,270639.0,422,275957.0,24514.0,25390.0,8530.0,2.745369992657257,7.889800703399765,1.6620716817644743,4.9472450175849945,11.040181120992086
3512506,Coroados - SP,342.0,140205.0,309,204584.0,5400.0,5509.0,2021.0,6.333333333333333,16.922315685304305,5.609003448901797,15.2894606630381,25.96388888888889
3512605,Coronel Macedo - SP,332.0,133568.0,335,219834.0,4280.0,4249.0,1654.0,7.757009345794392,20.072551390568318,7.8842080489526944,20.253929866989118,31.20747663551402
3512704,Corumbataí - SP,224.0,91236.0,185,123779.0,4195.0,4305.0,1458.0,5.3396901072705605,15.363511659807957,4.29732868757259,12.688614540466393,21.748748510131108
3512803,Cosmópolis - SP,1541.0,621956.0,1569,1040985.0,59773.0,61196.0,21683.0,2.5780870961805498,7.106950145275101,2.563893064906203,7.2360835677719875,10.40530005186288
3512902,Cosmorama - SP,757.0,308851.0,592,404964.0,8719.0,9064.0,3267.0,8.682188324349122,23.171104989286807,6.531332744924978,18.12059993878176,35.42275490308521
3513009,Cotia - SP,10317.0,4216415.0,10029,6960869.0,274413.0,291704.0,95935.0,3.7596615320702735,10.754156460103195,3.438074212215122,10.453953197477459,15.365215933647459
3513108,Cravinhos - SP,2303.0,944316.0,1683,1127046.0,33281.0,34356.0,11349.0,6.919864186773234,20.292536787382147,4.898707649318896,14.829500396510706,28.374027222739702
3513207,Cristais Paulista - SP,250.0,101785.0,242,161445.0,9272.0,9651.0,3262.0,2.6962899050905955,7.664009809932557,2.507512174904155,7.418761496014715,10.977674719585849
3513306,Cruzália - SP,123.0,50531.0,105,67899.0,2108.0,2118.0,822.0,5.834914611005693,14.963503649635037,4.957507082152975,12.773722627737227,23.971062618595827
3513405,Cruzeiro - SP,5552.0,2231946.0,4356,2940319.0,74961.0,76381.0,26776.0,7.406518056055815,20.734986555123992,5.702988963223838,16.2682999701225,29.77476287669588
3513504,Cubatão - SP,8747.0,3548290.0,7336,4986278.0,112476.0,114681.0,40091.0,7.776770155410932,21.81786435858422,6.396874809253495,18.298371205507472,31.54708560048366
3513603,Cunha - SP,2496.0,1006538.0,1851,1171182.0,22110.0,22467.0,8574.0,11.289009497964722,29.111266620013996,8.23875016691147,21.58852344296711,45.52410673903211
3513702,Descalvado - SP,742.0,300813.0,620,407244.0,31756.0,32685.0,11400.0,2.3365663181760925,6.508771929824562,1.896894599969405,5.43859649122807,9.47263509258093
3513801,Diadema - SP,23889.0,9730138.0,23393,15494427.0,393237.0,403802.0,144824.0,6.074962427238535,16.4951941667127,5.793185769263154,16.152709495663704,24.743699092404835
3513850,Dirce Reis - SP,93.0,37738.0,70,43182.0,1620.0,1637.0,642.0,5.7407407407407405,14.485981308411215,4.276114844227245,10.903426791277258,23.295061728395062
3513900,Divinolândia - SP,794.0,327393.0,749,521657.0,11158.0,11296.0,4189.0,7.115970604050905,18.954404392456432,6.630665722379604,17.880162329911673,29.34154866463524
3514007,Dobrada - SP,655.0,266157.0,531,364589.0,8759.0,9011.0,3076.0,7.478022605320242,21.293888166449936,5.892797691710132,17.26267880364109,30.38668797807969
3514106,Dois Córregos - SP,1236.0,508905.0,1379,942053.0,24510.0,24839.0,8856.0,5.042839657282742,13.956639566395664,5.551753291195298,15.571364046973803,20.763157894736842
3514205,Dolcinópolis - SP,216.0,87434.0,188,133682.0,2207.0,2257.0,887.0,9.78704123244223,24.35174746335964,8.329641116526362,21.195039458850058,39.616674218396014
3514304,Dourado - SP,614.0,251734.0,431,281100.0,8096.0,8154.0,3103.0,7.58399209486166,19.787302610377054,5.285749325484425,13.889784079922656,31.093626482213438
3514403,Dracena - SP,1157.0,466084.0,1407,963371.0,45474.0,46800.0,17101.0,2.5443110348770728,6.765686217180282,3.0064102564102564,8.227589029881294,10.249461230593306
3514502,Duartina - SP,607.0,243361.0,596,402689.0,12328.0,12534.0,4790.0,4.923750811161583,12.67223382045929,4.755066219881921,12.44258872651357,19.740509409474367
3514601,Dumont - SP,600.0,243320.0,514,363791.0,9471.0,9804.0,3296.0,6.335128286347799,18.203883495145632,5.242758057935537,15.594660194174757,25.691056910569106
3514700,Echaporã - SP,680.0,277695.0,619,415107.0,6205.0,6288.0,2283.0,10.95890410958904,29.785370127025843,9.8441475826972,27.113447218572055,44.75342465753425
3514809,Eldorado - SP,1419.0,577879.0,1381,929408.0,13069.0,13062.0,4598.0,10.85775499273089,30.861244019138756,10.572653498698514,30.03479773814702,44.21753768459714
3514908,Elias Fausto - SP,1546.0,645145.0,1239,862624.0,17699.0,18226.0,5967.0,8.734956777219052,25.909167085637673,6.797980906397454,20.764203117144294,36.4509294310413
3514924,Elisiário - SP,226.0,93294.0,170,113825.0,3138.0,3191.0,1184.0,7.202039515615041,19.08783783783784,5.3274835474772795,14.358108108108109,29.730401529636712
3514957,Embaúba - SP,103.0,41498.0,92,64086.0,2323.0,2346.0,896.0,4.433921653034869,11.495535714285714,3.9215686274509802,10.267857142857142,17.86396900559621
3515004,Embu das Artes - SP,26538.0,10756201.0,18724,12744137.0,250691.0,260113.0,87990.0,10.585940460566993,30.160245482441187,7.1984099218416615,21.27969087396295,42.90621123215433
3515103,Embu-Guaçu - SP,7662.0,3129369.0,5270,3651770.0,66970.0,69041.0,23396.0,11.440943706137077,32.74918789536673,7.633145522225924,22.52521798598051,46.727922950574886
3515129,Emilianópolis - SP,158.0,64482.0,157,102439.0,3014.0,3061.0,1177.0,5.24220305242203,13.423959218351742,5.129042796471741,13.338997451146984,21.394160583941606
3515152,Engenheiro Coelho - SP,913.0,368733.0,949,632278.0,19566.0,20377.0,6884.0,4.6662577941326795,13.262638001162115,4.6572115620552585,13.785589773387565,18.845599509352958
3515186,Espírito Santo do Pinhal - SP,847.0,343839.0,684,447915.0,39816.0,40547.0,14377.0,2.1272855133614628,5.891354246365723,1.68693121562631,4.7575989427557905,8.63569921639542
3515194,Espírito Santo do Turvo - SP,142.0,57128.0,186,120758.0,4157.0,4211.0,1482.0,3.4159249458744285,9.581646423751687,4.417003087152695,12.550607287449393,13.742602838585519
3515202,Estrela d'Oeste - SP,344.0,140544.0,271,176639.0,9417.0,9733.0,3464.0,3.65296803652968,9.930715935334874,2.784341929518134,7.823325635103926,14.924498247849634
3515301,Estrela do Norte - SP,111.0,45818.0,107,69369.0,2703.0,2752.0,971.0,4.1065482796892345,11.431513903192585,3.8880813953488373,11.019567456230691,16.950795412504625
3515350,Euclides da Cunha Paulista - SP,756.0,304878.0,772,523590.0,7924.0,7833.0,3022.0,9.540636042402827,25.016545334215753,9.85573854206562,25.545996029119788,38.475265017667844
3515400,Fartura - SP,1217.0,495982.0,1210,818623.0,16641.0,17069.0,6221.0,7.313262424133165,19.56277125864009,7.088874567930166,19.45024915608423,29.80481942190974
3515509,Fernandópolis - SP,3291.0,1345265.0,2563,1729060.0,71186.0,73706.0,27621.0,4.6231000477622,11.914847398718367,3.4773288470409462,9.279171644763043,18.897887225016156
3515608,Fernando Prestes - SP,199.0,80854.0,239,165257.0,5942.0,6092.0,2238.0,3.3490407270279365,8.891867739052726,3.923177938279711,10.67917783735478,13.607202961965669
3515657,Fernão - SP,101.0,40815.0,128,89149.0,1656.0,1695.0,613.0,6.099033816425121,16.476345840130506,7.551622418879056,20.880913539967374,24.64673913043478
3515707,Ferraz de Vasconcelos - SP,13865.0,5705310.0,14317,9745993.0,179198.0,186816.0,61301.0,7.737251531825132,22.617901828681426,7.663690476190476,23.355247059591196,31.838022745789573
3515806,Flora Rica - SP,83.0,33623.0,57,36303.0,1487.0,1475.0,610.0,5.581708137188971,13.60655737704918,3.864406779661017,9.344262295081966,22.611297915265634
3515905,Floreal - SP,138.0,57211.0,98,68611.0,2733.0,2739.0,1124.0,5.049396267837541,12.277580071174377,3.5779481562614093,8.718861209964412,20.93340651298939
3516002,Flórida Paulista - SP,718.0,291622.0,662,438077.0,12958.0,13179.0,4315.0,5.5409785460719245,16.6396292004635,5.023142878822369,15.341830822711472,22.50517055101096
3516101,Florínea - SP,270.0,114973.0,259,179884.0,3851.0,4053.0,1054.0,7.0111659309270316,25.616698292220114,6.390328151986183,24.573055028463,29.855362243573097
3516200,Franca - SP,10761.0,4401330.0,11490,7990487.0,352536.0,366534.0,127921.0,3.052454217441623,8.41222316898711,3.1347705806282637,8.982106143635525,12.484767513105044
3516309,Francisco Morato - SP,18249.0,7480799.0,12981,9045443.0,165139.0,171806.0,57668.0,11.05069063031749,31.644933065131443,7.555615054189027,22.50988416452799,45.30001392766094
3516408,Franco da Rocha - SP,13034.0,5365135.0,9366,6384426.0,144849.0,150648.0,49319.0,8.998336198385905,26.427948660759544,6.217141946789868,18.9906526896328,37.03950320678776
3516507,Gabriel Monteiro - SP,85.0,34415.0,77,51414.0,2763.0,2815.0,1071.0,3.076366268548679,7.936507936507937,2.7353463587921847,7.189542483660131,12.455664133188563
3516606,Gália - SP,216.0,88648.0,212,140980.0,6380.0,6394.0,2441.0,3.385579937304075,8.848832445718967,3.3156083828589304,8.684965178205653,13.894670846394984
3516705,Garça - SP,2500.0,1009280.0,2377,1620608.0,42110.0,43051.0,15523.0,5.936832106388032,16.1051343168202,5.521358388887599,15.312761708432648,23.967703633341248
3516804,Gastão Vidigal - SP,144.0,58158.0,131,91136.0,3252.0,3175.0,1246.0,4.428044280442805,11.556982343499197,4.125984251968504,10.513643659711075,17.883763837638377
3516853,Gavião Peixoto - SP,212.0,85815.0,158,103826.0,4702.0,4815.0,1640.0,4.5087196937473415,12.926829268292684,3.2814122533748704,9.634146341463415,18.250744364100385
3516903,General Salgado - SP,414.0,168535.0,328,217407.0,10312.0,10426.0,4019.0,4.014740108611327,10.301069917890022,3.1459812008440435,8.161234137845236,16.343580294802173
3517000,Getulina - SP,688.0,278267.0,643,429822.0,10232.0,10321.0,3408.0,6.724003127443315,20.187793427230048,6.2300164712721635,18.86737089201878,27.19575840500391
3517109,Glicério - SP,378.0,154990.0,381,256866.0,4138.0,4145.0,1552.0,9.134847752537457,24.355670103092784,9.191797346200241,24.548969072164947,37.45529241179314
3517208,Guaiçara - SP,648.0,266227.0,625,428392.0,11239.0,11496.0,3997.0,5.765637512234185,16.212159119339503,5.436673625608908,15.636727545659244,23.687783610641517
3517307,Guaimbê - SP,587.0,239590.0,509,348032.0,5512.0,5611.0,2060.0,10.649492017416545,28.49514563106796,9.071466761718053,24.70873786407767,43.466981132075475
3517406,Guaíra - SP,1946.0,786323.0,1494,987938.0,39279.0,40547.0,14707.0,4.9543012805824995,13.231794383626845,3.6846129183416774,10.15842795947508,20.018915960182287
3517505,Guapiaçu - SP,613.0,249355.0,727,492415.0,21711.0,22562.0,7735.0,2.8234535488922665,7.925016160310278,3.222232071624856,9.398836457659987,11.48519183823868
3517604,Guapiara - SP,1789.0,722904.0,1337,869977.0,17071.0,17197.0,6156.0,10.479760998184055,29.061078622482132,7.774611850904227,21.71864847303444,42.34690410637924
3517703,Guará - SP,1375.0,556060.0,1141,768504.0,18606.0,18711.0,6681.0,7.3900892185316565,20.580751384523275,6.0980172091283205,17.07828169435713,29.886058260776093
3517802,Guaraçaí - SP,399.0,162930.0,432,296004.0,7441.0,7423.0,2941.0,5.362182502351835,13.566814008840531,5.819749427455207,14.688881332879973,21.89625050396452
3517901,Guaraci - SP,880.0,356416.0,601,399482.0,10350.0,10566.0,3915.0,8.502415458937199,22.47765006385696,5.688056028771531,15.351213282247764,34.436328502415456
3518008,Guarani d'Oeste - SP,132.0,53548.0,81,50703.0,1968.0,1999.0,808.0,6.7073170731707314,16.336633663366335,4.052026013006503,10.024752475247524,27.209349593495936
3518107,Guarantã - SP,641.0,257129.0,632,448746.0,6427.0,6532.0,2295.0,9.973549089777501,27.93028322440087,9.675443968156767,27.538126361655774,40.00762408588766
3518206,Guararapes - SP,1344.0,543546.0,1493,1005214.0,31043.0,31902.0,11649.0,4.329478465354509,11.537471027556013,4.679957369443922,12.81655077689072,17.509454627452243
3518305,Guararema - SP,2863.0,1174074.0,2819,1919730.0,31236.0,32785.0,11086.0,9.165706236393904,25.825365325635936,8.598444410553606,25.428468338444887,37.58720706876681
3518404,Guaratinguetá - SP,5265.0,2170728.0,5175,3636335.0,118044.0,122100.0,41905.0,4.460201280878317,12.564133158334327,4.238329238329238,12.349361651354254,18.389143031412015
3518503,Guareí - SP,536.0,217613.0,574,383640.0,15013.0,15299.0,4516.0,3.5702391260907214,11.868910540301151,3.751879207791359,12.710363153232949,14.49497102511157
3518602,Guariba - SP,1611.0,652284.0,1507,1025657.0,37498.0,38740.0,12902.0,4.296229132220385,12.486436211440086,3.890036138358286,11.680359634165246,17.39516774227959
3518701,Guarujá - SP,14156.0,5727979.0,16025,10871011.0,287634.0,294780.0,99388.0,4.921532224980357,14.24316818931863,5.436257548001899,16.12367690264418,19.914123504175446
3518800,Guarulhos - SP,100999.0,40904649.0,104727,71181736.0,1291771.0,1351284.0,450559.0,7.8186458745396825,22.416376101687014,7.750184269183976,23.243792710832544,31.665557594960717
3518859,Guatapará - SP,682.0,282755.0,509,353740.0,7320.0,7485.0,2533.0,9.316939890710383,26.924595341492303,6.800267201068804,20.09474930911962,38.62773224043716
3518909,Guzolândia - SP,243.0,98069.0,211,152431.0,4246.0,4243.0,1630.0,5.7230334432406975,14.9079754601227,4.972896535470186,12.94478527607362,23.096796985398022
3519006,Herculândia - SP,758.0,305803.0,681,460066.0,9125.0,9329.0,3307.0,8.306849315068494,22.92107650438464,7.299817772537249,20.592682189295434,33.51265753424658
3519055,Holambra - SP,237.0,96740.0,250,166140.0,15094.0,15832.0,5163.0,1.5701603286073937,4.590354445090064,1.5790803436078829,4.84214603912454,6.4091692063071415
3519071,Hortolândia - SP,12698.0,5201739.0,11385,7598246.0,236641.0,250195.0,80802.0,5.365934052002823,15.71495755055568,4.5504506484941745,14.089997772332367,21.9815627892039
3519105,Iacanga - SP,817.0,334065.0,836,553588.0,10437.0,10661.0,3957.0,7.827919900354508,20.646954763709882,7.841665885001407,21.12711650240081,32.0077608508192
3519204,Iacri - SP,354.0,143380.0,434,290717.0,6131.0,6189.0,2260.0,5.773935736421465,15.663716814159292,7.012441428340605,19.20353982300885,23.386070787799706
3519253,Iaras - SP,545.0,225560.0,526,359008.0,8010.0,8362.0,1791.0,6.803995006242197,30.42992741485204,6.290361157617795,29.369067560022334,28.15980024968789
3519303,Ibaté - SP,3192.0,1292334.0,2528,1723429.0,32178.0,33204.0,11092.0,9.919820995711355,28.777497295348,7.613540537284664,22.79120086548864,40.16203617378333
3519402,Ibirá - SP,523.0,213653.0,445,304683.0,11690.0,11976.0,4404.0,4.473909324208726,11.875567665758402,3.7157648630594524,10.104450499545868,18.276561163387512
3519501,Ibirarema - SP,1017.0,417015.0,741,492976.0,6385.0,6439.0,2403.0,15.927956147220048,42.32209737827716,11.507998136356576,30.83645443196005,65.31166797180893
3519600,Ibitinga - SP,2363.0,954604.0,2319,1542789.0,60033.0,62353.0,22213.0,3.9361684406909534,10.637914734614865,3.719147434766571,10.439832530500157,15.901320940149585
3519709,Ibiúna - SP,6735.0,2777224.0,6341,4265468.0,75605.0,77936.0,26352.0,8.908140995965875,25.55783242258652,8.13616300554301,24.062689738919246,36.73333774221282
3519808,Icém - SP,457.0,185945.0,341,224132.0,7819.0,7992.0,2594.0,5.844737178667349,17.61757902852737,4.266766766766767,13.145720894371626,23.781174063179435
3519907,Iepê - SP,636.0,259842.0,607,409631.0,7619.0,7739.0,2901.0,8.347552172201077,21.923474663908998,7.843390618943016,20.923819372630128,34.10447565297283
3520004,Igaraçu do Tietê - SP,1940.0,797140.0,1846,1251101.0,23106.0,23414.0,8193.0,8.396087596295335,23.678750152569265,7.884171862987956,22.531429268888076,34.49926426036527
3520103,Igarapava - SP,1063.0,431469.0,955,634204.0,26212.0,26643.0,9857.0,4.055394475812605,10.78421426397484,3.584431182674624,9.68854621081465,16.46074317106669
3520202,Igaratá - SP,964.0,392198.0,747,501438.0,10605.0,11037.0,3926.0,9.09005186232909,24.55425369332654,6.768143517260125,19.02699949057565,36.98236680810938
3520301,Iguape - SP,4046.0,1706168.0,4003,2674147.0,29115.0,29900.0,10838.0,13.896616864159368,37.33161099833918,13.387959866220736,36.934858830042444,58.60099605014597
3520400,Ilhabela - SP,1739.0,705341.0,1762,1181257.0,34934.0,36766.0,12710.0,4.977958435907712,13.682140047206923,4.792471305010063,13.863099921321794,20.19067384210225
3520426,Ilha Comprida - SP,1663.0,683862.0,2030,1349757.0,13419.0,14237.0,5258.0,12.392875773157463,31.627995435526817,14.258621900681323,38.60783567896539,50.962217750950146
3520442,Ilha Solteira - SP,570.0,230353.0,528,349247.0,25549.0,26272.0,9704.0,2.231007084426005,5.873866446826051,2.009744214372716,5.441055234954658,9.016125875768132
3520509,Indaiatuba - SP,4393.0,1768767.0,4162,2774328.0,255748.0,271322.0,90749.0,1.7177064923283858,4.84082469228311,1.5339707063931418,4.586276432798158,6.916054084489419
3520608,Indiana - SP,351.0,143276.0,449,304378.0,5090.0,5208.0,1919.0,6.895874263261296,18.29077644606566,8.621351766513056,23.397602918186557,28.148526522593322
3520707,Indiaporã - SP,362.0,147903.0,245,165052.0,4035.0,4117.0,1662.0,8.971499380421314,21.780986762936223,5.950935146951664,14.74127557160048,36.655018587360594
3520806,Inúbia Paulista - SP,114.0,45784.0,114,73607.0,3615.0,3670.0,1316.0,3.1535269709543567,8.662613981762918,3.106267029972752,8.662613981762918,12.665006915629322
3520905,Ipaussu - SP,798.0,327633.0,849,577461.0,13712.0,13936.0,4885.0,5.819719953325555,16.335721596724667,6.0921354764638345,17.37973387922211,23.893888564760793
3521002,Iperó - SP,1847.0,751509.0,2498,1717095.0,36459.0,38527.0,11765.0,5.065964508077567,15.699107522311943,6.483764632595323,21.232469188270294,20.612441372500616
3521101,Ipeúna - SP,277.0,112689.0,287,190597.0,6831.0,7051.0,2392.0,4.0550431854779685,11.580267558528428,4.070344631967097,11.998327759197325,16.496706192358367
3521150,Ipiguá - SP,289.0,116832.0,205,135217.0,6761.0,7184.0,2445.0,4.274515604200562,11.8200408997955,2.8535634743875278,8.384458077709612,17.28028398165952
3521200,Iporanga - SP,518.0,213884.0,483,325373.0,4046.0,4075.0,1459.0,12.802768166089965,35.503769705277584,11.85276073619632,33.104866346812884,52.86307464162135
3521309,Ipuã - SP,816.0,331849.0,699,477044.0,14454.0,14711.0,5339.0,5.64549605645496,15.283761003933321,4.751546461831283,13.092339389398763,22.958973294589732
3521408,Iracemápolis - SP,539.0,219407.0,513,343624.0,21967.0,22559.0,7543.0,2.453680520781172,7.145697998143975,2.274036969723835,6.801007556675063,9.988027495789138
3521507,Irapuã - SP,480.0,196096.0,419,292952.0,6867.0,6920.0,2461.0,6.989951944080384,19.50426655830963,6.054913294797688,17.02559934985778,28.556283675549732
3521606,Irapuru - SP,465.0,189381.0,317,214136.0,7085.0,7098.0,2360.0,6.563161609033169,19.703389830508474,4.466046773739081,13.432203389830509,26.72985179957657
3521705,Itaberá - SP,1631.0,657132.0,1308,848461.0,17983.0,18267.0,6517.0,9.069676917088362,25.02685284640172,7.160453276400066,20.070584624827376,36.54184507590502
3521804,Itaí - SP,1283.0,520508.0,1683,1166113.0,25180.0,26023.0,8665.0,5.095313741064337,14.8066935949221,6.467355800637897,19.422965954991344,20.671485305798253
3521903,Itajobi - SP,944.0,382845.0,674,488144.0,16989.0,17576.0,6216.0,5.556536582494555,15.186615186615187,3.8347746927628585,10.842985842985843,22.53487550768144
3522000,Itaju - SP,144.0,59953.0,148,102649.0,3618.0,3726.0,1307.0,3.9800995024875623,11.017597551644988,3.9720880300590444,11.32364192807957,16.570757324488667
3522109,Itanhaém - SP,14927.0,6115450.0,10304,6852450.0,112476.0,119274.0,41964.0,13.271275649916427,35.57096558955295,8.638932206516088,24.554379944714515,54.3711547352324
3522158,Itaoca - SP,388.0,156445.0,425,271739.0,3422.0,3503.0,1262.0,11.338398597311514,30.74484944532488,12.13245789323437,33.676703645007926,45.71741671537113
3522208,Itapecerica da Serra - SP,15397.0,6224303.0,12598,8588258.0,158522.0,163187.0,54563.0,9.712847428117232,28.218756300056814,7.71997769430163,23.088906401774096,39.264600497091884
3522307,Itapetininga - SP,8053.0,3260112.0,7757,5221144.0,157790.0,164687.0,54547.0,5.103618733760061,14.763415036573964,4.710147127581412,14.220763745027224,20.661081183851955
3522406,Itapeva - SP,6159.0,2481608.0,6395,4307685.0,89728.0,92454.0,31773.0,6.864078102710414,19.384382966669815,6.916953295692993,20.12715198438926,27.65700784593438
3522505,Itapevi - SP,16679.0,6815318.0,13264,9010263.0,232297.0,243967.0,81808.0,7.180032458447591,20.387981615489927,5.43680087880738,16.21357324467045,29.338811951940833
3522604,Itapira - SP,2368.0,956944.0,1910,1270062.0,72022.0,74145.0,26200.0,3.2878842575879594,9.038167938931299,2.576033447973565,7.290076335877862,13.286829024464748
3522653,Itapirapuã Paulista - SP,653.0,263564.0,635,428401.0,4306.0,4433.0,1559.0,15.164886205294938,41.885824246311735,14.324385292127227,40.731237973059656,61.2085462145843
3522703,Itápolis - SP,1022.0,415296.0,1149,762712.0,39493.0,40429.0,15001.0,2.587800369685767,6.812879141390574,2.842019342551139,7.6594893673755085,10.515686324158711
3522802,Itaporanga - SP,1432.0,586041.0,1349,887693.0,14085.0,14231.0,5221.0,10.166844160454383,27.4276958437081,9.479305740987984,25.837962076230607,41.60745473908413
3522901,Itapuí - SP,751.0,310710.0,651,450458.0,13659.0,14080.0,4749.0,5.49820631085731,15.813855548536534,4.623579545454546,13.708149084017688,22.747638919393808
3523008,Itapura - SP,373.0,154454.0,384,257211.0,3979.0,3990.0,1520.0,9.374214626790652,24.539473684210527,9.62406015037594,25.263157894736842,38.81729077657703
3523107,Itaquaquecetuba - SP,22088.0,8931128.0,36316,25209707.0,369275.0,384436.0,122134.0,5.981450138785458,18.08505412088362,9.446565878325652,29.734553850688588,24.18557443639564
3523206,Itararé - SP,4405.0,1787556.0,4281,2832484.0,44438.0,45111.0,16525.0,9.91268733966425,26.65658093797277,9.489924852031654,25.906202723146748,40.22584274719834
3523305,Itariri - SP,1734.0,711492.0,1713,1169815.0,15528.0,15917.0,5654.0,11.166924265842349,30.668553236646623,10.762078281083118,30.29713477184294,45.81993817619784
3523404,Itatiba - SP,3660.0,1484218.0,3863,2528527.0,121590.0,127729.0,43750.0,3.0101159634838393,8.365714285714287,3.024371912408302,8.829714285714285,12.206743975655893
3523503,Itatinga - SP,1532.0,635672.0,1109,755344.0,19070.0,19493.0,6025.0,8.033560566334558,25.42738589211618,5.689221771918125,18.406639004149376,33.33361300471945
3523602,Itirapina - SP,952.0,391947.0,748,509221.0,16148.0,16473.0,4788.0,5.895466930889274,19.883040935672515,4.540763673890609,15.622389306599834,24.27216992816448
3523701,Itirapuã - SP,765.0,324149.0,569,395263.0,5779.0,5853.0,2005.0,13.237584357155217,38.15461346633416,9.721510336579533,28.379052369077307,56.09084616715695
3523800,Itobi - SP,396.0,159254.0,339,232887.0,8046.0,8242.0,2906.0,4.921700223713646,13.626978664831384,4.113079349672409,11.665519614590503,19.79294059159831
3523909,Itu - SP,7326.0,2982437.0,7579,5198874.0,168240.0,175483.0,59545.0,4.3544935805991445,12.303300025191032,4.318936877076412,12.72818876479973,17.72727650974798
3524006,Itupeva - SP,1454.0,590368.0,2157,1472057.0,70616.0,75776.0,23690.0,2.059023450776028,6.137610806247362,2.8465477195945947,9.10510764035458,8.360258298402629
3524105,Ituverava - SP,2120.0,860738.0,1627,1069411.0,37571.0,38379.0,14031.0,5.64264991615874,15.109400612928516,4.2392975325047555,11.595752262846554,22.909637752521892
3524204,Jaborandi - SP,285.0,114711.0,504,335435.0,6221.0,6269.0,2278.0,4.5812570326314095,12.510974539069359,8.039559738395278,22.12467076382792,18.439318437550234
3524303,Jaboticabal - SP,4663.0,1885367.0,3642,2457025.0,71821.0,73479.0,27393.0,6.4925300399604575,17.02259701383565,4.956518188870289,13.295367429635307,26.25091547040559
3524402,Jacareí - SP,8853.0,3591065.0,7492,4974213.0,240275.0,251848.0,85076.0,3.684528144834044,10.40598993840801,2.974810202979575,8.80624382904697,14.945645614400167
3524501,Jaci - SP,239.0,96324.0,259,172215.0,7613.0,8003.0,2637.0,3.1393668724550112,9.06332954114524,3.236286392602774,9.821767159651118,12.652567975830816
3524600,Jacupiranga - SP,1442.0,586946.0,1224,830125.0,16097.0,16183.0,5828.0,8.95819096726098,24.742621825669183,7.563492553914601,21.002059025394647,36.46306765235758
3524709,Jaguariúna - SP,1587.0,655268.0,1326,862056.0,59347.0,62764.0,21443.0,2.674103156014626,7.401016648789815,2.112676056338028,6.183836216947255,11.041299475963402
3524808,Jales - SP,1880.0,763093.0,1521,991097.0,48776.0,50132.0,19080.0,3.854354600623257,9.853249475890985,3.033990265698556,7.971698113207547,15.644845825815976
3524907,Jambeiro - SP,388.0,157219.0,330,230917.0,6397.0,6642.0,2297.0,6.065343129591996,16.891597736177623,4.968383017163505,14.36656508489334,24.57698921369392
3525003,Jandira - SP,3996.0,1605551.0,3495,2451747.0,118045.0,121848.0,42009.0,3.3851497310347747,9.51224737556238,2.868327752609809,8.319645790187817,13.601177517048583
3525102,Jardinópolis - SP,2553.0,1042679.0,2298,1627669.0,45282.0,47354.0,14872.0,5.638001855041739,17.166487358795052,4.852810744604469,15.451855836471221,23.026346009451878
3525201,Jarinu - SP,1501.0,610960.0,1304,883617.0,37535.0,40433.0,12965.0,3.99893432796057,11.57732356344003,3.225088417876487,10.0578480524489,16.277074730251766
3525300,Jaú - SP,4873.0,1972030.0,4313,2928652.0,133497.0,137486.0,48521.0,3.6502692944410735,10.043074132849695,3.137046681116623,8.888934688073206,14.772092256754833
3525409,Jeriquara - SP,259.0,105850.0,253,181652.0,3863.0,4021.0,1318.0,6.704633704374838,19.650986342943856,6.2919671723451875,19.195751138088013,27.40098369143153
3525508,Joanópolis - SP,442.0,179501.0,488,337530.0,12815.0,13162.0,4663.0,3.449083105735466,9.478876259918508,3.7076432153168213,10.465365644434913,14.007101053452985
3525607,João Ramalho - SP,370.0,152570.0,309,209123.0,4371.0,4470.0,1543.0,8.464882177991306,23.979261179520414,6.912751677852349,20.02592352559948,34.90505605124685
3525706,José Bonifácio - SP,647.0,259845.0,669,433572.0,36633.0,38111.0,13333.0,1.7661671170802282,4.852621315532888,1.7553987037863084,5.017625440636016,7.093194660551961
3525805,Júlio Mesquita - SP,435.0,176385.0,459,319936.0,4254.0,4297.0,1562.0,10.225669957686883,27.848911651728553,10.681871072841517,29.3854033290653,41.46332863187588
3525854,Jumirim - SP,119.0,49434.0,76,47863.0,3056.0,3139.0,1002.0,3.893979057591623,11.87624750499002,2.421153233513858,7.584830339321357,16.176047120418847
3525904,Jundiaí - SP,6753.0,2745201.0,7410,5177395.0,443221.0,465277.0,163219.0,1.5236191425947778,4.137385966094634,1.5925996771815498,4.539912632720456,6.193752101096293
3526001,Junqueirópolis - SP,1294.0,530480.0,914,602927.0,20448.0,20991.0,7151.0,6.328247261345853,18.095371276744512,4.3542470582630655,12.78142917074535,25.94287949921753
3526100,Juquiá - SP,1448.0,590409.0,1683,1155526.0,17154.0,17121.0,6343.0,8.441179899731841,22.82831467759735,9.83003329244787,26.533186189500235,34.418153200419724
3526209,Juquitiba - SP,3271.0,1319885.0,2626,1763892.0,27404.0,27929.0,10005.0,11.936213691431908,32.693653173413296,9.40241326220058,26.24687656171914,48.16395416727485
3526308,Lagoinha - SP,415.0,170743.0,328,220360.0,5083.0,5191.0,2079.0,8.164469801298447,19.96151996151996,6.318628395299557,15.776815776815777,33.59098957308676
3526407,Laranjal Paulista - SP,1636.0,667942.0,1624,1110040.0,26261.0,27075.0,9287.0,6.2297703819351895,17.61602239689889,5.998153277931671,17.48680951868203,25.43475115189825
3526506,Lavínia - SP,204.0,84689.0,224,146666.0,9689.0,9967.0,1837.0,2.1054804417380533,11.10506260206859,2.247416474365406,12.193794229722373,8.740736918154608
3526605,Lavrinhas - SP,713.0,294174.0,572,398082.0,7171.0,7365.0,2392.0,9.942825268442338,29.807692307692307,7.766463000678887,23.91304347826087,41.02273044205829
3526704,Leme - SP,5332.0,2160727.0,4520,3105137.0,98161.0,101734.0,35758.0,5.431892503132609,14.911348509424464,4.442959089389978,12.640527993735667,22.012072004156437
3526803,Lençóis Paulista - SP,1780.0,719389.0,1570,1024203.0,66505.0,68724.0,22822.0,2.6764904894368846,7.799491718517221,2.284500320121064,6.8793269652090085,10.817066385986015
3526902,Limeira - SP,15233.0,6286643.0,12718,8563235.0,291869.0,301780.0,104444.0,5.219122277460094,14.584849297231052,4.21432831864272,12.17686032706522,21.539262477344288
3527009,Lindóia - SP,338.0,138616.0,320,216879.0,7014.0,7167.0,2591.0,4.818933561448532,13.045156310304902,4.464908608901911,12.350443844075647,19.76276019389792
3527108,Lins - SP,2716.0,1098866.0,2957,1987915.0,74779.0,76946.0,28432.0,3.6320357319568326,9.552616769836803,3.842954799469758,10.40025323579066,14.694847483919283
3527207,Lorena - SP,5870.0,2369769.0,4949,3303648.0,84855.0,87551.0,30025.0,6.917683106475753,19.5503746877602,5.652705280350881,16.48293089092423,27.92727594131165
3527256,Lourdes - SP,187.0,75937.0,139,88784.0,1950.0,1957.0,772.0,9.58974358974359,24.22279792746114,7.1027082268778745,18.00518134715026,38.94205128205128
3527306,Louveira - SP,2027.0,827275.0,1603,1078539.0,51847.0,55314.0,17902.0,3.909580110710359,11.322757233828623,2.8980005062009617,8.95430678136521,15.95608231913129
3527405,Lucélia - SP,1152.0,470846.0,833,533701.0,20061.0,20383.0,6603.0,5.742485419470615,17.446615174920492,4.08673894912427,12.61547781311525,23.470714321319974
3527504,Lucianópolis - SP,150.0,60958.0,165,110642.0,2372.0,2427.0,890.0,6.323777403035413,16.853932584269664,6.798516687268233,18.53932584269663,25.698988195615513
3527603,Luís Antônio - SP,887.0,360253.0,690,468911.0,12265.0,12594.0,4169.0,7.23196086424786,21.27608539218038,5.47879942829919,16.550731590309425,29.372441907867916
3527702,Luiziânia - SP,422.0,171859.0,533,371178.0,4701.0,4730.0,1729.0,8.976813443948096,24.40717177559283,11.268498942917548,30.827067669172934,36.55796639012976
3527801,Lupércio - SP,237.0,94858.0,194,126661.0,3981.0,3993.0,1472.0,5.953278070836474,16.10054347826087,4.858502379163536,13.179347826086957,23.82768148706355
3527900,Lutécia - SP,166.0,67242.0,184,125293.0,2661.0,2696.0,1036.0,6.238256294626081,16.023166023166024,6.824925816023739,17.76061776061776,25.26944757609921
3528007,Macatuba - SP,400.0,161767.0,409,273969.0,16829.0,17157.0,5654.0,2.3768494860062988,7.074637424831978,2.3838666433525675,7.233816766890697,9.612395270069523
3528106,Macaubal - SP,503.0,203471.0,461,305906.0,7481.0,7575.0,3008.0,6.7237000401015905,16.722074468085108,6.085808580858086,15.325797872340425,27.198369201978345
3528205,Macedônia - SP,144.0,58395.0,134,91085.0,3963.0,4067.0,1513.0,3.6336109008327027,9.517514871116987,3.29481190066388,8.85657633840053,14.735049205147616
3528304,Magda - SP,133.0,53647.0,85,51886.0,3165.0,3210.0,1257.0,4.202211690363349,10.580747812251392,2.64797507788162,6.762132060461416,16.95007898894155
3528403,Mairinque - SP,2193.0,886752.0,2520,1721512.0,50027.0,52092.0,17025.0,4.383632838267336,12.881057268722467,4.8375950241879755,14.801762114537445,17.72546824714654
3528502,Mairiporã - SP,6318.0,2554176.0,7587,5144183.0,93853.0,98241.0,33058.0,6.731803991348172,19.111863996612016,7.722844840748771,22.95057172242725,27.21464417759688
3528601,Manduri - SP,471.0,192007.0,469,324111.0,9871.0,10148.0,3689.0,4.771553034140411,12.76768772024939,4.621600315333071,12.7134724857685,19.451625975078514
3528700,Marabá Paulista - SP,387.0,158680.0,272,177314.0,4573.0,4612.0,1383.0,8.462715941395146,27.982646420824295,5.897658282740677,19.667389732465654,34.69932210802536
3528809,Maracaí - SP,620.0,250480.0,711,478550.0,12673.0,12784.0,4828.0,4.892290696756885,12.84175642087821,5.561639549436796,14.726594863297432,19.764854414897815
3528858,Marapoama - SP,192.0,78056.0,164,110936.0,3292.0,3435.0,1238.0,5.832320777642771,15.508885298869144,4.774381368267831,13.247172859450727,23.710814094775213
3528908,Mariápolis - SP,370.0,149634.0,319,209252.0,3513.0,3514.0,1382.0,10.532308568175349,26.772793053545588,9.077973819009676,23.082489146164978,42.59436379163108
3529005,Marília - SP,7973.0,3237069.0,7538,5104770.0,237627.0,247992.0,88399.0,3.355258451270268,9.01933279788233,3.0396141811026163,8.527245783323341,13.622479768713152
3529104,Marinópolis - SP,99.0,39919.0,81,51957.0,1860.0,1854.0,717.0,5.32258064516129,13.807531380753138,4.368932038834951,11.297071129707113,21.461827956989247
3529203,Martinópolis - SP,1740.0,720061.0,1527,1046795.0,24881.0,25260.0,8845.0,6.993288051123347,19.672131147540984,6.045130641330166,17.263990955342003,28.940195329769704
3529302,Matão - SP,3148.0,1276991.0,2920,1933594.0,79033.0,81144.0,28821.0,3.9831462806675693,10.922591166163562,3.598540865621611,10.131501335831512,16.157693621651717
3529401,Mauá - SP,15644.0,6362631.0,18720,12699054.0,418261.0,429064.0,152619.0,3.740248313851877,10.250362012593452,4.362985475360319,12.265838460480019,15.21210679456129
3529500,Mendonça - SP,181.0,73917.0,189,133324.0,6159.0,6466.0,2315.0,2.9387887644098067,7.818574514038877,2.922981750695948,8.16414686825054,12.001461276181198
3529609,Meridiano - SP,203.0,82537.0,167,114272.0,4572.0,4743.0,1726.0,4.440069991251094,11.761297798377752,3.520978283786633,9.675550405561992,18.052712160979876
3529658,Mesópolis - SP,90.0,37069.0,86,56608.0,1952.0,1992.0,743.0,4.610655737704918,12.113055181695827,4.317269076305221,11.574697173620457,18.990266393442624
3529708,Miguelópolis - SP,2661.0,1087795.0,1915,1300089.0,19441.0,19591.0,7138.0,13.687567511959262,37.27934995797142,9.774896636210505,26.828243205379657,55.95365464739468
3529807,Mineiros do Tietê - SP,864.0,349175.0,646,399109.0,11230.0,11297.0,4138.0,7.6936776491540515,20.879652005799905,5.718332300610782,15.611406476558724,31.09305431878896
3529906,Miracatu - SP,2575.0,1051262.0,2309,1595506.0,18553.0,18549.0,6846.0,13.879157009648035,37.6132047911189,12.448110410264704,33.727724218521764,56.66264216029752
3530003,Mira Estrela - SP,137.0,55327.0,110,71542.0,3126.0,3218.0,1243.0,4.3825975687779914,11.021721641190668,3.418272218769422,8.849557522123893,17.698976327575178
3530102,Mirandópolis - SP,1122.0,458016.0,1060,711840.0,27983.0,28770.0,9108.0,4.009577243326305,12.318840579710145,3.684393465415363,11.638120333772507,16.367651788585928
3530201,Mirante do Paranapanema - SP,1154.0,470139.0,945,635716.0,15917.0,15997.0,6122.0,7.250109945341459,18.850049003593597,5.907357629555541,15.436131983012087,29.53691022177546
3530300,Mirassol - SP,1746.0,704687.0,1563,1062196.0,63337.0,66102.0,23213.0,2.7566825078548085,7.521647352776461,2.3645275483343924,6.733295997932193,11.12599270568546
3530409,Mirassolândia - SP,396.0,159498.0,315,216603.0,4669.0,4795.0,1721.0,8.481473548939816,23.009877977919814,6.569343065693431,18.30331202789076,34.16106232597987
3530508,Mococa - SP,2702.0,1104695.0,2451,1699066.0,67681.0,69415.0,24696.0,3.9922577976093736,10.941043083900226,3.5309371173377513,9.924684159378037,16.32208448456731
3530607,Mogi das Cruzes - SP,35202.0,14513319.0,30285,20906990.0,451505.0,472255.0,158693.0,7.796591399873756,22.18245291222675,6.412848990481837,19.084017568512788,32.14431512386352
3530706,Mogi Guaçu - SP,5289.0,2149284.0,4862,3261961.0,153658.0,160841.0,54720.0,3.4420596389384217,9.665570175438596,3.0228610864145335,8.885233918128655,13.987452654596572
3530805,Mogi Mirim - SP,2173.0,882087.0,2301,1527594.0,92558.0,95929.0,33795.0,2.3477171071112166,6.429945258174286,2.398649000823526,6.808699511762095,9.530100045376953
3530904,Mombuca - SP,353.0,147154.0,262,182083.0,3722.0,3844.0,1232.0,9.484148307361634,28.6525974025974,6.815816857440167,21.266233766233768,39.53627082213863
3531001,Monções - SP,66.0,26551.0,65,44137.0,1937.0,1941.0,799.0,3.4073309241094476,8.260325406758447,3.3487892838742916,8.135168961201503,13.707279297883325
3531100,Mongaguá - SP,4484.0,1815720.0,4805,3332728.0,61951.0,65321.0,21572.0,7.237978402285678,20.78620433895791,7.355980465700157,22.27424439087706,29.30896999241336
3531209,Monte Alegre do Sul - SP,234.0,94735.0,225,153539.0,8627.0,8967.0,3244.0,2.712414512576794,7.213316892725031,2.5092004014720644,6.935881627620222,10.981221745682161
3531308,Monte Alto - SP,1203.0,483754.0,1133,766939.0,47574.0,48787.0,18050.0,2.5286921427670577,6.664819944598338,2.3223399676143237,6.2770083102493075,10.168453356875604
3531407,Monte Aprazível - SP,1732.0,707431.0,1149,742081.0,22280.0,22684.0,8641.0,7.773788150807899,20.04397639162134,5.065244225004409,13.29707209813679,31.751840215439856
3531506,Monte Azul Paulista - SP,631.0,255914.0,690,485368.0,18151.0,18314.0,6769.0,3.47639248526252,9.321908701433003,3.7676094790870374,10.193529324863347,14.099168089912402
3531605,Monte Castelo - SP,293.0,118378.0,224,151777.0,4222.0,4311.0,1626.0,6.939838938891521,18.019680196801968,5.19601020644862,13.776137761377614,28.038370440549503
3531704,Monteiro Lobato - SP,290.0,118590.0,360,253266.0,4138.0,4206.0,1568.0,7.008216529724504,18.494897959183675,8.559201141226819,22.959183673469386,28.658772353794102
3531803,Monte Mor - SP,5107.0,2060527.0,4619,3124065.0,64662.0,68311.0,22385.0,7.897992638644026,22.81438463256645,6.761722123816076,20.63435336162609,31.866119204478675
3531902,Morro Agudo - SP,1877.0,762397.0,1609,1098259.0,27933.0,28485.0,10018.0,6.71965059248917,18.736274705530047,5.6485869756011935,16.061090037931724,27.293774388715857
3532009,Morungaba - SP,544.0,223328.0,592,408266.0,13720.0,14206.0,4779.0,3.9650145772594754,11.383134546976354,4.1672532732648175,12.387528771709563,16.277551020408165
3532058,Motuca - SP,245.0,101829.0,197,129116.0,4034.0,4063.0,1412.0,6.073376301437779,17.35127478753541,4.8486340142751665,13.951841359773372,25.24268715914725
3532108,Murutinga do Sul - SP,478.0,195590.0,288,194566.0,3737.0,3734.0,1480.0,12.79100883061279,32.2972972972973,7.71290840921264,19.45945945945946,52.338774417982336
3532157,Nantes - SP,190.0,79228.0,148,94011.0,2660.0,2696.0,1027.0,7.142857142857143,18.500486854917234,5.489614243323442,14.410905550146056,29.784962406015037
3532207,Narandiba - SP,238.0,96803.0,332,237222.0,5713.0,5999.0,2063.0,4.165937335900578,11.536597188560348,5.5342557092848805,16.093068347067376,16.944337475932084
3532306,Natividade da Serra - SP,325.0,132969.0,354,253038.0,6999.0,7164.0,2838.0,4.64352050292899,11.451726568005638,4.941373534338358,12.473572938689218,18.998285469352766
3532405,Nazaré Paulista - SP,1525.0,622782.0,1240,816620.0,18217.0,18729.0,6724.0,8.371301531536476,22.67995240928019,6.620748571733675,18.441403926234383,34.18685842894
3532504,Neves Paulista - SP,589.0,239585.0,446,307455.0,9699.0,9981.0,3718.0,6.072791009382411,15.841850457235072,4.468490131249374,11.995696611081227,24.70203113723064
3532603,Nhandeara - SP,379.0,154526.0,373,257989.0,9852.0,9888.0,4016.0,3.8469346325619163,9.437250996015937,3.772249190938511,9.28784860557769,15.684734064149412
3532702,Nipoã - SP,477.0,194301.0,361,250588.0,4750.0,4891.0,1761.0,10.042105263157895,27.086882453151617,7.3809037006747085,20.499716070414536,40.90547368421053
3532801,Nova Aliança - SP,286.0,115111.0,287,192344.0,6693.0,6910.0,2501.0,4.273121171373076,11.435425829668132,4.153400868306802,11.475409836065573,17.198715075451965
3532827,Nova Campina - SP,1208.0,494037.0,984,654702.0,8497.0,8630.0,2920.0,14.216782393786042,41.36986301369863,11.402085747392816,33.6986301369863,58.14252088972579
3532843,Nova Canaã Paulista - SP,123.0,49672.0,79,48229.0,2032.0,2053.0,819.0,6.053149606299213,15.018315018315018,3.8480272771553823,9.645909645909645,24.444881889763778
3532868,Nova Castilho - SP,50.0,20099.0,38,25165.0,1062.0,1070.0,398.0,4.708097928436912,12.56281407035176,3.5514018691588785,9.547738693467336,18.925612052730695
3532900,Nova Europa - SP,388.0,157468.0,307,200057.0,9311.0,9460.0,3373.0,4.167114166040167,11.503112955825674,3.2452431289640593,9.101689890305366,16.912039523144667
3533007,Nova Granada - SP,1022.0,417236.0,744,476287.0,19419.0,19741.0,7285.0,5.262886863381224,14.028826355525052,3.7688060381946205,10.212765957446809,21.485967351562902
3533106,Nova Guataporanga - SP,213.0,86317.0,181,121256.0,2156.0,2187.0,867.0,9.879406307977737,24.567474048442907,8.276177411979882,20.876585928489042,40.035714285714285
3533205,Nova Independência - SP,361.0,147416.0,283,193924.0,4609.0,4894.0,1471.0,7.83250162725103,24.541128484024473,5.78259092766653,19.238613188307273,31.984378390106315
3533254,Novais - SP,300.0,122003.0,284,197315.0,4412.0,4457.0,1593.0,6.799637352674524,18.832391713747647,6.371999102535337,17.82799748901444,27.65253853127833
3533304,Nova Luzitânia - SP,240.0,98281.0,169,112892.0,2837.0,2799.0,1122.0,8.459640465280225,21.390374331550802,6.037870668095748,15.062388591800357,34.64258019034191
3533403,Nova Odessa - SP,1713.0,693547.0,1787,1220645.0,62019.0,64924.0,22197.0,2.7620567890485175,7.71725908906609,2.75244901731255,8.05063747353246,11.182814943807543
3533502,Novo Horizonte - SP,1579.0,637888.0,1150,686269.0,38324.0,39548.0,14750.0,4.1201335977455384,10.705084745762711,2.9078588044907456,7.796610169491525,16.644609122221063
3533601,Nuporanga - SP,372.0,153835.0,321,228254.0,7391.0,7587.0,2686.0,5.033148423758625,13.849590469099033,4.230921312771847,11.950856291883841,20.813827628196456
3533700,Ocauçu - SP,365.0,149318.0,363,248766.0,4331.0,4423.0,1622.0,8.42761486954514,22.50308261405672,8.207099253900068,22.379778051787916,34.47656430385592
3533809,Óleo - SP,169.0,69050.0,184,129404.0,2512.0,2530.0,973.0,6.727707006369426,17.36896197327852,7.2727272727272725,18.91058581706064,27.488057324840764
3533908,Olímpia - SP,3081.0,1261031.0,2531,1731156.0,55074.0,57028.0,20418.0,5.594291317136943,15.089626799882456,4.438170723153538,12.395925164070917,22.89702945128373
3534005,Onda Verde - SP,224.0,90186.0,211,145087.0,4771.0,4969.0,1703.0,4.695032487948019,13.153258954785672,4.246327228818676,12.389900176159719,18.90295535527143
3534104,Oriente - SP,269.0,107746.0,283,193658.0,6085.0,6180.0,2202.0,4.420706655710764,12.216167120799273,4.5792880258899675,12.851952770208902,17.706820049301562
3534203,Orindiúva - SP,141.0,57152.0,166,115524.0,6024.0,6167.0,2117.0,2.3406374501992033,6.660368445914029,2.6917463920869142,7.841284837033538,9.48738379814077
3534302,Orlândia - SP,1339.0,543873.0,1101,751380.0,38319.0,39099.0,13559.0,3.494350061327279,9.87535953978907,2.8159287961328934,8.120067851611475,14.193298363736005
3534401,Osasco - SP,40868.0,16657526.0,34361,23603424.0,728615.0,761441.0,261473.0,5.608997893263246,15.629912075051726,4.512628030274177,13.14131860651004,22.86190374889345
3534500,Oscar Bressane - SP,163.0,65601.0,89,56824.0,2470.0,2500.0,960.0,6.59919028340081,16.979166666666668,3.56,9.270833333333334,26.55910931174089
3534609,Osvaldo Cruz - SP,1193.0,478767.0,725,451817.0,31272.0,32123.0,11761.0,3.814914300332566,10.143695264008162,2.256949849017838,6.164441799166737,15.309765924788948
3534708,Ourinhos - SP,4486.0,1818671.0,4751,3262517.0,103970.0,106941.0,38002.0,4.314706165239973,11.804641860954687,4.442636594009781,12.501973580337877,17.49226700009618
3534757,Ouroeste - SP,732.0,297676.0,404,260561.0,10294.0,10717.0,4044.0,7.110938410724694,18.100890207715132,3.769711673042829,9.990108803165183,28.917427627744317
3534807,Ouro Verde - SP,1029.0,425677.0,955,648818.0,7779.0,7899.0,2929.0,13.22792132664867,35.13144417890065,12.090137992150906,32.604984636394676,54.721300938423965
3534906,Pacaembu - SP,469.0,190325.0,562,377310.0,14877.0,15322.0,3834.0,3.1525173085971634,12.232655190401669,3.667928468868294,14.65832029212311,12.793237883981986
3535002,Palestina - SP,626.0,252587.0,539,357957.0,11476.0,11717.0,4452.0,5.454862321366329,14.061096136567835,4.600153622941026,12.10691823899371,22.010020913210177
3535101,Palmares Paulista - SP,416.0,167654.0,372,249344.0,9650.0,9627.0,3433.0,4.310880829015544,12.117681328284299,3.8641321283889063,10.836003495484999,17.373471502590675
3535200,Palmeira d'Oeste - SP,422.0,172396.0,254,157050.0,8903.0,8951.0,3535.0,4.73997528922835,11.937765205091937,2.837671768517484,7.185289957567186,19.363809951701672
3535309,Palmital - SP,1515.0,616761.0,1507,1010967.0,19594.0,19666.0,7363.0,7.731958762886598,20.575852234143692,7.662971626156819,20.46720086921092,31.47703378585281
3535408,Panorama - SP,1194.0,490721.0,1387,959932.0,14964.0,15239.0,5489.0,7.979149959903769,21.752596101293495,9.101647089704048,25.26871925669521,32.793437583533816
3535507,Paraguaçu Paulista - SP,3752.0,1518214.0,3229,2170463.0,41120.0,42014.0,14825.0,9.124513618677042,25.30860033726813,7.685533393630695,21.780775716694773,36.921546692607
3535606,Paraibuna - SP,1046.0,421673.0,960,638594.0,17667.0,17968.0,6628.0,5.920643006735722,15.781532890766446,5.342831700801424,14.48400724200362,23.86783268240222
3535705,Paraíso - SP,227.0,92826.0,139,91900.0,6099.0,6224.0,2268.0,3.721921626496147,10.008818342151676,2.2332904884318765,6.128747795414462,15.219872110181997
3535804,Paranapanema - SP,1308.0,534743.0,867,523893.0,19395.0,19901.0,6843.0,6.74400618716164,19.114423498465584,4.356564996733833,12.669881630863657,27.57117813869554
3535903,Paranapuã - SP,356.0,143950.0,299,211657.0,4031.0,4125.0,1531.0,8.831555445298934,23.2527759634226,7.248484848484848,19.529719137818418,35.71074175142645
3536000,Parapuã - SP,723.0,293179.0,552,362372.0,10580.0,10712.0,4102.0,6.833648393194707,17.625548512920528,5.1530993278566095,13.456850316918576,27.710680529300568
3536109,Pardinho - SP,296.0,120965.0,324,212178.0,7153.0,7482.0,2504.0,4.138123864112959,11.821086261980831,4.330392943063352,12.939297124600639,16.91108625751433
3536208,Pariquera-Açu - SP,1190.0,481580.0,1163,794199.0,19233.0,19627.0,6871.0,6.18728227525607,17.319167515645468,5.925510775971875,16.92621161402998,25.03925544636822
3536257,Parisi - SP,223.0,90943.0,180,116777.0,2892.0,3056.0,1108.0,7.710926694329184,20.126353790613717,5.890052356020942,16.24548736462094,31.44640387275242
3536307,Patrocínio Paulista - SP,985.0,407489.0,899,640455.0,14512.0,14934.0,5023.0,6.787486218302095,19.609794943261,6.019820543725727,17.897670714712323,28.079451488423373
3536406,Paulicéia - SP,778.0,319926.0,781,540650.0,7955.0,8303.0,2930.0,9.780012570710245,26.552901023890787,9.406238708900398,26.655290102389078,40.21697045883092
3536505,Paulínia - SP,3576.0,1459568.0,3723,2524795.0,110537.0,117554.0,37896.0,3.2351158435636935,9.436352121595947,3.1670551406162275,9.824255858138063,13.2043388186761
3536570,Paulistânia - SP,132.0,53667.0,132,94393.0,2090.0,2166.0,766.0,6.315789473684211,17.232375979112273,6.094182825484765,17.232375979112273,25.67799043062201
3536604,Paulo de Faria - SP,806.0,326091.0,517,342073.0,7400.0,7354.0,2916.0,10.891891891891891,27.640603566529492,7.030187652977971,17.729766803840878,44.06635135135135
3536703,Pederneiras - SP,2233.0,904008.0,1938,1303091.0,44827.0,46439.0,15611.0,4.981372833337051,14.304016398693228,4.173216477529663,12.41432323361732,20.166596024717247
3536802,Pedra Bela - SP,339.0,137571.0,297,201897.0,6557.0,6768.0,2462.0,5.170047277718469,13.769293257514216,4.388297872340425,12.06336311941511,20.980783895073966
3536901,Pedranópolis - SP,82.0,33572.0,71,49022.0,2787.0,2863.0,1052.0,2.942231790455687,7.79467680608365,2.4799161718477123,6.749049429657795,12.045927520631503
3537008,Pedregulho - SP,1330.0,547199.0,1005,669191.0,15525.0,15732.0,5570.0,8.56682769726248,23.877917414721722,6.388253241800153,18.043087971274687,35.24631239935588
3537107,Pedreira - SP,1932.0,776954.0,1536,1019424.0,43112.0,44433.0,15759.0,4.481350899981444,12.259661146011803,3.4568901492134225,9.746811345897582,18.021757283354983
3537156,Pedrinhas Paulista - SP,144.0,58810.0,118,79058.0,2804.0,2829.0,1063.0,5.1355206847360915,13.54656632173095,4.171085189112761,11.10065851364064,20.97360912981455
3537206,Pedro de Toledo - SP,1059.0,429006.0,1012,689639.0,11281.0,11650.0,3945.0,9.387465650208314,26.844106463878326,8.686695278969957,25.65272496831432,38.02907543657477
3537305,Penápolis - SP,2847.0,1167829.0,3375,2319675.0,61679.0,63523.0,23212.0,4.615833590038749,12.265207651214888,5.313036223100294,14.539893158711012,18.933980771413285
3537404,Pereira Barreto - SP,907.0,368561.0,1298,886719.0,24095.0,24334.0,9238.0,3.764266445320606,9.818142455076856,5.334100435604504,14.050660316085732,15.296161029259183
3537503,Pereiras - SP,344.0,139543.0,257,161345.0,8737.0,9052.0,3111.0,3.9372782419594827,11.057537769206043,2.8391515687140965,8.261009321761492,15.971500515050932
3537602,Peruíbe - SP,8046.0,3248755.0,6494,4412541.0,68352.0,70891.0,25016.0,11.771418539325843,32.16341541413495,9.160542240905052,25.959385992964503,47.52977235486891
3537701,Piacatu - SP,134.0,53971.0,117,85764.0,5519.0,5638.0,2081.0,2.4279760826236636,6.439211917347429,2.075203973040085,5.622296972609322,9.779126653379235
3537800,Piedade - SP,4142.0,1674506.0,4717,3194441.0,52970.0,54291.0,19056.0,7.81952048329243,21.735936188077247,8.688364553977639,24.75335852225021,31.61234661128941
3537909,Pilar do Sul - SP,1025.0,413956.0,827,549067.0,27619.0,28496.0,9571.0,3.7112132951953365,10.709434750809738,2.9021617069062327,8.640685403824051,14.988087910496397
3538006,Pindamonhangaba - SP,10547.0,4285401.0,9644,6649578.0,165428.0,173267.0,57994.0,6.375583335348309,18.18636410663172,5.565976210126568,16.629306479980688,25.904931450540417
3538105,Pindorama - SP,495.0,203276.0,447,301950.0,14542.0,14689.0,5459.0,3.40393343419062,9.067594797581975,3.0430934713050584,8.18831287781645,13.978544904414798
3538204,Pinhalzinho - SP,577.0,233391.0,540,372714.0,15224.0,15740.0,5652.0,3.7900683131897006,10.208775654635527,3.4307496823379924,9.554140127388536,15.330465055176038
3538303,Piquerobi - SP,301.0,122846.0,266,182711.0,3264.0,3279.0,1284.0,9.221813725490197,23.442367601246104,8.11222933821287,20.71651090342679,37.63664215686274
3538501,Piquete - SP,776.0,317064.0,677,460931.0,12490.0,12468.0,4570.0,6.21297037630104,16.98030634573304,5.429900545396214,14.814004376367615,25.38542834267414
3538600,Piracaia - SP,1570.0,635316.0,1167,745497.0,26029.0,26823.0,9524.0,6.0317338353375085,16.48467030659387,4.350743764679566,12.253254934901301,24.40800645433939
3538709,Piracicaba - SP,14241.0,5811446.0,12362,8437979.0,423323.0,442635.0,155428.0,3.3640978638061245,9.16244177368299,2.792820269522293,7.953521887948117,13.72816029367646
3538808,Piraju - SP,1851.0,771436.0,1572,1072735.0,29436.0,30324.0,11021.0,6.288218507949449,16.795209146175484,5.18401266323704,14.263678432084204,26.207229243103683
3538907,Pirajuí - SP,1817.0,739263.0,1556,1032270.0,22431.0,22726.0,7484.0,8.100396772324016,24.278460716194548,6.846783419871513,20.7910208444682,32.95720208639829
3539004,Pirangi - SP,254.0,105976.0,247,168355.0,10885.0,11093.0,4028.0,2.333486449242076,6.305858987090367,2.2266294059316687,6.132075471698113,9.735966926963712
3539103,Pirapora do Bom Jesus - SP,2046.0,847914.0,1529,1067981.0,18370.0,19005.0,6100.0,11.137724550898204,33.540983606557376,8.04525124967114,25.065573770491802,46.157539466521506
3539202,Pirapozinho - SP,808.0,325035.0,634,420402.0,25348.0,26125.0,9237.0,3.187628215243806,8.74742881888059,2.4267942583732056,6.863700335606799,12.822905160170428
3539301,Pirassununga - SP,2485.0,1012766.0,2362,1624861.0,73545.0,75701.0,27609.0,3.378883676660548,9.000688181390126,3.1201701430628392,8.555181281466188,13.770698211979061
3539400,Piratininga - SP,492.0,201705.0,486,310566.0,15108.0,15748.0,5246.0,3.256552819698173,9.378574151734655,3.0861061722123444,9.264201296225696,13.35087370929309
3539509,Pitangueiras - SP,1797.0,722036.0,1451,946423.0,33674.0,34311.0,11906.0,5.33646136485122,15.09323030404838,4.228964472035208,12.187132538216025,21.44194333907466
3539608,Planalto - SP,235.0,94923.0,174,112532.0,4389.0,4449.0,1645.0,5.3542948279790386,14.285714285714286,3.910991233985165,10.577507598784194,21.627477785372523
3539707,Platina - SP,399.0,163973.0,290,192516.0,3025.0,3050.0,1133.0,13.190082644628099,35.216240070609004,9.508196721311476,25.59576345984113,54.20595041322314
3539806,Poá - SP,9965.0,4098367.0,9848,6679527.0,103765.0,106288.0,35377.0,9.603430829277695,28.16801876925686,9.26539214210447,27.837295417926903,39.49662217510721
3539905,Poloni - SP,410.0,166567.0,348,233122.0,5592.0,5708.0,2168.0,7.331902718168813,18.911439114391143,6.0967063770147165,16.051660516605168,29.786659513590845
3540002,Pompéia - SP,680.0,272920.0,574,376518.0,20196.0,20528.0,7313.0,3.367003367003367,9.298509503623684,2.7961808261886203,7.849035963352933,13.513567042978808
3540101,Pongaí - SP,178.0,72177.0,231,153738.0,3395.0,3437.0,1363.0,5.24300441826215,13.059427732942039,6.720977596741344,16.9479090242113,21.25979381443299
3540200,Pontal - SP,2299.0,926182.0,1648,1082840.0,37607.0,38206.0,13115.0,6.113223601988992,17.52954632100648,4.313458619065068,12.565764391917652,24.62791501582152
3540259,Pontalinda - SP,221.0,90946.0,235,158770.0,4127.0,4199.0,1549.0,5.35497940392537,14.267269205939316,5.596570612050488,15.171078114912847,22.03683062757451
3540309,Pontes Gestal - SP,147.0,59833.0,124,83569.0,2387.0,2407.0,957.0,6.158357771260997,15.360501567398119,5.1516410469464065,12.957157784743991,25.066191872643486
3540408,Populina - SP,407.0,166702.0,243,156924.0,4127.0,4179.0,1614.0,9.86188514659559,25.216852540272615,5.8147882268485285,15.055762081784387,40.39302156530167
3540507,Porangaba - SP,446.0,180846.0,458,317803.0,10451.0,10915.0,3923.0,4.267534207252894,11.36885036961509,4.196060467246908,11.674738720367065,17.30418141804612
3540606,Porto Feliz - SP,1881.0,765561.0,2612,1783443.0,56497.0,58837.0,18661.0,3.3293803210789954,10.079845667434757,4.439383381205704,13.997106264401694,13.55047170646229
3540705,Porto Ferreira - SP,1843.0,748566.0,1454,977438.0,52649.0,54005.0,19049.0,3.5005413208228076,9.675048558979475,2.692343301546153,7.632946611370675,14.218047826169538
3540754,Potim - SP,1870.0,753034.0,1548,1081289.0,20392.0,20831.0,5742.0,9.170262848175755,32.56704980842912,7.431232298017378,26.95924764890282,36.92791290702236
3540804,Potirendaba - SP,559.0,227288.0,604,387966.0,18496.0,19189.0,6808.0,3.02227508650519,8.210928319623973,3.1476366668403775,8.871915393654524,12.288494809688581
3540853,Pracinha - SP,227.0,93129.0,193,126369.0,2578.0,2581.0,541.0,8.805275407292475,41.95933456561922,7.477721813250678,35.67467652495379,36.12451512800621
3540903,Pradópolis - SP,1285.0,525377.0,971,649771.0,17078.0,17291.0,5865.0,7.524300269352383,21.909633418584825,5.615638193279741,16.555839727195227,30.763379786860288
3541000,Praia Grande - SP,11788.0,4796387.0,14503,10023335.0,349935.0,371190.0,130046.0,3.368625601897495,9.06448487458284,3.9071634472911447,11.152207680359258,13.706508351551003
3541059,Pratânia - SP,627.0,256801.0,533,373624.0,5126.0,5280.0,1750.0,12.231759656652361,35.82857142857143,10.094696969696969,30.457142857142856,50.09773702692158
3541109,Presidente Alves - SP,207.0,83532.0,255,171069.0,3804.0,3820.0,1447.0,5.441640378548896,14.305459571527297,6.675392670157068,17.622667588113337,21.958990536277604
3541208,Presidente Bernardes - SP,548.0,220943.0,580,380251.0,14490.0,14830.0,4771.0,3.78191856452726,11.486061622301404,3.910991233985165,12.15678054915112,15.247964113181505
3541307,Presidente Epitácio - SP,1790.0,724306.0,2339,1580110.0,39505.0,40267.0,15043.0,4.531072016200481,11.899222229608455,5.808726748950754,15.548760220700657,18.33453993165422
3541406,Presidente Prudente - SP,8824.0,3580300.0,8904,6031171.0,225668.0,235264.0,85268.0,3.910168920715387,10.348548107144532,3.7846844396082697,10.442369939484918,15.86534200684191
3541505,Presidente Venceslau - SP,1164.0,468376.0,1074,672611.0,35201.0,35728.0,13692.0,3.306724240788614,8.501314636283961,3.0060456784594716,7.8439964943032425,13.305758359137524
3541604,Promissão - SP,1462.0,591009.0,1797,1208664.0,35131.0,35957.0,12865.0,4.16156670746634,11.364166342790517,4.997636065300219,13.968130586863584,16.82300532293416
3541653,Quadra - SP,406.0,168955.0,377,259254.0,3405.0,3482.0,1195.0,11.923641703377386,33.97489539748954,10.827110855829982,31.548117154811717,49.61967694566813
3541703,Quatá - SP,1082.0,438758.0,903,604426.0,13163.0,13423.0,4827.0,8.220010635873281,22.41557903459706,6.727259182001043,18.707271597265382,33.33267492213022
3541802,Queiroz - SP,237.0,96035.0,123,77128.0,3265.0,3380.0,1225.0,7.258805513016846,19.346938775510203,3.63905325443787,10.040816326530612,29.413476263399694
3541901,Queluz - SP,676.0,276788.0,644,451746.0,9159.0,9009.0,3249.0,7.38071841904138,20.806401969836873,7.1484071484071485,19.82148353339489,30.220329730319904
3542008,Quintana - SP,531.0,215324.0,433,291345.0,7038.0,7291.0,2520.0,7.544757033248082,21.071428571428573,5.938828692909066,17.182539682539684,30.594487070190397
3542107,Rafard - SP,606.0,249527.0,460,313041.0,8965.0,9156.0,3101.0,6.759620747350809,19.542083198968076,5.024027959807777,14.833924540470816,27.83346346904629
3542206,Rancharia - SP,1587.0,646573.0,1300,863529.0,28588.0,29381.0,10746.0,5.551280257450679,14.768285873813513,4.424628161056465,12.097524660338731,22.616937176437666
3542305,Redenção da Serra - SP,514.0,211902.0,365,241685.0,4494.0,4656.0,1680.0,11.437472185135736,30.595238095238095,7.8393470790378,21.726190476190474,47.15220293724967
3542404,Regente Feijó - SP,612.0,248401.0,770,507888.0,20145.0,20671.0,7519.0,3.037974683544304,8.139380236733608,3.72502539790044,10.240723500465487,12.330652767436089
3542503,Reginópolis - SP,199.0,80470.0,270,185868.0,7662.0,7830.0,2142.0,2.5972330984077265,9.290382819794585,3.4482758620689653,12.605042016806722,10.502479770294961
3542602,Registro - SP,4993.0,2034498.0,4812,3267333.0,59947.0,62101.0,21368.0,8.329023971174538,23.366716585548485,7.748667493277081,22.519655559715464,33.93827881295144
3542701,Restinga - SP,521.0,212648.0,477,341430.0,6404.0,6480.0,2183.0,8.135540287320424,23.866239120476408,7.361111111111111,21.85066422354558,33.2054965646471
3542800,Ribeira - SP,601.0,243663.0,455,301428.0,3132.0,3151.0,1163.0,19.189016602809705,51.67669819432502,14.439860361789908,39.122957867583835,77.7978927203065
3542909,Ribeirão Bonito - SP,537.0,222544.0,522,357208.0,10989.0,11006.0,4036.0,4.886704886704886,13.305252725470764,4.742867526803562,12.933597621407333,20.251524251524252
3543006,Ribeirão Branco - SP,2179.0,880548.0,2587,1746031.0,18627.0,18953.0,6565.0,11.69807269018092,33.19116527037319,13.649554160291247,39.40594059405941,47.272668706716054
3543105,Ribeirão Corrente - SP,440.0,179606.0,419,298390.0,4608.0,4727.0,1584.0,9.54861111111111,27.77777777777778,8.863972921514703,26.4520202020202,38.97699652777778
3543204,Ribeirão do Sul - SP,369.0,149983.0,350,229377.0,4677.0,4783.0,1736.0,7.889672867222578,21.255760368663594,7.317583106836714,20.161290322580644,32.068206115031
3543238,Ribeirão dos Índios - SP,174.0,70625.0,168,112238.0,2025.0,2035.0,816.0,8.592592592592593,21.323529411764707,8.255528255528256,20.58823529411765,34.876543209876544
3543253,Ribeirão Grande - SP,417.0,168023.0,307,198442.0,7450.0,7572.0,2673.0,5.597315436241611,15.600448933782268,4.054410987849973,11.485222596333708,22.553422818791947
3543303,Ribeirão Pires - SP,5262.0,2138247.0,4449,2952655.0,115559.0,119023.0,41451.0,4.553518116286918,12.694506767026127,3.73793300454534,10.7331548092929,18.5035090300193
3543402,Ribeirão Preto - SP,19816.0,8075177.0,21182,14679053.0,698642.0,734538.0,265935.0,2.83635968063758,7.451444901949724,2.8837173842605828,7.965104254799105,11.558390420272472
3543501,Riversul - SP,716.0,291335.0,688,458017.0,5599.0,5611.0,2115.0,12.787997856760136,33.853427895981085,12.26162894314739,32.529550827423165,52.03339882121807
3543600,Rifaina - SP,195.0,78717.0,226,151235.0,4049.0,4198.0,1455.0,4.816003951592986,13.402061855670103,5.383515959980944,15.532646048109966,19.441096567053595
3543709,Rincão - SP,610.0,254395.0,437,302112.0,9098.0,9061.0,3319.0,6.704770279182238,18.379029828261526,4.822867233197218,13.166616450738173,27.961639920861728
3543808,Rinópolis - SP,239.0,96487.0,113,64284.0,9259.0,9314.0,3498.0,2.5812722756237174,6.832475700400229,1.213227399613485,3.2304173813607777,10.420887784857976
3543907,Rio Claro - SP,6746.0,2737577.0,6248,4180911.0,201418.0,210794.0,74084.0,3.3492537906244726,9.105879812105178,2.964031234285606,8.433669888234977,13.591521115292576
3544004,Rio das Pedras - SP,693.0,289215.0,479,320556.0,31328.0,32386.0,10674.0,2.212078651685393,6.492411467116358,1.4790341505588835,4.487539816376241,9.231837334014301
3544103,Rio Grande da Serra - SP,3950.0,1599129.0,3514,2358964.0,44170.0,45331.0,15740.0,8.942721304052524,25.095298602287166,7.751869581522579,22.32528589580686,36.20396196513471
3544202,Riolândia - SP,706.0,289561.0,525,327482.0,10309.0,10436.0,3005.0,6.848384906392472,23.494176372712147,5.030663089306247,17.47088186356073,28.08817538073528
3544251,Rosana - SP,1422.0,580079.0,1538,1023517.0,17440.0,17366.0,6534.0,8.153669724770642,21.763085399449036,8.85638604169066,23.538414447505357,33.26141055045871
3544301,Roseira - SP,951.0,393744.0,758,530617.0,10832.0,11174.0,3637.0,8.779542097488921,26.147924113280176,6.78360479684983,20.84135276326643,36.35007385524372
3544400,Rubiácea - SP,203.0,82279.0,210,142197.0,2700.0,2739.0,1000.0,7.518518518518518,20.3,7.667031763417306,21.0,30.473703703703702
3544509,Rubinéia - SP,140.0,57515.0,156,108683.0,3833.0,4028.0,1501.0,3.652491521001826,9.32711525649567,3.872889771598808,10.39307128580946,15.005217845030003
3544608,Sabino - SP,317.0,135492.0,259,174618.0,5112.0,5179.0,2035.0,6.201095461658842,15.577395577395578,5.000965437343116,12.727272727272727,26.504694835680752
3544707,Sagres - SP,147.0,59317.0,136,88467.0,2474.0,2524.0,917.0,5.941794664510914,16.03053435114504,5.3882725832012675,14.830970556161397,23.97615198059822
3544806,Sales - SP,645.0,262130.0,479,314975.0,6437.0,6675.0,2474.0,10.020195743358707,26.07113985448666,7.176029962546816,19.361358124494746,40.72238620475377
3544905,Sales Oliveira - SP,391.0,159086.0,348,237577.0,11411.0,11708.0,4096.0,3.4265182718429585,9.5458984375,2.9723266142808336,8.49609375,13.941459994741916
3545001,Salesópolis - SP,1100.0,443314.0,1190,813603.0,15202.0,15368.0,5397.0,7.23589001447178,20.381693533444505,7.743362831858407,22.04928664072633,29.16155768977766
3545100,Salmourão - SP,399.0,162741.0,267,177857.0,4808.0,4883.0,1798.0,8.298668885191347,22.191323692992214,5.4679500307188205,14.849833147942158,33.84796173044925
3545159,Saltinho - SP,146.0,58286.0,94,62431.0,8161.0,8441.0,2915.0,1.7889964465139077,5.008576329331047,1.1136121312640683,3.224699828473413,7.1420169096924395
3545209,Salto - SP,3739.0,1533617.0,4178,2838472.0,134319.0,141994.0,46795.0,2.7836717069066923,7.990169889945507,2.94237784695128,8.9283043060156,11.41772199018754
3545308,Salto de Pirapora - SP,2214.0,892435.0,2976,1992544.0,43748.0,45373.0,15302.0,5.060802779555637,14.468696902365703,6.558966786414828,19.448438112665013,20.39944683185517
3545407,Salto Grande - SP,622.0,253923.0,382,237682.0,9050.0,9229.0,3354.0,6.87292817679558,18.545020870602265,4.139126665944306,11.38938580799046,28.057790055248617
3545506,Sandovalina - SP,283.0,116351.0,345,230987.0,3645.0,3696.0,1219.0,7.76406035665295,23.215750615258408,9.334415584415584,28.30188679245283,31.92071330589849
3545605,Santa Adélia - SP,889.0,360921.0,651,456261.0,14018.0,14183.0,5249.0,6.341846197745755,16.936559344637075,4.590002115208348,12.402362354734235,25.746968183763734
3545704,Santa Albertina - SP,131.0,52627.0,75,47140.0,6393.0,6586.0,2569.0,2.0491162208665727,5.099260412611911,1.1387792286668692,2.919423900350331,8.231972469888941
3545803,Santa Bárbara d'Oeste - SP,4047.0,1655336.0,3858,2656627.0,183347.0,189562.0,66074.0,2.2072900020180315,6.124950812725126,2.0352180289298487,5.838907891152345,9.028432425946429
3546009,Santa Branca - SP,1159.0,474216.0,866,579426.0,13975.0,14226.0,5161.0,8.293381037567084,22.45688819996125,6.087445522283144,16.7796938577795,33.9331663685152
3546108,Santa Clara d'Oeste - SP,121.0,50946.0,126,92212.0,2598.0,2710.0,949.0,4.657428791377983,12.750263435194942,4.649446494464945,13.27713382507903,19.60969976905312
3546207,Santa Cruz da Conceição - SP,192.0,78503.0,175,121217.0,4277.0,4383.0,1631.0,4.489127893383213,11.771919068056407,3.9926990645676477,10.729613733905579,18.354687865326163
3546256,Santa Cruz da Esperança - SP,87.0,35002.0,78,49796.0,2116.0,2173.0,768.0,4.111531190926276,11.328125,3.5895075931891394,10.15625,16.541587901701323
3546306,Santa Cruz das Palmeiras - SP,1246.0,500593.0,1306,890288.0,28864.0,29456.0,10419.0,4.316796008869179,11.95892120165083,4.433731667571972,12.534792206545733,17.34316103104213
3546405,Santa Cruz do Rio Pardo - SP,2081.0,849491.0,1767,1182814.0,46442.0,47833.0,16715.0,4.480857844192757,12.449895303619503,3.694102397926118,10.571343104995513,18.291438783859437
3546504,Santa Ernestina - SP,448.0,182690.0,336,234805.0,6118.0,6291.0,2204.0,7.322654462242563,20.326678765880217,5.340963280877444,15.245009074410163,29.86106570774763
3546603,Santa Fé do Sul - SP,1083.0,442544.0,767,496157.0,34794.0,36458.0,13404.0,3.112605621658907,8.079677708146821,2.103790663228921,5.722172485825126,12.718974535839513
3546702,Santa Gertrudes - SP,435.0,175071.0,350,228689.0,23611.0,23249.0,8141.0,1.842361611113464,5.343323915980838,1.5054410942406125,4.299226139294927,7.414806657913684
3546801,Santa Isabel - SP,3351.0,1361923.0,3631,2474884.0,53174.0,54775.0,18733.0,6.301952081844511,17.88821865157743,6.628936558649019,19.38290716916671,25.61257381427013
3546900,Santa Lúcia - SP,230.0,94335.0,210,150541.0,7149.0,7111.0,2463.0,3.2172331794656595,9.338205440519692,2.953171143299114,8.526187576126675,13.19555182543013
3547007,Santa Maria da Serra - SP,432.0,176942.0,359,248066.0,5243.0,5303.0,1854.0,8.239557505245088,23.300970873786408,6.769752970016971,19.36353829557713,33.74823574289529
3547106,Santa Mercedes - SP,184.0,75981.0,200,135414.0,2956.0,3020.0,1142.0,6.2246278755074425,16.112084063047284,6.622516556291391,17.513134851138354,25.703991880920164
3547205,Santana da Ponte Pensa - SP,79.0,31600.0,65,45185.0,1670.0,1700.0,667.0,4.730538922155689,11.84407796101949,3.823529411764706,9.745127436281859,18.922155688622755
3547304,Santana de Parnaíba - SP,6282.0,2564873.0,5293,3580630.0,154105.0,165193.0,52312.0,4.076441387365757,12.008716929194067,3.204130925644549,10.118137329866952,16.64367152266312
3547403,Santa Rita d'Oeste - SP,42.0,16850.0,45,29185.0,2733.0,2802.0,1089.0,1.5367727771679474,3.8567493112947657,1.6059957173447537,4.132231404958677,6.165386022685693
3547502,Santa Rita do Passa Quatro - SP,1039.0,421615.0,844,570557.0,24833.0,24938.0,9468.0,4.183948777835944,10.973806506125898,3.384393295372524,8.914237431347697,16.97801312769299
3547601,Santa Rosa de Viterbo - SP,895.0,362432.0,755,497741.0,23411.0,23697.0,8597.0,3.822989193114348,10.41060835175061,3.1860573068320885,8.782133302314762,15.481269488701892
3547650,Santa Salete - SP,59.0,23838.0,45,32932.0,1645.0,1698.0,646.0,3.5866261398176293,9.13312693498452,2.65017667844523,6.96594427244582,14.491185410334346
3547700,Santo Anastácio - SP,1154.0,465921.0,1164,763244.0,17963.0,17884.0,6888.0,6.424316650893504,16.75377468060395,6.50861104898233,16.898954703832754,25.93781662305851
3547809,Santo André - SP,36853.0,15047241.0,34358,23036011.0,748919.0,784290.0,280389.0,4.9208258837070495,13.143525601931602,4.380777518519936,12.253690408682223,20.091947193221163
3547908,Santo Antônio da Alegria - SP,577.0,238633.0,477,326432.0,6775.0,6947.0,2566.0,8.51660516605166,22.486360093530788,6.866273211458183,18.589243959469993,35.22258302583026
3548005,Santo Antônio de Posse - SP,1348.0,544166.0,1183,803541.0,23244.0,23945.0,7986.0,5.7993460678024435,16.87953919358878,4.940488619753602,14.813423491109441,23.411030803648252
3548054,Santo Antônio do Aracanguá - SP,736.0,300389.0,567,373152.0,8379.0,8616.0,3141.0,8.783864422962168,23.432028016555236,6.580779944289693,18.05157593123209,35.850220790070416
3548104,Santo Antônio do Jardim - SP,193.0,78275.0,208,156859.0,6126.0,6248.0,2146.0,3.1505060398302316,8.993476234855546,3.329065300896287,9.692451071761417,12.777505713352921
3548203,Santo Antônio do Pinhal - SP,397.0,161069.0,307,198488.0,7133.0,7333.0,2606.0,5.56568063928221,15.23407521105142,4.18655393426974,11.78050652340752,22.580821533716527
3548302,Santo Expedito - SP,184.0,74148.0,184,120600.0,3000.0,3075.0,1194.0,6.133333333333334,15.410385259631491,5.983739837398374,15.410385259631491,24.716
3548401,Santópolis do Aguapeí - SP,338.0,137801.0,270,177405.0,3899.0,3909.0,1470.0,8.668889458835599,22.993197278911566,6.907137375287798,18.367346938775512,35.34265196204155
3548500,Santos - SP,12489.0,5159184.0,12909,8663447.0,418608.0,429528.0,167478.0,2.983459465657608,7.457098842833089,3.0053919651338212,7.707878049654283,12.324618736383442
3548609,São Bento do Sapucaí - SP,562.0,228942.0,542,363209.0,11674.0,12025.0,4289.0,4.814116840842899,13.103287479598974,4.507276507276507,12.636978316623921,19.611272914168236
3548708,São Bernardo do Campo - SP,38648.0,15744382.0,33065,21840541.0,810729.0,842558.0,300683.0,4.767067663793943,12.853403750794026,3.9243589165374964,10.996631003415557,19.420030614422327
3548807,São Caetano do Sul - SP,1850.0,747864.0,2162,1351606.0,165655.0,173216.0,61995.0,1.116778847604962,2.9841116219049924,1.2481525956031776,3.4873780143559965,4.5145875464066885
3548906,São Carlos - SP,9865.0,4021911.0,9265,6405966.0,254857.0,267441.0,96622.0,3.8707981338554562,10.209890087143714,3.4643154938846323,9.588913497961126,15.781049765162425
3549003,São Francisco - SP,146.0,58883.0,107,63744.0,2602.0,2617.0,1044.0,5.611068408916219,13.984674329501916,4.088651127244937,10.24904214559387,22.62990007686395
3549102,São João da Boa Vista - SP,1795.0,728296.0,2071,1392800.0,92547.0,96365.0,34670.0,1.9395550369001697,5.177386789731757,2.149120531313236,5.973464089991347,7.869471727878808
3549201,São João das Duas Pontes - SP,90.0,36591.0,73,51413.0,2580.0,2623.0,980.0,3.488372093023256,9.183673469387756,2.783072817384674,7.448979591836735,14.182558139534883
3549250,São João de Iracema - SP,61.0,24959.0,46,27185.0,1846.0,1884.0,687.0,3.304442036836403,8.879184861717613,2.4416135881104033,6.695778748180495,13.520585048754063
3549300,São João do Pau d'Alho - SP,137.0,56198.0,116,73553.0,2242.0,2297.0,925.0,6.110615521855486,14.81081081081081,5.050065302568568,12.54054054054054,25.066012488849243
3549409,São Joaquim da Barra - SP,1261.0,509129.0,1522,1064725.0,48558.0,49948.0,17407.0,2.5968944355204084,7.2442120985810305,3.047169055818051,8.743608892974091,10.484966431895877
3549508,São José da Bela Vista - SP,1005.0,415556.0,701,482594.0,7626.0,7640.0,2667.0,13.178599527930762,37.68278965129359,9.175392670157068,26.28421447319085,54.49200104904275
3549607,São José do Barreiro - SP,404.0,164644.0,322,220906.0,3853.0,3881.0,1446.0,10.485336101738906,27.93914246196404,8.296830713733574,22.26832641770401,42.73137814689852
3549706,São José do Rio Pardo - SP,2715.0,1129093.0,2393,1658431.0,52205.0,53437.0,18754.0,5.20065127861316,14.476911592193666,4.47817055598181,12.759944545163698,21.62806244612585
3549805,São José do Rio Preto - SP,18581.0,7580910.0,16211,11088598.0,480393.0,506466.0,185633.0,3.867874844138029,10.0095349426018,3.200807161783812,8.732822289140401,15.780642099281213
3549904,São José dos Campos - SP,44274.0,18177556.0,34088,22922372.0,697054.0,729153.0,247894.0,6.3515882557162,17.86005308720663,4.675013337392838,13.751038750433652,26.0776869510827
3549953,São Lourenço da Serra - SP,2160.0,880694.0,1361,916610.0,16067.0,16541.0,5841.0,13.443704487458767,36.97996918335902,8.228039417205732,23.30080465673686,54.81384203647227
3550001,São Luiz do Paraitinga - SP,825.0,335111.0,618,410067.0,10337.0,10485.0,4165.0,7.981038986166199,19.807923169267706,5.894134477825465,14.837935174069628,32.4185934023411
3550100,São Manuel - SP,1418.0,570785.0,1835,1252283.0,37289.0,38099.0,13529.0,3.802730027622087,10.481188557912633,4.81639938056117,13.563456279104146,15.307061063584435
3550209,São Miguel Arcanjo - SP,1789.0,722917.0,1286,834084.0,32039.0,32943.0,11243.0,5.583819719716596,15.912123098817041,3.903712473059527,11.438228230899226,22.563656793283187
3550308,São Paulo - SP,676197.0,274047829.0,631556,420470772.0,11451999.0,11911337.0,4307665.0,5.904619796072284,15.6975298682697,5.302141984564789,14.66121437019824,23.93013036413992
3550407,São Pedro - SP,2114.0,859565.0,1748,1202629.0,38256.0,40054.0,13923.0,5.525930572982016,15.18350930115636,4.364108453587657,12.554765495941966,22.468763069845252
3550506,São Pedro do Turvo - SP,551.0,222303.0,319,191295.0,7217.0,7334.0,2609.0,7.634751281695996,21.11920275967804,4.349604581401691,12.226906860866233,30.802688097547456
3550605,São Roque - SP,3298.0,1350259.0,3136,2091282.0,79484.0,81387.0,28469.0,4.149262744703337,11.584530541993045,3.8531952277390737,11.015490533562822,16.987808867193397
3550704,São Sebastião - SP,6134.0,2502429.0,5363,3626758.0,81595.0,84514.0,28979.0,7.51761750107237,21.167052003174714,6.345694204510496,18.506504710307464,30.66890128071573
3550803,São Sebastião da Grama - SP,245.0,99295.0,218,140148.0,10441.0,10378.0,3862.0,2.346518532707595,6.343863283272915,2.1005974176141837,5.644743656136717,9.51010439613064
3550902,São Simão - SP,751.0,305411.0,641,438810.0,13442.0,13533.0,4878.0,5.5869662252640975,15.395653956539565,4.7365698662528635,13.140631406314062,22.720651688736794
3551009,São Vicente - SP,16734.0,6836214.0,20586,14501574.0,329911.0,338253.0,119683.0,5.072277068663973,13.981935613244989,6.085977064504971,17.20043782324975,20.7213884956852
3551108,Sarapuí - SP,184.0,74873.0,278,184485.0,10369.0,10718.0,3710.0,1.7745202044555888,4.959568733153639,2.593767493935436,7.493261455525606,7.220850612402353
3551207,Sarutaiá - SP,320.0,130755.0,271,175822.0,3704.0,3775.0,1362.0,8.639308855291576,23.494860499265787,7.178807947019868,19.897209985315712,35.301025917926566
3551306,Sebastianópolis do Sul - SP,324.0,132174.0,239,163006.0,3130.0,3194.0,1249.0,10.351437699680512,25.940752602081666,7.482780212899186,19.135308246597276,42.22811501597444
3551405,Serra Azul - SP,1743.0,708103.0,1020,679232.0,12746.0,13153.0,3092.0,13.674878393221404,56.371280724450195,7.75488481715198,32.988357050452784,55.554919190334225
3551504,Serrana - SP,2903.0,1185441.0,2539,1754360.0,43909.0,45734.0,14890.0,6.611400851761598,19.49630624580255,5.551668343027069,17.051712558764272,26.997677013824045
3551603,Serra Negra - SP,824.0,331250.0,825,561399.0,29894.0,31155.0,11182.0,2.7564059677527264,7.368985870148453,2.6480500722195472,7.377928814165624,11.08081889342343
3551702,Sertãozinho - SP,6684.0,2708230.0,5671,3920257.0,126887.0,132692.0,45875.0,5.267679116063899,14.570027247956403,4.273807011726404,12.361852861035421,21.343636463940356
3551801,Sete Barras - SP,1575.0,639592.0,1610,1102570.0,12730.0,12895.0,4483.0,12.37234878240377,35.13272362257417,12.485459480418767,35.91345081418693,50.24289080911233
3551900,Severínia - SP,903.0,361915.0,855,609844.0,14576.0,14666.0,5058.0,6.195115257958288,17.852906287069988,5.82981044592936,16.90391459074733,24.82951427003293
3552007,Silveiras - SP,484.0,195606.0,491,351616.0,6186.0,6341.0,2230.0,7.824118978338183,21.704035874439462,7.7432581611733164,22.017937219730943,31.620756547041708
3552106,Socorro - SP,1427.0,577135.0,1311,894918.0,40122.0,41633.0,15115.0,3.5566522107571905,9.440952695997353,3.148944347032402,8.673503142573603,14.384502268082349
3552205,Sorocaba - SP,29145.0,11851297.0,30427,20948978.0,723682.0,766390.0,261545.0,4.027321392545344,11.143397885641095,3.9701718446221896,11.633562102123918,16.37638769514787
3552304,Sud Mennucci - SP,328.0,134594.0,356,238731.0,7355.0,7461.0,2810.0,4.459551325628824,11.672597864768683,4.771478354108028,12.669039145907472,18.29966009517335
3552403,Sumaré - SP,11837.0,4848897.0,13083,8777649.0,279545.0,292307.0,98547.0,4.234380868911982,12.011527494495013,4.475773758411533,13.275898809705014,17.345676009229283
3552502,Suzano - SP,21176.0,8533985.0,25006,16991316.0,307429.0,321600.0,105752.0,6.888094486857128,20.024207579998485,7.775497512437811,23.645888493834633,27.75920619069769
3552551,Suzanápolis - SP,127.0,51471.0,190,125776.0,3408.0,3466.0,1279.0,3.726525821596244,9.929632525410478,5.481823427582228,14.855355746677091,15.102992957746478
3552601,Tabapuã - SP,839.0,342568.0,570,385324.0,11323.0,11497.0,4336.0,7.409697076746445,19.349630996309962,4.9578150821953555,13.145756457564575,30.254172922370397
3552700,Tabatinga - SP,607.0,246031.0,548,389774.0,14769.0,15000.0,5519.0,4.1099600514591375,10.998369269795253,3.6533333333333333,9.929335024460952,16.65860924910285
3552809,Taboão da Serra - SP,16315.0,6650768.0,12265,8160458.0,273542.0,286201.0,99423.0,5.964349167586696,16.409683875964316,4.285449736374087,12.336179757199039,24.313516754282706
3552908,Taciba - SP,472.0,190061.0,446,293717.0,6260.0,6434.0,2323.0,7.539936102236422,20.318553594489885,6.931924152937519,19.199311235471374,30.3611821086262
3553005,Taguaí - SP,687.0,280624.0,644,407855.0,12669.0,13124.0,4353.0,5.422685294814113,15.782219159200551,4.907040536421823,14.794394670342292,22.150445970479122
3553104,Taiaçu - SP,458.0,187586.0,354,252403.0,5677.0,5737.0,2086.0,8.067641359873173,21.95589645254075,6.170472372320028,16.970278044103548,33.043156596794084
3553203,Taiúva - SP,230.0,92638.0,185,118212.0,6548.0,6804.0,2093.0,3.512522907758094,10.989010989010989,2.718988830099941,8.838987099856665,14.14752596212584
3553302,Tambaú - SP,1853.0,767212.0,1417,1000634.0,21435.0,21620.0,7621.0,8.644739911359926,24.314394436425665,6.554116558741906,18.59336045138433,35.79248891999067
3553401,Tanabi - SP,1991.0,803971.0,1349,911404.0,25265.0,26116.0,9549.0,7.880467049277657,20.85035082207561,5.165415837034768,14.127133731280763,31.821531763308926
3553500,Tapiraí - SP,725.0,295848.0,726,490059.0,7996.0,8121.0,2812.0,9.067033516758379,25.7823613086771,8.939785740672331,25.817923186344238,36.999499749874936
3553609,Tapiratiba - SP,750.0,305439.0,558,385614.0,11816.0,11875.0,4205.0,6.347325660121869,17.8359096313912,4.698947368421052,13.269916765755054,25.849610697359513
3553658,Taquaral - SP,94.0,37959.0,76,46852.0,2619.0,2645.0,949.0,3.589156166475754,9.905163329820864,2.873345935727788,8.008429926238145,14.493699885452463
3553708,Taquaritinga - SP,2838.0,1143601.0,2804,1909928.0,52260.0,53212.0,19812.0,5.430539609644088,14.324651726226529,5.269488085394272,14.153038562487382,21.88291236127057
3553807,Taquarituba - SP,1330.0,540157.0,1103,711526.0,24350.0,24995.0,8369.0,5.462012320328542,15.891982315688852,4.412882576515303,13.179591349026168,22.183039014373716
3553856,Taquarivaí - SP,874.0,356351.0,752,508792.0,6876.0,7223.0,2332.0,12.7108784176847,37.478559176672384,10.411186487609026,32.24699828473413,51.825334496800465
3553906,Tarabai - SP,393.0,159042.0,350,229904.0,6536.0,6631.0,2321.0,6.012851897184823,16.932356742783284,5.278238576383653,15.079707022834985,24.33323133414933
3553955,Tarumã - SP,766.0,312375.0,631,418783.0,14882.0,15375.0,5231.0,5.147157640102137,14.64347161154655,4.104065040650407,12.062703116038998,20.990122295390403
3554003,Tatuí - SP,4685.0,1904276.0,5828,3916369.0,123942.0,129640.0,44201.0,3.779993868099595,10.599307707970407,4.495526072199938,13.185222053799688,15.364251020638687
3554102,Taubaté - SP,9155.0,3732769.0,10499,7284671.0,310739.0,323380.0,112842.0,2.946202439989831,8.113113911486858,3.246644814150535,9.304159798656528,12.012553943985145
3554201,Tejupá - SP,305.0,123668.0,262,179021.0,4127.0,4098.0,1434.0,7.3903561909377276,21.26917712691771,6.3933626159102,18.270571827057182,29.965592440029077
3554300,Teodoro Sampaio - SP,1807.0,732064.0,1732,1192293.0,22173.0,22622.0,8104.0,8.149551256032112,22.297630799605134,7.656263813986385,21.372161895360318,33.01601046317594
3554409,Terra Roxa - SP,213.0,86003.0,218,147987.0,7904.0,7947.0,2927.0,2.6948380566801617,7.277075503928938,2.7431735246004783,7.447898872565767,10.880946356275304
3554508,Tietê - SP,1487.0,603837.0,1246,825112.0,37663.0,38749.0,13834.0,3.9481719459416404,10.748879572068816,3.2155668533381507,9.006794853260084,16.032631495101292
3554607,Timburi - SP,201.0,81552.0,231,154571.0,2464.0,2478.0,975.0,8.157467532467532,20.615384615384617,9.322033898305085,23.692307692307693,33.0974025974026
3554656,Torre de Pedra - SP,256.0,103742.0,184,126943.0,2046.0,2049.0,814.0,12.512218963831867,31.44963144963145,8.979990239141044,22.604422604422606,50.70478983382209
3554706,Torrinha - SP,406.0,163844.0,333,219645.0,9335.0,9484.0,3418.0,4.349223352972683,11.878291398478643,3.5111767186840996,9.742539496781744,17.55158007498661
3554755,Trabiju - SP,197.0,80326.0,139,94300.0,1682.0,1728.0,598.0,11.712247324613555,32.94314381270903,8.043981481481481,23.244147157190636,47.756242568370986
3554805,Tremembé - SP,2718.0,1121633.0,2183,1509648.0,51173.0,53734.0,15160.0,5.311394680788697,17.928759894459102,4.06260468232404,14.399736147757256,21.918453090496943
3554904,Três Fronteiras - SP,275.0,114916.0,247,180379.0,6804.0,7102.0,2587.0,4.041740152851264,10.630073444143797,3.4778935511123628,9.547738693467336,16.88947677836567
3554953,Tuiuti - SP,386.0,158104.0,350,241300.0,6778.0,7002.0,2527.0,5.694895249336088,15.275029679461813,4.998571836618109,13.850415512465373,23.326054883446446
3555000,Tupã - SP,2764.0,1122183.0,2721,1821318.0,63928.0,65447.0,24073.0,4.323614065824052,11.48174303161218,4.157562607911745,11.303119677647157,17.553857464647727
3555109,Tupi Paulista - SP,544.0,220451.0,554,367461.0,15854.0,16307.0,5573.0,3.4313107102308567,9.76134936300018,3.3973140369166615,9.940785932172977,13.905071275387915
3555208,Turiúba - SP,72.0,28852.0,89,62478.0,1818.0,1832.0,756.0,3.9603960396039604,9.523809523809524,4.858078602620087,11.772486772486772,15.87018701870187
3555307,Turmalina - SP,79.0,32659.0,72,49796.0,1669.0,1652.0,713.0,4.733373277411624,11.079943899018232,4.358353510895884,10.098176718092567,19.568004793289393
3555356,Ubarana - SP,284.0,115310.0,227,144433.0,5365.0,5461.0,1922.0,5.293569431500466,14.77627471383975,4.156747848379418,11.810613943808534,21.493010251630942
3555406,Ubatuba - SP,8838.0,3590903.0,7396,5017016.0,92981.0,97541.0,34010.0,9.505167722437918,25.98647456630403,7.5824525071508395,21.74654513378418,38.619750271560854
3555505,Ubirajara - SP,350.0,142110.0,440,306452.0,5132.0,5310.0,1832.0,6.819953234606391,19.104803493449783,8.286252354048964,24.017467248908297,27.69095869056898
3555604,Uchoa - SP,147.0,59095.0,193,110384.0,10394.0,10698.0,3982.0,1.4142774677698673,3.6916122551481667,1.8040755281361003,4.84681064791562,5.685491629786415
3555703,União Paulista - SP,64.0,25906.0,97,68203.0,1603.0,1629.0,585.0,3.9925140361821585,10.94017094017094,5.954573357888275,16.581196581196583,16.160948222083594
3555802,Urânia - SP,348.0,140227.0,164,102818.0,8833.0,8973.0,3434.0,3.9397713121249858,10.13395457192778,1.827705338236933,4.77577169481654,15.875353786935356
3555901,Uru - SP,74.0,30397.0,55,38060.0,1387.0,1428.0,539.0,5.335255948089402,13.729128014842301,3.8515406162464987,10.204081632653061,21.915645277577504
3556008,Urupês - SP,393.0,159736.0,365,246975.0,13744.0,14104.0,5205.0,2.859429569266589,7.550432276657061,2.5879183210436754,7.012487992315082,11.622235157159487
3556107,Valentim Gentil - SP,857.0,347161.0,560,355774.0,14098.0,14727.0,5173.0,6.078876436373954,16.566789097235645,3.8025395532016026,10.825439783491204,24.624840402894026
3556206,Valinhos - SP,2417.0,991871.0,2772,1843766.0,126373.0,132862.0,46360.0,1.912592088499917,5.213546160483175,2.0863753368156432,5.979292493528904,7.8487572503620235
3556305,Valparaíso - SP,1414.0,580888.0,1514,1054910.0,24241.0,24830.0,7766.0,5.833092694195784,18.207571465361834,6.097462746677406,19.495235642544426,23.963037828472423
3556354,Vargem - SP,339.0,137758.0,383,262954.0,10512.0,10915.0,3660.0,3.2248858447488584,9.262295081967213,3.5089326614750345,10.46448087431694,13.104832572298326
3556404,Vargem Grande do Sul - SP,1108.0,448564.0,1365,991039.0,40133.0,41283.0,14593.0,2.760820272593626,7.592681422599877,3.306445752488918,9.353799767011582,11.176936685520644
3556453,Vargem Grande Paulista - SP,1774.0,729903.0,1233,839492.0,50415.0,52574.0,17654.0,3.5187940097193295,10.048714172425512,2.345265720698444,6.98425286054152,14.477893484082118
3556503,Várzea Paulista - SP,3859.0,1558434.0,4785,3236654.0,115771.0,119923.0,40492.0,3.3333045408608375,9.53027758569594,3.99006028868524,11.817149066482267,13.461350424545007
3556602,Vera Cruz - SP,395.0,159838.0,369,257903.0,10176.0,10256.0,3571.0,3.881682389937107,11.061327359283114,3.59789391575663,10.333239988798656,15.707350628930818
3556701,Vinhedo - SP,1975.0,803549.0,2007,1292937.0,76540.0,79477.0,27415.0,2.5803501437157044,7.20408535473281,2.5252588799275264,7.320809775670254,10.498419127253724
3556800,Viradouro - SP,498.0,201056.0,416,291919.0,17414.0,17689.0,6230.0,2.859768002756403,7.993579454253611,2.3517440217084062,6.677367576243981,11.545652922935568
3556909,Vista Alegre do Alto - SP,165.0,66219.0,245,183119.0,8109.0,8405.0,2866.0,2.0347761746207915,5.75715282623866,2.9149315883402735,8.548499651081647,8.166111727709952
3556958,Vitória Brasil - SP,54.0,21835.0,48,31061.0,1794.0,1830.0,693.0,3.0100334448160537,7.792207792207792,2.622950819672131,6.926406926406926,12.171125975473801
3557006,Votorantim - SP,4933.0,2020091.0,5506,3712424.0,127923.0,134103.0,44335.0,3.856226010959718,11.126649374083682,4.105799273692609,12.419081989398896,15.791460487949783
3557105,Votuporanga - SP,4600.0,1861261.0,3571,2424079.0,96634.0,100935.0,37348.0,4.760229318873274,12.316589911106352,3.5379204438500023,9.561422298382778,19.260933004946498
3557154,Zacarias - SP,83.0,34000.0,128,91388.0,2692.0,2784.0,1056.0,3.083209509658247,7.859848484848484,4.597701149425287,12.121212121212121,12.63001485884101
3557204,Chavantes - SP,878.0,358965.0,670,461350.0,12211.0,12418.0,4343.0,7.190238309720743,20.21644024867603,5.3953937832179095,15.427124107759614,29.39685529440668
3557303,Estiva Gerbi - SP,526.0,215194.0,481,339129.0,11295.0,11647.0,3812.0,4.65692784417884,13.798530954879329,4.129818837468876,12.618048268625394,19.052146967684816
4100103,Abatiá - PR,427.0,172958.0,410,268036.0,7241.0,7201.0,2714.0,5.89697555586245,15.733235077376566,5.693653659213998,15.106853352984524,23.88592735809971
4100202,Adrianópolis - PR,439.0,176763.0,492,327647.0,6256.0,6312.0,2319.0,7.017263427109975,18.93057352307029,7.79467680608365,21.216041397153944,28.25495524296675
4100301,Agudos do Sul - PR,904.0,370419.0,956,660680.0,10233.0,10891.0,3633.0,8.834163979282712,24.88301679053124,8.77789000091819,26.314340765207817,36.198475520375254
4100400,Almirante Tamandaré - PR,5606.0,2275071.0,6499,4533805.0,119825.0,127031.0,40796.0,4.678489463801377,13.741543288557702,5.116074029173981,15.9304833807236,18.986613811808887
4100459,Altamira do Paraná - PR,271.0,108692.0,259,168071.0,3590.0,3452.0,1330.0,7.548746518105849,20.37593984962406,7.502896871378911,19.473684210526315,30.27632311977716
4100509,Altônia - PR,761.0,306020.0,618,415145.0,18742.0,18525.0,7197.0,4.060399103617543,10.573850215367514,3.3360323886639676,8.586911213005418,16.32803329420553
4100608,Alto Paraná - PR,875.0,353455.0,958,654725.0,13909.0,14198.0,5065.0,6.290890790135883,17.275419545903258,6.747429215382448,18.91411648568608,25.411963476885468
4100707,Alto Piquiri - PR,755.0,306422.0,645,448650.0,9727.0,9744.0,3683.0,7.761899866351393,20.499592723323378,6.619458128078818,17.51289709475971,31.502210342346046
4100806,Alvorada do Sul - PR,471.0,191479.0,711,485915.0,10326.0,10483.0,3888.0,4.561301568855317,12.114197530864198,6.782409615568063,18.287037037037038,18.543385628510556
4100905,Amaporã - PR,540.0,217277.0,437,303820.0,4762.0,4646.0,1735.0,11.33977320453591,31.123919308357348,9.405940594059405,25.187319884726225,45.627257454850906
4101002,Ampére - PR,440.0,176715.0,155,98447.0,19620.0,20479.0,7293.0,2.2426095820591234,6.033182503770739,0.7568728941842864,2.1253256547374195,9.006880733944953
4101051,Anahy - PR,171.0,69535.0,177,119862.0,2918.0,2973.0,1116.0,5.860178204249486,15.32258064516129,5.953582240161453,15.86021505376344,23.829677861549005
4101101,Andirá - PR,1407.0,575423.0,1590,1073626.0,19878.0,19944.0,7475.0,7.078176878961666,18.82274247491639,7.9723225030084235,21.270903010033443,28.947731160076465
4101150,Ângulo - PR,217.0,87784.0,154,103560.0,3235.0,3380.0,1221.0,6.707882534775889,17.772317772317773,4.556213017751479,12.612612612612613,27.135703245749614
4101200,Antonina - PR,2158.0,915562.0,2186,1460851.0,18091.0,18091.0,6523.0,11.928583273450887,33.0829372987889,12.083356365043391,33.512187643722214,50.60870045879167
4101309,Antônio Olinto - PR,843.0,337255.0,910,602213.0,7018.0,7027.0,2771.0,12.01196922200057,30.42223024178997,12.950049807883877,32.840129916997476,48.05571387859789
4101408,Apucarana - PR,5434.0,2194826.0,5753,3867605.0,130134.0,135481.0,48133.0,4.175695821230424,11.289551866702679,4.246351886980462,11.952298838634617,16.8658920804709
4101507,Arapongas - PR,3966.0,1602551.0,4211,2806079.0,119138.0,125767.0,43965.0,3.3289126894861423,9.020812009553053,3.3482551066655004,9.57807346753099,13.451216236633147
4101606,Arapoti - PR,1456.0,588597.0,1148,792219.0,25777.0,26321.0,9190.0,5.648446289327695,15.843307943416757,4.361536415789674,12.491838955386289,22.834193273072895
4101655,Arapuã - PR,363.0,147402.0,259,166177.0,3527.0,3571.0,1337.0,10.292032889140913,27.150336574420344,7.252870344441333,19.3717277486911,41.79245817975617
4101705,Araruna - PR,644.0,258635.0,659,469985.0,14485.0,14958.0,5462.0,4.445978598550225,11.790552911021603,4.405669207113251,12.065177590626144,17.855367621677598
4101804,Araucária - PR,7964.0,3247854.0,7326,4858311.0,151666.0,164291.0,53283.0,5.251012092360845,14.946605859279694,4.459160879171714,13.749225831878835,21.41451610776311
4101853,Ariranha do Ivaí - PR,180.0,73123.0,137,88994.0,2329.0,2346.0,894.0,7.728638900815801,20.13422818791946,5.839727195225916,15.324384787472036,31.396736796908545
4101903,Assaí - PR,763.0,306411.0,642,432753.0,13797.0,13320.0,5145.0,5.530187721968544,14.829931972789115,4.81981981981982,12.478134110787172,22.208523592085236
4102000,Assis Chateaubriand - PR,1157.0,466882.0,1402,937933.0,36808.0,38591.0,13907.0,3.1433384046946315,8.319551305098152,3.6329714182063175,10.081254044725677,12.684253423168876
4102109,Astorga - PR,988.0,398880.0,857,559245.0,25475.0,26262.0,9560.0,3.878312070657507,10.334728033472803,3.2632701241337294,8.964435146443515,15.657703631010795
4102208,Atalaia - PR,159.0,64523.0,187,131359.0,3980.0,4050.0,1469.0,3.9949748743718594,10.823689584751532,4.617283950617284,12.729748127978217,16.21180904522613
4102307,Balsa Nova - PR,862.0,349126.0,803,554061.0,13395.0,13994.0,4792.0,6.435237028742068,17.98831385642738,5.738173502929827,16.757095158597664,26.063904441955955
4102406,Bandeirantes - PR,1339.0,538168.0,1248,856813.0,31273.0,31690.0,11315.0,4.2816487065519775,11.833848873177198,3.938150836225939,11.02960671674768,17.208710389153584
4102505,Barbosa Ferraz - PR,931.0,376015.0,745,500348.0,10795.0,10465.0,4306.0,8.624363131079203,21.62099396191361,7.118967988533206,17.30143985137018,34.83232978230662
4102604,Barracão - PR,695.0,281609.0,579,397422.0,9759.0,9904.0,3602.0,7.121631314683881,19.294836202109938,5.846122778675283,16.074403109383677,28.85633773952249
4102703,Barra do Jacaré - PR,183.0,74173.0,184,120971.0,2814.0,2877.0,1045.0,6.50319829424307,17.51196172248804,6.3955509210983665,17.607655502392344,26.35856432125089
4102752,Bela Vista da Caroba - PR,249.0,101306.0,210,142254.0,4031.0,4128.0,1461.0,6.177127263706276,17.04312114989733,5.087209302325581,14.373716632443532,25.13172909947904
4102802,Bela Vista do Paraíso - PR,952.0,389179.0,806,531079.0,14833.0,14967.0,5533.0,6.4181217555450685,17.205855774444245,5.385180730941404,14.567142598951744,26.237376120811703
4102901,Bituruna - PR,1189.0,477877.0,1395,940309.0,15533.0,15615.0,5183.0,7.654670701088007,22.940382018136216,8.93371757925072,26.91491414238858,30.765273932917015
4103008,Boa Esperança - PR,338.0,136759.0,297,194560.0,4558.0,4595.0,1731.0,7.41553312856516,19.526285384171,6.4635473340587595,17.157712305025996,30.004168494953927
4103024,Boa Esperança do Iguaçu - PR,105.0,42921.0,57,38258.0,2455.0,2402.0,881.0,4.276985743380855,11.91827468785471,2.373022481265612,6.469920544835414,17.483095723014255
4103040,Boa Ventura de São Roque - PR,1002.0,403278.0,685,464243.0,6378.0,6235.0,2239.0,15.710253998118532,44.752121482804824,10.986367281475541,30.594015185350603,63.22953904045155
4103057,Boa Vista da Aparecida - PR,873.0,354274.0,878,603931.0,7924.0,8022.0,2898.0,11.01716304896517,30.124223602484474,10.944901520817751,30.296756383712907,44.70898536092882
4103107,Bocaiúva do Sul - PR,1746.0,713949.0,1549,1083722.0,13299.0,13541.0,4650.0,13.128806677193774,37.54838709677419,11.439332397902666,33.31182795698925,53.68441236183172
4103156,Bom Jesus do Sul - PR,234.0,93895.0,193,127783.0,3980.0,4083.0,1540.0,5.8793969849246235,15.194805194805195,4.726916482978202,12.532467532467532,23.59170854271357
4103206,Bom Sucesso - PR,236.0,95462.0,194,130767.0,6581.0,6675.0,2440.0,3.586081142683483,9.672131147540984,2.906367041198502,7.950819672131147,14.505698222154688
4103222,Bom Sucesso do Sul - PR,168.0,68250.0,104,71308.0,3202.0,3239.0,1181.0,5.246720799500312,14.22523285351397,3.2108675517134917,8.806096528365792,21.31480324797002
4103305,Borrazópolis - PR,517.0,208956.0,432,282053.0,7735.0,7809.0,3054.0,6.683904330963155,16.92861820563196,5.5320783711102575,14.145383104125736,27.014350355526826
4103354,Braganey - PR,344.0,138675.0,236,154204.0,4854.0,4691.0,1862.0,7.086938607334157,18.474758324382385,5.030910253677255,12.67454350161117,28.569221260815823
4103370,Brasilândia do Sul - PR,243.0,98252.0,204,128973.0,3708.0,3891.0,1424.0,6.553398058252427,17.064606741573034,5.242868157286045,14.325842696629213,26.49730312837109
4103404,Cafeara - PR,155.0,62960.0,104,61559.0,2627.0,2644.0,1008.0,5.900266463646745,15.376984126984127,3.933434190620272,10.317460317460318,23.966501712980588
4103453,Cafelândia - PR,749.0,303220.0,914,593968.0,18997.0,20411.0,6776.0,3.9427277991261778,11.053719008264462,4.477977561119005,13.488783943329398,15.961467600147392
4103479,Cafezal do Sul - PR,250.0,101506.0,165,103710.0,4473.0,4591.0,1730.0,5.58909009613235,14.45086705202312,3.593988237856676,9.53757225433526,22.693047171920412
4103503,Califórnia - PR,782.0,318384.0,604,400397.0,8710.0,9002.0,3185.0,8.978185993111365,24.55259026687598,6.7096200844256835,18.963893249607537,36.55384615384615
4103602,Cambará - PR,1502.0,613280.0,1359,911742.0,23212.0,23352.0,8363.0,6.470790970187834,17.960062178644026,5.819630010277493,16.250149467894296,26.420816818886784
4103701,Cambé - PR,4633.0,1881047.0,5029,3385559.0,107208.0,111553.0,39157.0,4.321505857771808,11.831856373062287,4.50817100391742,12.843169803611104,17.545770837997164
4103800,Cambira - PR,577.0,233982.0,407,262960.0,9460.0,10182.0,3530.0,6.099365750528541,16.345609065155806,3.997250049106266,11.529745042492918,24.7338266384778
4103909,Campina da Lagoa - PR,1154.0,465369.0,1014,712311.0,15723.0,16035.0,6022.0,7.339566240539337,19.163068747924278,6.323666978484565,16.838259714380605,29.597977485212745
4103958,Campina do Simão - PR,400.0,162431.0,351,243746.0,3936.0,3945.0,1379.0,10.16260162601626,29.0065264684554,8.897338403041825,25.453226976069615,41.26803861788618
4104006,Campina Grande do Sul - PR,3833.0,1568510.0,3331,2299462.0,47825.0,51154.0,16927.0,8.014636696288552,22.64429609499616,6.511709739218829,19.678619956282862,32.796863565081026
4104055,Campo Bonito - PR,412.0,165847.0,236,168652.0,4027.0,3974.0,1463.0,10.230941147256022,28.161312371838687,5.938600905888274,16.131237183868762,41.183759622547804
4104105,Campo do Tenente - PR,1095.0,448733.0,1045,740170.0,7508.0,7717.0,2460.0,14.584443260522109,44.51219512195122,13.541531683296618,42.479674796747965,59.767314864144915
4104204,Campo Largo - PR,5330.0,2162416.0,5825,3944410.0,136327.0,146002.0,49352.0,3.9097170773214405,10.799967579834657,3.9896713743647347,11.80296644512887,15.86197891833606
4104253,Campo Magro - PR,1420.0,578389.0,1560,1106514.0,30160.0,32227.0,10871.0,4.708222811671088,13.062275779597092,4.840661557079468,14.350105786036243,19.177354111405837
4104303,Campo Mourão - PR,4778.0,1937669.0,4828,3262312.0,99432.0,104881.0,37342.0,4.805294070319414,12.795243961223287,4.603312325397355,12.92914144930641,19.48737830879395
4104402,Cândido de Abreu - PR,1484.0,600165.0,1654,1122504.0,15244.0,14995.0,5588.0,9.734977696142744,26.556907659269864,11.03034344781594,29.59914101646385,39.37057202833902
4104428,Candói - PR,1148.0,461187.0,824,540254.0,14973.0,15173.0,5317.0,7.6671341748480595,21.5911228136167,5.430699268437356,15.49746097423359,30.801242236024844
4104451,Cantagalo - PR,639.0,256558.0,411,271311.0,10933.0,10548.0,3894.0,5.84469038690204,16.409861325115564,3.8964732650739475,10.554699537750386,23.46638617031007
4104501,Capanema - PR,570.0,229474.0,571,415591.0,20481.0,21208.0,7854.0,2.7830672330452613,7.257448433919022,2.69238023387401,7.2701807995925645,11.204238074312778
4104600,Capitão Leônidas Marques - PR,1110.0,448649.0,1221,847674.0,14648.0,14754.0,5488.0,7.577826324412889,20.22594752186589,8.275721838145587,22.24854227405248,30.62868651010377
4104659,Carambeí - PR,1182.0,480377.0,1095,779802.0,23283.0,24721.0,7903.0,5.076665378172916,14.956345691509553,4.429432466324178,13.855497912185246,20.632092084353392
4104709,Carlópolis - PR,738.0,296702.0,874,636180.0,16905.0,17985.0,6181.0,4.365572315882875,11.939815563824624,4.859605226577703,14.140106778838376,17.551138716356107
4104808,Cascavel - PR,9805.0,3976693.0,11007,7404417.0,348051.0,372026.0,129853.0,2.8171158824425158,7.550845956581673,2.9586641793853117,8.476508051411981,11.425604293623635
4104907,Castro - PR,5454.0,2223399.0,5254,3551613.0,73075.0,76015.0,25030.0,7.463564830653438,21.789852177387136,6.911793724922712,20.99081102676788,30.42626069107082
4105003,Catanduvas - PR,521.0,210003.0,328,222081.0,10446.0,10636.0,3371.0,4.987555044993299,15.455354494215367,3.0838661150808573,9.730050430139425,20.103676048248133
4105102,Centenário do Sul - PR,558.0,226819.0,584,390353.0,10832.0,10881.0,4243.0,5.151403249630723,13.15107235446618,5.367153754250529,13.763846335140231,20.93971565731167
4105201,Cerro Azul - PR,1901.0,767673.0,2077,1414356.0,16134.0,15681.0,5839.0,11.782570968141812,32.55694468230861,13.245328741789427,35.57115944511047,47.58107103012272
4105300,Céu Azul - PR,222.0,90218.0,143,96100.0,11087.0,11258.0,4177.0,2.0023450888427887,5.314819248264304,1.2702078521939955,3.423509695954034,8.137277893027871
4105409,Chopinzinho - PR,1186.0,483381.0,1166,801331.0,21085.0,21690.0,7728.0,5.624851790372302,15.346790890269151,5.3757491931765795,15.087991718426501,22.925349774721365
4105508,Cianorte - PR,2327.0,940772.0,2205,1423638.0,79527.0,83579.0,29525.0,2.926050272234587,7.881456392887384,2.6382225200110074,7.468247248094835,11.829592465451984
4105607,Cidade Gaúcha - PR,543.0,218373.0,334,220942.0,11467.0,11730.0,4244.0,4.735327461411005,12.794533459000942,2.847399829497016,7.869934024505183,19.043603383622568
4105706,Clevelândia - PR,875.0,352349.0,642,428162.0,15070.0,14699.0,5309.0,5.806237558062375,16.481446600113017,4.367644057418872,12.092672819740065,23.380822826808227
4105805,Colombo - PR,13986.0,5696739.0,11858,8129303.0,232212.0,242698.0,81736.0,6.022944550669216,17.11118723695801,4.885907588855285,14.507683272976411,24.53249186088574
4105904,Colorado - PR,600.0,242974.0,357,224986.0,22896.0,23347.0,8810.0,2.620545073375262,6.810442678774121,1.5291043817192786,4.052213393870602,10.612071977638015
4106001,Congonhinhas - PR,768.0,308982.0,843,572048.0,8320.0,8447.0,3152.0,9.23076923076923,24.365482233502537,9.979874511660945,26.74492385786802,37.137259615384615
4106100,Conselheiro Mairinck - PR,304.0,125561.0,208,141096.0,3461.0,3464.0,1341.0,8.783588558220167,22.669649515287098,6.0046189376443415,15.510812826249067,36.27882114995666
4106209,Contenda - PR,1069.0,430305.0,1279,879709.0,19128.0,20205.0,6796.0,5.588665830196571,15.729841082989994,6.330116307844593,18.819894055326664,22.49607904642409
4106308,Corbélia - PR,743.0,298863.0,337,203425.0,17470.0,18004.0,6417.0,4.253005151688609,11.578619292504285,1.8718062652743834,5.251675237649992,17.10721236405266
4106407,Cornélio Procópio - PR,1232.0,495868.0,1423,968251.0,45206.0,45614.0,16959.0,2.725301951068442,7.264579279438646,3.11965624588942,8.390824930715254,10.96907490156174
4106456,Coronel Domingos Soares - PR,862.0,350502.0,680,470404.0,5649.0,5342.0,2006.0,15.259337935917861,42.97108673978066,12.729314863347062,33.898305084745765,62.04673393520977
4106506,Coronel Vivida - PR,997.0,404765.0,871,584005.0,23331.0,24107.0,8594.0,4.273284471304273,11.601117058412846,3.6130584477537644,10.134977891552246,17.34880630920235
4106555,Corumbataí do Sul - PR,305.0,123073.0,229,146157.0,3760.0,3755.0,1468.0,8.111702127659575,20.77656675749319,6.098535286284953,15.599455040871934,32.73218085106383
4106571,Cruzeiro do Iguaçu - PR,181.0,74254.0,212,140270.0,4133.0,4120.0,1547.0,4.379385434309219,11.700064641241111,5.145631067961165,13.70394311570782,17.966126300508105
4106605,Cruzeiro do Oeste - PR,1175.0,474737.0,726,480442.0,23831.0,25071.0,8710.0,4.930552641517352,13.4902411021814,2.8957759961708747,8.335246842709529,19.9209852712853
4106704,Cruzeiro do Sul - PR,310.0,125027.0,209,139594.0,4494.0,4539.0,1729.0,6.898086337338674,17.92943898207056,4.60453844459132,12.087912087912088,27.8208722741433
4106803,Cruz Machado - PR,638.0,255797.0,1132,761284.0,15978.0,15632.0,5682.0,3.9929903617474025,11.228440689897923,7.241555783009212,19.922562478000703,16.009325322318187
4106852,Cruzmaltina - PR,242.0,97549.0,208,136540.0,2892.0,2854.0,1076.0,8.367911479944675,22.490706319702603,7.28801681850035,19.33085501858736,33.73063623789765
4106902,Curitiba - PR,53649.0,21718998.0,55687,36081187.0,1773718.0,1832183.0,685874.0,3.0246634470643023,7.821990628016224,3.0393797999435646,8.119129752695102,12.2448991327821
4107009,Curiúva - PR,1133.0,456458.0,1273,872101.0,13647.0,13767.0,5044.0,8.302190957719645,22.462331482950038,9.246749473378369,25.237906423473433,33.44749761852422
4107108,Diamante do Norte - PR,324.0,132097.0,291,192678.0,5142.0,5116.0,1887.0,6.301050175029172,17.170111287758345,5.688037529319781,15.421303656597773,25.689809412679892
4107124,Diamante do Sul - PR,351.0,142167.0,377,255526.0,3171.0,3126.0,1183.0,11.069063386944181,29.67032967032967,12.060140754958413,31.86813186813187,44.83349101229896
4107157,Diamante D'Oeste - PR,295.0,122416.0,337,226188.0,4557.0,4484.0,1687.0,6.473557164801404,17.48666271487848,7.515611061552185,19.97628927089508,26.863287250384026
4107207,Dois Vizinhos - PR,1623.0,660781.0,845,515514.0,44869.0,48127.0,16963.0,3.6171967282533597,9.567883039556682,1.755771188729819,4.981430171549844,14.726893846531013
4107256,Douradina - PR,307.0,123219.0,303,199422.0,9161.0,9737.0,3461.0,3.351162536840956,8.870268708465762,3.111841429598439,8.75469517480497,13.450387512280319
4107306,Doutor Camargo - PR,238.0,96483.0,216,151434.0,6327.0,6547.0,2527.0,3.7616563932353406,9.418282548476455,3.2992210172598138,8.54768500197863,15.24940730203888
4107405,Enéas Marques - PR,364.0,151197.0,365,249175.0,5999.0,6140.0,2207.0,6.0676779463243875,16.492976891708203,5.944625407166124,16.538287267784323,25.20370061676946
4107504,Engenheiro Beltrão - PR,966.0,391716.0,678,448541.0,12454.0,12258.0,4798.0,7.756544082222579,20.133388912046687,5.531081742535487,14.130887869945811,31.453027139874738
4107520,Esperança Nova - PR,119.0,47783.0,87,59465.0,1849.0,1844.0,709.0,6.435911303407247,16.784203102961918,4.718004338394794,12.270803949224259,25.842617631151974
4107538,Entre Rios do Oeste - PR,105.0,42321.0,83,57618.0,4575.0,4810.0,1711.0,2.2950819672131146,6.136762127410871,1.7255717255717256,4.8509643483343075,9.250491803278688
4107546,Espigão Alto do Iguaçu - PR,648.0,271572.0,663,460631.0,4797.0,4888.0,1734.0,13.50844277673546,37.37024221453287,13.563829787234043,38.23529411764706,56.612883051907446
4107553,Farol - PR,223.0,90234.0,194,133324.0,3039.0,2968.0,1137.0,7.337940111878908,19.61301671064204,6.536388140161725,17.06244503078276,29.692003948667324
4107603,Faxinal - PR,1396.0,564486.0,1447,1019432.0,16389.0,16548.0,6106.0,8.517908353163707,22.86275794300688,8.744259124969785,23.698001965280053,34.4429800475929
4107652,Fazenda Rio Grande - PR,7159.0,2898683.0,8670,6043078.0,148873.0,170123.0,50435.0,4.808796759654202,14.194507782294043,5.09631266789323,17.190443144641616,19.470844276665346
4107702,Fênix - PR,415.0,168722.0,349,236592.0,4492.0,4469.0,1773.0,9.238646482635797,23.406655386350817,7.8093533228910275,19.684151156232375,37.560552092609086
4107736,Fernandes Pinheiro - PR,877.0,354602.0,710,483827.0,6255.0,6420.0,2163.0,14.02078337330136,40.54553860379103,11.059190031152648,32.82478039759593,56.69096722621902
4107751,Figueira - PR,1123.0,458971.0,991,665945.0,8062.0,8115.0,2946.0,13.929546018357728,38.11948404616429,12.211953173136168,33.63883231500339,56.9301662118581
4107801,Floraí - PR,192.0,77300.0,154,108291.0,4792.0,4789.0,1933.0,4.006677796327212,9.932747025349197,3.2157026519106284,7.966890843248836,16.131051752921536
4107850,Flor da Serra do Sul - PR,310.0,126108.0,238,163948.0,4364.0,4315.0,1625.0,7.1035747021081574,19.076923076923077,5.515643105446118,14.646153846153846,28.897341888175987
4107900,Floresta - PR,288.0,115621.0,438,323731.0,10458.0,11801.0,3872.0,2.7538726333907055,7.43801652892562,3.7115498686551986,11.311983471074381,11.055746796710652
4108007,Florestópolis - PR,1824.0,746898.0,1547,1033641.0,11446.0,11667.0,4264.0,15.935698060457803,42.77673545966229,13.259621153681323,36.28048780487805,65.25406255460423
4108106,Flórida - PR,207.0,84004.0,146,92868.0,2652.0,2718.0,968.0,7.8054298642533935,21.384297520661157,5.371596762325239,15.082644628099173,31.675716440422324
4108205,Formosa do Oeste - PR,235.0,94761.0,201,129652.0,7635.0,7769.0,3014.0,3.0779305828421744,7.796947577969476,2.587205560561205,6.668878566688786,12.41139489194499
4108304,Foz do Iguaçu - PR,19514.0,7926714.0,19109,12985871.0,285415.0,299112.0,100235.0,6.837061822258816,19.46824961340849,6.388576854154965,19.064199132039708,27.77259078885132
4108320,Francisco Alves - PR,597.0,245469.0,475,328070.0,8116.0,8677.0,2863.0,7.3558403154263186,20.852252881592737,5.474242249625447,16.59098847362906,30.245071463775258
4108403,Francisco Beltrão - PR,2973.0,1194425.0,1713,1141008.0,96666.0,103424.0,36858.0,3.075538451989324,8.066091486244506,1.6562886757425743,4.647566335666612,12.35620590486831
4108452,Foz do Jordão - PR,619.0,251753.0,536,372594.0,4926.0,4863.0,1781.0,12.565976451481932,34.7557551937114,11.022002878881349,30.095451993262213,51.10698335363378
4108502,General Carneiro - PR,1316.0,532443.0,1072,721756.0,11062.0,10531.0,3835.0,11.896582896402098,34.315514993481095,10.179470135789574,27.953063885267277,48.132616163442414
4108551,Godoy Moreira - PR,294.0,118668.0,238,151173.0,2977.0,2889.0,1184.0,9.87571380584481,24.83108108108108,8.238144686742817,20.10135135135135,39.86160564326503
4108601,Goioerê - PR,2707.0,1102860.0,2177,1466031.0,28437.0,28895.0,10761.0,9.519288251222,25.155654678933185,7.5341754628828514,20.23046185298764,38.782572001265954
4108650,Goioxim - PR,827.0,336609.0,705,474202.0,6566.0,6412.0,2305.0,12.595187328662808,35.87852494577007,10.995009357454773,30.585683297180044,51.26545842217484
4108700,Grandes Rios - PR,655.0,266827.0,514,348248.0,5641.0,5466.0,2121.0,11.611416415529161,30.88165959453088,9.403585803146726,24.233851956624235,47.30136500620458
4108809,Guaíra - PR,1066.0,458583.0,963,654284.0,32097.0,33145.0,11741.0,3.3211826650465777,9.079294778979644,2.9054155981294314,8.20202708457542,14.287410038321338
4108908,Guairaçá - PR,524.0,212198.0,477,336026.0,6587.0,6786.0,2431.0,7.9550630028844695,21.554915672562732,7.029177718832892,19.62155491567256,32.214665249734324
4108957,Guamiranga - PR,535.0,214796.0,410,304796.0,7856.0,7913.0,2793.0,6.810081466395112,19.15503043322592,5.181347150259067,14.679556032939491,27.34164969450102
4109005,Guapirama - PR,233.0,94410.0,216,148543.0,4626.0,4902.0,1730.0,5.036748811067877,13.468208092485549,4.406364749082007,12.485549132947977,20.408560311284045
4109104,Guaporema - PR,162.0,65717.0,98,64655.0,2191.0,2208.0,833.0,7.3938840712003655,19.447779111644657,4.438405797101449,11.764705882352942,29.99406663623916
4109203,Guaraci - PR,375.0,154330.0,356,249545.0,4748.0,4719.0,1815.0,7.898062342038753,20.66115702479339,7.543971180334816,19.614325068870524,32.50421229991576
4109302,Guaraniaçu - PR,470.0,189038.0,308,201559.0,13735.0,13718.0,5255.0,3.421914816163087,8.943862987630828,2.245225251494387,5.861084681255947,13.763232617400801
4109401,Guarapuava - PR,10723.0,4349302.0,11783,8218334.0,182093.0,190542.0,63944.0,5.888749155651233,16.76936069060428,6.183938449265779,18.427061178531215,23.885058733723977
4109500,Guaraqueçaba - PR,1444.0,778294.0,1302,874530.0,7430.0,7418.0,2577.0,19.434724091520863,56.034148234381064,17.55190078188191,50.52386495925495,104.75020188425303
4109609,Guaratuba - PR,3903.0,1578786.0,4256,2849530.0,42062.0,45529.0,15359.0,9.279159336217964,25.41181066475682,9.347888159195238,27.710137378735595,37.53473443963673
4109658,Honório Serpa - PR,373.0,153597.0,313,208743.0,4941.0,4740.0,1775.0,7.549079133778587,21.014084507042252,6.60337552742616,17.633802816901408,31.086217364905888
4109708,Ibaiti - PR,1223.0,492404.0,1187,817796.0,28830.0,29465.0,10746.0,4.242108914325356,11.380978968918667,4.028508399796369,11.045970593709287,17.079569892473117
4109757,Ibema - PR,613.0,249431.0,383,233586.0,6218.0,6352.0,2350.0,9.858475394017368,26.085106382978722,6.029596977329975,16.29787234042553,40.11434544869733
4109807,Ibiporã - PR,3010.0,1229275.0,3162,2109976.0,51603.0,53486.0,18786.0,5.832994205763231,16.022569998935378,5.911827394084433,16.831683168316832,23.82177392787241
4109906,Icaraíma - PR,683.0,280502.0,655,475748.0,8991.0,9158.0,3335.0,7.596485374263152,20.47976011994003,7.152216641188033,19.640179910044978,31.198086975864754
4110003,Iguaraçu - PR,235.0,94754.0,222,150494.0,5338.0,5777.0,1957.0,4.402397901835894,12.00817577925396,3.8428249956724945,11.343893714869699,17.750843012364182
4110052,Iguatu - PR,119.0,48098.0,133,88594.0,2144.0,2150.0,828.0,5.550373134328358,14.371980676328503,6.186046511627907,16.06280193236715,22.433768656716417
4110078,Imbaú - PR,1062.0,430482.0,899,599648.0,14249.0,15235.0,4751.0,7.453154607340866,22.353188802357398,5.9008861174926155,18.922332140601977,30.21138325496526
4110102,Imbituva - PR,1511.0,608642.0,1767,1221654.0,29924.0,30940.0,10314.0,5.049458628525598,14.649990304440566,5.711053652230123,17.132053519488075,20.339593637214275
4110201,Inácio Martins - PR,1158.0,466340.0,1141,829425.0,9670.0,9477.0,3294.0,11.975180972078594,35.154826958105645,12.039675002637965,34.63873709775349,48.22543950361944
4110300,Inajá - PR,260.0,107906.0,204,137751.0,2536.0,2453.0,996.0,10.25236593059937,26.104417670682732,8.316347329800244,20.481927710843372,42.54968454258675
4110409,Indianópolis - PR,209.0,84875.0,194,131448.0,4448.0,4553.0,1667.0,4.698741007194244,12.5374925014997,4.260926861410059,11.637672465506899,19.081609712230215
4110508,Ipiranga - PR,716.0,287384.0,639,422675.0,14142.0,14321.0,4914.0,5.062933107056994,14.57061457061457,4.461978912087145,13.003663003663004,20.321312402771884
4110607,Iporã - PR,665.0,267944.0,589,385703.0,15746.0,16149.0,5761.0,4.223294805029849,11.543134872417983,3.647284661588953,10.223919458427357,17.016639146449894
4110656,Iracema do Oeste - PR,138.0,56084.0,110,68337.0,2343.0,2314.0,866.0,5.8898847631242,15.935334872979215,4.753673292999136,12.702078521939955,23.936833119931713
4110706,Irati - PR,4091.0,1656235.0,3780,2600250.0,59250.0,61192.0,21729.0,6.90464135021097,18.82737355607713,6.177278075565433,17.39610658566892,27.953333333333333
4110805,Iretama - PR,820.0,329741.0,731,482066.0,10684.0,10836.0,3956.0,7.675028079371022,20.728008088978765,6.746031746031746,18.47826086956522,30.863066267315613
4110904,Itaguajé - PR,171.0,70097.0,164,122585.0,4481.0,4525.0,1678.0,3.816112474893997,10.190703218116806,3.6243093922651934,9.773539928486294,15.643160008926579
4110953,Itaipulândia - PR,417.0,168643.0,355,244432.0,11485.0,12267.0,4120.0,3.6308228123639528,10.12135922330097,2.8939430993723,8.616504854368932,14.683761427949499
4111001,Itambaracá - PR,438.0,175866.0,393,262976.0,5908.0,5766.0,2184.0,7.413676371022342,20.054945054945055,6.815816857440167,17.994505494505493,29.767433987813135
4111100,Itambé - PR,55.0,22055.0,64,44796.0,6111.0,6236.0,2334.0,0.9000163639338897,2.3564695801199655,1.0262989095574087,2.7420736932305054,3.609065619374898
4111209,Itapejara d'Oeste - PR,743.0,299926.0,347,221449.0,12344.0,12980.0,4487.0,6.019118600129618,16.5589480722086,2.6733436055469952,7.733452195230666,24.297310434219053
4111258,Itaperuçu - PR,3040.0,1228164.0,3058,2183261.0,31217.0,33763.0,10515.0,9.73828362751065,28.911079410366142,9.057252021443592,29.08226343319068,39.34279399045392
4111308,Itaúna do Sul - PR,250.0,100782.0,232,155753.0,3572.0,3606.0,1313.0,6.998880179171333,19.04036557501904,6.433721575152523,17.66945925361767,28.21444568868981
4111407,Ivaí - PR,1068.0,428584.0,968,673594.0,13229.0,13501.0,4584.0,8.073172575402525,23.298429319371728,7.169839271165099,21.11692844677138,32.397308942474865
4111506,Ivaiporã - PR,832.0,333126.0,813,520820.0,32720.0,33619.0,12760.0,2.54278728606357,6.52037617554859,2.418275379993456,6.371473354231975,10.181112469437652
4111555,Ivaté - PR,450.0,181495.0,409,279316.0,6831.0,6746.0,2581.0,6.587615283267457,17.43510267338241,6.062852060480284,15.846571096474236,26.569316351925046
4111605,Ivatuba - PR,86.0,34881.0,63,37558.0,2708.0,2666.0,1066.0,3.1757754800590843,8.067542213883677,2.363090772693173,5.909943714821764,12.880723781388479
4111704,Jaboti - PR,378.0,153622.0,453,312934.0,5427.0,5687.0,2046.0,6.965174129353234,18.475073313782993,7.965535431686302,22.14076246334311,28.306983600515938
4111803,Jacarezinho - PR,3125.0,1271947.0,2690,1847323.0,40375.0,41571.0,14378.0,7.739938080495356,21.734594519404645,6.470857087873759,18.70913896230352,31.503331269349847
4111902,Jaguapitã - PR,836.0,339280.0,780,534784.0,15122.0,16085.0,5506.0,5.528369263324957,15.183436251362151,4.849238420889027,14.16636396658191,22.436185689723583
4112009,Jaguariaíva - PR,2145.0,865601.0,2036,1385116.0,35141.0,36575.0,12769.0,6.103981104692524,16.798496358367924,5.566643882433356,15.944866473490485,24.63222446714664
4112108,Jandaia do Sul - PR,1316.0,533268.0,1087,733771.0,21408.0,22000.0,8167.0,6.147234678624813,16.113628015183053,4.9409090909090905,13.309660830170197,24.9097533632287
4112207,Janiópolis - PR,255.0,102502.0,303,194490.0,5870.0,5766.0,2314.0,4.34412265758092,11.019878997407087,5.254942767950052,13.094209161624892,17.462010221465075
4112306,Japira - PR,315.0,126532.0,215,143709.0,4972.0,5062.0,1833.0,6.335478680611424,17.18494271685761,4.247333069932833,11.729405346426622,25.448913917940466
4112405,Japurá - PR,538.0,217377.0,431,286597.0,9144.0,9430.0,3472.0,5.883639545056868,15.495391705069125,4.57051961823966,12.413594470046084,23.77263779527559
4112504,Jardim Alegre - PR,828.0,332015.0,726,474740.0,12004.0,12118.0,4569.0,6.897700766411196,18.122127380170717,5.99108763822413,15.889691398555483,27.658697100966343
4112603,Jardim Olinda - PR,111.0,46191.0,92,57890.0,1343.0,1345.0,496.0,8.265078183172003,22.379032258064516,6.840148698884758,18.548387096774192,34.393894266567386
4112702,Jataizinho - PR,856.0,348195.0,1026,696570.0,11813.0,11992.0,4260.0,7.246254126809447,20.093896713615024,8.555703802535023,24.08450704225352,29.47557775332261
4112751,Jesuítas - PR,741.0,298205.0,574,374994.0,10506.0,11047.0,3788.0,7.053112507138778,19.561774023231255,5.195980809269485,15.15311510031679,28.384256615267468
4112801,Joaquim Távora - PR,518.0,208674.0,506,349891.0,11945.0,12415.0,4369.0,4.336542486395982,11.85626001373312,4.075714861055175,11.581597619592584,17.469568857262452
4112900,Jundiaí do Sul - PR,352.0,144748.0,277,184820.0,3333.0,3366.0,1251.0,10.561056105610561,28.137490007993605,8.229352346999406,22.142286171063148,43.42874287428743
4112959,Juranda - PR,499.0,202163.0,426,284522.0,7771.0,7906.0,2930.0,6.4213099987131645,17.03071672354949,5.388312673918543,14.53924914675768,26.015055977351693
4113007,Jussara - PR,306.0,123647.0,255,172906.0,6690.0,6791.0,2496.0,4.573991031390134,12.259615384615385,3.754969812987778,10.216346153846153,18.482361733931242
4113106,Kaloré - PR,434.0,174688.0,395,263849.0,4582.0,4671.0,1752.0,9.471846355303361,24.771689497716896,8.456433311924641,22.54566210045662,38.124836316019206
4113205,Lapa - PR,2785.0,1128344.0,2396,1586734.0,45003.0,45877.0,16656.0,6.188476323800636,16.72070124879923,5.222660592453735,14.385206532180595,25.072639601804322
4113254,Laranjal - PR,751.0,305093.0,911,633898.0,5600.0,5478.0,1888.0,13.410714285714286,39.777542372881356,16.630156991602774,48.2521186440678,54.480892857142855
4113304,Laranjeiras do Sul - PR,1284.0,518113.0,1229,837350.0,32227.0,33267.0,11861.0,3.9842368200577156,10.825394148891325,3.6943517600024047,10.36168957086249,16.07698513668663
4113403,Leópolis - PR,194.0,78053.0,247,167380.0,3752.0,3701.0,1414.0,5.1705756929637525,13.71994342291372,6.67387192650635,17.468175388967467,20.803038379530918
4113429,Lidianópolis - PR,328.0,132298.0,293,194488.0,3938.0,3985.0,1534.0,8.329101066531233,21.38200782268579,7.352572145545797,19.10039113428944,33.59522600304723
4113452,Lindoeste - PR,598.0,244157.0,576,398712.0,5175.0,5208.0,1877.0,11.555555555555555,31.859350026638253,11.059907834101383,30.68726691529036,47.18009661835749
4113502,Loanda - PR,803.0,322434.0,605,399535.0,23225.0,24090.0,8565.0,3.457481162540366,9.375364856976065,2.5114155251141552,7.063631056625803,13.883057050592035
4113601,Lobato - PR,366.0,148705.0,229,155644.0,4601.0,4719.0,1734.0,7.954792436426864,21.10726643598616,4.852723034541216,13.206459054209919,32.32014779395784
4113700,Londrina - PR,27277.0,11206096.0,26669,17932186.0,555965.0,584465.0,209379.0,4.906244098099701,13.027572010564574,4.562976397217969,12.737189498469283,20.15611774122472
4113734,Luiziana - PR,634.0,259068.0,783,537137.0,6690.0,6619.0,2451.0,9.476831091180866,25.86699306405549,11.829581507780631,31.946144430844555,38.724663677130046
4113759,Lunardelli - PR,425.0,172469.0,273,174298.0,4872.0,4846.0,1898.0,8.723316912972086,22.391991570073763,5.633512174989682,14.383561643835616,35.40004105090312
4113809,Lupionópolis - PR,507.0,207745.0,362,249319.0,4813.0,4942.0,1869.0,10.533970496571785,27.12680577849117,7.3249696479158235,19.368646334938468,43.16330770829005
4113908,Mallet - PR,688.0,278388.0,684,460664.0,13428.0,13698.0,4926.0,5.123622281799226,13.966707267559887,4.993429697766097,13.885505481120585,20.73190348525469
4114005,Mamborê - PR,1148.0,464898.0,881,591307.0,13452.0,13519.0,5229.0,8.534046981861433,21.954484605087014,6.516754197795695,16.848345764008414,34.559768064228365
4114104,Mandaguaçu - PR,933.0,378475.0,1053,745213.0,31457.0,35253.0,11311.0,2.965953523857965,8.248607550172398,2.9869798315037017,9.309521704535408,12.031503321995105
4114203,Mandaguari - PR,745.0,299928.0,583,378852.0,36716.0,38564.0,13683.0,2.0290881359625232,5.444712416867646,1.5117726376931853,4.26076152890448,8.16886371064386
4114302,Mandirituba - PR,1514.0,615515.0,1830,1266754.0,27439.0,29437.0,9735.0,5.517693793505594,15.552131484334874,6.216666100485783,18.79815100154083,22.432122161886365
4114351,Manfrinópolis - PR,88.0,35447.0,74,48610.0,2770.0,2770.0,1033.0,3.1768953068592056,8.518877057115198,2.6714801444043323,7.163601161665054,12.796750902527076
4114401,Mangueirinha - PR,1093.0,440176.0,1000,641282.0,16603.0,16709.0,5914.0,6.583147623923387,18.481569157930334,5.984798611526722,16.909029421711192,26.511835210504128
4114500,Manoel Ribas - PR,1350.0,547892.0,1200,815619.0,14240.0,14740.0,4939.0,9.480337078651685,27.33346831342377,8.14111261872456,24.296416278598908,38.47556179775281
4114609,Marechal Cândido Rondon - PR,1092.0,442923.0,745,513435.0,55836.0,59291.0,21046.0,1.9557274876423814,5.18863441984225,1.2565144794319543,3.5398650574931105,7.932570384698044
4114708,Maria Helena - PR,396.0,160431.0,471,317492.0,5865.0,5921.0,2278.0,6.751918158567775,17.383669885864794,7.9547373754433375,20.67603160667252,27.3539641943734
4114807,Marialva - PR,1746.0,708774.0,1544,1031708.0,41851.0,45360.0,15266.0,4.171943322740197,11.437180662911045,3.4038800705467374,10.11397877636578,16.93565267257652
4114906,Marilândia do Sul - PR,759.0,310364.0,721,477936.0,8677.0,8750.0,3138.0,8.747262878875187,24.18738049713193,8.24,22.976418100701082,35.76858361184741
4115002,Marilena - PR,375.0,151332.0,399,272248.0,7253.0,7474.0,2656.0,5.170274369226527,14.118975903614459,5.338506823655338,15.022590361445783,20.864745622501033
4115101,Mariluz - PR,857.0,345277.0,767,551401.0,9847.0,9886.0,3675.0,8.703158322331674,23.31972789115646,7.758446287679547,20.87074829931973,35.06418198436072
4115200,Maringá - PR,11303.0,4606044.0,11947,8112348.0,409657.0,432635.0,156517.0,2.7591375223662724,7.221579764498425,2.7614501831798166,7.633036666943527,11.243659939900942
4115309,Mariópolis - PR,213.0,86704.0,217,155161.0,6371.0,6535.0,2417.0,3.3432742112698164,8.812577575506827,3.320581484315226,8.978071990070335,13.609166535865642
4115358,Maripá - PR,131.0,53356.0,60,31109.0,6555.0,6878.0,2322.0,1.9984744469870328,5.641688199827735,0.8723466123873219,2.5839793281653747,8.139740655987795
4115408,Marmeleiro - PR,1091.0,449927.0,1009,697801.0,15901.0,16728.0,5909.0,6.8612036978806366,18.463360974784226,6.031802965088475,17.07564731765104,28.295516005282686
4115457,Marquinho - PR,545.0,223290.0,525,355182.0,4504.0,4465.0,1591.0,12.100355239786856,34.255185417976115,11.758118701007838,32.99811439346323,49.575932504440495
4115507,Marumbi - PR,282.0,113248.0,318,223342.0,4699.0,4786.0,1803.0,6.0012768674186,15.640599001663894,6.644379440033431,17.63727121464226,24.10044690359651
4115606,Matelândia - PR,249.0,100420.0,210,151842.0,18450.0,19368.0,6501.0,1.3495934959349594,3.830179972311952,1.084262701363073,3.2302722658052607,5.442818428184282
4115705,Matinhos - PR,2524.0,1019669.0,2856,1906449.0,39259.0,42671.0,15010.0,6.429099060088133,16.81545636242505,6.693070235054252,19.027315123251167,25.972872462365316
4115739,Mato Rico - PR,394.0,158316.0,381,250665.0,3267.0,3216.0,1223.0,12.059993878175696,32.21586263286999,11.847014925373134,31.15290269828291,48.45913682277319
4115754,Mauá da Serra - PR,816.0,329814.0,899,611507.0,9383.0,9740.0,3301.0,8.696578919322178,24.71978188427749,9.229979466119097,27.234171463192972,35.15016519236918
4115804,Medianeira - PR,959.0,388422.0,1133,788026.0,54369.0,58681.0,19553.0,1.763872795159006,4.904618217153378,1.9307782757621716,5.794507236741165,7.144181426916074
4115853,Mercedes - PR,97.0,38810.0,65,43978.0,5931.0,6248.0,2149.0,1.63547462485247,4.513727315030247,1.0403329065300897,3.024662633783155,6.543584555724161
4115903,Mirador - PR,207.0,84870.0,170,114990.0,2238.0,2243.0,818.0,9.249329758713136,25.30562347188264,7.5791350869371374,20.78239608801956,37.92225201072386
4116000,Miraselva - PR,111.0,45022.0,82,53737.0,1966.0,2024.0,751.0,5.645981688708036,14.78029294274301,4.051383399209486,10.918774966711052,22.90030518819939
4116059,Missal - PR,555.0,226382.0,574,390305.0,11064.0,11459.0,4133.0,5.016268980477223,13.428502298572466,5.00916310323763,13.888216791676749,20.46113521330441
4116109,Moreira Sales - PR,1550.0,630899.0,1127,763489.0,11175.0,10955.0,4495.0,13.870246085011185,34.48275862068966,10.287539936102236,25.07230255839822,56.45628635346756
4116208,Morretes - PR,1580.0,644438.0,1437,986479.0,18309.0,19248.0,6646.0,8.629635698290459,23.77369846524225,7.46571072319202,21.622028287691844,35.19788082363865
4116307,Munhoz de Melo - PR,293.0,118584.0,254,173838.0,3951.0,4075.0,1464.0,7.415844090103771,20.01366120218579,6.233128834355829,17.349726775956285,30.01366742596811
4116406,Nossa Senhora das Graças - PR,164.0,66573.0,71,39846.0,3669.0,3653.0,1364.0,4.469882801853366,12.023460410557185,1.9436079934300574,5.205278592375366,18.144726083401473
4116505,Nova Aliança do Ivaí - PR,64.0,26212.0,45,31133.0,1323.0,1316.0,480.0,4.837490551776266,13.333333333333334,3.419452887537994,9.375,19.81254724111867
4116604,Nova América da Colina - PR,361.0,145297.0,322,209168.0,3280.0,3274.0,1164.0,11.00609756097561,31.013745704467354,9.835064141722663,27.66323024054983,44.297865853658536
4116703,Nova Aurora - PR,649.0,262077.0,512,346422.0,13765.0,14448.0,4897.0,4.714856520159826,13.25301204819277,3.5437430786267994,10.45538084541556,19.039375227025065
4116802,Nova Cantu - PR,594.0,240050.0,558,375187.0,6790.0,6700.0,2542.0,8.748159057437407,23.367427222659323,8.328358208955224,21.951219512195124,35.35346097201767
4116901,Nova Esperança - PR,1371.0,552374.0,1465,981899.0,26585.0,27140.0,9989.0,5.157043445552003,13.725097607368104,5.397936624907885,14.666132746020622,20.777656573255594
4116950,Nova Esperança do Sudoeste - PR,228.0,93703.0,202,138583.0,5597.0,5814.0,2055.0,4.073610862962301,11.094890510948906,3.4743722050223598,9.829683698296837,16.741647311059495
4117008,Nova Fátima - PR,432.0,173561.0,439,284353.0,7225.0,7083.0,2733.0,5.97923875432526,15.806805708013172,6.1979387265283075,16.06293450420783,24.02228373702422
4117057,Nova Laranjeiras - PR,1625.0,663407.0,1850,1249301.0,12074.0,12318.0,4011.0,13.458671525592182,40.513587634006484,15.01867186231531,46.12316130640738,54.94508862017558
4117107,Nova Londrina - PR,694.0,279804.0,754,515340.0,12923.0,13065.0,4752.0,5.3702700611313166,14.604377104377104,5.7711442786069655,15.867003367003367,21.651628878743328
4117206,Nova Olímpia - PR,309.0,124966.0,236,150932.0,5833.0,6002.0,2262.0,5.29744556831819,13.660477453580901,3.932022659113629,10.433244916003536,21.42396708383336
4117214,Nova Santa Bárbara - PR,354.0,143230.0,331,220727.0,4184.0,4325.0,1600.0,8.460803059273422,22.125,7.6531791907514455,20.6875,34.23279158699809
4117222,Nova Santa Rosa - PR,283.0,114422.0,265,179296.0,8322.0,8624.0,3104.0,3.4006248497957223,9.117268041237113,3.0728200371057515,8.537371134020619,13.749339101177602
4117255,Nova Prata do Iguaçu - PR,425.0,171929.0,428,289856.0,12699.0,13482.0,4515.0,3.3467202141900936,9.413067552602437,3.1746031746031744,9.479512735326688,13.538782581305615
4117271,Nova Tebas - PR,398.0,159625.0,358,239968.0,6848.0,6818.0,2550.0,5.811915887850467,15.607843137254902,5.2508066881783515,14.03921568627451,23.30972546728972
4117297,Novo Itacolomi - PR,186.0,75286.0,196,125466.0,3125.0,3246.0,1159.0,5.952,16.048317515099225,6.038200862600124,16.911130284728213,24.09152
4117305,Ortigueira - PR,2767.0,1118224.0,2272,1517935.0,24192.0,24808.0,8744.0,11.437665343915343,31.64455626715462,9.158336020638504,25.983531564501373,46.222883597883595
4117404,Ourizona - PR,105.0,42315.0,82,56046.0,3187.0,3181.0,1196.0,3.2946344524631317,8.779264214046822,2.5778057214712353,6.8561872909699,13.27737684342642
4117453,Ouro Verde do Oeste - PR,197.0,79542.0,287,191443.0,6785.0,7169.0,2469.0,2.9034635224760503,7.97893884163629,4.003347747245083,11.624139327663022,11.723212969786294
4117503,Paiçandu - PR,2593.0,1063950.0,1948,1275539.0,45962.0,49694.0,16552.0,5.6416169879465645,15.665780570323827,3.9199903408862236,11.768970517158047,23.148470475610285
4117602,Palmas - PR,3074.0,1238914.0,3122,2089402.0,48247.0,50564.0,16310.0,6.371380603975377,18.847332924586144,6.17435329483427,19.141630901287552,25.678570688332954
4117701,Palmeira - PR,1068.0,428788.0,1245,846117.0,33855.0,35054.0,12163.0,3.1546300398759417,8.780728438707555,3.5516631482855026,10.235961522650662,12.665426081819524
4117800,Palmital - PR,1340.0,541305.0,1251,865194.0,13033.0,12766.0,4748.0,10.281592879613289,28.22240943555181,9.799467335108883,26.34793597304128,41.533415176858746
4117909,Palotina - PR,906.0,366677.0,957,642971.0,35011.0,37431.0,12658.0,2.5877581331581503,7.157528835519039,2.5567043359782,7.560436087849581,10.47319413898489
4118006,Paraíso do Norte - PR,363.0,146892.0,389,262950.0,13245.0,13819.0,4900.0,2.7406568516421292,7.408163265306122,2.814964903393878,7.938775510204081,11.090373725934315
4118105,Paranacity - PR,551.0,221639.0,531,364154.0,9557.0,9506.0,3494.0,5.7654075546719685,15.769891242129365,5.585945718493583,15.197481396680024,23.191273412158626
4118204,Paranaguá - PR,9222.0,3788960.0,11056,7590688.0,145829.0,150436.0,49001.0,6.323845051395813,18.820024081141202,7.34930468770773,22.562804840717536,25.98221204287213
4118303,Paranapoema - PR,145.0,58240.0,129,91069.0,2398.0,2328.0,909.0,6.046705587989992,15.951595159515952,5.541237113402062,14.191419141914192,24.28690575479566
4118402,Paranavaí - PR,4504.0,1824145.0,4265,2879460.0,92001.0,96870.0,34315.0,4.89559896088086,13.12545534023022,4.402807886858676,12.428966924085676,19.827447527744262
4118451,Pato Bragado - PR,171.0,69812.0,151,103704.0,5733.0,6060.0,2116.0,2.9827315541601256,8.081285444234405,2.4917491749174916,7.136105860113422,12.177219605791034
4118501,Pato Branco - PR,2280.0,915401.0,2163,1427257.0,91836.0,99041.0,34318.0,2.482686528158892,6.643743807914214,2.1839440231823186,6.302814849350195,9.967779520013938
4118600,Paula Freitas - PR,220.0,89634.0,321,217816.0,5666.0,5720.0,2056.0,3.882809742322626,10.700389105058365,5.611888111888112,15.61284046692607,15.819625838333922
4118709,Paulo Frontin - PR,194.0,78183.0,287,197177.0,6343.0,6385.0,2301.0,3.0584896736559988,8.431116905693177,4.494909945184025,12.47283789656671,12.325871038940564
4118808,Peabiru - PR,997.0,406714.0,864,586592.0,13346.0,13476.0,5005.0,7.470403117038813,19.92007992007992,6.41139804096171,17.262737262737264,30.474599130825716
4118857,Perobal - PR,276.0,111905.0,223,159127.0,7189.0,7691.0,2639.0,3.8391987759076365,10.458507010231148,2.899492913795345,8.450170519136037,15.566142718041451
4118907,Pérola - PR,301.0,120943.0,415,287369.0,11878.0,12493.0,4537.0,2.5340966492675534,6.634339872162221,3.3218602417353718,9.147013445007714,10.182101363865971
4119004,Pérola d'Oeste - PR,221.0,88447.0,155,93176.0,6221.0,6184.0,2399.0,3.5524835235492684,9.21217173822426,2.5064683053040104,6.461025427261359,14.217489149654396
4119103,Piên - PR,439.0,179513.0,491,351306.0,13655.0,14557.0,4706.0,3.214939582570487,9.328516787080323,3.3729477227450713,10.43348916277093,13.1463200292933
4119152,Pinhais - PR,5738.0,2331274.0,6221,4163866.0,127019.0,131857.0,45881.0,4.517434399578016,12.506266210413896,4.717989943651077,13.558989559948563,18.353742353506167
4119202,Pinhalão - PR,572.0,230953.0,709,485774.0,6566.0,6698.0,2420.0,8.711544319220225,23.636363636363637,10.585249328157659,29.297520661157026,35.174078586658545
4119251,Pinhal de São Bento - PR,208.0,84523.0,177,118102.0,2761.0,2813.0,956.0,7.533502354219486,21.757322175732217,6.292214717383576,18.514644351464437,30.613183629119884
4119301,Pinhão - PR,2601.0,1044344.0,2925,2103721.0,29886.0,30431.0,10423.0,8.703071672354948,24.954427707953563,9.61190890867865,28.062937733857815,34.94425483503982
4119400,Piraí do Sul - PR,1600.0,646092.0,1505,999195.0,23651.0,23991.0,8304.0,6.765041647287641,19.26782273603083,6.273185778000084,18.123795761079,27.31774554987104
4119509,Piraquara - PR,9082.0,3731751.0,9015,6195181.0,118730.0,129035.0,38035.0,7.6492883011875685,23.878007098724858,6.986476537373581,23.701853555935323,31.43056514781437
4119608,Pitanga - PR,2859.0,1146422.0,2526,1656815.0,33567.0,34583.0,12309.0,8.51729377066762,23.226907141116257,7.3041667871497555,20.52156958323178,34.153245747311345
4119657,Pitangueiras - PR,201.0,82595.0,212,151624.0,3046.0,3155.0,1099.0,6.59881812212738,18.289353958143767,6.7194928684627575,19.29026387625114,27.115889691398557
4119707,Planaltina do Paraná - PR,436.0,174989.0,290,202580.0,4070.0,4123.0,1470.0,10.712530712530713,29.65986394557823,7.033713315546932,19.727891156462587,42.994840294840294
4119806,Planalto - PR,608.0,246160.0,479,322901.0,14374.0,14766.0,5311.0,4.229859468484764,11.447938241385803,3.2439387782744142,9.01901713424967,17.1253652427995
4119905,Ponta Grossa - PR,15656.0,6376336.0,17329,11832349.0,358371.0,378527.0,127673.0,4.368657062094869,12.26257705231333,4.578008966335294,13.57295591080338,17.792555759255073
4119954,Pontal do Paraná - PR,1946.0,784617.0,2327,1590079.0,30425.0,33730.0,11731.0,6.396055875102712,16.58852612735487,6.898903053661429,19.83633108856875,25.788562037797863
4120002,Porecatu - PR,1016.0,418136.0,776,527204.0,11624.0,11113.0,4344.0,8.740536820371645,23.388581952117864,6.982812921803293,17.863720073664826,35.97178251892636
4120101,Porto Amazonas - PR,185.0,75275.0,179,116669.0,4098.0,4046.0,1471.0,4.5143972669594925,12.576478585995922,4.424122590212556,12.168592794017675,18.36871644704734
4120150,Porto Barreiro - PR,299.0,120964.0,239,154381.0,3110.0,3023.0,1133.0,9.614147909967846,26.390114739629304,7.906053589149852,21.09443954104148,38.8951768488746
4120200,Porto Rico - PR,133.0,55196.0,150,105427.0,3182.0,3410.0,1129.0,4.179761156505343,11.780336581045173,4.39882697947214,13.286093888396811,17.3463230672533
4120309,Porto Vitória - PR,259.0,104900.0,327,226034.0,3562.0,3487.0,1238.0,7.271195957327344,20.920840064620357,9.377688557499283,26.41357027463651,29.44974733295901
4120333,Prado Ferreira - PR,278.0,113369.0,277,184391.0,3709.0,3833.0,1369.0,7.495281747101645,20.306793279766254,7.226715366553614,20.233747260774287,30.56592073335131
4120358,Pranchita - PR,267.0,108446.0,218,151308.0,5737.0,5838.0,2148.0,4.654000348614258,12.430167597765363,3.734155532716684,10.148975791433893,18.902910929056997
4120408,Presidente Castelo Branco - PR,132.0,53861.0,204,144673.0,4336.0,4277.0,1554.0,3.044280442804428,8.494208494208495,4.769698386719663,13.127413127413128,12.421817343173432
4120507,Primeiro de Maio - PR,483.0,195190.0,418,286439.0,10082.0,10018.0,3806.0,4.79071612775243,12.690488702049395,4.172489518866041,10.982658959537572,19.360245982939894
4120606,Prudentópolis - PR,3316.0,1331103.0,2506,1632185.0,49393.0,50988.0,17679.0,6.713501913226571,18.756717008880592,4.914881933003844,14.175009898749929,26.949223574190675
4120655,Quarto Centenário - PR,206.0,83448.0,191,127812.0,4201.0,4087.0,1547.0,4.903594382289931,13.316095669036846,4.673354538781503,12.346477052359406,19.863841942394668
4120705,Quatiguá - PR,577.0,233691.0,520,354722.0,8099.0,8491.0,3149.0,7.124336337819484,18.323277230866942,6.124131433282299,16.51317878691648,28.854303000370415
4120804,Quatro Barras - PR,1117.0,454504.0,1248,867788.0,24191.0,25663.0,8463.0,4.617419701541896,13.198629327661585,4.863032381249269,14.746543778801843,18.788144351204995
4120853,Quatro Pontes - PR,36.0,14428.0,35,20125.0,4480.0,4714.0,1696.0,0.8035714285714286,2.1226415094339623,0.7424692405600339,2.063679245283019,3.2205357142857145
4120903,Quedas do Iguaçu - PR,2935.0,1185127.0,2690,1798734.0,30738.0,31431.0,11136.0,9.548441668293318,26.35596264367816,8.558429575896408,24.1558908045977,38.555761598021995
4121000,Querência do Norte - PR,754.0,310700.0,576,380813.0,10685.0,10560.0,3928.0,7.056621431913898,19.19551934826884,5.454545454545454,14.663951120162933,29.078146934955544
4121109,Quinta do Sol - PR,262.0,106681.0,274,187245.0,5001.0,5047.0,1797.0,5.2389522095580885,14.57985531441291,5.428967703586289,15.247634947134113,21.331933613277343
4121208,Quitandinha - PR,917.0,368146.0,989,668794.0,18398.0,18963.0,6767.0,4.984237417110555,13.551056598197134,5.215419501133787,14.61504359391163,20.010109794542885
4121257,Ramilândia - PR,194.0,78180.0,188,127929.0,4221.0,4284.0,1460.0,4.596067282634447,13.287671232876713,4.388422035480859,12.876712328767123,18.521677327647478
4121307,Rancho Alegre - PR,218.0,87508.0,257,169829.0,3512.0,3445.0,1412.0,6.207289293849659,15.439093484419264,7.4600870827285926,18.20113314447592,24.916856492027335
4121356,Rancho Alegre D'Oeste - PR,156.0,63228.0,142,89773.0,2618.0,2609.0,969.0,5.958747135217723,16.09907120743034,5.44269835185895,14.654282765737873,24.15126050420168
4121406,Realeza - PR,581.0,234895.0,521,350851.0,19247.0,20276.0,7428.0,3.0186522574946744,7.821755519655358,2.569540343262971,7.014001077005924,12.204239621759235
4121505,Rebouças - PR,1530.0,615092.0,1564,1043505.0,14514.0,14846.0,5312.0,10.541546093427035,28.802710843373493,10.53482419506938,29.44277108433735,42.37922006338707
4121604,Renascença - PR,130.0,52443.0,89,63324.0,6845.0,6947.0,2501.0,1.8991964937910883,5.197920831667333,1.281128544695552,3.558576569372251,7.661504747991234
4121703,Reserva - PR,2629.0,1059078.0,2547,1678655.0,24573.0,24856.0,8972.0,10.698734383266187,29.302273740526083,10.247022851625362,28.3883192153366,43.09925528018557
4121752,Reserva do Iguaçu - PR,636.0,258129.0,445,305548.0,6553.0,6447.0,2249.0,9.705478406836564,28.2792352156514,6.902435241197456,19.786571809693196,39.39096596978483
4121802,Ribeirão Claro - PR,713.0,292356.0,483,324086.0,12364.0,12959.0,4583.0,5.76674215464251,15.55749509055204,3.7271394397715873,10.538948287148155,23.64574571336137
4121901,Ribeirão do Pinhal - PR,1235.0,504561.0,993,652107.0,13060.0,13129.0,4901.0,9.45635528330781,25.19893899204244,7.563409246705766,20.261171189553153,38.63407350689127
4122008,Rio Azul - PR,637.0,256163.0,414,258580.0,14025.0,14174.0,4927.0,4.541889483065954,12.928759894459104,2.9208409764357275,8.40267911508017,18.264741532976828
4122107,Rio Bom - PR,225.0,90776.0,212,141427.0,3197.0,3206.0,1240.0,7.037847982483578,18.14516129032258,6.6126013724267,17.096774193548388,28.39411948701908
4122156,Rio Bonito do Iguaçu - PR,1546.0,625615.0,1311,856125.0,13929.0,14345.0,4824.0,11.0991456673128,32.04809286898839,9.139072847682119,27.176616915422887,44.91456673128006
4122172,Rio Branco do Ivaí - PR,685.0,279886.0,629,419702.0,3808.0,3835.0,1375.0,17.988445378151262,49.81818181818182,16.401564537157757,45.74545454545454,73.49947478991596
4122206,Rio Branco do Sul - PR,2676.0,1080443.0,2458,1713770.0,37558.0,40745.0,13318.0,7.124980030885563,20.093107073134103,6.03264204196834,18.45622465835711,28.767319878587784
4122305,Rio Negro - PR,720.0,292711.0,1023,691354.0,31324.0,31954.0,10991.0,2.2985570169837826,6.5508143026112275,3.201477123364837,9.307615321626786,9.3446239305325
4122404,Rolândia - PR,2338.0,944800.0,2743,1835183.0,71670.0,76671.0,25778.0,3.262173852378959,9.06974939871208,3.577623873433241,10.640856544340135,13.182642667782893
4122503,Roncador - PR,631.0,253496.0,458,286123.0,11251.0,11321.0,4327.0,5.608390365300862,14.58285186041137,4.04557901245473,10.584700716431708,22.53097502444227
4122602,Rondon - PR,481.0,195293.0,388,261514.0,9097.0,9261.0,3371.0,5.287457403539628,14.268762978344705,4.189612352877659,11.509937703945416,21.467846542816314
4122651,Rosário do Ivaí - PR,599.0,240378.0,553,362258.0,5435.0,5475.0,2079.0,11.021159153633855,28.811928811928812,10.100456621004566,26.5993265993266,44.22778288868445
4122701,Sabáudia - PR,341.0,140575.0,427,298678.0,8822.0,9678.0,3170.0,3.865336658354115,10.757097791798108,4.412068609216781,13.470031545741325,15.934595329857176
4122800,Salgado Filho - PR,144.0,58110.0,108,67995.0,4075.0,4074.0,1550.0,3.5337423312883436,9.290322580645162,2.6509572901325478,6.967741935483871,14.260122699386503
4122909,Salto do Itararé - PR,378.0,154090.0,431,299948.0,5192.0,5214.0,1997.0,7.280431432973806,18.928392588883327,8.26620636747219,21.58237356034051,29.678351309707242
4123006,Salto do Lontra - PR,628.0,253738.0,695,485043.0,15223.0,15800.0,5630.0,4.125336661630428,11.154529307282415,4.39873417721519,12.344582593250443,16.6680680549169
4123105,Santa Amélia - PR,251.0,101645.0,155,102709.0,3394.0,3333.0,1290.0,7.395403653506188,19.45736434108527,4.65046504650465,12.015503875968992,29.948438420742487
4123204,Santa Cecília do Pavão - PR,231.0,93182.0,198,136877.0,3365.0,3340.0,1301.0,6.864784546805349,17.755572636433513,5.92814371257485,15.219062259800154,27.691530460624072
4123303,Santa Cruz de Monte Castelo - PR,583.0,234513.0,586,391523.0,8613.0,8872.0,3225.0,6.768837803320562,18.07751937984496,6.605049594229035,18.170542635658915,27.227795193312435
4123402,Santa Fé - PR,280.0,113305.0,223,144782.0,11378.0,11789.0,4258.0,2.460889435753208,6.575857209957727,1.891593858681822,5.237200563644904,9.958252768500616
4123501,Santa Helena - PR,893.0,363364.0,744,482270.0,25492.0,26601.0,9524.0,3.5030597834614783,9.376312473750525,2.796887335062592,7.811843763124737,14.254040483288875
4123600,Santa Inês - PR,139.0,59536.0,110,71562.0,1748.0,1739.0,677.0,7.951945080091533,20.53175775480059,6.325474410580793,16.248153618906944,34.05949656750572
4123709,Santa Isabel do Ivaí - PR,330.0,134080.0,268,171252.0,8912.0,9052.0,3469.0,3.702872531418312,9.512827904295186,2.960671674768007,7.725569328336697,15.044883303411131
4123808,Santa Izabel do Oeste - PR,355.0,142230.0,306,204758.0,14070.0,14519.0,5176.0,2.5230987917555083,6.858578052550232,2.1075831668847718,5.911901081916538,10.108742004264393
4123824,Santa Lúcia - PR,216.0,87076.0,192,133793.0,3644.0,3621.0,1389.0,5.92755214050494,15.550755939524837,5.302402651201326,13.822894168466522,23.895718990120745
4123857,Santa Maria do Oeste - PR,1136.0,456818.0,1109,748043.0,9934.0,9786.0,3606.0,11.43547412925307,31.503050471436495,11.332515838953608,30.754298391569606,45.98530299979867
4123907,Santa Mariana - PR,942.0,379453.0,777,507699.0,11066.0,10856.0,4216.0,8.51256099765046,22.343453510436433,7.157332350773766,18.42979127134725,34.28998734863546
4123956,Santa Mônica - PR,315.0,127598.0,262,176889.0,3356.0,3348.0,1252.0,9.386174016686532,25.159744408945688,7.825567502986858,20.926517571884983,38.020858164481524
4124004,Santana do Itararé - PR,355.0,142593.0,398,269011.0,5514.0,5663.0,2099.0,6.438157417482771,16.912815626488804,7.0280769909941725,18.96141019533111,25.860174102285093
4124020,Santa Tereza do Oeste - PR,681.0,274223.0,623,421188.0,13174.0,14113.0,4667.0,5.169272810080462,14.591814870366402,4.414369730036137,13.349046496678808,20.81546986488538
4124053,Santa Terezinha de Itaipu - PR,669.0,270173.0,1209,820231.0,24262.0,25510.0,8619.0,2.757398400791361,7.76192133658197,4.739317914543316,14.027149321266968,11.135644217294535
4124103,Santo Antônio da Platina - PR,2359.0,959387.0,2811,1897291.0,44369.0,45730.0,16071.0,5.316775225946043,14.678613651919607,6.146949486114148,17.491133096882585,21.622912393788457
4124202,Santo Antônio do Caiuá - PR,175.0,70974.0,109,72748.0,2493.0,2460.0,980.0,7.019655034095467,17.857142857142858,4.430894308943089,11.122448979591837,28.469314079422382
4124301,Santo Antônio do Paraíso - PR,144.0,58740.0,126,88748.0,2125.0,2070.0,819.0,6.776470588235294,17.582417582417584,6.086956521739131,15.384615384615385,27.64235294117647
4124400,Santo Antônio do Sudoeste - PR,990.0,399882.0,975,646761.0,23673.0,25273.0,8391.0,4.1819794702826005,11.798355380765106,3.8578720373521147,11.619592420450482,16.891902167025727
4124509,Santo Inácio - PR,92.0,36920.0,76,50822.0,6181.0,6521.0,2277.0,1.4884322925093028,4.040404040404041,1.1654654194142002,3.3377250768555116,5.973143504287332
4124608,São Carlos do Ivaí - PR,544.0,218953.0,430,287404.0,6587.0,6741.0,2370.0,8.25869136177319,22.953586497890296,6.378875537754042,18.143459915611814,33.24017003188098
4124707,São Jerônimo da Serra - PR,781.0,316734.0,1022,715219.0,10830.0,10853.0,3949.0,7.211449676823638,19.77715877437326,9.41675112872017,25.879969612560142,29.245983379501386
4124806,São João - PR,457.0,184674.0,263,165898.0,11886.0,12377.0,4545.0,3.844859498569746,10.055005500550054,2.124909105599095,5.786578657865786,15.537102473498233
4124905,São João do Caiuá - PR,669.0,271036.0,442,296671.0,5586.0,5587.0,2179.0,11.976369495166487,30.70215695273061,7.911222480758904,20.284534189995412,48.520587182241314
4125001,São João do Ivaí - PR,755.0,305444.0,703,483691.0,10667.0,10586.0,4213.0,7.077903815505765,17.920721576074058,6.640846400906858,16.686446712556375,28.63448017249461
4125100,São João do Triunfo - PR,688.0,276229.0,527,356172.0,13726.0,13900.0,4908.0,5.012385254261985,14.017929910350448,3.79136690647482,10.737571312143439,20.124508232551364
4125209,São Jorge d'Oeste - PR,275.0,110203.0,227,157839.0,9378.0,9605.0,3557.0,2.932394966943911,7.731234186111892,2.3633524206142633,6.381782400899635,11.751226274258904
4125308,São Jorge do Ivaí - PR,180.0,72194.0,138,84589.0,5168.0,5149.0,1925.0,3.48297213622291,9.35064935064935,2.6801320644785394,7.1688311688311686,13.969427244582043
4125357,São Jorge do Patrocínio - PR,155.0,64044.0,171,116492.0,6504.0,6718.0,2513.0,2.383148831488315,6.167926780740151,2.5454004167907116,6.804615996816554,9.846863468634686
4125407,São José da Boa Vista - PR,402.0,162189.0,306,217905.0,6040.0,5994.0,2358.0,6.655629139072848,17.048346055979643,5.105105105105105,12.977099236641221,26.85248344370861
4125456,São José das Palmeiras - PR,227.0,92171.0,235,159787.0,3957.0,4039.0,1513.0,5.736669193833713,15.003304692663582,5.81827184946769,15.532055518836748,23.29315137730604
4125506,São José dos Pinhais - PR,15075.0,6126459.0,15698,10560703.0,329628.0,353874.0,117132.0,4.573337216498598,12.870095277123246,4.436042207113267,13.401973841477991,18.585978739670175
4125555,São Manoel do Paraná - PR,83.0,33329.0,59,37929.0,2138.0,2178.0,808.0,3.882132834424696,10.272277227722773,2.7089072543618,7.301980198019802,15.588868101028998
4125605,São Mateus do Sul - PR,2181.0,877185.0,1206,741956.0,42366.0,43558.0,15513.0,5.147996034556012,14.059176174821118,2.7687221635520456,7.774124927480178,20.704928480385213
4125704,São Miguel do Iguaçu - PR,1085.0,441257.0,1506,1024351.0,29122.0,30624.0,10685.0,3.725705652084335,10.154422087037904,4.917711598746082,14.094525035095929,15.15201565826523
4125753,São Pedro do Iguaçu - PR,556.0,224854.0,498,337117.0,5784.0,5686.0,2206.0,9.612724757952973,25.203989120580236,8.758353851565248,22.57479601087942,38.875172890733054
4125803,São Pedro do Ivaí - PR,752.0,305987.0,617,416421.0,8690.0,8423.0,3353.0,8.653624856156501,22.427676707426187,7.325181051881752,18.40143155383239,35.21139240506329
4125902,São Pedro do Paraná - PR,71.0,29271.0,84,55547.0,2661.0,2736.0,985.0,2.6681698609545283,7.208121827411167,3.0701754385964914,8.527918781725889,11.0
4126009,São Sebastião da Amoreira - PR,970.0,397267.0,739,484221.0,8063.0,8028.0,2985.0,12.03026168919757,32.49581239530988,9.205281514698555,24.7571189279732,49.270370829715986
4126108,São Tomé - PR,298.0,121512.0,223,155115.0,5232.0,5275.0,1950.0,5.695718654434251,15.282051282051283,4.2274881516587675,11.435897435897436,23.224770642201836
4126207,Sapopema - PR,583.0,236981.0,624,421920.0,6695.0,6775.0,2401.0,8.707991038088126,24.28154935443565,9.210332103321033,25.98917117867555,35.39671396564601
4126256,Sarandi - PR,1625.0,653186.0,3259,2249622.0,118455.0,130211.0,42848.0,1.3718289645857076,3.7924757281553396,2.502860741412016,7.605955937266617,5.514212148073108
4126272,Saudade do Iguaçu - PR,364.0,145731.0,321,225286.0,6108.0,6479.0,2119.0,5.95939751146038,17.177914110429448,4.954468282142306,15.14865502595564,23.859037328094303
4126306,Sengés - PR,930.0,376661.0,840,603107.0,17270.0,17151.0,6101.0,5.385060799073538,15.243402720865431,4.897673605037607,13.76823471562039,21.81013317892299
4126355,Serranópolis do Iguaçu - PR,125.0,50765.0,127,87780.0,5007.0,5188.0,1841.0,2.4965048931495906,6.7897881586094515,2.447956823438705,6.898424769147202,10.138805672059117
4126405,Sertaneja - PR,220.0,88708.0,227,145502.0,5616.0,5642.0,2191.0,3.9173789173789175,10.04107713372889,4.02339595887983,10.360565951620265,15.795584045584045
4126504,Sertanópolis - PR,691.0,280625.0,743,480014.0,15930.0,16228.0,5839.0,4.3377275580665415,11.834218188045899,4.578506285432586,12.7247816406919,17.61613308223478
4126603,Siqueira Campos - PR,997.0,404137.0,986,675010.0,22811.0,24299.0,8615.0,4.370698347288589,11.572838073128265,4.057780155561957,11.445153801508996,17.716759458156154
4126652,Sulina - PR,186.0,74987.0,126,80360.0,3440.0,3501.0,1340.0,5.406976744186046,13.880597014925373,3.5989717223650386,9.402985074626866,21.798546511627908
4126678,Tamarana - PR,725.0,294236.0,754,512925.0,10707.0,10444.0,3686.0,6.771271131035771,19.669017905588714,7.219456147070088,20.455778621812264,27.480713551881948
4126702,Tamboara - PR,343.0,138213.0,186,115539.0,4880.0,4999.0,1865.0,7.028688524590164,18.39142091152815,3.720744148829766,9.973190348525469,28.322336065573772
4126801,Tapejara - PR,613.0,248895.0,644,454730.0,15869.0,16404.0,5815.0,3.8628773079589136,10.541702493551162,3.925871738600341,11.074806534823733,15.68435314134476
4126900,Tapira - PR,420.0,170072.0,296,188597.0,5745.0,5802.0,2251.0,7.310704960835509,18.658374055975123,5.10168907273354,13.149711239449134,29.603481288076587
4127007,Teixeira Soares - PR,987.0,398906.0,845,589283.0,9547.0,9495.0,3326.0,10.338326175762019,29.67528562838244,8.89942074776198,25.40589296452195,41.78338745155546
4127106,Telêmaco Borba - PR,1766.0,718965.0,1675,1159465.0,75042.0,77798.0,26428.0,2.3533487913435143,6.682306644467989,2.1530116455435873,6.337974875132435,9.580834732549771
4127205,Terra Boa - PR,505.0,204205.0,446,298105.0,17568.0,18278.0,6514.0,2.874544626593807,7.752533005833589,2.4400919137761243,6.846791525944121,11.623690801457196
4127304,Terra Rica - PR,1097.0,443839.0,1036,706358.0,14842.0,14938.0,5526.0,7.391187171540223,19.851610568222945,6.935332708528585,18.74773796597901,29.904258186228272
4127403,Terra Roxa - PR,457.0,186968.0,634,443934.0,18119.0,18719.0,6763.0,2.5222142502345606,6.757356202868549,3.3869330626636036,9.374537926955494,10.318891771069044
4127502,Tibagi - PR,2255.0,916022.0,1888,1288358.0,19961.0,20408.0,7030.0,11.29702920695356,32.07681365576102,9.251274010192082,26.856330014224753,45.890586643955714
4127601,Tijucas do Sul - PR,1789.0,726009.0,1656,1136536.0,17621.0,18646.0,6400.0,10.152658759434765,27.953125,8.881261396546176,25.875,41.20135066114295
4127700,Toledo - PR,2375.0,962897.0,3352,2225644.0,150470.0,162658.0,56389.0,1.5783877184820894,4.211814360956924,2.0607655325898513,5.944421784390572,6.399262311424204
4127809,Tomazina - PR,570.0,230140.0,489,327701.0,8426.0,8500.0,3196.0,6.764775694279611,17.834793491864833,5.752941176470588,15.300375469336672,27.313078566342273
4127858,Três Barras do Paraná - PR,1110.0,452653.0,712,458109.0,11135.0,11115.0,4098.0,9.968567579703636,27.086383601756953,6.405757984705353,17.374328940946803,40.65136955545577
4127882,Tunas do Paraná - PR,731.0,295110.0,717,503447.0,6219.0,6859.0,2104.0,11.754301334619713,34.743346007604565,10.453418865723867,34.07794676806083,47.45296671490593
4127908,Tuneiras do Oeste - PR,442.0,179522.0,357,245623.0,8067.0,8028.0,3075.0,5.4791124333705215,14.373983739837398,4.446935724962631,11.609756097560975,22.253873806867485
4127957,Tupãssi - PR,198.0,80386.0,268,180491.0,8077.0,8213.0,3045.0,2.4514052247121456,6.502463054187192,3.2631194447826615,8.801313628899836,9.952457595641945
4127965,Turvo - PR,982.0,396747.0,978,631404.0,14231.0,14110.0,5015.0,6.900428641697702,19.58125623130608,6.931254429482636,19.50149551345962,27.87906682594336
4128005,Ubiratã - PR,1886.0,762767.0,1507,977228.0,24749.0,25928.0,9227.0,7.620509919592711,20.4400130053105,5.812249305769824,16.33250243849572,30.820113943997736
4128104,Umuarama - PR,4424.0,1803702.0,4353,2922903.0,117095.0,124077.0,44244.0,3.778128869721167,9.999095922610975,3.5083053265311057,9.838622186059126,15.403749092617106
4128203,União da Vitória - PR,2300.0,927277.0,2265,1547985.0,55033.0,56701.0,19982.0,4.1793105954609056,11.510359323391052,3.9946385425301143,11.335201681513363,16.84947213490088
4128302,Uniflor - PR,96.0,38719.0,125,85025.0,2136.0,2086.0,805.0,4.49438202247191,11.925465838509316,5.992329817833173,15.527950310559007,18.12687265917603
4128401,Uraí - PR,961.0,390521.0,665,424882.0,10406.0,10242.0,4041.0,9.235056698058813,23.781242266765652,6.492872485842609,16.45632269240287,37.528445127810876
4128500,Wenceslau Braz - PR,1251.0,512376.0,1633,1124879.0,19188.0,19392.0,7100.0,6.519699812382739,17.619718309859156,8.420998349834983,23.0,26.702939337085677
4128534,Ventania - PR,864.0,347095.0,768,504020.0,9681.0,9742.0,3444.0,8.924697861791138,25.087108013937282,7.883391500718538,22.299651567944252,35.8532176428055
4128559,Vera Cruz do Oeste - PR,321.0,129627.0,253,163549.0,8215.0,8131.0,3140.0,3.9074863055386486,10.222929936305732,3.1115483950313614,8.05732484076433,15.779306147291539
4128609,Verê - PR,276.0,111508.0,166,104030.0,7932.0,8080.0,2925.0,3.479576399394856,9.435897435897436,2.0544554455445545,5.6752136752136755,14.057992939989914
4128625,Alto Paraíso - PR,240.0,97569.0,281,189310.0,3055.0,3058.0,1135.0,7.855973813420622,21.145374449339208,9.189012426422499,24.75770925110132,31.93747954173486
4128633,Doutor Ulysses - PR,819.0,331428.0,773,502160.0,5697.0,5742.0,2067.0,14.375987361769353,39.62264150943396,13.462208289794496,37.39719400096759,58.17588204318062
4128658,Virmond - PR,221.0,88922.0,153,101962.0,3811.0,3818.0,1404.0,5.799002886381527,15.74074074074074,4.007333682556312,10.897435897435898,23.332983468905798
4128708,Vitorino - PR,419.0,168120.0,443,319729.0,9706.0,10724.0,3485.0,4.316917370698537,12.022955523672884,4.130921298023126,12.711621233859397,17.321244590974654
4128807,Xambrê - PR,337.0,136849.0,410,287355.0,5798.0,5822.0,2200.0,5.812349085891687,15.318181818181818,7.042253521126761,18.636363636363637,23.60279406691963
4200051,Abdon Batista - SC,155.0,63602.0,160,114397.0,2598.0,2628.0,969.0,5.9661277906081605,15.995872033023735,6.0882800608828,16.51186790505676,24.48113933795227
4200101,Abelardo Luz - SC,1708.0,692574.0,1491,1037160.0,17392.0,17797.0,6030.0,9.820607175712972,28.325041459369817,8.377816485924594,24.72636815920398,39.82141214351426
4200200,Agrolândia - SC,172.0,69895.0,176,128225.0,10990.0,11798.0,3914.0,1.565059144676979,4.394481349003577,1.4917782675029667,4.496678589678079,6.359872611464968
4200309,Agronômica - SC,35.0,14218.0,76,57300.0,6055.0,6453.0,2229.0,0.5780346820809249,1.570210856886496,1.1777467844413452,3.4096007178106773,2.3481420313790258
4200408,Água Doce - SC,92.0,38071.0,66,41058.0,6508.0,6547.0,2430.0,1.4136447449293177,3.786008230452675,1.0080953108293875,2.7160493827160495,5.849877074370006
4200507,Águas de Chapecó - SC,293.0,118530.0,207,142704.0,6036.0,6118.0,2274.0,4.854208084824387,12.884784520668426,3.3834586466165413,9.102902374670185,19.63717693836978
4200556,Águas Frias - SC,53.0,21372.0,41,27809.0,2839.0,3036.0,1026.0,1.8668545262416343,5.165692007797271,1.3504611330698286,3.996101364522417,7.528002817893625
4200606,Águas Mornas - SC,56.0,23073.0,172,121793.0,6743.0,7301.0,2460.0,0.8304908794305206,2.2764227642276422,2.3558416655252703,6.991869918699187,3.4217707251965
4200705,Alfredo Wagner - SC,464.0,189337.0,426,291053.0,10481.0,11061.0,3893.0,4.427058486785612,11.918828666837914,3.851369677244372,10.942717698433086,18.06478389466654
4200754,Alto Bela Vista - SC,25.0,10021.0,23,14570.0,1856.0,1834.0,725.0,1.3469827586206897,3.4482758620689653,1.2540894220283534,3.1724137931034484,5.399245689655173
4200804,Anchieta - SC,176.0,70604.0,86,57442.0,5943.0,5922.0,2276.0,2.961467272421336,7.73286467486819,1.452212090509963,3.7785588752196837,11.880195187615682
4200903,Angelina - SC,119.0,47764.0,149,97469.0,5358.0,5489.0,1993.0,2.220977976857036,5.970898143502258,2.7145199489888867,7.4761665830406425,8.91452034341172
4201000,Anita Garibaldi - SC,971.0,392979.0,676,451375.0,8285.0,8311.0,3125.0,11.71997585998793,31.072,8.133798580194922,21.632,47.43258901629451
4201109,Anitápolis - SC,175.0,71353.0,95,65462.0,3593.0,3792.0,1331.0,4.870581686612859,13.14800901577761,2.5052742616033754,7.137490608564988,19.858892290564988
4201208,Antônio Carlos - SC,225.0,92226.0,154,104806.0,11224.0,12803.0,3777.0,2.0046329294369207,5.957108816521049,1.202843083652269,4.077310034418851,8.216856735566642
4201257,Apiúna - SC,130.0,52921.0,88,60974.0,9811.0,10061.0,3535.0,1.3250433187238813,3.6775106082036775,0.8746645462677666,2.489391796322489,5.394047497706656
4201273,Arabutã - SC,63.0,25924.0,36,25559.0,4378.0,4522.0,1605.0,1.439013248058474,3.925233644859813,0.796107916850951,2.2429906542056073,5.921425308359982
4201307,Araquari - SC,2025.0,828862.0,1946,1384279.0,45283.0,53939.0,15025.0,4.471876863282026,13.477537437603994,3.6077791579376703,12.951747088186355,18.304043460018107
4201406,Araranguá - SC,1762.0,712066.0,2095,1418484.0,71922.0,77625.0,26770.0,2.449876254831623,6.581994770265222,2.6988727858293076,7.825924542398207,9.900531130947416
4201505,Armazém - SC,268.0,110101.0,313,229833.0,8834.0,9388.0,3250.0,3.0337333031469322,8.246153846153845,3.334043459735833,9.63076923076923,12.463323522752999
4201604,Arroio Trinta - SC,36.0,14548.0,26,16092.0,3556.0,3640.0,1391.0,1.0123734533183353,2.5880661394680087,0.7142857142857143,1.8691588785046729,4.09111361079865
4201653,Arvoredo - SC,43.0,17593.0,42,29126.0,2510.0,2646.0,870.0,1.7131474103585658,4.942528735632184,1.5873015873015872,4.827586206896552,7.009163346613546
4201703,Ascurra - SC,145.0,59336.0,153,111657.0,8319.0,8804.0,3019.0,1.7429979564851545,4.80291487247433,1.7378464334393458,5.067903279231533,7.132588051448492
4201802,Atalanta - SC,39.0,15727.0,40,28348.0,3227.0,3263.0,1200.0,1.2085528354508832,3.25,1.225865767698437,3.3333333333333335,4.873566780291292
4201901,Aurora - SC,53.0,21688.0,75,54263.0,6780.0,7352.0,2431.0,0.7817109144542773,2.1801727684080627,1.0201305767138193,3.0851501439736735,3.1988200589970504
4201950,Balneário Arroio do Silva - SC,863.0,351332.0,1159,829701.0,15820.0,18343.0,6020.0,5.4551201011378,14.335548172757475,6.318486616147849,19.25249169435216,22.208091024020227
4202008,Balneário Camboriú - SC,2670.0,1085590.0,2836,1861776.0,139155.0,154525.0,57862.0,1.9187237253422442,4.614427430783588,1.8353017311114705,4.901316926480246,7.8013007078437715
4202057,Balneário Barra do Sul - SC,846.0,346961.0,846,588150.0,14912.0,17533.0,5797.0,5.673283261802575,14.593755390719338,4.825186790623396,14.593755390719338,23.267234442060087
4202073,Balneário Gaivota - SC,729.0,300927.0,869,608244.0,15669.0,18651.0,5970.0,4.652498564043653,12.21105527638191,4.659267599592515,14.55611390284757,19.20524602718744
4202081,Bandeirante - SC,107.0,42800.0,98,63473.0,3144.0,3287.0,1141.0,3.4033078880407124,9.377738825591587,2.9814420444174017,8.588957055214724,13.61323155216285
4202099,Barra Bonita - SC,68.0,27412.0,58,40537.0,1668.0,1628.0,611.0,4.07673860911271,11.129296235679215,3.5626535626535625,9.492635024549918,16.434052757793765
4202107,Barra Velha - SC,1784.0,732680.0,1871,1268658.0,45369.0,54854.0,16156.0,3.9322004011549736,11.042337212181232,3.410872497903526,11.58083684080218,16.149353082501268
4202131,Bela Vista do Toldo - SC,444.0,179669.0,332,227552.0,5872.0,5929.0,2081.0,7.561307901907357,21.3358962037482,5.5995952099848205,15.953868332532437,30.59758174386921
4202156,Belmonte - SC,83.0,34107.0,73,51772.0,2658.0,2715.0,953.0,3.122648607975922,8.709338929695697,2.6887661141804786,7.660020986358867,12.831828442437923
4202206,Benedito Novo - SC,128.0,52640.0,131,90145.0,10520.0,10755.0,3715.0,1.2167300380228137,3.445491251682369,1.218038121803812,3.5262449528936743,5.003802281368821
4202305,Biguaçu - SC,2936.0,1206220.0,3227,2140869.0,76773.0,85472.0,28300.0,3.8242611334714027,10.374558303886927,3.7755054286783976,11.402826855123674,15.711513162179411
4202404,Blumenau - SC,5521.0,2262839.0,6436,4286530.0,361261.0,390371.0,137282.0,1.528257963079325,4.021648868751912,1.6486880429130237,4.688160137527134,6.263723457555618
4202438,Bocaina do Sul - SC,302.0,121930.0,241,155426.0,3515.0,3660.0,1324.0,8.591749644381224,22.809667673716014,6.584699453551913,18.202416918429,34.688477951635846
4202453,Bombinhas - SC,941.0,390123.0,1086,732483.0,25058.0,29722.0,9064.0,3.7552877324606913,10.381729920564872,3.653859094273602,11.981465136804943,15.568800383111181
4202503,Bom Jardim da Serra - SC,370.0,151188.0,493,349633.0,4026.0,3964.0,1528.0,9.190263288623944,24.214659685863875,12.436932391523714,32.26439790575916,37.55290611028316
4202537,Bom Jesus - SC,213.0,85819.0,237,159518.0,2777.0,2919.0,974.0,7.670147641339575,21.86858316221766,8.119218910585817,24.33264887063655,30.90349297803385
4202578,Bom Jesus do Oeste - SC,68.0,27738.0,74,52112.0,2187.0,2245.0,804.0,3.1092821216278006,8.457711442786069,3.2962138084632517,9.203980099502488,12.683127572016462
4202602,Bom Retiro - SC,720.0,297583.0,459,318861.0,8418.0,8378.0,3037.0,8.553100498930862,23.707606190319392,5.478634518978277,15.113598946328613,35.35079591351865
4202701,Botuverá - SC,116.0,47302.0,81,51275.0,5363.0,5786.0,1976.0,2.1629684877866864,5.870445344129554,1.399930867611476,4.09919028340081,8.820063397352229
4202800,Braço do Norte - SC,719.0,294986.0,846,589052.0,33773.0,36426.0,11856.0,2.1289195511207177,6.064439946018894,2.3225168835447207,7.135627530364372,8.734373612056968
4202859,Braço do Trombudo - SC,43.0,17310.0,4,1755.0,4026.0,4308.0,1494.0,1.0680576254346745,2.8781793842034804,0.09285051067780872,0.2677376171352075,4.299552906110283
4202875,Brunópolis - SC,179.0,72000.0,145,95011.0,2489.0,2402.0,935.0,7.191643230212937,19.144385026737968,6.036636136552873,15.508021390374331,28.92728003214142
4202909,Brusque - SC,2817.0,1153798.0,2281,1513222.0,141385.0,158593.0,50275.0,1.9924320118824486,5.603182496270512,1.4382728115364487,4.537046245648931,8.16068182621919
4203006,Caçador - SC,2111.0,859217.0,2562,1760368.0,73720.0,76591.0,26333.0,2.863537710255019,8.016557171609767,3.3450405400112286,9.729237078950366,11.655141074335322
4203105,Caibi - SC,314.0,126990.0,42,23021.0,6304.0,6451.0,2310.0,4.980964467005077,13.593073593073592,0.6510618508758332,1.8181818181818181,20.144352791878173
4203154,Calmon - SC,336.0,137365.0,275,190965.0,3443.0,3525.0,1127.0,9.758931164681963,29.81366459627329,7.801418439716312,24.40106477373558,39.89689224513506
4203204,Camboriú - SC,2574.0,1038033.0,2905,1945771.0,103074.0,121040.0,36483.0,2.4972349962163105,7.055340843680618,2.400033046926636,7.962612723734342,10.070754991559463
4203253,Capão Alto - SC,127.0,52250.0,115,79845.0,2625.0,2636.0,1002.0,4.838095238095238,12.674650698602795,4.362670713201821,11.477045908183634,19.904761904761905
4203303,Campo Alegre - SC,310.0,127066.0,331,233478.0,12501.0,13007.0,4404.0,2.4798016158707306,7.03905540417802,2.544783578073345,7.51589464123524,10.164466842652589
4203402,Campo Belo do Sul - SC,531.0,213906.0,568,361233.0,7257.0,7306.0,2675.0,7.317073170731708,19.850467289719628,7.77443197372023,21.233644859813083,29.475816453079783
4203501,Campo Erê - SC,745.0,303288.0,610,399616.0,9623.0,9884.0,3485.0,7.741868440195366,21.37733142037303,6.1715904492108455,17.50358680057389,31.516990543489555
4203600,Campos Novos - SC,441.0,177471.0,357,236243.0,36932.0,39429.0,13592.0,1.1940864291129645,3.244555620953502,0.9054249410332497,2.6265450264861685,4.805344958301744
4203709,Canelinha - SC,908.0,373152.0,1215,861595.0,12821.0,13819.0,4490.0,7.082130879026597,20.22271714922049,8.792242564584992,27.06013363028953,29.10475001949926
4203808,Canoinhas - SC,2000.0,814674.0,1855,1286892.0,55016.0,57169.0,19730.0,3.6353060927730114,10.13684744044602,3.244765519774703,9.401926001013685,14.807946779118803
4203907,Capinzal - SC,277.0,111377.0,270,181853.0,23314.0,24647.0,8948.0,1.1881273054816848,3.095663835493965,1.0954680082768693,3.017434063477872,4.777258299734066
4203956,Capivari de Baixo - SC,284.0,114894.0,315,211629.0,23975.0,25226.0,8586.0,1.1845672575599584,3.3077102259492195,1.248711646713708,3.668763102725367,4.792241918665276
4204004,Catanduvas - SC,505.0,207672.0,380,259526.0,10566.0,11126.0,3822.0,4.779481355290555,13.212977498691785,3.4154233327341363,9.942438513867085,19.65474162407723
4204103,Caxambu do Sul - SC,294.0,120304.0,175,115862.0,4614.0,4794.0,1675.0,6.371911573472041,17.55223880597015,3.6503963287442636,10.447761194029852,26.073688773298656
4204152,Celso Ramos - SC,163.0,65697.0,175,124217.0,2805.0,2868.0,1031.0,5.811051693404635,15.809893307468478,6.101813110181311,16.973811833171677,23.42139037433155
4204178,Cerro Negro - SC,322.0,131117.0,256,161200.0,3317.0,3280.0,1197.0,9.707567078685559,26.900584795321638,7.804878048780488,21.386800334168754,39.52879107627374
4204194,Chapadão do Lageado - SC,53.0,21255.0,30,21889.0,2950.0,3070.0,1078.0,1.7966101694915255,4.916512059369202,0.9771986970684039,2.782931354359926,7.205084745762712
4204202,Chapecó - SC,5703.0,2305380.0,3541,2320919.0,254785.0,289170.0,92905.0,2.2383578311125065,6.138528604488456,1.2245391983954075,3.811420268015715,9.048334870577154
4204251,Cocal do Sul - SC,253.0,103424.0,194,131320.0,17240.0,18295.0,6230.0,1.4675174013921113,4.06099518459069,1.0603990161246242,3.113964686998395,5.99907192575406
4204301,Concórdia - SC,1110.0,452384.0,1043,709835.0,81646.0,88402.0,30419.0,1.3595277172182347,3.6490351425096157,1.1798375602361937,3.4287780663401164,5.5407980795139995
4204350,Cordilheira Alta - SC,99.0,40404.0,193,134024.0,4781.0,5305.0,1664.0,2.070696507006902,5.949519230769231,3.6380772855796417,11.598557692307692,8.450951683748169
4204400,Coronel Freitas - SC,310.0,124450.0,344,230231.0,10388.0,10626.0,3721.0,2.9842125529457064,8.3310937919914,3.2373423677771505,9.244826659500134,11.980169426261071
4204459,Coronel Martins - SC,73.0,29200.0,51,32935.0,2065.0,1959.0,762.0,3.5351089588377724,9.58005249343832,2.6033690658499236,6.692913385826771,14.14043583535109
4204509,Corupá - SC,304.0,125228.0,340,238138.0,15267.0,16042.0,5427.0,1.9912228990633392,5.601621522019532,2.11943647924199,6.264971439100792,8.202528329075784
4204558,Correia Pinto - SC,986.0,397553.0,903,631604.0,15727.0,16341.0,5639.0,6.269472881032619,17.48536974640894,5.525977602349918,16.013477566944495,25.278374769504673
4204608,Criciúma - SC,4781.0,1958268.0,4959,3366350.0,214493.0,229333.0,79776.0,2.2289771694181164,5.9930304853590055,2.1623577941247007,6.21615523465704,9.129752486095118
4204707,Cunha Porã - SC,148.0,59940.0,145,91723.0,10953.0,11276.0,4189.0,1.3512279740710307,3.533062783480544,1.2859169918410784,3.4614466459775604,5.472473294987674
4204756,Cunhataí - SC,9.0,3600.0,9,7279.0,1968.0,2078.0,703.0,0.4573170731707317,1.2802275960170697,0.4331087584215592,1.2802275960170697,1.829268292682927
4204806,Curitibanos - SC,2227.0,902121.0,2140,1464792.0,40045.0,41964.0,14314.0,5.5612436009489326,15.558194774346793,5.09960918882852,14.950398211541149,22.52768135847172
4204905,Descanso - SC,147.0,60388.0,144,102094.0,8530.0,8610.0,3128.0,1.723329425556858,4.6994884910485935,1.6724738675958188,4.603580562659847,7.079484173505276
4205001,Dionísio Cerqueira - SC,570.0,232595.0,521,364188.0,15008.0,15337.0,5630.0,3.7979744136460556,10.124333925399645,3.397013757579709,9.253996447602132,15.498067697228144
4205100,Dona Emma - SC,41.0,16945.0,52,36499.0,4221.0,4482.0,1455.0,0.9713338071547026,2.8178694158075603,1.1601963409192324,3.5738831615120277,4.014451551764985
4205159,Doutor Pedrinho - SC,23.0,9221.0,50,34280.0,3637.0,3721.0,1363.0,0.6323893318669233,1.6874541452677916,1.3437248051599033,3.668378576669112,2.5353313170195215
4205175,Entre Rios - SC,428.0,173019.0,410,268796.0,3402.0,3596.0,1173.0,12.580834803057025,36.48763853367434,11.401557285873192,34.95311167945439,50.858024691358025
4205191,Ermo - SC,117.0,48459.0,107,72484.0,2269.0,2342.0,809.0,5.156456588805641,14.46229913473424,4.5687446626814685,13.22620519159456,21.356985456148085
4205209,Erval Velho - SC,44.0,18240.0,28,17589.0,4885.0,5193.0,1880.0,0.9007164790174002,2.3404255319148937,0.5391873676102446,1.4893617021276595,3.7338792221084955
4205308,Faxinal dos Guedes - SC,271.0,110469.0,189,123184.0,11192.0,11588.0,4035.0,2.421372408863474,6.716232961586122,1.6309975837072834,4.684014869888476,9.870353824160114
4205357,Flor do Sertão - SC,31.0,12674.0,41,26556.0,1783.0,1886.0,663.0,1.7386427369601796,4.675716440422323,2.1739130434782608,6.184012066365008,7.108244531688166
4205407,Florianópolis - SC,13928.0,5646492.0,12759,8352816.0,537211.0,598370.0,219739.0,2.592649815435648,6.338428772316248,2.132292728579307,5.8064339966960805,10.510752758227214
4205431,Formosa do Sul - SC,105.0,42766.0,73,46920.0,2682.0,2759.0,952.0,3.9149888143176734,11.029411764705882,2.6458861906487856,7.668067226890757,15.945563012677107
4205456,Forquilhinha - SC,538.0,219763.0,878,627628.0,31431.0,35582.0,10857.0,1.7116859151792816,4.955328359583679,2.467539767298072,8.086948512480427,6.991918806274061
4205506,Fraiburgo - SC,1674.0,679098.0,969,590005.0,33481.0,33969.0,11916.0,4.999850661569249,14.04833836858006,2.852600900821337,8.131923464249748,20.283085929333055
4205555,Frei Rogério - SC,150.0,61443.0,131,86771.0,2411.0,2446.0,866.0,6.221484861053505,17.321016166281755,5.3556827473426,15.127020785219399,25.484446287847366
4205605,Galvão - SC,183.0,74006.0,190,128874.0,3210.0,3137.0,1155.0,5.700934579439252,15.844155844155845,6.056742110296462,16.450216450216452,23.054828660436137
4205704,Garopaba - SC,1422.0,582619.0,1746,1168827.0,29959.0,35153.0,11257.0,4.74648686538269,12.632140001776673,4.966859158535545,15.510349116105534,19.447211188624454
4205803,Garuva - SC,542.0,219264.0,474,331547.0,18545.0,20313.0,6213.0,2.9226206524669722,8.723643972316111,2.3334810220056124,7.629164654756156,11.823348611485576
4205902,Gaspar - SC,834.0,336191.0,1288,866036.0,72570.0,79645.0,25852.0,1.149235221165771,3.2260560111403374,1.6171762194739154,4.98220640569395,4.632644343392586
4206009,Governador Celso Ramos - SC,657.0,275097.0,893,626845.0,16915.0,18632.0,6156.0,3.884126514927579,10.67251461988304,4.7928295405753545,14.506172839506172,16.263493940289685
4206108,Grão-Pará - SC,218.0,88272.0,253,175219.0,6277.0,6407.0,2178.0,3.472996654452764,10.009182736455463,3.9488059934446698,11.616161616161616,14.062768838617174
4206207,Gravatal - SC,314.0,126531.0,286,198741.0,12435.0,13323.0,4626.0,2.5251306795335746,6.7877215737137915,2.1466636643398633,6.182447038478167,10.175392038600723
4206306,Guabiruba - SC,509.0,208495.0,582,404986.0,24543.0,27195.0,8367.0,2.073911094813185,6.0834229711963665,2.1400992829564256,6.955898171387594,8.495090249765717
4206405,Guaraciaba - SC,105.0,42043.0,46,32150.0,10796.0,11100.0,3986.0,0.9725824379399778,2.6342197691921725,0.4144144144144144,1.154039136979428,3.8943127084105225
4206504,Guaramirim - SC,1549.0,631402.0,1118,734556.0,46711.0,52093.0,16304.0,3.3161353856693285,9.50073601570167,2.1461616723936037,6.857212953876349,13.51720151570294
4206603,Guarujá do Sul - SC,98.0,39310.0,90,62945.0,4829.0,4888.0,1946.0,2.0294056740525988,5.0359712230215825,1.8412438625204584,4.6248715313463515,8.140401739490578
4206652,Guatambú - SC,254.0,102844.0,251,165485.0,8425.0,9947.0,2913.0,3.0148367952522257,8.71953312736011,2.523373881572333,8.616546515619635,12.20700296735905
4206702,Herval d'Oeste - SC,210.0,84954.0,293,207037.0,21724.0,22271.0,8275.0,0.9666728042717732,2.5377643504531724,1.31561223115262,3.540785498489426,3.9106057816240103
4206751,Ibiam - SC,95.0,38463.0,119,85944.0,2008.0,2067.0,716.0,4.731075697211155,13.268156424581006,5.757135945815191,16.620111731843576,19.154880478087648
4206801,Ibicaré - SC,61.0,25140.0,93,72549.0,3269.0,3287.0,1250.0,1.8660140715815234,4.88,2.829327654396106,7.44,7.6904252064851635
4206900,Ibirama - SC,264.0,107750.0,147,92229.0,19862.0,21132.0,7261.0,1.3291712818447285,3.6358628288114585,0.6956274843838728,2.0245145296791076,5.424932031013997
4207007,Içara - SC,1743.0,726203.0,1781,1211409.0,59035.0,64717.0,21095.0,2.952485813500466,8.262621474283005,2.751981704961602,8.44275894761792,12.301228085034301
4207106,Ilhota - SC,495.0,206931.0,674,465354.0,17046.0,19048.0,5861.0,2.903907074973601,8.445657737587442,3.5384292314153716,11.499744070977648,12.139563533966912
4207205,Imaruí - SC,685.0,280118.0,726,499923.0,11881.0,12171.0,4586.0,5.765507953875936,14.936764064544265,5.964998767562238,15.830789358918448,23.576971635384226
4207304,Imbituba - SC,1794.0,741061.0,1897,1302133.0,52579.0,58381.0,19946.0,3.4120085965879916,8.994284568334503,3.249344821089053,9.510678832848692,14.09423914490576
4207403,Imbuia - SC,101.0,40526.0,131,92830.0,5982.0,6166.0,2182.0,1.6883985289200936,4.62878093492209,2.124554005838469,6.003666361136572,6.774657305249081
4207502,Indaial - SC,715.0,293955.0,857,577416.0,71549.0,79523.0,25814.0,0.9993151546492614,2.76981482916247,1.0776756410095192,3.3199039281010303,4.108443164824107
4207577,Iomerê - SC,22.0,9277.0,26,16325.0,2877.0,2981.0,1066.0,0.7646854362182829,2.0637898686679175,0.8721905400872191,2.4390243902439024,3.224539450816823
4207601,Ipira - SC,87.0,35436.0,55,37139.0,4578.0,4614.0,1835.0,1.9003931847968545,4.741144414168938,1.1920242739488514,2.997275204359673,7.740498034076015
4207650,Iporã do Oeste - SC,183.0,75213.0,89,53712.0,9335.0,9846.0,3401.0,1.9603642206748795,5.380770361658336,0.9039203737558399,2.616877389003234,8.057096946973754
4207684,Ipuaçu - SC,991.0,403041.0,860,605547.0,7730.0,8218.0,2528.0,12.820181112548513,39.200949367088604,10.464833292771964,34.01898734177215,52.1398447606727
4207700,Ipumirim - SC,51.0,20937.0,53,36761.0,7816.0,8177.0,2812.0,0.6525076765609007,1.8136557610241821,0.6481594716888834,1.8847795163584637,2.6787359263050154
4207759,Iraceminha - SC,89.0,36212.0,123,81214.0,3986.0,3958.0,1466.0,2.232814851981937,6.070941336971351,3.1076301162203133,8.390177353342429,9.084796788760663
4207809,Irani - SC,208.0,83708.0,254,177926.0,10195.0,10622.0,3654.0,2.040215792054929,5.692391899288451,2.3912634155526264,6.951286261631089,8.21069151544875
4207858,Irati - SC,92.0,37398.0,69,45728.0,2069.0,2096.0,787.0,4.44659255679072,11.689961880559085,3.2919847328244276,8.767471410419313,18.075398743354278
4207908,Irineópolis - SC,662.0,269326.0,458,324442.0,10285.0,10416.0,3603.0,6.436558094312105,18.373577574243686,4.397081413210445,12.711629197890646,26.18629071463296
4208005,Itá - SC,309.0,124309.0,264,182643.0,7067.0,7430.0,2693.0,4.372435262487619,11.474192350538432,3.553162853297443,9.80319346453769,17.59006650629687
4208104,Itaiópolis - SC,869.0,352890.0,504,301805.0,22051.0,23063.0,7715.0,3.9408643598929753,11.263771872974724,2.1853184754802064,6.532728451069345,16.00335585687724
4208203,Itajaí - SC,5809.0,2377300.0,7486,5193272.0,264054.0,302247.0,94053.0,2.199928802441925,6.176304849393427,2.4767822343976946,7.959342073086451,9.003082702780492
4208302,Itapema - SC,2178.0,882270.0,2327,1605871.0,75940.0,88842.0,27423.0,2.8680537266262838,7.9422382671480145,2.6192566578870355,8.485577799657221,11.617987885172505
4208401,Itapiranga - SC,114.0,46438.0,140,96026.0,16638.0,17388.0,6004.0,0.6851785070320952,1.8987341772151898,0.8051529790660226,2.3317788141239175,2.7910806587330206
4208450,Itapoá - SC,1162.0,480443.0,1354,951030.0,30750.0,37488.0,11491.0,3.778861788617886,10.112261770080933,3.611822449850619,11.78313462709947,15.624162601626017
4208500,Ituporanga - SC,361.0,147543.0,505,346317.0,26525.0,28897.0,9514.0,1.3609802073515551,3.7944082404877024,1.7475862546285081,5.3079672062224095,5.562412818096136
4208609,Jaborá - SC,120.0,48400.0,136,101500.0,4310.0,4486.0,1543.0,2.7842227378190256,7.777057679844459,3.031654034774855,8.81399870382372,11.22969837587007
4208708,Jacinto Machado - SC,354.0,144485.0,334,248210.0,10624.0,10833.0,3951.0,3.332078313253012,8.959757023538344,3.0831717899012276,8.453556061756517,13.599868222891565
4208807,Jaguaruna - SC,571.0,238053.0,566,389924.0,20375.0,21850.0,7567.0,2.802453987730061,7.545923087088674,2.5903890160183067,7.479846702788423,11.68358282208589
4208906,Jaraguá do Sul - SC,2481.0,1014853.0,2699,1809254.0,182660.0,203204.0,66380.0,1.3582612504105989,3.737571557698102,1.3282218853959569,4.065983730039169,5.555967371071937
4208955,Jardinópolis - SC,65.0,26102.0,86,58271.0,1776.0,1811.0,676.0,3.65990990990991,9.615384615384615,4.748757592490337,12.721893491124261,14.697072072072071
4209003,Joaçaba - SC,550.0,225500.0,441,302800.0,30146.0,32103.0,11772.0,1.824454322298149,4.672103295956507,1.3737033922063357,3.746177370030581,7.480262721422411
4209102,Joinville - SC,13242.0,5419822.0,14299,9653626.0,616317.0,673980.0,221964.0,2.1485696484114505,5.965832297129264,2.1215763079023118,6.442035645419978,8.793886912092317
4209151,José Boiteux - SC,231.0,103159.0,375,284812.0,5985.0,6539.0,1878.0,3.8596491228070176,12.300319488817891,5.73482183820156,19.968051118210862,17.23625730994152
4209177,Jupiá - SC,133.0,53338.0,80,53698.0,2555.0,2744.0,947.0,5.205479452054795,14.044350580781416,2.9154518950437316,8.447729672650475,20.875929549902153
4209201,Lacerdópolis - SC,11.0,4653.0,9,6314.0,2248.0,2307.0,829.0,0.4893238434163701,1.3268998793727382,0.39011703511053314,1.0856453558504222,2.0698398576512456
4209300,Lages - SC,8963.0,3652562.0,8139,5483232.0,164981.0,173278.0,59935.0,5.4327468011467985,14.954534078585134,4.697076374381052,13.579711353966797,22.139288766585242
4209409,Laguna - SC,1000.0,403318.0,1383,908956.0,42785.0,44126.0,16399.0,2.337267734018932,6.097932800780535,3.1342065902189185,8.43344106347948,9.426621479490475
4209458,Lajeado Grande - SC,72.0,29172.0,50,34321.0,1702.0,1804.0,584.0,4.230317273795535,12.32876712328767,2.7716186252771617,8.561643835616438,17.139835487661575
4209508,Laurentino - SC,119.0,48407.0,135,96869.0,7932.0,8764.0,2938.0,1.5002521432173475,4.050374404356705,1.5403925148334094,4.59496255956433,6.102748361069088
4209607,Lauro Müller - SC,470.0,192035.0,372,248993.0,14381.0,14633.0,5281.0,3.2682010986718586,8.89982957773149,2.5421991389325496,7.044120431736413,13.353382935818093
4209706,Lebon Régis - SC,893.0,361074.0,823,575768.0,11472.0,11547.0,3874.0,7.784170153417016,23.05110996386164,7.127392396293409,21.24419204956118,31.47437238493724
4209805,Leoberto Leal - SC,143.0,57255.0,85,62939.0,3330.0,3383.0,1217.0,4.2942942942942945,11.750205423171733,2.512562814070352,6.9843878389482335,17.193693693693692
4209854,Lindóia do Sul - SC,84.0,34204.0,79,52431.0,4549.0,4597.0,1637.0,1.8465596834469113,5.131337813072694,1.7185120730911465,4.825901038485034,7.519015168168829
4209904,Lontras - SC,99.0,41596.0,84,54271.0,12873.0,14066.0,4659.0,0.7690515031461198,2.1249195106245975,0.5971847006967155,1.80296200901481,3.231259224733939
4210001,Luiz Alves - SC,184.0,74006.0,192,127456.0,11684.0,12363.0,3984.0,1.5748031496062993,4.618473895582329,1.5530211113807328,4.819277108433735,6.333960972269771
4210035,Luzerna - SC,11.0,4455.0,25,18662.0,5794.0,5970.0,2287.0,0.1898515705902658,0.4809794490599038,0.4187604690117253,1.0931351114997814,0.7688988608905765
4210050,Macieira - SC,32.0,13225.0,40,23868.0,1778.0,1792.0,648.0,1.7997750281214848,4.938271604938271,2.232142857142857,6.172839506172839,7.438132733408324
4210100,Mafra - SC,1403.0,571023.0,1596,1109150.0,55286.0,57501.0,20079.0,2.537712983395435,6.987399770904926,2.7756039025408255,7.94860301807859,10.328528017943059
4210209,Major Gercino - SC,205.0,85605.0,180,123353.0,3214.0,3248.0,1205.0,6.378344741754822,17.012448132780083,5.541871921182266,14.937759336099585,26.63503422526447
4210308,Major Vieira - SC,517.0,208543.0,452,306689.0,7425.0,7540.0,2677.0,6.962962962962963,19.312663429211803,5.994694960212201,16.884572282405678,28.086599326599327
4210407,Maracajá - SC,275.0,112536.0,262,182186.0,7815.0,8478.0,2744.0,3.5188739603326935,10.021865889212828,3.09035149799481,9.548104956268222,14.4
4210506,Maravilha - SC,409.0,165552.0,316,206759.0,28251.0,31318.0,10619.0,1.447736363314573,3.851586778416047,1.0090044064116483,2.9757980977493173,5.8600403525538916
4210555,Marema - SC,51.0,20701.0,33,21973.0,2184.0,2220.0,742.0,2.3351648351648353,6.873315363881401,1.4864864864864864,4.44743935309973,9.478479853479854
4210605,Massaranduba - SC,317.0,128345.0,335,228801.0,17162.0,18344.0,6204.0,1.8471040671250436,5.1096067053513865,1.8262102049716529,5.399742101869761,7.478440741172357
4210704,Matos Costa - SC,249.0,101280.0,238,173288.0,2761.0,2787.0,964.0,9.018471568272366,25.8298755186722,8.539648367420165,24.688796680497926,36.68236146323796
4210803,Meleiro - SC,226.0,92428.0,181,121916.0,7006.0,7129.0,2589.0,3.225806451612903,8.72923908845114,2.53892551550007,6.991116261104674,13.19269197830431
4210852,Mirim Doce - SC,33.0,13432.0,15,7701.0,2511.0,2546.0,902.0,1.3142174432497014,3.658536585365854,0.589159465828751,1.6629711751662972,5.34926324173636
4210902,Modelo - SC,74.0,30324.0,97,67791.0,4080.0,4162.0,1531.0,1.8137254901960784,4.833442194644023,2.3306102835175397,6.3357282821685175,7.432352941176471
4211009,Mondaí - SC,162.0,65326.0,27,18303.0,10066.0,10196.0,3783.0,1.6093781045102324,4.282315622521808,0.26480972930561003,0.7137192704203014,6.489767534273793
4211058,Monte Carlo - SC,707.0,288436.0,519,353463.0,9117.0,9201.0,3167.0,7.754743885049907,22.32396589832649,5.640691229214216,16.387748658035996,31.6371613469343
4211108,Monte Castelo - SC,788.0,320168.0,656,484098.0,7736.0,7708.0,2676.0,10.186142709410548,29.446935724962632,8.51063829787234,24.51420029895366,41.386763185108585
4211207,Morro da Fumaça - SC,336.0,138751.0,393,262921.0,18537.0,19708.0,6400.0,1.8125910341479203,5.25,1.994114065354171,6.140625,7.485083886281491
4211256,Morro Grande - SC,178.0,71477.0,123,83891.0,3010.0,3108.0,1088.0,5.913621262458472,16.360294117647058,3.9575289575289574,11.305147058823529,23.746511627906976
4211306,Navegantes - SC,3192.0,1289504.0,4390,3082825.0,86401.0,98421.0,29442.0,3.694401685165681,10.841654778887303,4.460430192743418,14.91067182935942,14.924642075901899
4211405,Nova Erechim - SC,123.0,49980.0,190,131841.0,5155.0,5553.0,1874.0,2.3860329776915616,6.56350053361793,3.4215739240050422,10.138740661686233,9.695441319107662
4211454,Nova Itaberaba - SC,165.0,66340.0,110,70494.0,4536.0,4696.0,1684.0,3.6375661375661377,9.79809976247031,2.3424190800681433,6.532066508313539,14.625220458553791
4211504,Nova Trento - SC,304.0,123830.0,318,212903.0,13727.0,14536.0,5035.0,2.2146135353682523,6.037735849056604,2.1876719867914143,6.315789473684211,9.020907700152984
4211603,Nova Veneza - SC,335.0,139709.0,191,118572.0,13664.0,14042.0,4870.0,2.4516978922716626,6.878850102669404,1.360205098988748,3.921971252566735,10.224604800936769
4211652,Novo Horizonte - SC,71.0,29075.0,47,30425.0,2643.0,2652.0,908.0,2.686341278849792,7.819383259911894,1.7722473604826545,5.176211453744493,11.000756715853196
4211702,Orleans - SC,718.0,295749.0,560,376296.0,23661.0,24901.0,8553.0,3.03452939436203,8.394715304571495,2.2489056664390987,6.547410265403951,12.499429440852035
4211751,Otacílio Costa - SC,411.0,167992.0,423,286939.0,17312.0,17965.0,6307.0,2.374075785582255,6.516568891707626,2.354578346785416,6.706833676866974,9.703789279112755
4211801,Ouro - SC,115.0,47222.0,51,34110.0,7032.0,7033.0,2657.0,1.6353811149032993,4.328189687617614,0.7251528508460117,1.9194580353782462,6.715301478953356
4211850,Ouro Verde - SC,158.0,63997.0,153,102981.0,2181.0,2188.0,787.0,7.24438331040807,20.076238881829735,6.992687385740402,19.440914866581956,29.342961944062356
4211876,Paial - SC,66.0,26859.0,40,29431.0,1927.0,2022.0,692.0,3.4250129735339905,9.53757225433526,1.9782393669634026,5.780346820809249,13.938245978204463
4211892,Painel - SC,169.0,68689.0,104,68420.0,2215.0,2201.0,841.0,7.62979683972912,20.09512485136742,4.725124943207633,12.366230677764566,31.010835214446953
4211900,Palhoça - SC,5774.0,2351361.0,8203,5603761.0,222598.0,261287.0,81734.0,2.5939136919469177,7.0643795727604175,3.139459674610677,10.036215039029045,10.563262023917556
4212007,Palma Sola - SC,396.0,162016.0,401,272014.0,7605.0,7684.0,2783.0,5.207100591715976,14.229249011857707,5.218636127017178,14.408911246855912,21.30387902695595
4212056,Palmeira - SC,82.0,33311.0,112,77201.0,2561.0,2675.0,960.0,3.2018742678641154,8.541666666666666,4.186915887850467,11.666666666666666,13.007028504490433
4212106,Palmitos - SC,357.0,145160.0,381,252029.0,15626.0,15750.0,6048.0,2.284653782157942,5.902777777777778,2.419047619047619,6.299603174603175,9.289645462690387
4212205,Papanduva - SC,707.0,286206.0,445,267122.0,19150.0,19869.0,6896.0,3.691906005221932,10.252320185614849,2.2396698374352004,6.453016241299304,14.945483028720627
4212239,Paraíso - SC,173.0,70025.0,142,92044.0,4267.0,4412.0,1574.0,4.054370752284978,10.991105463786532,3.218495013599275,9.021601016518424,16.41082727911882
4212254,Passo de Torres - SC,593.0,245517.0,718,498570.0,12897.0,15421.0,4746.0,4.5979685198108085,12.494732406236832,4.655988586991764,15.128529287821323,19.036752733193765
4212270,Passos Maia - SC,265.0,107105.0,310,221342.0,4034.0,3964.0,1337.0,6.569162121963312,19.82049364248317,7.820383451059536,23.18623784592371,26.550570153693606
4212304,Paulo Lopes - SC,194.0,78480.0,402,272410.0,9063.0,10093.0,3293.0,2.1405715546728454,5.891284542969936,3.982958486079461,12.207713331308836,8.659384309831182
4212403,Pedras Grandes - SC,52.0,21192.0,72,49860.0,4245.0,4371.0,1588.0,1.2249705535924618,3.27455919395466,1.6472203157172272,4.534005037783375,4.992226148409894
4212502,Penha - SC,1134.0,465875.0,1349,951552.0,33663.0,37775.0,11982.0,3.3686837180286964,9.464196294441663,3.57114493712773,11.258554498414288,13.839378546178297
4212601,Peritiba - SC,14.0,5600.0,13,7849.0,2992.0,3041.0,1200.0,0.4679144385026738,1.1666666666666667,0.4274909569220651,1.0833333333333333,1.8716577540106951
4212650,Pescaria Brava - SC,591.0,244034.0,603,399340.0,10190.0,10696.0,3824.0,5.799803729146221,15.455020920502092,5.637621540762902,15.768828451882845,23.94838076545633
4212700,Petrolândia - SC,121.0,48734.0,147,102667.0,6716.0,7041.0,2443.0,1.8016676593210244,4.952926729431027,2.087771623348956,6.017191977077364,7.2564026206075045
4212809,Balneário Piçarras - SC,1077.0,440677.0,992,667973.0,27127.0,31604.0,9836.0,3.970214177756479,10.949572997153314,3.1388431844070372,10.085400569337128,16.24495889703985
4212908,Pinhalzinho - SC,189.0,76250.0,147,94375.0,21972.0,24419.0,8160.0,0.860185690879301,2.3161764705882355,0.601990253491134,1.8014705882352942,3.470325869288185
4213005,Pinheiro Preto - SC,52.0,20833.0,19,11981.0,3473.0,3662.0,1175.0,1.4972646127267493,4.425531914893617,0.5188421627525942,1.6170212765957446,5.998560322487763
4213104,Piratuba - SC,102.0,42255.0,105,66251.0,5769.0,6233.0,2284.0,1.7680707228289132,4.46584938704028,1.6845820632119364,4.5971978984238175,7.324492979719189
4213153,Planalto Alegre - SC,99.0,40717.0,50,34875.0,2946.0,3085.0,1058.0,3.360488798370672,9.357277882797732,1.6207455429497568,4.725897920604915,13.821113374066531
4213203,Pomerode - SC,69.0,27672.0,61,36078.0,34289.0,37602.0,11949.0,0.20123071538977513,0.577454180266131,0.16222541354183287,0.5105029709599129,0.8070226603283852
4213302,Ponte Alta - SC,211.0,85154.0,195,137544.0,4437.0,4350.0,1599.0,4.755465404552625,13.195747342088806,4.482758620689655,12.195121951219512,19.19179625873338
4213351,Ponte Alta do Norte - SC,233.0,94629.0,212,144900.0,3210.0,3234.0,1063.0,7.258566978193146,21.91909689557855,6.555349412492269,19.943555973659453,29.479439252336448
4213401,Ponte Serrada - SC,577.0,236862.0,496,353611.0,10649.0,10708.0,3780.0,5.418349140764391,15.264550264550264,4.632050803137841,13.121693121693122,22.24265189219645
4213500,Porto Belo - SC,524.0,218410.0,621,427734.0,27688.0,32615.0,9875.0,1.8925166136954636,5.3063291139240505,1.9040318871684807,6.288607594936709,7.888254839641722
4213609,Porto União - SC,789.0,316845.0,620,413566.0,32970.0,33657.0,11875.0,2.3930846223839852,6.644210526315789,1.8421130819740321,5.221052631578948,9.61010009099181
4213708,Pouso Redondo - SC,247.0,100564.0,182,115151.0,17123.0,18270.0,6072.0,1.4425042340711325,4.067852437417655,0.9961685823754789,2.997364953886693,5.873036267009286
4213807,Praia Grande - SC,535.0,220030.0,389,261923.0,8270.0,8788.0,3235.0,6.469165659008464,16.537867078825347,4.426490669094219,12.024729520865533,26.605804111245465
4213906,Presidente Castello Branco - SC,25.0,10073.0,41,31948.0,1689.0,1700.0,606.0,1.4801657785671996,4.125412541254126,2.411764705882353,6.765676567656766,5.96388395500296
4214003,Presidente Getúlio - SC,243.0,99551.0,249,169204.0,20010.0,22226.0,7008.0,1.214392803598201,3.4674657534246576,1.120309547376946,3.5530821917808217,4.975062468765617
4214102,Presidente Nereu - SC,46.0,18527.0,34,24477.0,2301.0,2349.0,883.0,1.9991308126901348,5.209513023782559,1.447424435930183,3.8505096262740657,8.051716644936985
4214151,Princesa - SC,65.0,26154.0,71,47347.0,2964.0,3080.0,1093.0,2.192982456140351,5.946935041171089,2.3051948051948052,6.495882891125343,8.823886639676113
4214201,Quilombo - SC,282.0,115136.0,229,149733.0,11022.0,11502.0,3846.0,2.5585193249863907,7.332293291731669,1.9909580942444791,5.954238169526781,10.4460170567955
4214300,Rancho Queimado - SC,23.0,9200.0,25,16802.0,3279.0,3533.0,1249.0,0.7014333638304361,1.8414731785428342,0.7076139258420606,2.00160128102482,2.8057334553217443
4214409,Rio das Antas - SC,203.0,82732.0,276,197059.0,6253.0,6405.0,2239.0,3.2464417079801695,9.066547565877624,4.309133489461359,12.326931665922286,13.23076923076923
4214508,Rio do Campo - SC,89.0,35895.0,51,37034.0,6452.0,6663.0,2343.0,1.379417234965902,3.798548868971404,0.765420981539847,2.176696542893726,5.563391196528208
4214607,Rio do Oeste - SC,24.0,9765.0,20,13372.0,7747.0,8160.0,2736.0,0.30979734090615724,0.8771929824561403,0.24509803921568626,0.7309941520467836,1.2604879308119272
4214706,Rio dos Cedros - SC,103.0,43688.0,92,58079.0,10865.0,11247.0,3850.0,0.9479981592268752,2.675324675324675,0.8179959100204499,2.3896103896103895,4.020984813621721
4214805,Rio do Sul - SC,1152.0,470552.0,1493,1036606.0,72587.0,78666.0,27416.0,1.587061043988593,4.201925882696235,1.897897439808812,5.445725124015174,6.4825933018309065
4214904,Rio Fortuna - SC,30.0,12560.0,16,9121.0,4847.0,5081.0,1582.0,0.6189395502372601,1.8963337547408343,0.3148986419996064,1.011378002528445,2.5912935836599957
4215000,Rio Negrinho - SC,837.0,338073.0,1109,801079.0,39261.0,40096.0,13742.0,2.13188660502789,6.0908164750400235,2.7658619313647246,8.070149905399505,8.610911591655842
4215059,Rio Rufino - SC,190.0,77113.0,160,108638.0,2397.0,2426.0,871.0,7.926574885273258,21.814006888633756,6.595218466611707,18.369690011481055,32.1706299541093
4215075,Riqueza - SC,154.0,62123.0,80,52739.0,4768.0,4821.0,1838.0,3.2298657718120807,8.37867247007617,1.6594067620825554,4.352557127312296,13.029152684563758
4215109,Rodeio - SC,147.0,59565.0,209,144635.0,12757.0,13665.0,4697.0,1.1523085364897703,3.1296572280178836,1.5294548115623856,4.4496487119437935,4.669201222858039
4215208,Romelândia - SC,152.0,61793.0,126,80584.0,4823.0,4613.0,1859.0,3.1515654157163593,8.176438945669714,2.731411229135053,6.777837547068316,12.812150114036907
4215307,Salete - SC,84.0,34151.0,66,49893.0,7489.0,7659.0,2748.0,1.1216450794498598,3.056768558951965,0.8617312965139052,2.4017467248908297,4.560154893844305
4215356,Saltinho - SC,168.0,68559.0,171,111695.0,3632.0,3575.0,1356.0,4.6255506607929515,12.389380530973451,4.783216783216783,12.610619469026549,18.87637665198238
4215406,Salto Veloso - SC,83.0,33557.0,99,66911.0,4390.0,4508.0,1663.0,1.8906605922551254,4.990980156343957,2.196095829636202,5.953096812988575,7.643963553530751
4215455,Sangão - SC,299.0,121947.0,387,275795.0,12882.0,14022.0,4251.0,2.32106815711846,7.033639143730887,2.7599486521181,9.103740296400847,9.466464834653005
4215505,Santa Cecília - SC,1182.0,479855.0,989,703980.0,15546.0,15734.0,5385.0,7.60324199150907,21.949860724233982,6.285750603787975,18.365831012070565,30.866782452077704
4215554,Santa Helena - SC,24.0,9621.0,15,11753.0,2425.0,2480.0,881.0,0.9896907216494846,2.724177071509648,0.6048387096774194,1.7026106696935301,3.9674226804123713
4215604,Santa Rosa de Lima - SC,33.0,13393.0,36,24257.0,2088.0,2137.0,737.0,1.5804597701149425,4.477611940298507,1.6846045858680394,4.884667571234735,6.414272030651341
4215653,Santa Rosa do Sul - SC,418.0,169837.0,540,388092.0,9792.0,10595.0,3674.0,4.268790849673203,11.377245508982035,5.096743747050495,14.697876973326075,17.344464869281047
4215679,Santa Terezinha - SC,195.0,79802.0,124,85501.0,8066.0,7955.0,2944.0,2.4175551698487476,6.623641304347826,1.5587680703959774,4.211956521739131,9.893627572526656
4215687,Santa Terezinha do Progresso - SC,112.0,45189.0,90,63862.0,2576.0,2506.0,955.0,4.3478260869565215,11.727748691099476,3.5913806863527533,9.424083769633508,17.542313664596275
4215695,Santiago do Sul - SC,50.0,20324.0,19,11412.0,1651.0,1749.0,577.0,3.0284675953967293,8.665511265164644,1.0863350485991996,3.292894280762565,12.310115081768625
4215703,Santo Amaro da Imperatriz - SC,603.0,244753.0,776,534303.0,27272.0,30790.0,10190.0,2.2110589615723084,5.91756624141315,2.52029879831114,7.615309126594701,8.974515987092989
4215752,São Bernardino - SC,115.0,47298.0,53,41717.0,2684.0,2715.0,979.0,4.284649776453056,11.746680286006129,1.9521178637200736,5.413687436159346,17.62220566318927
4215802,São Bento do Sul - SC,1611.0,656768.0,1609,1084518.0,83277.0,88401.0,30055.0,1.934507727223603,5.360173016137082,1.820115157068359,5.353518549326235,7.886547305978842
4215901,São Bonifácio - SC,96.0,38872.0,127,82896.0,2946.0,2977.0,1126.0,3.258655804480652,8.52575488454707,4.266039637218676,11.27886323268206,13.194840461642906
4216008,São Carlos - SC,197.0,80516.0,233,159800.0,10282.0,10413.0,3873.0,1.915969655709006,5.086496256132198,2.2375876308460576,6.016008262328944,7.830772223302859
4216057,São Cristóvão do Sul - SC,283.0,115760.0,291,203929.0,6084.0,6586.0,1475.0,4.651545036160421,19.1864406779661,4.418463407227452,19.728813559322035,19.026955950032875
4216107,São Domingos - SC,411.0,166250.0,270,175271.0,9226.0,9330.0,3453.0,4.454801647517884,11.902693310165073,2.8938906752411575,7.819287576020852,18.019726858877085
4216206,São Francisco do Sul - SC,1628.0,675640.0,1686,1160822.0,52674.0,57649.0,19370.0,3.0907088886357594,8.404749612803304,2.9245953962774722,8.704181724315953,12.826821581805065
4216255,São João do Oeste - SC,34.0,13720.0,39,24480.0,6295.0,6492.0,2347.0,0.5401111993645751,1.4486578610992757,0.600739371534196,1.661695781849169,2.1795075456711674
4216305,São João Batista - SC,895.0,362251.0,827,559531.0,32687.0,35926.0,11626.0,2.7380915960473584,7.698262515052469,2.3019540165896566,7.113366592121108,11.082418086701136
4216354,São João do Itaperiú - SC,159.0,66782.0,199,140681.0,4463.0,4920.0,1490.0,3.562626036298454,10.671140939597315,4.044715447154472,13.355704697986576,14.963477481514676
4216404,São João do Sul - SC,359.0,148672.0,471,344417.0,8668.0,9428.0,3323.0,4.141670512228888,10.803490821546795,4.995757318625372,14.173939211555822,17.151822796492848
4216503,São Joaquim - SC,1073.0,435978.0,1095,727619.0,25939.0,27109.0,9578.0,4.136628243185936,11.20275631655878,4.039248957910657,11.432449363123826,16.807818343035585
4216602,São José - SC,5579.0,2289649.0,7213,4909736.0,270299.0,301218.0,105580.0,2.06401059567368,5.284144724379617,2.394611211813371,6.831786323167266,8.470800853869234
4216701,São José do Cedro - SC,394.0,157699.0,305,206393.0,14167.0,14597.0,5336.0,2.7811110326815838,7.383808095952024,2.0894704391313286,5.715892053973014,11.131432201595256
4216800,São José do Cerrito - SC,1382.0,557862.0,794,518356.0,8708.0,8658.0,3327.0,15.870463941203491,41.53892395551548,9.17070917070917,23.865344153892394,64.06316031235646
4216909,São Lourenço do Oeste - SC,547.0,220489.0,385,267068.0,24791.0,26340.0,8991.0,2.2064458876205073,6.083861639417195,1.4616552771450266,4.282059837615393,8.893913113629946
4217006,São Ludgero - SC,207.0,83726.0,105,66818.0,13509.0,14667.0,4660.0,1.5323117921385743,4.44206008583691,0.7158928206177132,2.2532188841201717,6.197794063217114
4217105,São Martinho - SC,57.0,23911.0,64,43443.0,3405.0,3539.0,1168.0,1.6740088105726871,4.88013698630137,1.8084204577564285,5.47945205479452,7.022320117474303
4217154,São Miguel da Boa Vista - SC,79.0,31810.0,49,31922.0,1781.0,1766.0,662.0,4.4357102751263335,11.933534743202417,2.7746319365798415,7.401812688821752,17.860752386299833
4217204,São Miguel do Oeste - SC,713.0,287938.0,765,497502.0,44330.0,48490.0,17301.0,1.6083916083916083,4.121149066527947,1.5776448752320067,4.421709727761401,6.495330475975638
4217253,São Pedro de Alcântara - SC,79.0,32380.0,96,65960.0,5776.0,6272.0,1742.0,1.3677285318559558,4.535017221584385,1.530612244897959,5.510907003444317,5.60595567867036
4217303,Saudades - SC,197.0,79969.0,160,104883.0,10265.0,10922.0,3598.0,1.919142717973697,5.47526403557532,1.4649331624244644,4.446914952751529,7.790452995616172
4217402,Schroeder - SC,259.0,105078.0,256,184923.0,20061.0,22098.0,6835.0,1.2910622601066746,3.789319678127286,1.1584758801701511,3.745427944403804,5.237924330791087
4217501,Seara - SC,254.0,102735.0,230,137758.0,18620.0,19633.0,6668.0,1.364124597207304,3.809238152369526,1.1714969693882749,3.4493101379724056,5.517454350161117
4217550,Serra Alta - SC,48.0,19575.0,44,32827.0,3303.0,3374.0,1230.0,1.4532243415077202,3.902439024390244,1.3040901007705987,3.5772357723577235,5.926430517711172
4217600,Siderópolis - SC,350.0,142784.0,351,237389.0,13714.0,14223.0,4961.0,2.552136502843809,7.05502922797823,2.467833790339591,7.075186454343882,10.411550240630014
4217709,Sombrio - SC,1024.0,415525.0,1045,697467.0,29991.0,32040.0,11048.0,3.414357640625521,9.268645908761767,3.2615480649188515,9.458725561187546,13.854989830282419
4217758,Sul Brasil - SC,53.0,21326.0,62,42276.0,2832.0,2907.0,999.0,1.8714689265536724,5.305305305305305,2.132782937736498,6.206206206206206,7.530367231638418
4217808,Taió - SC,380.0,156570.0,430,303177.0,18310.0,19003.0,6835.0,2.075368651010377,5.5596196049743964,2.2628006104299323,6.291148500365765,8.551064991807756
4217907,Tangará - SC,224.0,90871.0,199,137395.0,8143.0,8100.0,3050.0,2.75082893282574,7.344262295081967,2.45679012345679,6.524590163934426,11.159400712268205
4217956,Tigrinhos - SC,61.0,24715.0,72,47940.0,2329.0,2589.0,863.0,2.6191498497209103,7.068366164542295,2.7809965237543453,8.342989571263036,10.611850579647918
4218004,Tijucas - SC,1589.0,654045.0,1701,1200839.0,51592.0,60560.0,18229.0,3.0799348736238175,8.716879697185803,2.808784676354029,9.331285314608591,12.677256163746318
4218103,Timbé do Sul - SC,226.0,94133.0,165,118587.0,5386.0,5512.0,1998.0,4.196063869290754,11.31131131131131,2.9934687953555876,8.258258258258259,17.477348681767545
4218202,Timbó - SC,351.0,142397.0,346,222339.0,46099.0,50613.0,16734.0,0.7614048027072171,2.0975259949802796,0.6836188331061189,2.0676467073024978,3.0889390225384497
4218251,Timbó Grande - SC,1170.0,480183.0,823,572597.0,7342.0,7536.0,2520.0,15.935712339961864,46.42857142857143,10.920912951167729,32.65873015873016,65.40220648324707
4218301,Três Barras - SC,694.0,280539.0,603,417260.0,19746.0,20674.0,6573.0,3.5146358756203786,10.558344743648258,2.9167069749443746,9.173893199452305,14.207383773928896
4218350,Treviso - SC,116.0,48537.0,114,81858.0,3782.0,3939.0,1369.0,3.067160232681121,8.473338203067932,2.8941355674028943,8.327246165084002,12.833685880486515
4218400,Treze de Maio - SC,101.0,40867.0,135,91268.0,7362.0,7679.0,2586.0,1.371909807117631,3.9056457849961332,1.758041411642141,5.220417633410673,5.551073077967944
4218509,Treze Tílias - SC,100.0,40737.0,81,56311.0,8787.0,9749.0,3253.0,1.1380448389666553,3.0740854595757763,0.8308544466099087,2.4900092222563788,4.636053260498463
4218608,Trombudo Central - SC,69.0,28104.0,45,32694.0,7274.0,7661.0,2724.0,0.9485839978003849,2.5330396475770924,0.5873906800678762,1.6519823788546255,3.863623865823481
4218707,Tubarão - SC,2571.0,1047679.0,2716,1840968.0,110088.0,117924.0,42131.0,2.3354044037497275,6.102394911110584,2.303178318238866,6.446559540480881,9.51674115253252
4218756,Tunápolis - SC,42.0,16821.0,29,16241.0,4916.0,5108.0,1764.0,0.8543531326281529,2.380952380952381,0.5677368833202819,1.6439909297052153,3.4216842961757528
4218806,Turvo - SC,187.0,76396.0,147,85679.0,13043.0,13713.0,4820.0,1.4337192363720004,3.879668049792531,1.0719754977029097,3.0497925311203318,5.857241432185847
4218855,União do Oeste - SC,91.0,37088.0,41,26586.0,2774.0,2784.0,1026.0,3.2804614275414563,8.869395711500974,1.4727011494252873,3.996101364522417,13.36986301369863
4218905,Urubici - SC,568.0,233165.0,645,457774.0,10834.0,11079.0,3956.0,5.242754292043567,14.35793731041456,5.821825074465204,16.304347826086957,21.521598670851024
4218954,Urupema - SC,273.0,111857.0,222,150729.0,2656.0,2771.0,962.0,10.278614457831326,28.37837837837838,8.01154817755323,23.076923076923077,42.1148343373494
4219002,Urussanga - SC,413.0,167585.0,249,157527.0,20919.0,21539.0,7765.0,1.9742817534298962,5.318737926593689,1.1560425275082409,3.2066967160334836,8.01113819972274
4219101,Vargeão - SC,76.0,31067.0,70,42669.0,3634.0,3729.0,1291.0,2.0913593835993396,5.886909372579396,1.877178868329311,5.4221533694810224,8.548981838194827
4219150,Vargem - SC,96.0,38663.0,85,56459.0,2627.0,2595.0,1009.0,3.6543585839360486,9.514370664023787,3.275529865125241,8.424182358771061,14.717548534449943
4219176,Vargem Bonita - SC,192.0,76938.0,120,87105.0,4576.0,4579.0,1610.0,4.195804195804196,11.925465838509316,2.62065953264905,7.453416149068323,16.813374125874127
4219200,Vidal Ramos - SC,167.0,67142.0,106,71478.0,6189.0,6263.0,2330.0,2.6983357569882047,7.167381974248927,1.6924796423439246,4.549356223175966,10.848602359024074
4219309,Videira - SC,940.0,382012.0,904,602280.0,55466.0,59839.0,20543.0,1.6947319078354308,4.575767901474955,1.510720433162319,4.40052572652485,6.887318357191793
4219358,Vitor Meireles - SC,260.0,109057.0,129,96084.0,5370.0,5524.0,1922.0,4.8417132216014895,13.52757544224766,2.335264301230992,6.711758584807492,20.308566108007447
4219408,Witmarsum - SC,70.0,28360.0,54,35628.0,4255.0,4569.0,1527.0,1.645123384253819,4.5841519318926,1.1818778726198294,3.536345776031434,6.6650998824911865
4219507,Xanxerê - SC,837.0,338892.0,622,405485.0,51607.0,55573.0,19301.0,1.6218730017245722,4.336562872390032,1.1192485559534306,3.2226309517641574,6.56678357587149
4219606,Xavantina - SC,37.0,14800.0,39,26536.0,3653.0,3462.0,1253.0,1.0128661374212975,2.9529130087789306,1.1265164644714039,3.1125299281723864,4.05146454968519
4219705,Xaxim - SC,735.0,296405.0,640,460183.0,31918.0,35058.0,11649.0,2.30277586314932,6.309554468194695,1.8255462376633007,5.49403382264572,9.286452785262234
4219853,Zortéa - SC,114.0,46957.0,123,88219.0,3930.0,4342.0,1463.0,2.900763358778626,7.792207792207792,2.832795946568402,8.407382091592618,11.948346055979643
4220000,Balneário Rincão - SC,946.0,402181.0,967,685127.0,15981.0,18155.0,5815.0,5.919529441211439,16.268271711092005,5.32635637565409,16.62940670679278,25.166197359364244
4300034,Aceguá - RS,247.0,101543.0,246,166701.0,4170.0,4251.0,1577.0,5.92326139088729,15.662650602409638,5.7868736767819335,15.599239061509195,24.35083932853717
4300059,Água Santa - RS,167.0,67223.0,232,155286.0,3912.0,4003.0,1382.0,4.268916155419223,12.083936324167873,5.795653260054959,16.78726483357453,17.18379345603272
4300109,Agudo - RS,906.0,363729.0,744,481951.0,16041.0,16347.0,6132.0,5.64802693098934,14.774951076320939,4.551293815378969,12.13307240704501,22.674957920329156
4300208,Ajuricaba - RS,308.0,124239.0,257,164822.0,6720.0,6843.0,2592.0,4.583333333333333,11.882716049382717,3.7556627210287887,9.915123456790123,18.48794642857143
4300307,Alecrim - RS,430.0,172698.0,415,277035.0,6123.0,6219.0,2553.0,7.0227012902172135,16.842929886408147,6.673098568901753,16.255385820603212,28.204801567858894
4300406,Alegrete - RS,3345.0,1342742.0,2890,1915383.0,72409.0,74285.0,28245.0,4.61959148724606,11.842804036112586,3.8904220232886852,10.231899451230307,18.543855045643497
4300455,Alegria - RS,323.0,131022.0,231,143508.0,3651.0,3705.0,1453.0,8.846891262667762,22.22986923606332,6.234817813765182,15.898141775636613,35.886606409202955
4300471,Almirante Tamandaré do Sul - RS,38.0,15365.0,36,23220.0,1969.0,2007.0,798.0,1.9299136617572372,4.761904761904762,1.7937219730941705,4.511278195488722,7.803453529710513
4300505,Alpestre - RS,306.0,123805.0,191,122234.0,7117.0,7235.0,2845.0,4.299564423212027,10.755711775043936,2.6399447131997236,6.713532513181019,17.39567233384853
4300554,Alto Alegre - RS,80.0,32085.0,60,39410.0,1800.0,1837.0,697.0,4.444444444444445,11.477761836441895,3.26619488296135,8.60832137733142,17.825
4300570,Alto Feliz - RS,17.0,6958.0,14,8207.0,3072.0,3145.0,1230.0,0.5533854166666666,1.3821138211382114,0.4451510333863275,1.1382113821138211,2.2649739583333335
4300604,Alvorada - RS,11701.0,4745158.0,12626,8600381.0,187315.0,194061.0,68775.0,6.24669674078424,17.013449654671028,6.506201658241481,18.358415121773902,25.332504070683076
4300638,Amaral Ferrador - RS,481.0,193203.0,422,289742.0,5310.0,5384.0,2012.0,9.058380414312618,23.906560636182903,7.838038632986627,20.974155069582505,36.384745762711866
4300646,Ametista do Sul - RS,556.0,223734.0,445,297142.0,7650.0,7813.0,2901.0,7.26797385620915,19.16580489486384,5.695635479329323,15.339538090313685,29.24627450980392
4300661,André da Rocha - RS,61.0,24751.0,26,17116.0,1135.0,1156.0,437.0,5.3744493392070485,13.958810068649885,2.2491349480968856,5.949656750572083,21.80704845814978
4300703,Anta Gorda - RS,55.0,22163.0,20,15194.0,5957.0,6080.0,2235.0,0.9232835319791841,2.460850111856823,0.32894736842105265,0.8948545861297539,3.720496894409938
4300802,Antônio Prado - RS,312.0,126978.0,170,107075.0,13045.0,13332.0,5006.0,2.391720965887313,6.232520974830204,1.2751275127512751,3.395924890131842,9.73384438482177
4300851,Arambaré - RS,354.0,144345.0,282,163375.0,4112.0,4215.0,1729.0,8.608949416342412,20.47426257952574,6.690391459074733,16.310005783689995,35.103356031128406
4300877,Araricá - RS,451.0,183514.0,399,266519.0,8525.0,8831.0,3215.0,5.290322580645161,14.027993779160187,4.518174612161703,12.410575427682737,21.526568914956012
4300901,Aratiba - RS,68.0,27226.0,78,54077.0,6483.0,6618.0,2573.0,1.0488971155329323,2.6428293820443063,1.1786038077969174,3.031480761756704,4.199598951102884
4301008,Arroio do Meio - RS,228.0,91838.0,173,121236.0,21958.0,22524.0,8407.0,1.0383459331450953,2.712025692874985,0.76806961463328,2.0578089687165457,4.182439202113125
4301057,Arroio do Sal - RS,581.0,239086.0,688,482192.0,11057.0,11419.0,4465.0,5.2545898525820744,13.012318029115342,6.025045976004904,15.408734602463605,21.62304422537759
4301073,Arroio do Padre - RS,43.0,17200.0,33,21716.0,2599.0,2650.0,823.0,1.654482493266641,5.224787363304982,1.2452830188679245,4.0097205346294045,6.617929973066564
4301107,Arroio dos Ratos - RS,1024.0,417951.0,1450,974000.0,14601.0,14934.0,5513.0,7.013218272721047,18.57427897696354,9.709387973751172,26.30146925448939,28.624820217793303
4301206,Arroio do Tigre - RS,557.0,226137.0,480,313149.0,12058.0,12290.0,4452.0,4.619339857356112,12.511230907457323,3.9056143205858422,10.78167115902965,18.75410515840106
4301305,Arroio Grande - RS,1246.0,504675.0,1396,951566.0,17558.0,17879.0,7269.0,7.096480236929035,17.141284908515615,7.808042955422563,19.20484248177191,28.743307893837567
4301404,Arvorezinha - RS,488.0,197361.0,364,245206.0,10322.0,10547.0,3931.0,4.727765936833947,12.414143983719155,3.4512183559305964,9.259730348511829,19.12042239875993
4301503,Augusto Pestana - RS,178.0,72756.0,178,118875.0,7149.0,7303.0,2834.0,2.4898587214995103,6.280875088214538,2.4373545118444473,6.280875088214538,10.177087704574067
4301552,Áurea - RS,27.0,10842.0,55,36515.0,3396.0,3458.0,1318.0,0.7950530035335689,2.04855842185129,1.5905147484094853,4.17298937784522,3.1925795053003534
4301602,Bagé - RS,13176.0,5346049.0,9629,6469927.0,117938.0,121929.0,45299.0,11.171971713951399,29.08673480650787,7.897218873278711,21.25653987946754,45.329317098814634
4301636,Balneário Pinhal - RS,1925.0,798818.0,1522,1017882.0,14955.0,15413.0,6100.0,12.871949180875962,31.557377049180328,9.874781029001491,24.950819672131146,53.41477766633233
4301651,Barão - RS,19.0,7600.0,21,12146.0,6461.0,6496.0,2427.0,0.29407212505804053,0.7828594973217965,0.3232758620689655,0.865265760197775,1.1762885002321621
4301701,Barão de Cotegipe - RS,147.0,58920.0,108,58739.0,7144.0,7320.0,2680.0,2.0576707726763717,5.485074626865671,1.4754098360655739,4.029850746268656,8.247480403135498
4301750,Barão do Triunfo - RS,502.0,203446.0,372,249043.0,5889.0,5972.0,2409.0,8.524367464764815,20.83852220838522,6.2290689886135295,15.442092154420921,34.54678213618611
4301800,Barracão - RS,306.0,122485.0,231,150778.0,4831.0,4915.0,1931.0,6.334092320430552,15.846711548420508,4.699898270600204,11.962713619886069,25.353963982612296
4301859,Barra do Guarita - RS,112.0,45643.0,131,88394.0,3161.0,3231.0,1179.0,3.543182537171781,9.499575911789652,4.054472299597648,11.11111111111111,14.439417905726035
4301875,Barra do Quaraí - RS,450.0,184352.0,407,284857.0,4241.0,4340.0,1462.0,10.610705022400378,30.779753761969904,9.377880184331797,27.838577291381668,43.4689931619901
4301909,Barra do Ribeiro - RS,720.0,293529.0,615,425722.0,12225.0,12476.0,4796.0,5.889570552147239,15.012510425354462,4.929464571978198,12.823185988323603,24.010552147239263
4301925,Barra do Rio Azul - RS,16.0,6400.0,7,4450.0,1696.0,1721.0,620.0,0.9433962264150944,2.5806451612903225,0.40674026728646134,1.1290322580645162,3.7735849056603774
4301958,Barra Funda - RS,21.0,8465.0,15,8865.0,2498.0,2557.0,896.0,0.8406725380304243,2.34375,0.5866249511145875,1.6741071428571428,3.38871096877502
4302006,Barros Cassal - RS,528.0,212127.0,283,194369.0,9296.0,9424.0,3695.0,5.679862306368331,14.28958051420839,3.0029711375212225,7.658998646820027,22.819169535283994
4302055,Benjamin Constant do Sul - RS,457.0,186573.0,545,362600.0,2082.0,2118.0,725.0,21.950048030739673,63.03448275862069,25.731822474032107,75.17241379310344,89.61239193083574
4302105,Bento Gonçalves - RS,1732.0,698633.0,693,441407.0,123151.0,127980.0,48813.0,1.4064035208808698,3.5482351013049804,0.5414908579465542,1.4197037674390018,5.672978700944369
4302154,Boa Vista das Missões - RS,130.0,52085.0,94,65878.0,1933.0,1968.0,764.0,6.725297465080186,17.015706806282722,4.776422764227642,12.303664921465968,26.945162959130883
4302204,Boa Vista do Buricá - RS,106.0,42944.0,128,81540.0,6966.0,7129.0,2735.0,1.5216767154751651,3.8756855575868374,1.7954832374807126,4.680073126142596,6.164800459374103
4302220,Boa Vista do Cadeado - RS,75.0,30409.0,81,52734.0,2229.0,2269.0,855.0,3.3647375504710633,8.771929824561404,3.5698545614808284,9.473684210526315,13.642440556303274
4302238,Boa Vista do Incra - RS,148.0,59626.0,154,109389.0,2271.0,2314.0,839.0,6.516952884191986,17.640047675804528,6.65514261019879,18.35518474374255,26.25539409951563
4302253,Boa Vista do Sul - RS,10.0,4021.0,20,13610.0,2779.0,2815.0,1052.0,0.35984166966534725,0.9505703422053232,0.7104795737122558,1.9011406844106464,1.4469233537243613
4302303,Bom Jesus - RS,1369.0,567293.0,1135,783750.0,11202.0,11429.0,4198.0,12.221031958578825,32.61076703191996,9.930877592090297,27.036684135302526,50.6421174790216
4302352,Bom Princípio - RS,98.0,39453.0,118,75110.0,13142.0,13665.0,4996.0,0.7457008065743418,1.9615692554043234,0.8635199414562752,2.3618895116092875,3.0020544818140316
4302378,Bom Progresso - RS,291.0,119730.0,227,144283.0,2096.0,2132.0,821.0,13.883587786259541,35.44457978075518,10.647279549718574,27.649208282582215,57.12309160305343
4302402,Bom Retiro do Sul - RS,372.0,150641.0,417,287789.0,12294.0,12587.0,4864.0,3.0258662762323083,7.6480263157894735,3.3129419242075158,8.573190789473685,12.253212949406214
4302451,Boqueirão do Leão - RS,442.0,177993.0,463,321475.0,6247.0,6202.0,2440.0,7.075396190171282,18.114754098360656,7.46533376330216,18.975409836065573,28.492556427085002
4302501,Bossoroca - RS,399.0,160118.0,382,245374.0,5890.0,5978.0,2359.0,6.774193548387097,16.91394658753709,6.390097022415524,16.19330224671471,27.18471986417657
4302584,Bozano - RS,55.0,22607.0,54,38217.0,2151.0,2195.0,807.0,2.5569502556950257,6.815365551425031,2.4601366742596813,6.691449814126394,10.509995350999535
4302600,Braga - RS,333.0,135810.0,275,185817.0,3268.0,3322.0,1238.0,10.189718482252141,26.898222940226173,8.278145695364238,22.21324717285945,41.557527539779684
4302659,Brochier - RS,85.0,34630.0,108,73067.0,4966.0,5083.0,2019.0,1.71163914619412,4.210004952947004,2.1247294904583907,5.349182763744428,6.973419250906162
4302709,Butiá - RS,2314.0,935696.0,1699,1149787.0,19084.0,19421.0,7353.0,12.125340599455042,31.47014823881409,8.74826219041244,23.106215150278796,49.03039195137288
4302808,Caçapava do Sul - RS,2427.0,981116.0,1949,1291546.0,32515.0,33501.0,13439.0,7.464247270490543,18.059379418111465,5.817736783976597,14.502567155294292,30.17425803475319
4302907,Cacequi - RS,1584.0,643601.0,1368,933557.0,11157.0,11299.0,4271.0,14.197364883033073,37.08733317724187,12.107266129745994,32.02996956216343,57.68584745003137
4303004,Cachoeira do Sul - RS,5680.0,2323117.0,5729,3879062.0,80070.0,82222.0,31796.0,7.093792931185213,17.86388224933954,6.967721534382525,18.017989684237012,29.013575621331334
4303103,Cachoeirinha - RS,6078.0,2473291.0,6155,4065748.0,136258.0,141506.0,52484.0,4.460655521143712,11.580672204862434,4.349638884570266,11.727383583568326,18.151528717579886
4303202,Cacique Doble - RS,356.0,145819.0,291,189378.0,4603.0,4692.0,1660.0,7.734086465348685,21.44578313253012,6.202046035805626,17.53012048192771,31.679122311535956
4303301,Caibaté - RS,203.0,81699.0,172,111246.0,4704.0,4795.0,1895.0,4.315476190476191,10.712401055408971,3.5870698644421273,9.076517150395778,17.367984693877553
4303400,Caiçara - RS,310.0,124611.0,307,217538.0,4836.0,4931.0,1857.0,6.410256410256411,16.69359181475498,6.225917663759886,16.532040926225093,25.767369727047146
4303509,Camaquã - RS,4950.0,2011170.0,3636,2444186.0,62200.0,63961.0,23858.0,7.958199356913183,20.747757565596444,5.684714122668501,15.240171011819935,32.333922829581994
4303558,Camargo - RS,27.0,11365.0,34,23301.0,2981.0,3060.0,1128.0,0.9057363300905736,2.393617021276596,1.1111111111111112,3.0141843971631204,3.8124790338812478
4303608,Cambará do Sul - RS,273.0,109756.0,248,170064.0,6361.0,6490.0,2419.0,4.291778022323534,11.285655229433651,3.8212634822804312,10.252170318313352,17.254519729602265
4303673,Campestre da Serra - RS,126.0,51686.0,129,86465.0,3242.0,3311.0,1284.0,3.8864898210980874,9.813084112149532,3.896103896103896,10.046728971962617,15.942628007402838
4303707,Campina das Missões - RS,84.0,33691.0,66,42960.0,5882.0,5999.0,2301.0,1.4280856851411086,3.650586701434159,1.1001833638939824,2.8683181225554106,5.727813668820129
4303806,Campinas do Sul - RS,139.0,55802.0,138,94677.0,5284.0,5388.0,2060.0,2.6305828917486753,6.747572815533981,2.5612472160356345,6.699029126213592,10.560560181680545
4303905,Campo Bom - RS,692.0,278742.0,748,506125.0,62886.0,64720.0,24057.0,1.100403905479757,2.8765016419337406,1.1557478368355996,3.1092821216278006,4.432496899150844
4304002,Campo Novo - RS,485.0,195093.0,362,241670.0,4975.0,5063.0,1920.0,9.748743718592964,25.260416666666668,7.149911119889394,18.854166666666668,39.21467336683417
4304101,Campos Borges - RS,316.0,127788.0,295,195198.0,3613.0,3695.0,1460.0,8.746194298367008,21.643835616438356,7.983761840324763,20.205479452054796,35.36894547467479
4304200,Candelária - RS,1819.0,731316.0,1709,1151200.0,28906.0,29775.0,11388.0,6.292811181069674,15.972953986652616,5.739714525608732,15.007024938531789,25.299799349615995
4304309,Cândido Godói - RS,84.0,33765.0,53,29451.0,6294.0,6419.0,2439.0,1.334604385128694,3.4440344403444034,0.8256737809627668,2.173021730217302,5.36463298379409
4304358,Candiota - RS,892.0,360902.0,723,473322.0,10710.0,11012.0,4103.0,8.328664799253035,21.740190104801364,6.565564838358155,17.621252741896175,33.69766573295985
4304408,Canela - RS,2291.0,937282.0,2138,1452296.0,48946.0,50717.0,18302.0,4.680668491807298,12.517757622117802,4.215549026953487,11.681783411649,19.149307399991827
4304507,Canguçu - RS,4672.0,1876171.0,3291,2091072.0,49680.0,50968.0,19317.0,9.404186795491142,24.185950199306312,6.456992622822163,17.036806957602113,37.76511674718196
4304606,Canoas - RS,19201.0,7843158.0,18740,12851935.0,347657.0,359845.0,132824.0,5.522972354936043,14.455971812323074,5.207797801831344,14.108895982653737,22.56004625248449
4304614,Canudos do Vale - RS,42.0,16949.0,46,31207.0,1656.0,1686.0,648.0,2.536231884057971,6.481481481481482,2.7283511269276395,7.098765432098766,10.234903381642512
4304622,Capão Bonito do Sul - RS,83.0,33542.0,85,55484.0,1733.0,1769.0,691.0,4.7893825735718405,12.011577424023155,4.804974561899378,12.301013024602026,19.354875937680323
4304630,Capão da Canoa - RS,3322.0,1354896.0,3313,2303143.0,63594.0,66237.0,23879.0,5.2237632481051675,13.911805351982913,5.001736189742893,13.874115331462791,21.305406170393432
4304655,Capão do Cipó - RS,287.0,115211.0,249,166567.0,3119.0,3187.0,1167.0,9.20166720102597,24.592973436161095,7.812990272983997,21.336760925449873,36.93844180827188
4304663,Capão do Leão - RS,2770.0,1124708.0,2422,1655143.0,26487.0,27416.0,10141.0,10.457960508928908,27.314860467409527,8.834257367960316,23.883246228182625,42.46264205081738
4304671,Capivari do Sul - RS,268.0,110408.0,189,124005.0,3991.0,4080.0,1496.0,6.715108995239288,17.914438502673796,4.632352941176471,12.633689839572192,27.664244550238035
4304689,Capela de Santana - RS,842.0,344399.0,791,548505.0,11159.0,11424.0,4236.0,7.545478985572184,19.87724268177526,6.924019607843137,18.673276676109538,30.86289094004839
4304697,Capitão - RS,31.0,12400.0,27,15926.0,2921.0,2994.0,1054.0,1.0612803834303322,2.9411764705882355,0.9018036072144289,2.5616698292220113,4.245121533721329
4304705,Carazinho - RS,2091.0,843096.0,1730,1215349.0,61804.0,63671.0,24216.0,3.3832761633551227,8.634786917740337,2.7170925539099433,7.14403700033036,13.641447155523915
4304713,Caraá - RS,460.0,188158.0,435,294464.0,7394.0,7555.0,3016.0,6.221260481471464,15.251989389920425,5.757776307081403,14.423076923076923,25.447389775493644
4304804,Carlos Barbosa - RS,163.0,65931.0,178,113491.0,30420.0,31586.0,11650.0,0.5358316896778436,1.3991416309012876,0.5635408092192744,1.5278969957081545,2.1673570019723867
4304853,Carlos Gomes - RS,27.0,10800.0,18,10627.0,1368.0,1384.0,513.0,1.9736842105263157,5.2631578947368425,1.300578034682081,3.508771929824561,7.894736842105263
4304903,Casca - RS,141.0,57212.0,88,57115.0,9465.0,9698.0,3618.0,1.4896988906497624,3.8971807628524044,0.9074035883687358,2.4322830292979547,6.044585314315901
4304952,Caseiros - RS,174.0,70990.0,154,106714.0,3000.0,3064.0,1110.0,5.8,15.675675675675675,5.026109660574413,13.873873873873874,23.663333333333334
4305009,Catuípe - RS,413.0,165387.0,434,292080.0,8674.0,8834.0,3370.0,4.761355775881946,12.25519287833828,4.91283676703645,12.87833827893175,19.06698178464376
4305108,Caxias do Sul - RS,12145.0,4932131.0,10216,6713123.0,463501.0,479604.0,184843.0,2.620274821413546,6.5704408606222575,2.1300906581262877,5.526852518082913,10.641036373168559
4305116,Centenário - RS,30.0,12148.0,34,22050.0,2721.0,2777.0,1031.0,1.1025358324145536,2.909796314258002,1.2243428159884768,3.297769156159069,4.464535097390665
4305124,Cerrito - RS,484.0,194321.0,352,230798.0,5808.0,5909.0,2434.0,8.333333333333334,19.884963023829087,5.957014723303436,14.46179129005752,33.457472451790636
4305132,Cerro Branco - RS,278.0,111677.0,270,176088.0,3802.0,3859.0,1582.0,7.311941083640189,17.572692793931733,6.996631251619591,17.06700379266751,29.373224618621776
4305157,Cerro Grande - RS,171.0,68752.0,135,90051.0,2379.0,2428.0,915.0,7.187894073139975,18.688524590163933,5.560131795716639,14.754098360655737,28.899537620849095
4305173,Cerro Grande do Sul - RS,794.0,319718.0,651,444387.0,9178.0,9333.0,3580.0,8.65112224885596,22.178770949720672,6.975249116039858,18.18435754189944,34.83525822619307
4305207,Cerro Largo - RS,336.0,135883.0,329,214026.0,13705.0,14015.0,5350.0,2.451659978110179,6.280373831775701,2.347484837673921,6.149532710280374,9.914848595403138
4305306,Chapada - RS,175.0,70375.0,173,113648.0,9540.0,9751.0,3814.0,1.8343815513626835,4.588358678552701,1.7741770074864116,4.535920293654955,7.376834381551363
4305355,Charqueadas - RS,1676.0,692055.0,1468,989003.0,35012.0,36110.0,11998.0,4.78693019536159,13.96899483247208,4.065355857103295,12.235372562093682,19.76622300925397
4305371,Charrua - RS,415.0,168299.0,405,265902.0,2768.0,2800.0,959.0,14.992774566473988,43.27424400417101,14.464285714285714,42.231491136600624,60.80166184971098
4305405,Chiapetta - RS,250.0,102022.0,189,127722.0,3913.0,3991.0,1523.0,6.3889598773319705,16.414970453053183,4.735655224254573,12.409717662508207,26.07257858420649
4305439,Chuí - RS,244.0,98664.0,201,139790.0,6262.0,6409.0,2385.0,3.896518684126477,10.230607966457024,3.1362146980808236,8.427672955974844,15.755988502076015
4305447,Chuvisca - RS,303.0,121899.0,219,138364.0,4597.0,4682.0,1669.0,6.591255166412878,18.154583582983822,4.677488252883383,13.121629718394248,26.517076354144006
4305454,Cidreira - RS,1244.0,511496.0,1188,824518.0,17071.0,17584.0,6843.0,7.287212231269404,18.17916118661406,6.75614194722475,17.360806663743972,29.962860992326167
4305504,Ciríaco - RS,132.0,53121.0,61,44572.0,4149.0,4208.0,1680.0,3.181489515545915,7.857142857142857,1.4496197718631179,3.630952380952381,12.803326102675344
4305587,Colinas - RS,30.0,12087.0,35,25146.0,2423.0,2474.0,948.0,1.2381345439537763,3.1645569620253164,1.4147130153597414,3.691983122362869,4.988444077589765
4305603,Colorado - RS,76.0,30453.0,74,47465.0,3258.0,3316.0,1280.0,2.332719459791283,5.9375,2.2316043425814236,5.78125,9.347145488029465
4305702,Condor - RS,388.0,156371.0,319,205632.0,6406.0,6538.0,2394.0,6.056821729628473,16.20718462823726,4.879167941266442,13.324979114452798,24.410084295972524
4305801,Constantina - RS,382.0,153306.0,350,244275.0,10385.0,10631.0,3790.0,3.6783822821376986,10.07915567282322,3.292258489323676,9.234828496042216,14.762253249879635
4305835,Coqueiro Baixo - RS,16.0,6400.0,15,9428.0,1290.0,1308.0,502.0,1.2403100775193798,3.187250996015936,1.146788990825688,2.9880478087649402,4.961240310077519
4305850,Coqueiros do Sul - RS,52.0,21200.0,42,27496.0,2211.0,2248.0,896.0,2.3518769787426503,5.803571428571429,1.8683274021352314,4.6875,9.588421528720037
4305871,Coronel Barros - RS,59.0,23941.0,75,51230.0,2822.0,2896.0,1092.0,2.090715804394047,5.402930402930403,2.589779005524862,6.868131868131868,8.483699503897945
4305900,Coronel Bicaco - RS,872.0,358124.0,488,323143.0,6144.0,6214.0,2329.0,14.192708333333334,37.44096178617433,7.853234631477309,20.953198797767282,58.288411458333336
4305934,Coronel Pilar - RS,12.0,4847.0,9,5472.0,1607.0,1637.0,565.0,0.7467330429371499,2.1238938053097347,0.5497861942577886,1.592920353982301,3.016179215930305
4305959,Cotiporã - RS,36.0,14421.0,18,11792.0,3846.0,3926.0,1433.0,0.9360374414976599,2.5122121423586883,0.45848191543555783,1.2561060711793441,3.7496099843993758
4305975,Coxilha - RS,72.0,29013.0,68,44840.0,2667.0,2718.0,1018.0,2.699662542182227,7.072691552062868,2.501839587932303,6.679764243614931,10.878515185601799
4306007,Crissiumal - RS,265.0,106698.0,266,167277.0,12886.0,13116.0,5267.0,2.0564954213875524,5.031327131194228,2.0280573345532176,5.050313271311942,8.28014899891355
4306056,Cristal - RS,580.0,237567.0,556,379456.0,7299.0,7455.0,2766.0,7.946294012878477,20.96890817064353,7.458081824279008,20.10122921185828,32.54788327168105
4306072,Cristal do Sul - RS,363.0,145319.0,242,160195.0,2692.0,2745.0,1057.0,13.484398216939079,34.34247871333964,8.816029143897996,22.894985808893093,53.98179791976226
4306106,Cruz Alta - RS,2638.0,1061172.0,2903,1983786.0,58913.0,60453.0,22772.0,4.477789282501315,11.584401897066574,4.802077647097746,12.748111716142631,18.012526946514352
4306130,Cruzaltense - RS,29.0,11621.0,21,13822.0,1635.0,1650.0,616.0,1.7737003058103975,4.707792207792208,1.2727272727272727,3.409090909090909,7.107645259938838
4306205,Cruzeiro do Sul - RS,383.0,153721.0,239,149461.0,11600.0,12574.0,4585.0,3.3017241379310347,8.353326063249728,1.9007475743597901,5.212649945474373,13.251810344827586
4306304,David Canabarro - RS,55.0,22064.0,62,37400.0,4321.0,4400.0,1658.0,1.2728535061328397,3.3172496984318456,1.4090909090909092,3.7394451145958985,5.106225410784541
4306320,Derrubadas - RS,83.0,33464.0,73,49924.0,2751.0,2793.0,1074.0,3.0170846964740092,7.728119180633147,2.613677049767275,6.797020484171322,12.164303889494729
4306353,Dezesseis de Novembro - RS,340.0,136738.0,261,174718.0,2507.0,2540.0,1017.0,13.562026326286398,33.43166175024582,10.275590551181102,25.663716814159294,54.54248105305145
4306379,Dilermando de Aguiar - RS,270.0,111095.0,239,162115.0,2806.0,2856.0,1147.0,9.622238061297221,23.539668700959023,8.368347338935575,20.83696599825632,39.59194583036351
4306403,Dois Irmãos - RS,338.0,137869.0,209,137232.0,30709.0,31805.0,11923.0,1.1006545312449119,2.8348569990774135,0.6571293821726144,1.7529145349324835,4.489530756455762
4306429,Dois Irmãos das Missões - RS,117.0,47491.0,107,76018.0,2090.0,2132.0,798.0,5.598086124401914,14.661654135338345,5.018761726078799,13.408521303258146,22.722966507177034
4306452,Dois Lajeados - RS,39.0,15642.0,28,18184.0,3097.0,3156.0,1161.0,1.2592831772683242,3.359173126614987,0.8871989860583016,2.411714039621016,5.050694220213109
4306502,Dom Feliciano - RS,944.0,378950.0,826,571145.0,13051.0,13279.0,5088.0,7.233162209792353,18.553459119496857,6.220347917764892,16.23427672955975,29.036089188567924
4306551,Dom Pedro de Alcântara - RS,101.0,40904.0,89,58719.0,2562.0,2617.0,1050.0,3.942232630757221,9.619047619047619,3.400840657241116,8.476190476190476,15.965651834504294
4306601,Dom Pedrito - RS,2678.0,1081426.0,2132,1448018.0,36981.0,38080.0,14309.0,7.241556474946594,18.71549374519533,5.598739495798319,14.899713467048711,29.242746275114246
4306700,Dona Francisca - RS,226.0,90979.0,218,142949.0,3079.0,3133.0,1223.0,7.340045469308217,18.47914963205233,6.958187041174593,17.825020441537205,29.54822994478727
4306734,Doutor Maurício Cardoso - RS,120.0,48121.0,119,81987.0,4470.0,4533.0,1820.0,2.684563758389262,6.593406593406593,2.625193028899184,6.538461538461538,10.765324384787473
4306759,Doutor Ricardo - RS,24.0,9718.0,23,16855.0,1888.0,1924.0,710.0,1.271186440677966,3.380281690140845,1.1954261954261953,3.23943661971831,5.147245762711864
4306767,Eldorado do Sul - RS,3345.0,1364648.0,3461,2309949.0,39559.0,41013.0,14472.0,8.455724361080916,23.113598673300167,8.438787701460512,23.915146489773356,34.49652417907429
4306809,Encantado - RS,419.0,168861.0,601,402765.0,22962.0,23521.0,9028.0,1.8247539412943123,4.641116526362428,2.5551634709408613,6.657066902968542,7.353932584269663
4306908,Encruzilhada do Sul - RS,1742.0,699698.0,1726,1155098.0,23819.0,24275.0,9607.0,7.313489231285948,18.132611637347768,7.1101956745623065,17.96606640990944,29.375624501448424
4306924,Engenho Velho - RS,146.0,64156.0,146,106027.0,1296.0,1315.0,441.0,11.265432098765432,33.10657596371882,11.102661596958175,33.10657596371882,49.50308641975309
4306932,Entre-Ijuís - RS,274.0,109580.0,261,172606.0,9158.0,9368.0,3582.0,2.9919196331076656,7.649357900614182,2.786080273270709,7.28643216080402,11.965494649486788
4306957,Entre Rios do Sul - RS,125.0,50200.0,141,91766.0,2685.0,2727.0,1087.0,4.655493482309125,11.499540018399264,5.17051705170517,12.97148114075437,18.696461824953445
4306973,Erebango - RS,268.0,107656.0,292,198548.0,3054.0,3122.0,1069.0,8.775376555337262,25.070159027128156,9.352978859705317,27.315247895229184,35.25081859855926
4307005,Erechim - RS,2341.0,946071.0,2154,1418555.0,105705.0,109610.0,42113.0,2.214653989877489,5.558853560658229,1.9651491652221513,5.11481015363427,8.950106428267349
4307054,Ernestina - RS,106.0,42818.0,74,49179.0,3034.0,3097.0,1250.0,3.4937376400791034,8.48,2.389409105586051,5.92,14.112722478576137
4307104,Herval - RS,1048.0,424604.0,862,571605.0,6191.0,6302.0,2668.0,16.92779841705702,39.280359820089956,13.67819739765154,32.30884557721139,68.58407365530609
4307203,Erval Grande - RS,298.0,120412.0,263,179111.0,4930.0,5027.0,1956.0,6.044624746450304,15.235173824130879,5.231748557787945,13.445807770961146,24.424340770791076
4307302,Erval Seco - RS,391.0,159091.0,313,204003.0,6787.0,6891.0,2609.0,5.7610137026668635,14.986584898428516,4.5421564359309246,11.996933691069374,23.440548106674523
4307401,Esmeralda - RS,172.0,70667.0,149,98289.0,3195.0,3264.0,1248.0,5.38341158059468,13.782051282051283,4.564950980392157,11.939102564102564,22.117996870109547
4307450,Esperança do Sul - RS,246.0,100531.0,247,165739.0,3226.0,3293.0,1276.0,7.625542467451953,19.278996865203762,7.500759186152445,19.357366771159874,31.162740235585865
4307500,Espumoso - RS,680.0,273848.0,794,528342.0,15173.0,15478.0,5796.0,4.481645027351216,11.732229123533472,5.129861739242796,13.699102829537612,18.048375403677586
4307559,Estação - RS,191.0,77434.0,158,105993.0,5582.0,5685.0,2172.0,3.4217126477964888,8.793738489871087,2.7792436235708005,7.274401473296501,13.872088857040488
4307609,Estância Velha - RS,1107.0,448286.0,1191,789108.0,47924.0,49500.0,17904.0,2.3099073533094066,6.182975871313673,2.4060606060606062,6.652144772117962,9.354102328687087
4307708,Esteio - RS,4355.0,1782514.0,4078,2733939.0,76137.0,78143.0,29282.0,5.71995219144437,14.872617990574414,5.218637625890994,13.926644354893792,23.41192849731405
4307807,Estrela - RS,813.0,333658.0,1122,764548.0,32183.0,33263.0,12417.0,2.5261784171767703,6.547475235564146,3.3731172774554308,9.035999033582991,10.367523226548178
4307815,Estrela Velha - RS,241.0,96569.0,292,196012.0,3070.0,3115.0,1161.0,7.850162866449511,20.757967269595177,9.373996789727126,25.150732127476314,31.4557003257329
4307831,Eugênio de Castro - RS,160.0,65056.0,144,95006.0,2633.0,2683.0,1112.0,6.076718571971136,14.388489208633093,5.3671263510995155,12.949640287769784,24.70793771363464
4307864,Fagundes Varela - RS,5.0,2000.0,9,5190.0,2566.0,2620.0,883.0,0.19485580670303976,0.5662514156285391,0.3435114503816794,1.0192525481313703,0.779423226812159
4307906,Farroupilha - RS,2193.0,897080.0,1936,1300025.0,70286.0,72553.0,27002.0,3.1201092678485045,8.121620620694763,2.668394139456673,7.169839271165099,12.763281450075405
4308003,Faxinal do Soturno - RS,524.0,211642.0,460,302452.0,6702.0,6846.0,2581.0,7.818561623396001,20.30220844633863,6.719252118025124,17.822549399457575,31.578931662190392
4308052,Faxinalzinho - RS,206.0,83025.0,153,99972.0,2520.0,2572.0,1004.0,8.174603174603174,20.51792828685259,5.948678071539658,15.239043824701195,32.94642857142857
4308078,Fazenda Vilanova - RS,200.0,81518.0,191,126290.0,4291.0,4405.0,1646.0,4.6609182008855745,12.15066828675577,4.3359818388195235,11.603888213851763,18.997436494989515
4308102,Feliz - RS,173.0,69569.0,99,60391.0,13764.0,13994.0,5394.0,1.2569020633536763,3.207267334074898,0.707446048306417,1.835372636262514,5.054417320546353
4308201,Flores da Cunha - RS,353.0,143288.0,332,209524.0,30892.0,32015.0,11803.0,1.142690664249644,2.990765059730577,1.0370138997344995,2.812844192154537,4.638352971643144
4308250,Floriano Peixoto - RS,42.0,16913.0,38,21919.0,1668.0,1690.0,694.0,2.5179856115107913,6.051873198847262,2.2485207100591715,5.475504322766571,10.13968824940048
4308300,Fontoura Xavier - RS,1256.0,504546.0,969,655554.0,9550.0,9710.0,3703.0,13.151832460732985,33.91844450445585,9.979402677651905,26.167971914663784,52.83204188481675
4308409,Formigueiro - RS,606.0,246971.0,529,340288.0,6413.0,6527.0,2536.0,9.44955559020739,23.895899053627762,8.104795464991573,20.8596214511041,38.5109932948698
4308433,Forquetinha - RS,38.0,15230.0,20,11340.0,2393.0,2441.0,955.0,1.5879648976180527,3.979057591623037,0.8193363375665711,2.094240837696335,6.364396155453406
4308458,Fortaleza dos Valos - RS,299.0,120213.0,143,96030.0,4477.0,4569.0,1730.0,6.678579405852133,17.283236994219653,3.129787699715474,8.265895953757225,26.85123966942149
4308508,Frederico Westphalen - RS,873.0,351311.0,791,545364.0,32627.0,33726.0,12715.0,2.6756980414993716,6.865906409752261,2.345371523453715,6.220998820290995,10.767493180494682
4308607,Garibaldi - RS,244.0,100772.0,287,190509.0,34335.0,35563.0,13401.0,0.7106451143148391,1.8207596448026266,0.8070185304951776,2.1416312215506306,2.9349643221202855
4308656,Garruchos - RS,196.0,80855.0,198,132318.0,2688.0,2724.0,1056.0,7.291666666666667,18.560606060606062,7.2687224669603525,18.75,30.07998511904762
4308706,Gaurama - RS,94.0,37840.0,77,53875.0,5665.0,5778.0,2197.0,1.6593115622241836,4.278561675011379,1.3326410522672205,3.5047792444242147,6.679611650485437
4308805,General Câmara - RS,786.0,325669.0,650,420625.0,7612.0,7743.0,3148.0,10.325801366263795,24.968233799237613,8.3946790649619,20.64803049555273,42.783631108775616
4308854,Gentil - RS,67.0,27930.0,44,29973.0,1744.0,1784.0,646.0,3.841743119266055,10.371517027863778,2.4663677130044843,6.811145510835913,16.014908256880734
4308904,Getúlio Vargas - RS,224.0,89960.0,295,204478.0,16602.0,16956.0,6680.0,1.3492350319238646,3.3532934131736525,1.739797121962727,4.416167664670659,5.418624262137092
4309001,Giruá - RS,1771.0,719283.0,1283,831498.0,16013.0,16273.0,6131.0,11.05976394179729,28.88598923503507,7.884225404043508,20.926439406295874,44.9186910635109
4309050,Glorinha - RS,346.0,140091.0,309,205537.0,7658.0,7851.0,2991.0,4.518150953251502,11.568037445670344,3.9358043561329765,10.330992978936811,18.293418647166362
4309100,Gramado - RS,951.0,387769.0,798,531763.0,40134.0,41706.0,15381.0,2.3695619674091795,6.182952993953579,1.9133937562940584,5.188219231519407,9.661857776448896
4309126,Gramado dos Loureiros - RS,230.0,93235.0,244,172445.0,2014.0,2047.0,723.0,11.420059582919563,31.811894882434302,11.919882755251587,33.748271092669434,46.29344587884806
4309159,Gramado Xavier - RS,189.0,76241.0,145,97219.0,3304.0,3350.0,1244.0,5.720338983050848,15.192926045016078,4.3283582089552235,11.655948553054662,23.07536319612591
4309209,Gravataí - RS,15971.0,6524894.0,15199,10279483.0,265074.0,275432.0,101779.0,6.025109969291594,15.691842128533391,5.518240436841035,14.933335953389205,24.61536778409048
4309258,Guabiju - RS,21.0,8526.0,23,15910.0,1417.0,1441.0,562.0,1.4820042342978124,3.736654804270463,1.5961138098542678,4.092526690391459,6.016937191249117
4309308,Guaíba - RS,5931.0,2401112.0,5836,3975808.0,92924.0,95946.0,35163.0,6.382635271835048,16.867161504991042,6.082588122485565,16.596991155475926,25.83952477293272
4309407,Guaporé - RS,442.0,178478.0,510,369328.0,25268.0,26168.0,9641.0,1.749248060788349,4.584586661134737,1.9489452766738,5.289907685924697,7.063400348266582
4309506,Guarani das Missões - RS,469.0,187820.0,268,164225.0,7415.0,7547.0,2802.0,6.325016857720836,16.73804425410421,3.551079899297734,9.564596716630978,25.329737019554955
4309555,Harmonia - RS,45.0,18422.0,39,23355.0,5378.0,5535.0,2022.0,0.83674228337672,2.2255192878338277,0.7046070460704607,1.9287833827893175,3.425436965414652
4309571,Herveiras - RS,119.0,48503.0,160,106883.0,2565.0,2604.0,967.0,4.639376218323587,12.306101344364013,6.1443932411674345,16.546018614270942,18.90955165692008
4309605,Horizontina - RS,424.0,171151.0,430,294413.0,18851.0,19252.0,7624.0,2.249217548140682,5.561385099685205,2.233534178267193,5.6400839454354665,9.079146994854385
4309654,Hulha Negra - RS,988.0,407676.0,727,492170.0,5976.0,6102.0,2205.0,16.532797858099062,44.807256235827666,11.914126515896427,32.97052154195011,68.21887550200803
4309704,Humaitá - RS,107.0,43343.0,117,77641.0,4681.0,4772.0,1887.0,2.2858363597521896,5.670376258611553,2.451802179379715,6.200317965023848,9.259346293527024
4309753,Ibarama - RS,263.0,105551.0,131,85508.0,3732.0,3787.0,1417.0,7.047159699892819,18.560338743824982,3.4592025349881173,9.244883556810162,28.282690246516612
4309803,Ibiaçá - RS,152.0,61192.0,131,84409.0,4527.0,4617.0,1770.0,3.3576319858626023,8.587570621468927,2.837340264240849,7.401129943502825,13.517119505191076
4309902,Ibiraiaras - RS,268.0,108985.0,254,167073.0,6776.0,6827.0,2525.0,3.9551357733175916,10.613861386138614,3.720521458913139,10.05940594059406,16.083972845336483
4309951,Ibirapuitã - RS,257.0,103574.0,173,117364.0,3723.0,3788.0,1462.0,6.9030351866774105,17.578659370725035,4.567053854276663,11.833105335157319,27.820037604082728
4310009,Ibirubá - RS,140.0,56459.0,210,133853.0,21583.0,22106.0,8366.0,0.6486586665431127,1.6734401147501794,0.9499683343888538,2.510160172125269,2.6159014038826855
4310108,Igrejinha - RS,936.0,378646.0,961,639476.0,32808.0,34777.0,12772.0,2.852962692026335,7.328531161916692,2.763320585444403,7.524271844660194,11.54127042184833
4310207,Ijuí - RS,3097.0,1250727.0,2990,2027352.0,84780.0,87849.0,32532.0,3.652984194385468,9.519857371203738,3.4035674851165068,9.190950448788884,14.752618542108989
4310306,Ilópolis - RS,69.0,27803.0,48,31382.0,4157.0,4245.0,1509.0,1.6598508539812364,4.572564612326044,1.1307420494699647,3.1809145129224654,6.688236709165263
4310330,Imbé - RS,1472.0,600739.0,1531,1012238.0,26824.0,28029.0,10456.0,5.487623024157471,14.078041315990818,5.46219986442613,14.642310635042081,22.39557858634059
4310363,Imigrante - RS,20.0,8315.0,22,12539.0,3080.0,3149.0,1182.0,0.6493506493506493,1.6920473773265652,0.6986344871387742,1.8612521150592216,2.699675324675325
4310405,Independência - RS,370.0,149885.0,362,250315.0,6427.0,6557.0,2484.0,5.756962813132099,14.895330112721417,5.5208174470032025,14.573268921095009,23.321145168819044
4310413,Inhacorá - RS,187.0,75138.0,122,82778.0,2014.0,2047.0,782.0,9.285004965243298,23.91304347826087,5.9599413776257935,15.601023017902813,37.30784508440914
4310439,Ipê - RS,162.0,65942.0,139,93625.0,5399.0,5490.0,2137.0,3.0005556584552693,7.580720636406177,2.5318761384335153,6.504445484323819,12.213743285793665
4310462,Ipiranga do Sul - RS,10.0,4000.0,12,7000.0,1720.0,1748.0,675.0,0.5813953488372093,1.4814814814814814,0.6864988558352403,1.7777777777777777,2.3255813953488373
4310504,Iraí - RS,627.0,256059.0,588,410624.0,7482.0,7631.0,2835.0,8.380112269446672,22.116402116402117,7.705412134713668,20.74074074074074,34.223336006415394
4310538,Itaara - RS,215.0,87030.0,229,149927.0,5572.0,5712.0,2115.0,3.858578607322326,10.16548463356974,4.009103641456583,10.8274231678487,15.619167264895909
4310553,Itacurubi - RS,366.0,148298.0,315,213240.0,2995.0,3038.0,1170.0,12.220367278797996,31.28205128205128,10.368663594470046,26.923076923076923,49.51519198664441
4310579,Itapuca - RS,72.0,28865.0,45,27221.0,1937.0,1963.0,725.0,3.7170882808466703,9.931034482758621,2.2924095771777893,6.206896551724138,14.901910170366547
4310603,Itaqui - RS,2421.0,978453.0,2092,1418811.0,35768.0,36811.0,12910.0,6.768619995526728,18.752904725019366,5.683083860802477,16.204492641363284,27.355541265936033
4310652,Itati - RS,185.0,74798.0,169,116326.0,2638.0,2696.0,1041.0,7.012888551933282,17.77137367915466,6.268545994065282,16.234390009606148,28.354056103108416
4310702,Itatiba do Sul - RS,112.0,44959.0,92,61128.0,3208.0,3240.0,1285.0,3.491271820448878,8.715953307392995,2.8395061728395063,7.159533073929961,14.014650872817954
4310751,Ivorá - RS,76.0,31017.0,64,40785.0,1929.0,1962.0,740.0,3.939865215137377,10.27027027027027,3.261977573904179,8.64864864864865,16.07931570762053
4310801,Ivoti - RS,159.0,65245.0,166,102307.0,22983.0,23567.0,8616.0,0.6918156898577209,1.8454038997214484,0.7043747613187932,1.9266480965645312,2.838837401557673
4310850,Jaboticaba - RS,264.0,106683.0,183,119379.0,3779.0,3847.0,1499.0,6.985975125694628,17.61174116077385,4.756953470236548,12.208138759172781,28.23048425509394
4310876,Jacuizinho - RS,263.0,106536.0,222,150240.0,2040.0,2066.0,784.0,12.892156862745098,33.545918367346935,10.74540174249758,28.316326530612244,52.22352941176471
4310900,Jacutinga - RS,71.0,28647.0,59,39126.0,3338.0,3398.0,1301.0,2.127022168963451,5.457340507302075,1.7363154796939375,4.534973097617217,8.582085080886758
4311007,Jaguarão - RS,2281.0,921880.0,1713,1144121.0,26603.0,27396.0,10836.0,8.57422095252415,21.050203026947212,6.252737625930793,15.808416389811738,34.653234597601774
4311106,Jaguari - RS,657.0,265449.0,726,488229.0,10579.0,10771.0,4309.0,6.210416863597693,15.247157113019261,6.740321232940302,16.84845671849617,25.092069193685603
4311122,Jaquirana - RS,462.0,188377.0,340,230834.0,3690.0,3751.0,1391.0,12.520325203252032,33.21351545650611,9.064249533457744,24.442846872753414,51.05067750677507
4311130,Jari - RS,309.0,124219.0,246,149770.0,3349.0,3412.0,1332.0,9.226634816363093,23.1981981981982,7.209847596717467,18.46846846846847,37.09137055837564
4311155,Jóia - RS,614.0,254775.0,629,432493.0,7184.0,7294.0,2780.0,8.546770601336302,22.086330935251798,8.623526185906224,22.62589928057554,35.46422605790646
4311205,Júlio de Castilhos - RS,1154.0,466968.0,1252,860951.0,18226.0,18545.0,6965.0,6.331614177548557,16.568557071069634,6.751145861418172,17.97559224694903,25.620981016130802
4311239,Lagoa Bonita do Sul - RS,164.0,66014.0,121,78498.0,2251.0,2283.0,866.0,7.285650821856953,18.937644341801384,5.300043802014892,13.97228637413395,29.326521545979563
4311254,Lagoão - RS,622.0,249511.0,594,388985.0,5341.0,5421.0,2033.0,11.64575922111964,30.595179537629118,10.957387935805203,29.217904574520414,46.716158022842166
4311270,Lagoa dos Três Cantos - RS,16.0,6400.0,22,15207.0,1738.0,1781.0,654.0,0.9205983889528193,2.4464831804281344,1.235261089275688,3.363914373088685,3.6823935558112773
4311304,Lagoa Vermelha - RS,1696.0,686408.0,1490,1018010.0,27659.0,28622.0,10773.0,6.13181966086988,15.743061357096444,5.205785759206205,13.830873479996287,24.8168046567121
4311403,Lajeado - RS,1623.0,661168.0,1600,1040034.0,93646.0,96883.0,37971.0,1.7331226106827842,4.2743146085170265,1.6514765232290494,4.213742066313766,7.06029088268586
4311429,Lajeado do Bugre - RS,366.0,147748.0,282,191691.0,2601.0,2661.0,983.0,14.071510957324106,37.23296032553408,10.597519729425029,28.687690742624618,56.80430603613995
4311502,Lavras do Sul - RS,486.0,199195.0,525,358550.0,7157.0,7290.0,2926.0,6.7905547016906525,16.609706083390293,7.20164609053498,17.942583732057415,27.832192259326533
4311601,Liberato Salzano - RS,251.0,100402.0,216,153725.0,4781.0,4845.0,1827.0,5.249947709684166,13.738368910782704,4.458204334365325,11.822660098522167,21.000209161263335
4311627,Lindolfo Collor - RS,203.0,83189.0,233,170155.0,6248.0,6420.0,2310.0,3.2490396927016647,8.787878787878787,3.629283489096573,10.086580086580087,13.314500640204866
4311643,Linha Nova - RS,14.0,5621.0,11,7195.0,1683.0,1721.0,665.0,0.8318478906714201,2.1052631578947367,0.6391632771644393,1.6541353383458646,3.3398692810457518
4311700,Machadinho - RS,164.0,66020.0,142,93490.0,5735.0,5867.0,2298.0,2.8596338273757627,7.136640557006093,2.4203170274416226,6.179286335944299,11.51176983435048
4311718,Maçambará - RS,570.0,229131.0,489,333318.0,4425.0,4485.0,1632.0,12.88135593220339,34.9264705882353,10.903010033444817,29.96323529411765,51.781016949152544
4311734,Mampituba - RS,209.0,83835.0,193,135599.0,3131.0,3203.0,1233.0,6.675183647396998,16.95052716950527,6.025600999063378,15.652879156528792,26.775790482274033
4311759,Manoel Viana - RS,407.0,163904.0,381,253621.0,6801.0,6915.0,2767.0,5.98441405675636,14.709071196241418,5.509761388286334,13.769425370437297,24.099985296279957
4311775,Maquiné - RS,493.0,204044.0,482,332412.0,7418.0,7593.0,2907.0,6.645996225397681,16.95906432748538,6.347952061108916,16.580667354661163,27.506605554057696
4311791,Maratá - RS,48.0,19364.0,38,23542.0,2470.0,2521.0,973.0,1.94331983805668,4.933196300102775,1.507338357794526,3.905447070914697,7.839676113360324
4311809,Marau - RS,579.0,233035.0,795,519169.0,45124.0,46750.0,17282.0,1.2831309281092103,3.3503066774678856,1.7005347593582887,4.60016201828492,5.1643249711904975
4311908,Marcelino Ramos - RS,76.0,30713.0,66,46397.0,4320.0,4382.0,1732.0,1.7592592592592593,4.387990762124711,1.5061615700593336,3.810623556581986,7.109490740740741
4311981,Mariana Pimentel - RS,250.0,101960.0,244,170816.0,3916.0,4002.0,1639.0,6.384065372829418,15.25320317266626,6.096951524237881,14.88712629652227,26.036772216547497
4312005,Mariano Moro - RS,25.0,10000.0,36,21680.0,1858.0,1884.0,757.0,1.3455328310010763,3.3025099075297226,1.910828025477707,4.755614266842801,5.382131324004305
4312054,Marques de Souza - RS,64.0,25947.0,42,26535.0,3969.0,4050.0,1574.0,1.6124968505920887,4.066073697585769,1.037037037037037,2.6683608640406606,6.537414965986395
4312104,Mata - RS,319.0,128727.0,290,192763.0,4698.0,4782.0,1959.0,6.790123456790123,16.283818274629912,6.064408197406943,14.803471158754467,27.40038314176245
4312138,Mato Castelhano - RS,126.0,51518.0,141,98828.0,2553.0,2611.0,925.0,4.9353701527614575,13.621621621621621,5.4002297970126385,15.243243243243244,20.17939678809244
4312153,Mato Leitão - RS,169.0,68902.0,134,88593.0,4859.0,5001.0,1883.0,3.4780819098579956,8.975039830058417,2.679464107178564,7.116303770578863,14.180284009055361
4312179,Mato Queimado - RS,70.0,28230.0,70,48253.0,1795.0,1833.0,697.0,3.8997214484679668,10.043041606886657,3.8188761593016913,10.043041606886657,15.727019498607243
4312203,Maximiliano de Almeida - RS,230.0,93307.0,185,128214.0,4191.0,4251.0,1645.0,5.487950369840133,13.98176291793313,4.351917195953893,11.246200607902736,22.263660224290145
4312252,Minas do Leão - RS,927.0,378886.0,913,622134.0,7505.0,7661.0,2811.0,12.351765489673552,32.97758804695838,11.917504242266023,32.47954464603344,50.484477015323115
4312302,Miraguaí - RS,348.0,139880.0,374,260469.0,4427.0,4501.0,1658.0,7.860853851366614,20.989143546441497,8.309264607864918,22.55729794933655,31.597018296814998
4312351,Montauri - RS,6.0,2632.0,2,1350.0,1499.0,1530.0,535.0,0.400266844563042,1.1214953271028036,0.13071895424836602,0.37383177570093457,1.7558372248165444
4312377,Monte Alegre dos Campos - RS,180.0,74191.0,180,127181.0,3180.0,3251.0,1194.0,5.660377358490566,15.075376884422111,5.536757920639803,15.075376884422111,23.330503144654088
4312385,Monte Belo do Sul - RS,16.0,6455.0,12,9023.0,2557.0,2608.0,917.0,0.6257332811888933,1.7448200654307524,0.4601226993865031,1.3086150490730644,2.524442706296441
4312401,Montenegro - RS,2859.0,1164399.0,2556,1705405.0,64322.0,66353.0,24334.0,4.444824476850844,11.748993178269089,3.8521242445707053,10.50382181310101,18.102655390068715
4312427,Mormaço - RS,174.0,69760.0,93,61452.0,2756.0,2796.0,1058.0,6.313497822931785,16.446124763705104,3.3261802575107295,8.790170132325143,25.312046444121915
4312443,Morrinhos do Sul - RS,111.0,44638.0,75,46877.0,3071.0,3133.0,1279.0,3.6144578313253013,8.67865519937451,2.3938716884774975,5.863956215793589,14.535330511234125
4312450,Morro Redondo - RS,516.0,209381.0,421,281319.0,6046.0,6168.0,2510.0,8.534568309626199,20.55776892430279,6.825551232166018,16.772908366533866,34.631326496857426
4312476,Morro Reuter - RS,83.0,33527.0,31,20827.0,6029.0,6167.0,2301.0,1.3766793829822523,3.6071273359408953,0.5026755310523755,1.3472403302911777,5.5609553823187925
4312500,Mostardas - RS,977.0,400170.0,958,672322.0,12090.0,12347.0,4593.0,8.081058726220016,21.27150010886131,7.758969790232445,20.857827128238625,33.09925558312655
4312609,Muçum - RS,83.0,33438.0,70,43972.0,4601.0,4692.0,1785.0,1.8039556618126493,4.649859943977591,1.4919011082693947,3.9215686274509802,7.267550532492936
4312617,Muitos Capões - RS,146.0,60314.0,144,103754.0,2879.0,2937.0,1096.0,5.071205279610976,13.321167883211679,4.902962206332993,13.138686131386862,20.94963529003126
4312625,Muliterno - RS,106.0,44361.0,75,51997.0,1721.0,1754.0,605.0,6.159209761766415,17.520661157024794,4.27594070695553,12.396694214876034,25.776292852992448
4312658,Não-Me-Toque - RS,299.0,120408.0,224,146572.0,17898.0,18335.0,6974.0,1.6705777181808024,4.287353025523372,1.2217071175347696,3.211930025810152,6.727455581629233
4312674,Nicolau Vergueiro - RS,114.0,46437.0,50,35954.0,1932.0,1982.0,769.0,5.900621118012422,14.82444733420026,2.522704339051463,6.501950585175552,24.035714285714285
4312708,Nonoai - RS,888.0,355370.0,929,621697.0,13719.0,14074.0,5131.0,6.472774983599388,17.306567920483335,6.600824214864288,18.10563243032547,25.903491508127413
4312757,Nova Alvorada - RS,65.0,26021.0,54,34025.0,3163.0,3229.0,1172.0,2.0550110654441984,5.546075085324232,1.6723443790647259,4.607508532423208,8.226683528295922
4312807,Nova Araçá - RS,30.0,12126.0,53,36674.0,4954.0,5098.0,1811.0,0.6055712555510698,1.6565433462175594,1.039623381718321,2.9265599116510215,2.4477190149374244
4312906,Nova Bassano - RS,82.0,32898.0,58,37453.0,9649.0,9867.0,3291.0,0.8498289978236087,2.49164387724096,0.5878179791223269,1.76238225463385,3.4094724841952533
4312955,Nova Boa Vista - RS,12.0,5200.0,17,12521.0,2042.0,2089.0,796.0,0.5876591576885406,1.5075376884422111,0.8137865007180469,2.135678391959799,2.546523016650343
4313003,Nova Bréscia - RS,30.0,12242.0,39,25667.0,3044.0,3104.0,1213.0,0.985545335085414,2.4732069249793898,1.2564432989690721,3.215169002473207,4.021681997371879
4313011,Nova Candelária - RS,22.0,8800.0,12,7900.0,3061.0,3138.0,1182.0,0.718719372754002,1.8612521150592216,0.3824091778202677,1.015228426395939,2.874877491016008
4313037,Nova Esperança do Sul - RS,199.0,81937.0,219,141058.0,4865.0,4976.0,1906.0,4.090441932168551,10.44071353620147,4.40112540192926,11.4900314795383,16.84213771839671
4313060,Nova Hartz - RS,638.0,260703.0,669,456798.0,20088.0,20559.0,7571.0,3.176025487853445,8.426892088231408,3.2540493214650517,8.836349227314754,12.978046594982079
4313086,Nova Pádua - RS,19.0,7625.0,9,6440.0,2343.0,2389.0,810.0,0.8109261630388391,2.345679012345679,0.37672666387609877,1.1111111111111112,3.254374733247973
4313102,Nova Palma - RS,223.0,89926.0,205,132611.0,5586.0,5676.0,2041.0,3.992123165055496,10.926016658500735,3.6116983791402397,10.044096031357178,16.098460436806302
4313201,Nova Petrópolis - RS,183.0,74371.0,176,118275.0,23300.0,23934.0,9041.0,0.7854077253218884,2.0241123769494527,0.735355561126431,1.946687313350293,3.1918884120171676
4313300,Nova Prata - RS,560.0,227497.0,465,280377.0,25692.0,26638.0,9881.0,2.179666822357154,5.667442566541848,1.7456265485396802,4.706001416860642,8.854779697960454
4313334,Nova Ramada - RS,45.0,17713.0,33,22494.0,2163.0,2198.0,864.0,2.0804438280166435,5.208333333333333,1.5013648771610555,3.8194444444444446,8.18908922792418
4313359,Nova Roma do Sul - RS,6.0,2400.0,24,19512.0,3466.0,3545.0,1246.0,0.17311021350259664,0.48154093097913325,0.6770098730606487,1.926163723916533,0.6924408540103866
4313375,Nova Santa Rita - RS,2499.0,1018781.0,2129,1425658.0,29024.0,30190.0,10271.0,8.610115766262403,24.33063966507643,7.052003974826102,20.728264044396845,35.10132993384785
4313391,Novo Cabrais - RS,196.0,78877.0,225,144026.0,3568.0,3633.0,1458.0,5.493273542600897,13.443072702331962,6.193228736581338,15.432098765432098,22.106782511210763
4313409,Novo Hamburgo - RS,8221.0,3349945.0,8450,5627937.0,227646.0,235801.0,89848.0,3.6113087864491358,9.149897604843735,3.583530180109499,9.404772504674561,14.715589116435167
4313425,Novo Machado - RS,222.0,89048.0,154,103716.0,3198.0,3238.0,1304.0,6.941838649155723,17.024539877300615,4.756022235948116,11.809815950920246,27.84490306441526
4313441,Novo Tiradentes - RS,148.0,60180.0,89,56701.0,2146.0,2187.0,819.0,6.896551724137931,18.07081807081807,4.069501600365798,10.866910866910867,28.04287045666356
4313466,Novo Xingu - RS,38.0,15365.0,32,20582.0,1646.0,1677.0,622.0,2.3086269744835968,6.109324758842444,1.9081693500298151,5.144694533762058,9.334750911300121
4313490,Novo Barreiro - RS,439.0,175605.0,314,202565.0,4272.0,4375.0,1647.0,10.27621722846442,26.654523375834852,7.177142857142857,19.06496660595021,41.106039325842694
4313508,Osório - RS,2653.0,1089480.0,2428,1681750.0,47396.0,49000.0,17768.0,5.597518777955946,14.931337235479514,4.955102040816326,13.665015758667266,22.986749936703518
4313607,Paim Filho - RS,146.0,58711.0,106,69010.0,3629.0,3685.0,1414.0,4.0231468724166435,10.325318246110326,2.8765264586160106,7.496463932107496,16.178286029209147
4313656,Palmares do Sul - RS,1489.0,617896.0,1200,826609.0,12844.0,13190.0,5173.0,11.59296169417627,28.78407113860429,9.097801364670204,23.19737096462401,48.10775459358455
4313706,Palmeira das Missões - RS,2589.0,1041293.0,2060,1382900.0,33216.0,34227.0,12781.0,7.794436416184971,20.256630936546436,6.018640254769626,16.117674673343245,31.349138969171484
4313805,Palmitinho - RS,575.0,231570.0,438,298473.0,7839.0,8042.0,3005.0,7.3351192754177825,19.13477537437604,5.446406366575479,14.575707154742096,29.540757749712974
4313904,Panambi - RS,1023.0,415904.0,954,641363.0,43515.0,45103.0,16485.0,2.3509134781109964,6.205641492265696,2.1151586368977675,5.787079162875341,9.557715730207974
4313953,Pantano Grande - RS,1057.0,428864.0,986,671429.0,10212.0,10443.0,3971.0,10.35056795926361,26.617980357592547,9.441731303265346,24.83001762780156,41.9960830395613
4314001,Paraí - RS,51.0,20466.0,44,26021.0,7194.0,7362.0,2654.0,0.7089241034195163,1.9216277317256971,0.5976636783482749,1.6578749058025621,2.8448707256046704
4314027,Paraíso do Sul - RS,526.0,212955.0,402,272119.0,6519.0,6620.0,2617.0,8.068722196655928,20.099350401222775,6.072507552870091,15.361100496752005,32.66682006442706
4314035,Pareci Novo - RS,98.0,39582.0,85,55942.0,4319.0,4441.0,1680.0,2.2690437601296596,5.833333333333333,1.9139833370862418,5.059523809523809,9.164621440148183
4314050,Parobé - RS,2775.0,1128512.0,2879,2017703.0,52058.0,53569.0,19888.0,5.330592800338084,13.953137570394208,5.374376971756053,14.4760659694288,21.677974566829306
4314068,Passa Sete - RS,229.0,92225.0,173,106456.0,3983.0,4024.0,1525.0,5.749435099171479,15.01639344262295,4.29920477137177,11.344262295081966,23.154657293497365
4314076,Passo do Sobrado - RS,257.0,104806.0,236,155631.0,6025.0,6155.0,2381.0,4.265560165975104,10.793784124317513,3.834281072298944,9.911801763964721,17.395186721991703
4314100,Passo Fundo - RS,8986.0,3676153.0,7676,5340114.0,206215.0,214815.0,81744.0,4.357587954319521,10.992855744764142,3.5733072643902895,9.390291642200038,17.82679727468904
4314134,Paulo Bento - RS,22.0,9099.0,14,9282.0,2144.0,2188.0,793.0,1.0261194029850746,2.7742749054224465,0.6398537477148081,1.7654476670870114,4.243936567164179
4314159,Paverama - RS,280.0,113102.0,272,186775.0,7978.0,8146.0,3149.0,3.5096515417397844,8.89171165449349,3.3390621163761356,8.63766275007939,14.176736024066182
4314175,Pedras Altas - RS,233.0,94057.0,168,108337.0,2061.0,2099.0,866.0,11.305191654536634,26.905311778290994,8.00381133873273,19.399538106235564,45.63658418243571
4314209,Pedro Osório - RS,990.0,403097.0,719,487379.0,7484.0,7631.0,3084.0,13.228220203099946,32.1011673151751,9.422094089896476,23.313878080415044,53.86117049706039
4314308,Pejuçara - RS,141.0,57326.0,159,109059.0,3745.0,3817.0,1375.0,3.7650200267022695,10.254545454545454,4.165575058946817,11.563636363636364,15.307343124165554
4314407,Pelotas - RS,17387.0,7034029.0,18172,12106113.0,325685.0,336150.0,130721.0,5.33859404025362,13.300846841746926,5.4059199762011,13.901362443677757,21.59764496369191
4314423,Picada Café - RS,18.0,7327.0,12,9430.0,5351.0,5473.0,2031.0,0.33638572229489816,0.8862629246676514,0.21925817650283208,0.5908419497784343,1.3692767706970659
4314456,Pinhal - RS,33.0,13200.0,36,24666.0,2959.0,3039.0,1089.0,1.1152416356877324,3.0303030303030303,1.1846001974333662,3.3057851239669422,4.4609665427509295
4314464,Pinhal da Serra - RS,142.0,57261.0,133,90464.0,2248.0,2300.0,885.0,6.316725978647687,16.045197740112993,5.782608695652174,15.028248587570621,25.471975088967973
4314472,Pinhal Grande - RS,206.0,84244.0,194,133143.0,3805.0,3861.0,1474.0,5.413929040735874,13.975576662143826,5.024605024605025,13.16146540027137,22.140341655716163
4314498,Pinheirinho do Vale - RS,320.0,131431.0,272,185685.0,4540.0,4638.0,1696.0,7.048458149779735,18.867924528301888,5.864596808969384,16.037735849056602,28.94955947136564
4314506,Pinheiro Machado - RS,1700.0,687173.0,929,602570.0,11214.0,11394.0,4882.0,15.159621901194935,34.821794346579274,8.153414077584694,19.02908643998361,61.27813447476369
4314548,Pinto Bandeira - RS,23.0,9288.0,28,17282.0,2723.0,2785.0,919.0,0.8446566287183254,2.50272034820457,1.0053859964093357,3.046789989118607,3.4109438119720896
4314555,Pirapó - RS,170.0,68473.0,132,86942.0,2260.0,2255.0,917.0,7.522123893805309,18.538713195201744,5.853658536585366,14.394765539803707,30.29778761061947
4314605,Piratini - RS,1220.0,490905.0,1315,873538.0,17504.0,17770.0,7513.0,6.969835466179159,16.238519898842007,7.400112549240292,17.502994808997737,28.045303930530164
4314704,Planalto - RS,667.0,270396.0,510,344961.0,10406.0,10625.0,4049.0,6.409763597924274,16.473203260064214,4.8,12.59570264262781,25.984624255237364
4314753,Poço das Antas - RS,11.0,4400.0,12,8521.0,2171.0,2224.0,842.0,0.5066789497927222,1.3064133016627077,0.539568345323741,1.4251781472684086,2.026715799170889
4314779,Pontão - RS,131.0,52520.0,168,113820.0,3296.0,3345.0,1259.0,3.974514563106796,10.40508339952343,5.022421524663677,13.343923749007148,15.934466019417476
4314787,Ponte Preta - RS,18.0,7200.0,17,10383.0,1575.0,1602.0,585.0,1.1428571428571428,3.076923076923077,1.0611735330836454,2.905982905982906,4.571428571428571
4314803,Portão - RS,1491.0,601002.0,1194,774614.0,34071.0,35274.0,12935.0,4.37615567491415,11.526865094704291,3.3849294097635654,9.23076923076923,17.639693581051333
4314902,Porto Alegre - RS,73955.0,30358445.0,77919,51953919.0,1332845.0,1388791.0,558252.0,5.548657195697924,13.247601441642843,5.610563432510723,13.957675028481761,22.77717589066996
4315008,Porto Lucena - RS,223.0,89533.0,169,114005.0,4360.0,4413.0,1824.0,5.114678899082569,12.225877192982455,3.8295943802401995,9.265350877192983,20.535091743119267
4315057,Porto Mauá - RS,123.0,51215.0,107,70370.0,2142.0,2173.0,843.0,5.742296918767507,14.590747330960854,4.924068108605614,12.69276393831554,23.909897292250232
4315073,Porto Vera Cruz - RS,60.0,24800.0,42,25907.0,1560.0,1582.0,665.0,3.8461538461538463,9.022556390977444,2.6548672566371683,6.315789473684211,15.897435897435898
4315107,Porto Xavier - RS,580.0,233118.0,660,452723.0,9938.0,10127.0,3927.0,5.836184342926142,14.769544181308888,6.5172311642144765,16.80672268907563,23.45723485610787
4315131,Pouso Novo - RS,63.0,25200.0,36,21552.0,1739.0,1771.0,665.0,3.622771707878091,9.473684210526315,2.0327498588368154,5.413533834586466,14.491086831512364
4315149,Presidente Lucena - RS,63.0,25691.0,43,28685.0,3077.0,3166.0,1112.0,2.0474488137796554,5.66546762589928,1.3581806696146557,3.866906474820144,8.349366265843354
4315156,Progresso - RS,278.0,111052.0,215,135723.0,5340.0,5423.0,2109.0,5.205992509363296,13.181602655286866,3.964595242485709,10.194404931247037,20.79625468164794
4315172,Protásio Alves - RS,23.0,9369.0,30,20702.0,2025.0,2070.0,752.0,1.1358024691358024,3.0585106382978724,1.4492753623188406,3.9893617021276597,4.626666666666667
4315206,Putinga - RS,105.0,42245.0,59,37722.0,3747.0,3809.0,1366.0,2.8022417934347477,7.686676427525622,1.5489629824100815,4.31918008784773,11.274352815585802
4315305,Quaraí - RS,1833.0,738600.0,1634,1085582.0,23500.0,23995.0,8678.0,7.8,21.122378428209263,6.809752031673265,18.829223323346394,31.429787234042553
4315313,Quatro Irmãos - RS,62.0,25448.0,56,41116.0,1552.0,1577.0,577.0,3.9948453608247423,10.74523396880416,3.5510462904248574,9.705372616984402,16.396907216494846
4315321,Quevedos - RS,214.0,86294.0,219,140877.0,2507.0,2553.0,1033.0,8.536098923015556,20.716360116166506,8.578143360752057,21.200387221684416,34.421220582369365
4315354,Quinze de Novembro - RS,48.0,19296.0,57,33756.0,3910.0,4003.0,1518.0,1.227621483375959,3.1620553359683794,1.4239320509617788,3.7549407114624507,4.935038363171356
4315404,Redentora - RS,1342.0,591016.0,1438,978358.0,9738.0,9931.0,3101.0,13.781063873485316,43.276362463721384,14.479911388581211,46.37213801999355,60.69172314643664
4315453,Relvado - RS,35.0,14485.0,30,18704.0,1796.0,1825.0,695.0,1.9487750556792873,5.0359712230215825,1.643835616438356,4.316546762589928,8.065144766146993
4315503,Restinga Sêca - RS,1056.0,430595.0,961,640778.0,14939.0,15205.0,5906.0,7.06874623468773,17.880121909922114,6.320289378493916,16.271588215374194,28.823549099672
4315552,Rio dos Índios - RS,280.0,112877.0,233,157525.0,2835.0,2866.0,1091.0,9.876543209876543,25.664527956003667,8.129797627355199,21.35655362053162,39.81552028218695
4315602,Rio Grande - RS,9492.0,3816652.0,9200,6204711.0,191900.0,198935.0,74570.0,4.946326211568525,12.728979482365563,4.6246261341644255,12.337401099637924,19.88875455966649
4315701,Rio Pardo - RS,4077.0,1641124.0,3083,2076049.0,34654.0,35641.0,13568.0,11.764875627633174,30.04864386792453,8.650150108021661,22.72258254716981,47.357419056963124
4315750,Riozinho - RS,190.0,76576.0,155,105320.0,4473.0,4574.0,1727.0,4.247708473060586,11.001737116386797,3.3887188456493225,8.97510133178923,17.119606528057233
4315800,Roca Sales - RS,241.0,98527.0,296,203381.0,10418.0,10646.0,4049.0,2.313303897101171,5.95208693504569,2.780386999812136,7.310447023956533,9.457381455173739
4315909,Rodeio Bonito - RS,311.0,124925.0,251,153416.0,6654.0,6831.0,2582.0,4.673880372708146,12.044926413632842,3.6744254135558485,9.721146398140975,18.774421400661257
4315958,Rolador - RS,126.0,51192.0,122,80394.0,2291.0,2330.0,913.0,5.4997817546922745,13.80065717415115,5.236051502145923,13.362541073384447,22.344827586206897
4316006,Rolante - RS,706.0,286341.0,625,398916.0,21253.0,21753.0,8233.0,3.321883969321978,8.575245961374954,2.8731669195053557,7.591400461557148,13.472968522091
4316105,Ronda Alta - RS,552.0,225193.0,484,337131.0,9777.0,9969.0,3559.0,5.645903651426818,15.509974711997753,4.855050657036814,13.599325653273391,23.032934437966656
4316204,Rondinha - RS,184.0,74478.0,166,109809.0,4991.0,5078.0,1755.0,3.686635944700461,10.484330484330485,3.2690035447026387,9.45868945868946,14.922460428771789
4316303,Roque Gonzales - RS,326.0,131318.0,217,133135.0,6576.0,6692.0,2585.0,4.957420924574209,12.611218568665377,3.2426778242677825,8.39458413926499,19.969282238442823
4316402,Rosário do Sul - RS,4717.0,1906268.0,4785,3222923.0,36630.0,37673.0,13803.0,12.877422877422877,34.17373034847497,12.701404188676241,34.66637687459248,52.04116844116844
4316428,Sagrada Família - RS,200.0,80770.0,149,101319.0,2480.0,2528.0,973.0,8.064516129032258,20.554984583761563,5.893987341772152,15.313463514902363,32.568548387096776
4316436,Saldanha Marinho - RS,66.0,26622.0,60,36540.0,2575.0,2619.0,1035.0,2.563106796116505,6.3768115942028984,2.290950744558992,5.797101449275362,10.338640776699028
4316451,Salto do Jacuí - RS,1714.0,694337.0,1172,762646.0,10203.0,10357.0,4023.0,16.798980691953346,42.60502112851106,11.316018151974509,29.13248819289088,68.05223953739096
4316477,Salvador das Missões - RS,40.0,16092.0,14,9186.0,2877.0,2955.0,1118.0,1.3903371567605145,3.5778175313059033,0.47377326565143824,1.2522361359570662,5.593326381647549
4316501,Salvador do Sul - RS,47.0,19901.0,42,25939.0,6879.0,7184.0,2669.0,0.6832388428550662,1.7609591607343575,0.5846325167037862,1.5736230798051705,2.893007704608228
4316600,Sananduva - RS,145.0,58284.0,130,78283.0,16399.0,16770.0,6613.0,0.8842002561131777,2.192650839256011,0.7751937984496124,1.965824890367458,3.554119153606927
4316709,Santa Bárbara do Sul - RS,455.0,184725.0,459,304739.0,8122.0,8268.0,3206.0,5.602068456045309,14.192139737991265,5.551523947750363,14.316905801621958,22.74378231962571
4316733,Santa Cecília do Sul - RS,42.0,17473.0,38,29242.0,1674.0,1710.0,617.0,2.5089605734767026,6.807131280388979,2.2222222222222223,6.158833063209076,10.437873357228195
4316758,Santa Clara do Sul - RS,37.0,14843.0,26,14241.0,6887.0,7080.0,2580.0,0.5372440830550312,1.434108527131783,0.3672316384180791,1.0077519379844961,2.1552199796718456
4316808,Santa Cruz do Sul - RS,4830.0,1948284.0,4932,3215185.0,133230.0,138273.0,53650.0,3.6253096149515875,9.002795899347623,3.5668568701047927,9.19291705498602,14.623463183967575
4316907,Santa Maria - RS,13025.0,5285657.0,13429,9004388.0,271735.0,282397.0,106304.0,4.7932728577474375,12.252596327513546,4.755362132033981,12.632638470800723,19.45151342300403
4316956,Santa Maria do Herval - RS,72.0,29024.0,59,35794.0,6340.0,6486.0,2414.0,1.135646687697161,2.9826014913007457,0.9096515572001234,2.444076222038111,4.577917981072555
4316972,Santa Margarida do Sul - RS,232.0,93963.0,168,111166.0,2596.0,2661.0,1037.0,8.936825885978429,22.372227579556412,6.313416009019166,16.200578592092576,36.19530046224961
4317004,Santana da Boa Vista - RS,802.0,322647.0,653,426634.0,7024.0,7128.0,3043.0,11.417995444191344,26.355570161025305,9.161054994388328,21.459086427867238,45.93493735763098
4317103,Sant'Ana do Livramento - RS,7724.0,3138338.0,6422,4406254.0,84421.0,87330.0,31765.0,9.149382262707146,24.316071147489374,7.353715790679034,20.217220210923973,37.17484985963208
4317202,Santa Rosa - RS,1777.0,712909.0,1723,1132239.0,76963.0,79489.0,30005.0,2.3089016800280655,5.92234627562073,2.1675955163607545,5.742376270621563,9.2630094980705
4317251,Santa Tereza - RS,21.0,8400.0,9,5205.0,1505.0,1529.0,592.0,1.3953488372093024,3.5472972972972974,0.5886200130804448,1.5202702702702702,5.5813953488372094
4317301,Santa Vitória do Palmar - RS,2113.0,864587.0,1755,1169353.0,30983.0,31965.0,12518.0,6.8198689603976375,16.879693241731907,5.490380103237916,14.019811471481066,27.905206080753963
4317400,Santiago - RS,1947.0,781793.0,1734,1112427.0,48938.0,50336.0,19645.0,3.9785034124810985,9.910918808857216,3.444850603941513,8.82667345380504,15.975172667456782
4317509,Santo Ângelo - RS,3517.0,1416874.0,2983,2048375.0,76917.0,79146.0,29689.0,4.57246122443673,11.846138300380613,3.7689839031663004,10.047492337229277,18.420817244562322
4317558,Santo Antônio do Palma - RS,26.0,10707.0,11,6027.0,2091.0,2134.0,748.0,1.2434241989478718,3.4759358288770055,0.5154639175257731,1.4705882352941178,5.1205164992826395
4317608,Santo Antônio da Patrulha - RS,2356.0,962333.0,2054,1353469.0,42947.0,44431.0,17074.0,5.48583137355345,13.798758346023194,4.622898426774099,12.029987114911561,22.407455701213124
4317707,Santo Antônio das Missões - RS,1156.0,466472.0,998,666563.0,10300.0,10485.0,4086.0,11.223300970873787,28.291727851199216,9.518359561278016,24.42486539402839,45.28854368932039
4317756,Santo Antônio do Planalto - RS,53.0,21326.0,54,37401.0,2089.0,2138.0,816.0,2.537099090473911,6.495098039215686,2.525724976613658,6.617647058823529,10.2087123025371
4317806,Santo Augusto - RS,720.0,291810.0,700,465198.0,13902.0,14196.0,5471.0,5.179110919292188,13.160299762383476,4.930966469428008,12.794735880095047,20.99050496331463
4317905,Santo Cristo - RS,315.0,126818.0,228,134570.0,15320.0,15667.0,5911.0,2.0561357702349867,5.329047538487566,1.4552881853577584,3.857215361191,8.277937336814622
4317954,Santo Expedito do Sul - RS,56.0,23136.0,56,38618.0,2349.0,2395.0,916.0,2.38399318859089,6.11353711790393,2.338204592901879,6.11353711790393,9.849297573435505
4318002,São Borja - RS,2252.0,903886.0,2178,1508350.0,59676.0,61311.0,22559.0,3.7737113747570215,9.982711999645375,3.5523804863727553,9.654683274967862,15.146558080300288
4318051,São Domingos do Sul - RS,13.0,5200.0,6,2891.0,2754.0,2806.0,1057.0,0.4720406681190995,1.2298959318826868,0.21382751247327156,0.5676442762535477,1.888162672476398
4318101,São Francisco de Assis - RS,1572.0,632855.0,1264,848214.0,17618.0,17934.0,7246.0,8.922692700647065,21.694728125862547,7.04806512769042,17.444107093568867,35.92093313656488
4318200,São Francisco de Paula - RS,1064.0,431932.0,970,676949.0,21893.0,22388.0,8012.0,4.860000913534006,13.28007988017973,4.3326782204752545,12.106839740389416,19.729228520531677
4318309,São Gabriel - RS,3164.0,1269871.0,2703,1808863.0,58487.0,60090.0,22285.0,5.409749175030349,14.197890958043526,4.4982526210683975,12.129234911375365,21.71202147485766
4318408,São Jerônimo - RS,1755.0,716450.0,1473,992329.0,21028.0,21412.0,8091.0,8.34601483735971,21.690767519466075,6.879320007472446,18.205413422321097,34.07123834886818
4318424,São João da Urtiga - RS,93.0,37298.0,49,28770.0,4461.0,4546.0,1739.0,2.0847343644922662,5.347901092581943,1.0778706555213375,2.8177113283496262,8.360905626541134
4318432,São João do Polêsine - RS,128.0,52109.0,119,76582.0,2649.0,2708.0,1041.0,4.8320120800302,12.295869356388089,4.394387001477105,11.431316042267051,19.671196677991695
4318440,São Jorge - RS,31.0,12594.0,23,15633.0,2912.0,2976.0,1083.0,1.0645604395604396,2.862419205909511,0.7728494623655914,2.123730378578024,4.324862637362638
4318457,São José das Missões - RS,260.0,106654.0,151,98296.0,2362.0,2399.0,932.0,11.00762066045724,27.896995708154506,6.294289287203001,16.201716738197426,45.154106689246404
4318465,São José do Herval - RS,233.0,95599.0,131,86249.0,1902.0,1931.0,749.0,12.250262881177708,31.108144192256344,6.784049715173485,17.489986648865152,50.26235541535226
4318481,São José do Hortêncio - RS,27.0,11283.0,22,14039.0,4447.0,4555.0,1693.0,0.6071508882392624,1.5948021264028351,0.4829857299670692,1.299468399291199,2.5372161007420733
4318499,São José do Inhacorá - RS,23.0,9327.0,17,10525.0,2406.0,2466.0,956.0,0.9559434746467166,2.405857740585774,0.689375506893755,1.7782426778242677,3.876558603491272
4318507,São José do Norte - RS,1730.0,695610.0,1146,707348.0,25443.0,26248.0,10193.0,6.799512636088512,16.972432061218484,4.366046936909479,11.243009908760914,27.339936328263178
4318606,São José do Ouro - RS,276.0,111263.0,178,119071.0,6834.0,6978.0,2738.0,4.038630377524144,10.080350620891162,2.5508741759816567,6.501095690284879,16.280801872988
4318614,São José do Sul - RS,31.0,12609.0,25,18321.0,2380.0,2443.0,921.0,1.3025210084033614,3.3659066232356136,1.023331968890708,2.7144408251900107,5.297899159663865
4318622,São José dos Ausentes - RS,274.0,112736.0,311,217723.0,4172.0,4295.0,1459.0,6.567593480345158,18.77998629198081,7.240977881257276,21.31596984235778,27.022051773729626
4318705,São Leopoldo - RS,13196.0,5406519.0,12846,8876182.0,217409.0,225738.0,84190.0,6.069665929193364,15.674070554697707,5.690667942481992,15.258344221403966,24.86796314779977
4318804,São Lourenço do Sul - RS,1960.0,791080.0,1639,1076312.0,41989.0,43278.0,15248.0,4.667889209078568,12.85414480587618,3.7871435833448865,10.748950682056662,18.8401724261116
4318903,São Luiz Gonzaga - RS,1757.0,706085.0,1720,1152247.0,34752.0,35865.0,13557.0,5.0558241252302025,12.960094416168769,4.79576188484595,12.687172678321163,20.31782343462247
4319000,São Marcos - RS,420.0,170975.0,379,256611.0,21084.0,21549.0,8225.0,1.9920318725099602,5.1063829787234045,1.7587823100839945,4.60790273556231,8.109229747675963
4319109,São Martinho - RS,138.0,55294.0,130,87433.0,5481.0,5587.0,2216.0,2.5177887246852766,6.227436823104693,2.326830141399678,5.866425992779783,10.088305053822296
4319125,São Martinho da Serra - RS,355.0,143273.0,299,198898.0,2860.0,2908.0,1147.0,12.412587412587413,30.95030514385353,10.281980742778542,26.068003487358325,50.095454545454544
4319158,São Miguel das Missões - RS,789.0,318615.0,628,436083.0,7056.0,7193.0,2804.0,11.181972789115646,28.138373751783167,8.730710412901432,22.39657631954351,45.15518707482993
4319208,São Nicolau - RS,971.0,396304.0,687,463927.0,5118.0,5243.0,2047.0,18.97225478702618,47.4352711284807,13.103185199313371,33.561309233023934,77.43337241109809
4319307,São Paulo das Missões - RS,282.0,113491.0,139,79056.0,5846.0,5943.0,2231.0,4.823811152925077,12.64007171671896,2.3388860844691233,6.2303899596593455,19.413445090660282
4319356,São Pedro da Serra - RS,11.0,4451.0,14,13561.0,3548.0,3618.0,1309.0,0.3100338218714769,0.8403361344537815,0.3869541182974019,1.0695187165775402,1.254509582863585
4319364,São Pedro das Missões - RS,117.0,46880.0,128,86985.0,1757.0,1790.0,671.0,6.659077973819009,17.43666169895678,7.150837988826815,19.076005961251862,26.68184405236198
4319372,São Pedro do Butiá - RS,57.0,23157.0,47,30791.0,3070.0,3142.0,1169.0,1.8566775244299674,4.875962360992301,1.4958625079567154,4.020530367835757,7.54299674267101
4319406,São Pedro do Sul - RS,1367.0,558482.0,1062,722846.0,15577.0,15863.0,6421.0,8.775759132053668,21.289518766547268,6.694824434217992,16.5394798318019,35.852988380304296
4319505,São Sebastião do Caí - RS,980.0,398559.0,665,441625.0,24428.0,24898.0,9430.0,4.011789749467824,10.392364793213149,2.670897260824163,7.0519618239660655,16.315662354674963
4319604,São Sepé - RS,1302.0,522924.0,1022,672537.0,21219.0,21551.0,8605.0,6.136010179556059,15.130737943056362,4.742239339241799,11.876815804764671,24.644139686130355
4319703,São Valentim - RS,91.0,36551.0,57,39526.0,3264.0,3320.0,1239.0,2.7879901960784315,7.344632768361582,1.716867469879518,4.600484261501211,11.198223039215685
4319711,São Valentim do Sul - RS,17.0,6822.0,30,20463.0,2207.0,2255.0,846.0,0.7702763932940644,2.0094562647754137,1.3303769401330376,3.5460992907801416,3.091073855913004
4319737,São Valério do Sul - RS,353.0,142654.0,522,351509.0,2543.0,2593.0,826.0,13.881242626818718,42.73607748184019,20.13112225221751,63.196125907990314,56.09673613841919
4319752,São Vendelino - RS,11.0,4400.0,14,7607.0,2251.0,2309.0,852.0,0.48867170146601513,1.2910798122065728,0.606323083585968,1.6431924882629108,1.9546868058640605
4319802,São Vicente do Sul - RS,763.0,309232.0,734,493186.0,8097.0,8257.0,3117.0,9.423243176485117,24.478665383381458,8.889427152718905,23.54828360603144,38.19093491416574
4319901,Sapiranga - RS,3125.0,1291724.0,3552,2475138.0,75648.0,77935.0,28716.0,4.130975042301184,10.882434879509681,4.557644190671714,12.369410781445884,17.075454737732656
4320008,Sapucaia do Sul - RS,8334.0,3370844.0,7851,5248587.0,132107.0,136573.0,50174.0,6.308522636953379,16.61019651612389,5.748574022683839,15.647546538047594,25.51601353448341
4320107,Sarandi - RS,938.0,377363.0,847,557897.0,22851.0,23374.0,8620.0,4.1048531792919345,10.88167053364269,3.623684435697784,9.825986078886311,16.514069406152903
4320206,Seberi - RS,512.0,205819.0,439,294927.0,11950.0,12325.0,4699.0,4.2845188284518825,10.895935305384125,3.561866125760649,9.342413279421153,17.22334728033473
4320230,Sede Nova - RS,131.0,53180.0,102,67375.0,2704.0,2750.0,1068.0,4.844674556213017,12.265917602996256,3.709090909090909,9.55056179775281,19.66715976331361
4320263,Segredo - RS,488.0,196309.0,578,379840.0,6009.0,6098.0,2321.0,8.121151605924446,21.02542007755278,9.478517546736635,24.903059026281774,32.66916292228324
4320305,Selbach - RS,153.0,61962.0,92,53909.0,5107.0,5223.0,1979.0,2.995887996867045,7.731177362304194,1.7614397855638522,4.648812531581607,12.13275895829254
4320321,Senador Salgado Filho - RS,125.0,50511.0,96,64656.0,2673.0,2725.0,1044.0,4.676393565282454,11.973180076628353,3.522935779816514,9.195402298850574,18.89674523007856
4320354,Sentinela do Sul - RS,410.0,166842.0,359,247274.0,5306.0,5424.0,2109.0,7.727101394647569,19.44049312470365,6.618731563421829,17.022285443338074,31.444025631360724
4320404,Serafina Corrêa - RS,195.0,79851.0,227,158156.0,16961.0,17407.0,6231.0,1.1496963622427923,3.1295137217140105,1.3040730740506692,3.643074947841438,4.707918165202523
4320453,Sério - RS,58.0,23390.0,34,23617.0,1941.0,2089.0,780.0,2.988150437918599,7.435897435897436,1.6275730014360938,4.358974358974359,12.050489438433797
4320503,Sertão - RS,263.0,106392.0,174,109222.0,5541.0,5630.0,2191.0,4.746435661432955,12.003651300775902,3.0905861456483126,7.941579187585577,19.20086626962642
4320552,Sertão Santana - RS,261.0,104587.0,298,203257.0,5863.0,5989.0,2345.0,4.451645915060549,11.130063965884862,4.975788946401736,12.707889125799573,17.838478594576156
4320578,Sete de Setembro - RS,97.0,38800.0,80,50870.0,1830.0,1881.0,696.0,5.300546448087432,13.936781609195402,4.253056884635832,11.494252873563218,21.202185792349727
4320602,Severiano de Almeida - RS,44.0,17622.0,49,31133.0,3406.0,3463.0,1309.0,1.291837933059307,3.361344537815126,1.4149581287900663,3.7433155080213902,5.173810921902525
4320651,Silveira Martins - RS,101.0,40752.0,87,52825.0,2028.0,2056.0,789.0,4.980276134122288,12.801013941698352,4.2315175097276265,11.02661596958175,20.09467455621302
4320677,Sinimbu - RS,558.0,226186.0,419,240721.0,8578.0,8684.0,3206.0,6.505012823501982,17.404865876481598,4.824965453707969,13.069245165315035,26.368151084168804
4320701,Sobradinho - RS,783.0,316658.0,750,519476.0,14226.0,14512.0,5586.0,5.504006748207507,14.0171858216971,5.16813671444322,13.426423200859292,22.259103050752145
4320800,Soledade - RS,2450.0,985035.0,1600,1095293.0,29991.0,30958.0,11716.0,8.169117401887233,20.91157391601229,5.168292525356935,13.656538067599863,32.844353305991795
4320859,Tabaí - RS,181.0,73630.0,227,158447.0,4461.0,4569.0,1744.0,4.0573862362698945,10.378440366972477,4.96826439045743,13.01605504587156,16.50526787715759
4320909,Tapejara - RS,822.0,332195.0,669,438320.0,24557.0,25257.0,9340.0,3.347314411369467,8.80085653104925,2.6487706378429743,7.162740899357602,13.52750743168954
4321006,Tapera - RS,205.0,82240.0,118,72253.0,10592.0,10824.0,4051.0,1.9354229607250755,5.060478894100222,1.090169992609017,2.912861021969884,7.764350453172206
4321105,Tapes - RS,834.0,338010.0,807,534711.0,14695.0,14919.0,6011.0,5.675399795848929,13.874563300615538,5.4092097325558015,13.42538679088338,23.00170125893161
4321204,Taquara - RS,2020.0,823839.0,1846,1203907.0,53242.0,54353.0,20888.0,3.7939972202396604,9.670624281884335,3.3963166706529537,8.837610111068557,15.473479583787235
4321303,Taquari - RS,1578.0,641336.0,1585,1098236.0,25198.0,25963.0,10099.0,6.262401777918883,15.62530943657788,6.104841505218966,15.694623230022774,25.451861258830064
4321329,Taquaruçu do Sul - RS,92.0,36928.0,63,40437.0,3119.0,3192.0,1140.0,2.9496633536389867,8.070175438596491,1.9736842105263157,5.526315789473684,11.83969220904136
4321352,Tavares - RS,492.0,200014.0,339,238033.0,5212.0,5319.0,2153.0,9.439754412893324,22.85183464932652,6.373378454596729,15.745471435206689,38.37567152724482
4321402,Tenente Portela - RS,1208.0,501537.0,1439,984018.0,14497.0,14820.0,5332.0,8.332758501758985,22.655663915978995,9.709851551956815,26.987996999249813,34.595916396495824
4321436,Terra de Areia - RS,816.0,342599.0,728,493815.0,10334.0,10575.0,4009.0,7.896264757112444,20.354203043152907,6.884160756501182,18.159141930656023,33.15260305786723
4321451,Teutônia - RS,441.0,177868.0,501,316593.0,32797.0,34024.0,12776.0,1.3446351800469556,3.451784596117721,1.4724900070538443,3.921415153412649,5.4233009116687505
4321469,Tio Hugo - RS,58.0,23360.0,46,28535.0,3267.0,3363.0,1241.0,1.7753290480563209,4.6736502820306205,1.367826345524829,3.7066881547139405,7.150290786654423
4321477,Tiradentes do Sul - RS,145.0,59375.0,149,101604.0,5129.0,5188.0,2029.0,2.82706180542016,7.146377525874815,2.87201233616037,7.343518974864465,11.576330668746344
4321493,Toropi - RS,127.0,51224.0,133,88297.0,2554.0,2594.0,1058.0,4.972592012529366,12.003780718336484,5.127216653816499,12.570888468809073,20.056382145653878
4321501,Torres - RS,2093.0,847035.0,2163,1471423.0,41751.0,43346.0,16524.0,5.013053579554981,12.66642459452917,4.990079822821022,13.090050835148874,20.287777538262556
4321600,Tramandaí - RS,2962.0,1197588.0,3522,2460551.0,54387.0,56432.0,21085.0,5.446154411899903,14.047901351671804,6.24113977884888,16.703817880009485,22.019747366098517
4321626,Travesseiro - RS,14.0,5727.0,7,4102.0,2152.0,2192.0,830.0,0.6505576208178439,1.6867469879518073,0.3193430656934307,0.8433734939759037,2.6612453531598512
4321634,Três Arroios - RS,6.0,2400.0,10,8025.0,2591.0,2636.0,1028.0,0.23157082207641838,0.5836575875486382,0.37936267071320184,0.9727626459143969,0.9262832883056735
4321667,Três Cachoeiras - RS,262.0,106455.0,231,152792.0,10962.0,11224.0,4203.0,2.390074803867907,6.233642636212229,2.058089807555239,5.496074232690935,9.71127531472359
4321709,Três Coroas - RS,568.0,232247.0,509,350805.0,24425.0,24428.0,9275.0,2.3254861821903785,6.123989218328841,2.0836744719174716,5.487870619946092,9.508577277379734
4321808,Três de Maio - RS,1071.0,433062.0,858,548199.0,24916.0,25466.0,9877.0,4.29844276769947,10.843373493975903,3.369198146548339,8.686848233269211,17.380879755980093
4321832,Três Forquilhas - RS,185.0,74971.0,246,167607.0,2760.0,2813.0,1065.0,6.702898550724638,17.370892018779344,8.745111980092428,23.098591549295776,27.16340579710145
4321857,Três Palmeiras - RS,342.0,138194.0,326,234714.0,4716.0,4829.0,1738.0,7.251908396946565,19.677790563866512,6.7508800993994615,18.757192174913694,29.303223070398644
4321907,Três Passos - RS,1094.0,446752.0,1076,724641.0,25436.0,26304.0,9958.0,4.300990721811606,10.986141795541274,4.090632603406326,10.805382606949186,17.56376788803271
4321956,Trindade do Sul - RS,311.0,125440.0,220,143546.0,7556.0,7785.0,2836.0,4.115934356802541,10.966149506346968,2.825947334617855,7.757404795486601,16.60137638962414
4322004,Triunfo - RS,2051.0,842965.0,1814,1242490.0,27498.0,28435.0,10566.0,7.458724270856062,19.41131932614045,6.379461930719184,17.168275600984288,30.655502218343152
4322103,Tucunduva - RS,206.0,83456.0,160,104123.0,5542.0,5646.0,2268.0,3.7170696499458677,9.08289241622575,2.8338646829613885,7.054673721340388,15.058823529411764
4322152,Tunas - RS,438.0,175600.0,291,198283.0,3681.0,3732.0,1404.0,11.898940505297473,31.196581196581196,7.797427652733119,20.726495726495727,47.70442814452594
4322186,Tupanci do Sul - RS,55.0,22022.0,43,26770.0,1374.0,1396.0,560.0,4.0029112081513825,9.821428571428571,3.0802292263610314,7.678571428571429,16.027656477438136
4322202,Tupanciretã - RS,1932.0,783934.0,1987,1354237.0,20005.0,20324.0,7796.0,9.6575856035991,24.78193945613135,9.77661877583153,25.487429451000512,39.186903274181454
4322251,Tupandi - RS,43.0,17285.0,42,26541.0,5029.0,5172.0,1842.0,0.8550407635712866,2.3344191096634095,0.8120649651972158,2.2801302931596092,3.4370650228673694
4322301,Tuparendi - RS,213.0,85751.0,164,110409.0,8363.0,8535.0,3367.0,2.54693291880904,6.326106326106326,1.9214997070884592,4.870804870804871,10.25361712304197
4322327,Turuçu - RS,198.0,79816.0,146,96795.0,3419.0,3488.0,1205.0,5.791167007897046,16.431535269709542,4.185779816513762,12.116182572614107,23.34483767183387
4322343,Ubiretama - RS,60.0,24022.0,55,37424.0,1994.0,2025.0,766.0,3.009027081243731,7.83289817232376,2.7160493827160495,7.180156657963447,12.047141424272818
4322350,União da Serra - RS,18.0,7135.0,18,12887.0,1170.0,1183.0,436.0,1.5384615384615385,4.128440366972477,1.521555367709214,4.128440366972477,6.098290598290598
4322376,Unistalda - RS,235.0,94876.0,202,132610.0,1995.0,2047.0,806.0,11.779448621553884,29.156327543424318,9.86809965803615,25.062034739454095,47.556892230576445
4322400,Uruguaiana - RS,9830.0,4013274.0,7606,5230396.0,117210.0,120818.0,41707.0,8.386656428632369,23.569185028892033,6.295419556688573,18.23674682906946,34.24003071410289
4322509,Vacaria - RS,3342.0,1358091.0,3604,2512317.0,64197.0,66147.0,23648.0,5.205850740688817,14.132273342354534,5.448470830120791,15.240189445196211,21.15505397448479
4322525,Vale Verde - RS,186.0,75177.0,163,107998.0,3150.0,3213.0,1294.0,5.904761904761905,14.37403400309119,5.073140367258015,12.59659969088099,23.865714285714287
4322533,Vale do Sol - RS,331.0,133361.0,509,334910.0,9897.0,10069.0,3776.0,3.3444478124684247,8.765889830508474,5.055119674247691,13.479872881355933,13.474891381226634
4322541,Vale Real - RS,30.0,12257.0,31,19834.0,6058.0,6223.0,2263.0,0.4952129415648729,1.3256738842244808,0.49815201671219667,1.36986301369863,2.023275008253549
4322558,Vanini - RS,35.0,14275.0,27,16921.0,2004.0,2047.0,788.0,1.746506986027944,4.441624365482234,1.3190034196384954,3.4263959390862944,7.123253493013972
4322608,Venâncio Aires - RS,2826.0,1137706.0,2564,1697543.0,68763.0,70842.0,27675.0,4.10976833471489,10.211382113821138,3.6193218712063464,9.264679313459801,16.545322339048617
4322707,Vera Cruz - RS,1090.0,439179.0,1317,858548.0,26710.0,27671.0,10337.0,4.080868588543616,10.54464544838928,4.759495500704709,12.740640417916223,16.442493448146763
4322806,Veranópolis - RS,313.0,127141.0,163,95743.0,24021.0,24554.0,9531.0,1.3030265184630114,3.2840205644738223,0.6638429583774538,1.7102087923617668,5.2929103700928355
4322855,Vespasiano Corrêa - RS,8.0,3200.0,9,6200.0,1818.0,1851.0,642.0,0.44004400440044006,1.2461059190031152,0.4862236628849271,1.4018691588785046,1.7601760176017602
4322905,Viadutos - RS,111.0,44533.0,103,72188.0,4769.0,4847.0,1896.0,2.327531977353743,5.8544303797468356,2.1250257891479265,5.432489451476793,9.338016355630112
4323002,Viamão - RS,17657.0,7247821.0,16639,11319732.0,224112.0,231994.0,84612.0,7.878649960733918,20.86819836429821,7.172168245730493,19.665059329645914,32.340173663168414
4323101,Vicente Dutra - RS,698.0,284149.0,528,357609.0,4665.0,4741.0,1789.0,14.962486602357984,39.01621017328116,11.136890951276103,29.51369480156512,60.91082529474812
4323200,Victor Graeff - RS,39.0,15868.0,35,23947.0,2780.0,2825.0,1100.0,1.4028776978417266,3.5454545454545454,1.238938053097345,3.1818181818181817,5.707913669064748
4323309,Vila Flores - RS,19.0,7621.0,19,13402.0,3646.0,3741.0,1323.0,0.5211190345584202,1.436130007558579,0.5078855920876771,1.436130007558579,2.0902358749314316
4323358,Vila Lângaro - RS,21.0,8632.0,14,10564.0,2079.0,2121.0,774.0,1.0101010101010102,2.7131782945736433,0.6600660066006601,1.8087855297157622,4.151996151996152
4323408,Vila Maria - RS,67.0,27375.0,69,48536.0,4413.0,4515.0,1657.0,1.5182415590301381,4.043452021726011,1.5282392026578073,4.164152082076041,6.203263086335826
4323457,Vila Nova do Sul - RS,659.0,266662.0,686,454952.0,3863.0,3932.0,1598.0,17.059280352057986,41.23904881101377,17.446592065106817,42.92866082603254,69.0297696091121
4323507,Vista Alegre - RS,82.0,32897.0,75,52184.0,2660.0,2710.0,1014.0,3.082706766917293,8.086785009861932,2.7675276752767526,7.396449704142012,12.367293233082707
4323606,Vista Alegre do Prata - RS,17.0,7128.0,16,12958.0,1590.0,1624.0,573.0,1.069182389937107,2.966841186736475,0.9852216748768473,2.7923211169284468,4.483018867924528
4323705,Vista Gaúcha - RS,164.0,66058.0,80,53132.0,2783.0,2843.0,1108.0,5.892921307941071,14.8014440433213,2.8139289482940555,7.2202166064981945,23.736255839022636
4323754,Vitória das Missões - RS,202.0,81384.0,177,115437.0,3260.0,3316.0,1312.0,6.196319018404908,15.396341463414634,5.337756332931242,13.490853658536585,24.96441717791411
4323770,Westfália - RS,14.0,5600.0,11,7217.0,3098.0,3223.0,1112.0,0.45190445448676564,1.2589928057553956,0.3412969283276451,0.9892086330935251,1.8076178179470626
4323804,Xangri-lá - RS,864.0,354275.0,673,461432.0,16463.0,16949.0,5802.0,5.248132175180708,14.891416752843847,3.9707357366216294,11.59944846604619,21.519467897710015
5000203,Água Clara - MS,1662.0,688776.0,1451,995164.0,16741.0,18143.0,5613.0,9.927722358282063,29.609834313201496,7.997574822245494,25.85070372349902,41.14306194373096
5000252,Alcinópolis - MS,424.0,171900.0,428,299229.0,4537.0,4651.0,1770.0,9.34538241128499,23.954802259887007,9.202322081272845,24.180790960451976,37.88847255895966
5000609,Amambai - MS,4365.0,1823976.0,5454,3718299.0,39325.0,42071.0,13629.0,11.099809281627463,32.027294739159146,12.963799291673599,40.017609509134935,46.382097902097904
5000708,Anastácio - MS,2411.0,979175.0,2077,1428054.0,24114.0,24820.0,8575.0,9.998341212573608,28.11661807580175,8.368251410153102,24.221574344023324,40.60607945591772
5000807,Anaurilândia - MS,548.0,222995.0,549,382203.0,7653.0,7643.0,2913.0,7.1605906180582775,18.812221077926537,7.183043307601727,18.846549948506695,29.138246439304847
5000856,Angélica - MS,893.0,360599.0,796,567107.0,10729.0,11408.0,3977.0,8.323236089104297,22.454111139049534,6.977559607293127,20.015086748805633,33.60974927765868
5000906,Antônio João - MS,729.0,299259.0,783,553236.0,9303.0,9790.0,3176.0,7.836181876813931,22.953400503778337,7.997957099080694,24.6536523929471,32.168010319251856
5001003,Aparecida do Taboado - MS,1692.0,686423.0,1834,1257937.0,27674.0,30189.0,10296.0,6.11404206114042,16.433566433566433,6.075060452482693,17.812742812742812,24.803895353038953
5001102,Aquidauana - MS,4953.0,2010639.0,5171,3664880.0,46803.0,48810.0,15929.0,10.582654958015512,31.09423064850273,10.594140544970292,32.4628036913805,42.959617973206846
5001243,Aral Moreira - MS,1369.0,559823.0,1430,1014672.0,10748.0,11163.0,3370.0,12.737253442500931,40.62314540059347,12.810176475857745,42.433234421364986,52.086248604391514
5001508,Bandeirantes - MS,762.0,309738.0,743,528836.0,7940.0,8406.0,2917.0,9.596977329974811,26.122728830990745,8.838924577682608,25.471374700034282,39.00982367758186
5001904,Bataguassu - MS,1718.0,694408.0,1601,1062697.0,23031.0,24430.0,8238.0,7.459511093743216,20.854576353483857,6.553417928776095,19.434328720563244,30.151013850896618
5002001,Batayporã - MS,1306.0,530835.0,956,660981.0,10712.0,10935.0,3868.0,12.19193427931292,33.76421923474664,8.742569730224051,24.715615305067217,49.5551717699776
5002100,Bela Vista - MS,2622.0,1056994.0,2397,1674276.0,21613.0,21800.0,7231.0,12.131587470503863,36.26054487622736,10.995412844036696,33.1489420550408,48.90547355758108
5002159,Bodoquena - MS,727.0,302991.0,678,478931.0,8567.0,8923.0,3045.0,8.486051126415315,23.8752052545156,7.598341365011767,22.266009852216747,35.36722306525038
5002209,Bonito - MS,1508.0,614684.0,1685,1188645.0,23659.0,25294.0,8260.0,6.373895769051947,18.256658595641646,6.661658891436704,20.39951573849879,25.980979754004817
5002308,Brasilândia - MS,1053.0,428647.0,988,667398.0,11579.0,11826.0,4235.0,9.094049572501943,24.8642266824085,8.354473194655844,23.329397874852422,37.01934536661197
5002407,Caarapó - MS,1911.0,809631.0,1583,1064896.0,30612.0,33074.0,10662.0,6.24264994119953,17.923466516601014,4.786236923262986,14.84712061526918,26.44815758526068
5002605,Camapuã - MS,1381.0,562181.0,1192,833871.0,13583.0,13935.0,5434.0,10.167120665537805,25.414059624585942,8.55400071761751,21.93595877806404,41.38857395273504
5002704,Campo Grande - MS,56069.0,22838084.0,48550,33900330.0,898100.0,970843.0,325840.0,6.243068700590134,17.20752516572551,5.000808575639933,14.899950896145347,25.4293330364102
5002803,Caracol - MS,633.0,256908.0,482,291545.0,5036.0,5078.0,1717.0,12.569499602859413,36.86662783925451,9.491925955100433,28.072218986604543,51.01429706115965
5002902,Cassilândia - MS,1154.0,470209.0,1024,689741.0,20988.0,21581.0,8259.0,5.498380026681914,13.972635912338056,4.744914508132153,12.398595471606733,22.403706880121973
5002951,Chapadão do Sul - MS,1581.0,637650.0,1493,957397.0,30993.0,35384.0,10889.0,5.101151873003581,14.519239599595922,4.219421207325345,13.711084580769583,20.574000580776303
5003108,Corguinho - MS,390.0,157663.0,274,180505.0,4783.0,4890.0,1858.0,8.153878319046623,20.990312163616792,5.603271983640082,14.747039827771797,32.96320301066277
5003157,Coronel Sapucaia - MS,3317.0,1396765.0,3390,2400892.0,14289.0,14708.0,4478.0,23.213660858002658,74.07324698526128,23.04868098993745,75.70343903528361,97.75106725453146
5003207,Corumbá - MS,8807.0,3657175.0,9282,6914633.0,96268.0,96334.0,30096.0,9.1484189969668,29.263024986709198,9.635227437872402,30.841307814992025,37.98951884322932
5003256,Costa Rica - MS,2880.0,1166296.0,2582,1803782.0,26037.0,29292.0,9394.0,11.06118216384376,30.657866723440495,8.814693431653694,27.485629124973386,44.793793447785845
5003306,Coxim - MS,3126.0,1264534.0,2627,1804541.0,32151.0,33488.0,12127.0,9.722870206214425,25.777191391110744,7.84460105112279,21.662406201039005,39.33109390065628
5003454,Deodápolis - MS,799.0,322173.0,718,509412.0,13663.0,14419.0,5131.0,5.8479104149893875,15.572013252777236,4.979540883556418,13.993373611381797,23.5799604772012
5003488,Dois Irmãos do Buriti - MS,1352.0,558208.0,1385,962285.0,11100.0,11570.0,3637.0,12.18018018018018,37.17349463843827,11.970613656006915,38.080835853725596,50.28900900900901
5003504,Douradina - MS,396.0,164296.0,421,293220.0,5578.0,5785.0,2012.0,7.099318752240946,19.681908548707753,7.277441659464132,20.92445328031809,29.454284689852994
5003702,Dourados - MS,12346.0,5119859.0,12841,8964817.0,243367.0,266950.0,85947.0,5.072996749764759,14.364666596856202,4.810264094399701,14.940602929712497,21.037605755915962
5003751,Eldorado - MS,913.0,376101.0,742,499196.0,11386.0,11612.0,4176.0,8.018619357105218,21.863026819923373,6.389941439889769,17.768199233716476,33.03188125768487
5003801,Fátima do Sul - MS,1013.0,406636.0,952,634491.0,20609.0,21615.0,7847.0,4.915328254646028,12.909392124378744,4.404348831829748,12.132024977698483,19.73099131447426
5003900,Figueirão - MS,238.0,98314.0,262,172148.0,3539.0,3790.0,1363.0,6.725063577281718,17.461482024944974,6.912928759894459,19.22230374174615,27.780163888103985
5004007,Glória de Dourados - MS,565.0,228561.0,573,382874.0,10444.0,10856.0,3953.0,5.409804672539257,14.292942069314444,5.278187177597641,14.495320010118897,21.884431252393718
5004106,Guia Lopes da Laguna - MS,1060.0,431642.0,864,591265.0,9940.0,10097.0,3586.0,10.663983903420522,29.559397657557167,8.556997127859761,24.093697713329615,43.424748490945674
5004304,Iguatemi - MS,1085.0,441629.0,735,475111.0,13808.0,13906.0,5061.0,7.857763615295481,21.43845089903181,5.285488278440961,14.522821576763485,31.983560254924683
5004403,Inocência - MS,445.0,180860.0,354,252053.0,8404.0,8814.0,3130.0,5.295097572584484,14.217252396166135,4.016337644656229,11.309904153354633,21.52070442646359
5004502,Itaporã - MS,508.0,205819.0,653,473804.0,24137.0,25732.0,8358.0,2.1046526080291668,6.07800909308447,2.537696253691901,7.812873893275904,8.527116045904627
5004601,Itaquiraí - MS,1036.0,422223.0,717,430449.0,19423.0,20122.0,6918.0,5.333882510425783,14.975426423821913,3.5632640890567537,10.3642671292281,21.738299953663184
5004700,Ivinhema - MS,935.0,376277.0,996,631680.0,27821.0,30371.0,10296.0,3.3607706408827864,9.081196581196581,3.2794442066444964,9.673659673659674,13.524927213256174
5004809,Japorã - MS,1379.0,604878.0,1539,1104595.0,8148.0,8472.0,2492.0,16.924398625429554,55.337078651685395,18.165722379603398,61.75762439807384,74.23637702503682
5004908,Jaraguari - MS,304.0,123199.0,338,243323.0,7139.0,7533.0,2721.0,4.258299481720129,11.172363101800808,4.486924200185849,12.421903711870636,17.25717887659336
5005004,Jardim - MS,1229.0,496353.0,1304,963157.0,23981.0,24499.0,8341.0,5.1248905383428545,14.734444311233664,5.322666231274746,15.63361707229349,20.6977607272424
5005103,Jateí - MS,345.0,139888.0,302,208171.0,3586.0,3573.0,1262.0,9.620747350808701,27.33755942947702,8.452280996361601,23.93026941362916,39.00948131622978
5005152,Juti - MS,809.0,333495.0,720,512409.0,6729.0,7122.0,2385.0,12.022588794768911,33.920335429769395,10.109519797809604,30.18867924528302,49.56085599643335
5005202,Ladário - MS,1807.0,753346.0,1888,1419655.0,21522.0,24631.0,6386.0,8.396059845739243,28.296273097400565,7.665137428443831,29.564672721578454,35.00353127032804
5005251,Laguna Carapã - MS,579.0,237999.0,615,437534.0,6799.0,7060.0,2350.0,8.515958229151346,24.638297872340427,8.711048158640226,26.170212765957448,35.00500073540226
5005400,Maracaju - MS,1507.0,606227.0,1767,1274870.0,45047.0,48564.0,15753.0,3.345394809865252,9.566431790770013,3.6384976525821595,11.216911064559131,13.457655337758341
5005608,Miranda - MS,4084.0,1737340.0,3963,2881962.0,25536.0,26535.0,7842.0,15.99310776942356,52.07855138995154,14.934991520633126,50.53557765876052,68.03493107769424
5005681,Mundo Novo - MS,1616.0,649534.0,1774,1260748.0,19193.0,20229.0,7048.0,8.41973636221539,22.92849035187287,8.769588214938949,25.170261066969353,33.84223414786641
5005707,Naviraí - MS,3921.0,1590477.0,3563,2350081.0,50457.0,53307.0,18563.0,7.770973304001427,21.122663362603028,6.683925188061606,19.1940957819318,31.521434092395506
5005806,Nioaque - MS,1519.0,612782.0,1386,957197.0,13220.0,13298.0,4652.0,11.490166414523449,32.65262252794497,10.422619942848549,29.793637145313845,46.35264750378215
5006002,Nova Alvorada do Sul - MS,1373.0,555227.0,1354,913544.0,21822.0,23747.0,7788.0,6.291815598936853,17.629686697483308,5.701772855518592,17.385721623009758,25.443451562643205
5006200,Nova Andradina - MS,3435.0,1399479.0,3395,2339043.0,48563.0,51081.0,17569.0,7.07328624673105,19.55148272525471,6.646306845989702,19.323808981729183,28.81780367769701
5006259,Novo Horizonte do Sul - MS,211.0,85555.0,231,161539.0,4721.0,4791.0,1796.0,4.469392077949587,11.748329621380845,4.821540388227928,12.861915367483297,18.12221986867189
5006275,Paraíso das Águas - MS,239.0,96898.0,176,106844.0,5510.0,5904.0,1954.0,4.337568058076225,12.231320368474924,2.9810298102981028,9.007164790174002,17.58584392014519
5006309,Paranaíba - MS,2374.0,960627.0,2080,1401789.0,40957.0,42728.0,15806.0,5.79632297287399,15.019612805263824,4.868002246770268,13.15955966088827,23.45452547794028
5006358,Paranhos - MS,1728.0,808128.0,1886,1511599.0,12921.0,13412.0,3632.0,13.373577896447644,47.57709251101321,14.06203399940352,51.9273127753304,62.543765962386814
5006408,Pedro Gomes - MS,885.0,360987.0,779,548233.0,6941.0,6850.0,2701.0,12.750324160783748,32.76564235468345,11.372262773722628,28.841169937060346,52.00792393026941
5006606,Ponta Porã - MS,7865.0,3191998.0,8785,6262478.0,92017.0,99572.0,30465.0,8.547333644869969,25.81651075004103,8.822761418872776,28.83636960446414,34.68922047013052
5006903,Porto Murtinho - MS,1312.0,540434.0,1323,917114.0,12859.0,12584.0,4043.0,10.202970682012598,32.4511501360376,10.513350286077559,32.72322532772694,42.02768488996034
5007109,Ribas do Rio Pardo - MS,1216.0,491390.0,1086,733749.0,23150.0,24300.0,7796.0,5.252699784017278,15.59774243201642,4.469135802469136,13.930220625962033,21.22634989200864
5007208,Rio Brilhante - MS,1753.0,713701.0,1674,1159114.0,37601.0,40880.0,13140.0,4.66211005026462,13.340943683409437,4.094911937377691,12.73972602739726,18.980904763171193
5007307,Rio Negro - MS,291.0,118678.0,305,207843.0,4841.0,4911.0,1769.0,6.011154720099153,16.449971735443754,6.210547749949094,17.24137931034483,24.515182813468293
5007406,Rio Verde de Mato Grosso - MS,1901.0,769445.0,1720,1223763.0,19818.0,20513.0,7312.0,9.592289837521445,25.99835886214442,8.384926631891972,23.522975929978116,38.82556261984055
5007505,Rochedo - MS,402.0,164907.0,443,315199.0,5199.0,5494.0,1892.0,7.732256203115984,21.247357293868923,8.063341827448125,23.414376321353064,31.718984420080783
5007554,Santa Rita do Pardo - MS,342.0,138069.0,337,229019.0,7027.0,7156.0,2514.0,4.866941795929985,13.60381861575179,4.70933482392398,13.404932378679396,19.648356339832077
5007695,São Gabriel do Oeste - MS,1132.0,455389.0,1127,722316.0,29579.0,32696.0,10670.0,3.8270394536664525,10.609184629803186,3.4469048201614876,10.56232427366448,15.395686128672368
5007703,Sete Quedas - MS,531.0,217231.0,566,413473.0,10994.0,11343.0,3668.0,4.829907222121157,14.476553980370774,4.989861588644979,15.430752453653216,19.75905039112243
5007802,Selvíria - MS,361.0,145834.0,348,231792.0,8142.0,8834.0,3006.0,4.433800049127979,12.009314703925483,3.9393253339370613,11.57684630738523,17.91132399901744
5007901,Sidrolândia - MS,3001.0,1215361.0,3457,2379160.0,47118.0,50079.0,16548.0,6.36911583683518,18.135122069132223,6.903093112881647,20.890742083635484,25.793985313468312
5007935,Sonora - MS,911.0,367491.0,899,632141.0,14516.0,14804.0,5241.0,6.275833562965004,17.382178973478343,6.072683058632802,17.153215035298608,25.31627170019289
5007950,Tacuru - MS,2105.0,877818.0,1440,980134.0,10808.0,11248.0,3242.0,19.476313841598817,64.92905613818631,12.802275960170697,44.417026526835286,81.21928201332346
5007976,Taquarussu - MS,283.0,113475.0,305,213950.0,3625.0,3748.0,1377.0,7.8068965517241375,20.551924473493102,8.137673425827108,22.14960058097313,31.30344827586207
5008008,Terenos - MS,975.0,393297.0,1165,797657.0,17652.0,18223.0,6448.0,5.523453433038749,15.120967741935484,6.393019810130055,18.067617866004962,22.280591434398367
5008305,Três Lagoas - MS,7196.0,2905647.0,7087,4803355.0,132152.0,145514.0,47895.0,5.445244869544161,15.024532832237185,4.870321755982242,14.79695166510074,21.98715872631515
5008404,Vicentina - MS,541.0,219055.0,447,299548.0,6336.0,6534.0,2391.0,8.5385101010101,22.62651610204935,6.841138659320477,18.695106649937266,34.573074494949495
5100102,Acorizal - MT,992.0,405578.0,663,452568.0,5014.0,4907.0,1821.0,19.784603111288394,54.475562877539815,13.511310372936622,36.40856672158155,80.88911049062625
5100201,Água Boa - MT,979.0,399262.0,640,424358.0,29219.0,32876.0,10343.0,3.350559567404771,9.465338876534855,1.9467088453583161,6.1877598375713045,13.664464902974093
5100250,Alta Floresta - MT,3321.0,1356668.0,3461,2370026.0,58613.0,63017.0,20928.0,5.665978537184584,15.868692660550458,5.492168779853055,16.537652905198776,23.146196236329825
5100300,Alto Araguaia - MT,1265.0,510434.0,825,550289.0,17193.0,17888.0,6644.0,7.357645553422905,19.039735099337747,4.612030411449016,12.417218543046358,29.688477868900133
5100359,Alto Boa Vista - MT,510.0,216600.0,458,360579.0,5715.0,5966.0,1787.0,8.923884514435695,28.539451594851705,7.676835400603419,25.629546726357024,37.9002624671916
5100409,Alto Garças - MT,1283.0,518842.0,958,666022.0,13052.0,14201.0,4583.0,9.829911124731842,27.99476325550949,6.746003802549116,20.9033384246127,39.751915415262026
5100508,Alto Paraguai - MT,1244.0,502153.0,871,603414.0,8009.0,7335.0,3016.0,15.532525908353103,41.246684350132625,11.87457396046353,28.879310344827587,62.698589087276815
5100607,Alto Taquari - MT,495.0,198699.0,482,335459.0,10904.0,12136.0,3914.0,4.539618488628026,12.646908533469597,3.971654581410679,12.314767501277466,18.222578870139397
5100805,Apiacás - MT,596.0,243633.0,508,352395.0,8590.0,8693.0,2807.0,6.938300349243306,21.2326327039544,5.843782353617853,18.097613110081937,28.362398137369034
5101001,Araguaiana - MT,330.0,134450.0,244,174548.0,3795.0,4059.0,1457.0,8.695652173913043,22.649279341111875,6.011332840601133,16.746739876458477,35.42819499341238
5101209,Araguainha - MT,130.0,52940.0,90,62084.0,1010.0,989.0,408.0,12.871287128712872,31.862745098039216,9.100101112234581,22.058823529411764,52.415841584158414
5101258,Araputanga - MT,1040.0,424831.0,636,410952.0,14786.0,14756.0,5498.0,7.033680508589206,18.915969443433976,4.310111141230686,11.567842851946162,28.73197619369674
5101308,Arenápolis - MT,777.0,314754.0,542,380303.0,10576.0,10791.0,3812.0,7.346822995461422,20.383001049317944,5.022704105272912,14.21825813221406,29.761157337367624
5101407,Aripuanã - MT,1416.0,572641.0,1429,1008796.0,24626.0,27101.0,7781.0,5.7500203037440105,18.198175041768412,5.2728681598465,18.365248682688602,23.253512547713797
5101605,Barão de Melgaço - MT,1477.0,683723.0,1271,870375.0,7253.0,7071.0,2438.0,20.363987315593548,60.58244462674323,17.9748267571772,52.13289581624282,94.26761340135117
5101704,Barra do Bugres - MT,2487.0,1012803.0,2049,1433423.0,29403.0,29238.0,10550.0,8.458320579532701,23.57345971563981,7.008003283398318,19.421800947867297,34.445566778900115
5101803,Barra do Garças - MT,6595.0,2718955.0,5543,3981863.0,69210.0,75524.0,25285.0,9.528969802051726,26.08265770219498,7.3393888035591335,21.922088194581768,39.28558011847999
5101837,Boa Esperança do Norte - MT,,,116,78936.0,,5983.0,,,,1.9388266755808123,,
5101852,Bom Jesus do Araguaia - MT,688.0,299192.0,667,487897.0,7280.0,8091.0,2474.0,9.45054945054945,27.809215844785772,8.243727598566307,26.960388035569927,41.097802197802196
5101902,Brasnorte - MT,760.0,309322.0,746,544649.0,17004.0,17793.0,5771.0,4.469536579628323,13.169294749610119,4.192660034845164,12.926702477906776,18.19113149847095
5102504,Cáceres - MT,9375.0,3833176.0,6393,4497676.0,89681.0,91908.0,31076.0,10.45371929394186,30.167975286394647,6.955868912390652,20.572145707298237,42.74234230215988
5102603,Campinápolis - MT,1264.0,680880.0,1707,1569343.0,15347.0,15902.0,3756.0,8.236137355835016,33.652822151224704,10.734498805181738,45.447284345047926,44.36567407310875
5102637,Campo Novo do Parecis - MT,1116.0,453889.0,962,624901.0,45899.0,53393.0,15294.0,2.4314255212531863,7.296979207532366,1.8017343097409773,6.290048384987577,9.888864681147737
5102678,Campo Verde - MT,1300.0,525266.0,1443,954628.0,44585.0,51969.0,15418.0,2.9157788493888077,8.431703204047217,2.7766553137447323,9.359190556492411,11.78122687002355
5102686,Campos de Júlio - MT,422.0,170233.0,241,159517.0,8822.0,10281.0,2882.0,4.783495805939697,14.642609299097849,2.3441299484485945,8.362248438584317,19.296418045794603
5102694,Canabrava do Norte - MT,411.0,167451.0,373,266616.0,4485.0,4422.0,1567.0,9.163879598662207,26.228462029355455,8.43509724106739,23.80344607530313,37.33578595317726
5102702,Canarana - MT,1321.0,564226.0,936,670759.0,25858.0,28985.0,8878.0,5.108670430814448,14.879477359765714,3.22925651198896,10.542915070961929,21.820171707015238
5102793,Carlinda - MT,497.0,203081.0,353,228697.0,10332.0,10196.0,3784.0,4.8102981029810294,13.134249471458773,3.46214201647705,9.328752642706132,19.655536198219124
5102850,Castanheira - MT,393.0,158004.0,478,332280.0,7506.0,7325.0,2722.0,5.235811350919264,14.43791329904482,6.525597269624574,17.560617193240265,21.050359712230215
5103007,Chapada dos Guimarães - MT,2407.0,978885.0,1953,1360377.0,18990.0,19541.0,6892.0,12.67509215376514,34.92455020313407,9.994370810091603,28.337202553685433,51.54739336492891
5103056,Cláudia - MT,487.0,197980.0,748,533081.0,9593.0,9168.0,3395.0,5.0766183675596785,14.344624447717232,8.158813263525305,22.03240058910162,20.637965182945898
5103106,Cocalinho - MT,404.0,163758.0,511,352264.0,6220.0,6560.0,2276.0,6.495176848874598,17.75043936731107,7.789634146341464,22.451669595782075,26.32765273311897
5103205,Colíder - MT,1510.0,609591.0,1156,753384.0,31370.0,32099.0,11741.0,4.813516098182977,12.860914743207564,3.6013582977662857,9.84583936632314,19.432291998724896
5103254,Colniza - MT,1591.0,642535.0,1362,906849.0,25766.0,25963.0,8837.0,6.174804005278274,18.003847459545096,5.245926895967338,15.4124702953491,24.93732049988357
5103304,Comodoro - MT,1204.0,538732.0,1675,1218163.0,18238.0,18477.0,6428.0,6.601601052747012,18.730553827006844,9.065324457433565,26.057871810827628,29.538984537778266
5103353,Confresa - MT,2702.0,1113259.0,2630,1876808.0,35075.0,39368.0,11908.0,7.7034925160370635,22.690628149143432,6.680552733184312,22.085992610010077,31.739387027797576
5103361,Conquista D'Oeste - MT,243.0,100973.0,225,168374.0,3760.0,3941.0,1332.0,6.462765957446808,18.243243243243242,5.70921086018777,16.89189189189189,26.854521276595744
5103379,Cotriguaçu - MT,579.0,233108.0,607,420747.0,11011.0,9665.0,3885.0,5.258377985650713,14.903474903474903,6.28039317123642,15.624195624195623,21.170465897738627
5103403,Cuiabá - MT,40030.0,16126610.0,36547,25435443.0,650877.0,698917.0,232201.0,6.150163548566011,17.239374507431062,5.229090149474115,15.739380967351561,24.77673969121662
5103437,Curvelândia - MT,545.0,221225.0,413,283108.0,4903.0,4972.0,1795.0,11.115643483581481,30.362116991643454,8.3065164923572,23.008356545961004,45.120334489088314
5103452,Denise - MT,692.0,281742.0,535,375838.0,7014.0,6536.0,2480.0,9.865982321072142,27.903225806451612,8.185434516523868,21.572580645161292,40.16852010265184
5103502,Diamantino - MT,1051.0,424080.0,878,643751.0,21941.0,22766.0,7504.0,4.790118955380338,14.00586353944563,3.8566283053676536,11.700426439232409,19.32819835012078
5103601,Dom Aquino - MT,866.0,358838.0,646,451674.0,7872.0,7865.0,3026.0,11.001016260162602,28.618638466622603,8.213604577240941,21.348314606741575,45.584095528455286
5103700,Feliz Natal - MT,1001.0,429561.0,1141,840078.0,10521.0,10482.0,3350.0,9.514304723885562,29.880597014925375,10.885327227628315,34.059701492537314,40.82891360136869
5103809,Figueirópolis D'Oeste - MT,174.0,70152.0,203,142797.0,3187.0,3000.0,1211.0,5.459679949796047,14.368290668868704,6.766666666666667,16.76300578034682,22.01192343897082
5103858,Gaúcha do Norte - MT,671.0,322158.0,1096,837018.0,8642.0,9610.0,2683.0,7.764406387410322,25.00931792769288,11.404786680541102,40.84979500559076,37.278176348067575
5103908,General Carneiro - MT,722.0,307634.0,792,603891.0,6037.0,5913.0,1895.0,11.959582574126221,38.10026385224275,13.39421613394216,41.794195250659634,50.958091767434155
5103957,Glória D'Oeste - MT,337.0,138747.0,280,192956.0,2905.0,2858.0,1113.0,11.600688468158348,30.2785265049416,9.79706088173548,25.157232704402517,47.76144578313253
5104104,Guarantã do Norte - MT,2831.0,1184767.0,3043,2142734.0,31024.0,31092.0,10908.0,9.125193398659103,25.953428676200954,9.787083494146405,27.896956362302898,38.18872485817432
5104203,Guiratinga - MT,1436.0,578906.0,1036,700755.0,10966.0,9975.0,4402.0,13.095020973919388,32.621535665606544,10.385964912280702,23.534756928668788,52.79099033375889
5104500,Indiavaí - MT,169.0,68629.0,131,88286.0,2213.0,2150.0,837.0,7.63669227293267,20.19115890083632,6.093023255813954,15.651135005973716,31.011748757342975
5104526,Ipiranga do Norte - MT,441.0,180398.0,662,471540.0,7815.0,8904.0,2546.0,5.642994241842611,17.321288295365278,7.434860736747529,26.001571091908875,23.083557261676262
5104542,Itanhangá - MT,548.0,223608.0,490,351794.0,7539.0,8463.0,2552.0,7.268868550205598,21.473354231974923,5.789909015715467,19.20062695924765,29.66016713091922
5104559,Itaúba - MT,385.0,155549.0,350,232801.0,5020.0,5241.0,1741.0,7.669322709163347,22.113727742676623,6.6781148635756535,20.103388856978746,30.985856573705178
5104609,Itiquira - MT,949.0,382035.0,750,511504.0,12236.0,12654.0,4293.0,7.755802549852893,22.105753552294434,5.926979611190138,17.470300489168412,31.222213141549528
5104807,Jaciara - MT,1977.0,798898.0,1681,1158545.0,28569.0,30044.0,10288.0,6.9200882074976375,19.21656298600311,5.595127146851285,16.339424572317263,27.963806923588503
5104906,Jangada - MT,1072.0,434730.0,848,582186.0,7426.0,7380.0,2548.0,14.435766226770806,42.072213500784926,11.490514905149052,33.28100470957614,58.541610557500675
5105002,Jauru - MT,430.0,172297.0,326,235079.0,8367.0,7522.0,3091.0,5.139237480578463,13.911355548366224,4.333953735708588,10.54674862504044,20.592446516075057
5105101,Juara - MT,1738.0,706287.0,1673,1218075.0,34906.0,36276.0,12121.0,4.979086689967341,14.338750928141243,4.611864593670746,13.802491543602013,20.233971237036613
5105150,Juína - MT,1820.0,747199.0,2027,1372325.0,45869.0,48987.0,16708.0,3.9678214044343676,10.89298539621738,4.1378324861698,12.13191285611683,16.28984717347228
5105176,Juruena - MT,594.0,239745.0,830,595657.0,10213.0,9965.0,3619.0,5.816116713991971,16.41337386018237,8.329152032112393,22.934512296214425,23.47449329286204
5105200,Juscimeira - MT,699.0,282088.0,548,388098.0,11480.0,11728.0,4326.0,6.088850174216028,16.158113730929266,4.672578444747613,12.667591308368008,24.57212543554007
5105234,Lambari D'Oeste - MT,654.0,266436.0,373,254889.0,4790.0,4602.0,1723.0,13.653444676409185,37.9570516540917,8.105171664493698,21.648287869994196,55.62338204592902
5105259,Lucas do Rio Verde - MT,2973.0,1210671.0,3291,2227588.0,83798.0,99291.0,27725.0,3.5478173703429676,10.723174030658251,3.314499803607578,11.87015329125338,14.447492780257285
5105309,Luciara - MT,290.0,120990.0,357,250614.0,2509.0,2642.0,821.0,11.558389796731765,35.32277710109622,13.512490537471612,43.48355663824604,48.22239936229573
5105507,Vila Bela da Santíssima Trindade - MT,1245.0,510358.0,1354,973843.0,16774.0,17798.0,5367.0,7.422201025396447,23.19731693683622,7.607596359141477,25.228246692752002,30.425539525456063
5105580,Marcelândia - MT,1134.0,474299.0,922,664587.0,11396.0,11298.0,3830.0,9.95085995085995,29.60835509138381,8.160736413524518,24.073107049608357,41.61977886977887
5105606,Matupá - MT,552.0,222587.0,543,367293.0,20091.0,22497.0,6865.0,2.747498880095565,8.040786598689003,2.413655154020536,7.909686817188638,11.078940819272312
5105622,Mirassol d'Oeste - MT,2911.0,1168561.0,1970,1340579.0,26785.0,27763.0,9863.0,10.868023147283928,29.51434654770354,7.09577495227461,19.973638852276185,43.62744073175285
5105903,Nobres - MT,1799.0,739691.0,1542,1111679.0,15492.0,15838.0,5262.0,11.612445132971857,34.18852147472444,9.736077787599445,29.304446978335235,47.74664342886651
5106000,Nortelândia - MT,628.0,254766.0,338,236398.0,5956.0,5845.0,2135.0,10.543989254533244,29.414519906323186,5.782720273738238,15.831381733021077,42.77468099395568
5106109,Nossa Senhora do Livramento - MT,1375.0,566024.0,1062,737369.0,12940.0,11659.0,4598.0,10.62596599690881,29.904306220095695,9.108842953941162,23.09699869508482,43.742194744976814
5106158,Nova Bandeirantes - MT,1478.0,599316.0,925,587351.0,13635.0,14519.0,4935.0,10.83975064173084,29.94934143870314,6.370962187478477,18.74366767983789,43.95423542354236
5106174,Nova Nazaré - MT,713.0,322230.0,735,598596.0,4200.0,4681.0,1141.0,16.976190476190474,62.48904469763365,15.701773125400555,64.41717791411043,76.72142857142858
5106182,Nova Lacerda - MT,629.0,257749.0,569,404149.0,6670.0,7178.0,2360.0,9.430284857571214,26.652542372881356,7.9269991641125666,24.110169491525422,38.64302848575712
5106190,Nova Santa Helena - MT,177.0,72062.0,130,93569.0,4239.0,4572.0,1506.0,4.175513092710545,11.752988047808765,2.8433945756780403,8.632138114209827,16.999764095305498
5106208,Nova Brasilândia - MT,264.0,106065.0,268,200863.0,3932.0,3730.0,1540.0,6.714140386571719,17.142857142857142,7.184986595174263,17.4025974025974,26.974821973550355
5106216,Nova Canaã do Norte - MT,469.0,189219.0,347,213686.0,11707.0,11697.0,4289.0,4.006150166567012,10.93494987176498,2.9665726254595195,8.09046397761716,16.1628939950457
5106224,Nova Mutum - MT,1592.0,638495.0,1261,831437.0,55839.0,65663.0,18174.0,2.8510539228854386,8.759766699680863,1.920411799643635,6.938483547925608,11.434570819678003
5106232,Nova Olímpia - MT,1153.0,466866.0,904,644337.0,16352.0,16094.0,5745.0,7.051125244618396,20.069625761531768,5.617000124269914,15.735422106179286,28.551002935420744
5106240,Nova Ubiratã - MT,271.0,110935.0,233,153328.0,11530.0,9929.0,3745.0,2.3503902862098873,7.236315086782376,2.346661295195891,6.221628838451268,9.621422376409367
5106257,Nova Xavantina - MT,1177.0,478916.0,1201,816143.0,24345.0,26340.0,9282.0,4.83466830971452,12.680456798103856,4.5596051632498105,12.939021762551175,19.67204764838776
5106265,Novo Mundo - MT,500.0,202375.0,468,304813.0,6520.0,6292.0,2225.0,7.668711656441718,22.471910112359552,7.43801652892562,21.03370786516854,31.039110429447852
5106273,Novo Horizonte do Norte - MT,187.0,75309.0,207,153941.0,3349.0,3227.0,1255.0,5.583756345177665,14.900398406374501,6.41462658816238,16.49402390438247,22.487011048074052
5106281,Novo São Joaquim - MT,649.0,264869.0,466,331143.0,6919.0,7317.0,2536.0,9.379968203497615,25.59148264984227,6.368730353970206,18.37539432176656,38.28139904610493
5106299,Paranaíta - MT,601.0,242397.0,482,319231.0,11671.0,12167.0,4080.0,5.149515894096479,14.730392156862745,3.9615353004027285,11.813725490196079,20.769171450604063
5106307,Paranatinga - MT,964.0,401543.0,1319,983382.0,26423.0,29528.0,9142.0,3.6483366763804264,10.544738569240867,4.466946626930371,14.427915117042224,15.196722552321841
5106315,Novo Santo Antônio - MT,326.0,134595.0,261,177017.0,2015.0,2041.0,736.0,16.17866004962779,44.29347826086956,12.787849093581578,35.46195652173913,66.79652605459057
5106372,Pedra Preta - MT,1463.0,588361.0,1265,839612.0,18066.0,19168.0,6654.0,8.098084800177128,21.98677487225729,6.599540901502504,19.01112113014728,32.56730875678069
5106422,Peixoto de Azevedo - MT,3464.0,1460702.0,3360,2446812.0,32714.0,33907.0,10880.0,10.588738766277435,31.83823529411765,9.909458223965553,30.88235294117647,44.65066943816103
5106455,Planalto da Serra - MT,378.0,151305.0,284,192561.0,3166.0,3369.0,1120.0,11.939355653821858,33.75,8.429801127931137,25.357142857142858,47.7905874921036
5106505,Poconé - MT,4607.0,1866022.0,3660,2591494.0,31217.0,31138.0,10381.0,14.757984431559727,44.37915422406319,11.754126790416853,35.25671900587612,59.775827273600925
5106653,Pontal do Araguaia - MT,575.0,234433.0,431,298690.0,6932.0,7580.0,2622.0,8.294864396999422,21.92982456140351,5.686015831134565,16.437833714721588,33.818955568378534
5106703,Ponte Branca - MT,177.0,71740.0,169,118820.0,2008.0,2119.0,834.0,8.814741035856574,21.223021582733814,7.975460122699387,20.26378896882494,35.72709163346614
5106752,Pontes e Lacerda - MT,2120.0,857725.0,1858,1324198.0,52018.0,56720.0,18304.0,4.075512322657541,11.582167832167832,3.27574047954866,10.150786713286713,16.489003806374715
5106778,Porto Alegre do Norte - MT,1230.0,506302.0,1118,775095.0,12127.0,12774.0,4070.0,10.14265688133916,30.22113022113022,8.752152810396117,27.46928746928747,41.74997938484374
5106802,Porto dos Gaúchos - MT,189.0,77017.0,177,118635.0,5593.0,5720.0,2049.0,3.379224030037547,9.224011713030746,3.0944055944055946,8.63836017569546,13.770248524941891
5106828,Porto Esperidião - MT,860.0,347317.0,803,565329.0,10204.0,10011.0,3457.0,8.428067424539396,24.87706103557998,8.021176705623814,23.228232571593868,34.03733829870639
5106851,Porto Estrela - MT,268.0,110557.0,260,188465.0,3224.0,3102.0,1179.0,8.312655086848634,22.731128074639525,8.381689232753063,22.05258693808312,34.291873449131515
5107008,Poxoréu - MT,2351.0,1001497.0,1529,1088189.0,23283.0,25614.0,8326.0,10.097496027144269,28.23684842661542,5.969391738892793,18.364160461205863,43.01408753167547
5107040,Primavera do Leste - MT,3679.0,1484559.0,3393,2277329.0,85146.0,99053.0,28967.0,4.320813661240693,12.700659371008388,3.425438906444025,11.713328960541306,17.435452047072086
5107065,Querência - MT,1125.0,501504.0,1884,1394821.0,26769.0,32368.0,8459.0,4.202622436400314,13.299444378768175,5.820563519525457,22.272136186310437,18.73450633195114
5107107,São José dos Quatro Marcos - MT,931.0,375305.0,765,516069.0,17849.0,17613.0,6780.0,5.2159784861897025,13.731563421828909,4.343382728666326,11.283185840707965,21.02666816068127
5107156,Reserva do Cabaçal - MT,299.0,121095.0,167,111777.0,2122.0,1978.0,834.0,14.09048067860509,35.851318944844124,8.442871587462083,20.023980815347723,57.066446748350614
5107180,Ribeirão Cascalheira - MT,889.0,384141.0,906,697260.0,10089.0,10650.0,3504.0,8.8115769650114,25.371004566210047,8.507042253521126,25.856164383561644,38.07523044900387
5107198,Ribeirãozinho - MT,181.0,73171.0,149,107455.0,2593.0,2768.0,1010.0,6.980331662167374,17.92079207920792,5.382947976878612,14.752475247524753,28.218665638256844
5107206,Rio Branco - MT,427.0,172007.0,274,181874.0,4535.0,4391.0,1744.0,9.415656008820287,24.48394495412844,6.240036438168982,15.711009174311927,37.92877618522602
5107248,Santa Carmem - MT,369.0,152295.0,364,256525.0,5374.0,5912.0,1731.0,6.866393747673986,21.317157712305026,6.156968876860622,21.02830733679954,28.33922590249349
5107263,Santo Afonso - MT,305.0,124312.0,248,173581.0,2519.0,2372.0,957.0,12.107979356887654,31.87042842215256,10.45531197301855,25.914315569487982,49.349741961095674
5107297,São José do Povo - MT,115.0,46649.0,99,65563.0,2875.0,2653.0,1141.0,4.0,10.078878177037685,3.7316245759517526,8.676599474145487,16.225739130434782
5107305,São José do Rio Claro - MT,1450.0,583911.0,1011,638451.0,14911.0,14250.0,5189.0,9.724364563074241,27.943727115051068,7.094736842105263,19.483522836770092,39.159747837167195
5107354,São José do Xingu - MT,863.0,368059.0,738,558690.0,5964.0,6299.0,1935.0,14.470154258886653,44.599483204134366,11.716145419907923,38.13953488372093,61.7134473507713
5107404,São Pedro da Cipa - MT,478.0,194582.0,355,250068.0,4191.0,4253.0,1515.0,11.405392507754712,31.551155115511552,8.347049141782271,23.432343234323433,46.42853734192317
5107578,Rondolândia - MT,296.0,120062.0,214,167659.0,3505.0,3508.0,1074.0,8.445078459343794,27.560521415270017,6.100342075256556,19.925512104283055,34.254493580599146
5107602,Rondonópolis - MT,15265.0,6160813.0,10872,7371522.0,244911.0,268202.0,86838.0,6.232876432663294,17.578709781432092,4.053661046524635,12.519864575416292,25.15531356288611
5107701,Rosário Oeste - MT,2235.0,937193.0,1887,1310415.0,15453.0,14848.0,5523.0,14.463211026985052,40.46713742531233,12.708782327586206,34.16621401412276,60.64796479647965
5107743,Santa Cruz do Xingu - MT,198.0,79917.0,221,153707.0,2661.0,2974.0,890.0,7.440811724915445,22.247191011235955,7.431069266980498,24.831460674157302,30.03269447576099
5107750,Salto do Céu - MT,184.0,74018.0,148,101847.0,3679.0,3636.0,1385.0,5.001359064963305,13.28519855595668,4.070407040704071,10.68592057761733,20.11905409078554
5107768,Santa Rita do Trivelato - MT,275.0,112018.0,87,50400.0,3276.0,3609.0,1050.0,8.394383394383395,26.19047619047619,2.4106400665004157,8.285714285714286,34.19352869352869
5107776,Santa Terezinha - MT,894.0,365323.0,686,491684.0,7596.0,7754.0,2338.0,11.769352290679304,38.23781009409752,8.847046685581635,29.34131736526946,48.09412848867825
5107792,Santo Antônio do Leste - MT,383.0,169524.0,385,319301.0,4099.0,4275.0,1292.0,9.343742376189315,29.643962848297214,9.005847953216374,29.79876160990712,41.35740424493779
5107800,Santo Antônio de Leverger - MT,2105.0,876736.0,1554,1114254.0,15246.0,16882.0,5124.0,13.806900170536535,41.08118657298985,9.205070489278521,30.327868852459016,57.50596877869605
5107859,São Félix do Araguaia - MT,566.0,231754.0,714,527011.0,13621.0,14873.0,4639.0,4.1553483591513105,12.200905367536107,4.800645464936462,15.391248113817634,17.014462961603407
5107875,Sapezal - MT,1073.0,434467.0,1140,773479.0,28944.0,33520.0,9291.0,3.707158651188502,11.548810676999247,3.4009546539379474,12.269938650306749,15.010606688778331
5107883,Serra Nova Dourada - MT,182.0,73577.0,166,115724.0,1800.0,1981.0,641.0,10.11111111111111,28.393135725429016,8.379606259464916,25.897035881435258,40.87611111111111
5107909,Sinop - MT,4487.0,1809484.0,3872,2512215.0,196312.0,231452.0,68530.0,2.285647336892294,6.547497446373851,1.6729170627171077,5.65008025682183,9.217388646644118
5107925,Sorriso - MT,3289.0,1334024.0,4179,2739744.0,110635.0,128727.0,37031.0,2.9728386134586704,8.881747724879155,3.2464051830618286,11.285139477734871,12.057884033081756
5107941,Tabaporã - MT,480.0,193080.0,465,335048.0,9818.0,9882.0,3300.0,4.8889794255449175,14.545454545454545,4.705525197328476,14.090909090909092,19.66591973925443
5107958,Tangará da Serra - MT,4096.0,1661771.0,3912,2714927.0,106434.0,116637.0,38055.0,3.8483943100888816,10.76336880830377,3.3539957303428585,10.27985810011825,15.613159328785914
5108006,Tapurah - MT,409.0,166605.0,560,388070.0,14370.0,16001.0,4598.0,2.8462073764787754,8.895171813832102,3.4997812636710206,12.179208351457156,11.593945720250522
5108055,Terra Nova do Norte - MT,629.0,254375.0,506,345631.0,10616.0,10541.0,3845.0,5.925018839487566,16.35890767230169,4.8003035765107676,13.159947984395318,23.961473247927657
5108105,Tesouro - MT,301.0,121499.0,265,191392.0,3025.0,2893.0,1155.0,9.950413223140496,26.060606060606062,9.160041479433115,22.943722943722943,40.16495867768595
5108204,Torixoréu - MT,326.0,132645.0,284,187619.0,4164.0,4245.0,1702.0,7.8290105667627286,19.153936545240892,6.6902237926972905,16.686251468860164,31.855187319884728
5108303,União do Sul - MT,469.0,198251.0,480,339881.0,3838.0,3910.0,1320.0,12.219906201146431,35.53030303030303,12.27621483375959,36.36363636363637,51.65476810838979
5108352,Vale de São Domingos - MT,264.0,107755.0,183,124831.0,2904.0,3043.0,1098.0,9.090909090909092,24.043715846994534,6.013802168912258,16.666666666666668,37.105716253443525
5108402,Várzea Grande - MT,30605.0,12351771.0,21251,15065282.0,300078.0,323172.0,103287.0,10.199014922786741,29.631028106150822,6.5757553253375916,20.574709305140047,41.161867914342274
5108501,Vera - MT,469.0,188060.0,564,421347.0,12800.0,10930.0,4284.0,3.6640625,10.947712418300654,5.160109789569991,13.165266106442576,14.6921875
5108600,Vila Rica - MT,922.0,370474.0,1129,762761.0,19888.0,19545.0,6881.0,4.635961383748994,13.399215230344426,5.776413404962906,16.407498910042143,18.628016894609814
5108808,Nova Guarita - MT,262.0,105050.0,269,179438.0,4590.0,4513.0,1670.0,5.708061002178649,15.688622754491018,5.96055838688234,16.107784431137723,22.886710239651418
5108857,Nova Marilândia - MT,147.0,59308.0,158,112413.0,3529.0,3784.0,1241.0,4.165485973363559,11.84528605962933,4.175475687103594,12.73166800966962,16.805894020969113
5108907,Nova Maringá - MT,296.0,119182.0,329,236208.0,5846.0,5636.0,1925.0,5.063291139240507,15.376623376623376,5.837473385379702,17.09090909090909,20.386931235032502
5108956,Nova Monte Verde - MT,700.0,283073.0,666,468593.0,8313.0,8489.0,2987.0,8.420546132563455,23.434884499497823,7.845447049122393,22.296618680950786,34.05184650547336
5200050,Abadia de Goiás - GO,1810.0,730879.0,2597,1863484.0,19128.0,22918.0,6229.0,9.462567963195315,29.057633649060843,11.331704337202199,41.69208540696741,38.209901714763696
5200100,Abadiânia - GO,1328.0,535619.0,1231,851394.0,17232.0,17835.0,6162.0,7.706592386258125,21.551444336254463,6.902158676759181,19.977280103862384,31.082811049210772
5200134,Acreúna - GO,1186.0,478093.0,1061,704414.0,21568.0,22161.0,7898.0,5.498887240356083,15.01645986325652,4.787690086187446,13.43378070397569,22.16677485163205
5200159,Adelândia - GO,196.0,79234.0,166,107010.0,2297.0,2268.0,914.0,8.532868959512408,21.444201312910284,7.319223985890653,18.161925601750546,34.494558119286026
5200175,Água Fria de Goiás - GO,559.0,225902.0,445,305016.0,4954.0,4967.0,1797.0,11.283811061768269,31.10740122426266,8.959130259714113,24.76349471341124,45.59991925716593
5200209,Água Limpa - GO,342.0,138228.0,220,145785.0,1858.0,1831.0,745.0,18.406889128094726,45.90604026845637,12.015292190060077,29.530201342281877,74.39612486544672
5200258,Águas Lindas de Goiás - GO,26586.0,10848369.0,22997,16348365.0,225693.0,249978.0,74467.0,11.779718467121267,35.70172022506614,9.199609565641776,30.882135711120362,48.06692719756484
5200308,Alexânia - GO,4668.0,1898931.0,3546,2497180.0,27008.0,28474.0,9711.0,17.283767772511847,48.06919987642879,12.453466320151717,36.515291936978684,70.3099452014218
5200506,Aloândia - GO,151.0,60744.0,121,81684.0,1973.0,1971.0,812.0,7.6533198175367465,18.59605911330049,6.139015728056824,14.901477832512315,30.787633046122657
5200555,Alto Horizonte - GO,503.0,202578.0,541,376530.0,6072.0,6595.0,2161.0,8.283926218708828,23.276260990282278,8.203184230477635,25.034706154558076,33.362648221343875
5200605,Alto Paraíso de Goiás - GO,599.0,242795.0,929,647831.0,10306.0,11421.0,3626.0,5.812148263147681,16.519580805295092,8.134138866999388,25.620518477661335,23.558606636910536
5200803,Alvorada do Norte - GO,963.0,388990.0,838,562026.0,8446.0,8640.0,2954.0,11.40184702817902,32.59986459038592,9.699074074074074,28.368314150304673,46.05612124082406
5200829,Amaralina - GO,410.0,164763.0,336,230143.0,3268.0,3254.0,1280.0,12.545899632802938,32.03125,10.325752919483712,26.25,50.417074663402694
5200852,Americano do Brasil - GO,531.0,213625.0,437,300379.0,5259.0,5239.0,2107.0,10.096976611523104,25.20170859041291,8.341286505058218,20.740389178927384,40.62084046396653
5200902,Amorinópolis - GO,503.0,202620.0,288,196003.0,3007.0,2861.0,1255.0,16.727635517126703,40.0796812749004,10.066410346032855,22.948207171314742,67.38277352843366
5201108,Anápolis - GO,9091.0,3662862.0,9502,6232102.0,398869.0,424647.0,142329.0,2.2791944222288523,6.387313899486402,2.237623249428349,6.676081473206445,9.183120272570694
5201207,Anhanguera - GO,75.0,30544.0,62,41991.0,924.0,906.0,358.0,8.116883116883116,20.949720670391063,6.843267108167771,17.318435754189945,33.056277056277054
5201306,Anicuns - GO,1831.0,734968.0,1483,976469.0,18503.0,18172.0,7158.0,9.895692590390748,25.57977088572227,8.160906889720449,20.718077675328303,39.721558666162245
5201405,Aparecida de Goiânia - GO,16380.0,6584459.0,21814,14941344.0,527796.0,560996.0,186221.0,3.1034717959211515,8.796000451076946,3.888441272308537,11.714038695958028,12.475386323503779
5201454,Aparecida do Rio Doce - GO,185.0,75369.0,161,96900.0,2907.0,3078.0,1099.0,6.363949088407293,16.833484986351227,5.230669265756985,14.64968152866242,25.92672858617131
5201504,Aporé - GO,341.0,138513.0,304,220124.0,4325.0,4524.0,1567.0,7.884393063583815,21.761327377153798,6.719717064544651,19.400127632418634,32.02612716763006
5201603,Araçu - GO,328.0,132575.0,328,219946.0,3799.0,3838.0,1528.0,8.633851013424586,21.465968586387433,8.546117769671705,21.465968586387433,34.897341405633064
5201702,Aragarças - GO,2373.0,962470.0,1714,1168874.0,18390.0,18599.0,6636.0,12.903752039151714,35.75949367088607,9.21554922307651,25.828812537673297,52.33659597607395
5201801,Aragoiânia - GO,1616.0,661225.0,1792,1237941.0,11890.0,13053.0,4648.0,13.59125315391085,34.76764199655766,13.728644755994791,38.55421686746988,55.611858704793946
5202155,Araguapaz - GO,894.0,361151.0,793,531931.0,7153.0,7122.0,2776.0,12.498252481476303,32.20461095100865,11.134512777309745,28.56628242074928,50.48944498811687
5202353,Arenópolis - GO,318.0,128285.0,287,188777.0,2946.0,2879.0,1208.0,10.79429735234216,26.32450331125828,9.968739145536645,23.758278145695364,43.54548540393754
5202502,Aruanã - GO,565.0,229160.0,559,348335.0,8300.0,8623.0,3034.0,6.807228915662651,18.622280817402768,6.482662646410762,18.42452208305867,27.60963855421687
5202601,Aurilândia - GO,260.0,104239.0,196,135756.0,3284.0,3209.0,1363.0,7.917174177831912,19.075568598679382,6.1078217513244,14.38004402054292,31.741473812423873
5202809,Avelinópolis - GO,425.0,170763.0,322,210715.0,2868.0,3021.0,1117.0,14.818688981868899,38.048343777976726,10.658722277391592,28.8272157564906,59.5407949790795
5203104,Baliza - GO,371.0,148477.0,367,247632.0,3351.0,3279.0,1286.0,11.071321993434795,28.84914463452566,11.192436718511741,28.53810264385692,44.308266189197255
5203203,Barro Alto - GO,951.0,387264.0,875,614544.0,10371.0,10967.0,3648.0,9.169800404975412,26.06907894736842,7.978480897237166,23.98574561403509,37.341047150708704
5203302,Bela Vista de Goiás - GO,2770.0,1124610.0,3056,2124089.0,34445.0,38010.0,12905.0,8.041805777326172,21.464548624564124,8.039989476453565,23.680743897714063,32.64944113804616
5203401,Bom Jardim de Goiás - GO,838.0,336961.0,775,526228.0,7826.0,7727.0,3109.0,10.707896754408383,26.954004503055646,10.029765756438463,24.92762946284979,43.056606184513164
5203500,Bom Jesus de Goiás - GO,1402.0,561785.0,1294,932547.0,23958.0,25145.0,8662.0,5.851907504800066,16.18563842068806,5.14615231656393,14.938813207111522,23.448743634694047
5203559,Bonfinópolis - GO,644.0,258286.0,799,552459.0,10296.0,11218.0,3805.0,6.2548562548562545,16.92509855453351,7.122481725797825,20.99868593955322,25.086052836052836
5203575,Bonópolis - GO,556.0,227210.0,483,330829.0,3299.0,3273.0,1237.0,16.853591997575023,44.94745351657235,14.757103574702109,39.046079223928864,68.87238557138527
5203609,Brazabrantes - GO,357.0,144292.0,330,216828.0,3992.0,4252.0,1548.0,8.942885771543086,23.06201550387597,7.761053621825024,21.31782945736434,36.14529058116233
5203807,Britânia - GO,464.0,187608.0,372,243084.0,5695.0,5808.0,2138.0,8.147497805092186,21.702525724976613,6.404958677685951,17.399438727782975,32.942581211589115
5203906,Buriti Alegre - GO,383.0,153460.0,369,242112.0,10495.0,11028.0,4184.0,3.649356836588852,9.153919694072657,3.3460282916213275,8.819311663479924,14.622201048118152
5203939,Buriti de Goiás - GO,252.0,101157.0,253,168302.0,2732.0,2811.0,1108.0,9.224011713030746,22.743682310469314,9.000355745286376,22.833935018050543,37.02672035139092
5203962,Buritinópolis - GO,583.0,234086.0,456,320466.0,3145.0,3126.0,1106.0,18.537360890302068,52.7124773960217,14.587332053742802,41.22965641952984,74.43116057233705
5204003,Cabeceiras - GO,1035.0,422425.0,876,608559.0,7560.0,7700.0,2736.0,13.69047619047619,37.828947368421055,11.376623376623376,32.01754385964912,55.87632275132275
5204102,Cachoeira Alta - GO,1017.0,410296.0,741,512710.0,11513.0,11917.0,4296.0,8.833492573612437,23.6731843575419,6.218007887891248,17.248603351955307,35.63762703031356
5204201,Cachoeira de Goiás - GO,216.0,87637.0,156,109671.0,1405.0,1415.0,591.0,15.373665480427047,36.54822335025381,11.024734982332156,26.395939086294415,62.37508896797153
5204250,Cachoeira Dourada - GO,432.0,176092.0,399,270284.0,7782.0,7724.0,3019.0,5.551272166538165,14.309373964889035,5.165717244950803,13.216296787015567,22.62811616551015
5204300,Caçu - GO,533.0,213851.0,583,401527.0,13774.0,14062.0,5354.0,3.8696094090315087,9.955173701905117,4.1459251884511445,10.889054912215165,15.525700595324524
5204409,Caiapônia - GO,800.0,322509.0,660,451340.0,16513.0,16602.0,6386.0,4.844667837461394,12.52740369558409,3.9754246476328152,10.335108048856874,19.53061224489796
5204508,Caldas Novas - GO,5283.0,2123216.0,4918,3401287.0,98622.0,108805.0,36749.0,5.356816937397335,14.375901385071703,4.520012867055742,13.382677079648426,21.528827239358357
5204557,Caldazinha - GO,302.0,121929.0,316,217185.0,4507.0,4901.0,1710.0,6.700687818948302,17.660818713450293,6.44766374209345,18.47953216374269,27.05325049922343
5204607,Campestre de Goiás - GO,582.0,235416.0,430,297994.0,3755.0,3904.0,1397.0,15.499334221038616,41.66070150322119,11.014344262295081,30.780243378668576,62.69400798934754
5204656,Campinaçu - GO,620.0,254199.0,489,331444.0,3708.0,3761.0,1418.0,16.720604099244877,43.723554301833566,13.001861207125764,34.4851904090268,68.5542071197411
5204706,Campinorte - GO,1227.0,491552.0,1302,888010.0,12510.0,13084.0,4635.0,9.808153477218225,26.472491909385113,9.951085295016814,28.09061488673139,39.292725819344525
5204805,Campo Alegre de Goiás - GO,444.0,180046.0,472,337654.0,7422.0,7901.0,2616.0,5.982215036378335,16.972477064220183,5.973927350968232,18.04281345565749,24.258420910805714
5204854,Campo Limpo de Goiás - GO,780.0,317327.0,1185,836685.0,8081.0,8707.0,2696.0,9.652270758569484,28.931750741839764,13.609739290226255,43.954005934718104,39.26828362826383
5204904,Campos Belos - GO,2611.0,1051941.0,2487,1736229.0,18108.0,18196.0,6289.0,14.4190413077093,41.51693432978216,13.6678390855133,39.54523771664812,58.09261100066269
5204953,Campos Verdes - GO,1048.0,426682.0,740,497139.0,4005.0,3747.0,1500.0,26.16729088639201,69.86666666666666,19.749132639444888,49.333333333333336,106.53732833957552
5205000,Carmo do Rio Verde - GO,929.0,373808.0,842,565573.0,9710.0,10039.0,3694.0,9.567456230690011,25.14889009204115,8.387289570674369,22.793719545208447,38.497219361483005
5205059,Castelândia - GO,643.0,259755.0,410,262840.0,2985.0,2823.0,1189.0,21.54103852596315,54.07905803195963,14.523556500177117,34.48275862068966,87.02010050251256
5205109,Catalão - GO,4676.0,1899632.0,4651,3304301.0,114427.0,124683.0,42424.0,4.08644812850114,11.022062983217047,3.7302599392058258,10.963134075051858,16.601256696409063
5205208,Caturaí - GO,596.0,239058.0,693,469998.0,5184.0,5385.0,1962.0,11.496913580246913,30.37716615698267,12.869080779944289,35.321100917431195,46.114583333333336
5205307,Cavalcante - GO,1317.0,537240.0,1319,948509.0,9583.0,9739.0,3485.0,13.74308671605969,37.790530846484934,13.543484957387822,37.84791965566715,56.061776061776065
5205406,Ceres - GO,942.0,381817.0,888,575679.0,22046.0,22655.0,8357.0,4.272883969881158,11.271987555342827,3.9196645332156255,10.625822663635276,17.319105506667878
5205455,Cezarina - GO,709.0,284198.0,582,389625.0,8090.0,8336.0,3220.0,8.763906056860321,22.018633540372672,6.981765834932822,18.074534161490682,35.12954264524104
5205471,Chapadão do Céu - GO,719.0,290505.0,687,481565.0,12870.0,14735.0,4286.0,5.586635586635587,16.775548296780215,4.662368510349508,16.02893140457303,22.57226107226107
5205497,Cidade Ocidental - GO,11064.0,4504868.0,10035,6984058.0,91767.0,104114.0,31789.0,12.056621661381543,34.80449211991569,9.638473212056015,31.567523357136118,49.09028299933527
5205513,Cocalzinho de Goiás - GO,3670.0,1491484.0,2962,2068934.0,25016.0,27741.0,8982.0,14.670610809082188,40.859496771320416,10.677336793915144,32.977065241594296,59.62120243044451
5205521,Colinas do Sul - GO,503.0,205919.0,528,379015.0,4030.0,4222.0,1489.0,12.481389578163771,33.781061114842174,12.505921364282331,35.460040295500335,51.09652605459057
5205703,Córrego do Ouro - GO,187.0,74936.0,188,130902.0,2454.0,2427.0,1021.0,7.620211898940505,18.31537708129285,7.746188710341986,18.41332027424094,30.536267318663405
5205802,Corumbá de Goiás - GO,1145.0,460710.0,1014,687921.0,10562.0,10733.0,3719.0,10.840749857981443,30.787846195213767,9.447498369514582,27.26539392309761,43.61957962507101
5205901,Corumbaíba - GO,509.0,205886.0,543,385426.0,9164.0,9549.0,3506.0,5.554343081623745,14.517969195664575,5.68645931511153,15.487735310895607,22.466826713225664
5206206,Cristalina - GO,5433.0,2206163.0,5495,3947064.0,62337.0,67922.0,21443.0,8.715530102507339,25.336939793872126,8.090162244928006,25.626078440516718,35.39090748672538
5206305,Cristianópolis - GO,398.0,160916.0,352,247590.0,3504.0,3709.0,1396.0,11.358447488584474,28.51002865329513,9.490428686977623,25.214899713467048,45.92351598173516
5206404,Crixás - GO,865.0,346669.0,894,604404.0,17065.0,17616.0,6186.0,5.068854380310577,13.983187843517621,5.074931880108992,14.451988360814743,20.314620568414885
5206503,Cromínia - GO,502.0,202260.0,430,285461.0,3883.0,4020.0,1536.0,12.92814833891321,32.682291666666664,10.696517412935323,27.994791666666668,52.08859129539016
5206602,Cumari - GO,137.0,54800.0,139,98540.0,2927.0,2947.0,1153.0,4.6805603006491285,11.882046834345186,4.716661011197829,12.055507372072853,18.722241202596514
5206701,Damianópolis - GO,622.0,251979.0,561,388008.0,3770.0,3950.0,1367.0,16.49867374005305,45.501097293343086,14.20253164556962,41.038771031455745,66.83793103448276
5206800,Damolândia - GO,415.0,166624.0,371,254447.0,2724.0,2752.0,1090.0,15.234948604992658,38.07339449541284,13.481104651162791,34.03669724770642,61.16886930983847
5206909,Davinópolis - GO,122.0,49430.0,184,128267.0,1902.0,1877.0,768.0,6.414300736067298,15.885416666666666,9.802876931273309,23.958333333333332,25.988433228180863
5207105,Diorama - GO,209.0,84335.0,130,84452.0,2062.0,1960.0,832.0,10.135790494665374,25.120192307692307,6.63265306122449,15.625,40.8996120271581
5207253,Doverlândia - GO,632.0,254835.0,488,335836.0,6956.0,6752.0,2767.0,9.085681426106959,22.840621611853994,7.2274881516587675,17.636429345861945,36.635278895917196
5207352,Edealina - GO,348.0,139718.0,315,219816.0,4001.0,4121.0,1648.0,8.697825543614096,21.116504854368934,7.643775782577045,19.114077669902912,34.92076980754811
5207402,Edéia - GO,1220.0,492968.0,849,584384.0,11747.0,12010.0,4365.0,10.385630373712438,27.949599083619702,7.069109075770191,19.45017182130584,41.96543798416617
5207501,Estrela do Norte - GO,362.0,146296.0,330,230504.0,3205.0,3204.0,1269.0,11.294851794071763,28.526398739164698,10.299625468164795,26.004728132387708,45.64617784711388
5207535,Faina - GO,631.0,254688.0,627,423952.0,7070.0,7169.0,2814.0,8.925035360678924,22.423596304193318,8.745989677779328,22.281449893390192,36.02376237623762
5207600,Fazenda Nova - GO,1032.0,416821.0,725,480685.0,5877.0,5807.0,2429.0,17.559979581419093,42.48662000823384,12.484931978646461,29.84767393989296,70.92411094095627
5207808,Firminópolis - GO,700.0,280582.0,679,456344.0,10419.0,10185.0,4054.0,6.718495057107208,17.26689689195856,6.666666666666667,16.748889985199803,26.929839715903636
5207907,Flores de Goiás - GO,1464.0,591477.0,1387,949248.0,13744.0,14388.0,4313.0,10.651920838183935,33.943890563412936,9.639977759243815,32.158590308370044,43.03528812572759
5208004,Formosa - GO,10993.0,4430535.0,9729,6741834.0,115901.0,122613.0,40745.0,9.4848189403025,26.97999754571113,7.934721440630276,23.87777641428396,38.22689191637691
5208103,Formoso - GO,628.0,252394.0,448,299971.0,4660.0,4643.0,1816.0,13.476394849785407,34.581497797356825,9.648933878957571,24.669603524229075,54.161802575107295
5208152,Gameleira de Goiás - GO,214.0,86658.0,213,144295.0,3456.0,3584.0,1284.0,6.19212962962963,16.666666666666668,5.943080357142857,16.588785046728972,25.07465277777778
5208301,Divinópolis de Goiás - GO,1099.0,445369.0,868,589539.0,4457.0,4370.0,1645.0,24.6578415974871,66.80851063829788,19.862700228832953,52.765957446808514,99.92573479919228
5208400,Goianápolis - GO,1482.0,597326.0,1502,1052082.0,13967.0,14956.0,4923.0,10.610725281019546,30.103595368677635,10.042792190425248,30.50985171643307,42.7669506694351
5208509,Goiandira - GO,411.0,165394.0,296,210994.0,4973.0,4938.0,1898.0,8.264628996581541,21.654373024236037,5.994329688132847,15.59536354056902,33.258395334807965
5208608,Goianésia - GO,4120.0,1661078.0,3894,2499332.0,73707.0,78980.0,26029.0,5.58969975714654,15.828498981904799,4.930362116991644,14.960236659110992,22.5362312941783
5208707,Goiânia - GO,64355.0,25923863.0,65619,44243532.0,1437366.0,1511709.0,549071.0,4.477286926224775,11.72070642958743,4.340716368031149,11.950913451994369,18.03567289055119
5208806,Goianira - GO,4676.0,1893188.0,5459,3817150.0,71916.0,84170.0,25193.0,6.502030146281773,18.56071130869686,6.485683735297612,21.668717500893106,26.32499026642194
5208905,Goiás - GO,2286.0,925116.0,1913,1270114.0,24071.0,24113.0,9593.0,9.496904989406339,23.829875951214426,7.933479865632647,19.94162410090691,38.43280295791617
5209101,Goiatuba - GO,1516.0,610227.0,1365,925538.0,35664.0,37187.0,13556.0,4.250785105428443,11.183239893773974,3.67063758840455,10.069341988787253,17.11044751009421
5209150,Gouvelândia - GO,315.0,127264.0,323,230521.0,4390.0,4271.0,1678.0,7.175398633257403,18.772348033373063,7.562631702177476,19.24910607866508,28.989521640091116
5209200,Guapó - GO,2191.0,880049.0,2490,1758822.0,19545.0,21373.0,7170.0,11.210028140189307,30.557880055788004,11.65021288541618,34.72803347280335,45.02680992581223
5209291,Guaraíta - GO,295.0,118000.0,248,168943.0,2188.0,2156.0,913.0,13.482632541133455,32.31106243154436,11.50278293135436,27.163198247535597,53.93053016453382
5209408,Guarani de Goiás - GO,692.0,281940.0,520,356668.0,4085.0,4076.0,1436.0,16.940024479804162,48.18941504178273,12.757605495583906,36.211699164345404,69.01835985312117
5209457,Guarinos - GO,261.0,104665.0,170,109752.0,2161.0,2143.0,883.0,12.077741786210089,29.55832389580974,7.932804479701353,19.25254813137033,48.433595557612215
5209606,Heitoraí - GO,496.0,198400.0,617,409956.0,3354.0,3325.0,1355.0,14.788312462731067,36.60516605166052,18.55639097744361,45.535055350553506,59.15324985092427
5209705,Hidrolândia - GO,1380.0,554068.0,2254,1573579.0,27742.0,31328.0,9707.0,4.974407036262706,14.21654476151231,7.194841675178754,23.22035644380344,19.97217215773917
5209804,Hidrolina - GO,364.0,146114.0,283,190563.0,3545.0,3441.0,1372.0,10.267983074753174,26.53061224489796,8.224353385643708,20.626822157434404,41.21692524682651
5209903,Iaciara - GO,2063.0,834596.0,1864,1341522.0,10584.0,10151.0,3557.0,19.491685563114135,57.998313185268486,18.36272288444488,52.40371099240934,78.85449735449735
5209937,Inaciolândia - GO,485.0,197900.0,368,249946.0,5954.0,6091.0,2207.0,8.14578434665771,21.975532396918894,6.041700870136267,16.674218396012687,33.23815922069197
5209952,Indiara - GO,1012.0,407075.0,845,582512.0,17061.0,18217.0,6325.0,5.931656995486783,16.0,4.638524455179228,13.359683794466402,23.85997303792275
5210000,Inhumas - GO,3125.0,1261764.0,3119,2076502.0,52204.0,54133.0,19577.0,5.986131330932496,15.962609184246821,5.76173498605287,15.931960974613066,24.16987204045667
5210109,Ipameri - GO,2067.0,837020.0,1778,1176432.0,25548.0,26282.0,9709.0,8.09065288868013,21.289525182820064,6.765086370900236,18.31290555155011,32.76264286832629
5210158,Ipiranga de Goiás - GO,382.0,152930.0,291,191441.0,2919.0,2972.0,1181.0,13.086673518328194,32.345469940728194,9.791386271870794,24.64013547840813,52.391229873244264
5210208,Iporá - GO,1207.0,485550.0,1546,1065991.0,35684.0,37575.0,13971.0,3.3824683331465084,8.639324314651779,4.114437791084498,11.06577911387875,13.606938684004035
5210307,Israelândia - GO,502.0,202381.0,272,171851.0,2560.0,2490.0,1030.0,19.609375,48.737864077669904,10.923694779116467,26.40776699029126,79.055078125
5210406,Itaberaí - GO,3544.0,1424105.0,3478,2340623.0,44734.0,48247.0,16002.0,7.922385657441767,22.147231596050492,7.208738367152362,21.734783152105987,31.834957750257075
5210562,Itaguari - GO,365.0,146117.0,377,255538.0,4963.0,5150.0,1952.0,7.354422728188595,18.69877049180328,7.320388349514563,19.313524590163933,29.441265363691315
5210604,Itaguaru - GO,419.0,168255.0,370,249981.0,4904.0,4796.0,1979.0,8.544045676998369,21.172309247094493,7.714762301918265,18.69631126831733,34.3097471451876
5210802,Itajá - GO,329.0,132474.0,245,160495.0,4380.0,4225.0,1749.0,7.511415525114155,18.810748999428245,5.798816568047338,14.00800457404231,30.245205479452054
5210901,Itapaci - GO,798.0,319769.0,870,615564.0,21087.0,22068.0,7793.0,3.784322094181249,10.23995893750802,3.9423599782490486,11.163865007057616,15.164271826243658
5211008,Itapirapuã - GO,1118.0,449612.0,818,555201.0,8007.0,8142.0,3136.0,13.962782565255402,35.650510204081634,10.046671579464505,26.084183673469386,56.15236667915574
5211206,Itapuranga - GO,2086.0,837624.0,1789,1145577.0,26113.0,26532.0,10514.0,7.98835828897484,19.840213049267643,6.7428011457862205,17.01540802739205,32.07689656492934
5211305,Itarumã - GO,310.0,124866.0,329,223171.0,6101.0,6106.0,2336.0,5.081134240288478,13.270547945205479,5.388142810350475,14.08390410958904,20.46648090476971
5211404,Itauçu - GO,750.0,301878.0,542,381973.0,7736.0,7573.0,2939.0,9.694932781799379,25.518883974140863,7.157005149874554,18.441646818645797,39.02249224405377
5211503,Itumbiara - GO,5813.0,2335374.0,5213,3661772.0,107970.0,114331.0,39710.0,5.383902936000741,14.638630067992949,4.559568271072587,13.127675648451271,21.629841622672966
5211602,Ivolândia - GO,355.0,143000.0,290,197153.0,2693.0,2732.0,1092.0,13.18232454511697,32.50915750915751,10.61493411420205,26.55677655677656,53.10063126624582
5211701,Jandaia - GO,477.0,193942.0,321,205891.0,6272.0,6369.0,2527.0,7.605229591836735,18.87613771270281,5.040037682524729,12.702809655718243,30.921875
5211800,Jaraguá - GO,4553.0,1835340.0,4151,2835419.0,45223.0,46835.0,16597.0,10.067885810317758,27.432668554558052,8.86302978541689,25.010544074230282,40.584215996285074
5211909,Jataí - GO,3812.0,1541723.0,4493,3065074.0,105729.0,112835.0,38266.0,3.6054441071040113,9.961846025192077,3.9819205033899054,11.741493754246589,14.58183658220545
5212006,Jaupaci - GO,315.0,127934.0,275,182430.0,2924.0,2932.0,1137.0,10.772913816689467,27.70448548812665,9.379263301500682,24.186455584872473,43.7530779753762
5212055,Jesúpolis - GO,403.0,162857.0,310,206212.0,2123.0,2100.0,833.0,18.982571832312765,48.37935174069628,14.761904761904763,37.21488595438175,76.71078662270372
5212105,Joviânia - GO,216.0,86787.0,218,143653.0,7159.0,7246.0,2730.0,3.017181170554547,7.912087912087912,3.0085564449351367,7.985347985347985,12.122782511523956
5212204,Jussara - GO,1504.0,602311.0,1609,1097629.0,19620.0,19949.0,7662.0,7.665647298674822,19.629339598016184,8.065567196350694,20.9997389715479,30.698827726809377
5212253,Lagoa Santa - GO,234.0,94756.0,217,147237.0,1390.0,1444.0,537.0,16.834532374100718,43.57541899441341,15.02770083102493,40.4096834264432,68.16978417266186
5212303,Leopoldo de Bulhões - GO,711.0,285063.0,898,622119.0,8745.0,9210.0,3250.0,8.130360205831904,21.876923076923077,9.75027144408252,27.630769230769232,32.59725557461407
5212501,Luziânia - GO,23977.0,9669442.0,20432,14429911.0,209129.0,223596.0,71953.0,11.465172214279225,33.323141495142664,9.137909443818316,28.396314260697956,46.23673426449703
5212600,Mairipotaba - GO,295.0,118471.0,266,175492.0,2561.0,2643.0,1064.0,11.518937914877002,27.725563909774436,10.064320847521756,25.0,46.25966419367435
5212709,Mambaí - GO,1554.0,627041.0,1308,916970.0,8124.0,8579.0,2601.0,19.12850812407681,59.746251441753174,15.24653222986362,50.2883506343714,77.18377646479567
5212808,Mara Rosa - GO,888.0,360055.0,936,631579.0,10700.0,10797.0,4088.0,8.299065420560748,21.72211350293542,8.669074742984161,22.89628180039139,33.65
5212907,Marzagão - GO,260.0,105822.0,196,135841.0,2758.0,2990.0,1000.0,9.427121102248005,26.0,6.555183946488294,19.6,38.369108049311095
5212956,Matrinchã - GO,708.0,284073.0,565,386673.0,4042.0,3975.0,1560.0,17.51608114794656,45.38461538461539,14.213836477987421,36.217948717948715,70.28030677882236
5213004,Maurilândia - GO,1043.0,419457.0,793,541233.0,10304.0,10052.0,3772.0,10.122282608695652,27.651113467656415,7.888977317946678,21.023329798515377,40.708171583850934
5213053,Mimoso de Goiás - GO,311.0,125474.0,282,191424.0,2614.0,2619.0,980.0,11.897475133894416,31.73469387755102,10.767468499427263,28.775510204081634,48.00076511094109
5213087,Minaçu - GO,2451.0,1000876.0,1703,1129862.0,27075.0,26301.0,9900.0,9.052631578947368,24.757575757575758,6.475038971902209,17.2020202020202,36.96679593721145
5213103,Mineiros - GO,4561.0,1844666.0,3637,2413261.0,70081.0,76188.0,24783.0,6.508183387794124,18.40374450227979,4.773717645823489,14.675382318524795,26.321913214708694
5213400,Moiporá - GO,197.0,78977.0,128,85692.0,1685.0,1680.0,708.0,11.691394658753708,27.824858757062145,7.619047619047619,18.07909604519774,46.87062314540059
5213509,Monte Alegre de Goiás - GO,1224.0,507174.0,1439,1009055.0,6692.0,6456.0,2330.0,18.290496114763897,52.532188841201716,22.289343246592317,61.75965665236051,75.78810520023909
5213707,Montes Claros de Goiás - GO,388.0,156136.0,436,297828.0,8756.0,9074.0,3424.0,4.431247144814984,11.33177570093458,4.804937183160679,12.733644859813085,17.831886706258565
5213756,Montividiu - GO,461.0,187154.0,642,429369.0,12521.0,13227.0,4424.0,3.68181455155339,10.420433996383364,4.853708323882967,14.511754068716094,14.947208689401805
5213772,Montividiu do Norte - GO,814.0,329973.0,611,429838.0,3779.0,3717.0,1510.0,21.54008997089177,53.90728476821192,16.437987624428303,40.4635761589404,87.3175443238952
5213806,Morrinhos - GO,1617.0,654281.0,1198,781819.0,51351.0,54995.0,19727.0,3.148916282058772,8.196887514573934,2.178379852713883,6.072895016981802,12.741348756596755
5213855,Morro Agudo de Goiás - GO,359.0,147105.0,302,203070.0,2456.0,2511.0,976.0,14.617263843648209,36.782786885245905,12.027080844285145,30.942622950819672,59.89617263843648
5213905,Mossâmedes - GO,221.0,89200.0,265,175975.0,4654.0,4599.0,1861.0,4.748603351955308,11.875335840945729,5.762122200478365,14.239656098871574,19.166308551783413
5214002,Mozarlândia - GO,1610.0,651683.0,1519,1028842.0,14750.0,15287.0,5228.0,10.915254237288135,30.795715378729916,9.936547393209917,29.055087987758224,44.181898305084744
5214051,Mundo Novo - GO,599.0,242764.0,456,301530.0,6189.0,6181.0,2272.0,9.678461787041526,26.364436619718308,7.377447015046109,20.070422535211268,39.22507674907093
5214101,Mutunópolis - GO,488.0,196170.0,436,299527.0,3564.0,3517.0,1378.0,13.692480359147027,35.41364296081277,12.3969292010236,31.640058055152394,55.04208754208754
5214408,Nazário - GO,718.0,288697.0,586,398597.0,8189.0,8367.0,3119.0,8.767859323482721,23.02019878166079,7.003705031672045,18.788073100352676,35.254243497374524
5214507,Nerópolis - GO,1431.0,576129.0,2366,1651863.0,31932.0,34826.0,11181.0,4.481397970687711,12.798497451033002,6.793774765979441,21.160897951882657,18.042371288989102
5214606,Niquelândia - GO,2800.0,1130611.0,1842,1178057.0,34964.0,33329.0,13270.0,8.008237043816496,21.10022607385079,5.526718473401542,13.880934438583271,32.33643175838005
5214705,Nova América - GO,308.0,123843.0,327,219186.0,2337.0,2384.0,908.0,13.179289687633718,33.92070484581498,13.716442953020135,36.013215859030836,52.99229781771502
5214804,Nova Aurora - GO,207.0,83293.0,136,89914.0,2101.0,2133.0,832.0,9.852451213707758,24.879807692307693,6.375996249413971,16.346153846153847,39.64445502141837
5214838,Nova Crixás - GO,1010.0,408523.0,1040,714237.0,12815.0,13210.0,4685.0,7.881388997268826,21.558164354322304,7.872823618470855,22.198505869797224,31.878501755754975
5214861,Nova Glória - GO,911.0,366551.0,723,499431.0,8310.0,8337.0,3284.0,10.962695547533093,27.740560292326432,8.672184238934868,22.015834348355664,44.10962695547533
5214879,Nova Iguaçu de Goiás - GO,227.0,91066.0,243,166684.0,3010.0,3096.0,1110.0,7.541528239202658,20.45045045045045,7.848837209302325,21.89189189189189,30.254485049833885
5214903,Nova Roma - GO,543.0,222680.0,428,289576.0,3076.0,2992.0,1157.0,17.652795838751626,46.93171996542783,14.304812834224599,36.99222126188418,72.3927178153446
5215009,Nova Veneza - GO,1017.0,413610.0,986,663426.0,9481.0,9973.0,3464.0,10.72671659107689,29.359122401847575,9.886694073999799,28.464203233256352,43.6251450268959
5215207,Novo Brasil - GO,398.0,159888.0,371,249553.0,3527.0,3566.0,1523.0,11.284377658066346,26.13263296126067,10.403813796971397,24.359816152330925,45.332577261128435
5215231,Novo Gama - GO,8353.0,3377759.0,8667,6045586.0,103804.0,108219.0,34251.0,8.046896073369041,24.38760912090158,8.008760014415214,25.30437067530875,32.539776887210515
5215256,Novo Planalto - GO,676.0,271162.0,481,325151.0,3716.0,3684.0,1428.0,18.191603875134554,47.338935574229694,13.056460369163952,33.68347338935574,72.97147470398278
5215306,Orizona - GO,732.0,296059.0,644,447833.0,16399.0,17177.0,6267.0,4.463686810171352,11.680229775011968,3.749199510973977,10.276049146322004,18.053478870662847
5215405,Ouro Verde de Goiás - GO,363.0,145888.0,317,216755.0,4057.0,4109.0,1512.0,8.947498151343357,24.00793650793651,7.714772450717936,20.965608465608465,35.95957604140991
5215504,Ouvidor - GO,377.0,151913.0,345,239133.0,7200.0,7785.0,2607.0,5.236111111111111,14.461066359800537,4.431599229287091,13.233601841196778,21.099027777777778
5215603,Padre Bernardo - GO,2827.0,1147956.0,2666,1894487.0,34967.0,37709.0,12087.0,8.084765636171246,23.38876478861587,7.0699302553767005,22.056755191528087,32.82969657105271
5215652,Palestina de Goiás - GO,287.0,115109.0,227,151758.0,3132.0,3094.0,1203.0,9.163473818646233,23.857024106400665,7.336780866192631,18.86949293433084,36.75255427841635
5215702,Palmeiras de Goiás - GO,902.0,362620.0,1495,1069455.0,31858.0,34985.0,11589.0,2.8313139556783224,7.783242730175166,4.273259968557953,12.900163948571922,11.382384330466445
5215801,Palmelo - GO,171.0,68532.0,163,107810.0,2259.0,2260.0,893.0,7.569721115537849,19.148936170212767,7.212389380530974,18.253079507278834,30.337317397078355
5215900,Palminópolis - GO,451.0,181681.0,339,228429.0,3851.0,3978.0,1519.0,11.711243832770709,29.69058591178407,8.521870286576169,22.317314022383147,47.17761620358348
5216007,Panamá - GO,180.0,72358.0,171,113385.0,2455.0,2414.0,995.0,7.3319755600814664,18.09045226130653,7.083678541839271,17.185929648241206,29.473727087576375
5216304,Paranaiguara - GO,575.0,230316.0,465,315967.0,7607.0,7245.0,3067.0,7.55882739581964,18.747962178024128,6.418219461697722,15.161395500489077,30.27685026948863
5216403,Paraúna - GO,642.0,257765.0,588,360123.0,10659.0,10706.0,4085.0,6.023079088094568,15.716034271725826,5.4922473379413415,14.394124847001224,24.182850173562247
5216452,Perolândia - GO,148.0,59255.0,147,92873.0,2964.0,2999.0,1057.0,4.993252361673414,14.001892147587512,4.90163387795932,13.907284768211921,19.991565452091766
5216809,Petrolina de Goiás - GO,654.0,262969.0,712,470422.0,9573.0,9464.0,3749.0,6.831714196176747,17.444651907175245,7.523245984784446,18.99173112830088,27.469863156795153
5216908,Pilar de Goiás - GO,325.0,131403.0,211,144105.0,2328.0,2221.0,893.0,13.960481099656358,36.39417693169093,9.5002251238181,23.62821948488242,56.44458762886598
5217104,Piracanjuba - GO,1149.0,463509.0,1316,895926.0,24883.0,25436.0,9932.0,4.6176104167503915,11.568666935159081,5.173769460607014,13.250100684655658,18.6275368725636
5217203,Piranhas - GO,1116.0,449198.0,789,525809.0,11712.0,11965.0,4612.0,9.528688524590164,24.19774501300954,6.594233180108651,17.107545533391153,38.353654371584696
5217302,Pirenópolis - GO,1646.0,662976.0,1396,911906.0,26690.0,28292.0,9776.0,6.167103784188835,16.837152209492636,4.9342570337904705,14.27986906710311,24.83986511802173
5217401,Pires do Rio - GO,2021.0,809957.0,1977,1364674.0,32373.0,33974.0,12264.0,6.242856701572298,16.479125896934114,5.81915582504268,16.120352250489237,25.01952244154079
5217609,Planaltina - GO,11501.0,4623767.0,10915,7765923.0,105031.0,113950.0,35183.0,10.950100446534833,32.68908279566836,9.578762615182097,31.023505670352158,44.022878959545274
5217708,Pontalina - GO,1107.0,443681.0,730,467246.0,18309.0,18838.0,7355.0,6.046206783549074,15.05098572399728,3.8751459815267015,9.925220938137322,24.232945545906386
5218003,Porangatu - GO,3082.0,1236741.0,2773,1844010.0,44317.0,45620.0,16372.0,6.954441862039398,18.824822868311752,6.078474353353792,16.937454190080626,27.90669494776271
5218052,Porteirão - GO,461.0,185930.0,272,172151.0,4070.0,4325.0,1482.0,11.326781326781326,31.106612685560055,6.289017341040463,18.35357624831309,45.68304668304668
5218102,Portelândia - GO,344.0,138544.0,354,244999.0,3280.0,3149.0,1246.0,10.487804878048781,27.608346709470304,11.241664020323912,28.41091492776886,42.239024390243905
5218300,Posse - GO,4108.0,1666231.0,3691,2554886.0,34914.0,36517.0,11972.0,11.766053732027267,34.31339792849983,10.107621107977106,30.83027063147344,47.723864352408775
5218391,Professor Jamil - GO,527.0,212942.0,341,225130.0,3649.0,3768.0,1428.0,14.442312962455468,36.904761904761905,9.049893842887473,23.87955182072829,58.35626198958619
5218508,Quirinópolis - GO,1823.0,731629.0,1738,1156048.0,48447.0,50665.0,17985.0,3.762874894214296,10.136224631637475,3.4303759992105003,9.663608562691131,15.101636840258427
5218607,Rialma - GO,547.0,221120.0,634,442850.0,12165.0,12776.0,4473.0,4.496506370735717,12.228929130337582,4.9624295554164055,14.173932483791639,18.17673653925195
5218706,Rianápolis - GO,266.0,106993.0,275,194484.0,3980.0,3849.0,1591.0,6.683417085427136,16.719044626021372,7.144712912444791,17.28472658705217,26.882663316582914
5218789,Rio Quente - GO,350.0,142996.0,284,187135.0,3864.0,4072.0,1390.0,9.057971014492754,25.179856115107913,6.974459724950884,20.431654676258994,37.007246376811594
5218805,Rio Verde - GO,10907.0,4397226.0,11133,7379359.0,225696.0,244881.0,80451.0,4.8326066921877215,13.557320605088812,4.546289830570767,13.83823693925495,19.482959378987665
5218904,Rubiataba - GO,1162.0,466548.0,898,589793.0,19788.0,20239.0,7660.0,5.87224580553871,15.169712793733682,4.436978111566777,11.723237597911227,23.577319587628867
5219001,Sanclerlândia - GO,271.0,108400.0,417,279855.0,7918.0,8107.0,3129.0,3.4225814599646376,8.660914030041546,5.143702972739607,13.326941514860978,13.69032583985855
5219100,Santa Bárbara de Goiás - GO,633.0,254808.0,522,359972.0,6149.0,6332.0,2252.0,10.294356805984712,28.108348134991118,8.243840808591282,23.179396092362346,41.438933159863396
5219209,Santa Cruz de Goiás - GO,303.0,122713.0,241,155783.0,3002.0,2993.0,1241.0,10.093271152564956,24.415793714746172,8.052121617106582,19.419822723609993,40.87708194536975
5219258,Santa Fé de Goiás - GO,311.0,124958.0,323,215296.0,4951.0,5058.0,1859.0,6.281559280953343,16.729424421732116,6.385923289837881,17.374932759548145,25.23894162795395
5219308,Santa Helena de Goiás - GO,2168.0,872459.0,2192,1562123.0,38492.0,39719.0,14249.0,5.632339187363608,15.215102814232578,5.518769354716886,15.383535686714858,22.665982541826875
5219357,Santa Isabel - GO,444.0,178322.0,397,268926.0,3538.0,3531.0,1397.0,12.549462973431318,31.78239083750895,11.24327386009629,28.418038654259128,50.40192198982476
5219407,Santa Rita do Araguaia - GO,575.0,231961.0,500,341262.0,5924.0,5690.0,2301.0,9.706279540850776,24.989135158626684,8.787346221441124,21.729682746631898,39.15614449696151
5219456,Santa Rita do Novo Destino - GO,320.0,128803.0,276,187269.0,2689.0,2575.0,1024.0,11.900334696913351,31.25,10.718446601941748,26.953125,47.899962811454074
5219506,Santa Rosa de Goiás - GO,313.0,125600.0,262,166052.0,2820.0,2819.0,1073.0,11.099290780141844,29.170549860205032,9.294075913444484,24.417520969245107,44.53900709219858
5219605,Santa Tereza de Goiás - GO,348.0,141841.0,284,191019.0,3293.0,3120.0,1317.0,10.567871242028545,26.42369020501139,9.102564102564102,21.564160971905846,43.073489219556635
5219704,Santa Terezinha de Goiás - GO,1777.0,721093.0,1100,722101.0,10645.0,10856.0,3901.0,16.693283231564113,45.55242245578057,10.132645541635961,28.197897974878238,67.7400657585721
5219712,Santo Antônio da Barra - GO,245.0,98049.0,199,134273.0,4267.0,4266.0,1570.0,5.741738926646356,15.605095541401274,4.664791373652133,12.67515923566879,22.978439184438717
5219738,Santo Antônio de Goiás - GO,862.0,352541.0,714,475212.0,7386.0,8254.0,2634.0,11.670728405090712,32.72589217919514,8.65035134480252,27.107061503416855,47.730977525047386
5219753,Santo Antônio do Descoberto - GO,8820.0,3562680.0,7549,5183088.0,72127.0,75814.0,24177.0,12.228430407475702,36.480952971832735,9.95726382989949,31.223890474417836,49.394540186060695
5219803,São Domingos - GO,1540.0,622668.0,1222,849809.0,9711.0,9336.0,3469.0,15.85830501493152,44.39319688671087,13.08911739502999,35.22628999711733,64.1198640716713
5219902,São Francisco de Goiás - GO,828.0,334291.0,750,520781.0,6378.0,6522.0,2361.0,12.982126058325495,35.06988564167725,11.499540018399264,31.76620076238882,52.41313891502038
5220009,São João d'Aliança - GO,1328.0,546760.0,1156,810706.0,14041.0,15290.0,4260.0,9.458015810839683,31.173708920187792,7.560497056899934,27.136150234741784,38.94024642119507
5220058,São João da Paraúna - GO,122.0,49405.0,127,88791.0,1774.0,1817.0,697.0,6.8771138669673055,17.50358680057389,6.989543203082003,18.220946915351508,27.849492671927848
5220108,São Luís de Montes Belos - GO,1903.0,765489.0,1795,1183991.0,33852.0,35539.0,13084.0,5.6215290086257825,14.544481809844084,5.050789273755592,13.719046163252829,22.61281460475009
5220157,São Luiz do Norte - GO,527.0,211914.0,543,381452.0,4837.0,4953.0,1797.0,10.895182964647509,29.326655537006122,10.96305269533616,30.21702838063439,43.81103990076494
5220207,São Miguel do Araguaia - GO,2306.0,929235.0,2168,1426634.0,21900.0,22001.0,8213.0,10.529680365296803,28.07743820771947,9.854097541020863,26.397175210032874,42.43082191780822
5220264,São Miguel do Passa Quatro - GO,203.0,82640.0,262,165213.0,4464.0,4719.0,1652.0,4.547491039426523,12.288135593220339,5.552023733841915,15.85956416464891,18.512544802867385
5220280,São Patrício - GO,252.0,100970.0,201,146157.0,2143.0,2210.0,832.0,11.759216052263183,30.28846153846154,9.095022624434389,24.158653846153847,47.116192253849746
5220405,São Simão - GO,1910.0,770336.0,1185,790521.0,17020.0,17167.0,6700.0,11.222091656874266,28.507462686567163,6.9027785868235565,17.686567164179106,45.26063454759107
5220454,Senador Canedo - GO,7636.0,3081921.0,9035,6275541.0,155635.0,180111.0,52370.0,4.906351399106884,14.580866908535421,5.0163510279771915,17.252243650945196,19.80223600089954
5220504,Serranópolis - GO,569.0,230228.0,485,340740.0,8027.0,8272.0,2944.0,7.088576055811636,19.327445652173914,5.863152804642167,16.474184782608695,28.68169926498069
5220603,Silvânia - GO,1426.0,573159.0,1437,1007356.0,22245.0,23356.0,8140.0,6.410429309957294,17.51842751842752,6.152594622366844,17.653562653562652,25.76574511126096
5220686,Simolândia - GO,1309.0,530060.0,868,571925.0,5742.0,5576.0,2002.0,22.796934865900383,65.38461538461539,15.566714490674318,43.35664335664335,92.31278300243818
5220702,Sítio d'Abadia - GO,641.0,259414.0,569,391148.0,2927.0,2982.0,1012.0,21.899555859241545,63.3399209486166,19.081153588195843,56.22529644268775,88.62794670310899
5221007,Taquaral de Goiás - GO,371.0,149531.0,314,203651.0,4026.0,4213.0,1612.0,9.215101838052657,23.01488833746898,7.453121291241396,19.478908188585606,37.14133134624938
5221080,Teresina de Goiás - GO,730.0,301871.0,900,611461.0,2701.0,2636.0,919.0,27.027027027027028,79.4341675734494,34.14264036418816,97.93253536452666,111.76268048870789
5221197,Terezópolis de Goiás - GO,1085.0,439238.0,1272,888576.0,7944.0,8435.0,2820.0,13.658106747230613,38.47517730496454,15.080023710729105,45.1063829787234,55.291792547834845
5221304,Três Ranchos - GO,335.0,135678.0,242,161263.0,2921.0,2981.0,1143.0,11.468675111263266,29.30883639545057,8.118081180811808,21.172353455818023,46.44916124614858
5221403,Trindade - GO,9459.0,3811749.0,10210,6862132.0,142431.0,156197.0,50654.0,6.641110432419908,18.673747384214476,6.536617220561214,20.156354878193234,26.762074267540072
5221452,Trombas - GO,402.0,160977.0,326,215328.0,3120.0,3054.0,1223.0,12.884615384615385,32.86999182338512,10.674525212835626,26.655764513491416,51.59519230769231
5221502,Turvânia - GO,321.0,129337.0,306,203187.0,4480.0,4422.0,1808.0,7.165178571428571,17.754424778761063,6.919945725915875,16.924778761061948,28.86986607142857
5221551,Turvelândia - GO,583.0,234709.0,420,294180.0,4985.0,5210.0,1760.0,11.695085255767301,33.125,8.061420345489443,23.863636363636363,47.083049147442324
5221577,Uirapuru - GO,495.0,201029.0,370,244575.0,2798.0,2786.0,1069.0,17.69120800571837,46.30495790458372,13.280689160086146,34.61178671655753,71.84739099356683
5221601,Uruaçu - GO,1482.0,595724.0,1730,1153305.0,42546.0,44907.0,15775.0,3.483288675786208,9.394611727416798,3.852406083684058,10.966719492868462,14.001880317773704
5221700,Uruana - GO,1594.0,640405.0,1460,991216.0,13729.0,13843.0,5270.0,11.61045961104232,30.246679316888045,10.546846781766957,27.703984819734345,46.646150484376136
5221809,Urutaí - GO,171.0,69278.0,192,129919.0,3553.0,3733.0,1362.0,4.81283422459893,12.555066079295154,5.143316367532815,14.09691629955947,19.4984520123839
5221858,Valparaíso de Goiás - GO,10800.0,4336243.0,9985,6719400.0,198861.0,223210.0,71169.0,5.430929141460618,15.17514648231674,4.473365888625062,14.029984965364132,21.80539673440242
5221908,Varjão - GO,301.0,121502.0,280,191682.0,3716.0,3772.0,1553.0,8.10010764262648,19.381841596909208,7.423117709437964,18.0296200901481,32.69698600645856
5222005,Vianópolis - GO,832.0,335901.0,879,610953.0,14956.0,15808.0,5499.0,5.562984755282161,15.130023640661939,5.560475708502024,15.984724495362792,22.459280556298477
5222054,Vicentinópolis - GO,710.0,284335.0,606,394929.0,8768.0,9271.0,3144.0,8.097627737226277,22.58269720101781,6.536511703160393,19.27480916030534,32.42871806569343
5222203,Vila Boa - GO,665.0,267738.0,539,381687.0,4215.0,4106.0,1461.0,15.776986951364176,45.516769336071185,13.127131027764248,36.89253935660506,63.5202846975089
5222302,Vila Propício - GO,716.0,287673.0,614,420526.0,5815.0,6073.0,2180.0,12.31298366294067,32.84403669724771,10.110324386629342,28.165137614678898,49.47085124677558
5300108,Brasília - DF,145886.0,59742021.0,162476,112574288.0,2817381.0,3009996.0,988191.0,5.178071407452524,14.76293550538307,5.397880927416515,16.441760752728978,21.204807230544965
