ibge,nome,pop_10mais,catolica,evangelica,espirita,umbanda_candomble,tradicoes_indigenas,outras_religiosidades,sem_religiao,nao_sabe,sem_declaracao,pct_catolica,pct_evangelica,pct_espirita,pct_umbanda_candomble,pct_sem_religiao
1100015,Alta Floresta D'Oeste - RO,18408,9252,6570,79,0,0,590,1909,0,8,50.26075619295958,35.6910039113429,0.42916123424598,0.0,10.370491090830074
1100023,Ariquemes - RO,82612,28234,34966,375,152,27,3603,15160,0,95,34.176632934682615,42.325570135089336,0.45392921125260255,0.18399264029438822,18.35084491357188
1100031,Cabixi - RO,4670,2652,1700,0,4,0,105,201,0,7,56.78800856531049,36.40256959314775,0.0,0.08565310492505353,4.30406852248394
1100049,Cacoal - RO,75262,29034,32480,712,129,14,3161,9376,28,328,38.577236852594936,43.15590869230156,0.9460285402992213,0.1714012383407297,12.45781403629986
1100056,Cerejeiras - RO,13576,6781,5396,22,9,4,217,1143,4,0,49.948438420742484,39.74661166764879,0.16205067766647024,0.06629345904537419,8.419269298762522
1100064,Colorado do Oeste - RO,13626,7565,4891,32,0,0,177,950,0,11,55.518861001027446,35.89461323939528,0.2348451489798914,0.0,6.971965360340525
1100072,Corumbiara - RO,6465,3749,2233,0,2,6,31,443,0,0,57.9891724671307,34.53982985305491,0.0,0.030935808197989172,6.852281515854601
1100080,Costa Marques - RO,10528,5127,4213,17,10,0,152,992,17,0,48.69870820668693,40.01709726443769,0.1614741641337386,0.09498480243161095,9.422492401215806
1100098,Espigão D'Oeste - RO,25166,8734,12362,20,0,1,501,3166,0,382,34.70555511404276,49.121831041881904,0.07947230390209012,0.0,12.580465707700867
1100106,Guajará-Mirim - RO,32489,14522,13104,113,70,0,924,3481,139,136,44.69820554649266,40.33365138970113,0.34781002800948013,0.2154575394748992,10.714395641601772
1100114,Jaru - RO,43291,18474,19728,55,65,18,1107,3704,0,140,42.67399690466841,45.570672888129174,0.1270471922570511,0.15014668175833315,8.55605091127486
1100122,Ji-Paraná - RO,106395,35565,48659,416,75,232,4782,15905,372,390,33.42732271253348,45.734292025001174,0.3909958174726256,0.07049203440011279,14.949010761783919
1100130,Machadinho D'Oeste - RO,25880,7950,12278,30,0,0,722,4890,0,10,30.71870170015456,47.442040185471406,0.11591962905718702,0.0,18.894899536321482
1100148,Nova Brasilândia D'Oeste - RO,13625,6739,5212,0,12,0,321,1342,0,0,49.460550458715595,38.253211009174315,0.0,0.08807339449541285,9.849541284403669
1100155,Ouro Preto do Oeste - RO,30418,12831,11520,108,72,0,707,5148,0,31,42.182260503649154,37.87231244657769,0.3550529291866658,0.23670195279111053,16.924189624564402
1100189,Pimenta Bueno - RO,30118,13272,12446,79,19,0,778,3485,12,27,44.06667109369812,41.32412510790889,0.262301613652965,0.06308519822033336,11.571153463045356
1100205,Porto Velho - RO,391997,158549,151530,4005,2631,250,22917,51216,317,582,40.44648300879854,38.655908080929194,1.0216914925369327,0.671178605958719,13.065406112801885
1100254,Presidente Médici - RO,16810,8568,6608,16,0,0,529,1089,0,0,50.969660916121356,39.30993456276026,0.09518143961927424,0.0,6.478286734086853
1100262,Rio Crespo - RO,2978,1203,1316,7,0,0,49,368,0,36,40.396239086635326,44.19073203492277,0.23505708529214236,0.0,12.357286769644057
1100288,Rolim de Moura - RO,48480,18282,19878,218,65,0,853,9008,0,176,37.710396039603964,41.00247524752475,0.44966996699669964,0.13407590759075907,18.580858085808583
1100296,Santa Luzia D'Oeste - RO,6480,3324,2415,3,3,0,105,627,0,3,51.2962962962963,37.26851851851852,0.046296296296296294,0.046296296296296294,9.675925925925926
1100304,Vilhena - RO,81732,32407,34111,681,271,21,5172,8918,5,146,39.65032055987863,41.73518328194587,0.8332109822346204,0.33157147751186805,10.911270983213429
1100320,São Miguel do Guaporé - RO,18374,8264,7456,31,0,0,416,2204,0,4,44.97659736584304,40.57907913355829,0.16871666485250897,0.0,11.995210623707413
1100338,Nova Mamoré - RO,21071,8567,8937,50,7,0,652,2705,0,153,40.65777609036116,42.413744008352715,0.23729296189075033,0.03322101466470505,12.837549238289592
1100346,Alvorada D'Oeste - RO,11387,6300,4020,13,0,35,154,819,0,46,55.32624923157987,35.30341617634144,0.11416527619214895,0.0,7.1924124001053835
1100379,Alto Alegre dos Parecis - RO,9744,4686,3984,5,5,0,87,971,0,6,48.09113300492611,40.88669950738916,0.051313628899835796,0.051313628899835796,9.965106732348112
1100403,Alto Paraíso - RO,13903,6976,5247,88,36,0,211,1253,0,92,50.176220959505144,37.740056102999354,0.632956915773574,0.2589369200891894,9.012443357548731
1100452,Buritis - RO,23707,8807,10798,75,20,0,452,3556,0,0,37.14936516640655,45.547728519002824,0.3163622558737926,0.08436326823301135,14.999789091829417
1100502,Novo Horizonte do Oeste - RO,6692,3349,2919,0,0,0,56,362,0,5,50.04482964734011,43.61924686192469,0.0,0.0,5.409444112372983
1100601,Cacaulândia - RO,3545,1746,1265,0,0,0,65,466,0,3,49.2524682651622,35.684062059238364,0.0,0.0,13.145275035260932
1100700,Campo Novo de Rondônia - RO,7517,3099,3528,14,14,0,206,656,0,0,41.226553146201944,46.933617134495144,0.1862445124384728,0.1862445124384728,8.72688572568844
1100809,Candeias do Jamari - RO,18592,6359,8525,83,10,39,679,2854,0,42,34.20288296041308,45.853055077452666,0.44642857142857145,0.05378657487091222,15.350688468158348
1100908,Castanheiras - RO,2806,1411,1021,0,3,0,67,300,3,0,50.28510334996436,36.38631503920171,0.0,0.10691375623663578,10.691375623663578
1100924,Chupinguaia - RO,7772,3586,2884,10,0,1,101,1191,0,0,46.13998970663922,37.10756562017499,0.12866700977869275,0.0,15.324240864642306
1100940,Cujubim - RO,12356,4249,5021,7,7,0,345,2727,0,0,34.38815150534153,40.63612819682745,0.05665263839430236,0.05665263839430236,22.070249271608937
1101005,Governador Jorge Teixeira - RO,6865,3719,2366,11,4,75,116,539,6,27,54.17334304442826,34.46467589220685,0.16023306627822287,0.05826656955571741,7.8514202476329205
1101104,Itapuã do Oeste - RO,7091,2338,2874,13,19,0,161,1672,0,15,32.97137216189536,40.53024961218446,0.18333098293611622,0.26794528275278523,23.579184882245098
1101203,Ministro Andreazza - RO,5721,2820,2385,0,0,0,70,439,0,6,49.29208180388044,41.68851599370739,0.0,0.0,7.6734836567033735
1101302,Mirante da Serra - RO,8018,3314,3530,0,0,108,130,932,0,5,41.33200299326516,44.02594163132951,0.0,0.0,11.623846345722125
1101401,Monte Negro - RO,9941,4280,4202,11,6,0,173,1270,0,0,43.05401871039131,42.269389397444925,0.11065285182577206,0.06035610099587567,12.775374710793683
1101435,Nova União - RO,5411,2757,2065,0,2,0,52,534,0,0,50.95176492330438,38.16300129366106,0.0,0.036961744594344856,9.868785806690076
1101450,Parecis - RO,3526,1622,1502,0,0,22,198,170,0,12,46.00113442994895,42.59784458309699,0.0,0.0,4.821327283040272
1101468,Pimenteiras do Oeste - RO,1801,1106,502,0,0,9,26,157,0,0,61.410327595780124,27.87340366463076,0.0,0.0,8.717379233759022
1101476,Primavera de Rondônia - RO,2640,1482,888,13,0,0,66,186,0,4,56.13636363636363,33.63636363636363,0.49242424242424243,0.0,7.045454545454546
1101484,São Felipe D'Oeste - RO,4646,2647,1586,0,0,0,31,382,0,0,56.973740852346104,34.13689195006457,0.0,0.0,8.222126560482135
1101492,São Francisco do Guaporé - RO,13670,5861,6042,0,7,11,226,1500,0,23,42.87490855888807,44.19897585954645,0.0,0.051207022677395755,10.972933430870519
1101500,Seringueiras - RO,9516,4731,3826,17,0,0,83,846,5,9,49.716267339218156,40.20596889449349,0.17864649012189995,0.0,8.890290037831022
1101559,Teixeirópolis - RO,3707,1647,1578,0,5,0,57,393,0,26,44.42945778257351,42.5681143782034,0.0,0.1348799568384138,10.601564607499325
1101609,Theobroma - RO,7059,3134,2755,25,0,0,150,995,0,0,44.39722340274827,39.02819096189262,0.3541578127213486,0.0,14.095480946309676
1101708,Urupá - RO,9271,4201,4115,12,0,0,240,645,0,58,45.31334268147988,44.38571890842412,0.12943587531010678,0.0,6.957178297918239
1101757,Vale do Anari - RO,6675,2980,3072,16,0,0,141,460,0,6,44.644194756554306,46.02247191011236,0.2397003745318352,0.0,6.891385767790262
1101807,Vale do Paraíso - RO,5685,2817,1956,3,0,0,39,870,0,0,49.55145118733509,34.406332453825854,0.052770448548812667,0.0,15.303430079155673
1200013,Acrelândia - AC,11432,4228,5522,27,6,0,392,1230,27,0,36.98390482855144,48.30300909727082,0.23617914625612316,0.052484254723582924,10.7592722183345
1200054,Assis Brasil - AC,6394,2630,2672,8,0,4,188,889,0,3,41.13231154207069,41.78917735376916,0.12511729746637473,0.0,13.903659680950891
1200104,Brasiléia - AC,21387,9203,8223,23,31,10,970,2927,0,0,43.03081311076822,38.44859026511432,0.10754196474493852,0.1449478655257867,13.685883948192828
1200138,Bujari - AC,10626,3103,5687,54,20,0,315,1443,0,5,29.20195746282703,53.519668737060044,0.5081874647092038,0.18821757952192736,13.579898362507057
1200179,Capixaba - AC,8595,2797,3939,23,0,0,331,1505,0,0,32.54217568353694,45.82897033158813,0.2675974403723095,0.0,17.51018033740547
1200203,Cruzeiro do Sul - AC,75641,34991,33970,227,88,541,1214,4570,0,40,46.25930381671316,44.909506748985336,0.30010179664467684,0.11633902248780423,6.041696963287106
1200252,Epitaciolândia - AC,15403,6765,5861,40,4,13,764,1935,0,21,43.92001558138025,38.05102902032072,0.2596896708433422,0.02596896708433422,12.562487827046679
1200302,Feijó - AC,27742,12845,10941,46,8,1352,612,1852,2,85,46.301636507822074,39.4383966548915,0.16581356787542353,0.028837142239204094,6.675798428375748
1200328,Jordão - AC,6630,4321,1577,74,0,1,256,350,0,50,65.17345399698341,23.78582202111614,1.1161387631975868,0.0,5.279034690799397
1200336,Mâncio Lima - AC,15616,7760,6924,32,5,57,191,554,17,76,49.692622950819676,44.33913934426229,0.20491803278688525,0.03201844262295082,3.5476434426229506
1200344,Manoel Urbano - AC,9489,2856,4953,0,0,16,100,1553,11,0,30.09800822004426,52.19728106228264,0.0,0.0,16.366318895563285
1200351,Marechal Thaumaturgo - AC,13131,7262,5414,35,0,41,241,116,0,23,55.304241870383066,41.23067550072348,0.2665448176071891,0.0,0.8834056812123982
1200385,Plácido de Castro - AC,13637,5530,6147,6,14,0,469,1471,0,0,40.55144093275647,45.07589645816529,0.04399794676248442,0.1026618757791303,10.786829947935763
1200393,Porto Walter - AC,8254,5539,2611,0,0,3,0,101,0,0,67.10685728131814,31.633147564817058,0.0,0.0,1.2236491398110008
1200401,Rio Branco - AC,308725,94191,145478,2835,1279,21,18680,45820,39,382,30.50967689691473,47.12219612924123,0.9182929791885983,0.41428455745404485,14.841687586039356
1200427,Rodrigues Alves - AC,12021,5317,5979,5,12,16,219,474,0,0,44.2309292072207,49.73795857249813,0.04159387738124948,0.09982530571499876,3.9430995757424507
1200435,Santa Rosa do Purus - AC,4809,1496,2294,6,2,354,451,206,0,0,31.10833853191932,47.70222499480141,0.12476606363069245,0.041588687876897484,4.283634851320441
1200450,Senador Guiomard - AC,17912,6781,8568,23,88,0,659,1784,0,9,37.857302367128185,47.83385439928539,0.12840553818669048,0.49129075480125056,9.95980348369808
1200500,Sena Madureira - AC,33912,17932,12523,13,27,5,602,2802,0,9,52.87803727294173,36.9279311158292,0.03833451285680585,0.07961783439490445,8.262561924982307
1200609,Tarauacá - AC,34011,18646,11167,234,10,749,783,2369,0,53,54.82343947546382,32.833495045720504,0.6880127017729558,0.029402252212519478,6.9653935491458645
1200708,Xapuri - AC,15015,7252,6227,24,4,6,262,1240,0,0,48.298368298368295,41.47186147186147,0.15984015984015984,0.02664002664002664,8.258408258408258
1200807,Porto Acre - AC,13729,4883,6923,58,29,0,305,1416,0,115,35.567047854905674,50.426105324495595,0.4224633986452036,0.2112316993226018,10.31393400830359
1300029,Alvarães - AM,12113,6662,4962,5,0,0,95,365,19,6,54.99876166102534,40.96425328159828,0.0412779658218443,0.0,3.013291504994634
1300060,Amaturá - AM,8069,3308,3333,0,6,29,1310,80,0,2,40.99640599826496,41.30623373404387,0.0,0.07435865658693766,0.9914487544925021
1300086,Anamã - AM,7900,4449,3093,0,8,0,89,259,0,0,56.31645569620253,39.151898734177216,0.0,0.10126582278481013,3.278481012658228
1300102,Anori - AM,13702,6515,6666,42,1,0,119,335,0,24,47.547803240402864,48.64983214129324,0.3065245949496424,0.007298204641658152,2.444898554955481
1300144,Apuí - AM,17050,8630,6484,6,0,0,352,1562,16,0,50.6158357771261,38.02932551319648,0.03519061583577713,0.0,9.161290322580646
1300201,Atalaia do Norte - AM,11295,2919,2709,10,11,2102,470,2959,0,115,25.84329349269588,23.98406374501992,0.08853474988933156,0.09738822487826472,26.19743249225321
1300300,Autazes - AM,32546,12317,15857,32,12,10,1033,3146,9,131,37.84489645424937,48.72180913169053,0.09832237448534382,0.036870890432003936,9.666318441590365
1300409,Barcelos - AM,14236,7068,3766,7,13,2918,201,202,0,60,49.648777746558025,26.45406012924979,0.04917111548187693,0.09131778589491431,1.4189379039055914
1300508,Barreirinha - AM,24247,17497,5906,8,8,0,450,343,0,35,72.1615045160226,24.35765249309193,0.0329937724254547,0.0329937724254547,1.4146079927413702
1300607,Benjamin Constant - AM,28471,13276,10545,28,28,152,3470,900,2,71,46.62990411295704,37.03768747146219,0.09834568508306699,0.09834568508306699,3.161111306241439
1300631,Beruri - AM,15746,6495,8139,0,0,32,458,622,0,0,41.24857106566747,51.68931792201194,0.0,0.0,3.9502095770354377
1300680,Boa Vista do Ramos - AM,18773,13997,4292,20,16,0,161,281,6,0,74.55920737228999,22.862621850530015,0.10653598252809887,0.08522878602247909,1.496830554519789
1300706,Boca do Acre - AM,29215,12142,12982,48,14,55,1051,2883,0,39,41.56084203320212,44.43607735752182,0.16429916138969708,0.047920588738661646,9.868218380968681
1300805,Borba - AM,26149,15223,9790,0,18,1,438,639,26,13,58.2163753872041,37.439290221423384,0.0,0.06883628437033922,2.443688095147042
1300839,Caapiranga - AM,10868,4248,5304,0,0,0,243,1070,3,0,39.08722856091277,48.803827751196174,0.0,0.0,9.845417740154582
1300904,Canutama - AM,13894,7789,5354,3,5,11,89,523,103,17,56.06016985749244,38.53461926011228,0.021592054124082338,0.03598675687347056,3.764214768965021
1301001,Carauari - AM,22739,10344,10648,9,1,115,148,1451,13,10,45.49012709441928,46.82703724877963,0.03957957693829984,0.004397730770922204,6.3811073486081185
1301100,Careiro - AM,25083,9765,12543,29,79,0,649,1964,0,54,38.93074991029781,50.00598014591556,0.1156161543674999,0.31495435155284457,7.830004385440338
1301159,Careiro da Várzea - AM,16121,7914,7057,0,0,0,81,1026,6,37,49.09124744122573,43.775200049624715,0.0,0.0,6.364369455989083
1301209,Coari - AM,56060,28653,24405,60,12,25,757,2112,11,26,51.11130931145202,43.53371387798787,0.10702818408847663,0.021405636817695327,3.7673920799143774
1301308,Codajás - AM,18691,9069,8926,10,0,0,120,534,0,31,48.52067840136964,47.7556043015355,0.05350168530308705,0.0,2.8569899951848483
1301407,Eirunepé - AM,26019,16006,8206,13,0,413,291,1041,15,35,61.51658403474384,31.53849110265575,0.04996348822014682,0.0,4.000922402859449
1301506,Envira - AM,13317,7750,4341,102,0,145,299,642,17,22,58.19629045580837,32.597431854021174,0.765938274386123,0.0,4.82090560937148
1301605,Fonte Boa - AM,20114,12138,7322,0,0,29,110,506,0,9,60.3460276424381,36.40250571741076,0.0,0.0,2.5156607338172416
1301654,Guajará - AM,11060,6149,4129,33,5,0,59,684,0,0,55.596745027124776,37.33273056057866,0.298372513562387,0.045207956600361664,6.184448462929476
1301704,Humaitá - AM,46282,30438,12005,39,57,1084,819,1802,28,10,65.76638866081846,25.93880990449851,0.08426602134739207,0.12315803120003457,3.893522319692321
1301803,Ipixuna - AM,18402,12809,3738,8,1,82,241,1454,6,63,69.60656450385828,20.31300945549397,0.04347353548527334,0.005434191935659168,7.90131507444843
1301852,Iranduba - AM,50037,18053,23749,75,222,22,3633,4089,84,111,36.079301317025404,47.4628774706717,0.14988908207926135,0.44367168295461357,8.171952754961328
1301902,Itacoatiara - AM,84965,40135,34966,94,87,27,1933,7532,87,103,47.23709762843524,41.15341611251692,0.11063379038427588,0.10239510386629788,8.864826693344318
1301951,Itamarati - AM,8149,3811,3245,0,9,702,70,265,0,47,46.766474414038534,39.8208369125046,0.0,0.1104429991409989,3.2519327524849673
1302009,Itapiranga - AM,8235,3558,4099,0,7,0,48,523,0,0,43.20582877959927,49.77534911961141,0.0,0.08500303582270795,6.350941105039466
1302108,Japurá - AM,6538,2730,2996,0,0,8,50,716,2,36,41.7558886509636,45.82441113490364,0.0,0.0,10.951361272560415
1302207,Juruá - AM,8409,2872,4153,0,0,242,182,960,0,0,34.15388274467832,49.38756094660483,0.0,0.0,11.416339636104174
1302306,Jutaí - AM,18559,7220,8028,0,35,61,1106,1698,116,296,38.90295813352012,43.256640982811575,0.0,0.18858774718465435,9.149199849129802
1302405,Lábrea - AM,36156,19880,12325,12,2,55,858,2963,10,50,54.98395840247815,34.08839473393074,0.03318951211417192,0.005531585352361987,8.195043699524284
1302504,Manacapuru - AM,82404,30373,42665,106,20,71,2919,6199,37,14,36.858647638464156,51.77539925246347,0.1286345323042571,0.024270666472501336,7.522693073151789
1302553,Manaquiri - AM,13776,5903,6529,0,10,0,328,1001,0,6,42.84988385598142,47.39401858304297,0.0,0.07259001161440186,7.266260162601626
1302603,Manaus - AM,1739754,772057,686969,10898,9276,381,104004,153902,1437,829,44.377365995422345,39.48655959405755,0.6264104005508825,0.5331788287309586,8.846193197429061
1302702,Manicoré - AM,42457,26929,12871,62,23,13,355,2173,11,21,63.42652566125727,30.315377911769556,0.14603010104340863,0.054172456838683845,5.118119509150435
1302801,Maraã - AM,11572,5455,5430,0,0,2,43,597,7,38,47.13964742481853,46.92360871068095,0.0,0.0,5.159004493605254
1302900,Maués - AM,46863,31027,14391,0,17,0,440,898,43,47,66.20788255126645,30.708661417322833,0.0,0.03627595331071421,1.9162238866483152
1303007,Nhamundá - AM,15883,13076,2712,0,0,0,71,23,0,0,82.32701630674306,17.07485991311465,0.0,0.0,0.144808915192344
1303106,Nova Olinda do Norte - AM,20973,11532,8597,0,26,0,390,398,20,9,54.98498068945788,40.990797692271016,0.0,0.12396891241119534,1.8976779669098365
1303205,Novo Airão - AM,12398,4771,5323,42,0,208,453,1582,19,0,38.48201322793999,42.93434424907243,0.3387643168252944,0.0,12.760122600419422
1303304,Novo Aripuanã - AM,19137,10803,6832,0,14,0,181,1213,0,94,56.45085436588807,35.700475518628835,0.0,0.07315671212833777,6.338506557976694
1303403,Parintins - AM,78597,57839,17601,109,180,0,838,1996,11,22,73.58932274768758,22.393984503225315,0.13868213799508888,0.22901637467078897,2.5395371324605267
1303502,Pauini - AM,15049,8411,5412,11,12,51,529,578,0,44,55.890756860920995,35.96252242673932,0.07309455777792544,0.07973951757591867,3.8407867632400823
1303536,Presidente Figueiredo - AM,25068,8575,12421,57,37,369,1429,2124,17,38,34.20695707675124,49.54922610499442,0.2273815222594543,0.1475985319929791,8.472953566299665
1303569,Rio Preto da Eva - AM,20318,6953,10313,0,12,0,670,2353,17,0,34.220887882665615,50.757948616989864,0.0,0.05906093119401516,11.58086425829314
1303601,Santa Isabel do Rio Negro - AM,10535,7172,1771,4,0,1253,67,27,0,241,68.07783578547698,16.81063122923588,0.037968675842429994,0.0,0.2562885619364025
1303700,Santo Antônio do Içá - AM,20874,5757,10588,0,6,30,2766,1631,28,68,27.579764300086232,50.72338794672799,0.0,0.02874389192296637,7.813547954393025
1303809,São Gabriel da Cachoeira - AM,39271,25174,11380,40,35,34,473,836,41,1258,64.10328232028724,28.978126352779405,0.10185633164421583,0.08912429018868885,2.128797331364111
1303908,São Paulo de Olivença - AM,23949,8917,12529,0,0,0,1760,573,42,128,37.23328740239676,52.31533675727588,0.0,0.0,2.3925842415132155
1303957,São Sebastião do Uatumã - AM,9077,3362,4389,0,8,0,214,1104,0,0,37.03866916382064,48.352980059491024,0.0,0.08813484631486174,12.16260879145092
1304005,Silves - AM,9062,5544,3101,0,5,0,66,330,0,16,61.17854778194659,34.2198190244979,0.0,0.055175457956301036,3.6415802251158684
1304062,Tabatinga - AM,51001,20693,22164,56,44,22,4799,2927,288,8,40.57371424089724,43.45797141232525,0.10980176859277269,0.08627281818003568,5.739103154840101
1304104,Tapauá - AM,15516,4719,9418,0,0,400,133,699,80,68,30.413766434648107,60.69863366847125,0.0,0.0,4.505027068832173
1304203,Tefé - AM,57723,24343,28402,73,34,11,1392,3424,7,36,42.1720977773158,49.203956828300676,0.1264660533929283,0.05890199747067893,5.931777627635431
1304237,Tonantins - AM,14281,8191,4418,0,5,0,921,109,0,638,57.3559274560605,30.936208948953155,0.0,0.03501155381275821,0.763251873118129
1304260,Uarini - AM,11255,4859,5304,0,43,0,66,967,0,15,43.17192358951577,47.12572190137717,0.0,0.3820524211461573,8.591737005775212
1304302,Urucará - AM,15286,9615,5047,8,4,0,266,327,15,4,62.90069344498234,33.017139866544554,0.0523354703650399,0.02616773518251995,2.139212351171006
1304401,Urucurituba - AM,19673,12529,5351,0,0,0,114,1643,4,31,63.686270523051896,27.199715345905556,0.0,0.0,8.351547806638541
1400027,Amajari - RR,10010,3154,2634,0,12,2540,257,1402,0,11,31.50849150849151,26.313686313686315,0.0,0.11988011988011989,14.005994005994006
1400050,Alto Alegre - RR,15237,4461,3153,21,7,3588,419,3575,0,12,29.27741681433353,20.693049812955305,0.1378224059854302,0.0459408019951434,23.462623876091094
1400100,Boa Vista - RR,339494,123634,116682,2953,1384,133,32348,61022,472,865,36.417138447218505,34.369385025950386,0.869823914413804,0.40766552575303244,17.974397191113834
1400159,Bonfim - RR,10331,5316,3384,11,44,16,1118,412,4,25,51.456780563353014,32.75578356403059,0.10647565579324364,0.42590262317297456,3.98799728971058
1400175,Cantá - RR,14584,6965,5102,69,48,0,498,1864,0,38,47.75781678551838,34.983543609434996,0.47312122874382884,0.32912781130005486,12.781130005485464
1400209,Caracaraí - RR,16374,6711,6406,21,10,459,370,2354,0,43,40.98570905093441,39.122999877855136,0.1282521069989007,0.061072431904238424,14.376450470257726
1400233,Caroebe - RR,8509,2174,4212,0,6,0,315,1803,0,0,25.54941826301563,49.50052885180397,0.0,0.07051357386296862,21.18932894582207
1400282,Iracema - RR,7926,3098,2672,0,3,673,233,1206,16,25,39.08655059298511,33.71183446883674,0.0,0.03785011355034065,15.215745647236941
1400308,Mucajaí - RR,14464,6465,4480,18,6,187,393,2910,0,6,44.697179203539825,30.97345132743363,0.12444690265486726,0.041482300884955754,20.11891592920354
1400407,Normandia - RR,9616,5117,3364,0,0,383,350,378,25,0,53.213394342762065,34.983361064891845,0.0,0.0,3.930948419301165
1400456,Pacaraima - RR,14171,5031,5740,47,11,15,1170,1497,0,661,35.50208171618093,40.50525721543998,0.33166325594524027,0.07762331522122645,10.563827535106908
1400472,Rorainópolis - RR,26200,9989,10156,79,10,374,586,4997,0,10,38.12595419847328,38.76335877862596,0.3015267175572519,0.03816793893129771,19.072519083969464
1400506,São João da Baliza - RR,7150,2104,2990,22,4,0,264,1745,0,20,29.426573426573427,41.81818181818182,0.3076923076923077,0.055944055944055944,24.405594405594407
1400605,São Luiz do Anauá - RR,5971,2687,1963,0,5,0,284,1023,0,9,45.000837380673254,32.87556523195445,0.0,0.08373806732540613,17.132808574778092
1400704,Uiramutã - RR,8879,5914,1862,5,0,122,924,29,0,23,66.60659984232458,20.970830048428876,0.05631264782070053,0.0,0.3266133573600631
1500107,Abaetetuba - PA,133252,79666,43819,244,171,0,2887,6154,10,301,59.78596944135923,32.884309428751536,0.18311169813586287,0.12832828025095308,4.618317173475821
1500131,Abel Figueiredo - PA,5118,2627,1862,0,0,0,108,521,0,0,51.32864400156311,36.381398983978116,0.0,0.0,10.17975771785854
1500206,Acará - PA,48743,22357,22061,0,31,8,369,3875,0,43,45.86709886547812,45.25983218103112,0.0,0.06359887573600312,7.9498594670003895
1500305,Afuá - PA,29356,21119,7052,0,43,0,49,1088,0,5,71.94100013625835,24.022346368715084,0.0,0.14647772176045784,3.7062270064041423
1500347,Água Azul do Norte - PA,14769,9521,4716,10,22,133,74,270,0,25,64.46611144965807,31.931748933577087,0.06770939129257228,0.14896066084365903,1.8281535648994516
1500404,Alenquer - PA,55369,38349,14150,0,15,10,408,2264,29,143,69.26077769148802,25.555816431577238,0.0,0.027090971482237353,4.088930629052358
1500503,Almeirim - PA,27418,16853,8783,28,19,7,476,1177,0,75,61.466919541906776,32.033700488730034,0.10212269312130717,0.06929754176088701,4.292800350134947
1500602,Altamira - PA,104521,46284,40125,424,444,92,4834,12097,38,183,44.28201031371686,38.389414567407506,0.4056601065814525,0.4247950172692569,11.57375072951847
1500701,Anajás - PA,21074,10783,9574,10,0,0,134,573,0,0,51.16731517509728,45.430388156021635,0.04745183638606814,0.0,2.7189902249217046
1500800,Ananindeua - PA,416516,206690,156317,3321,3198,93,16526,29989,0,383,49.62354387346465,37.52965072170097,0.7973283139183128,0.767797635625042,7.19996350680406
1500859,Anapu - PA,25426,9956,11085,19,55,8,596,3619,0,88,39.15676866199953,43.59710532525761,0.0747266577519075,0.2163140092818375,14.233461810744906
1500909,Augusto Corrêa - PA,36571,25578,8979,9,7,0,803,1196,0,0,69.94066336714883,24.55224084657242,0.024609663394492904,0.019140849306827815,3.2703508244237236
1500958,Aurora do Pará - PA,19547,13501,5486,9,11,2,98,439,0,0,69.06942241776231,28.065687829334426,0.046042871028802376,0.056274620146314014,2.2458689312938045
1501006,Aveiro - PA,14419,8613,4756,0,8,297,348,396,0,0,59.73368472154796,32.98425688327901,0.0,0.05548234967750884,2.7463763090366875
1501105,Bagre - PA,23417,9297,12499,0,0,0,299,1321,0,1,39.70192595123201,53.37575265832515,0.0,0.0,5.641200836998761
1501204,Baião - PA,43025,33718,8133,0,35,4,130,1005,0,0,78.36839047065659,18.902963393375945,0.0,0.08134805345729228,2.335851249273678
1501253,Bannach - PA,3358,1609,1441,7,0,3,78,219,0,0,47.91542584871947,42.912447885646216,0.2084574151280524,0.0,6.521739130434782
1501303,Barcarena - PA,105846,45591,46431,293,170,10,3961,9192,45,153,43.07295504789978,43.86656085255938,0.276817262815789,0.16061069856206187,8.684314948132192
1501402,Belém - PA,1152775,636861,385368,14654,9350,95,39344,65979,214,910,55.24590661664245,33.42959380625013,1.2711934245624688,0.811086291774197,5.723493309622433
1501451,Belterra - PA,14917,8705,5235,4,17,5,202,697,11,41,58.35623784943353,35.09418783937789,0.026815043239257222,0.1139639337668432,4.672521284440571
1501501,Benevides - PA,53849,23522,24364,48,327,11,1379,4143,16,39,43.68140541142825,45.245037048041745,0.08913814555516351,0.6072536165945515,7.693736188230051
1501576,Bom Jesus do Tocantins - PA,15296,6752,5807,0,20,16,250,2433,0,17,44.14225941422594,37.96417364016737,0.0,0.1307531380753138,15.906119246861925
1501600,Bonito - PA,10749,8287,2280,6,19,0,46,106,0,5,77.09554377151363,21.211275467485347,0.055819145967066705,0.17676062889571123,0.9861382454181784
1501709,Bragança - PA,103570,67583,31088,63,135,0,1177,3355,147,21,65.25345177174857,30.016414019503717,0.0608284252196582,0.13034662547069614,3.2393550255865597
1501725,Brasil Novo - PA,20700,10215,8195,7,0,0,166,2087,0,30,49.34782608695652,39.589371980676326,0.033816425120772944,0.0,10.082125603864734
1501758,Brejo Grande do Araguaia - PA,5674,3186,2065,4,4,7,84,247,0,77,56.1508635882975,36.3940782516743,0.07049700387733521,0.07049700387733521,4.3531899894254495
1501782,Breu Branco - PA,37444,15034,15816,69,15,0,466,5942,28,74,40.15062493323363,42.239077021685716,0.18427518427518427,0.04005982266851832,15.86903108642239
1501808,Breves - PA,83168,47196,29920,2,50,19,970,5009,0,3,56.74778761061947,35.97537514428626,0.0024047710657945365,0.06011927664486341,6.022749134282416
1501907,Bujaru - PA,20077,11259,7593,0,0,0,261,928,0,36,56.07909548239279,37.81939532798725,0.0,0.0,4.622204512626388
1501956,Cachoeira do Piriá - PA,16019,9658,5380,0,23,0,55,882,15,6,60.29090455084587,33.585117672763594,0.0,0.14357949934452838,5.505961670516262
1502004,Cachoeira do Arari - PA,19826,10645,7673,0,37,9,562,900,0,0,53.69212145667306,38.701704832038736,0.0,0.1866236255422173,4.539493594270151
1502103,Cametá - PA,111368,77834,27589,78,73,0,884,4888,14,8,69.88901659363552,24.772825228072694,0.07003807197758782,0.0655484519790245,4.389052510595503
1502152,Canaã dos Carajás - PA,62819,24876,28962,132,250,0,2843,5743,12,0,39.59948423247744,46.103885767045,0.21012750919307852,0.3979687674111336,9.14213852496856
1502202,Capanema - PA,60673,41365,15809,85,43,0,1111,2228,0,32,68.17694856031513,26.056071069503734,0.14009526478005044,0.07087172218284904,3.672144116822969
1502301,Capitão Poço - PA,48001,36049,10082,43,39,30,313,1444,0,0,75.10051873919294,21.003729088977313,0.08958146705276973,0.08124830732693068,3.008270661027895
1502400,Castanhal - PA,164944,91969,59358,730,480,16,3913,8301,12,164,55.75771170821612,35.98675914249685,0.44257444951013675,0.2910078572121447,5.032617130662528
1502509,Chaves - PA,16151,10017,5334,0,0,0,255,546,0,0,62.02092749674943,33.02581883474708,0.0,0.0,3.3805956287536376
1502608,Colares - PA,10864,7083,3078,22,42,0,91,549,0,0,65.19698085419735,28.332106038291606,0.2025036818851252,0.3865979381443299,5.053387334315169
1502707,Conceição do Araguaia - PA,38032,21069,13177,45,50,0,534,3064,0,93,55.39808582246529,34.64713925115692,0.11832141354648718,0.13146823727387463,8.056373580143038
1502756,Concórdia do Pará - PA,22068,11225,9314,0,0,0,166,1356,0,7,50.86550661591445,42.20590900851912,0.0,0.0,6.1446438281674824
1502764,Cumaru do Norte - PA,11153,4048,4669,5,5,232,63,2120,0,11,36.295167219582176,41.86317582713171,0.04483098717833767,0.04483098717833767,19.008338563615172
1502772,Curionópolis - PA,16386,7493,6441,6,41,3,199,2203,0,0,45.72806053948493,39.30794580739656,0.03661662394727206,0.25021359697302575,13.444403759306725
1502806,Curralinho - PA,26751,15396,10548,0,29,0,404,375,0,0,57.55298867332063,39.43030167096557,0.0,0.10840716234907107,1.40181675451385
1502855,Curuá - PA,11501,8392,2781,0,0,0,145,167,0,16,72.96756803756195,24.180506042952786,0.0,0.0,1.452047648030606
1502905,Curuçá - PA,35479,22636,10543,74,76,0,808,1109,220,14,63.801121790354856,29.716170128808592,0.20857408607908903,0.21421122354068603,3.1257927224555373
1502939,Dom Eliseu - PA,48461,23624,15637,17,91,0,899,8193,0,1,48.74847815769382,32.26718392109119,0.03507975485441902,0.18777986422071358,16.90637832483853
1502954,Eldorado do Carajás - PA,23181,9118,8867,11,41,0,2286,2850,0,7,39.33393727621759,38.25115396229671,0.04745265519175187,0.17686898753289332,12.294551572408437
1503002,Faro - PA,7144,5428,1446,2,0,0,64,203,0,0,75.97984322508398,20.240761478163495,0.027995520716685332,0.0,2.841545352743561
1503044,Floresta do Araguaia - PA,14964,8199,5979,0,8,12,233,518,0,13,54.79149959903769,39.95589414595028,0.0,0.05346164127238706,3.4616412723870624
1503077,Garrafão do Norte - PA,20636,16304,3825,0,0,0,201,178,0,128,79.00755960457452,18.535568908703237,0.0,0.0,0.8625702655553402
1503093,Goianésia do Pará - PA,21860,10502,9175,0,0,0,691,1437,0,55,48.04208600182982,41.97163769441903,0.0,0.0,6.573650503202196
1503101,Gurupá - PA,25110,18255,6245,0,1,0,227,304,0,78,72.70011947431303,24.870569494225407,0.0,0.00398247710075667,1.210673038630028
1503200,Igarapé-Açu - PA,30595,21080,8064,32,26,0,287,1069,9,26,68.90014708285668,26.357247916326198,0.10459225363621506,0.08498120607942475,3.4940349730348097
1503309,Igarapé-Miri - PA,54008,22751,24368,0,56,0,666,6111,0,56,42.12524070508073,45.11924159383795,0.0,0.10368834246778255,11.314990371796771
1503408,Inhangapi - PA,8622,5340,2615,20,0,0,114,534,0,0,61.93458594293667,30.329389932730226,0.2319647413593134,0.0,6.193458594293667
1503457,Ipixuna do Pará - PA,24375,14656,8074,0,0,0,162,1469,0,14,60.12717948717949,33.124102564102564,0.0,0.0,6.026666666666666
1503507,Irituia - PA,26193,16136,8442,9,12,0,353,1110,12,117,61.604245409078764,32.22998511052571,0.03436032527774596,0.045813767036994614,4.237773450922002
1503606,Itaituba - PA,101553,49078,33755,158,311,6,1942,16272,11,20,48.32747432375213,33.23880141403996,0.1555837838370112,0.30624403021082586,16.023160320226875
1503705,Itupiranga - PA,41276,26140,12271,0,74,17,538,2218,0,18,63.329780017443554,29.72914042058339,0.0,0.1792809380753949,5.373582711503053
1503754,Jacareacanga - PA,17623,8741,6781,0,24,388,395,1279,0,15,49.59995460477785,38.47812517732509,0.0,0.13618566645860522,7.257561141689838
1503804,Jacundá - PA,31666,16665,11174,55,44,0,466,3193,0,69,52.62742373523653,35.28705867491947,0.17368786711299186,0.1389502936903935,10.083370176214236
1503903,Juruti - PA,40357,23928,14625,55,0,0,835,830,0,84,59.29082934806849,36.23906633297817,0.1362836682607726,0.0,2.056644448298932
1504000,Limoeiro do Ajuru - PA,24082,11760,9999,0,24,0,643,1656,0,0,48.83315339257537,41.52063782077901,0.0,0.09965949671954157,6.876505273648368
1504059,Mãe do Rio - PA,28875,19191,7920,12,21,0,262,1468,0,0,66.46233766233766,27.428571428571427,0.04155844155844156,0.07272727272727272,5.083982683982684
1504109,Magalhães Barata - PA,6922,4390,2247,0,0,0,30,255,0,0,63.42097659635943,32.46171626697486,0.0,0.0,3.683906385437735
1504208,Marabá - PA,222441,103384,81830,603,480,39,7264,28256,160,425,46.47704335082112,36.78728291996529,0.2710831186696697,0.21578755714998585,12.702694197562499
1504307,Maracanã - PA,22251,12490,8189,19,25,0,89,1427,0,11,56.132308660284934,36.80284032178329,0.08538942070019324,0.1123545009213069,6.413194912588199
1504406,Marapanim - PA,22746,14742,6806,10,18,0,359,782,29,0,64.81139541018202,29.92174448254638,0.04396377385034731,0.07913479293062517,3.43796711509716
1504422,Marituba - PA,95372,46693,38889,114,761,5,2233,6534,0,142,48.95881390764585,40.77611877699954,0.11953193809503837,0.7979281130730194,6.8510673992366735
1504455,Medicilândia - PA,22415,10686,9700,0,0,0,377,1651,0,0,47.67343296899398,43.2745929065358,0.0,0.0,7.365603390586661
1504505,Melgaço - PA,20989,9411,9629,0,0,0,98,1851,0,0,44.837772166372865,45.87641145361856,0.0,0.0,8.818905140788031
1504604,Mocajuba - PA,22659,12557,9061,9,10,0,131,890,1,0,55.417273489562646,39.988525530694204,0.03971931682775056,0.04413257425305618,3.927799108522
1504703,Moju - PA,68560,26157,29486,0,222,19,870,11632,0,175,38.15198366394399,43.0075845974329,0.0,0.32380396732788796,16.966161026837806
1504752,Mojuí dos Campos - PA,19628,12253,6248,0,50,0,264,812,0,0,62.42612594253108,31.832076625229263,0.0,0.2547381292031791,4.136947218259629
1504802,Monte Alegre - PA,50017,30166,17077,14,68,0,873,1819,0,0,60.311494092008715,34.14239158686047,0.027990483235699862,0.13595377571625647,3.636763500409861
1504901,Muaná - PA,36397,23196,11566,0,10,0,1246,379,0,0,63.73052724125615,31.77734428661703,0.0,0.027474791878451522,1.0412946121933127
1504950,Nova Esperança do Piriá - PA,16591,9178,7111,0,0,0,9,293,0,0,55.319148936170215,42.860587065276356,0.0,0.0,1.766017720450847
1504976,Nova Ipixuna - PA,11652,6682,4200,30,5,0,115,606,0,15,57.346378304153795,36.04531410916581,0.25746652935118436,0.04291108822519739,5.200823892893924
1505007,Nova Timboteua - PA,11230,8678,2199,4,10,0,108,224,0,7,77.27515583259127,19.581478183437223,0.03561887800534283,0.08904719501335707,1.9946571682991985
1505031,Novo Progresso - PA,27540,16856,7636,36,47,11,815,2088,0,51,61.20551924473493,27.726942628903412,0.13071895424836602,0.17066085693536673,7.5816993464052285
1505064,Novo Repartimento - PA,49795,22795,20754,9,83,5,1634,4461,38,16,45.77768852294407,41.678883422030324,0.01807410382568531,0.16668340194798675,8.958730796264685
1505106,Óbidos - PA,42892,29045,11021,22,71,250,751,1662,28,42,67.71659050638814,25.694768255152475,0.05129161615219621,0.16553203394572413,3.874848456588641
1505205,Oeiras do Pará - PA,27216,16783,9503,0,21,0,235,674,0,0,61.665931804820694,34.91696061140505,0.0,0.07716049382716049,2.4764844209288652
1505304,Oriximiná - PA,55062,32274,17319,63,157,0,1056,4180,0,13,58.61392611964694,31.453634085213032,0.11441647597254005,0.2851331226617268,7.59144237405107
1505403,Ourém - PA,15153,11306,3340,37,2,0,51,417,0,0,74.61228799577641,22.04183989968983,0.24417607074506698,0.013198706526760378,2.7519303108295388
1505437,Ourilândia do Norte - PA,26445,10134,12187,25,54,168,1173,2423,0,280,38.321043675553035,46.08432595953867,0.09453582907922102,0.2041973908111174,9.162412554358102
1505486,Pacajá - PA,33389,16320,14108,0,53,0,913,1995,0,0,48.878373116894785,42.25343676060978,0.0,0.158734912695798,5.975021713738057
1505494,Palestina do Pará - PA,5738,3132,1732,7,0,0,48,817,0,2,54.58347856395957,30.184733356570234,0.12199372603694666,0.0,14.23841059602649
1505502,Paragominas - PA,88112,37833,35661,158,105,90,1724,11591,439,511,42.937397857272565,40.47235336844017,0.17931723261303795,0.1191665153441075,13.154848374795714
1505536,Parauapebas - PA,220522,85424,95907,991,356,165,9790,27572,135,184,38.73717815002585,43.4908988672332,0.44938826965110057,0.16143514025811484,12.503060919091972
1505551,Pau D'Arco - PA,5770,3008,2137,3,0,0,109,513,0,0,52.1317157712305,37.03639514731369,0.05199306759098787,0.0,8.890814558058926
1505601,Peixe-Boi - PA,7220,5562,1473,12,0,0,46,126,0,0,77.03601108033241,20.401662049861496,0.16620498614958448,0.0,1.745152354570637
1505635,Piçarra - PA,10582,6603,2822,15,6,0,284,797,0,55,62.3984123984124,26.667926667926668,0.14175014175014175,0.0567000567000567,7.531657531657531
1505650,Placas - PA,15413,7285,5889,13,0,0,261,1966,0,0,47.26529552974762,38.2080062285084,0.08434438461039383,0.0,12.755466164925712
1505700,Ponta de Pedras - PA,20906,10514,9042,9,10,0,346,986,0,0,50.29178226346503,43.25074141394815,0.04304984215057878,0.04783315794508754,4.716349373385631
1505809,Portel - PA,48429,25309,19486,0,29,0,263,3331,0,10,52.260009498441015,40.23622209832951,0.0,0.05988147597513886,6.878110223213364
1505908,Porto de Moz - PA,32103,21687,8767,0,0,0,1181,462,0,6,67.55443416503131,27.30897423916768,0.0,0.0,1.4391178394542565
1506005,Prainha - PA,28362,18039,9350,0,21,0,416,501,14,21,63.602707848529725,32.96664551160003,0.0,0.07404273323460969,1.7664480643114027
1506104,Primavera - PA,9215,7023,1877,0,19,0,136,159,0,0,76.21269669017906,20.368963646228973,0.0,0.20618556701030927,1.7254476397178513
1506112,Quatipuru - PA,9795,6715,2310,16,4,0,301,435,0,16,68.55538540071466,23.583460949464012,0.1633486472690148,0.0408371618172537,4.44104134762634
1506138,Redenção - PA,71609,31776,29203,413,59,0,2037,8042,25,54,44.37431049169797,40.78118672233937,0.576743146811155,0.0823918781158793,11.230431928947478
1506161,Rio Maria - PA,15654,8409,5716,31,14,0,356,1123,0,6,53.71789957838252,36.514628848856525,0.19803245176951578,0.08943401047655551,7.173885268940846
1506187,Rondon do Pará - PA,46780,19233,21804,33,29,52,1295,4311,0,24,41.113723813595556,46.609662248824286,0.0705429670799487,0.061992304403591277,9.215476699444206
1506195,Rurópolis - PA,29017,14994,9455,0,0,0,743,3707,8,111,51.673157114794776,32.584347106868385,0.0,0.0,12.775269669504084
1506203,Salinópolis - PA,38124,23657,10739,43,81,0,2182,1423,0,0,62.05277515475816,28.168607701185604,0.11278984366803063,0.21246458923512748,3.732556919525758
1506302,Salvaterra - PA,20282,12062,6400,28,71,0,456,1265,0,0,59.4714525194754,31.55507346415541,0.1380534464056799,0.3500640962429741,6.237057489399468
1506351,Santa Bárbara do Pará - PA,17899,7035,8601,22,29,0,370,1803,0,39,39.30387172467736,48.0529638527292,0.12291189451924689,0.16202022459355273,10.073188446281915
1506401,Santa Cruz do Arari - PA,6308,3730,2256,0,16,0,17,288,0,0,59.13126188966392,35.76410906785035,0.0,0.2536461636017755,4.56563094483196
1506500,Santa Izabel do Pará - PA,62798,27555,25990,147,613,0,1301,7070,9,112,43.87878594859709,41.38666836523456,0.23408388802191152,0.9761457371253861,11.258320328672887
1506559,Santa Luzia do Pará - PA,17220,13828,3124,0,0,3,97,163,0,6,80.30197444831592,18.141695702671313,0.0,0.0,0.9465737514518002
1506583,Santa Maria das Barreiras - PA,13779,7125,5382,0,57,0,345,871,0,0,51.709122577835835,39.059438275636836,0.0,0.4136729806226867,6.3212134407431595
1506609,Santa Maria do Pará - PA,21129,14850,5676,13,8,0,127,449,6,0,70.28255004969473,26.863552463438875,0.06152681149131525,0.03786265322542477,2.1250414122769654
1506708,Santana do Araguaia - PA,26601,12904,11174,21,22,0,394,2061,0,25,48.50945453178452,42.005939626329834,0.07894440058644411,0.08270365775722717,7.7478290289838725
1506807,Santarém - PA,276841,169987,83818,531,860,2,7857,13347,141,297,61.40239343160876,30.276584754425826,0.19180684941898057,0.3106476280608725,4.821178943870308
1506906,Santarém Novo - PA,5202,3482,1412,6,0,0,32,271,0,0,66.93579392541331,27.14340638216071,0.11534025374855825,0.0,5.209534794309881
1507003,Santo Antônio do Tauá - PA,23187,10794,10386,11,51,0,239,1700,0,6,46.551947211799714,44.792340535644975,0.04744037607279941,0.21995083451934275,7.331694483978091
1507102,São Caetano de Odivelas - PA,14255,9953,3624,11,17,0,173,478,0,0,69.82111539810593,25.422658716239916,0.07716590669940372,0.11925640126271483,3.3532094002104524
1507151,São Domingos do Araguaia - PA,17639,10373,5573,45,22,0,206,1421,0,0,58.8071886161347,31.594761607800894,0.25511650320312945,0.12472362378819661,8.056012245592154
1507201,São Domingos do Capim - PA,25267,18014,6544,26,15,0,110,558,0,0,71.29457395021174,25.89939446709146,0.10290101713697708,0.05936597142517909,2.208414137016662
1507300,São Félix do Xingu - PA,54337,25691,20787,93,166,29,1699,5857,0,15,47.28085834698272,38.25570053554668,0.17115409389550398,0.3055008557704695,10.779027182214698
1507409,São Francisco do Pará - PA,12792,7323,4518,5,14,22,124,780,0,4,57.24671669793621,35.31894934333959,0.03908692933083177,0.10944340212632896,6.097560975609756
1507458,São Geraldo do Araguaia - PA,19984,10669,7981,0,7,10,223,1095,0,0,53.38771016813451,39.936949559647715,0.0,0.035028022417934346,5.479383506805444
1507466,São João da Ponta - PA,3744,2152,1256,5,27,2,14,288,0,0,57.47863247863248,33.547008547008545,0.13354700854700854,0.7211538461538461,7.6923076923076925
1507474,São João de Pirabas - PA,17512,11240,4712,46,41,0,578,866,0,30,64.18455915943353,26.907263590680675,0.2626770214709913,0.23412517131110097,4.94518044769301
1507508,São João do Araguaia - PA,11261,5807,4447,17,5,0,90,885,0,9,51.56735636266762,39.49027617440725,0.1509635023532546,0.04440103010389841,7.858982328390018
1507607,São Miguel do Guamá - PA,44102,30054,12615,38,48,0,254,1071,0,24,68.14656931658428,28.604144936737562,0.0861638927939776,0.1088386014239717,2.4284612942723687
1507706,São Sebastião da Boa Vista - PA,20815,10228,9404,0,19,0,508,656,0,0,49.13764112418929,45.17895748258467,0.0,0.09128032668748498,3.151573384578429
1507755,Sapucaia - PA,4826,2594,1559,0,7,0,24,643,0,0,53.750518027351845,32.304185661002904,0.0,0.14504765851636967,13.323663489432242
1507805,Senador José Porfírio - PA,18184,9535,7493,19,57,9,146,915,0,11,52.43620765508139,41.20655521337439,0.10448746150461945,0.3134623845138583,5.031896172459305
1507904,Soure - PA,20464,12632,5670,23,112,20,1651,357,0,0,61.72791243158718,27.70719311962471,0.11239249413604378,0.547302580140735,1.7445269741985927
1507953,Tailândia - PA,58582,26537,22925,74,34,8,806,8160,0,39,45.29889727219965,39.133180840531224,0.12631866443617493,0.05803830528148578,13.929193267556588
1507961,Terra Alta - PA,8776,4736,3333,0,4,0,132,571,0,0,53.96536007292616,37.978577939835915,0.0,0.04557885141294439,6.506381039197812
1507979,Terra Santa - PA,15330,10080,4749,0,10,0,140,337,0,15,65.75342465753425,30.978473581213308,0.0,0.06523157208088715,2.198303979125897
1508001,Tomé-Açu - PA,54778,23860,24139,11,88,20,962,5638,0,60,43.55763262623681,44.06696118879842,0.02008105443791303,0.16064843550330424,10.292453174632152
1508035,Tracuateua - PA,24083,17357,5724,0,18,0,303,664,16,0,72.07158576589295,23.767803014574596,0.0,0.07474151891375659,2.7571315865963544
1508050,Trairão - PA,12423,6411,4532,0,17,33,235,1196,0,0,51.60589229654673,36.48072124285599,0.0,0.1368429525879417,9.627304193834018
1508084,Tucumã - PA,32791,15296,13714,228,83,0,802,2609,0,60,46.646945808301055,41.822451282364064,0.6953127382513494,0.25311823366167546,7.956451465341099
1508100,Tucuruí - PA,76580,35992,31342,254,97,123,2002,6650,30,90,46.999216505615045,40.92713502219901,0.33167928963175763,0.12666492556803344,8.683729433272395
1508126,Ulianópolis - PA,31788,15080,13028,0,14,0,333,3315,0,18,47.43928526487983,40.984019126714486,0.0,0.04404177677110859,10.428463571158927
1508159,Uruará - PA,35852,17581,14064,0,38,0,437,3693,16,25,49.037710587972775,39.22793707464019,0.0,0.10599129755662166,10.3006805757001
1508209,Vigia - PA,43519,30267,11480,31,272,0,269,1110,0,90,69.54893265010685,26.379282612192377,0.07123325444058917,0.625014361543234,2.5506100783565797
1508308,Viseu - PA,47880,34407,12460,21,24,0,146,771,0,51,71.8609022556391,26.023391812865498,0.043859649122807015,0.05012531328320802,1.6102756892230576
1508357,Vitória do Xingu - PA,12774,7096,4557,0,10,2,259,851,0,0,55.55033662126194,35.674025364020665,0.0,0.07828401440425865,6.661969625802411
1508407,Xinguara - PA,44171,20247,18659,55,10,0,1050,4058,79,12,45.837766860609904,42.242647891150305,0.12451608521428087,0.022639288220778337,9.187023159991849
1600055,Serra do Navio - AP,3774,1585,1713,0,0,0,55,421,0,0,41.99788023317435,45.389507154213035,0.0,0.0,11.155272919978803
1600105,Amapá - AP,6314,4253,1714,23,3,0,114,199,0,8,67.35825150459297,27.14602470700032,0.3642698764649984,0.04751346214760849,3.1517263224580296
1600154,Pedra Branca do Amapari - AP,9523,3274,3757,5,16,879,163,1428,0,0,34.37992229339494,39.45185340753964,0.052504462879344745,0.1680142812139032,14.99527459834086
1600204,Calçoene - AP,8412,4218,2798,4,48,0,117,1226,0,0,50.14265335235378,33.26200665715644,0.0475511174512601,0.5706134094151213,14.574417498811222
1600212,Cutias - AP,3481,1687,1739,0,0,0,14,34,0,7,48.463085320310256,49.956908934214304,0.0,0.0,0.9767308244757253
1600238,Ferreira Gomes - AP,5272,2345,2581,0,0,0,188,158,0,0,44.480273141122915,48.95675265553869,0.0,0.0,2.9969650986342944
1600253,Itaubal - AP,4327,2071,1651,3,6,0,298,292,0,4,47.862260226484864,38.15576611971343,0.06933210076265311,0.13866420152530623,6.748324474231569
1600279,Laranjal do Jari - AP,28781,13872,10624,27,115,61,923,3123,0,35,48.19846426461902,36.91324137451791,0.09381188978840208,0.39956916020986066,10.850908585525174
1600303,Macapá - AP,367434,194259,124601,2740,2527,0,13983,26190,2590,544,52.869086693120394,33.91112417468171,0.7457121551081283,0.6877425605687008,7.1278107088619995
1600402,Mazagão - AP,17199,10033,6366,0,50,0,302,447,0,0,58.33478690621548,37.013779870922725,0.0,0.29071457642886217,2.5989883132740275
1600501,Oiapoque - AP,21628,7461,9946,29,29,23,676,3332,132,0,34.49694840022193,45.98668392824117,0.13408544479378584,0.13408544479378584,15.405955243203255
1600535,Porto Grande - AP,14264,6116,5699,27,16,0,173,2199,0,34,42.8771733034212,39.95372966909703,0.1892877173303421,0.11217049915872125,15.416432978126753
1600550,Pracuúba - AP,2935,1085,1663,0,3,0,15,153,17,0,36.96763202725724,56.66098807495741,0.0,0.10221465076660988,5.212947189097104
1600600,Santana - AP,88588,45949,35569,222,42,0,1993,4803,0,9,51.8681988531178,40.15103625773242,0.2505982751614214,0.04741048448999865,5.421727547749131
1600709,Tartarugalzinho - AP,9975,4090,4579,5,25,0,279,986,0,10,41.00250626566416,45.904761904761905,0.05012531328320802,0.2506265664160401,9.884711779448622
1600808,Vitória do Jari - AP,8903,4345,3498,0,0,0,192,850,0,18,48.80377400876109,39.29012692350893,0.0,0.0,9.547343592047625
1700251,Abreulândia - TO,2185,1454,626,0,0,2,27,67,0,9,66.54462242562929,28.64988558352403,0.0,0.0,3.066361556064073
1700301,Aguiarnópolis - TO,3779,2415,1298,4,0,0,14,48,0,0,63.90579518391109,34.34771103466525,0.10584810796507012,0.0,1.2701772955808415
1700350,Aliança do Tocantins - TO,4459,3020,933,19,0,0,62,420,5,0,67.72819017716976,20.923973985198476,0.4261045077371608,0.0,9.419152276295133
1700400,Almas - TO,5440,3178,1533,32,0,0,64,630,0,3,58.419117647058826,28.18014705882353,0.5882352941176471,0.0,11.580882352941176
1700707,Alvorada - TO,7554,5098,2067,56,0,0,94,216,0,23,67.48742388138734,27.362986497220017,0.7413290971670639,0.0,2.8594122319301034
1701002,Ananás - TO,8731,6201,2320,6,0,0,83,121,0,0,71.02279234910091,26.571984881456878,0.06872065055549192,0.0,1.3858664528690872
1701051,Angico - TO,2450,1751,581,0,0,0,13,104,0,0,71.46938775510205,23.714285714285715,0.0,0.0,4.244897959183674
1701101,Aparecida do Rio Negro - TO,4115,2379,1208,2,13,0,45,467,0,0,57.81287970838396,29.356014580801943,0.04860267314702309,0.3159173754556501,11.34872417982989
1701309,Aragominas - TO,4572,2787,1408,3,4,0,118,250,0,0,60.958005249343834,30.79615048118985,0.06561679790026247,0.08748906386701662,5.468066491688539
1701903,Araguacema - TO,4998,2788,1985,7,0,0,81,134,3,0,55.78231292517007,39.715886354541816,0.1400560224089636,0.0,2.681072428971589
1702000,Araguaçu - TO,7028,3735,2855,7,5,0,143,261,0,23,53.14456459874786,40.62322140011383,0.099601593625498,0.07114399544678429,3.71371656232214
1702109,Araguaína - TO,145203,78344,49356,1171,145,12,5252,10856,18,49,53.954808096251455,33.99103324311481,0.8064571668629436,0.09986019572598362,7.476429550353643
1702158,Araguanã - TO,3572,2211,1245,6,0,0,8,102,0,0,61.89809630459126,34.85442329227324,0.167973124300112,0.0,2.855543113101904
1702208,Araguatins - TO,26904,15839,8234,27,25,0,730,2030,0,19,58.87228664882545,30.60511448111805,0.10035682426404996,0.09292298542967588,7.545346416889682
1702307,Arapoema - TO,4742,3003,1267,3,14,0,172,283,0,0,63.327709827077186,26.71868409953606,0.06326444538169548,0.2952340784479123,5.967946014339941
1702406,Arraias - TO,8854,7053,1395,75,11,0,76,214,29,0,79.65891122656427,15.755590693471877,0.84707476846623,0.1242376327083804,2.4169866726903093
1702554,Augustinópolis - TO,14629,9780,3513,22,16,0,365,922,0,11,66.8535101510698,24.013944903957892,0.15038621915373573,0.10937179574817144,6.302549729988379
1702703,Aurora do Tocantins - TO,2959,2060,651,11,6,0,47,183,0,0,69.61811422777966,22.00067590402163,0.37174721189591076,0.2027712064886786,6.184521797904697
1702901,Axixá do Tocantins - TO,8332,5831,2096,4,0,0,98,292,0,12,69.98319731156985,25.156024963994238,0.04800768122899664,0.0,3.5045607297167547
1703008,Babaçulândia - TO,6816,4734,1557,18,0,0,146,343,5,14,69.45422535211267,22.843309859154928,0.2640845070422535,0.0,5.032276995305164
1703057,Bandeirantes do Tocantins - TO,2865,1884,805,0,0,0,33,143,0,0,65.75916230366492,28.097731239092496,0.0,0.0,4.991273996509599
1703073,Barra do Ouro - TO,3711,2376,985,8,0,0,47,272,0,22,64.02586903799515,26.542710859606576,0.2155753166262463,0.0,7.329560765292374
1703107,Barrolândia - TO,4202,2572,1253,18,0,0,146,213,0,0,61.20894811994288,29.819133745835316,0.42836744407425037,0.0,5.069014754878629
1703206,Bernardo Sayão - TO,3603,2044,1156,2,0,0,7,394,0,0,56.730502359145156,32.08437413266722,0.055509297807382736,0.0,10.935331668054399
1703305,Bom Jesus do Tocantins - TO,3294,2248,754,0,0,0,51,242,0,0,68.24529447480268,22.89010321797207,0.0,0.0,7.346690953248331
1703602,Brasilândia do Tocantins - TO,1687,993,557,0,0,0,37,100,0,0,58.86188500296384,33.01719027860107,0.0,0.0,5.927682276229994
1703701,Brejinho de Nazaré - TO,4058,2319,1548,10,0,0,54,128,0,0,57.14637752587482,38.14687037949729,0.2464268112370626,0.0,3.1542631838344013
1703800,Buriti do Tocantins - TO,8567,6251,1841,0,21,0,76,378,0,0,72.96603245009922,21.489436208707833,0.0,0.2451266487685304,4.412279677833547
1703826,Cachoeirinha - TO,1649,1018,600,0,0,21,5,0,0,5,61.73438447543966,36.38568829593693,0.0,0.0,0.0
1703842,Campos Lindos - TO,6902,4636,1285,0,0,0,661,316,0,4,67.16893654013329,18.61779194436395,0.0,0.0,4.578383077368879
1703867,Cariri do Tocantins - TO,3461,2095,1192,0,5,0,31,138,0,0,60.53163825483964,34.44091303091592,0.0,0.1444669170759896,3.987286911297313
1703883,Carmolândia - TO,1850,1233,495,4,0,0,4,114,0,0,66.64864864864865,26.756756756756758,0.21621621621621623,0.0,6.162162162162162
1703891,Carrasco Bonito - TO,2739,2073,478,0,0,0,2,186,0,0,75.68455640744797,17.451624680540345,0.0,0.0,6.790799561883899
1703909,Caseara - TO,4060,2166,1354,12,6,0,345,177,0,0,53.34975369458128,33.34975369458128,0.2955665024630542,0.1477832512315271,4.359605911330049
1704105,Centenário - TO,1847,1462,352,7,0,0,8,19,0,0,79.1553871142393,19.05793178126692,0.3789929615592853,0.0,1.028695181375203
1704600,Chapada de Areia - TO,1283,730,407,0,0,0,105,42,0,0,56.897895557287605,31.72252533125487,0.0,0.0,3.273577552611068
1705102,Chapada da Natividade - TO,2631,2062,493,9,0,0,6,60,0,0,78.37324211326492,18.738122386925124,0.34207525655644244,0.0,2.280501710376283
1705508,Colinas do Tocantins - TO,28841,16012,9718,33,58,0,630,2350,0,40,55.518185915883635,33.695086855518184,0.11442044311917063,0.20110259699733019,8.148122464546999
1705557,Combinado - TO,4110,2764,1072,8,0,0,72,195,0,0,67.25060827250608,26.08272506082725,0.19464720194647203,0.0,4.744525547445256
1705607,Conceição do Tocantins - TO,3279,2551,645,0,11,0,7,61,0,4,77.79810917962793,19.670631290027448,0.0,0.3354681305275999,1.8603232692894176
1706001,Couto Magalhães - TO,4476,2855,1377,9,0,0,87,147,0,0,63.7846291331546,30.76407506702413,0.20107238605898123,0.0,3.284182305630027
1706100,Cristalândia - TO,5551,4001,1129,10,0,0,110,286,15,0,72.0771032246442,20.338677715726895,0.18014772113132768,0.0,5.152224824355972
1706258,Crixás do Tocantins - TO,1257,850,343,2,0,0,6,56,0,0,67.62132060461416,27.287191726332537,0.15910898965791567,0.0,4.455051710421639
1706506,Darcinópolis - TO,4877,3315,1385,0,0,0,10,168,0,0,67.97211400451097,28.39860570022555,0.0,0.0,3.444740619233135
1707009,Dianópolis - TO,14930,10990,3305,171,31,0,203,231,0,0,73.61018084393838,22.13663764233088,1.145344943067649,0.20763563295378432,1.5472203616878768
1707108,Divinópolis do Tocantins - TO,6014,3628,1639,5,3,0,175,563,0,0,60.325906218822745,27.253076155636847,0.08313934153641503,0.04988360492184902,9.361489857000333
1707207,Dois Irmãos do Tocantins - TO,5473,3933,1194,26,0,0,34,286,0,0,71.86186734880322,21.816188562031794,0.4750593824228028,0.0,5.225653206650831
1707306,Dueré - TO,3672,2370,957,0,0,0,37,299,0,8,64.54248366013071,26.062091503267975,0.0,0.0,8.142701525054466
1707405,Esperantina - TO,6254,3656,1805,0,3,0,92,698,0,0,58.45858650463703,28.861528621682123,0.0,0.04796929964822513,11.160857051487048
1707553,Fátima - TO,2964,1866,995,0,0,0,39,64,0,0,62.955465587044536,33.56950067476383,0.0,0.0,2.1592442645074224
1707652,Figueirópolis - TO,4531,2950,1155,10,0,0,50,343,23,0,65.10704038843522,25.49106157581108,0.22070183182520414,0.0,7.570072831604502
1707702,Filadélfia - TO,6582,4935,1257,11,4,0,61,314,0,0,74.97721057429352,19.0975387420237,0.1671224551807961,0.060771801883925856,4.77058644788818
1708205,Formoso do Araguaia - TO,16104,8295,5350,49,5,27,292,2063,7,16,51.508941877794335,33.22155986090412,0.3042722305017387,0.031048186785891704,12.810481867858917
1708254,Tabocão - TO,2893,1642,1003,13,0,0,47,188,0,0,56.757690978223295,34.669892844797786,0.4493605254061528,0.0,6.498444521258209
1708304,Goianorte - TO,4095,2475,1324,11,0,0,95,190,0,0,60.43956043956044,32.33211233211233,0.2686202686202686,0.0,4.63980463980464
1709005,Goiatins - TO,9930,4988,2410,21,0,961,225,1313,0,12,50.23162134944612,24.269889224572005,0.21148036253776434,0.0,13.22255790533736
1709302,Guaraí - TO,21414,11996,6967,101,20,0,774,1460,0,96,56.019426543382835,32.53479032408705,0.47165405809283645,0.09339684318670029,6.817969552629121
1709500,Gurupi - TO,73346,39967,25956,598,126,0,1801,4747,59,92,54.491042456303,35.38843290704333,0.815313718539525,0.1717885092574919,6.472063916232651
1709807,Ipueiras - TO,1374,1019,287,4,0,0,22,42,0,0,74.16302765647744,20.88791848617176,0.29112081513828236,0.0,3.056768558951965
1710508,Itacajá - TO,5631,3507,1028,0,0,735,58,302,0,0,62.28023441662227,18.256082400994494,0.0,0.0,5.363168176167643
1710706,Itaguatins - TO,4411,3205,979,21,3,3,29,171,0,0,72.65926093856268,22.194513715710723,0.4760825209703015,0.06801178871004307,3.8766719564724554
1710904,Itapiratins - TO,3046,2217,707,0,4,0,17,101,0,0,72.78397898883782,23.210768220617204,0.0,0.1313197636244255,3.315824031516743
1711100,Itaporã do Tocantins - TO,2068,1278,693,4,0,0,17,75,0,0,61.79883945841393,33.51063829787234,0.19342359767891681,0.0,3.6266924564796907
1711506,Jaú do Tocantins - TO,2907,1888,811,2,0,0,73,132,0,0,64.94668042655658,27.898176814585483,0.06879944960440317,0.0,4.540763673890609
1711803,Juarina - TO,1881,1261,586,0,0,0,2,31,0,0,67.0388091440723,31.15364167995747,0.0,0.0,1.648059542796385
1711902,Lagoa da Confusão - TO,12453,6834,4254,9,4,582,113,658,0,0,54.87834256805589,34.16044326668273,0.07227174174897615,0.032120774110656065,5.283867341202923
1711951,Lagoa do Tocantins - TO,2861,2197,517,0,0,0,16,130,0,0,76.79133170220203,18.070604683677036,0.0,0.0,4.543865781195386
1712009,Lajeado - TO,2825,1621,993,4,0,0,53,129,0,25,57.38053097345133,35.150442477876105,0.1415929203539823,0.0,4.566371681415929
1712157,Lavandeira - TO,1392,969,289,0,0,0,35,99,0,0,69.61206896551724,20.761494252873565,0.0,0.0,7.112068965517241
1712405,Lizarda - TO,2536,2258,252,0,4,0,22,0,0,0,89.03785488958991,9.936908517350158,0.0,0.15772870662460567,0.0
1712454,Luzinópolis - TO,2299,1498,662,0,0,0,26,109,0,3,65.15876468029577,28.79512831665942,0.0,0.0,4.741191822531535
1712504,Marianópolis do Tocantins - TO,3916,2712,992,3,11,0,17,180,0,0,69.25434116445352,25.33197139938713,0.07660878447395301,0.2808988764044944,4.59652706843718
1712702,Mateiros - TO,2307,1601,542,7,0,0,0,129,17,11,69.3974859124404,23.493714781100998,0.3034243606415258,0.0,5.591677503250975
1712801,Maurilândia do Tocantins - TO,2562,1580,656,4,6,129,23,157,4,4,61.67056986729118,25.604996096799375,0.156128024980484,0.234192037470726,6.128024980483997
1713205,Miracema do Tocantins - TO,15953,9274,4482,78,12,0,608,1467,0,33,58.13326647025638,28.09502914812261,0.4889362502350655,0.07522096157462546,9.195762552497962
1713304,Miranorte - TO,10954,6823,3113,9,8,0,179,822,0,0,62.28774876757349,28.418842431988313,0.08216176739090743,0.07303268212525105,7.504108088369545
1713601,Monte do Carmo - TO,4833,3353,1191,0,7,0,101,182,0,0,69.37719842747775,24.64307883302297,0.0,0.14483757500517278,3.765776950134492
1713700,Monte Santo do Tocantins - TO,2066,1246,572,9,0,0,68,172,0,0,60.30977734753146,27.686350435624394,0.4356243949661181,0.0,8.325266214908035
1713809,Palmeiras do Tocantins - TO,4133,2933,1105,3,0,0,30,37,0,24,70.96540043551899,26.736027098959593,0.07258649891120252,0.0,0.8952334865714977
1713957,Muricilândia - TO,2824,1831,794,6,0,0,42,148,2,0,64.83711048158641,28.11614730878187,0.21246458923512748,0.0,5.240793201133145
1714203,Natividade - TO,7489,5945,1138,43,12,0,81,269,0,0,79.38309520630257,15.1956202430231,0.5741754573374283,0.16023501134997997,3.591934837762051
1714302,Nazaré - TO,3908,3076,724,2,0,0,6,100,0,0,78.71033776867964,18.526100307062435,0.0511770726714432,0.0,2.5588536335721597
1714880,Nova Olinda - TO,8742,6092,2351,17,0,0,151,131,0,0,69.68657057881492,26.893159460077786,0.19446350949439486,0.0,1.4985129261038663
1715002,Nova Rosalândia - TO,2873,1788,881,3,0,0,42,129,0,29,62.23459798120432,30.66481030281935,0.10442046641141664,0.0,4.490080055690916
1715101,Novo Acordo - TO,3307,2622,615,0,0,0,55,15,0,0,79.28636226186876,18.596915633504686,0.0,0.0,0.4535833081342607
1715150,Novo Alegre - TO,1645,1164,347,0,0,0,23,106,0,6,70.75987841945289,21.09422492401216,0.0,0.0,6.443768996960486
1715259,Novo Jardim - TO,1857,1472,238,1,0,0,136,9,0,0,79.26763597199785,12.816370490037695,0.053850296176628974,0.0,0.48465266558966075
1715507,Oliveira de Fátima - TO,969,579,314,0,0,0,24,52,0,0,59.752321981424146,32.40454076367389,0.0,0.0,5.366357069143447
1715705,Palmeirante - TO,4121,2927,1015,18,0,0,79,70,0,12,71.0264498908032,24.62994418830381,0.4367871875758311,0.0,1.6986168405726765
1715754,Palmeirópolis - TO,6066,3614,1958,4,0,3,133,342,12,0,59.57797560171447,32.27827233761952,0.06594131223211341,0.0,5.637982195845697
1716109,Paraíso do Tocantins - TO,44665,21774,17007,167,50,13,2457,3175,0,23,48.74958020821673,38.07679391022053,0.3738945483040412,0.1119444755401321,7.108474196798388
1716208,Paranã - TO,8990,7198,1659,32,0,0,62,39,0,0,80.06674082313683,18.453837597330367,0.3559510567296997,0.0,0.43381535038932145
1716307,Pau D'Arco - TO,3377,2287,949,0,0,0,6,135,0,0,67.72283091501332,28.101865561148948,0.0,0.0,3.9976310334616523
1716505,Pedro Afonso - TO,11800,7357,3230,39,6,6,249,914,0,0,62.347457627118644,27.372881355932204,0.3305084745762712,0.05084745762711865,7.745762711864407
1716604,Peixe - TO,8027,5702,1908,52,36,0,231,99,0,0,71.035256010963,23.76977700261617,0.6478136290021178,0.44848635853992774,1.2333374859848012
1716653,Pequizeiro - TO,4254,2626,1456,0,0,0,27,145,0,0,61.7301363422661,34.22661024917724,0.0,0.0,3.4085566525622943
1716703,Colméia - TO,7709,3989,2800,15,0,0,321,565,0,20,51.74471397068362,36.32118303281878,0.1945777662472435,0.0,7.329095861979504
1717008,Pindorama do Tocantins - TO,3802,2865,815,0,0,0,29,84,0,8,75.3550762756444,21.43608627038401,0.0,0.0,2.2093634928984747
1717206,Piraquê - TO,1929,1241,588,0,0,0,28,72,0,0,64.33385173665111,30.48211508553655,0.0,0.0,3.7325038880248833
1717503,Pium - TO,5918,3422,1496,12,0,341,103,480,10,53,57.82358905035485,25.278810408921935,0.2027712064886786,0.0,8.110848259547144
1717800,Ponte Alta do Bom Jesus - TO,3660,2969,621,3,3,0,20,40,0,4,81.12021857923497,16.9672131147541,0.08196721311475409,0.08196721311475409,1.092896174863388
1717909,Ponte Alta do Tocantins - TO,6357,4632,1611,8,5,0,34,46,17,4,72.8645587541293,25.34214252005663,0.12584552461853074,0.07865345288658172,0.7236117665565518
1718006,Porto Alegre do Tocantins - TO,2379,1627,555,5,0,0,60,129,0,4,68.3900798654897,23.329129886506937,0.2101723413198823,0.0,5.422446406052964
1718204,Porto Nacional - TO,54060,29951,18484,219,174,0,1493,3600,0,139,55.40325564187939,34.191638919718834,0.4051054384017758,0.3218645948945616,6.659267480577136
1718303,Praia Norte - TO,7409,4507,2236,3,0,0,74,589,0,0,60.83142124443245,30.179511405047915,0.04049129437171008,0.0,7.949790794979079
1718402,Presidente Kennedy - TO,2626,1701,662,0,0,0,32,231,0,0,64.77532368621478,25.209444021325208,0.0,0.0,8.796648895658796
1718451,Pugmil - TO,1873,978,678,14,0,0,7,193,0,5,52.21569674319274,36.19861185264282,0.7474639615589963,0.0,10.304324612920448
1718501,Recursolândia - TO,2857,2147,689,0,0,0,9,12,0,0,75.1487574378719,24.116205810290513,0.0,0.0,0.4200210010500525
1718550,Riachinho - TO,3354,2210,1030,3,0,0,28,83,0,0,65.89147286821705,30.709600477042336,0.08944543828264759,0.0,2.4746571258199164
1718659,Rio da Conceição - TO,1434,862,442,0,0,0,8,119,4,0,60.1115760111576,30.82287308228731,0.0,0.0,8.298465829846583
1718709,Rio dos Bois - TO,2324,1466,672,0,0,0,22,164,0,0,63.08089500860585,28.91566265060241,0.0,0.0,7.056798623063683
1718758,Rio Sono - TO,4101,2828,1180,0,4,0,11,78,0,0,68.95879053889296,28.773469885393805,0.0,0.0975371860521824,1.9019751280175567
1718808,Sampaio - TO,3483,2102,1068,36,0,0,52,165,0,59,60.35027275337353,30.66322136089578,1.0335917312661498,0.0,4.7372954349698535
1718840,Sandolândia - TO,3207,1595,1338,0,5,0,43,224,0,0,49.73495478640474,41.721234798877454,0.0,0.15590894917368256,6.984720922980979
1718865,Santa Fé do Araguaia - TO,5998,3357,2010,6,0,9,110,496,0,10,55.96865621873958,33.51117039013004,0.10003334444814939,0.0,8.269423141047016
1718881,Santa Maria do Tocantins - TO,2260,1589,548,0,0,0,9,110,0,4,70.30973451327434,24.24778761061947,0.0,0.0,4.867256637168142
1718899,Santa Rita do Tocantins - TO,1895,1246,556,1,0,0,11,80,0,0,65.75197889182058,29.34036939313984,0.052770448548812667,0.0,4.221635883905013
1718907,Santa Rosa do Tocantins - TO,3899,3055,701,9,12,0,65,31,0,26,78.35342395486022,17.97896896640164,0.23082841754295974,0.30777122339061297,0.7950756604257502
1719004,Santa Tereza do Tocantins - TO,2247,1563,581,1,3,0,33,66,0,0,69.55941255006675,25.856697819314643,0.04450378282153983,0.13351134846461948,2.937249666221629
1720002,Santa Terezinha do Tocantins - TO,2036,1556,443,0,0,0,0,36,0,0,76.42436149312377,21.758349705304518,0.0,0.0,1.768172888015717
1720101,São Bento do Tocantins - TO,4677,3406,1169,0,0,0,0,102,0,0,72.82446012401113,24.99465469317939,0.0,0.0,2.1808851828094933
1720150,São Félix do Tocantins - TO,1470,1057,387,0,2,0,10,15,0,0,71.9047619047619,26.3265306122449,0.0,0.1360544217687075,1.0204081632653061
1720200,São Miguel do Tocantins - TO,10983,6015,3514,23,5,7,83,1317,0,19,54.76645725211691,31.994901210962396,0.209414549758718,0.04552490212146044,11.99125921879268
1720259,São Salvador do Tocantins - TO,2019,1648,305,3,0,0,11,52,0,0,81.62456661713719,15.106488360574541,0.1485884101040119,0.0,2.575532441802873
1720309,São Sebastião do Tocantins - TO,3419,2226,919,2,9,0,12,247,0,4,65.10675636150921,26.87920444574437,0.058496636443404505,0.26323486399532026,7.224334600760456
1720499,São Valério - TO,3784,3106,582,20,3,0,38,35,0,0,82.08245243128964,15.380549682875264,0.5285412262156448,0.07928118393234672,0.9249471458773785
1720655,Silvanópolis - TO,4312,3323,730,5,0,0,192,59,0,3,77.06400742115028,16.929499072356215,0.11595547309833024,0.0,1.3682745825602969
1720804,Sítio Novo do Tocantins - TO,9083,6296,2215,0,4,0,63,505,0,0,69.3163051855114,24.386216007926897,0.0,0.04403831333259936,5.559837058240669
1720853,Sucupira - TO,1357,926,355,0,6,0,9,61,0,0,68.23876197494474,26.160648489314664,0.0,0.4421518054532056,4.495210022107591
1720903,Taguatinga - TO,12117,8697,2780,7,0,0,165,451,0,17,71.77519187917801,22.942972683007344,0.057770075101097634,0.0,3.7220434100850044
1720937,Taipas do Tocantins - TO,1679,1043,455,0,4,0,8,169,0,0,62.12030970815962,27.099463966646812,0.0,0.23823704586063132,10.065515187611673
1720978,Talismã - TO,2081,1180,731,6,0,0,31,133,0,0,56.70350792888035,35.127342623738585,0.28832292167227297,0.0,6.391158097068717
1721000,Palmas - TO,257190,125811,94836,3412,802,52,11661,20423,49,143,48.917531785839266,36.87390645048408,1.326645670515961,0.31183171974026985,7.940821960418368
1721109,Tocantínia - TO,5702,2140,1304,3,0,742,120,1269,104,20,37.53069098561908,22.869168712732375,0.0526131182041389,0.0,22.255349000350755
1721208,Tocantinópolis - TO,18858,11471,5537,21,0,506,217,1005,0,102,60.82829568352954,29.361544172234595,0.111358574610245,0.0,5.329303213490296
1721257,Tupirama - TO,1612,1137,286,0,0,0,39,149,0,0,70.53349875930522,17.741935483870968,0.0,0.0,9.24317617866005
1721307,Tupiratins - TO,1626,1205,384,10,0,0,4,23,0,0,74.10824108241083,23.616236162361623,0.6150061500615006,0.0,1.4145141451414514
1722081,Wanderlândia - TO,8841,5559,2467,0,11,0,156,638,0,9,62.877502544960976,27.9040832485013,0.0,0.12442031444406741,7.21637823775591
1722107,Xambioá - TO,8907,6244,2181,0,14,0,134,327,0,6,70.10216683507353,24.486359043448974,0.0,0.15717974626698103,3.6712697878073426
2100055,Açailândia - MA,89807,46052,31773,185,210,0,2381,9045,0,160,51.2788535414834,35.379202066654045,0.20599730533254645,0.2338347790261338,10.071597982339906
2100105,Afonso Cunha - MA,4942,4090,783,0,3,0,14,50,0,3,82.76001618777823,15.843787940105221,0.0,0.060704168352893564,1.0117361392148927
2100154,Água Doce do Maranhão - MA,10281,7909,1884,0,12,0,174,302,0,0,76.92831436630678,18.32506565509192,0.0,0.11672016340822877,2.9374574457737572
2100204,Alcântara - MA,15950,10575,4588,0,22,0,98,529,0,139,66.30094043887148,28.764890282131663,0.0,0.13793103448275862,3.316614420062696
2100303,Aldeias Altas - MA,18971,15454,2260,0,35,0,826,397,0,0,81.46117758684308,11.912919719571978,0.0,0.18449211955089348,2.092667756048706
2100402,Altamira do Maranhão - MA,5458,3391,1405,0,30,0,4,628,0,0,62.128984976181755,25.742030047636497,0.0,0.5496518871381458,11.50604617075852
2100436,Alto Alegre do Maranhão - MA,20074,12270,4637,7,57,0,281,2804,0,18,61.12384178539404,23.09953173258942,0.034870977383680384,0.28394938726711166,13.968317226262828
2100477,Alto Alegre do Pindaré - MA,21164,15327,4508,0,17,0,118,1185,0,9,72.42014742014742,21.3003213003213,0.0,0.08032508032508033,5.599130599130599
2100501,Alto Parnaíba - MA,9293,7895,1171,16,4,0,103,93,0,11,84.95641880985688,12.600882384590552,0.17217260303454213,0.04304315075863553,1.000753255138276
2100550,Amapá do Maranhão - MA,5856,3901,1752,0,2,0,45,155,0,0,66.61543715846994,29.918032786885245,0.0,0.03415300546448088,2.646857923497268
2100600,Amarante do Maranhão - MA,29550,17065,8240,16,30,1678,224,2229,0,69,57.74957698815567,27.884940778341793,0.05414551607445008,0.10152284263959391,7.543147208121828
2100709,Anajatuba - MA,21583,15520,3424,0,12,14,181,2307,0,123,71.90844646249363,15.864337673168698,0.0,0.05559931427512394,10.688968169392577
2100808,Anapurus - MA,11579,8631,2260,0,17,0,98,572,0,0,74.54011572674669,19.51809309957682,0.0,0.14681751446584335,4.939977545556611
2100832,Apicum-Açu - MA,14630,8125,4893,0,5,0,44,1539,0,24,55.53656869446343,33.44497607655502,0.0,0.03417634996582365,10.519480519480519
2100873,Araguanã - MA,9324,4905,3294,0,0,0,84,1031,0,9,52.6061776061776,35.32818532818533,0.0,0.0,11.057486057486058
2100907,Araioses - MA,33227,25643,5533,10,46,25,421,1549,0,0,77.17518885243928,16.652120263641017,0.0300960062599693,0.13844162879585878,4.661871369669245
2100956,Arame - MA,20658,14214,5514,0,0,54,209,657,0,10,68.80627359860587,26.691838512924775,0.0,0.0,3.1803659599186758
2101004,Arari - MA,25105,18156,5786,16,28,0,203,813,34,68,72.32025492929695,23.047201752638916,0.06373232423819956,0.11153156741684923,3.238398725353515
2101103,Axixá - MA,9989,6829,2578,4,4,0,112,450,12,0,68.36520172189408,25.808389228150965,0.04004404845329863,0.04004404845329863,4.504955450996095
2101202,Bacabal - MA,87722,58039,21748,124,647,0,1644,5454,35,30,66.16242219739632,24.791956407742642,0.14135564624609562,0.7375572832356764,6.217368505050045
2101251,Bacabeira - MA,14173,8319,3699,6,23,0,1090,1005,0,31,58.696112326254145,26.098920482607774,0.04233401538135892,0.1622803922952092,7.090947576377619
2101301,Bacuri - MA,13683,9592,3383,6,16,0,57,628,0,0,70.10158590952277,24.724110209749323,0.04385003288752467,0.11693342103339911,4.589636775560915
2101350,Bacurituba - MA,4515,3784,517,0,0,0,18,196,0,0,83.80952380952381,11.450719822812847,0.0,0.0,4.341085271317829
2101400,Balsas - MA,85088,61655,18534,215,52,0,989,3598,23,21,72.46027641970666,21.78215494546822,0.2526795787890184,0.06111320045129748,4.228563369687852
2101509,Barão de Grajaú - MA,16264,13390,1614,42,9,0,398,798,5,7,82.3290703393999,9.923757993113625,0.25823905558288246,0.05533694048204624,4.906542056074766
2101608,Barra do Corda - MA,70401,48969,15922,55,89,186,1690,3361,42,87,69.55725060723569,22.616156020511074,0.07812389028564935,0.12641865882586895,4.77407991363759
2101707,Barreirinhas - MA,54251,33824,15977,9,31,0,464,3937,0,10,62.34723783893384,29.45014838436158,0.01658955595288566,0.057141803837717275,7.257009087390094
2101731,Belágua - MA,6690,5186,1336,0,7,0,71,81,0,8,77.5186846038864,19.970104633781762,0.0,0.10463378176382661,1.210762331838565
2101772,Bela Vista do Maranhão - MA,9733,6015,2787,17,18,0,40,835,0,20,61.800061645946776,28.634542278845167,0.1746635158738313,0.18493784033699784,8.579060926744067
2101806,Benedito Leite - MA,4647,3881,677,3,0,0,15,71,0,0,83.51624704110179,14.568538842263827,0.0645577792123951,0.0,1.5278674413600173
2101905,Bequimão - MA,17098,11129,4048,15,0,0,220,1686,0,0,65.089484150193,23.675283658907475,0.08772955901275004,0.0,9.860802433033104
2101939,Bernardo do Mearim - MA,4921,3868,878,0,7,0,14,154,0,0,78.60191018085754,17.841902052428367,0.0,0.1422475106685633,3.1294452347083928
2101970,Boa Vista do Gurupi - MA,6111,2726,2455,0,8,6,112,804,0,0,44.60808378334151,40.173457699230894,0.0,0.1309114711176567,13.156602847324496
2102002,Bom Jardim - MA,27153,17869,6833,0,31,589,118,1690,0,22,65.8085662726034,25.164806835340478,0.0,0.11416786358781718,6.223989982690679
2102036,Bom Jesus das Selvas - MA,23075,13722,6904,0,24,203,313,1867,12,31,59.46695557963164,29.91982665222102,0.0,0.10400866738894908,8.09100758396533
2102077,Bom Lugar - MA,10412,8605,1489,0,0,0,22,259,5,32,82.6450249711871,14.30080676142912,0.0,0.0,2.4875144064540913
2102101,Brejo - MA,28762,24599,3174,21,8,0,137,657,0,167,85.52604130449899,11.03539392253668,0.0730130032682011,0.02781447743550518,2.284263959390863
2102150,Brejo de Areia - MA,7647,6025,1178,0,0,0,3,441,0,0,78.78906760821238,15.404733882568328,0.0,0.0,5.766967438211063
2102200,Buriti - MA,24069,21530,2193,9,62,0,59,215,0,0,89.45116124475466,9.111304998130375,0.03739249657235448,0.25759275416510863,0.8932651958951349
2102309,Buriti Bravo - MA,18771,14067,2813,14,136,0,105,1637,0,0,74.9400671248202,14.98588247829098,0.07458313355708274,0.7245218688402323,8.720899259496031
2102325,Buriticupu - MA,45515,24001,15836,78,0,0,395,5096,0,108,52.73206635175217,34.79292540920576,0.17137207514006372,0.0,11.19630890915083
2102358,Buritirana - MA,10800,6324,4082,0,0,0,27,367,0,0,58.55555555555556,37.7962962962963,0.0,0.0,3.3981481481481484
2102374,Cachoeira Grande - MA,7974,4702,2097,1,2,0,496,650,0,26,58.96664158515174,26.297968397291196,0.01254075746175069,0.02508151492350138,8.151492350137948
2102408,Cajapió - MA,8699,7333,1080,14,64,0,55,145,0,8,84.29704563742959,12.415220140246005,0.16093803885504082,0.7357167490516151,1.6668582595700656
2102507,Cajari - MA,13450,9931,3016,4,52,0,66,348,4,29,73.8364312267658,22.423791821561338,0.02973977695167286,0.38661710037174724,2.587360594795539
2102556,Campestre do Maranhão - MA,10281,6535,2934,5,0,0,140,667,0,0,63.56385565606458,28.538079953311936,0.04863340142009532,0.0,6.487695749440716
2102606,Cândido Mendes - MA,16435,10185,5238,0,12,0,182,797,0,21,61.971402494676,31.87100699726194,0.0,0.0730149072102221,4.849406753878917
2102705,Cantanhede - MA,20353,15534,3775,0,1,0,66,904,0,74,76.32290080086474,18.547634255392325,0.0,0.0049132805974549205,4.441605660099248
2102754,Capinzal do Norte - MA,9628,6768,2292,0,5,0,61,337,0,165,70.29497299543,23.805567095970087,0.0,0.0519318653926049,3.5002077274615706
2102804,Carolina - MA,20479,13879,4883,37,19,0,630,1032,0,0,67.77186386054007,23.84393769227013,0.1806728844181845,0.09277796767420284,5.039308559988281
2102903,Carutapera - MA,20037,13748,5044,49,185,20,265,692,22,12,68.6130658282178,25.173429156061285,0.24454758696411638,0.9232919099665619,3.4536108199830315
2103000,Caxias - MA,133762,101326,23306,173,1077,0,1539,6198,67,76,75.75096066147336,17.423483500545746,0.129334190577294,0.8051614060794545,4.633602966462822
2103109,Cedral - MA,8934,5506,2289,8,12,0,172,910,0,38,61.62972912469219,25.62122229684352,0.08954555630176853,0.1343183344526528,10.18580702932617
2103125,Central do Maranhão - MA,5889,3905,934,4,5,0,232,795,0,14,66.3100696213279,15.86007811173374,0.06792324673119375,0.08490405841399219,13.499745287824759
2103158,Centro do Guilherme - MA,9730,5561,3125,0,0,425,24,583,0,12,57.15313463514902,32.11716341212744,0.0,0.0,5.991778006166496
2103174,Centro Novo do Maranhão - MA,12891,7565,4401,0,23,186,73,643,0,0,58.68435342487007,34.140097742611125,0.0,0.1784190520518191,4.9879761073617255
2103208,Chapadinha - MA,68173,50696,13728,56,211,12,1054,2358,0,58,74.36375104513517,20.137004385900575,0.0821439572851422,0.3095066961993751,3.4588473442565237
2103257,Cidelândia - MA,10861,7093,2996,8,3,0,62,683,0,17,65.30706196482828,27.584936930301076,0.07365804253751956,0.027621765951569836,6.288555381640733
2103307,Codó - MA,96181,71533,16637,144,831,55,1017,5898,0,66,74.37331697528617,17.297595159127063,0.1497177197159522,0.8639960075274743,6.132188270032543
2103406,Coelho Neto - MA,35190,27208,5730,21,107,0,979,1076,0,70,77.3174197215118,16.28303495311168,0.059676044330775786,0.30406365444728617,3.0576868428530832
2103505,Colinas - MA,33760,25198,4408,33,80,0,789,3253,0,0,74.63862559241706,13.056872037914692,0.09774881516587677,0.23696682464454977,9.635663507109005
2103554,Conceição do Lago-Açu - MA,12163,6586,4119,0,30,0,49,1379,0,0,54.14782537202993,33.86500041108279,0.0,0.24664967524459427,11.337663405409849
2103604,Coroatá - MA,50097,37026,10251,19,148,0,600,2020,0,34,73.90861728247201,20.462303131924067,0.03792642273988463,0.29542687186857497,4.032177575503523
2103703,Cururupu - MA,26897,17647,5469,11,102,0,552,3062,10,43,65.60954753318214,20.333122653083986,0.04089675428486448,0.3792244488232888,11.384169238205004
2103752,Davinópolis - MA,12013,5643,4629,24,17,0,451,1197,0,54,46.97411137933905,38.533255639723635,0.19978356780154832,0.14151336052609673,9.964205444102223
2103802,Dom Pedro - MA,19622,15146,3441,55,40,0,275,664,0,0,77.18886963612272,17.536438691264905,0.2802976251146672,0.2038528182652125,3.3839567832025277
2103901,Duque Bacelar - MA,8500,7448,634,6,7,0,48,336,0,22,87.62352941176471,7.458823529411765,0.07058823529411765,0.08235294117647059,3.9529411764705884
2104008,Esperantinópolis - MA,15377,11874,3155,0,13,0,83,247,0,5,77.21922351564024,20.517656239838722,0.0,0.08454184821486636,1.6062951160824608
2104057,Estreito - MA,27979,16952,9019,112,11,0,457,1419,0,9,60.58829836663212,32.23489045355445,0.40030022516887664,0.03931520068622896,5.071660888523535
2104073,Feira Nova do Maranhão - MA,6783,4921,1797,0,0,15,32,19,0,0,72.54901960784314,26.492702344095534,0.0,0.0,0.2801120448179272
2104081,Fernando Falcão - MA,8502,4453,1798,1,0,642,94,1454,0,61,52.37591155022348,21.147965184662432,0.011761938367442954,0.0,17.101858386262055
2104099,Formosa da Serra Negra - MA,14945,10163,4209,4,1,0,227,342,0,0,68.00267648042824,28.163265306122447,0.026764804282368684,0.006691201070592171,2.2883907661425225
2104107,Fortaleza dos Nogueiras - MA,10641,7729,2474,0,0,0,57,382,0,0,72.63415092566488,23.249694577577294,0.0,0.0,3.589888168405225
2104206,Fortuna - MA,14050,10003,2072,17,2,0,249,1707,0,0,71.19572953736655,14.747330960854093,0.12099644128113879,0.014234875444839857,12.149466192170818
2104305,Godofredo Viana - MA,8366,5067,2664,0,15,0,169,447,0,5,60.5665790102797,31.843174754960554,0.0,0.17929715515180492,5.343055223523787
2104404,Gonçalves Dias - MA,14489,9940,3192,0,15,0,153,1132,19,40,68.60376837600938,22.030505901028366,0.0,0.10352681344468218,7.812823521292015
2104503,Governador Archer - MA,8663,7094,1311,6,0,0,30,222,0,0,81.88849128477433,15.133325637769826,0.06926007156874062,0.0,2.562622648043403
2104552,Governador Edison Lobão - MA,15381,7477,5450,15,58,0,411,1963,0,5,48.61192380209349,35.43332683180547,0.09752291788570314,0.3770886158247188,12.762499187309018
2104602,Governador Eugênio Barros - MA,11681,8558,2248,0,21,0,47,807,0,0,73.26427531889394,19.244927660303055,0.0,0.17977912849927233,6.9086550809006075
2104628,Governador Luiz Rocha - MA,5937,4477,1097,0,0,0,34,328,0,0,75.4084554488799,18.47734546067037,0.0,0.0,5.524675762169446
2104651,Governador Newton Bello - MA,9108,7423,1022,0,10,0,66,473,0,113,81.4997804128239,11.220904699165569,0.0,0.10979358805445762,5.193236714975845
2104677,Governador Nunes Freire - MA,19042,9525,6533,0,34,14,1121,1813,0,0,50.02100619682806,34.308370969435984,0.0,0.17855267303854638,9.521058712320134
2104701,Graça Aranha - MA,5105,3801,926,18,3,0,35,316,0,6,74.4564152791381,18.139079333986288,0.3525954946131244,0.058765915768854066,6.190009794319295
2104800,Grajaú - MA,59907,38821,16041,137,108,778,1040,2827,13,142,64.80210993706912,26.776503580549853,0.2286877994224381,0.18027943312133807,4.718981087352063
2104909,Guimarães - MA,8922,6511,1305,0,3,0,401,703,0,0,72.97691100650079,14.626765299260256,0.0,0.03362474781439139,7.879399237839049
2105005,Humberto de Campos - MA,21089,15426,4360,0,33,12,376,882,0,0,73.1471383185547,20.67428517236474,0.0,0.15647968135046708,4.182275119730665
2105104,Icatu - MA,20770,12786,5842,4,32,0,134,1860,0,111,61.55994222436206,28.127106403466538,0.019258545979778528,0.15406836783822822,8.955223880597014
2105153,Igarapé do Meio - MA,11490,7612,2993,5,0,0,126,754,0,0,66.24891209747607,26.048738033072237,0.04351610095735422,0.0,6.562228024369016
2105203,Igarapé Grande - MA,8764,6428,2009,0,0,0,13,315,0,0,73.34550433591967,22.923322683706072,0.0,0.0,3.594249201277955
2105302,Imperatriz - MA,233208,117316,86785,876,460,16,7861,19698,11,186,50.30530685053686,37.213560426743506,0.37563033858186684,0.1972488079311173,8.44653699701554
2105351,Itaipava do Grajaú - MA,11027,7637,2573,0,0,5,202,610,0,0,69.25727759136664,23.333635621655937,0.0,0.0,5.531876303618391
2105401,Itapecuru Mirim - MA,50186,33870,11360,46,151,0,475,2631,11,1641,67.48894113896306,22.63579484318336,0.09165902841429881,0.30088072370780694,5.242497907783047
2105427,Itinga do Maranhão - MA,19036,11764,5612,0,9,0,257,1350,0,45,61.79869720529523,29.480983399873924,0.0,0.0472788400924564,7.0918260138684595
2105450,Jatobá - MA,6238,4994,945,0,3,0,6,290,0,0,80.05771080474511,15.149086245591535,0.0,0.04809233728759218,4.648925937800577
2105476,Jenipapo dos Vieiras - MA,13029,7592,4557,0,0,228,39,599,0,14,58.27001304781641,34.97582316371172,0.0,0.0,4.59743648783483
2105500,João Lisboa - MA,20808,12358,5807,0,9,0,429,2190,0,15,59.39061899269512,27.907535563244906,0.0,0.04325259515570934,10.52479815455594
2105609,Joselândia - MA,12401,8515,2922,5,0,0,126,822,0,11,68.6638174340779,23.562615918071124,0.040319329086364,0.0,6.628497701798242
2105658,Junco do Maranhão - MA,4224,2516,1284,0,0,0,23,397,0,4,59.56439393939394,30.397727272727273,0.0,0.0,9.398674242424242
2105708,Lago da Pedra - MA,37263,22836,11065,0,0,0,485,2767,24,86,61.28331052250221,29.694334863000833,0.0,0.0,7.425596436143091
2105807,Lago do Junco - MA,8098,6499,1202,0,0,0,91,299,0,6,80.25438379846875,14.843171153371204,0.0,0.0,3.692269696221289
2105906,Lago Verde - MA,12209,8120,3254,0,28,0,59,748,0,0,66.5083135391924,26.652469489720698,0.0,0.2293390122041117,6.126627897452699
2105922,Lagoa do Mato - MA,8904,7550,925,0,5,0,15,408,0,0,84.79335130278527,10.38858939802336,0.0,0.05615453728661276,4.5822102425876015
2105948,Lago dos Rodrigues - MA,7492,5864,1279,0,0,0,67,282,0,0,78.2701548318206,17.07154297917779,0.0,0.0,3.764014949279231
2105963,Lagoa Grande do Maranhão - MA,9279,6802,2202,0,5,0,83,188,0,0,73.30531307252937,23.731005496281927,0.0,0.05388511693070374,2.0260803965944607
2105989,Lajeado Novo - MA,5952,4143,1617,3,0,0,63,121,0,5,69.60685483870968,27.16733870967742,0.05040322580645161,0.0,2.0329301075268815
2106003,Lima Campos - MA,9645,6334,2262,0,139,0,501,399,0,11,65.6713322965267,23.452566096423016,0.0,1.44116122343183,4.136858475894246
2106102,Loreto - MA,9785,8759,850,0,0,0,92,84,0,0,89.51456310679612,8.686765457332651,0.0,0.0,0.858456821665815
2106201,Luís Domingues - MA,5967,3685,2153,0,7,0,48,74,0,0,61.75632646220882,36.08178314060667,0.0,0.11731188201776437,1.240154181330652
2106300,Magalhães de Almeida - MA,11752,8950,2030,0,0,0,92,667,0,13,76.1572498298162,17.27365554799183,0.0,0.0,5.675629680054459
2106326,Maracaçumé - MA,16924,8688,7007,0,10,0,229,978,12,0,51.335381706452374,41.40274166863625,0.0,0.0590876861262113,5.778775703143465
2106359,Marajá do Sena - MA,5719,3864,1286,0,3,4,37,526,0,0,67.56425948592411,22.486448679839132,0.0,0.05245672320335723,9.197412134988634
2106375,Maranhãozinho - MA,11003,6511,2436,12,0,1274,44,726,0,0,59.17477051713169,22.139416522766517,0.10906116513678088,0.0,6.598200490775243
2106409,Mata Roma - MA,14172,10900,2815,5,6,5,159,282,0,0,76.91222128139994,19.863110358453287,0.03528083545018346,0.04233700254022015,1.989839119390347
2106508,Matinha - MA,18324,11884,5186,0,0,0,142,1062,10,40,64.8548351888234,28.301680855708362,0.0,0.0,5.7956777996070725
2106607,Matões - MA,26657,20801,3888,40,97,0,478,1354,0,0,78.03203661327231,14.585287166597892,0.1500543947180853,0.3638819071913569,5.079341261207188
2106631,Matões do Norte - MA,14626,11779,1982,0,61,0,92,700,0,11,80.53466429645836,13.551210173663339,0.0,0.41706549979488583,4.785997538629838
2106672,Milagres do Maranhão - MA,7387,6447,856,0,6,0,32,47,0,0,87.27494246649519,11.587924732638418,0.0,0.0812237714904562,0.6362528766752403
2106706,Mirador - MA,17657,14434,2171,0,68,0,107,877,0,0,81.74661607294557,12.295406920767967,0.0,0.38511638443676727,4.966868663985955
2106755,Miranda do Norte - MA,20619,13752,4625,0,43,0,164,1969,0,66,66.69576604103011,22.43076773849362,0.0,0.20854551627140017,9.54944468693923
2106805,Mirinzal - MA,11797,8098,2898,2,35,0,413,326,0,26,68.64457065355599,24.56556751716538,0.01695346274476562,0.29668559803339833,2.7634144273967958
2106904,Monção - MA,22605,14911,5901,17,83,0,118,1482,0,92,65.96328245963282,26.10484406104844,0.075204600752046,0.36717540367175405,6.556071665560717
2107001,Montes Altos - MA,7580,4857,1574,4,7,432,74,633,0,0,64.07651715039577,20.765171503957784,0.052770448548812667,0.09234828496042216,8.350923482849604
2107100,Morros - MA,15380,11032,2919,0,0,0,677,752,0,0,71.72951885565669,18.979193758127437,0.0,0.0,4.889466840052016
2107209,Nina Rodrigues - MA,11833,9649,1763,25,0,0,39,311,0,47,81.54314206033973,14.899011239753232,0.2112735570016057,0.0,2.6282430490999746
2107258,Nova Colinas - MA,4225,3627,539,3,4,0,24,29,0,0,85.84615384615384,12.757396449704142,0.07100591715976332,0.09467455621301775,0.6863905325443787
2107308,Nova Iorque - MA,3732,3054,613,0,7,0,30,28,0,0,81.83279742765274,16.425509110396572,0.0,0.18756698821007503,0.7502679528403001
2107357,Nova Olinda do Maranhão - MA,12020,7228,3985,0,0,2,116,690,0,0,60.133111480865225,33.15307820299501,0.0,0.0,5.740432612312812
2107407,Olho d'Água das Cunhãs - MA,15440,12412,2274,0,58,0,234,396,0,65,80.38860103626943,14.7279792746114,0.0,0.3756476683937824,2.564766839378238
2107456,Olinda Nova do Maranhão - MA,11434,6040,3656,1,4,19,105,1604,0,5,52.824908168619906,31.97481196431695,0.008745845723281442,0.03498338289312577,14.028336540143432
2107506,Paço do Lumiar - MA,123592,63545,41153,290,1056,5,5814,11543,0,186,51.41514013852029,33.29746261893974,0.23464301896562884,0.8544242345782899,9.33960126869053
2107605,Palmeirândia - MA,17548,13492,2804,0,25,0,73,1112,0,42,76.88625484385685,15.979028949167997,0.0,0.14246637793480738,6.336904490540232
2107704,Paraibano - MA,15550,12726,2255,0,0,10,52,497,0,11,81.83922829581994,14.5016077170418,0.0,0.0,3.1961414790996785
2107803,Parnarama - MA,25831,19525,3347,83,448,0,312,2115,0,0,75.58747241686346,12.957299368975262,0.32131934497309433,1.7343501993728465,8.187836320699935
2107902,Passagem Franca - MA,14347,10171,1956,4,41,0,105,2069,0,0,70.89286958946121,13.63351223252248,0.0278803931135429,0.28577402941381475,14.421133337980066
2108009,Pastos Bons - MA,15920,13141,1817,0,0,0,102,861,0,0,82.54396984924622,11.413316582914574,0.0,0.0,5.408291457286432
2108058,Paulino Neves - MA,13964,7784,4587,0,19,0,17,1557,0,0,55.74334001718705,32.84875393869951,0.0,0.13606416499570323,11.150100257805786
2108108,Paulo Ramos - MA,16949,11790,3760,0,0,0,80,1308,0,11,69.56162605463449,22.18419965779692,0.0,0.0,7.7172694554250985
2108207,Pedreiras - MA,32201,21549,8174,130,54,0,542,1741,0,10,66.92028197882054,25.384304835253563,0.4037141703673799,0.1676966553833732,5.40666438930468
2108256,Pedro do Rosário - MA,19793,12984,5087,0,41,0,77,1512,45,48,65.59894912342747,25.701005405951598,0.0,0.20714393977668874,7.639064315667155
2108306,Penalva - MA,26332,16467,5957,9,55,9,210,3580,11,34,62.536077776089925,22.62266443870576,0.03417894576940605,0.2088713352574814,13.595625094941516
2108405,Peri Mirim - MA,9622,6758,2189,8,29,0,0,638,0,0,70.23487840365829,22.7499480357514,0.08314279775514447,0.30139264186239867,6.630638120972771
2108454,Peritoró - MA,17130,12362,3774,13,49,0,489,300,0,143,72.1657910099241,22.03152364273205,0.07589025102159953,0.28604786923525977,1.7513134851138354
2108504,Pindaré-Mirim - MA,26372,18607,5730,0,90,0,211,1734,0,0,70.55589261337782,21.727589868041864,0.0,0.34127104504777794,6.5751554679205215
2108603,Pinheiro - MA,71531,45252,18753,149,54,0,636,6456,11,220,63.26208217416225,26.216605387873788,0.20830129594161972,0.07549174483790244,9.02545749395367
2108702,Pio XII - MA,18514,14169,3645,0,19,0,146,535,0,0,76.53127363076591,19.687803824133088,0.0,0.10262504050988441,2.8897050880414823
2108801,Pirapemas - MA,15216,10828,2259,6,58,0,105,1890,0,70,71.16193480546792,14.84621451104101,0.03943217665615142,0.3811777076761304,12.421135646687697
2108900,Poção de Pedras - MA,14878,10862,3336,6,6,0,138,509,0,22,73.00712461352332,22.42236859792983,0.040328001075413365,0.040328001075413365,3.421158757897567
2109007,Porto Franco - MA,20129,12804,5383,67,16,0,119,1724,0,16,63.60971732326494,26.742510805305777,0.3328530975209896,0.07948730687068409,8.56475731531621
2109056,Porto Rico do Maranhão - MA,5155,3184,1405,0,19,0,86,436,0,25,61.765276430649855,27.255092143549952,0.0,0.3685741998060136,8.45780795344326
2109106,Presidente Dutra - MA,38213,26775,7842,0,0,0,797,2769,0,29,70.06777798131526,20.52181194881323,0.0,0.0,7.246225106639102
2109205,Presidente Juscelino - MA,9223,6302,2087,0,0,0,37,792,0,5,68.3291770573566,22.628212078499402,0.0,0.0,8.587227583215874
2109239,Presidente Médici - MA,3944,2751,986,0,12,0,0,196,0,0,69.75152129817444,25.0,0.0,0.30425963488843816,4.9695740365111565
2109270,Presidente Sarney - MA,14182,9067,4213,0,0,0,134,753,0,15,63.93315470314483,29.706670427302214,0.0,0.0,5.3095473134959805
2109304,Presidente Vargas - MA,8631,6665,1371,0,0,0,49,517,0,29,77.22164291507357,15.884602015988877,0.0,0.0,5.990035917043216
2109403,Primeira Cruz - MA,11163,8340,1767,0,0,0,47,1010,0,0,74.71109916689062,15.829078204783661,0.0,0.0,9.047747021410014
2109452,Raposa - MA,25745,11350,10373,50,142,0,1203,2609,17,0,44.08623033598757,40.29131870266071,0.19421246844047388,0.5515634103709458,10.134006603223927
2109502,Riachão - MA,18713,14554,3779,17,20,0,89,220,0,34,77.77480895634051,20.194517180569658,0.09084593598033452,0.10687757174157003,1.1756532891572704
2109551,Ribamar Fiquene - MA,6234,4423,1583,0,0,0,174,54,0,0,70.94963105550208,25.393006095604747,0.0,0.0,0.8662175168431184
2109601,Rosário - MA,32573,18554,8867,14,54,0,812,4232,0,40,56.9612869554539,27.22193227519725,0.042980382525404474,0.16578147545513156,12.992355631965124
2109700,Sambaíba - MA,4688,3998,631,0,0,4,28,21,0,6,85.2815699658703,13.459897610921502,0.0,0.0,0.44795221843003413
2109759,Santa Filomena do Maranhão - MA,5588,4351,916,0,0,0,28,294,0,0,77.86327845382964,16.39226914817466,0.0,0.0,5.261274158911954
2109809,Santa Helena - MA,34763,21883,8041,0,53,0,274,4453,11,48,62.94911256220694,23.13091505336133,0.0,0.15246094986048384,12.809596409976123
2109908,Santa Inês - MA,72056,40268,22831,21,296,10,1680,6669,126,155,55.884312201620965,31.685078272454756,0.029143999111801933,0.4107916065282558,9.255301432219385
2110005,Santa Luzia - MA,47661,35138,10587,7,59,0,324,1495,0,51,73.72484840855206,22.213130232265375,0.01468706069952372,0.12379094018169992,3.136736535112566
2110039,Santa Luzia do Paruá - MA,20203,11793,6194,0,0,10,138,2040,9,19,58.37251893283176,30.658813047567193,0.0,0.0,10.097510270751869
2110104,Santa Quitéria do Maranhão - MA,20045,17209,2581,0,13,0,60,182,0,0,85.85183337490646,12.876028934896484,0.0,0.06485407832377152,0.9079570965328012
2110203,Santa Rita - MA,30765,18485,7383,2,45,0,730,3943,0,176,60.0845116203478,23.998049731838126,0.006500893872907525,0.1462701121404193,12.816512270437185
2110237,Santana do Maranhão - MA,8819,6558,1945,0,3,0,23,291,0,0,74.36217258192539,22.054654722757682,0.0,0.03401746229731262,3.299693842839324
2110278,Santo Amaro do Maranhão - MA,11392,8038,2463,4,3,0,41,837,0,6,70.55828651685393,21.620435393258425,0.0351123595505618,0.026334269662921347,7.347261235955056
2110302,Santo Antônio dos Lopes - MA,12160,8572,2498,7,4,0,183,885,0,10,70.49342105263158,20.542763157894736,0.05756578947368421,0.03289473684210526,7.277960526315789
2110401,São Benedito do Rio Preto - MA,15062,11204,3322,0,14,0,402,120,0,0,74.38587173018192,22.055503917142477,0.0,0.09294914354003453,0.7967069446288674
2110500,São Bento - MA,38114,28819,6731,0,134,0,192,2238,0,0,75.61263577687988,17.660177362648895,0.0,0.3515768484021619,5.8718581098808835
2110609,São Bernardo - MA,22769,16389,4140,0,38,0,644,1540,0,18,71.97944573762572,18.182616715709955,0.0,0.16689358338091265,6.7635820633317225
2110658,São Domingos do Azeitão - MA,6617,4355,992,10,0,0,511,719,0,30,65.81532416502947,14.991688076167447,0.1511258878645912,0.0,10.865951337464107
2110708,São Domingos do Maranhão - MA,28518,20212,6101,0,0,0,338,1849,0,18,70.87453538116277,21.39350585595063,0.0,0.0,6.483624377586086
2110807,São Félix de Balsas - MA,3784,3124,631,0,0,0,4,25,0,0,82.55813953488372,16.675475687103596,0.0,0.0,0.6606765327695561
2110856,São Francisco do Brejão - MA,7578,4709,2269,0,0,0,224,376,0,0,62.14040643969385,29.941937186592767,0.0,0.0,4.961731327527052
2110906,São Francisco do Maranhão - MA,10209,8388,1102,4,9,0,56,649,0,0,82.16279753158977,10.794397100597513,0.03918111470271329,0.08815750808110491,6.357135860515232
2111003,São João Batista - MA,15942,11772,3260,0,64,0,46,785,15,0,73.84267971396312,20.4491280893238,0.0,0.40145527537322795,4.924099861999749
2111029,São João do Carú - MA,10034,6336,2954,0,7,0,161,577,0,0,63.145305959736895,29.439904325294002,0.0,0.06976280645804266,5.750448475184373
2111052,São João do Paraíso - MA,8419,5380,2484,4,27,0,34,491,0,0,63.90307637486637,29.5046917686186,0.04751158094785604,0.3207031713980283,5.832046561349329
2111078,São João do Soter - MA,14020,10669,2315,5,60,0,95,759,0,117,76.09843081312411,16.512125534950073,0.03566333808844508,0.42796005706134094,5.413694721825963
2111102,São João dos Patos - MA,21436,16954,2269,77,20,0,238,1770,0,109,79.0912483672327,10.58499720097033,0.3592088076133607,0.0933009889904833,8.257137525657772
2111201,São José de Ribamar - MA,207868,104994,67680,604,1675,111,11079,21509,9,208,50.50993899974984,32.5591240594993,0.2905690149517963,0.8057998345103623,10.347432024169184
2111250,São José dos Basílios - MA,5848,4651,1034,0,0,0,6,158,0,0,79.53146374829001,17.681258549931602,0.0,0.0,2.7017783857729136
2111300,São Luís - MA,906726,486471,276052,5735,6479,16,46244,84553,251,925,53.65137869654118,30.44491941336192,0.6324953734645307,0.7145488273193886,9.325088284663725
2111409,São Luís Gonzaga do Maranhão - MA,15202,11846,2546,0,56,0,69,666,0,19,77.92395737402973,16.7477963425865,0.0,0.368372582554927,4.381002499671096
2111508,São Mateus do Maranhão - MA,32656,21514,7608,21,11,0,1040,2366,0,95,65.88069573738363,23.297403233708966,0.06430671239588437,0.0336844683978442,7.245222929936306
2111532,São Pedro da Água Branca - MA,11697,7748,3004,46,4,0,140,756,0,0,66.23920663417971,25.681798751816704,0.3932632298880055,0.034196802598957,6.4631956912028725
2111573,São Pedro dos Crentes - MA,4859,1739,2863,0,0,0,21,237,0,0,35.78925704877547,58.92158880428072,0.0,0.0,4.877546820333402
2111607,São Raimundo das Mangabeiras - MA,15732,12304,2729,14,9,0,323,347,0,5,78.21001779811849,17.346809051614542,0.0889905924230867,0.057208237986270026,2.2056953979150777
2111631,São Raimundo do Doca Bezerra - MA,4738,3744,934,3,0,0,3,54,0,0,79.02068383284086,19.712959054453357,0.06331785563528915,0.0,1.1397214014352046
2111672,São Roberto - MA,3822,2883,852,0,17,0,6,54,0,10,75.43171114599686,22.29199372056515,0.0,0.44479330193615907,1.41287284144427
2111706,São Vicente Ferrer - MA,16584,9791,4035,0,42,0,265,2410,0,42,59.03883260974433,24.33068017366136,0.0,0.2532561505065123,14.532079112397492
2111722,Satubinha - MA,7393,5860,1053,0,0,0,52,428,0,0,79.2641688083322,14.243203029893142,0.0,0.0,5.789260110915731
2111748,Senador Alexandre Costa - MA,8374,6346,1648,0,10,0,19,351,0,0,75.78218294721758,19.679961786481968,0.0,0.11941724385001194,4.191545259135419
2111763,Senador La Rocque - MA,12375,7696,3530,0,9,0,100,1040,0,0,62.18989898989899,28.525252525252526,0.0,0.07272727272727272,8.404040404040405
2111789,Serrano do Maranhão - MA,8446,5845,1574,0,16,5,163,795,0,48,69.2043570921146,18.63604072933933,0.0,0.18943878759175942,9.412739758465547
2111805,Sítio Novo - MA,14242,8568,3304,12,6,0,1911,418,0,22,60.160089875017555,23.19898890605252,0.08425782895660722,0.04212891447830361,2.9349810419884848
2111904,Sucupira do Norte - MA,8643,6946,1350,0,0,0,27,320,0,0,80.36561379150758,15.619576535925026,0.0,0.0,3.702418141848895
2111953,Sucupira do Riachão - MA,4250,3364,492,7,34,0,44,309,0,0,79.15294117647059,11.576470588235294,0.16470588235294117,0.8,7.270588235294118
2112001,Tasso Fragoso - MA,7304,5540,1551,5,0,0,18,190,0,0,75.84884994523549,21.234939759036145,0.06845564074479737,0.0,2.6013143483023002
2112100,Timbiras - MA,21909,17370,3593,31,18,0,164,733,0,0,79.2824866493222,16.39965311059382,0.14149436304714957,0.08215801725318363,3.345657035921311
2112209,Timon - MA,147034,94320,34230,456,862,22,4375,12466,0,303,64.14842825468939,23.280329719656677,0.3101323503407375,0.5862589605125346,8.47831113892025
2112233,Trizidela do Vale - MA,19097,13955,4008,26,113,0,163,832,0,0,73.07430486463842,20.98758967377075,0.13614703880190607,0.591715976331361,4.356705241660994
2112274,Tufilândia - MA,4589,3447,882,0,12,0,52,190,0,6,75.11440400958814,19.219873610808456,0.0,0.26149487905861846,4.140335585094792
2112308,Tuntum - MA,30685,22977,4990,0,0,5,432,2237,0,43,74.88023464233339,16.262017272282876,0.0,0.0,7.290206941502363
2112407,Turiaçu - MA,30784,19950,9053,33,58,0,325,1365,0,0,64.80639293139293,29.408134095634097,0.1071985446985447,0.1884095634095634,4.434121621621622
2112456,Turilândia - MA,25571,13013,9595,0,185,0,559,2218,0,0,50.88967971530249,37.52297524539517,0.0,0.723475812443784,8.67388838919088
2112506,Tutóia - MA,43962,29475,10330,29,184,0,487,3419,0,38,67.04654019380374,23.497566079796187,0.06596606159865338,0.41854328738455937,7.777171193303308
2112605,Urbano Santos - MA,26809,19789,6040,0,20,0,235,692,0,33,73.81476369875789,22.52974747286359,0.0,0.07460181282405162,2.581222723712186
2112704,Vargem Grande - MA,35246,27627,6121,0,0,0,304,1074,5,114,78.38336265108097,17.366509674856722,0.0,0.0,3.047154287011292
2112803,Viana - MA,42268,24695,12963,0,41,35,1015,3090,0,430,58.42481309737863,30.66859089618624,0.0,0.09700009463423867,7.310494937068231
2112852,Vila Nova dos Martírios - MA,8528,5741,2388,0,0,0,179,213,0,7,67.31941838649156,28.00187617260788,0.0,0.0,2.49765478424015
2112902,Vitória do Mearim - MA,25893,15252,9156,56,53,28,259,1040,40,8,58.9039508747538,35.360908353609084,0.21627466882941335,0.20468852585640906,4.016529563974819
2113009,Vitorino Freire - MA,26236,18021,5805,0,9,0,264,2101,11,24,68.68806220460436,22.126086293642324,0.0,0.034304009757585,8.00808050007623
2114007,Zé Doca - MA,34253,22014,10106,50,25,95,569,1336,10,47,64.26882316877354,29.50398505240417,0.14597261553732518,0.07298630776866259,3.9003882871573294
2200053,Acauã - PI,5597,4950,525,5,16,0,20,81,0,0,88.44023584062892,9.380025013400036,0.08933357155619082,0.2858674289798106,1.4472038592102912
2200103,Agricolândia - PI,4288,3154,543,4,3,0,66,514,4,0,73.55410447761194,12.663246268656716,0.09328358208955224,0.06996268656716417,11.986940298507463
2200202,Água Branca - PI,15052,10897,2407,8,39,0,239,1463,0,0,72.39569492426256,15.991230401275578,0.053149083178315175,0.25910178049428645,9.719638586234387
2200251,Alagoinha do Piauí - PI,6039,5440,412,0,3,0,100,85,0,0,90.08113926146713,6.822321576419937,0.0,0.04967709885742673,1.407517800960424
2200277,Alegrete do Piauí - PI,4041,2106,576,2,17,0,1226,111,3,0,52.11581291759465,14.25389755011136,0.04949269982677555,0.42068794852759217,2.7468448403860433
2200301,Alto Longá - PI,11872,9968,1356,0,98,0,147,303,0,0,83.9622641509434,11.421832884097036,0.0,0.8254716981132075,2.55222371967655
2200400,Altos - PI,40763,32447,4420,112,242,0,1188,2354,0,0,79.59914628462086,10.843166597159188,0.2747589725976989,0.5936756372200279,5.774844834776635
2200459,Alvorada do Gurguéia - PI,4561,3126,1244,0,3,3,8,178,0,0,68.53760140320105,27.274720456040342,0.0,0.065775049331287,3.9026529269896955
2200509,Amarante - PI,14548,12244,1559,13,30,0,127,539,4,32,84.16277151498488,10.716249656310145,0.08935936211163047,0.20621391256530108,3.7049766290899093
2200608,Angical do Piauí - PI,5961,4852,652,6,6,0,53,391,0,0,81.39573896997148,10.93776212044959,0.10065425264217413,0.10065425264217413,6.5593021305150145
2200707,Anísio de Abreu - PI,8014,5986,989,6,5,0,90,939,0,0,74.69428500124782,12.34090341901672,0.07486897928624907,0.062390816071874224,11.71699525829798
2200806,Antônio Almeida - PI,2661,2167,438,0,0,0,35,21,0,0,81.43555054490793,16.45997745208568,0.0,0.0,0.7891770011273957
2200905,Aroazes - PI,4775,3969,280,0,0,0,412,99,0,16,83.12041884816755,5.863874345549738,0.0,0.0,2.073298429319372
2200954,Aroeiras do Itaim - PI,2405,2212,154,0,6,0,0,33,0,0,91.97505197505197,6.403326403326403,0.0,0.2494802494802495,1.3721413721413722
2201002,Arraial - PI,3956,3684,232,0,0,0,6,34,0,0,93.12436804853387,5.864509605662285,0.0,0.0,0.8594539939332659
2201051,Assunção do Piauí - PI,6337,5109,716,0,7,0,21,484,0,0,80.62174530534953,11.298721792646363,0.0,0.11046236389458734,7.637683446425753
2201101,Avelino Lopes - PI,9290,4684,3989,6,0,0,254,350,0,7,50.41980624327233,42.938643702906354,0.06458557588805167,0.0,3.767491926803014
2201150,Baixa Grande do Ribeiro - PI,10787,7345,3014,0,5,0,77,345,0,0,68.09122091406323,27.941040140910356,0.0,0.046352090479280614,3.1982942430703623
2201176,Barra D'Alcântara - PI,3496,2945,338,3,4,0,31,175,0,0,84.23913043478261,9.668192219679634,0.08581235697940504,0.11441647597254005,5.005720823798627
2201200,Barras - PI,40700,34148,4886,46,36,0,545,973,21,44,83.9017199017199,12.004914004914005,0.11302211302211303,0.08845208845208845,2.3906633906633905
2201309,Barreiras do Piauí - PI,2800,2406,294,0,7,0,11,82,0,0,85.92857142857143,10.5,0.0,0.25,2.9285714285714284
2201408,Barro Duro - PI,5709,3881,1296,12,3,0,34,483,0,0,67.98038185321423,22.700998423541776,0.21019442984760903,0.05254860746190226,8.460325801366263
2201507,Batalha - PI,22727,19398,2588,31,33,0,246,396,0,35,85.35222422669072,11.387336648039776,0.13640163681964185,0.14520174242090905,1.7424209090509086
2201556,Bela Vista do Piauí - PI,3554,3321,164,0,0,0,0,69,0,0,93.44400675295442,4.614518851997749,0.0,0.0,1.9414743950478335
2201572,Belém do Piauí - PI,3037,2043,779,0,7,0,61,147,0,0,67.27033256503128,25.65031280869279,0.0,0.23049061573921634,4.840302930523543
2201606,Beneditinos - PI,8682,7788,672,11,0,5,82,123,0,0,89.70283344851417,7.74015203870076,0.12669891730016125,0.0,1.4167242570836214
2201705,Bertolínia - PI,4786,3965,645,3,0,0,54,118,0,0,82.8458002507313,13.476807354784789,0.06268282490597576,0.0,2.465524446301713
2201739,Betânia do Piauí - PI,5280,4857,330,0,0,0,46,46,0,0,91.98863636363636,6.25,0.0,0.0,0.8712121212121212
2201770,Boa Hora - PI,5944,4816,995,0,38,0,13,81,0,0,81.0228802153432,16.739569313593538,0.0,0.639300134589502,1.3627187079407805
2201804,Bocaina - PI,3679,3467,193,0,0,0,15,4,0,0,94.23756455558576,5.24599075835825,0.0,0.0,0.10872519706441967
2201903,Bom Jesus - PI,24115,18470,4373,62,30,0,440,735,0,6,76.59133319510678,18.133941530167945,0.2571013891768609,0.12440389798880365,3.0478955007256894
2201919,Bom Princípio do Piauí - PI,4895,3743,871,4,3,0,118,157,0,0,76.46578140960163,17.79366700715015,0.08171603677221655,0.06128702757916241,3.2073544433094994
2201929,Bonfim do Piauí - PI,5060,4434,395,0,0,2,28,201,0,0,87.62845849802372,7.8063241106719365,0.0,0.0,3.972332015810277
2201945,Boqueirão do Piauí - PI,5657,4321,1118,0,30,0,62,125,0,0,76.38324200106064,19.763125331447764,0.0,0.530316422131872,2.2096517588828
2201960,Brasileira - PI,7342,6365,745,11,0,0,8,214,0,0,86.69299918278398,10.14709888313811,0.14982293652955597,0.0,2.9147371288477255
2201988,Brejo do Piauí - PI,3418,2659,639,0,0,0,4,103,0,13,77.7940315974254,18.695143358689293,0.0,0.0,3.013458162668227
2202000,Buriti dos Lopes - PI,16700,12875,2780,16,16,0,134,874,0,5,77.09580838323353,16.646706586826348,0.09580838323353294,0.09580838323353294,5.233532934131737
2202026,Buriti dos Montes - PI,6468,5701,538,6,11,0,31,182,0,0,88.14162028447743,8.31787260358689,0.09276437847866419,0.17006802721088435,2.813852813852814
2202059,Cabeceiras do Piauí - PI,8943,7833,962,0,13,0,10,126,0,0,87.5880576987588,10.757016661075701,0.0,0.1453650900145365,1.4089231801408924
2202075,Cajazeiras do Piauí - PI,2715,2511,161,0,2,0,9,32,0,0,92.48618784530387,5.930018416206262,0.0,0.07366482504604052,1.1786372007366483
2202083,Cajueiro da Praia - PI,6826,5169,1127,21,80,0,65,364,0,0,75.72516847348373,16.51040140638734,0.30764723117491943,1.1719894520949312,5.3325520070319365
2202091,Caldeirão Grande do Piauí - PI,4813,3941,764,0,7,0,6,95,0,0,81.88240182838146,15.873675462289633,0.0,0.14543943486391026,1.973820901724496
2202109,Campinas do Piauí - PI,4347,3787,520,0,0,0,8,30,0,3,87.11755233494364,11.96227283183805,0.0,0.0,0.6901311249137336
2202117,Campo Alegre do Fidalgo - PI,4027,3480,456,4,16,0,21,50,0,0,86.41668736031785,11.323565929972684,0.09932952570151478,0.3973181028060591,1.2416190712689348
2202133,Campo Grande do Piauí - PI,5224,4012,1101,0,3,0,20,87,0,0,76.79938744257274,21.075803981623277,0.0,0.05742725880551302,1.6653905053598774
2202174,Campo Largo do Piauí - PI,6229,5669,490,0,0,0,13,56,0,0,91.00979290415798,7.866431208861775,0.0,0.0,0.8990207095842029
2202208,Campo Maior - PI,40435,34451,3609,168,397,0,605,1186,19,0,85.20093977989366,8.925435884753307,0.41548163719549897,0.9818226783726969,2.933102510201558
2202251,Canavieira - PI,2958,2540,346,0,0,0,27,44,0,0,85.86883029073698,11.69709263015551,0.0,0.0,1.4874915483434754
2202307,Canto do Buriti - PI,16820,13405,2547,10,11,0,504,332,0,10,79.69678953626635,15.14268727705113,0.059453032104637336,0.06539833531510107,1.9738406658739596
2202406,Capitão de Campos - PI,9647,6709,1419,20,82,0,87,1331,0,0,69.54493624961128,14.709236031927023,0.2073183373069348,0.8500051829584326,13.79703534777651
2202455,Capitão Gervásio Oliveira - PI,3479,2876,470,0,8,0,25,95,0,5,82.66743317045128,13.509629203794194,0.0,0.22995113538373096,2.7306697326818052
2202505,Caracol - PI,8696,7029,1319,0,0,0,155,192,0,0,80.83026678932843,15.16789328426863,0.0,0.0,2.2079116835326587
2202539,Caraúbas do Piauí - PI,4857,4269,359,0,0,0,4,224,0,0,87.89376158122298,7.391393864525427,0.0,0.0,4.611900350010295
2202554,Caridade do Piauí - PI,4315,3685,502,3,0,0,86,33,0,6,85.39976825028968,11.633835457705677,0.06952491309385864,0.0,0.764774044032445
2202604,Castelo do Piauí - PI,16647,13392,1895,36,12,0,218,1081,0,13,80.44692737430168,11.383432450291345,0.2162551811137142,0.07208506037123806,6.493662521775695
2202653,Caxingó - PI,4671,4070,384,0,0,0,26,191,0,0,87.1333761507172,8.220937700706488,0.0,0.0,4.089060158424321
2202703,Cocal - PI,24223,19689,3521,8,21,0,103,813,0,67,81.2822524047393,14.53577178714445,0.0330264624530405,0.0866944639392313,3.3563142467902405
2202711,Cocal de Telha - PI,4312,3187,809,0,22,0,53,241,0,0,73.9100185528757,18.761595547309835,0.0,0.5102040816326531,5.589053803339517
2202729,Cocal dos Alves - PI,5452,4476,717,0,0,0,27,232,0,0,82.09831254585474,13.151137197358768,0.0,0.0,4.25531914893617
2202737,Coivaras - PI,3554,2980,455,3,0,0,12,105,0,0,83.84918401800788,12.802476083286438,0.08441193021947102,0.0,2.9544175576814857
2202752,Colônia do Gurguéia - PI,5329,3794,1186,6,0,0,154,184,0,5,71.19534621880278,22.25558266091199,0.1125914805779696,0.0,3.452805404391068
2202778,Colônia do Piauí - PI,6124,4841,841,0,0,0,286,156,0,0,79.04964075767472,13.732854343566297,0.0,0.0,2.5473546701502285
2202802,Conceição do Canindé - PI,4286,3837,409,0,0,0,0,40,0,0,89.52403173121792,9.542697153523099,0.0,0.0,0.9332711152589828
2202851,Coronel José Dias - PI,3727,3281,336,0,3,0,21,75,0,12,88.03327072712638,9.01529380198551,0.0,0.08049369466058492,2.012342366514623
2202901,Corrente - PI,23108,14253,7311,23,24,0,327,1169,0,0,61.679937683918986,31.638393629911718,0.0995326293924182,0.10386013501817552,5.0588540765103
2203008,Cristalândia do Piauí - PI,6228,5108,840,0,10,0,20,208,0,42,82.01669877970456,13.48747591522158,0.0,0.16056518946692358,3.3397559409120103
2203107,Cristino Castro - PI,8823,6814,1516,4,0,0,137,347,4,0,77.22996713136122,17.182364275189844,0.04533605349654313,0.0,3.932902640825116
2203206,Curimatá - PI,9558,7048,1898,7,0,0,198,369,0,38,73.739275999163,19.857710818162797,0.0732370788867964,0.0,3.8606403013182673
2203230,Currais - PI,4126,3590,464,0,4,0,47,21,0,0,87.00920988851188,11.245758603974794,0.0,0.09694619486185167,0.5089675230247213
2203255,Curralinhos - PI,3706,3050,503,4,18,0,42,89,0,0,82.29897463572586,13.572584997301673,0.10793308148947653,0.48569886670264434,2.4015110631408527
2203271,Curral Novo do Piauí - PI,4283,3881,341,0,0,4,16,41,0,0,90.61405556852674,7.961709082418865,0.0,0.0,0.957272939528368
2203305,Demerval Lobão - PI,13861,11025,2202,11,46,0,198,372,7,0,79.53971574922444,15.886299689777072,0.07935935358199264,0.33186638770651467,2.6837890484092055
2203354,Dirceu Arcoverde - PI,6011,5259,540,0,4,0,3,205,0,0,87.48960239560805,8.983530194643155,0.0,0.0665446681084678,3.4104142405589752
2203404,Dom Expedito Lopes - PI,5626,4728,645,16,0,0,30,204,0,3,84.03839317454674,11.464628510487024,0.28439388553146105,0.0,3.6260220405261285
2203420,Domingos Mourão - PI,3502,3131,353,0,0,0,0,12,0,6,89.40605368360937,10.079954311821815,0.0,0.0,0.34266133637921187
2203453,Dom Inocêncio - PI,8086,7169,834,0,0,0,16,66,0,0,88.65941132822162,10.31412317585951,0.0,0.0,0.8162255750680188
2203503,Elesbão Veloso - PI,12074,10388,907,30,15,0,124,590,0,20,86.03611065098559,7.512009276130528,0.2484677820109326,0.1242338910054663,4.886533046215008
2203602,Eliseu Martins - PI,3862,2980,624,2,9,0,31,216,0,0,77.1620921802175,16.157431382703262,0.05178663904712584,0.23303987571206627,5.592957017089591
2203701,Esperantina - PI,35117,28749,4672,148,87,0,440,1007,0,14,81.86633254549079,13.304097730443944,0.42144830139248796,0.24774325825098956,2.8675570236637524
2203750,Fartura do Piauí - PI,4461,3653,699,11,0,0,11,79,0,9,81.8874691773145,15.669132481506388,0.24658148397220353,0.0,1.77090338489128
2203800,Flores do Piauí - PI,3866,2912,754,0,0,0,61,138,0,0,75.32333160889809,19.50336264873254,0.0,0.0,3.569580962234868
2203859,Floresta do Piauí - PI,2096,1629,393,0,0,0,22,52,0,0,77.71946564885496,18.75,0.0,0.0,2.480916030534351
2203909,Floriano - PI,53858,40415,9015,188,309,0,772,3114,0,45,75.03991978907497,16.738460395855768,0.3490660626090831,0.5737309220542909,5.781870845556835
2204006,Francinópolis - PI,3918,3265,257,0,29,0,24,343,0,0,83.33333333333333,6.559469116896376,0.0,0.7401735579377233,8.754466564573763
2204105,Francisco Ayres - PI,3815,3336,368,0,3,0,7,98,2,0,87.44429882044561,9.64613368283093,0.0,0.07863695937090433,2.5688073394495414
2204154,Francisco Macedo - PI,2566,2170,305,0,0,0,4,87,0,0,84.56742010911925,11.886204208885426,0.0,0.0,3.3904910366328918
2204204,Francisco Santos - PI,7265,6566,520,6,0,0,21,146,0,5,90.3785271851342,7.157604955264969,0.08258774948382656,0.0,2.0096352374397797
2204303,Fronteiras - PI,9077,6847,1800,9,25,0,150,241,0,5,75.4324115897323,19.830340420843893,0.09915170210421946,0.27542139473394295,2.65506224523521
2204352,Geminiano - PI,4733,3708,805,0,9,0,29,181,0,0,78.34354532009296,17.008240016902597,0.0,0.19015423621381788,3.8242129727445593
2204402,Gilbués - PI,9086,7375,1503,0,0,0,98,110,0,0,81.16883116883118,16.541932643627558,0.0,0.0,1.2106537530266344
2204501,Guadalupe - PI,8828,7206,1408,0,0,0,106,103,0,5,81.62664250113276,15.949252378794744,0.0,0.0,1.1667421839601269
2204550,Guaribas - PI,3627,2248,1070,0,0,0,50,259,0,0,61.97959746346843,29.500964984835953,0.0,0.0,7.140887786049077
2204600,Hugo Napoleão - PI,3060,2394,384,0,16,0,53,213,0,0,78.23529411764706,12.549019607843137,0.0,0.5228758169934641,6.96078431372549
2204659,Ilha Grande - PI,7959,6204,1099,40,9,0,289,318,0,0,77.94949114210328,13.808267370272647,0.5025757004648825,0.11307953260459856,3.995476818695816
2204709,Inhuma - PI,13158,10671,1515,11,16,0,154,740,4,46,81.09895120839033,11.51390788873689,0.08359933120535036,0.12159902720778233,5.623955008359933
2204808,Ipiranga do Piauí - PI,8269,6555,1356,4,0,0,85,269,0,0,79.27197968315394,16.398597170153586,0.04837344297980409,0.0,3.253114040391825
2204907,Isaías Coelho - PI,6597,5459,687,0,3,0,0,169,0,278,82.74973472790663,10.413824465666211,0.0,0.04547521600727603,2.5617705017432164
2205003,Itainópolis - PI,9590,7409,1852,11,0,0,99,219,0,0,77.25755995828989,19.311783107403546,0.11470281543274244,0.0,2.283628779979145
2205102,Itaueira - PI,9086,7111,1554,0,32,0,173,216,0,0,78.26326216156724,17.103235747303543,0.0,0.35219018269865726,2.3772837332159367
2205151,Jacobina do Piauí - PI,4903,3924,778,0,0,0,3,197,0,0,80.03263308178666,15.867836018764022,0.0,0.0,4.017948194982663
2205201,Jaicós - PI,15165,11622,2761,38,6,0,110,624,4,0,76.63699307616221,18.206396307286514,0.250576986482031,0.03956478733926805,4.114737883283877
2205250,Jardim do Mulato - PI,3634,2733,638,0,0,0,5,258,0,0,75.2063841496973,17.55641166758393,0.0,0.0,7.099614749587231
2205276,Jatobá do Piauí - PI,4063,3572,363,18,3,0,27,76,0,4,87.9153334974157,8.93428501107556,0.4430223972434162,0.07383706620723603,1.8705390105833128
2205300,Jerumenha - PI,3919,3168,604,0,6,0,33,96,0,12,80.8369482010717,15.412094922174024,0.0,0.15310028068384793,2.449604490941567
2205359,João Costa - PI,2564,2326,200,0,0,0,19,20,0,0,90.7176287051482,7.800312012480499,0.0,0.0,0.7800312012480499
2205409,Joaquim Pires - PI,11872,9761,1759,0,39,0,40,248,0,24,82.21866576819407,14.816374663072777,0.0,0.32850404312668463,2.0889487870619945
2205458,Joca Marques - PI,4629,4198,397,0,19,0,15,0,0,0,90.68913372218621,8.576366385828473,0.0,0.41045582199179087,0.0
2205508,José de Freitas - PI,36446,30966,3529,121,140,0,405,1285,0,0,84.96405641222631,9.682818416287109,0.3319980244745651,0.38412994567305053,3.525764144213357
2205516,Juazeiro do Piauí - PI,4555,3668,620,9,0,0,6,252,0,0,80.52689352360044,13.611416026344676,0.19758507135016465,0.0,5.5323819978046105
2205524,Júlio Borges - PI,4533,3466,981,8,0,0,26,52,0,0,76.46150452239135,21.641297154202515,0.17648356496801235,0.0,1.1471431722920804
2205532,Jurema - PI,3792,3546,243,0,0,0,2,0,0,0,93.5126582278481,6.408227848101266,0.0,0.0,0.0
2205540,Lagoinha do Piauí - PI,2521,1655,562,0,0,0,24,281,0,0,65.64855216184054,22.29274097580325,0.0,0.0,11.146370487901626
2205557,Lagoa Alegre - PI,7130,6333,715,8,12,0,11,51,0,0,88.82187938288921,10.02805049088359,0.11220196353436185,0.16830294530154277,0.7152875175315568
2205565,Lagoa do Barro do Piauí - PI,4304,3274,931,3,0,0,17,80,0,0,76.06877323420075,21.631040892193308,0.06970260223048327,0.0,1.858736059479554
2205573,Lagoa de São Francisco - PI,5443,4679,579,2,15,2,15,150,0,0,85.96362300202094,10.63751607569355,0.03674444240308653,0.275583318023149,2.75583318023149
2205581,Lagoa do Piauí - PI,4085,3439,508,3,8,0,64,64,0,0,84.18604651162791,12.435740514075887,0.07343941248470012,0.19583843329253367,1.5667074663402694
2205599,Lagoa do Sítio - PI,3963,3222,455,3,5,0,18,260,0,0,81.30204390613171,11.481201110269998,0.0757002271006813,0.12616704516780217,6.560686348725713
2205607,Landri Sales - PI,4572,3933,522,2,10,0,88,16,0,0,86.02362204724409,11.417322834645669,0.04374453193350831,0.21872265966754156,0.34995625546806647
2205706,Luís Correia - PI,26457,20683,4087,72,55,0,619,903,0,38,78.17590807725743,15.447707601012965,0.27213969837850094,0.20788449181691046,3.4130853838303663
2205805,Luzilândia - PI,21879,17651,2372,0,19,0,1210,515,0,113,80.67553361671008,10.841446135563782,0.0,0.08684126331185155,2.3538552950317655
2205854,Madeiro - PI,6787,5519,1139,4,20,0,27,78,0,0,81.31722410490644,16.78208339472521,0.05893620156180934,0.2946810078090467,1.149255930455282
2205904,Manoel Emídio - PI,4575,4009,524,0,0,0,14,21,0,7,87.62841530054645,11.453551912568306,0.0,0.0,0.45901639344262296
2205953,Marcolândia - PI,7161,5644,1145,4,35,0,77,256,0,0,78.81580784806592,15.989386957128893,0.055858120374249406,0.4887585532746823,3.574919703951962
2206001,Marcos Parente - PI,4081,3212,783,0,4,0,33,49,0,0,78.70619946091644,19.186473903455035,0.0,0.098015192354815,1.2006861063464838
2206050,Massapê do Piauí - PI,4678,3978,522,0,16,0,16,141,0,6,85.03634031637452,11.15861479264643,0.0,0.3420265070542967,3.01410859341599
2206100,Matias Olímpio - PI,8929,7343,1262,0,0,0,42,246,0,36,82.23765259267554,14.133721581364094,0.0,0.0,2.755067756747676
2206209,Miguel Alves - PI,26763,23424,2345,16,60,0,359,560,0,0,87.5238201995292,8.762096924858946,0.05978403019093525,0.22419011321600718,2.0924410566827336
2206308,Miguel Leão - PI,1150,795,347,0,0,0,2,7,0,0,69.1304347826087,30.17391304347826,0.0,0.0,0.6086956521739131
2206357,Milton Brandão - PI,5712,5249,299,0,0,0,57,107,0,0,91.89425770308124,5.234593837535014,0.0,0.0,1.873249299719888
2206407,Monsenhor Gil - PI,8882,6978,1437,44,17,0,103,303,0,0,78.56338662463409,16.17878856113488,0.4953839225399685,0.1913983337086242,3.4113938302184192
2206506,Monsenhor Hipólito - PI,6703,5884,613,9,4,0,64,129,0,0,87.78159033268686,9.145158884081754,0.13426823810234223,0.05967477248992988,1.9245114128002387
2206605,Monte Alegre do Piauí - PI,8867,7221,1153,0,0,0,57,431,0,5,81.43678809067329,13.00327055373858,0.0,0.0,4.860719521822488
2206654,Morro Cabeça no Tempo - PI,3678,2793,768,0,0,8,35,71,0,3,75.93800978792822,20.880913539967374,0.0,0.0,1.9303969548667754
2206670,Morro do Chapéu do Piauí - PI,5459,4896,361,3,0,0,60,139,0,0,89.68675581608353,6.612932771569884,0.0549551199853453,0.0,2.5462538926543323
2206696,Murici dos Portelas - PI,8357,6852,1019,17,29,0,28,412,0,0,81.9911451477803,12.19337082685174,0.2034222807227474,0.3470144788799809,4.929998803398349
2206704,Nazaré do Piauí - PI,5810,5051,558,3,26,4,96,69,0,4,86.93631669535284,9.604130808950085,0.05163511187607573,0.4475043029259897,1.1876075731497417
2206720,Nazária - PI,8610,6757,1492,0,45,0,77,212,26,0,78.47851335656213,17.328687572590013,0.0,0.5226480836236934,2.4622531939605112
2206753,Nossa Senhora de Nazaré - PI,4604,3848,575,0,7,0,33,112,27,3,83.57949609035622,12.489139878366638,0.0,0.1520417028670721,2.4326672458731537
2206803,Nossa Senhora dos Remédios - PI,7163,5928,695,9,15,0,15,501,0,0,82.75862068965517,9.702638559262878,0.12564567918469915,0.20940946530783192,6.994276141281586
2206902,Novo Oriente do Piauí - PI,5408,4568,574,0,11,0,23,229,3,0,84.46745562130178,10.613905325443787,0.0,0.20340236686390534,4.234467455621302
2206951,Novo Santo Antônio - PI,2489,2223,213,0,0,0,22,31,0,0,89.31297709923665,8.557653676175171,0.0,0.0,1.245480112494978
2207009,Oeiras - PI,33382,26655,4268,92,76,0,648,1643,0,0,79.84842130489486,12.785333413216703,0.2755976274639027,0.22766760529626745,4.921814151339045
2207108,Olho D'Água do Piauí - PI,2266,1799,266,5,0,0,17,179,0,0,79.3909973521624,11.738746690203001,0.22065313327449249,0.0,7.899382171226831
2207207,Padre Marcos - PI,5568,4189,1002,0,3,0,44,331,0,0,75.23347701149426,17.995689655172413,0.0,0.05387931034482758,5.944683908045977
2207306,Paes Landim - PI,3529,2778,696,0,0,0,31,24,0,0,78.71918390478889,19.722300935109097,0.0,0.0,0.6800793425899688
2207355,Pajeú do Piauí - PI,2693,2033,577,2,0,0,22,58,0,0,75.49201633865577,21.4259190493873,0.07426661715558856,0.0,2.1537318975120683
2207405,Palmeira do Piauí - PI,4244,3660,456,12,0,0,7,109,0,0,86.23939679547597,10.744580584354383,0.2827521206409048,0.0,2.5683317624882185
2207504,Palmeirais - PI,11235,9514,1177,15,0,0,116,413,0,0,84.68179795282599,10.476190476190476,0.13351134846461948,0.0,3.67601246105919
2207553,Paquetá - PI,3372,2927,298,0,16,0,109,16,0,6,86.80308422301304,8.837485172004746,0.0,0.4744958481613286,0.4744958481613286
2207603,Parnaguá - PI,8493,6850,1485,7,0,0,59,92,0,0,80.65465677616861,17.484987636877428,0.08242081714352996,0.0,1.0832450253149652
2207702,Parnaíba - PI,140332,93200,29330,1241,1630,21,4960,9851,0,100,66.41393267394464,20.900436108656613,0.8843314425790268,1.1615312259498902,7.019781660633355
2207751,Passagem Franca do Piauí - PI,3568,2306,795,0,0,0,4,463,0,0,64.63004484304933,22.281390134529147,0.0,0.0,12.97645739910314
2207777,Patos do Piauí - PI,4883,4434,423,0,0,0,18,6,0,2,90.80483309440918,8.662707352037682,0.0,0.0,0.12287528158918698
2207793,Pau D'Arco do Piauí - PI,3393,3022,308,0,6,0,41,15,0,0,89.06572354848217,9.077512525788388,0.0,0.1768346595932803,0.4420866489832007
2207801,Paulistana - PI,17918,14800,2563,0,0,0,201,345,0,9,82.59850429735461,14.304051791494587,0.0,0.0,1.9254381069315771
2207850,Pavussu - PI,3175,2707,410,0,0,0,7,51,0,0,85.25984251968504,12.913385826771654,0.0,0.0,1.6062992125984252
2207900,Pedro II - PI,32966,27494,3964,63,271,10,236,893,0,35,83.40107990050355,12.024510101316508,0.1911059879876236,0.8220590911848571,2.708851544015046
2207934,Pedro Laurentino - PI,2122,1772,292,0,1,0,39,14,0,4,83.50612629594723,13.760603204524035,0.0,0.0471253534401508,0.6597549481621112
2207959,Nova Santa Rita - PI,3539,3230,259,0,0,0,7,43,0,0,91.26871997739474,7.318451539983046,0.0,0.0,1.2150324950551004
2208007,Picos - PI,72669,57661,10778,134,296,0,1218,2439,55,89,79.34745214603201,14.831633846619605,0.18439774869614278,0.4073263702541661,3.3563142467902405
2208106,Pimenteiras - PI,9880,7894,1698,0,5,0,49,228,5,0,79.89878542510121,17.186234817813766,0.0,0.05060728744939271,2.3076923076923075
2208205,Pio IX - PI,15263,12448,2292,20,6,0,77,408,0,11,81.55670575902509,15.016707069383477,0.13103583830177554,0.03931075149053266,2.673131101356221
2208304,Piracuruca - PI,24950,19709,3456,42,44,0,1127,572,0,0,78.99398797595191,13.851703406813627,0.1683366733466934,0.17635270541082165,2.2925851703406814
2208403,Piripiri - PI,56823,46339,7249,131,308,0,745,2029,0,21,81.54972458335533,12.757158192985235,0.2305404501698256,0.5420340355137885,3.570737201485314
2208502,Porto - PI,9874,8766,787,0,0,0,94,228,0,0,88.77861049220174,7.970427385051651,0.0,0.0,2.309094591857403
2208551,Porto Alegre do Piauí - PI,1986,1630,204,0,0,0,0,152,0,0,82.07452165156093,10.27190332326284,0.0,0.0,7.653575025176234
2208601,Prata do Piauí - PI,2627,2155,259,4,0,0,57,152,0,0,82.03273696231443,9.859154929577464,0.15226494099733537,0.0,5.786067757898744
2208650,Queimada Nova - PI,7686,6902,664,0,0,0,5,115,0,0,89.79963570127505,8.639084048920115,0.0,0.0,1.4962269060629716
2208700,Redenção do Gurguéia - PI,7041,4329,1773,13,10,0,69,847,0,0,61.48274392841926,25.181082232637408,0.1846328646499077,0.142025280499929,12.029541258343984
2208809,Regeneração - PI,14609,12569,1362,14,88,0,151,425,0,0,86.03600520227258,9.323020056129783,0.09583133684714902,0.6023684030392223,2.909165582859881
2208858,Riacho Frio - PI,3563,3013,398,0,0,0,15,118,18,0,84.56357002525961,11.170362054448498,0.0,0.0,3.311815885489756
2208874,Ribeira do Piauí - PI,3519,2868,617,0,3,0,13,18,0,0,81.50042625745951,17.533390167661267,0.0,0.08525149190110827,0.5115089514066496
2208908,Ribeiro Gonçalves - PI,5214,3742,1064,3,0,0,87,318,0,0,71.76831607211354,20.406597621787494,0.05753739930955121,0.0,6.098964326812428
2209005,Rio Grande do Piauí - PI,5127,4327,694,0,0,0,40,66,0,0,84.3963331382875,13.536181002535596,0.0,0.0,1.2873025160912814
2209104,Santa Cruz do Piauí - PI,5179,4460,481,12,43,0,58,125,0,0,86.11701100598572,9.287507240780073,0.2317049623479436,0.8302761150801313,2.4135933577910795
2209153,Santa Cruz dos Milagres - PI,3013,2713,266,0,0,0,11,23,0,0,90.04314636574843,8.828410222369731,0.0,0.0,0.7633587786259542
2209203,Santa Filomena - PI,5085,4495,511,0,0,0,20,59,0,0,88.39724680432646,10.049164208456244,0.0,0.0,1.160275319567355
2209302,Santa Luz - PI,4618,3681,804,0,0,0,21,112,0,0,79.70983109571243,17.410134257254224,0.0,0.0,2.425292334343872
2209351,Santana do Piauí - PI,3687,3288,328,0,0,0,3,68,0,0,89.17819365337672,8.896121508001086,0.0,0.0,1.844317873609981
2209377,Santa Rosa do Piauí - PI,4104,3561,429,0,0,0,36,78,0,0,86.76900584795321,10.453216374269006,0.0,0.0,1.9005847953216375
2209401,Santo Antônio de Lisboa - PI,5109,4298,512,6,8,0,56,227,0,3,84.12605206498337,10.021530632217654,0.11743981209630065,0.15658641612840085,4.4431395576433745
2209450,Santo Antônio dos Milagres - PI,1815,1338,332,0,0,0,18,127,0,0,73.71900826446281,18.292011019283745,0.0,0.0,6.997245179063361
2209500,Santo Inácio do Piauí - PI,3223,2854,266,0,0,0,55,48,0,0,88.55103940428172,8.253180266832144,0.0,0.0,1.4892956872479057
2209559,São Braz do Piauí - PI,3781,3073,595,0,0,0,26,87,0,0,81.27479502777044,15.73657762496694,0.0,0.0,2.3009785770960063
2209609,São Félix do Piauí - PI,2545,2257,133,0,0,0,106,48,0,0,88.6836935166994,5.225933202357564,0.0,0.0,1.8860510805500983
2209658,São Francisco de Assis do Piauí - PI,4807,4309,324,0,3,0,59,103,0,9,89.64010817557728,6.7401705845641775,0.0,0.062408986894112756,2.1427085500312044
2209708,São Francisco do Piauí - PI,4750,4198,499,0,0,0,13,41,0,0,88.37894736842105,10.505263157894737,0.0,0.0,0.8631578947368421
2209757,São Gonçalo do Gurguéia - PI,2510,1916,525,0,0,0,11,58,0,0,76.33466135458167,20.916334661354583,0.0,0.0,2.310756972111554
2209807,São Gonçalo do Piauí - PI,4100,2836,429,0,3,0,40,793,0,0,69.17073170731707,10.463414634146341,0.0,0.07317073170731707,19.341463414634145
2209856,São João da Canabrava - PI,3764,3339,389,4,0,0,18,15,0,0,88.70882040382571,10.334750265674813,0.10626992561105207,0.0,0.3985122210414453
2209872,São João da Fronteira - PI,4703,4163,472,0,8,0,24,33,0,2,88.51796725494366,10.036147140123326,0.0,0.1701041888156496,0.7016797788645546
2209906,São João da Serra - PI,5385,4469,694,3,6,0,57,152,0,2,82.98978644382544,12.887650882079852,0.055710306406685235,0.11142061281337047,2.8226555246053855
2209955,São João da Varjota - PI,3812,3414,296,0,2,0,7,91,0,2,89.55928646379853,7.76495278069255,0.0,0.05246589716684155,2.3871983210912906
2209971,São João do Arraial - PI,6888,5589,728,0,19,0,47,492,0,13,81.1411149825784,10.56910569105691,0.0,0.27584204413472707,7.142857142857143
2210003,São João do Piauí - PI,18339,14421,2907,34,94,0,139,730,0,14,78.6356944217242,15.851464092916736,0.1853972408528273,0.5125688423578166,3.980587818310704
2210052,São José do Divino - PI,4280,3772,389,0,4,0,11,92,0,13,88.13084112149532,9.088785046728972,0.0,0.09345794392523364,2.149532710280374
2210102,São José do Peixe - PI,2941,2477,278,4,0,0,126,56,0,0,84.223053383203,9.452567154029241,0.13600816048962938,0.0,1.9041142468548113
2210201,São José do Piauí - PI,5775,4340,1204,0,0,0,21,211,0,0,75.15151515151516,20.848484848484848,0.0,0.0,3.653679653679654
2210300,São Julião - PI,5324,4051,741,2,0,0,51,476,0,2,76.08940646130729,13.918106686701728,0.037565740045078885,0.0,8.940646130728775
2210359,São Lourenço do Piauí - PI,3934,3535,337,0,7,0,26,29,0,0,89.85765124555161,8.566344687341129,0.0,0.17793594306049823,0.7371631926792069
2210375,São Luis do Piauí - PI,2030,1912,102,0,0,0,0,16,0,0,94.1871921182266,5.024630541871921,0.0,0.0,0.7881773399014779
2210383,São Miguel da Baixa Grande - PI,2007,1759,207,0,0,0,2,39,0,0,87.64324862979572,10.31390134529148,0.0,0.0,1.9431988041853512
2210391,São Miguel do Fidalgo - PI,2472,2119,324,3,0,0,0,26,0,0,85.7200647249191,13.106796116504855,0.12135922330097088,0.0,1.051779935275081
2210409,São Miguel do Tapuio - PI,15286,12557,1629,10,0,0,225,846,0,19,82.14706267172576,10.656810153081251,0.06541933795629988,0.0,5.53447599110297
2210508,São Pedro do Piauí - PI,11636,9623,1172,0,16,0,128,687,0,10,82.70024063251977,10.072189755929873,0.0,0.13750429700928155,5.9040907528360265
2210607,São Raimundo Nonato - PI,33271,25200,5300,154,87,0,550,1956,0,24,75.74163686092994,15.929788704878122,0.46286555859457185,0.26148898440082957,5.878993718253134
2210623,Sebastião Barros - PI,2748,2206,376,0,0,0,0,167,0,0,80.27656477438137,13.682678311499272,0.0,0.0,6.0771470160116445
2210631,Sebastião Leal - PI,3814,2982,761,0,10,0,35,26,0,0,78.18563188253802,19.952805453592028,0.0,0.26219192448872575,0.6816990036706869
2210656,Sigefredo Pacheco - PI,8339,6659,1182,10,26,0,123,338,0,0,79.85369948435064,14.174361434224727,0.1199184554502938,0.31178798417076387,4.053243794219931
2210706,Simões - PI,12233,10753,1194,5,23,0,53,195,0,10,87.90157769966484,9.760483936892014,0.040873048311943105,0.18801602223493827,1.5940488841657812
2210805,Simplício Mendes - PI,11966,9621,1567,47,5,0,149,577,0,0,80.40280795587498,13.09543707170316,0.39277954203576804,0.041785057663379574,4.821995654354003
2210904,Socorro do Piauí - PI,3659,2957,613,0,0,0,3,86,0,0,80.81443017217819,16.75321125990708,0.0,0.0,2.3503689532659195
2210938,Sussuapara - PI,5482,4827,581,0,18,0,33,20,0,3,88.05180591025173,10.598321780372126,0.0,0.32834731849689897,0.36483035388544327
2210953,Tamboril do Piauí - PI,2513,1739,672,0,3,0,35,64,0,0,69.20015917230401,26.740947075208915,0.0,0.1193792280143255,2.546756864305611
2210979,Tanque do Piauí - PI,2038,1703,237,0,0,0,45,53,0,0,83.56231599607459,11.629048086359175,0.0,0.0,2.600588812561335
2211001,Teresina - PI,753739,528986,146536,6667,6228,54,21218,43362,87,599,70.18158805634312,19.441212409069983,0.8845236879078833,0.8262807152077841,5.752919777270382
2211100,União - PI,39139,33210,4069,12,104,8,557,1179,0,0,84.8514269654309,10.396279925394108,0.030659955543064464,0.2657196147065587,3.0123406321060835
2211209,Uruçuí - PI,21097,16022,4028,8,5,0,334,700,0,0,75.94444707778356,19.09276200407641,0.037920083424183536,0.023700052140114707,3.3180072996160592
2211308,Valença do Piauí - PI,19640,15327,2999,0,63,0,248,994,0,9,78.0397148676171,15.269857433808554,0.0,0.32077393075356414,5.0610997963340125
2211357,Várzea Branca - PI,4311,3467,526,0,0,0,9,306,0,4,80.42217582927395,12.201345395499883,0.0,0.0,7.09812108559499
2211407,Várzea Grande - PI,3893,3434,161,5,6,0,43,244,0,0,88.20960698689956,4.135628050346776,0.12843565373747753,0.15412278448497302,6.267659902388903
2211506,Vera Mendes - PI,2827,2029,761,0,0,0,0,37,0,0,71.77219667492041,26.918995401485674,0.0,0.0,1.3088079235939158
2211605,Vila Nova do Piauí - PI,2618,2062,487,4,6,0,6,53,0,0,78.76241405653171,18.601986249045073,0.15278838808250572,0.22918258212375858,2.024446142093201
2211704,Wall Ferraz - PI,3655,3006,577,0,5,0,13,46,0,8,82.24350205198358,15.786593707250342,0.0,0.13679890560875513,1.2585499316005473
2300101,Abaiara - CE,8581,7421,947,0,0,0,12,191,0,9,86.48176203239716,11.036009789068872,0.0,0.0,2.2258478032863303
2300150,Acarape - CE,11930,7183,3748,29,52,0,265,652,0,2,60.20955574182732,31.416596814752726,0.24308466051969824,0.4358759430008382,5.465213746856664
2300200,Acaraú - CE,55154,39673,11787,15,63,0,425,3036,31,124,71.93131957790912,21.371070094644086,0.0271965768575262,0.11422562280161004,5.504587155963303
2300309,Acopiara - CE,39565,33018,4619,19,53,0,484,1373,0,0,83.45254644256288,11.674459749778846,0.048022241880449894,0.1339567799823076,3.4702388474661947
2300408,Aiuaba - CE,12227,10448,1336,11,23,0,149,242,0,18,85.4502330907009,10.926637768872169,0.08996483192933671,0.1881082849431586,1.9792263024454078
2300507,Alcântaras - CE,9801,8784,671,4,6,0,119,218,0,0,89.62350780532599,6.846240179573513,0.040812162024283234,0.061218243036424855,2.224262830323436
2300606,Altaneira - CE,5816,4884,706,14,3,4,84,121,0,0,83.97524071526823,12.138927097661623,0.2407152682255846,0.0515818431911967,2.0804676753782667
2300705,Alto Santo - CE,12221,9616,1747,50,77,0,116,616,0,0,78.6842320595696,14.295065870223386,0.4091318222731364,0.6300630063006301,5.0405040504050405
2300754,Amontada - CE,35018,24747,8975,0,7,0,269,886,0,134,70.66937003826604,25.62967616654292,0.0,0.019989719572791137,2.530127363070421
2300804,Antonina do Norte - CE,6359,5579,552,10,3,0,75,133,0,6,87.73392042774022,8.680610158830005,0.15725743041358703,0.04717722912407611,2.0915238245007077
2300903,Apuiarés - CE,11218,9618,1391,3,0,0,60,140,0,5,85.73720805847745,12.39971474416117,0.026742734890354787,0.0,1.2479942948832234
2301000,Aquiraz - CE,70122,43741,18721,422,701,121,1589,4695,0,132,62.37842617152962,26.697755340691938,0.6018082770029377,0.9996862610878183,6.695473603148798
2301109,Aracati - CE,65327,43467,15575,273,219,0,1081,4704,8,0,66.53757251978509,23.84159688949439,0.41789765334394663,0.33523657905613297,7.200698026849541
2301208,Aracoiaba - CE,22094,17724,3884,14,0,0,158,291,0,22,80.22087444555083,17.579433330315922,0.06336561962523762,0.0,1.3170996650674391
2301257,Ararendá - CE,9621,8118,1061,6,85,0,162,140,0,50,84.377923292797,11.027959671551814,0.06236357966947303,0.8834840453175345,1.455150192287704
2301307,Araripe - CE,16791,14286,1886,10,9,0,39,530,0,30,85.08129355011613,11.232207730331725,0.05955571437079388,0.05360014293371449,3.1564528616520757
2301406,Aratuba - CE,9647,7400,2049,16,16,0,109,50,0,8,76.70778480356587,21.23976365709547,0.16585466984554784,0.16585466984554784,0.518295843267337
2301505,Arneiroz - CE,6447,5367,695,9,0,0,83,290,0,3,83.24802233597022,10.780207848611758,0.13959981386691483,0.0,4.498216224600589
2301604,Assaré - CE,18818,15392,2811,11,33,0,259,261,0,52,81.7940269954299,14.937825486236582,0.058454671059623764,0.1753640131788713,1.3869699224147094
2301703,Aurora - CE,20657,17978,2200,0,7,0,184,289,0,0,87.03103064336544,10.650142808733117,0.0,0.03388681802778719,1.399041487147214
2301802,Baixio - CE,5059,4338,614,0,0,0,98,10,0,0,85.74817157541015,12.136785926072346,0.0,0.0,0.19766752322593398
2301851,Banabuiú - CE,14701,11619,2322,37,10,0,315,381,0,16,79.03543976600231,15.794843888170872,0.2516835589415686,0.06802258349772124,2.5916604312631795
2301901,Barbalha - CE,63581,55194,5888,170,159,0,998,1161,0,12,86.80895235998176,9.26062817508375,0.26737547380506754,0.2500747078529749,1.826017206398138
2301950,Barreira - CE,19160,11219,6891,20,0,0,163,866,0,0,58.55427974947808,35.96555323590814,0.10438413361169102,0.0,4.519832985386222
2302008,Barro - CE,17098,14737,1778,125,22,0,166,246,0,25,86.19136741139314,10.398877061644637,0.7310796584395836,0.12867001988536672,1.4387647678091005
2302057,Barroquinha - CE,12516,9581,2014,0,5,8,61,848,0,0,76.55001597954617,16.09140300415468,0.0,0.039948865452221156,6.775327580696708
2302107,Baturité - CE,29921,23327,4561,76,100,0,487,1337,32,0,77.96196651181444,15.24347448280472,0.25400220580862937,0.334213428695565,4.468433541659704
2302206,Beberibe - CE,46161,31120,11224,188,78,0,746,2715,0,91,67.41621715300795,24.314897857498753,0.4072702064513334,0.16897380905959578,5.88158835380516
2302305,Bela Cruz - CE,28360,25121,2634,0,21,0,54,530,0,0,88.5789844851904,9.287729196050776,0.0,0.07404795486600846,1.8688293370944993
2302404,Boa Viagem - CE,43632,35970,6655,48,12,0,263,684,0,0,82.43949394939494,15.252566923359003,0.11001100110011001,0.027502750275027504,1.5676567656765676
2302503,Brejo Santo - CE,44412,39261,3994,63,73,0,271,751,0,0,88.40178330181033,8.993064937404306,0.14185355309375844,0.16436999009276773,1.6909844186255967
2302602,Camocim - CE,53427,37543,9784,89,177,0,2316,3483,0,35,70.26971381511221,18.312838078125292,0.16658243959046923,0.3312931663765512,6.519175697680947
2302701,Campos Sales - CE,21877,18609,2540,23,29,0,175,494,7,0,85.06193719431366,11.610367052155231,0.10513324496046075,0.13255930886318965,2.2580792613246787
2302800,Canindé - CE,63507,53266,8027,297,154,0,520,1231,0,11,83.87421859007668,12.639551545498922,0.46766498181302846,0.24249295353268144,1.9383689986930575
2302909,Capistrano - CE,14754,11678,2619,17,0,0,112,328,0,0,79.15141656499932,17.75111834078894,0.11522299037549139,0.0,2.2231259319506576
2303006,Caridade - CE,13848,11862,1550,28,0,0,103,306,0,0,85.65857885615252,11.192952050837667,0.2021952628538417,0.0,2.2097053726169844
2303105,Cariré - CE,15251,12650,2116,0,0,0,66,419,0,0,82.9453806307783,13.874500032784736,0.0,0.0,2.7473608287981115
2303204,Caririaçu - CE,22451,20268,1396,20,50,0,116,601,0,0,90.2766023785132,6.2179858358202305,0.08908289163066233,0.22270722907665583,2.676940893501403
2303303,Cariús - CE,14934,11215,2342,15,0,0,771,591,0,0,75.09709387973751,15.68233561001741,0.1004419445560466,0.0,3.957412615508236
2303402,Carnaubal - CE,14643,12476,1262,10,29,153,150,541,12,10,85.20111998907328,8.61845250290241,0.06829201666325206,0.198046848323431,3.6945981014819367
2303501,Cascavel - CE,62964,43715,14676,117,221,0,1319,2908,0,8,69.42856235309065,23.30855727082142,0.18582046883933676,0.3509942189187472,4.618512165681977
2303600,Catarina - CE,8917,7315,1295,13,0,0,104,184,0,7,82.0343164741505,14.522821576763485,0.1457889424694404,0.0,2.063474262644387
2303659,Catunda - CE,9087,7804,855,3,19,0,105,301,0,0,85.88092879938374,9.409045889732585,0.03301419610432486,0.2090899086607241,3.312424342467261
2303709,Caucaia - CE,303759,165406,98982,1182,1913,146,10592,25263,151,123,54.453036782449246,32.58570116440994,0.38912427286105106,0.6297755786659819,8.316790613611449
2303808,Cedro - CE,19762,16025,3031,17,21,0,130,518,0,20,81.08997065074385,15.337516445703876,0.08602368181358162,0.10626454812265965,2.6211921870256045
2303907,Chaval - CE,10612,8549,1563,0,34,0,107,350,0,8,80.55974368639276,14.728609121748963,0.0,0.3203920090463626,3.2981530343007917
2303931,Choró - CE,10306,8352,1753,13,45,0,40,103,0,0,81.04017077430623,17.00950902386959,0.12614011255579274,0.43663885115466716,0.9994178148651272
2303956,Chorozinho - CE,17369,11093,4694,0,21,0,624,936,0,0,63.866658990154875,27.025159767401693,0.0,0.12090506074039956,5.388911278714952
2304004,Coreaú - CE,17831,16003,1447,0,31,0,120,230,0,0,89.74819135213953,8.115080477819527,0.0,0.17385452302170376,1.2898883966126409
2304103,Crateús - CE,66562,48827,9940,112,259,0,3492,3730,23,180,73.35566839938704,14.933445509449836,0.16826417475436437,0.3891109041194676,5.603797962801599
2304202,Crato - CE,112949,91812,12591,1695,448,0,1720,4661,0,22,81.28624423412336,11.147509052758325,1.500677296833084,0.3966391911393638,4.1266412274566395
2304236,Croatá - CE,15072,13387,1311,6,0,0,135,231,0,3,88.82032908704883,8.698248407643312,0.03980891719745223,0.0,1.5326433121019107
2304251,Cruz - CE,25248,20187,4060,46,23,0,239,693,0,0,79.95484790874525,16.080481622306717,0.18219264892268694,0.09109632446134347,2.7447718631178706
2304269,Deputado Irapuan Pinheiro - CE,7943,6988,828,0,5,0,14,108,0,0,87.9768349490117,10.424272944731209,0.0,0.06294850812035754,1.359687775399723
2304277,Ereré - CE,5605,4966,502,0,8,0,60,68,0,0,88.59946476360392,8.956289027653881,0.0,0.14272970561998216,1.2132024977698483
2304285,Eusébio - CE,63273,37769,16775,1081,222,10,2666,4735,0,16,59.69212776381711,26.512098367392095,1.708469647400945,0.35086055663553173,7.483444755266859
2304301,Farias Brito - CE,15903,13578,1745,14,0,0,220,333,0,12,85.38011695906432,10.9727724328743,0.08803370433251588,0.0,2.0939445387662707
2304350,Forquilha - CE,20831,14711,4664,0,17,0,325,1091,0,23,70.62070951946617,22.389707647256493,0.0,0.08160914022370505,5.237386587297777
2304400,Fortaleza - CE,2133113,1280526,561214,25892,12957,282,84593,162921,2116,2611,60.03085631187846,26.309623540806324,1.2138128641098713,0.607422110314831,7.637710707308989
2304459,Fortim - CE,15095,9323,4457,79,27,0,386,818,0,5,61.76217290493541,29.526333222921497,0.5233521033454787,0.17886717456111295,5.419012918184829
2304509,Frecheirinha - CE,13197,10737,1887,4,5,0,85,479,0,0,81.35939986360536,14.298704250966129,0.030309918920966888,0.03788739865120861,3.6296127907857847
2304608,General Sampaio - CE,5755,4931,671,7,10,0,59,78,0,0,85.68201563857515,11.659426585577759,0.12163336229365769,0.1737619461337967,1.3553431798436142
2304657,Graça - CE,11913,9790,1188,4,28,0,137,765,0,0,82.17913204062789,9.97229916897507,0.03357676487870394,0.23503735415092755,6.421556283052128
2304707,Granja - CE,45554,36113,4042,39,4,0,3580,1725,28,23,79.27514598059446,8.872985906835844,0.08561267945734732,0.008780787636651008,3.786714668305747
2304806,Granjeiro - CE,4189,3961,170,0,0,0,12,46,0,0,94.55717354977321,4.05824779183576,0.0,0.0,1.0981141083790882
2304905,Groaíras - CE,9541,6726,1566,4,59,0,313,868,0,6,70.4957551619327,16.41337386018237,0.04192432659050414,0.6183838172099361,9.0975788701394
2304954,Guaiúba - CE,20780,15245,4486,43,13,10,236,736,0,11,73.36381135707411,21.588065447545716,0.20692974013474494,0.06256015399422522,3.5418671799807506
2305001,Guaraciaba do Norte - CE,35703,30092,4260,9,38,0,366,937,0,0,84.28423381788645,11.93177043945887,0.025207965717166624,0.10643363302803686,2.624429319665014
2305100,Guaramiranga - CE,4963,3949,591,32,9,3,95,285,0,0,79.56880918799114,11.908120088656055,0.6447713076768083,0.18134193028410237,5.742494458996575
2305209,Hidrolândia - CE,15470,11890,2529,8,25,0,150,868,0,0,76.85843568196509,16.34776987718164,0.051712992889463474,0.16160310277957338,5.610859728506787
2305233,Horizonte - CE,63461,36344,17353,58,250,12,1061,8176,0,206,57.2698192590725,27.34435322481524,0.09139471486424733,0.3939427364838247,12.883503253967003
2305266,Ibaretama - CE,10229,8276,1674,11,6,0,49,212,0,0,80.90722455763027,16.36523609345977,0.10753739368462216,0.05865676019161208,2.0725388601036268
2305308,Ibiapina - CE,20347,17372,2375,11,131,0,162,285,0,12,85.3786799036713,11.672482429842237,0.0540620238855851,0.643829557182877,1.4006978915810684
2305332,Ibicuitinga - CE,10127,7799,1917,7,0,0,71,328,0,5,77.01194825713439,18.929594154241137,0.06912214871136566,0.0,3.2388663967611335
2305357,Icapuí - CE,18616,10236,5562,62,0,0,882,1851,0,23,54.98495917490331,29.877524709926945,0.3330468414267297,0.0,9.943059733562526
2305407,Icó - CE,54385,44337,7686,49,163,0,659,1470,0,21,81.52431736692103,14.132573319849223,0.09009837271306427,0.29971499494345866,2.702951181391928
2305506,Iguatu - CE,85475,64463,13739,299,129,0,1780,4921,0,144,75.41737350102369,16.07370576191869,0.34980988593155893,0.15092132202398362,5.757238958759872
2305605,Independência - CE,21221,18523,1904,11,37,0,88,649,0,9,87.28617878516563,8.972244474812685,0.05183544602045144,0.17435559115970028,3.058291315206635
2305654,Ipaporanga - CE,10092,8423,1366,0,6,0,90,187,0,20,83.46214823622671,13.5354736424891,0.0,0.059453032104637336,1.8529528339278636
2305704,Ipaumirim - CE,10325,8662,1227,0,9,0,94,333,0,0,83.89346246973366,11.883777239709444,0.0,0.08716707021791767,3.225181598062954
2305803,Ipu - CE,35236,30964,3008,85,70,0,488,621,0,0,87.87603587240322,8.536723805199228,0.2412305596548984,0.19866046089226927,1.762402088772846
2305902,Ipueiras - CE,31853,26475,3630,10,96,0,414,1185,11,31,83.11618999780241,11.3961008382256,0.03139421718519449,0.3013844849778671,3.7202147364455467
2306009,Iracema - CE,12177,10261,1084,71,21,0,154,580,0,5,84.26541841175988,8.902028414223537,0.5830664367249733,0.17245627001724562,4.763077933809641
2306108,Irauçuba - CE,20244,15375,3936,0,0,0,95,827,0,13,75.9484291641968,19.44279786603438,0.0,0.0,4.085161035368504
2306207,Itaiçaba - CE,6603,5149,1224,1,3,0,31,191,0,3,77.97970619415418,18.53702862335302,0.015144631228229592,0.04543389368468878,2.892624564591852
2306256,Itaitinga - CE,56348,31467,17433,172,342,23,1661,5163,0,88,55.844040604812946,30.9380989564847,0.30524597146305105,0.6069425711649038,9.16270320153333
2306306,Itapajé - CE,39865,27007,10398,0,20,0,673,1724,0,43,67.74614323341277,26.08303022701618,0.0,0.05016932145992725,4.32459550984573
2306405,Itapipoca - CE,111146,80101,26031,182,137,353,1169,2944,0,229,72.0682705630432,23.420545948572148,0.16374858294495528,0.12326129595307074,2.648768286757958
2306504,Itapiúna - CE,15364,11635,2839,34,43,0,82,718,0,13,75.72897682895079,18.47826086956522,0.2212965373600625,0.27987503254360846,4.673262171309555
2306553,Itarema - CE,36342,25680,8036,15,42,729,464,1311,60,5,70.6620439161301,22.11215673325629,0.04127455836222552,0.11556876341423147,3.607396400858511
2306603,Itatira - CE,17532,14445,2630,0,20,0,169,269,0,0,82.39219712525667,15.001140771161305,0.0,0.11407711613050422,1.5343372119552818
2306702,Jaguaretama - CE,14957,13059,1334,237,24,0,94,200,0,9,87.31028949655679,8.918900849100755,1.5845423547502842,0.160459985291168,1.337166544093067
2306801,Jaguaribara - CE,8965,7501,1124,22,0,0,63,249,0,6,83.66982710540992,12.537646402677078,0.24539877300613497,0.0,2.777467930842164
2306900,Jaguaribe - CE,29471,22934,4249,168,61,0,158,1852,0,50,77.81887279020053,14.417563028061485,0.5700519154422992,0.20698313596416817,6.284143734518679
2307007,Jaguaruana - CE,27758,23373,3350,39,145,0,271,570,0,10,84.20275235968009,12.068592838100727,0.14050003602565025,0.5223719288133151,2.0534620649902733
2307106,Jardim - CE,23416,21272,1627,117,0,0,146,255,0,0,90.84386744106594,6.948240519303041,0.49965835326272634,0.0,1.0889989750597882
2307205,Jati - CE,6711,5151,1262,26,0,0,27,240,0,5,76.7545820295038,18.80494710177321,0.38742363284160336,0.0,3.576218149307108
2307254,Jijoca de Jericoacoara - CE,21518,15022,4268,46,46,10,333,1793,0,0,69.81132075471699,19.83455711497351,0.21377451436007064,0.21377451436007064,8.332558787991449
2307304,Juazeiro do Norte - CE,245645,199311,28307,2103,1540,9,4730,9579,30,36,81.13782083901565,11.523540067984285,0.8561134971198274,0.6269209631785707,3.8995298092776163
2307403,Jucás - CE,20667,16338,3750,0,52,0,53,474,0,0,79.05356365219916,18.14486863115111,0.0,0.25160884501862874,2.2935113949775006
2307502,Lavras da Mangabeira - CE,26968,23021,3038,46,7,0,230,626,0,0,85.36413527143281,11.265203203797093,0.1705725304064076,0.025956689409670722,2.3212696529219814
2307601,Limoeiro do Norte - CE,52181,37514,10040,241,203,0,1577,2479,56,71,71.89206799409747,19.240719802226863,0.4618539315076369,0.3890304900251049,4.750771353557808
2307635,Madalena - CE,14523,11850,2351,0,10,0,30,277,0,6,81.59471183639744,16.188115403153617,0.0,0.06885629690835227,1.9073194243613578
2307650,Maracanaú - CE,200733,108052,65871,1029,1011,21,9199,15362,25,165,53.82871774944827,32.81523217408199,0.5126212431438777,0.5036541076952967,7.652951931172254
2307700,Maranguape - CE,90778,58149,23772,486,153,11,3308,4646,254,0,64.05626914010003,26.186961598625217,0.5353720064332768,0.16854303906232787,5.117980127343629
2307809,Marco - CE,22001,20357,1504,0,0,10,33,97,0,0,92.5276123812554,6.83605290668606,0.0,0.0,0.44088905049770466
2307908,Martinópole - CE,9274,7774,1008,20,12,0,65,396,0,0,83.82574940694414,10.869096398533534,0.21565667457407806,0.12939400474444684,4.270002156566746
2308005,Massapê - CE,32102,26016,4762,66,93,0,380,785,0,0,81.04167964612796,14.833966731044795,0.20559466699894088,0.2897015762257803,2.4453305090025546
2308104,Mauriti - CE,39023,34060,3902,182,32,0,314,532,0,0,87.2818594162417,9.999231222612305,0.4663916152012915,0.08200292135407324,1.3632985675114675
2308203,Meruoca - CE,12991,11337,1291,0,13,0,79,270,0,0,87.26810869063198,9.937649141713495,0.0,0.10006927873142946,2.078361942883535
2308302,Milagres - CE,22678,19616,2429,27,13,0,282,311,0,0,86.49792750683481,10.710821060058207,0.11905811799982362,0.057324279036952114,1.3713731369609312
2308351,Milhã - CE,12428,11071,1206,0,12,0,35,103,0,0,89.0811071773415,9.703894431927905,0.0,0.0965561635017702,0.8287737367235275
2308377,Miraíma - CE,12061,9980,1824,0,16,0,88,138,0,14,82.74604095846115,15.123124119061437,0.0,0.13265898350053892,1.1441837326921482
2308401,Missão Velha - CE,31257,26844,3482,41,90,0,74,686,0,40,85.88156252999327,11.139904661355857,0.13117061778161693,0.28793550244745175,2.1947083853216878
2308500,Mombaça - CE,32946,26732,4926,0,66,0,247,943,23,10,81.13883324227524,14.951739209615734,0.0,0.20032780914223275,2.8622594548655376
2308609,Monsenhor Tabosa - CE,14849,12070,2306,29,15,27,164,238,0,0,81.28493501245875,15.529665297326419,0.1952993467573574,0.10101690349518486,1.6028015354569332
2308708,Morada Nova - CE,54158,39559,10404,64,97,0,845,3163,0,26,73.04368698991838,19.21045828871081,0.11817275379445327,0.17910557996971824,5.840319066435245
2308807,Moraújo - CE,7064,6044,691,5,5,0,105,176,6,31,85.56058890147226,9.781993204983012,0.07078142695356739,0.07078142695356739,2.491506228765572
2308906,Morrinhos - CE,19152,15628,3169,0,35,0,50,259,0,10,81.59983291562239,16.54657477025898,0.0,0.1827485380116959,1.3523391812865497
2309003,Mucambo - CE,11895,9548,1614,10,10,0,27,681,0,5,80.26902059688945,13.568726355611602,0.08406893652795293,0.08406893652795293,5.725094577553594
2309102,Mulungu - CE,9029,6851,1607,85,6,0,243,236,0,0,75.8777273230701,17.798205781371138,0.9414110089710932,0.06645254180972422,2.6137999778491525
2309201,Nova Olinda - CE,12934,10459,1950,15,5,0,97,409,0,0,80.8643884335859,15.076542446265657,0.11597340343281275,0.03865780114427091,3.1622081336013608
2309300,Nova Russas - CE,26757,20235,4196,190,212,0,491,1434,0,0,75.62507007512053,15.681877639496207,0.7100945546959674,0.7923160294502373,5.359345218073775
2309409,Novo Oriente - CE,24005,18743,4296,0,17,0,132,800,0,18,78.07956675692564,17.896271610081232,0.0,0.07081857946261196,3.3326390335346803
2309458,Ocara - CE,21417,16359,4084,0,33,0,247,693,0,0,76.38324695335481,19.068963907176542,0.0,0.15408320493066255,3.235747303543914
2309508,Orós - CE,17277,13370,3146,0,0,0,92,657,0,12,77.38612027551079,18.209179834462002,0.0,0.0,3.802743531863171
2309607,Pacajus - CE,61043,38639,17209,109,173,0,2168,2660,0,85,63.29800304703242,28.19160264076143,0.17856265255639467,0.2834067788280393,4.357583998165228
2309706,Pacatuba - CE,68820,35872,23421,248,204,52,2308,6624,0,91,52.12438244696309,34.03225806451613,0.36036036036036034,0.29642545771578027,9.62510897994769
2309805,Pacoti - CE,9609,8280,1085,17,5,0,110,111,0,0,86.16921635966281,11.291497554376106,0.17691747320220627,0.052034550941825373,1.1551670309085234
2309904,Pacujá - CE,5379,4569,570,11,0,0,59,169,0,0,84.941438929169,10.596765197992191,0.20449897750511248,0.0,3.141847927124001
2310001,Palhano - CE,8224,6655,1373,4,10,0,85,76,0,21,80.92169260700389,16.695038910505836,0.048638132295719845,0.12159533073929961,0.9241245136186771
2310100,Palmácia - CE,8904,6939,1609,12,44,3,48,248,0,0,77.93126684636118,18.070530098831984,0.1347708894878706,0.4941599281221923,2.785265049415993
2310209,Paracuru - CE,33440,21057,9060,90,192,0,863,2150,0,27,62.969497607655505,27.093301435406698,0.26913875598086123,0.5741626794258373,6.429425837320574
2310258,Paraipaba - CE,27469,16464,8912,44,28,0,713,1301,0,8,59.93665586661327,32.44384578979941,0.16018056718482654,0.10193308820852598,4.736248134260439
2310308,Parambu - CE,27254,19230,6457,9,35,0,628,871,0,25,70.55845013575988,23.691935128788433,0.03302267557055845,0.1284215161077273,3.195861157995157
2310407,Paramoti - CE,9049,8087,849,0,0,0,85,29,0,0,89.36899104873467,9.38225218256161,0.0,0.0,0.32047740081776993
2310506,Pedra Branca - CE,35244,30482,3728,31,67,0,404,523,0,8,86.48848030870502,10.577686982181364,0.08795823402564976,0.19010327999092044,1.483940528884349
2310605,Penaforte - CE,7568,5802,1526,0,0,0,81,155,0,5,76.66490486257928,20.16384778012685,0.0,0.0,2.0480972515856237
2310704,Pentecoste - CE,32579,24642,6534,45,81,11,564,667,0,35,75.63768071457073,20.05586420700451,0.13812578654961785,0.24862641578931213,2.047331102857669
2310803,Pereiro - CE,13263,11773,749,159,0,0,247,337,0,0,88.7657392746739,5.647289451858554,1.1988237955213752,0.0,2.5409032647214054
2310852,Pindoretama - CE,20068,14405,4656,115,72,0,322,489,0,8,71.78094478772175,23.20111620490333,0.5730516244767789,0.35878014749850506,2.436715168427347
2310902,Piquet Carneiro - CE,14760,12336,1673,34,15,0,76,617,0,8,83.57723577235772,11.33468834688347,0.23035230352303523,0.1016260162601626,4.1802168021680215
2310951,Pires Ferreira - CE,9301,8183,751,0,0,0,88,247,0,32,87.97978711966455,8.074400602085797,0.0,0.0,2.655628427050855
2311009,Poranga - CE,10369,8523,1321,3,52,66,105,272,0,27,82.19693316616839,12.739897772205612,0.02893239463786286,0.5014948403896229,2.623203780499566
2311108,Porteiras - CE,14578,12203,1902,18,27,0,138,271,0,18,83.70832761695706,13.047057209493758,0.12347372753464124,0.18521059130196185,1.8589655645493208
2311207,Potengi - CE,7625,6534,711,45,8,9,87,230,0,0,85.69180327868852,9.324590163934426,0.5901639344262295,0.10491803278688525,3.0163934426229506
2311231,Potiretama - CE,5201,4445,547,0,0,0,76,103,0,31,85.46433378196501,10.517208229186695,0.0,0.0,1.980388386848683
2311264,Quiterianópolis - CE,17609,14494,2636,0,19,15,162,284,0,0,82.31018229314554,14.969617809074904,0.0,0.10789936964052473,1.6128116304162645
2311306,Quixadá - CE,71739,51368,15678,386,272,0,714,3258,0,63,71.60400897698602,21.854221553130095,0.5380615843543958,0.3791522045191597,4.541462802659641
2311355,Quixelô - CE,14076,11686,1641,0,0,0,95,636,4,13,83.02074452969593,11.658141517476556,0.0,0.0,4.518329070758738
2311405,Quixeramobim - CE,70706,53890,12194,235,256,0,861,3236,0,34,76.2170112861709,17.24606115464034,0.33236217577009025,0.3620626255197579,4.576697875710689
2311504,Quixeré - CE,18166,14304,2537,71,44,0,116,1071,0,24,78.74050423868766,13.965650115600573,0.39084003082681934,0.2422107233292965,5.89562919740174
2311603,Redenção - CE,23412,16194,5651,34,33,0,368,1126,0,6,69.16965658636596,24.137194601059285,0.14522467110883308,0.14095335725269093,4.80949940201606
2311702,Reriutaba - CE,16048,13948,1436,22,0,0,211,418,0,13,86.91425722831505,8.9481555333998,0.1370887337986042,0.0,2.6046859421734796
2311801,Russas - CE,63610,47990,12021,208,125,0,959,2298,0,9,75.4441125609181,18.897972016978464,0.32699261122465023,0.19650998270712153,3.612639522087722
2311900,Saboeiro - CE,11993,8810,2163,16,0,0,165,824,0,14,73.45951805219711,18.035520720420244,0.13341115650796298,0.0,6.870674560160094
2311959,Salitre - CE,13950,11229,2151,6,8,0,174,382,0,0,80.49462365591398,15.419354838709678,0.043010752688172046,0.05734767025089606,2.738351254480287
2312007,Santana do Acaraú - CE,26345,22955,2927,10,39,0,99,315,0,0,87.13228316568609,11.110267602960713,0.03795786676788764,0.1480356803947618,1.1956728031884607
2312106,Santana do Cariri - CE,14442,12757,1284,18,16,0,67,274,0,25,88.33264090846143,8.890735355213959,0.12463647694225176,0.1107879795042238,1.8972441490098324
2312205,Santa Quitéria - CE,34968,29928,3466,182,49,0,387,955,0,0,85.58682223747427,9.911919469229009,0.5204758636467628,0.1401281171356669,2.7310684053992222
2312304,São Benedito - CE,40261,34831,3864,9,80,0,460,985,0,32,86.51300265765877,9.597377114329003,0.022354139241449543,0.19870345992399593,2.4465363503142
2312403,São Gonçalo do Amarante - CE,45992,27892,12399,89,166,0,2025,3420,0,0,60.64532962254305,26.959036354148548,0.19351191511567228,0.36093233605844494,7.436075839276396
2312502,São João do Jaguaribe - CE,5304,4100,927,20,0,0,92,166,0,0,77.3001508295626,17.47737556561086,0.3770739064856712,0.0,3.129713423831071
2312601,São Luís do Curu - CE,9323,6307,2520,5,14,0,74,380,15,8,67.64989810146949,27.029925989488362,0.05363080553469913,0.15016625549715756,4.075941220637134
2312700,Senador Pompeu - CE,21202,17951,2456,10,63,0,199,512,0,10,84.66654089236864,11.583812847844543,0.047165361758324684,0.29714177907744554,2.414866522026224
2312809,Senador Sá - CE,6185,5314,670,0,13,2,51,136,0,0,85.91754244139047,10.832659660468876,0.0,0.21018593371059013,2.198868229587712
2312908,Sobral - CE,174844,130749,28628,1022,860,9,4739,8741,18,78,74.7803756491501,16.37345290659102,0.5845210587723914,0.4918670357575896,4.999313673903594
2313005,Solonópole - CE,16094,14274,1433,5,29,7,132,203,0,11,88.69143780290791,8.903939356281844,0.03106747856343979,0.1801913756679508,1.2613396296756556
2313104,Tabuleiro do Norte - CE,27006,19442,5247,54,0,0,573,1681,0,9,71.9914093164482,19.429015774272383,0.19995556542990447,0.0,6.2245426942161
2313203,Tamboril - CE,21668,17972,2508,23,89,0,217,792,46,21,82.94258814842163,11.574672327856748,0.10614731401144545,0.410743954218202,3.655159682481078
2313252,Tarrafas - CE,6620,5228,1074,0,0,0,68,183,0,67,78.97280966767372,16.22356495468278,0.0,0.0,2.7643504531722054
2313302,Tauá - CE,53268,36799,12243,272,109,0,1465,2241,0,139,69.08275137042878,22.983780130660058,0.5106255162574154,0.2046256664413907,4.207028610047308
2313351,Tejuçuoca - CE,14512,11980,2276,5,12,0,122,103,4,10,82.5523704520397,15.683572216097023,0.0344542447629548,0.08269018743109151,0.7097574421168688
2313401,Tianguá - CE,68561,53842,11012,213,115,0,1685,1624,0,71,78.53152666968101,16.06160936975832,0.3106722480710608,0.16773384285526757,2.3686935721474307
2313500,Trairi - CE,49169,33381,13100,22,20,0,504,2042,0,99,67.89033740771625,26.642803392381378,0.044743639284915294,0.04067603571355936,4.15302324635441
2313559,Tururu - CE,13079,8568,3775,8,12,0,508,197,0,11,65.50959553482681,28.8630629253001,0.06116675586818564,0.09175013380227846,1.5062313632540714
2313609,Ubajara - CE,27731,21927,4641,64,17,0,427,630,0,24,79.07035447693917,16.7357830586708,0.2307886480833724,0.06130323464714579,2.2718257545706972
2313708,Umari - CE,6065,4905,910,9,20,0,35,182,0,4,80.87386644682606,15.004122011541632,0.1483924154987634,0.3297609233305853,3.0008244023083264
2313757,Umirim - CE,14693,10015,3811,3,3,0,180,681,0,0,68.16170965766011,25.937521268631322,0.02041788606819574,0.02041788606819574,4.634860137480433
2313807,Uruburetama - CE,16989,12027,4028,8,19,0,231,675,0,0,70.79286597209959,23.709459061745836,0.04708929307198775,0.11183707104597092,3.973159102948967
2313906,Uruoca - CE,11769,9033,2061,22,25,0,76,539,0,12,76.75248534284987,17.5121080805506,0.18693176990398505,0.212422465799983,4.579828362647634
2313955,Varjota - CE,15413,11824,2387,0,13,0,342,793,50,4,76.71446181794589,15.48692662038539,0.0,0.08434438461039383,5.145007461234023
2314003,Várzea Alegre - CE,34226,29578,3529,74,11,0,245,750,0,39,86.41968094431134,10.310874773563958,0.21620989890726347,0.03213930929702565,2.191316542979022
2314102,Viçosa do Ceará - CE,50397,41540,6833,140,0,0,512,1342,7,24,82.42554120284937,13.558346726987718,0.27779431315356073,0.0,2.662856916086275
2400109,Acari - RN,9460,8291,838,10,10,0,48,260,0,2,87.64270613107823,8.858350951374208,0.10570824524312897,0.10570824524312897,2.748414376321353
2400208,Assú - RN,49337,34913,9974,189,103,0,976,3182,0,0,70.76433508320328,20.216065022194297,0.383079635973002,0.20876826722338204,6.449520643735939
2400307,Afonso Bezerra - RN,9401,7119,1764,0,18,0,137,364,0,0,75.72598659717052,18.763961280714817,0.0,0.19146899266035527,3.8719285182427403
2400406,Água Nova - RN,2578,2083,260,25,11,0,75,124,0,0,80.79906904577192,10.08533747090768,0.969743987587277,0.42668735453840184,4.809930178432894
2400505,Alexandria - RN,12048,10061,1552,5,0,0,109,321,0,0,83.50763612217796,12.881806108897742,0.04150066401062417,0.0,2.664342629482072
2400604,Almino Afonso - RN,4208,3371,509,5,3,0,45,274,0,0,80.10931558935361,12.096007604562738,0.1188212927756654,0.07129277566539924,6.511406844106464
2400703,Alto do Rodrigues - RN,10795,7872,2263,17,5,0,101,525,0,13,72.92264937471052,20.9634089856415,0.15748031496062992,0.04631773969430292,4.863362667901806
2400802,Angicos - RN,10211,7461,1641,8,41,0,190,865,5,0,73.0682597199099,16.0709039271374,0.07834688081480756,0.40152776417588876,8.471256488101067
2400901,Antônio Martins - RN,5857,4624,922,5,0,0,37,269,0,0,78.9482670309032,15.741847362130784,0.08536793580331227,0.0,4.5927949462182
2401008,Apodi - RN,32001,23535,6069,27,21,0,544,1670,7,129,73.54457673197713,18.96503234273929,0.08437236336364488,0.06562294928283491,5.218586919158776
2401107,Areia Branca - RN,20996,14093,4859,79,112,0,389,1418,0,45,67.12230901124023,23.142503333968374,0.37626214517050866,0.5334349399885693,6.753667365212421
2401206,Arez - RN,11336,7496,2566,14,39,0,285,918,18,0,66.1256175017643,22.635850388143965,0.12350035285815103,0.3440366972477064,8.098094565984475
2401305,Campo Grande - RN,8634,7607,768,5,44,0,108,102,0,0,88.10516562427611,8.895066018068103,0.05791058605513088,0.5096131572851518,1.18137595552467
2401404,Baía Formosa - RN,7619,3538,2612,33,23,71,793,542,0,5,46.43654022837643,34.28271426696417,0.43312770704816905,0.3018768867305421,7.113794461215383
2401453,Baraúna - RN,23144,14041,5701,3,5,0,582,2788,0,23,60.667991704113376,24.632734185966125,0.012962322848254408,0.021603871413757345,12.046318700311096
2401503,Barcelona - RN,3509,2922,418,21,3,0,30,115,0,0,83.27158734682246,11.912225705329154,0.5984611000284982,0.08549444286121402,3.2772869763465375
2401602,Bento Fernandes - RN,4166,3049,727,0,3,0,32,355,0,0,73.18771003360537,17.45079212674028,0.0,0.07201152184349496,8.521363418146903
2401651,Bodó - RN,2053,1758,216,0,3,0,0,76,0,0,85.63078421821724,10.521188504627375,0.0,0.14612761811982464,3.7018996590355577
2401701,Bom Jesus - RN,8655,6748,1409,52,12,0,59,375,0,0,77.96649335644136,16.279607163489313,0.6008087810514153,0.1386481802426343,4.332755632582322
2401800,Brejinho - RN,10478,7430,2025,15,38,0,199,766,0,5,70.9104790990647,19.32620729146784,0.1431570910479099,0.3626646306547051,7.310555449513266
2401859,Caiçara do Norte - RN,5335,4014,1109,0,4,0,41,162,3,2,75.2389878163074,20.78725398313027,0.0,0.07497656982193064,3.036551077788191
2401909,Caiçara do Rio do Vento - RN,2785,2206,357,9,0,0,16,197,0,0,79.21005385996409,12.81867145421903,0.3231597845601436,0.0,7.073608617594255
2402006,Caicó - RN,54394,44855,4887,423,92,9,1183,2881,51,12,82.46313931683642,8.984446813986837,0.7776593006581608,0.16913630179799244,5.296540059565393
2402105,Campo Redondo - RN,8907,6785,1388,0,0,0,185,546,4,0,76.17604131581902,15.583249129897833,0.0,0.0,6.13001010441226
2402204,Canguaretama - RN,24980,15722,6276,63,156,0,319,2435,0,10,62.93835068054444,25.12409927942354,0.2522017614091273,0.6244995996797438,9.747798238590873
2402303,Caraúbas - RN,17561,12513,3093,12,0,0,280,1662,0,0,71.25448436877171,17.61289220431638,0.06833323842605774,0.0,9.464153522008997
2402402,Carnaúba dos Dantas - RN,6972,5771,782,0,20,0,62,319,0,19,82.77395295467585,11.216293746414228,0.0,0.2868617326448652,4.575444635685599
2402501,Carnaubais - RN,8485,6200,1523,7,3,0,165,587,0,0,73.07012374779022,17.949322333529757,0.08249852681202122,0.03535651149086624,6.918090748379493
2402600,Ceará-Mirim - RN,67696,48249,14405,386,265,4,878,3404,11,94,71.27304419758923,21.278952966201842,0.5701961711179391,0.39145592058614986,5.028362089340582
2402709,Cerro Corá - RN,9677,8365,846,78,0,0,123,265,0,0,86.44207915676346,8.742378836416245,0.8060349281802212,0.0,2.7384519995866485
2402808,Coronel Ezequiel - RN,4465,3175,872,0,12,0,43,359,0,3,71.10862262038074,19.529675251959688,0.0,0.2687569988801792,8.040313549832026
2402907,Coronel João Pessoa - RN,3722,3069,553,8,3,0,11,78,0,0,82.45566899516389,14.857603439011283,0.21493820526598603,0.08060182697474476,2.0956475013433637
2403004,Cruzeta - RN,7123,6184,526,7,0,0,109,297,0,0,86.81735223922504,7.384528990593851,0.09827319949459497,0.0,4.169591464270672
2403103,Currais Novos - RN,36518,28059,5734,84,154,0,727,1760,0,0,76.83608083684759,15.701845665151431,0.23002355003012212,0.4217098417218906,4.819541048250178
2403202,Doutor Severiano - RN,6191,5275,754,6,0,0,26,128,2,0,85.2043288644807,12.178969471813923,0.09691487643353255,0.0,2.067517363915361
2403251,Parnamirim - RN,220284,118917,63467,5002,968,32,12647,18973,47,229,53.983494034973035,28.811443409416935,2.270705089793176,0.43943273229104246,8.61297234479127
2403301,Encanto - RN,5184,4370,601,11,0,0,6,196,0,0,84.29783950617283,11.593364197530864,0.21219135802469136,0.0,3.7808641975308643
2403400,Equador - RN,4712,3471,873,3,4,0,91,270,0,0,73.66298811544992,18.527164685908318,0.0636672325976231,0.08488964346349745,5.730050933786078
2403509,Espírito Santo - RN,9155,6467,1978,4,4,0,185,468,0,49,70.63899508465319,21.605679956308027,0.04369197160021846,0.04369197160021846,5.11196067722556
2403608,Extremoz - RN,52007,29093,14991,742,338,16,2138,4648,0,40,55.94054646489896,28.824965869979042,1.4267310169784837,0.6499125117772607,8.937258445978426
2403707,Felipe Guerra - RN,5370,2456,1133,7,0,0,535,1239,0,0,45.73556797020484,21.098696461824954,0.1303538175046555,0.0,23.07262569832402
2403756,Fernando Pedroza - RN,2558,1903,515,0,2,0,22,116,0,0,74.39405785770133,20.13291634089132,0.0,0.07818608287724785,4.534792806880375
2403806,Florânia - RN,9013,7893,888,5,11,0,62,153,0,0,87.57350493731278,9.85243537113059,0.05547542438699656,0.12204593365139244,1.6975479862420948
2403905,Francisco Dantas - RN,2392,2064,267,11,0,0,0,50,0,0,86.2876254180602,11.16220735785953,0.459866220735786,0.0,2.0903010033444818
2404002,Frutuoso Gomes - RN,3657,2804,703,0,0,0,8,142,0,0,76.67487011211375,19.22340716434236,0.0,0.0,3.8829641782882143
2404101,Galinhos - RN,1771,1151,510,5,0,0,72,32,0,0,64.99153020892152,28.797289666854883,0.282326369282891,0.0,1.8068887634105026
2404200,Goianinha - RN,22506,12306,6827,0,22,0,1155,2177,8,10,54.67875233271128,30.334133120056872,0.0,0.09775171065493646,9.672976095263484
2404309,Governador Dix-Sept Rosado - RN,10492,7486,1982,12,10,0,273,682,16,32,71.34959969500572,18.890583301563094,0.1143728555089592,0.09531071292413268,6.5001906214258485
2404408,Grossos - RN,8690,4525,2426,4,7,0,309,1402,0,17,52.07134637514385,27.917146144994245,0.04602991944764097,0.0805523590333717,16.13348676639816
2404507,Guamaré - RN,13011,7724,3608,19,24,23,171,1397,0,45,59.36515256321574,27.730381984474676,0.14603028206901852,0.18445930366612867,10.737068634232573
2404606,Ielmo Marinho - RN,9973,7128,2241,0,4,0,56,458,12,73,71.47297703800261,22.470670811190214,0.0,0.040108292389451516,4.592399478592199
2404705,Ipanguaçu - RN,12197,9152,2074,6,27,0,297,641,0,0,75.03484463392637,17.004181356071165,0.04919242436664754,0.2213659096499139,5.255390669836845
2404804,Ipueira - RN,1802,1627,104,2,2,0,5,63,0,0,90.28856825749168,5.771365149833518,0.11098779134295228,0.11098779134295228,3.4961154273029966
2404853,Itajá - RN,6353,4782,978,37,6,0,144,405,0,0,75.27152526365496,15.394301904611995,0.5824020147961593,0.09444356996694475,6.374940972768771
2404903,Itaú - RN,4687,3507,855,3,0,0,108,211,0,3,74.82398122466397,18.241945807552806,0.06400682739492213,0.0,4.501813526776189
2405009,Jaçanã - RN,6862,5282,1148,0,0,0,49,382,0,0,76.97464296123579,16.729816380064122,0.0,0.0,5.566890119498688
2405108,Jandaíra - RN,5604,4005,1070,13,19,0,53,445,0,0,71.46680942184155,19.093504639543184,0.23197715917202,0.3390435403283369,7.940756602426838
2405207,Janduís - RN,4161,3535,405,0,3,0,34,184,0,0,84.95553953376591,9.73323720259553,0.0,0.07209805335255948,4.422013938956981
2405306,Januário Cicco - RN,7816,5194,1871,0,0,0,71,680,0,0,66.453428863869,23.938075742067554,0.0,0.0,8.700102354145343
2405405,Japi - RN,4400,3449,858,0,0,3,12,78,0,0,78.38636363636364,19.5,0.0,0.0,1.7727272727272727
2405504,Jardim de Angicos - RN,2089,1651,312,23,0,0,54,50,0,0,79.03303015797032,14.935375777884156,1.1010052656773577,0.0,2.3934897079942554
2405603,Jardim de Piranhas - RN,12201,10796,844,23,26,0,74,439,0,0,88.4845504466847,6.91746578149332,0.1885091385951971,0.21309728710761414,3.598065732317023
2405702,Jardim do Seridó - RN,10591,9461,729,31,0,0,60,296,0,14,89.33056368614862,6.883202719289963,0.29270135020300253,0.0,2.794825795486734
2405801,João Câmara - RN,28309,22471,4378,51,19,31,352,987,0,20,79.37758310078067,15.465046451658484,0.1801547211134268,0.06711646472853157,3.486523720371613
2405900,João Dias - RN,1819,1392,374,0,0,0,5,48,0,0,76.52556349642661,20.560747663551403,0.0,0.0,2.638812534359538
2406007,José da Penha - RN,5147,4038,893,3,8,0,65,139,0,0,78.45346803963474,17.349912570429375,0.05828638041577618,0.15543034777540315,2.7006022925976296
2406106,Jucurutu - RN,15753,13073,1656,0,9,0,283,726,0,7,82.98736748555831,10.512283374595315,0.0,0.05713197486193106,4.608645972195772
2406155,Jundiá - RN,3198,2257,604,4,13,0,32,282,0,6,70.57535959974985,18.88680425265791,0.12507817385866166,0.4065040650406504,8.818011257035648
2406205,Lagoa d'Anta - RN,5660,4288,1073,2,0,0,32,265,0,0,75.75971731448763,18.957597173144876,0.0353356890459364,0.0,4.681978798586573
2406304,Lagoa de Pedras - RN,6342,5172,843,8,17,0,85,214,2,0,81.5515610217597,13.292336802270578,0.1261431725007884,0.26805424156417534,3.3743298643960897
2406403,Lagoa de Velhos - RN,2231,1783,271,28,0,0,26,123,0,0,79.91931869116988,12.14701927386822,1.2550425818018827,0.0,5.513222770058269
2406502,Lagoa Nova - RN,13395,11293,1511,43,22,0,197,304,0,26,84.30757745427398,11.28032848077641,0.3210153042179918,0.16424038820455394,2.269503546099291
2406601,Lagoa Salgada - RN,7105,5344,1231,2,0,0,113,415,0,0,75.2146375791696,17.325826882477127,0.028149190710767064,0.0,5.840957072484166
2406700,Lajes - RN,8675,6607,1661,6,10,0,68,319,0,5,76.16138328530259,19.146974063400577,0.069164265129683,0.11527377521613832,3.677233429394813
2406809,Lajes Pintadas - RN,4196,3495,549,24,0,0,54,74,0,0,83.29361296472831,13.083889418493804,0.5719733079122974,0.0,1.7635843660629171
2406908,Lucrécia - RN,3101,2520,494,8,0,0,16,60,0,3,81.26410835214448,15.930345049983876,0.2579812963560142,0.0,1.9348597226701063
2407005,Luís Gomes - RN,7835,6332,1185,6,0,0,93,220,0,0,80.81684747925974,15.124441608168475,0.07657945118059988,0.0,2.807913209955329
2407104,Macaíba - RN,69945,43892,18116,432,135,46,1813,5340,0,172,62.752162413324754,25.90035027521624,0.6176281363928802,0.19300879262277504,7.634570019300879
2407203,Macau - RN,24018,14750,6189,92,143,0,617,2209,9,10,61.41227412773753,25.768173869597803,0.38304604879673576,0.5953867932384045,9.197268715130319
2407252,Major Sales - RN,3432,2970,403,0,0,0,25,34,0,0,86.53846153846153,11.742424242424242,0.0,0.0,0.9906759906759907
2407302,Marcelino Vieira - RN,7010,5890,772,16,0,0,52,279,0,0,84.0228245363766,11.01283880171184,0.2282453637660485,0.0,3.9800285306704706
2407401,Martins - RN,7285,5338,1396,23,0,0,149,380,0,0,73.27385037748799,19.162663006177077,0.3157172271791352,0.0,5.216197666437886
2407500,Maxaranguape - RN,8822,5708,1967,13,3,8,253,870,0,0,64.70188165948764,22.296531398775787,0.14735887553842666,0.034005894355021535,9.861709362956246
2407609,Messias Targino - RN,3761,3378,245,4,0,0,54,80,0,0,89.81653815474608,6.5142249401754855,0.10635469290082425,0.0,2.127093858016485
2407708,Montanhas - RN,9762,7579,1428,0,0,0,87,668,0,0,77.6377791436181,14.628149969268593,0.0,0.0,6.842860069657857
2407807,Monte Alegre - RN,19695,13300,4482,87,23,0,428,1352,23,0,67.52982990606753,22.75704493526276,0.44173648134044174,0.11678090886011679,6.864686468646864
2407906,Monte das Gameleiras - RN,1969,1695,209,0,2,0,30,33,0,0,86.08430675469782,10.614525139664805,0.0,0.1015744032503809,1.675977653631285
2408003,Mossoró - RN,231459,138093,59462,1925,738,20,8114,22960,24,124,59.661970370562386,25.690079020474467,0.8316807728366579,0.3188469664173785,9.919683399651774
2408102,Natal - RN,662081,388162,163015,13752,3552,144,26785,65601,282,787,58.6275697384459,24.621609742614574,2.077087244612064,0.5364902481720515,9.908304270927575
2408201,Nísia Floresta - RN,26681,17164,6123,65,97,0,1053,2165,0,13,64.3304223979611,22.94891495820996,0.24361905475806753,0.3635545894081931,8.114388516172557
2408300,Nova Cruz - RN,29686,23853,4529,43,9,0,406,738,0,107,80.35100720878529,15.256349794515934,0.14484942397089537,0.030317321296233914,2.486020346291181
2408409,Olho d'Água do Borges - RN,3545,2893,362,0,0,0,26,265,0,0,81.60789844851904,10.211565585331453,0.0,0.0,7.475317348377997
2408508,Ouro Branco - RN,4330,3822,366,17,9,0,54,63,0,0,88.26789838337183,8.452655889145497,0.39260969976905313,0.20785219399538107,1.4549653579676673
2408607,Paraná - RN,3451,3066,302,2,0,0,22,59,0,0,88.84381338742394,8.751086641553172,0.05795421616922631,0.0,1.7096493769921761
2408706,Paraú - RN,3212,2416,645,0,8,0,9,133,0,0,75.21793275217932,20.080946450809463,0.0,0.24906600249066002,4.140722291407223
2408805,Parazinho - RN,4076,2794,966,4,0,0,81,231,0,0,68.54759568204122,23.699705593719333,0.09813542688910697,0.0,5.667320902845927
2408904,Parelhas - RN,18776,14683,2554,26,25,0,272,1216,0,0,78.20089475926714,13.602471239880698,0.13847464848743077,0.13314870046868343,6.476352790796762
2408953,Rio do Fogo - RN,8788,6976,1487,0,0,0,63,251,0,10,79.38097405553027,16.920801092398726,0.0,0.0,2.8561675011379153
2409100,Passa e Fica - RN,9455,7961,1108,16,5,0,34,331,0,0,84.1988365943945,11.718667371760972,0.16922263352723427,0.05288207297726071,3.500793231094659
2409209,Passagem - RN,2707,1990,568,3,5,0,34,107,0,0,73.51311414850387,20.982637606206133,0.11082379017362394,0.1847063169560399,3.952715182859254
2409308,Patu - RN,9747,7915,1433,11,14,0,129,239,0,6,81.20447317123218,14.701959577305837,0.11285523750897712,0.14363393864778906,2.4520365240586846
2409332,Santa Maria - RN,4168,3241,668,0,2,0,22,232,3,0,77.75911708253359,16.02687140115163,0.0,0.04798464491362764,5.566218809980806
2409407,Pau dos Ferros - RN,26805,20412,3990,244,67,0,673,1374,8,37,76.1499720201455,14.885282596530498,0.9102779332214139,0.24995336690915873,5.125909345271404
2409506,Pedra Grande - RN,3067,2340,497,12,0,0,45,165,6,2,76.29605477665471,16.204760352135636,0.3912618193674601,0.0,5.3798500163025755
2409605,Pedra Preta - RN,2138,1635,395,3,0,0,0,95,0,10,76.4733395696913,18.475210477081383,0.1403180542563143,0.0,4.443405051449953
2409704,Pedro Avelino - RN,5397,4025,739,0,15,0,55,558,0,5,74.57846952010377,13.692792292014081,0.0,0.27793218454697055,10.339077265147305
2409803,Pedro Velho - RN,11770,8480,2262,44,0,0,248,735,0,0,72.04757858963467,19.218351741716226,0.37383177570093457,0.0,6.2446898895497025
2409902,Pendências - RN,10742,8408,1747,0,10,4,147,418,0,8,78.27220256935394,16.263265686091977,0.0,0.0930925339787749,3.891267920312791
2410009,Pilões - RN,2654,2104,425,3,0,0,32,90,0,0,79.27656367746798,16.013564431047474,0.11303692539562923,0.0,3.391107761868877
2410108,Poço Branco - RN,10756,9048,1246,39,6,0,82,326,0,8,84.12049088880624,11.58423205652659,0.36258832279657865,0.055782818891781334,3.030866493120119
2410207,Portalegre - RN,6731,5483,929,8,9,0,104,196,0,0,81.45892140840886,13.801812509285396,0.11885306789481503,0.1337097013816669,2.911900163422968
2410256,Porto do Mangue - RN,4448,2844,1128,0,3,3,99,373,0,0,63.93884892086331,25.359712230215827,0.0,0.06744604316546762,8.385791366906474
2410306,Serra Caiada - RN,8633,6226,1466,9,5,0,113,803,0,10,72.11861461832503,16.981350631298504,0.10425112938723503,0.05791729410401946,9.301517433105525
2410405,Pureza - RN,7912,6003,1580,18,4,0,64,243,0,0,75.87209302325581,19.969666329625884,0.2275025278058645,0.05055611729019211,3.071284125379171
2410504,Rafael Fernandes - RN,4794,3859,636,6,4,0,60,229,0,0,80.49645390070921,13.266583229036295,0.1251564455569462,0.08343763037129745,4.776804338756779
2410603,Rafael Godeiro - RN,2625,2191,373,0,2,0,0,59,0,0,83.46666666666667,14.209523809523809,0.0,0.0761904761904762,2.2476190476190476
2410702,Riacho da Cruz - RN,2390,2076,201,0,0,0,9,104,0,0,86.86192468619247,8.410041841004183,0.0,0.0,4.351464435146443
2410801,Riacho de Santana - RN,3685,3209,354,0,0,0,31,90,0,0,87.08276797829036,9.60651289009498,0.0,0.0,2.4423337856173677
2410900,Riachuelo - RN,6392,5108,922,5,4,0,0,353,0,0,79.91239048811013,14.424280350438048,0.07822277847309136,0.0625782227784731,5.522528160200251
2411007,Rodolfo Fernandes - RN,3743,3335,324,2,4,0,40,39,0,0,89.09965268501202,8.656158161902217,0.053433075073470476,0.10686615014694095,1.0419449639326743
2411056,Tibau - RN,4733,3193,853,3,0,0,45,633,0,6,67.46249735896895,18.022395943376296,0.06338474540460595,0.0,13.374181280371857
2411106,Ruy Barbosa - RN,2786,2293,418,0,0,0,15,58,3,0,82.30437903804739,15.003589375448671,0.0,0.0,2.0818377602297202
2411205,Santa Cruz - RN,32158,23839,5719,128,42,0,464,1958,0,7,74.13085390882517,17.784066173269483,0.3980347036507246,0.13060513713539398,6.088687107407177
2411403,Santana do Matos - RN,11059,9542,974,5,4,0,205,329,0,0,86.28266570214305,8.807306266389366,0.04521204448865178,0.03616963559092142,2.974952527353287
2411429,Santana do Seridó - RN,2353,1867,398,3,2,0,15,68,0,0,79.34551636209095,16.914577135571612,0.1274968125796855,0.08499787505312367,2.889927751806205
2411502,Santo Antônio - RN,19345,14315,4139,42,64,0,368,406,0,10,73.99844921168261,21.395709485655207,0.21711036443525458,0.33083484104419747,2.0987335228741277
2411601,São Bento do Norte - RN,2853,2199,571,0,0,0,44,39,0,0,77.07676130389063,20.01402032947774,0.0,0.0,1.3669821240799158
2411700,São Bento do Trairí - RN,3318,2682,482,0,4,0,11,137,0,3,80.83182640144665,14.526823387582882,0.0,0.12055455093429777,4.128993369499699
2411809,São Fernando - RN,3131,2674,186,0,0,0,106,165,0,0,85.40402427339508,5.9405940594059405,0.0,0.0,5.269881826892367
2411908,São Francisco do Oeste - RN,3651,2954,446,2,0,0,34,211,4,0,80.90933990687483,12.215831279101616,0.054779512462339086,0.0,5.779238564776773
2412005,São Gonçalo do Amarante - RN,99042,57291,28831,648,188,28,3457,8484,0,114,57.845156600230204,29.109872579309787,0.6542678863512449,0.18981846085499082,8.566062882413522
2412104,São João do Sabugi - RN,5336,4442,538,18,2,0,65,271,0,0,83.24587706146927,10.082458770614693,0.3373313343328336,0.037481259370314844,5.0787106446776615
2412203,São José de Mipibu - RN,40090,24821,10896,180,13,0,747,3422,0,11,61.91319531055126,27.17884759291594,0.44898977301072585,0.03242703916188576,8.535794462459465
2412302,São José do Campestre - RN,9734,7721,1341,8,6,0,116,542,0,0,79.3199095952332,13.776453667557016,0.08218615163344976,0.06163961372508732,5.568111773166222
2412401,São José do Seridó - RN,4018,3546,357,12,4,0,30,70,0,0,88.25286212045793,8.885017421602788,0.2986560477849676,0.09955201592832255,1.7421602787456445
2412500,São Miguel - RN,20595,18356,1330,15,0,0,305,590,0,0,89.12842923039572,6.457878125758679,0.07283321194464676,0.0,2.864773003156106
2412559,São Miguel do Gostoso - RN,8656,6374,1584,45,0,0,38,615,0,0,73.63678373382625,18.299445471349355,0.5198706099815157,0.0,7.104898336414048
2412609,São Paulo do Potengi - RN,14681,12144,1816,63,23,0,150,457,7,21,82.71916082010762,12.36972958245351,0.4291260813296097,0.1566650773108099,3.112866970914788
2412708,São Pedro - RN,5023,4302,492,5,23,0,52,145,0,4,85.6460282699582,9.794943260999403,0.09954210631096955,0.4578936890304599,2.8867210830181165
2412807,São Rafael - RN,6893,5690,810,0,13,0,81,287,0,14,82.54751196866385,11.751051791672712,0.0,0.18859712752067315,4.163644276802553
2412906,São Tomé - RN,8837,7560,1018,53,5,0,60,140,0,0,85.54939459092452,11.519746520312323,0.5997510467353174,0.056580287427860136,1.5842480479800838
2413003,São Vicente - RN,5593,4999,404,2,0,0,104,79,4,0,89.37958161988199,7.223314857858036,0.03575898444484177,0.0,1.4124798855712497
2413102,Senador Elói de Souza - RN,5139,4078,939,14,6,0,63,38,0,0,79.35395991438023,18.27203736135435,0.27242654212881884,0.11675423234092236,0.7394434714925082
2413201,Senador Georgino Avelino - RN,3401,2590,623,0,0,0,29,160,0,0,76.15407233166715,18.31814172302264,0.0,0.0,4.704498676859747
2413300,Serra de São Bento - RN,4939,4253,519,4,3,0,38,123,0,0,86.11054869406763,10.508200040494026,0.08098805426199636,0.060741040696497266,2.490382668556388
2413359,Serra do Mel - RN,11037,5365,3593,14,20,0,161,1880,0,5,48.6092235208843,32.55413608770499,0.12684606324182296,0.1812086617740328,17.033614206759083
2413409,Serra Negra do Norte - RN,6808,5626,875,13,0,0,57,237,0,0,82.63807285546416,12.852526439482961,0.190951821386604,0.0,3.481198589894242
2413508,Serrinha - RN,5605,3954,1224,15,15,0,20,368,0,9,70.54415700267619,21.837644959857272,0.26761819803746656,0.26761819803746656,6.5655664585191795
2413557,Serrinha dos Pintos - RN,4112,3061,869,5,5,0,86,86,0,0,74.44066147859922,21.133268482490273,0.12159533073929961,0.12159533073929961,2.0914396887159534
2413607,Severiano Melo - RN,4890,4322,363,30,3,0,54,118,0,0,88.38445807770961,7.423312883435583,0.6134969325153374,0.06134969325153374,2.4130879345603273
2413706,Sítio Novo - RN,4063,3601,380,4,0,0,11,67,0,0,88.62909180408565,9.352695052916564,0.09844942160964805,0.0,1.6490278119616046
2413805,Taboleiro Grande - RN,2057,1558,375,0,0,0,37,87,0,0,75.74137092853671,18.230432668935343,0.0,0.0,4.229460379192999
2413904,Taipu - RN,9883,7768,1677,5,0,0,41,388,0,5,78.59961550136599,16.968531822321157,0.05059192552868562,0.0,3.9259334210260044
2414001,Tangará - RN,11413,8240,2213,14,0,0,204,734,0,7,72.19837027950582,19.390169105406116,0.12266713397003418,0.0,6.431262595286078
2414100,Tenente Ananias - RN,8885,7774,753,11,5,0,107,227,6,0,87.49577940348902,8.474957794034891,0.12380416432189083,0.056274620146314014,2.554867754642656
2414159,Tenente Laurentino Cruz - RN,5063,4169,595,0,0,0,104,195,0,0,82.34248469286985,11.751925735729804,0.0,0.0,3.8514714596089275
2414209,Tibau do Sul - RN,14392,7056,3358,128,50,15,1304,2483,0,0,49.02723735408561,23.332406892718176,0.8893829905503057,0.34741523068371316,17.252640355753197
2414308,Timbaúba dos Batistas - RN,2113,1775,229,6,0,0,5,98,0,0,84.00378608613346,10.837671557027923,0.28395646000946523,0.0,4.637955513487932
2414407,Touros - RN,28148,20296,5587,137,23,0,759,1346,0,0,72.10459002415803,19.848657098195254,0.48671308796362084,0.0817109563734546,4.7818672729856475
2414456,Triunfo Potiguar - RN,2926,2092,586,0,7,0,6,236,0,0,71.49692412850308,20.027341079972658,0.0,0.23923444976076555,8.065618591934381
2414506,Umarizal - RN,9044,7009,1303,0,5,0,231,480,0,16,77.49889429455993,14.40734188412207,0.0,0.055285272003538256,5.307386112339673
2414605,Upanema - RN,11815,7595,3194,13,5,0,192,817,0,0,64.28269149386374,27.03343207786712,0.11002962336013541,0.04231908590774439,6.914938637325434
2414704,Várzea - RN,4558,3307,912,6,7,0,65,255,0,6,72.55375164545853,20.008775778850374,0.13163668275559456,0.153576129881527,5.594559017112768
2414753,Venha-Ver - RN,2650,2316,190,3,69,0,14,60,0,0,87.39622641509433,7.169811320754717,0.11320754716981132,2.6037735849056602,2.2641509433962264
2414803,Vera Cruz - RN,9205,6988,1720,0,0,0,45,452,0,0,75.91526344378056,18.68549701249321,0.0,0.0,4.910374796306355
2414902,Viçosa - RN,1577,1185,280,0,0,0,34,77,0,0,75.142675967026,17.755231452124285,0.0,0.0,4.882688649334179
2415008,Vila Flor - RN,2649,1671,480,15,0,0,43,440,0,0,63.080407701019254,18.12004530011325,0.5662514156285391,0.0,16.610041525103814
2500106,Água Branca - PB,8093,7379,549,0,0,0,14,151,0,0,91.17756085505992,6.783640182874088,0.0,0.0,1.8658099592240207
2500205,Aguiar - PB,4437,3923,455,2,0,0,37,20,0,0,88.41559612350687,10.25467658327699,0.045075501464953795,0.0,0.450755014649538
2500304,Alagoa Grande - PB,22393,17552,3520,121,64,0,166,931,40,0,78.38163711874246,15.719197963649355,0.5403474300004466,0.2858035993390792,4.157549234135668
2500403,Alagoa Nova - PB,17721,14894,1909,34,74,0,293,517,0,0,84.0471756672874,10.772529766943174,0.19186276169516392,0.4175836578071215,2.9174425822470513
2500502,Alagoinha - PB,11663,9035,2021,3,29,6,116,452,0,0,77.46720397839321,17.328303180999743,0.025722369887678984,0.24864957558089684,3.8755037297436337
2500536,Alcantil - PB,4710,3922,680,0,0,0,22,83,0,3,83.26963906581742,14.437367303609342,0.0,0.0,1.762208067940552
2500577,Algodão de Jandaíra - PB,2482,2133,255,2,0,0,5,88,0,0,85.93875906526995,10.273972602739725,0.08058017727639001,0.0,3.5455278001611603
2500601,Alhandra - PB,18151,9994,5991,16,52,5,223,1843,0,26,55.06032725469671,33.006445925844304,0.08814941325546802,0.28648559308027105,10.153710539364223
2500700,São João do Rio do Peixe - PB,15950,13426,1769,48,30,0,269,409,0,0,84.17554858934169,11.090909090909092,0.30094043887147337,0.18808777429467086,2.5642633228840124
2500734,Amparo - PB,1923,1710,131,0,11,0,15,56,0,0,88.92355694227768,6.812272490899636,0.0,0.5720228809152366,2.9121164846593866
2500775,Aparecida - PB,6952,5945,738,4,11,0,25,229,0,0,85.51495972382048,10.615650172612199,0.05753739930955121,0.15822784810126583,3.294016110471807
2500809,Araçagi - PB,14332,12021,1758,5,0,0,192,350,0,6,83.8752442087636,12.266257326262908,0.03488696622941669,0.0,2.4420876360591683
2500908,Arara - PB,10690,8942,1438,9,10,0,102,190,0,0,83.64826941066417,13.451824134705332,0.08419083255378859,0.09354536950420954,1.7773620205799814
2501005,Araruna - PB,14781,11973,2226,30,22,0,190,321,0,18,81.00263852242745,15.059874162776538,0.20296326364927947,0.1488397266761383,2.1717069210472904
2501104,Areia - PB,19451,14900,3254,105,125,0,171,896,0,0,76.60274536013573,16.729217006837693,0.5398180042157216,0.6426404812091924,4.60644696930749
2501153,Areia de Baraúnas - PB,1720,1526,162,0,0,0,6,26,0,0,88.72093023255815,9.418604651162791,0.0,0.0,1.5116279069767442
2501203,Areial - PB,6098,5292,608,3,4,21,22,148,0,0,86.78255165628075,9.97048212528698,0.04919645785503444,0.06559527714004591,2.427025254181699
2501302,Aroeiras - PB,16045,13331,2296,5,25,0,244,144,0,0,83.0850732315363,14.309753817388595,0.031162355874104083,0.1558117793705204,0.8974758491741975
2501351,Assunção - PB,3480,2475,683,0,6,0,188,129,0,0,71.12068965517241,19.626436781609197,0.0,0.1724137931034483,3.706896551724138
2501401,Baía da Traição - PB,7623,4540,1330,21,44,1171,139,362,9,6,59.55660501115047,17.447199265381084,0.27548209366391185,0.5772005772005772,4.748786566968385
2501500,Bananeiras - PB,19960,16895,2264,47,11,0,138,605,0,0,84.64428857715431,11.342685370741483,0.23547094188376755,0.05511022044088176,3.031062124248497
2501534,Baraúna - PB,4149,3215,688,0,3,0,70,174,0,0,77.4885514581827,16.5823089901181,0.0,0.07230657989877079,4.1937816341287055
2501575,Barra de Santana - PB,7017,6013,820,0,9,0,14,160,0,0,85.69189112156192,11.68590565768847,0.0,0.12825994014536127,2.2801767136953113
2501609,Barra de Santa Rosa - PB,11415,9409,1580,0,23,0,63,339,0,0,82.42663162505475,13.84143670608848,0.0,0.2014892685063513,2.9697766097240472
2501708,Barra de São Miguel - PB,5104,4312,618,17,0,0,53,103,0,0,84.48275862068965,12.108150470219435,0.3330721003134796,0.0,2.018025078369906
2501807,Bayeux - PB,71280,31730,23778,248,340,19,4783,10358,9,15,44.51459034792368,33.35858585858586,0.3479236812570146,0.4769921436588103,14.531425364758698
2501906,Belém - PB,14287,11019,2252,35,0,0,292,689,0,0,77.12605865472108,15.762581367676908,0.2449779519843214,0.0,4.822565969062785
2502003,Belém do Brejo do Cruz - PB,5516,4508,508,0,0,0,8,492,0,0,81.7258883248731,9.209572153734591,0.0,0.0,8.919506889050036
2502052,Bernardino Batista - PB,2997,2511,448,2,0,0,6,30,0,0,83.78378378378379,14.948281614948282,0.0667334000667334,0.0,1.001001001001001
2502102,Boa Ventura - PB,4474,3315,868,15,0,0,76,198,0,2,74.09476978095664,19.40098345999106,0.33527045149754137,0.0,4.425569959767546
2502151,Boa Vista - PB,5537,4067,928,13,10,0,93,423,0,3,73.45132743362832,16.75997832761423,0.234784179158389,0.18060321473722232,7.639515983384504
2502201,Bom Jesus - PB,2013,1643,278,0,0,0,27,65,0,0,81.61947342275211,13.81023348236463,0.0,0.0,3.2290114257327374
2502300,Bom Sucesso - PB,4185,3627,407,0,0,0,0,151,0,0,86.66666666666667,9.72520908004779,0.0,0.0,3.6081242532855438
2502409,Bonito de Santa Fé - PB,8759,7171,1205,5,0,0,115,264,0,0,81.87007649275031,13.757278228108232,0.05708414202534536,0.0,3.014042698938235
2502508,Boqueirão - PB,15108,11405,2895,10,5,0,204,590,0,0,75.48980672491395,19.16203335980937,0.06619009796134498,0.03309504898067249,3.905215779719354
2502607,Igaracy - PB,4940,4215,607,0,0,0,71,47,0,0,85.32388663967612,12.287449392712551,0.0,0.0,0.951417004048583
2502706,Borborema - PB,3645,3192,240,95,0,0,10,108,0,0,87.57201646090535,6.584362139917696,2.606310013717421,0.0,2.962962962962963
2502805,Brejo do Cruz - PB,11880,9933,1232,4,0,0,78,629,0,5,83.61111111111111,10.37037037037037,0.03367003367003367,0.0,5.294612794612795
2502904,Brejo dos Santos - PB,5051,2441,2059,2,0,0,71,477,0,0,48.32706394773312,40.76420510789943,0.039596119580281135,0.0,9.44367451989705
2503001,Caaporã - PB,17613,6531,7199,25,20,0,586,3189,0,63,37.080565491398396,40.8732186453188,0.14194061204791916,0.11355248963833532,18.105944472832565
2503100,Cabaceiras - PB,4655,3397,953,11,0,0,31,263,0,0,72.97529538131042,20.47261009667025,0.23630504833512353,0.0,5.64983888292159
2503209,Cabedelo - PB,56953,31459,16752,846,364,10,2602,4824,63,33,55.23677418222043,29.413727108317385,1.4854353589802118,0.6391234877881762,8.470142046950995
2503308,Cachoeira dos Índios - PB,7891,7048,638,16,13,0,70,106,0,0,89.31694335318717,8.085160309213027,0.2027626409833988,0.16474464579901152,1.343302496515017
2503407,Cacimba de Areia - PB,2811,2346,287,8,21,0,18,131,0,0,83.45784418356457,10.209889718961223,0.2845962290999644,0.7470651013874067,4.660263251511918
2503506,Cacimba de Dentro - PB,13875,11911,1400,49,14,0,99,382,0,21,85.84504504504504,10.09009009009009,0.35315315315315315,0.1009009009009009,2.753153153153153
2503555,Cacimbas - PB,5894,4771,792,0,0,0,29,299,0,3,80.94672548354258,13.43739395995928,0.0,0.0,5.072955548014931
2503605,Caiçara - PB,5726,4734,806,14,16,0,23,132,0,0,82.6755151938526,14.07614390499476,0.24449877750611246,0.2794271742927,2.3052741879147747
2503704,Cajazeiras - PB,55477,44318,6683,311,260,0,1082,2774,0,48,79.88535789606503,12.046433657191269,0.5605926780467582,0.46866268904230585,5.000270382320601
2503753,Cajazeirinhas - PB,2389,2179,183,1,0,0,8,18,0,0,91.20971117622436,7.660108832147342,0.041858518208455424,0.0,0.7534533277521975
2503803,Caldas Brandão - PB,4865,3627,822,0,1,0,60,355,0,0,74.55292908530319,16.896197327852004,0.0,0.020554984583761562,7.297019527235355
2503902,Camalaú - PB,5274,4475,522,11,0,0,57,203,0,6,84.85020857034509,9.897610921501707,0.20857034508911643,0.0,3.8490709139173305
2504009,Campina Grande - PB,363829,205207,103768,5222,1298,113,16565,31188,0,466,56.40204601612296,28.521090952068143,1.4352896553051022,0.35676100585714715,8.572158898823348
2504033,Capim - PB,5787,4260,831,0,16,0,30,646,0,4,73.6132711249352,14.359771902540176,0.0,0.2764817694833247,11.162951442889234
2504074,Caraúbas - PB,3471,3103,204,0,3,0,66,93,0,2,89.39786804955344,5.877268798617113,0.0,0.08643042350907519,2.679343128781331
2504108,Carrapateira - PB,2028,1840,162,0,0,0,4,15,0,8,90.72978303747534,7.988165680473373,0.0,0.0,0.7396449704142012
2504157,Casserengue - PB,5992,5532,343,0,6,0,10,100,0,0,92.32309746328438,5.724299065420561,0.0,0.10013351134846461,1.6688918558077437
2504207,Catingueira - PB,3866,3402,364,8,0,0,20,69,3,0,87.99793067770305,9.41541645111226,0.20693222969477496,0.0,1.784790481117434
2504306,Catolé do Rocha - PB,26800,20930,4846,40,29,0,139,817,0,0,78.09701492537313,18.082089552238806,0.14925373134328357,0.10820895522388059,3.048507462686567
2504355,Caturité - PB,4509,3611,730,4,0,0,16,149,0,0,80.08427589265912,16.189842537147925,0.08871146595697493,0.0,3.3045021068973166
2504405,Conceição - PB,15846,14047,1397,27,5,0,168,196,0,4,88.64697715511801,8.81610501072826,0.17039000378644453,0.03155370440489713,1.2369052126719677
2504504,Condado - PB,5691,4997,481,3,3,0,92,114,0,0,87.80530662449482,8.451941662273766,0.05271481286241434,0.05271481286241434,2.0031628887717448
2504603,Conde - PB,23113,13225,6820,97,220,12,994,1746,0,0,57.21888114913685,29.507203738156015,0.4196772379180548,0.9518452818760005,7.554190282524986
2504702,Congo - PB,4311,3674,393,24,4,0,37,179,0,0,85.22384597541173,9.116214335421017,0.5567153792623522,0.09278589654372535,4.1521688703317094
2504801,Coremas - PB,12704,10461,1919,5,5,0,161,154,0,0,82.3441435768262,15.105478589420654,0.03935768261964735,0.03935768261964735,1.2122166246851385
2504850,Coxixola - PB,1632,1407,157,0,0,0,12,55,0,2,86.21323529411765,9.620098039215685,0.0,0.0,3.3700980392156863
2504900,Cruz do Espírito Santo - PB,14508,8869,3882,1,11,0,337,1378,0,30,61.13178935759581,26.757650951199338,0.006892748828232699,0.07582023711055969,9.498207885304659
2505006,Cubati - PB,6513,5220,721,20,7,0,66,480,0,0,80.14739751266697,11.070167357592508,0.30707815138952865,0.10747735298633503,7.369875633348688
2505105,Cuité - PB,17321,13404,2094,72,32,0,475,1245,0,0,77.38583222677674,12.089371283413199,0.4156803879683621,0.18474683909704984,7.187806708619595
2505204,Cuitegi - PB,5672,4616,789,5,3,0,31,229,0,0,81.38222849083216,13.910437235543018,0.08815232722143865,0.05289139633286319,4.03737658674189
2505238,Cuité de Mamanguape - PB,5344,3791,473,15,3,0,807,255,0,0,70.93937125748504,8.851047904191617,0.280688622754491,0.0561377245508982,4.7717065868263475
2505279,Curral de Cima - PB,4574,4017,450,0,0,0,74,31,0,3,87.82247485789243,9.838216003498033,0.0,0.0,0.6777437691298644
2505303,Curral Velho - PB,1994,1614,218,0,0,0,14,144,0,4,80.94282848545637,10.932798395185557,0.0,0.0,7.2216649949849545
2505352,Damião - PB,4332,3687,477,7,0,0,126,31,0,4,85.11080332409972,11.011080332409973,0.1615881809787627,0.0,0.7156048014773777
2505402,Desterro - PB,6933,6002,590,5,0,0,104,211,0,20,86.57146978220106,8.510024520409635,0.07211885186787827,0.0,3.0434155488244627
2505501,Vista Serrana - PB,3182,2719,406,3,2,0,5,46,0,0,85.44940289126336,12.759270898805783,0.09428032683846638,0.06285355122564425,1.4456316781898177
2505600,Diamante - PB,5448,4746,536,0,3,0,96,64,0,2,87.11453744493392,9.838472834067547,0.0,0.05506607929515418,1.1747430249632893
2505709,Dona Inês - PB,8927,7668,968,35,5,0,37,215,0,0,85.89671782233673,10.843508457488518,0.39206900414472945,0.05600985773496135,2.4084238826033384
2505808,Duas Estradas - PB,2905,2502,336,2,0,0,34,31,0,0,86.12736660929431,11.566265060240964,0.06884681583476764,0.0,1.0671256454388984
2505907,Emas - PB,2621,2258,326,0,0,0,2,31,0,4,86.15032430370088,12.438000763067532,0.0,0.0,1.1827546737886303
2506004,Esperança - PB,26754,21620,3542,127,76,0,489,901,0,0,80.81034611646857,13.239141810570382,0.4746953726545563,0.2840696718247739,3.36772071465949
2506103,Fagundes - PB,9428,7151,1476,34,5,0,236,527,0,0,75.84853627492575,15.655494272380144,0.3606279168434451,0.05303351718285957,5.589732711073398
2506202,Frei Martinho - PB,2566,2089,376,31,0,0,16,55,0,0,81.41075604053,14.65315666406859,1.2081060015588465,0.0,2.1434138737334374
2506251,Gado Bravo - PB,6963,5727,853,24,11,0,90,258,0,0,82.24903059026282,12.250466752836422,0.34467901766479964,0.1579778830963665,3.705299439896596
2506301,Guarabira - PB,49536,35755,10316,286,53,0,896,2214,0,17,72.1798288113695,20.825258397932817,0.5773578811369509,0.10699289405684755,4.469476744186046
2506400,Gurinhém - PB,11750,9470,1797,16,4,0,115,333,15,0,80.59574468085107,15.293617021276596,0.13617021276595745,0.03404255319148936,2.8340425531914892
2506509,Gurjão - PB,2796,2508,224,20,0,0,20,24,0,0,89.69957081545064,8.011444921316166,0.7153075822603719,0.0,0.8583690987124464
2506608,Ibiara - PB,4928,4405,339,12,0,0,68,88,9,7,89.38717532467533,6.879058441558442,0.2435064935064935,0.0,1.7857142857142858
2506707,Imaculada - PB,8916,8152,609,23,5,0,13,100,0,13,91.43113503813369,6.830417227456258,0.2579632122027815,0.056078959174517724,1.1215791834903543
2506806,Ingá - PB,15236,11261,2938,13,8,2,248,758,0,8,73.91047519033867,19.283276450511945,0.08532423208191127,0.05250721974271463,4.97505907062221
2506905,Itabaiana - PB,20096,15040,3903,58,109,0,444,543,0,0,74.8407643312102,19.421775477707005,0.28861464968152867,0.5423964968152867,2.7020302547770703
2507002,Itaporanga - PB,20725,16932,2625,317,26,0,217,608,0,0,81.6984318455971,12.665862484921592,1.5295536791314837,0.12545235223160434,2.933655006031363
2507101,Itapororoca - PB,15650,11800,2865,55,3,0,190,709,0,28,75.39936102236422,18.30670926517572,0.3514376996805112,0.019169329073482427,4.5303514376996805
2507200,Itatuba - PB,8976,6759,1719,0,25,0,178,294,0,0,75.30080213903743,19.15106951871658,0.0,0.2785204991087344,3.2754010695187166
2507309,Jacaraú - PB,12417,9085,2216,6,0,0,153,904,10,43,73.16582105178385,17.846500765080133,0.048320850446967864,0.0,7.280341467343159
2507408,Jericó - PB,6654,5323,976,27,3,0,21,304,0,0,79.99699428914938,14.667868951006913,0.40577096483318303,0.04508566275924256,4.568680492936579
2507507,João Pessoa - PB,726383,402539,211217,10339,4013,236,38804,58588,210,437,55.41690816002026,29.077910688989142,1.4233537954495081,0.552463369875121,8.06571739702058
2507606,Juarez Távora - PB,6735,5235,1121,0,4,0,75,299,0,0,77.728285077951,16.64439495174462,0.0,0.05939123979213066,4.439495174461767
2507705,Juazeirinho - PB,14234,11370,2192,11,10,8,112,533,0,0,79.87916256849796,15.399747084445693,0.07727975270479134,0.0702543206407194,3.7445552901503443
2507804,Junco do Seridó - PB,5870,4927,667,62,6,4,42,160,0,2,83.93526405451448,11.362862010221464,1.0562180579216354,0.10221465076660988,2.72572402044293
2507903,Juripiranga - PB,8524,6425,1131,39,23,0,208,691,0,8,75.3754106053496,13.268418582824966,0.45753167526982635,0.2698263725950258,8.10652275926795
2508000,Juru - PB,7992,7360,463,0,0,0,58,111,0,0,92.09209209209209,5.793293293293293,0.0,0.0,1.3888888888888888
2508109,Lagoa - PB,3865,3035,599,0,0,0,80,152,0,0,78.52522639068565,15.498059508408797,0.0,0.0,3.9327296248382924
2508208,Lagoa de Dentro - PB,6677,5697,736,7,3,0,38,196,0,0,85.32274973790625,11.022914482552045,0.10483750187209825,0.04493035794518496,2.935450052418751
2508307,Lagoa Seca - PB,23764,18505,4266,17,52,0,464,429,0,31,77.869887224373,17.95152331257364,0.07153677832014813,0.2188183807439825,1.8052516411378556
2508406,Lastro - PB,2768,2360,288,0,0,0,17,100,0,3,85.26011560693641,10.404624277456648,0.0,0.0,3.61271676300578
2508505,Livramento - PB,5891,5110,714,4,0,0,16,42,0,5,86.74248854184349,12.120183330504158,0.0679001867255135,0.0,0.7129519606178917
2508554,Logradouro - PB,4117,3123,782,0,0,0,26,187,0,0,75.85620597522468,18.99441340782123,0.0,0.0,4.542142336652903
2508604,Lucena - PB,10504,5989,2590,8,24,0,413,1402,1,77,57.016374714394516,24.65727341964966,0.07616146230007616,0.2284843869002285,13.347296268088348
2508703,Mãe d'Água - PB,3128,2515,441,3,0,0,45,111,0,14,80.40281329923273,14.09846547314578,0.0959079283887468,0.0,3.5485933503836318
2508802,Malta - PB,5227,4529,472,62,3,0,36,116,0,9,86.64625980485938,9.030036349722595,1.1861488425483069,0.05739429883298259,2.2192462215419937
2508901,Mamanguape - PB,37501,23446,9323,129,71,0,724,3795,0,13,62.52099944001493,24.860670382123143,0.34399082691128235,0.18932828457907788,10.119730140529587
2509008,Manaíra - PB,8932,7736,887,0,5,0,54,241,0,9,86.60994178235558,9.930586654724586,0.0,0.055978504254366325,2.698163905060457
2509057,Marcação - PB,7335,5289,1237,3,6,79,208,494,18,0,72.10633946830266,16.864349011588274,0.0408997955010225,0.081799591002045,6.734832992501704
2509107,Mari - PB,18534,14072,2709,12,123,0,468,1150,0,0,75.92532642710694,14.616380705730009,0.06474587245063128,0.6636451926189706,6.20481277651883
2509156,Marizópolis - PB,5846,4311,1154,0,24,0,75,282,0,0,73.742730071844,19.739993157714675,0.0,0.4105371193978789,4.823811152925077
2509206,Massaranduba - PB,12131,9016,2394,26,19,0,178,498,0,0,74.32198499711482,19.734564339296018,0.2143269310032149,0.15662352650234934,4.105185063061578
2509305,Mataraca - PB,6801,3798,1600,4,0,0,442,936,0,23,55.84472871636524,23.525952065872666,0.058814880164681664,0.0,13.76268195853551
2509339,Matinhas - PB,3847,3215,403,14,4,0,14,198,0,0,83.57161424486613,10.475695347023654,0.363919937613725,0.10397712503249285,5.146867689108396
2509370,Mato Grosso - PB,2244,1917,194,2,0,0,74,56,0,0,85.42780748663101,8.645276292335115,0.08912655971479501,0.0,2.4955436720142603
2509396,Maturéia - PB,5421,4604,666,0,0,0,28,124,0,0,84.92897989300867,12.285556170448256,0.0,0.0,2.2874008485519277
2509404,Mogeiro - PB,11820,9036,2259,19,3,0,154,350,0,0,76.44670050761421,19.111675126903553,0.16074450084602368,0.025380710659898477,2.961082910321489
2509503,Montadas - PB,4932,4019,645,3,3,0,63,198,0,0,81.4882400648824,13.077858880778589,0.06082725060827251,0.06082725060827251,4.014598540145985
2509602,Monte Horebe - PB,3751,3259,372,6,0,0,25,89,0,0,86.88349773393762,9.917355371900827,0.15995734470807785,0.0,2.372700613169821
2509701,Monteiro - PB,27972,22347,3627,89,17,0,730,1155,0,7,79.89060489060489,12.966537966537967,0.3181753181753182,0.06077506077506078,4.129129129129129
2509800,Mulungu - PB,7571,6283,933,0,19,0,44,292,0,0,82.9877162858275,12.32333905692775,0.0,0.2509576013736627,3.856822084268921
2509909,Natuba - PB,7722,6078,1308,3,0,0,63,262,0,7,78.71017871017871,16.93861693861694,0.03885003885003885,0.0,3.392903392903393
2510006,Nazarezinho - PB,6329,5735,502,9,14,2,3,63,0,0,90.61463106335914,7.931742771369884,0.14220255964607362,0.2212039816716701,0.9954179175225154
2510105,Nova Floresta - PB,8415,6364,1428,25,0,0,63,535,0,0,75.62685680332739,16.96969696969697,0.29708853238265004,0.0,6.357694592988711
2510204,Nova Olinda - PB,4977,4258,613,2,0,0,10,93,0,0,85.55354631303999,12.316656620454088,0.04018485031143259,0.0,1.8685955394816154
2510303,Nova Palmeira - PB,3770,3385,259,4,0,0,23,99,0,0,89.78779840848806,6.870026525198939,0.10610079575596817,0.0,2.625994694960212
2510402,Olho d'Água - PB,5238,4956,209,0,0,0,16,58,0,0,94.61626575028637,3.9900725467735776,0.0,0.0,1.1072928598701794
2510501,Olivedos - PB,3145,2836,231,0,0,0,8,70,0,0,90.17488076311605,7.344992050874404,0.0,0.0,2.2257551669316373
2510600,Ouro Velho - PB,2567,2190,279,3,0,0,10,85,0,0,85.31359563693027,10.868718348266459,0.1168679392286716,0.0,3.3112582781456954
2510659,Parari - PB,1541,1411,111,0,0,0,11,7,0,0,91.56391953277092,7.203114860480207,0.0,0.0,0.45425048669695
2510709,Passagem - PB,2113,1832,222,0,0,0,28,31,0,0,86.70137245622338,10.506389020350213,0.0,0.0,1.4671083767155704
2510808,Patos - PB,89223,68157,12840,533,567,13,2635,4135,292,52,76.38949598197775,14.390908173901348,0.5973795994306401,0.6354863656232137,4.6344552413615325
2510907,Paulista - PB,10363,9245,920,0,0,0,47,151,0,0,89.2116182572614,8.877738106725852,0.0,0.0,1.4571070153430474
2511004,Pedra Branca - PB,3246,2873,250,0,0,0,76,47,0,0,88.50893407270486,7.701786814540974,0.0,0.0,1.447935921133703
2511103,Pedra Lavrada - PB,6048,5013,738,27,0,0,59,212,0,0,82.88690476190476,12.202380952380953,0.44642857142857145,0.0,3.505291005291005
2511202,Pedras de Fogo - PB,25338,15884,6365,181,65,0,217,2602,0,26,62.68845212723972,25.12037256294893,0.7143420948772594,0.25653169153050753,10.269160944036624
2511301,Piancó - PB,14515,12799,1221,26,15,0,193,261,0,0,88.1777471581123,8.41198759903548,0.1791250430589046,0.10334137099552188,1.7981398553220806
2511400,Picuí - PB,15914,12476,2187,17,5,0,368,850,0,11,78.3963805454317,13.742616564031671,0.10682417996732436,0.031418876460977754,5.341208998366218
2511509,Pilar - PB,10460,7562,2008,4,6,0,158,722,0,0,72.2944550669216,19.196940726577438,0.03824091778202677,0.05736137667304015,6.902485659655832
2511608,Pilões - PB,5755,4855,611,3,8,0,67,211,0,0,84.3614248479583,10.616854908774979,0.052128583840139006,0.13900955690703737,3.6663770634231105
2511707,Pilõezinhos - PB,4472,4252,154,0,5,0,7,54,0,0,95.08050089445439,3.443649373881932,0.0,0.11180679785330948,1.2075134168157424
2511806,Pirpirituba - PB,8017,6745,848,31,23,10,103,256,0,0,84.13371585381066,10.577522764126233,0.38667830859423724,0.2868903579892728,3.1932144193588625
2511905,Pitimbu - PB,14063,6041,5214,31,33,0,172,2546,0,26,42.95669487307118,37.076015075019555,0.2204366066984285,0.23465832325961744,18.104245182393516
2512002,Pocinhos - PB,14891,11903,2130,6,0,0,183,658,5,7,79.93418843596804,14.3039419783762,0.040292794305285075,0.0,4.418776442146263
2512036,Poço Dantas - PB,3320,2813,452,5,2,0,2,46,0,0,84.7289156626506,13.614457831325302,0.15060240963855423,0.060240963855421686,1.3855421686746987
2512077,Poço de José de Moura - PB,3564,3087,386,0,0,0,31,60,0,0,86.61616161616162,10.830527497194163,0.0,0.0,1.6835016835016836
2512101,Pombal - PB,28466,23766,3693,78,7,0,371,515,9,26,83.48907468558983,12.973371741726973,0.2740111009625518,0.024590739829972598,1.8091758589194127
2512200,Prata - PB,3447,2624,542,3,8,0,58,202,0,11,76.12416594139832,15.723817812590658,0.08703220191470844,0.23208587177255585,5.8601682622570355
2512309,Princesa Isabel - PB,18291,16227,1621,18,22,0,135,268,0,0,88.7157618500902,8.862281996610355,0.09840905363293423,0.12027773221803073,1.465201465201465
2512408,Puxinanã - PB,12128,9450,1996,50,54,17,61,500,0,0,77.9188654353562,16.45778364116095,0.41226912928759896,0.44525065963060684,4.12269129287599
2512507,Queimadas - PB,40487,28468,8785,89,104,0,989,2017,0,35,70.3139279274829,21.698322918467657,0.2198236470965989,0.2568725763825425,4.9818460246498875
2512606,Quixaba - PB,1515,1295,172,0,0,0,30,18,0,0,85.47854785478548,11.353135313531354,0.0,0.0,1.188118811881188
2512705,Remígio - PB,15321,12672,1851,57,41,0,314,374,0,11,82.71000587429019,12.081456823967104,0.37203837869590756,0.26760655309705633,2.441093923373148
2512721,Pedro Régis - PB,4968,3923,568,35,14,0,26,402,0,0,78.96537842190016,11.43317230273752,0.7045088566827697,0.28180354267310787,8.091787439613526
2512747,Riachão - PB,2512,2222,250,0,3,0,14,23,0,0,88.45541401273886,9.952229299363058,0.0,0.11942675159235669,0.9156050955414012
2512754,Riachão do Bacamarte - PB,4088,3118,639,4,38,0,79,208,0,2,76.2720156555773,15.631115459882583,0.09784735812133072,0.9295499021526419,5.088062622309198
2512762,Riachão do Poço - PB,4033,3300,637,0,2,0,52,43,0,0,81.82494421026531,15.794693776345152,0.0,0.049590875278948676,1.0662038184973965
2512788,Riacho de Santo Antônio - PB,1667,1361,203,2,0,0,49,52,0,0,81.64367126574685,12.177564487102579,0.11997600479904019,0.0,3.119376124775045
2512804,Riacho dos Cavalos - PB,7407,5832,998,0,0,0,421,156,0,0,78.7363304981774,13.473741055758067,0.0,0.0,2.1061158363710004
2512903,Rio Tinto - PB,20918,14103,4813,51,70,26,723,1113,0,19,67.42040348025624,23.00889186346687,0.24380915957548524,0.33464002294674444,5.320776364853236
2513000,Salgadinho - PB,2937,2473,388,0,0,0,23,52,0,0,84.20156622403813,13.210759278175008,0.0,0.0,1.7705141300646918
2513109,Salgado de São Félix - PB,10048,8327,1405,5,25,3,52,230,0,0,82.87221337579618,13.982882165605096,0.04976114649681529,0.24880573248407642,2.2890127388535033
2513158,Santa Cecília - PB,6540,5689,657,11,0,0,36,144,3,0,86.98776758409785,10.045871559633028,0.16819571865443425,0.0,2.2018348623853212
2513208,Santa Cruz - PB,5262,4907,306,7,0,0,15,24,0,3,93.25351577347017,5.815279361459521,0.13302926643861648,0.0,0.45610034207525657
2513307,Santa Helena - PB,5217,4489,652,8,0,0,23,45,0,0,86.04562008817328,12.49760398696569,0.15334483419589803,0.0,0.8625646923519263
2513356,Santa Inês - PB,2794,2581,184,5,0,0,6,15,4,0,92.3765211166786,6.58554044380816,0.17895490336435219,0.0,0.5368647100930566
2513406,Santa Luzia - PB,13055,10795,1365,113,6,0,299,452,0,25,82.68862504787438,10.455764075067025,0.8655687476062811,0.04595940252776714,3.4622749904251244
2513505,Santana de Mangueira - PB,4375,3746,518,3,11,0,7,89,0,0,85.62285714285714,11.84,0.06857142857142857,0.25142857142857145,2.0342857142857143
2513604,Santana dos Garrotes - PB,5781,5177,514,0,0,0,23,67,0,0,89.55198062618923,8.891195294931673,0.0,0.0,1.1589690364988756
2513653,Joca Claudino - PB,2241,1949,255,0,0,0,6,32,0,0,86.97010263275324,11.378848728246318,0.0,0.0,1.42793395805444
2513703,Santa Rita - PB,126781,55216,43460,187,428,9,8268,19139,0,74,43.55226729557268,34.27958448032434,0.14749844219559713,0.3375900174316341,15.09611061594403
2513802,Santa Teresinha - PB,3888,3518,263,4,0,0,36,67,0,0,90.48353909465021,6.76440329218107,0.102880658436214,0.0,1.7232510288065843
2513851,Santo André - PB,2349,2199,112,4,5,0,15,14,0,0,93.61430395913155,4.76798637718178,0.17028522775649213,0.21285653469561516,0.5959982971477225
2513901,São Bento - PB,28081,21476,4198,50,10,0,1304,1043,0,0,76.47875787899291,14.949610056621916,0.17805633702503473,0.03561126740500695,3.7142551903422243
2513927,São Bentinho - PB,3769,3347,373,6,0,0,35,7,0,0,88.80339612629345,9.896524276996551,0.15919342000530645,0.0,0.1857256566728575
2513943,São Domingos do Cariri - PB,2235,1972,234,0,0,0,3,25,0,0,88.23266219239373,10.46979865771812,0.0,0.0,1.1185682326621924
2513968,São Domingos - PB,2300,2041,172,0,0,0,55,32,0,0,88.73913043478261,7.478260869565218,0.0,0.0,1.391304347826087
2513984,São Francisco - PB,2766,2496,219,0,6,0,17,28,0,0,90.23861171366595,7.917570498915401,0.0,0.21691973969631237,1.0122921185827911
2514008,São João do Cariri - PB,3675,3021,426,0,0,0,6,211,11,0,82.20408163265306,11.591836734693878,0.0,0.0,5.741496598639456
2514107,São João do Tigre - PB,3711,3292,223,6,0,0,30,155,0,4,88.70924279170035,6.009161950956615,0.16168148746968472,0.0,4.176771759633522
2514206,São José da Lagoa Tapada - PB,6271,5419,738,5,0,0,56,48,5,0,86.41365013554457,11.768457981183225,0.07973210014351778,0.0,0.7654281613777707
2514305,São José de Caiana - PB,4325,3586,693,0,0,0,6,40,0,0,82.91329479768787,16.023121387283236,0.0,0.0,0.9248554913294798
2514404,São José de Espinharas - PB,3611,3122,389,8,6,0,50,36,0,0,86.45804486291885,10.772639158127943,0.2215452783162559,0.16615895873719191,0.9969537524231514
2514453,São José dos Ramos - PB,5001,4110,647,0,3,0,32,206,0,3,82.18356328734254,12.937412517496501,0.0,0.059988002399520096,4.119176164767047
2514503,São José de Piranhas - PB,16573,13334,2262,0,26,0,325,516,27,83,80.45616363965486,13.648705726181138,0.0,0.1568816750135763,3.113497857961745
2514552,São José de Princesa - PB,2979,2723,224,0,0,0,32,0,0,0,91.4065122524337,7.51930177912051,0.0,0.0,0.0
2514602,São José do Bonfim - PB,2785,2271,441,21,0,0,0,51,0,0,81.54398563734291,15.834829443447038,0.7540394973070018,0.0,1.8312387791741471
2514651,São José do Brejo do Cruz - PB,1484,1086,226,0,4,0,0,166,0,2,73.18059299191374,15.22911051212938,0.0,0.2695417789757412,11.185983827493262
2514701,São José do Sabugi - PB,3669,2876,481,12,21,0,75,205,0,0,78.3864813300627,13.109839193240665,0.3270645952575634,0.5723630417007359,5.587353502316708
2514800,São José dos Cordeiros - PB,3001,2712,261,0,3,0,4,21,0,0,90.36987670776408,8.697100966344552,0.0,0.09996667777407531,0.6997667444185272
2514909,São Mamede - PB,6614,5510,910,9,6,0,56,124,0,0,83.3081342606592,13.758693680072573,0.1360749924402782,0.09071666162685213,1.874811006954944
2515005,São Miguel de Taipu - PB,6056,4146,1420,7,27,0,73,384,0,0,68.46103038309116,23.44782034346103,0.1155878467635403,0.44583883751651254,6.340819022457067
2515104,São Sebastião de Lagoa de Roça - PB,9538,7690,1327,58,43,0,209,211,0,0,80.62486894527154,13.912769972740616,0.6080939400293562,0.45082826588383307,2.212203816313693
2515203,São Sebastião do Umbuzeiro - PB,2818,2526,215,10,0,0,0,67,0,0,89.63804116394606,7.629524485450674,0.35486160397445,0.0,2.3775727466288146
2515302,Sapé - PB,43831,31409,7910,65,63,0,1160,3122,0,102,71.65932787296663,18.046588031302047,0.14829686751386006,0.14373388697497205,7.1228126212041705
2515401,São Vicente do Seridó - PB,8777,7068,1389,0,11,0,95,213,0,0,80.52865443773499,15.825452888230602,0.0,0.12532756066993278,2.4267973111541528
2515500,Serra Branca - PB,11967,10156,1321,77,30,0,159,195,7,22,84.86671680454583,11.038689730091084,0.6434361159856271,0.25068939583855604,1.6294810729506142
2515609,Serra da Raiz - PB,2663,2223,294,11,41,0,20,75,0,0,83.47728126173489,11.04018024784078,0.41306796845662785,1.5396169733383402,2.816372512204281
2515708,Serra Grande - PB,2507,1935,494,2,0,0,13,62,0,0,77.18388512165936,19.70482648583965,0.07977662544874352,0.0,2.4730753889110493
2515807,Serra Redonda - PB,5942,5121,643,0,8,0,55,116,0,0,86.18310333221137,10.821272298889262,0.0,0.13463480309660047,1.9522046449007069
2515906,Serraria - PB,4207,3729,304,2,0,0,18,154,0,0,88.63798431186119,7.2260518183979086,0.04753981459472308,0.0,3.660565723793677
2515930,Sertãozinho - PB,4343,3660,563,0,7,0,37,76,0,0,84.2735436334331,12.963389362192034,0.0,0.16117890858853326,1.7499424361040756
2515971,Sobrado - PB,7028,5721,1089,0,10,0,63,145,0,0,81.40295959021059,15.495162208309619,0.0,0.14228799089356858,2.0631758679567445
2516003,Solânea - PB,23411,19149,3066,10,20,0,518,647,0,0,81.79488274742643,13.096407671607365,0.04271496305155696,0.08542992610311392,2.7636581094357355
2516102,Soledade - PB,11994,9849,1481,17,17,0,238,393,0,0,82.11605802901451,12.347840586960146,0.14173753543438386,0.14173753543438386,3.27663831915958
2516151,Sossêgo - PB,2874,2062,584,0,0,0,16,212,0,0,71.74669450243563,20.32011134307585,0.0,0.0,7.376478775226166
2516201,Sousa - PB,58664,46356,8942,194,211,0,1014,1898,0,49,79.01950088640393,15.242738306286649,0.3306968498568117,0.3596754397927179,3.2353743351970543
2516300,Sumé - PB,15008,12735,1583,125,87,0,112,359,0,8,84.85474413646055,10.5477078891258,0.8328891257995735,0.5796908315565032,2.3920575692963753
2516409,Tacima - PB,6999,5625,1091,12,0,0,27,244,0,0,80.36862408915559,15.587941134447778,0.17145306472353194,0.0,3.4862123160451493
2516508,Taperoá - PB,12011,10687,948,7,5,0,146,219,0,0,88.97677129298144,7.892764965448339,0.058279910082424446,0.041628507201731745,1.8233286154358506
2516607,Tavares - PB,12152,11182,704,0,8,0,69,189,0,0,92.01777485187624,5.793285055957867,0.0,0.06583278472679395,1.555299539170507
2516706,Teixeira - PB,12434,9952,1803,29,0,0,86,564,0,0,80.03860382821297,14.500562972494773,0.23323146211999357,0.0,4.535949815023323
2516755,Tenório - PB,2553,2183,352,0,0,0,11,7,0,0,85.5072463768116,13.787700744222484,0.0,0.0,0.27418723070896983
2516805,Triunfo - PB,8634,7427,876,0,8,0,112,211,0,0,86.02038452629141,10.14593467685893,0.0,0.0926569376882094,2.443826731526523
2516904,Uiraúna - PB,13078,11096,1402,16,3,0,108,447,0,6,84.84477748891268,10.720293622878115,0.12234286588163328,0.022939287352806238,3.4179538155681297
2517001,Umbuzeiro - PB,7858,6895,813,0,12,0,39,74,0,24,87.74497327564266,10.346144057011962,0.0,0.15271061338763045,0.9417154492237211
2517100,Várzea - PB,2381,1903,364,14,0,0,26,75,0,0,79.92440151196976,15.287694246115077,0.5879882402351952,0.0,3.149937001259975
2517209,Vieirópolis - PB,4338,3826,429,0,0,0,24,59,0,0,88.19732595666206,9.889349930843707,0.0,0.0,1.360073766712771
2517407,Zabelê - PB,1916,1615,251,2,10,0,9,29,0,0,84.2901878914405,13.100208768267223,0.10438413361169102,0.5219206680584552,1.5135699373695197
2600054,Abreu e Lima - PE,85649,28712,37667,875,481,32,3454,12564,7,1856,33.52286658338101,43.97833016147299,1.0216114607292555,0.5615944144123107,14.66917302011699
2600104,Afogados da Ingazeira - PE,34768,27610,4553,184,51,10,629,1700,23,9,79.41210308329498,13.09537505752416,0.529222273354809,0.14668660837551772,4.889553612517258
2600203,Afrânio - PE,16103,14123,1575,0,15,7,135,249,0,0,87.70415450537168,9.780786188908898,0.0,0.09315034465627522,1.5462957212941688
2600302,Agrestina - PE,20545,15001,4108,0,53,0,484,899,0,0,73.015332197615,19.99513263567778,0.0,0.25797030907763446,4.3757605256753465
2600401,Água Preta - PE,22581,9641,7908,23,9,0,245,4619,0,137,42.69518621850228,35.0205925335459,0.10185554227005005,0.03985651654045436,20.455249988928745
2600500,Águas Belas - PE,34694,27739,3341,190,60,2343,305,698,0,19,79.95330604715512,9.629907188562864,0.547645125958379,0.17294056609211966,2.0118752522049923
2600609,Alagoinha - PE,11698,9592,1297,50,53,0,161,497,8,40,81.9969225508634,11.087365361600273,0.42742349119507606,0.4530689006667806,4.2485895024790565
2600708,Aliança - PE,30886,19070,9032,78,34,0,217,2386,0,70,61.7431846143884,29.243022728744414,0.2525416046105031,0.11008223790714239,7.725182930777699
2600807,Altinho - PE,18060,15653,1778,68,21,0,157,359,0,24,86.67220376522702,9.844961240310077,0.37652270210409744,0.11627906976744186,1.9878183831672205
2600906,Amaraji - PE,15607,6609,6074,25,46,0,709,2119,0,25,42.346383033254305,38.91843403600949,0.16018453258153392,0.29473953995002244,13.577240981610815
2601003,Angelim - PE,8789,6781,1559,7,0,0,126,305,11,0,77.15325975651382,17.73808169302537,0.07964501080896576,0.0,3.4702468995335076
2601052,Araçoiaba - PE,16226,6041,5978,39,35,4,334,3293,0,502,37.23037100949094,36.8421052631579,0.24035498582521878,0.21570319240724764,20.294588931344755
2601102,Araripina - PE,71441,59243,9197,184,52,0,820,1815,0,131,82.92577091586064,12.873560000559902,0.2575551853977408,0.07278733500370936,2.5405579429179324
2601201,Arcoverde - PE,66562,48717,10679,829,314,82,1555,4194,0,193,73.190408942039,16.043688591088006,1.245455364922929,0.47174063279348577,6.300892401069679
2601300,Barra de Guabiraba - PE,10456,7145,2429,0,3,0,190,689,0,0,68.33397092578424,23.230680948737568,0.0,0.028691660290742157,6.589517980107115
2601409,Barreiros - PE,33686,10691,15905,11,66,0,679,6272,0,64,31.737220210176336,47.21546042866473,0.03265451522887847,0.1959270913732708,18.619010865047795
2601508,Belém de Maria - PE,8936,6405,1931,0,0,0,92,484,0,23,71.67636526410027,21.609221128021485,0.0,0.0,5.4162936436884515
2601607,Belém do São Francisco - PE,15621,13276,1544,46,0,0,213,525,0,17,84.98815696818386,9.884130337366365,0.2944753856987389,0.0,3.360860380257346
2601706,Belo Jardim - PE,68042,48691,12530,133,330,0,1172,4981,11,193,71.56021280973516,18.41509655800829,0.1954675053643338,0.4849945621821816,7.32047852796802
2601805,Betânia - PE,9604,7823,1425,29,6,0,98,203,0,20,81.45564348188255,14.837567680133278,0.3019575177009579,0.06247396917950854,2.1137026239067054
2601904,Bezerros - PE,53981,41081,7391,567,163,0,1185,3501,38,55,76.10270280283804,13.691854541412718,1.0503695744799095,0.3019580963672403,6.485615309090235
2602001,Bodocó - PE,29373,25531,2429,21,0,0,246,1145,0,0,86.91996050794948,8.269499199945528,0.07149422939434175,0.0,3.8981377455486332
2602100,Bom Conselho - PE,37966,31587,4313,107,43,8,603,1232,31,41,83.19812463783386,11.3601643575831,0.28183111204762157,0.11325923194437128,3.245008691987568
2602209,Bom Jardim - PE,32829,28579,3311,118,34,0,240,547,0,0,87.05412897133633,10.085595053154224,0.359438301501721,0.10356696822930946,1.6662097535715374
2602308,Bonito - PE,31935,22447,6573,163,32,0,916,1779,0,24,70.28965085329575,20.582433067167685,0.5104117739157664,0.10020353843745107,5.570690465007045
2602407,Brejão - PE,7682,6127,1204,12,0,0,60,279,0,0,79.75787555324135,15.673001822442073,0.15620932048945588,0.0,3.631866701379849
2602506,Brejinho - PE,6712,5584,722,30,6,0,117,244,0,10,83.19427890345649,10.756853396901073,0.4469606674612634,0.08939213349225268,3.635280095351609
2602605,Brejo da Madre de Deus - PE,41019,30259,7156,43,47,0,956,2520,0,39,73.76825373607353,17.44557400229162,0.10482946927033814,0.11458104780711377,6.143494478168654
2602704,Buenos Aires - PE,11031,8188,1806,22,5,0,97,819,0,93,74.22717795304143,16.372042425890672,0.19943794760221195,0.04532680627322999,7.424530867555072
2602803,Buíque - PE,43796,35869,5757,38,102,12,341,1532,73,72,81.9001735318294,13.145036076354005,0.08676591469540597,0.23289798155082655,3.4980363503516303
2602902,Cabo de Santo Agostinho - PE,175663,49466,76822,1161,551,20,8988,38585,14,55,28.159601054291457,43.73260162925602,0.6609246113296482,0.3136687862555006,21.9653541155508
2603009,Cabrobó - PE,25601,18792,4543,49,19,450,572,886,21,269,73.40338268036405,17.745400570290222,0.19139877348541073,0.07421585094332253,3.4608023124096716
2603108,Cachoeirinha - PE,17128,14769,1452,0,24,0,161,722,0,0,86.22723026623073,8.477347034096217,0.0,0.14012143858010276,4.215319943951425
2603207,Caetés - PE,24234,21868,1492,12,8,0,138,716,0,0,90.2368573079145,6.156639432202691,0.04951720722951226,0.0330114714863415,2.9545266980275646
2603306,Calçado - PE,9571,8848,507,12,0,0,30,175,0,0,92.44593041479469,5.297252115766377,0.12537874830216278,0.0,1.8284400794065405
2603405,Calumbi - PE,4509,3527,866,10,21,0,20,64,0,0,78.22133510756265,19.206032379685073,0.22177866489243736,0.4657351962741184,1.419383455311599
2603454,Camaragibe - PE,129216,55864,44664,1540,765,26,6458,19505,74,320,43.23303615651312,34.565378900445765,1.191802872709262,0.5920319465081724,15.094879891035166
2603504,Camocim de São Félix - PE,15059,11830,2334,147,20,0,203,520,0,5,78.55767315226775,15.499037120658743,0.9761604356198951,0.13281094362175444,3.4530845341656153
2603603,Camutanga - PE,6680,4748,1519,17,17,3,57,315,0,3,71.07784431137725,22.739520958083833,0.25449101796407186,0.25449101796407186,4.7155688622754495
2603702,Canhotinho - PE,20870,15924,3598,23,29,0,439,848,10,0,76.30091039770005,17.24005749880211,0.11020603737422137,0.13895543842836608,4.063248682319118
2603801,Capoeiras - PE,15658,13621,1508,0,0,0,236,255,38,0,86.99067569293652,9.630859624473112,0.0,0.0,1.6285604802656788
2603900,Carnaíba - PE,16116,13504,1959,20,0,0,87,496,0,50,83.79250434350955,12.155621742367833,0.12410027302060064,0.0,3.077686770910896
2603926,Carnaubeira da Penha - PE,10207,8668,1055,0,0,40,46,276,20,101,84.92211227588909,10.336043891447046,0.0,0.0,2.7040266483785635
2604007,Carpina - PE,69114,35918,23287,380,181,1,2619,6663,5,61,51.9692102902451,33.6936076627022,0.5498162456231733,0.2618861590994589,9.640593801545274
2604106,Caruaru - PE,325669,189696,82248,3678,1791,59,16308,31664,43,181,58.24809852948853,25.255090291062398,1.1293675480318974,0.5499448826876369,9.722755312909733
2604155,Casinhas - PE,11177,9825,1126,8,0,0,117,101,0,0,87.90373087590588,10.074259640332826,0.0715755569473025,0.0,0.903641406459694
2604205,Catende - PE,27425,15504,7733,107,31,0,604,3371,0,75,56.53236098450319,28.19690063810392,0.390154968094804,0.11303555150410209,12.291704649042844
2604304,Cedro - PE,8920,7852,721,5,5,0,78,246,5,10,88.02690582959642,8.082959641255606,0.05605381165919283,0.05605381165919283,2.757847533632287
2604403,Chã de Alegria - PE,10868,6954,2563,0,90,0,293,968,0,0,63.98601398601399,23.582995951417004,0.0,0.8281192491718807,8.906882591093117
2604502,Chã Grande - PE,17792,13254,2838,42,61,0,351,1185,0,61,74.49415467625899,15.950989208633093,0.2360611510791367,0.34285071942446044,6.660296762589928
2604601,Condado - PE,20984,13534,5137,89,84,0,190,1951,0,0,64.49675943576058,24.480556614563476,0.4241326725123904,0.40030499428135724,9.297560045749142
2604700,Correntes - PE,14478,12639,1441,47,63,0,75,183,0,29,87.29796933278077,9.953032186766128,0.32463047382235116,0.43514297554910897,1.2639867384997927
2604809,Cortês - PE,8775,4446,2943,0,0,0,31,1330,0,25,50.666666666666664,33.53846153846154,0.0,0.0,15.156695156695157
2604908,Cumaru - PE,13956,12028,1513,16,9,0,116,274,0,0,86.18515333906564,10.84121524792204,0.11464603038119806,0.0644883920894239,1.9633132702780167
2605004,Cupira - PE,20094,13277,4998,96,0,0,721,956,0,46,66.07445008460238,24.873096446700508,0.477754553598089,0.0,4.757639096247636
2605103,Custódia - PE,32219,26974,3649,33,0,0,577,987,0,0,83.72078587169062,11.325615320152705,0.10242403550699898,0.0,3.0634097892547874
2605152,Dormentes - PE,14804,12894,1611,6,10,0,43,240,0,0,87.09808159956768,10.882194001621183,0.0405295865982167,0.06754931099702784,1.621183463928668
2605202,Escada - PE,51520,19547,21563,135,85,0,2507,7397,11,275,37.94060559006211,41.85364906832298,0.2620341614906832,0.16498447204968944,14.35753105590062
2605301,Exu - PE,27293,22842,2799,48,89,0,211,1264,0,39,83.69178910343311,10.255376836551497,0.1758692705089217,0.32609093906862563,4.631224123401605
2605400,Feira Nova - PE,18439,11638,5600,21,44,0,207,896,33,0,63.11622105320245,30.370410542871088,0.11388903953576658,0.2386246542654157,4.859265686859374
2605459,Fernando de Noronha - PE,2845,1272,749,96,9,0,111,594,15,0,44.71001757469244,26.32688927943761,3.374340949033392,0.3163444639718805,20.878734622144112
2605509,Ferreiros - PE,13068,10232,2142,45,55,0,187,403,4,0,78.29813284358738,16.391184573002754,0.3443526170798898,0.4208754208754209,3.083868992959902
2605608,Flores - PE,17690,14515,2251,19,0,0,150,755,0,0,82.0520067834935,12.724703222159413,0.10740531373657433,0.0,4.267947993216507
2605707,Floresta - PE,25497,19837,3163,29,72,814,319,1153,82,28,77.80130995803428,12.405381025218654,0.1137388712397537,0.2823861630780092,4.522100639290897
2605806,Frei Miguelinho - PE,12089,10923,916,42,10,0,60,131,0,6,90.35486806187443,7.577136239556622,0.3474232773595831,0.08271982794275788,1.0836297460501283
2605905,Gameleira - PE,15383,5993,7101,65,12,0,280,1889,0,42,38.958590652018465,46.16134694142885,0.42254436715855165,0.07800819086004031,12.279789377884677
2606002,Garanhuns - PE,122467,84905,25756,1089,297,0,3556,6615,72,176,69.32888043309626,21.030971608678257,0.8892191365837327,0.24251430997738166,5.4014550858598644
2606101,Glória do Goitá - PE,25034,19451,4135,88,21,14,345,920,0,61,77.69833027083168,16.517536150834864,0.351521930174962,0.08388591515538867,3.6750019972836943
2606200,Goiana - PE,69432,33386,24992,444,405,4,2037,8079,9,74,48.08445673464685,35.99493029150824,0.6394745938472174,0.5833045281714483,11.635845143449707
2606309,Granito - PE,6012,5414,475,0,0,0,3,121,0,0,90.05322687957418,7.900864936793081,0.0,0.0,2.012641383898869
2606408,Gravatá - PE,75230,51719,13863,1238,374,27,2874,4933,0,202,68.74783995746378,18.427489033630202,1.645620098365014,0.4971420975674598,6.557224511498073
2606507,Iati - PE,14554,12415,1622,57,10,0,204,247,0,0,85.30300948192937,11.144702487288718,0.391644908616188,0.0687096330905593,1.6971279373368147
2606606,Ibimirim - PE,22378,18346,2558,32,93,141,175,966,0,67,81.98230404861918,11.430869604075431,0.1429975869157208,0.41558673697381354,4.3167396550183215
2606705,Ibirajuba - PE,6177,5345,627,6,2,0,72,125,0,0,86.53067832281043,10.150558523555123,0.09713453132588636,0.03237817710862879,2.023636069289299
2606804,Igarassu - PE,98866,40083,42382,572,491,30,3519,11709,37,43,40.54275483988429,42.86812453219509,0.5785608803835495,0.4966318046649,11.843303056662553
2606903,Iguaracy - PE,9683,7996,1269,42,0,0,156,220,0,0,82.57771351853765,13.105442528142104,0.4337498709077765,0.0,2.2720231333264485
2607000,Inajá - PE,20670,17610,1687,118,23,443,151,618,0,21,85.19593613933236,8.161586840832124,0.5708756652152879,0.11127237542331882,2.9898403483309144
2607109,Ingazeira - PE,4105,3738,240,0,0,0,24,99,0,4,91.05968331303289,5.84652862362972,0.0,0.0,2.4116930572472595
2607208,Ipojuca - PE,83422,28918,36793,1286,156,63,4315,11773,24,92,34.66471674138717,44.10467262832346,1.5415597803936611,0.1870010309031191,14.112584210400135
2607307,Ipubi - PE,24011,18485,3135,0,35,0,1528,774,0,54,76.98554829036692,13.056515763608346,0.0,0.1457665236766482,3.2235225521635917
2607406,Itacuruba - PE,3631,2694,484,5,0,164,74,209,0,0,74.19443679427155,13.329661250344257,0.13770311209033323,0.0,5.755990085375929
2607505,Itaíba - PE,28262,25601,1796,147,48,0,283,387,0,0,90.58453046493526,6.354822730167716,0.5201330408322129,0.16983936027174298,1.3693298421909277
2607604,Ilha de Itamaracá - PE,21295,10572,6062,246,42,0,1489,2874,0,10,49.64545667997182,28.466776238553653,1.1552007513500822,0.19722939657196525,13.496125851138766
2607653,Itambé - PE,29780,19300,6830,51,200,0,1459,1940,0,0,64.80859637340497,22.934855607790464,0.1712558764271323,0.6715916722632639,6.51443922095366
2607703,Itapetim - PE,12088,9956,1327,19,0,0,194,584,0,9,82.36267372600926,10.977829252150894,0.157180675049636,0.0,4.831237590999338
2607752,Itapissuma - PE,24074,7616,8033,16,92,0,3006,5269,0,42,31.635789648583533,33.36794882445792,0.0664617429592091,0.3821550220154524,21.88668272825455
2607802,Itaquitinga - PE,14253,6016,4766,11,11,0,474,2915,0,60,42.20865782642251,33.43857433522767,0.07717673472251456,0.07717673472251456,20.451834701466357
2607901,Jaboatão dos Guararapes - PE,560111,225409,203366,7937,3156,205,36351,83359,61,267,40.24363028042656,36.308160346788405,1.4170405508908055,0.5634597428009805,14.882585773177102
2607950,Jaqueira - PE,8722,5911,2181,0,0,0,184,446,0,0,67.7711534051823,25.005732630130705,0.0,0.0,5.113506076587939
2608008,Jataúba - PE,13503,11158,1776,39,35,0,191,252,0,51,82.63348885432866,13.15263274827816,0.2888247056209731,0.2592016588906169,1.8662519440124417
2608057,Jatobá - PE,11811,8360,1640,13,17,914,164,657,43,5,70.78147489628313,13.88536110405554,0.11006688680044027,0.14393362120057573,5.562611125222251
2608107,João Alfredo - PE,24253,21816,1669,54,20,0,259,409,0,27,89.9517585453346,6.881622892013359,0.22265286768647177,0.08246402506906363,1.686389312662351
2608206,Joaquim Nabuco - PE,11235,5231,4424,0,3,0,180,1331,0,65,46.559857587894975,39.37694704049844,0.0,0.0267022696929239,11.846906987093902
2608255,Jucati - PE,9853,8184,1434,5,5,4,30,186,6,0,83.06099665076627,14.553942961534558,0.05074596569572719,0.05074596569572719,1.8877499238810516
2608305,Jupi - PE,12839,10910,1377,0,9,0,198,335,0,9,84.97546537892359,10.725134356258275,0.0,0.0700989173611652,2.6092374795544826
2608404,Jurema - PE,11659,9759,1466,30,19,0,184,196,0,5,83.70357663607514,12.57397718500729,0.25731194785144523,0.16296423363924864,1.6811047259627756
2608453,Lagoa do Carro - PE,15482,9724,3935,49,77,0,394,1292,0,12,62.8084226844077,25.416612840718255,0.3164965766696809,0.49735176333807,8.34517504198424
2608503,Lagoa de Itaenga - PE,16268,11855,3157,15,29,0,342,858,0,12,72.87312515367593,19.40619621342513,0.0922055569215638,0.17826407671502337,5.27415785591345
2608602,Lagoa do Ouro - PE,10329,8439,1507,25,13,0,118,212,0,16,81.70200406622132,14.589989350372736,0.24203698325104075,0.1258592312905412,2.0524736179688254
2608701,Lagoa dos Gatos - PE,12040,9641,1938,12,6,0,46,397,0,0,80.07475083056478,16.096345514950166,0.09966777408637874,0.04983388704318937,3.29734219269103
2608750,Lagoa Grande - PE,19979,13389,4633,32,10,0,206,1685,0,24,67.01536613444117,23.18934881625707,0.16016817658541468,0.05005255518294209,8.433855548325742
2608800,Lajedo - PE,33623,28142,4504,83,23,0,254,591,0,25,83.69865865627695,13.395592302887904,0.24685483151414211,0.06840555572078637,1.757725366564554
2608909,Limoeiro - PE,49877,35452,8437,1193,225,0,1882,2591,0,97,71.07885398079274,16.91561240652004,2.3918840347254244,0.4511097299356417,5.194779156725545
2609006,Macaparana - PE,20629,16288,3516,4,10,0,221,578,0,12,78.95680837655728,17.0439672305977,0.019390178874400116,0.04847544718600029,2.8018808473508168
2609105,Machados - PE,9639,7879,1217,39,0,0,139,354,0,11,81.74084448594253,12.625791057163607,0.4046062869592281,0.0,3.6725801431683784
2609154,Manari - PE,19922,18615,832,21,0,0,79,355,0,19,93.43941371348258,4.176287521333199,0.10541110330288124,0.0,1.7819496034534685
2609204,Maraial - PE,7885,5042,1823,12,4,0,76,915,0,12,63.94419784400761,23.11984781230184,0.1521876981610653,0.05072923272035511,11.60431198478123
2609303,Mirandiba - PE,11851,8884,1568,20,0,0,250,1129,0,0,74.96413804742215,13.2309509746013,0.1687621297780778,0.0,9.526622225972492
2609402,Moreno - PE,47982,18301,19843,247,52,0,2640,6863,12,23,38.141386353215786,41.355091492643076,0.514776374473761,0.10837397357342336,14.303280396815472
2609501,Nazaré da Mata - PE,26699,16206,7700,222,84,0,490,1856,0,142,60.698902580620995,28.840031461852504,0.8314918161728904,0.31461852503839094,6.951571219895876
2609600,Olinda - PE,308005,143544,88134,10647,3543,100,14245,47256,108,428,46.60443823963897,28.614470544309345,3.4567620655508837,1.1503060015259492,15.342608074544245
2609709,Orobó - PE,18902,16337,2113,31,0,0,261,148,0,12,86.43000740662364,11.178711247487039,0.16400380912072796,0.0,0.7829859274150883
2609808,Orocó - PE,11271,9168,1615,7,0,73,120,289,0,0,81.34149587436785,14.328808446455506,0.0621062904799929,0.0,2.5641025641025643
2609907,Ouricuri - PE,55280,44715,6609,156,48,0,995,2694,16,47,80.88820549927641,11.955499276410999,0.2821997105643994,0.08683068017366136,4.873371924746744
2610004,Palmares - PE,47489,21391,18138,189,117,0,1394,6235,26,0,45.04411547937417,38.19410810924635,0.3979869022299901,0.2463728442376129,13.129356271978773
2610103,Palmeirina - PE,6055,5081,764,4,0,0,90,115,0,0,83.91412056151941,12.617671345995046,0.06606110652353427,0.0,1.8992568125516103
2610202,Panelas - PE,19563,17329,1644,5,0,0,153,415,0,16,88.58048356591524,8.403619076828708,0.02555845218013597,0.0,2.1213515309512854
2610301,Paranatama - PE,10514,8687,1439,6,0,0,51,325,0,7,82.62316910785619,13.686513220467948,0.05706676811869888,0.0,3.0911166064295226
2610400,Parnamirim - PE,16114,14235,1283,34,0,0,161,401,0,0,88.33933225766414,7.962020603202184,0.21099664887675312,0.0,2.4885192999875883
2610509,Passira - PE,24740,18881,4449,24,81,0,301,965,0,38,76.31770412287793,17.983023443815682,0.09700889248181083,0.32740501212611156,3.900565885206144
2610608,Paudalho - PE,48154,22410,16669,655,148,0,949,7236,0,87,46.53818997383395,34.61602359097894,1.360219296423973,0.30734726087137104,15.026789051792166
2610707,Paulista - PE,299102,124105,99155,8023,3313,49,18887,45070,42,457,41.49253431939606,33.150898355744864,2.682362538532006,1.1076488956944455,15.068438191653684
2610806,Pedra - PE,19437,16264,2283,13,79,0,166,625,6,0,83.67546432062561,11.745639759222103,0.06688274939548285,0.40644132324947263,3.215516797859752
2610905,Pesqueira - PE,53964,45267,5074,337,227,484,629,1853,39,55,83.88370024460751,9.402564672744793,0.6244904010080795,0.4206508042398636,3.4337706619227633
2611002,Petrolândia - PE,28627,21236,4354,42,44,13,497,2383,48,11,74.1817165612883,15.209417682607329,0.14671464002515108,0.1537010514549202,8.324309218569882
2611101,Petrolina - PE,325882,200951,72391,2583,1112,11,13601,34846,143,245,61.66373104375203,22.213868823684646,0.792618186951105,0.3412278063839058,10.6928274651561
2611200,Poção - PE,9101,8085,631,25,24,10,95,225,0,7,88.8363916053181,6.933304032523899,0.2746950884518185,0.26370728491374573,2.4722557960663663
2611309,Pombos - PE,23700,14657,7074,45,19,0,417,1447,0,41,61.84388185654009,29.848101265822784,0.189873417721519,0.08016877637130802,6.105485232067511
2611408,Primavera - PE,11861,5599,4006,4,6,0,229,2003,0,15,47.2051260433353,33.77455526515471,0.03372396931118793,0.050585953966781894,16.887277632577355
2611507,Quipapá - PE,15291,12573,1991,86,0,0,173,459,0,9,82.2248381400824,13.02073114904192,0.562422339938526,0.0,3.001765744555621
2611533,Quixaba - PE,5634,4591,945,0,0,3,19,77,0,0,81.48739794107206,16.773162939297123,0.0,0.0,1.3667021654242102
2611606,Recife - PE,1314192,624870,365938,40716,11526,171,73343,195523,528,1578,47.547846889952154,27.84509417193226,3.098177435260601,0.8770407976916615,14.877810852599925
2611705,Riacho das Almas - PE,17950,15084,2008,8,0,0,319,467,0,64,84.03342618384401,11.186629526462395,0.04456824512534819,0.0,2.6016713091922004
2611804,Ribeirão - PE,28975,10993,13400,131,83,0,494,3854,0,19,37.93960310612597,46.246764452113894,0.45211389128559104,0.28645383951682485,13.301121656600518
2611903,Rio Formoso - PE,16780,3793,8878,21,24,0,528,3474,0,61,22.604290822407627,52.908224076281286,0.12514898688915377,0.1430274135876043,20.703218116805722
2612000,Sairé - PE,9672,7653,1490,24,3,17,99,379,0,6,79.12531017369727,15.405293631100083,0.24813895781637718,0.031017369727047148,3.9185277088502897
2612109,Salgadinho - PE,5069,4283,612,16,0,0,12,146,0,0,84.49398303412902,12.073387255869008,0.3156441112645492,0.0,2.8802525152890115
2612208,Salgueiro - PE,53016,42105,7232,215,127,10,917,2268,133,8,79.4194205522861,13.641164931341482,0.4055379508073035,0.23955032443036064,4.277953825260298
2612307,Saloá - PE,11894,9863,1662,4,9,0,59,285,0,12,82.92416344375316,13.97343198251219,0.033630401883302505,0.07566840423743064,2.3961661341853033
2612406,Sanharó - PE,15949,12832,1803,57,30,0,85,1124,0,18,80.45645495015361,11.304783998996802,0.35738917800489056,0.18809956737099504,7.047463790833281
2612455,Santa Cruz - PE,11960,10724,1017,5,12,0,53,142,0,6,89.66555183946488,8.503344481605351,0.04180602006688963,0.10033444816053512,1.1872909698996656
2612471,Santa Cruz da Baixa Verde - PE,9814,8359,938,31,23,0,135,309,9,10,85.17424088037498,9.557774607703282,0.3158752802119421,0.2343590788669248,3.148563276951294
2612505,Santa Cruz do Capibaribe - PE,83360,47445,22273,276,315,0,3616,9117,25,293,56.91578694817658,26.71904990403071,0.3310940499040307,0.3778790786948177,10.93690019193858
2612554,Santa Filomena - PE,10501,9028,1256,0,4,0,12,193,8,0,85.97276449861918,11.96076564136749,0.0,0.038091610322826396,1.8379201980763737
2612604,Santa Maria da Boa Vista - PE,33750,25729,6273,56,36,0,296,1303,27,29,76.23407407407407,18.586666666666666,0.16592592592592592,0.10666666666666667,3.8607407407407406
2612703,Santa Maria do Cambucá - PE,12032,10206,1489,10,0,0,85,233,0,9,84.82380319148936,12.37533244680851,0.08311170212765957,0.0,1.936502659574468
2612802,Santa Terezinha - PE,8766,7026,1496,13,5,0,71,155,0,0,80.15058179329226,17.06593657312343,0.1483002509696555,0.05703855806525211,1.7681953000228154
2612901,São Benedito do Sul - PE,10921,8371,2032,0,0,0,187,331,0,0,76.65048988187895,18.60635472942038,0.0,0.0,3.030857980038458
2613008,São Bento do Una - PE,41705,35230,4049,84,82,0,1097,1111,7,45,84.47428365903369,9.708668025416618,0.2014146984774008,0.19661911041841507,2.663949166766575
2613107,São Caitano - PE,31829,24826,3945,55,95,0,562,2337,0,9,77.99805209086054,12.394357347073424,0.17279839140406547,0.29846994878884037,7.342360740205473
2613206,São João - PE,20173,16511,3035,21,0,0,123,484,0,0,81.84702324889705,15.044861944182818,0.10409953898775591,0.0,2.399246517622565
2613305,São Joaquim do Monte - PE,17097,13058,2910,0,62,0,98,959,8,0,76.37597239281746,17.02052991752939,0.0,0.3626367198923788,5.609171199625665
2613404,São José da Coroa Grande - PE,15703,5539,7951,61,22,0,184,1878,0,69,35.27351461504171,50.633636884671716,0.3884608036680889,0.14010061771635993,11.959498185060179
2613503,São José do Belmonte - PE,29707,24793,3838,17,0,0,204,846,9,0,83.45844413774532,12.919513919278284,0.05722556973103982,0.0,2.847813646615276
2613602,São José do Egito - PE,26963,23195,2659,34,10,0,411,654,0,0,86.02529392129956,9.861662277936432,0.12609872788636278,0.03708786114304788,2.4255461187553315
2613701,São Lourenço da Mata - PE,96060,40782,33099,928,572,0,4893,15758,17,11,42.45471580262336,34.45658963148033,0.9660628773683114,0.5954611701020196,16.40433062669165
2613800,São Vicente Férrer - PE,14271,10578,2693,19,8,7,114,847,0,5,74.12234601639689,18.870436549646136,0.13313713124518253,0.05605773947165581,5.935113166561559
2613909,Serra Talhada - PE,78691,54314,13575,726,259,11,2911,6785,32,78,69.0218703536618,17.251019811668424,0.922595976668234,0.3291354792797143,8.622332922443482
2614006,Serrita - PE,15535,14002,1279,0,0,0,51,191,0,12,90.13196009011908,8.233022207917605,0.0,0.0,1.2294818152558737
2614105,Sertânia - PE,28439,23950,2885,106,7,0,600,890,0,0,84.21533809205668,10.144519849502444,0.37272759239073106,0.024614086289953936,3.129505256865572
2614204,Sirinhaém - PE,31714,7383,16214,33,10,0,740,7334,0,0,23.279939458914043,51.12568581698934,0.10405499148640979,0.03153181560194236,23.125433562464526
2614303,Moreilândia - PE,9116,7950,883,0,0,0,44,239,0,0,87.20930232558139,9.686265906099166,0.0,0.0,2.621763931548925
2614402,Solidão - PE,4412,3992,323,6,4,0,23,64,0,0,90.48050770625566,7.3209428830462375,0.1359927470534905,0.09066183136899365,1.4505893019038985
2614501,Surubim - PE,55769,44039,8674,324,45,10,836,1809,0,32,78.96680951783249,15.55344366942208,0.5809679212465707,0.08068998906202371,3.243737560293353
2614600,Tabira - PE,23641,20200,2320,2,32,0,340,746,0,0,85.44477813967261,9.813459667526754,0.00845987902372996,0.13535806437967937,3.1555348758512753
2614709,Tacaimbó - PE,11988,10054,1354,58,5,0,109,395,0,12,83.8672005338672,11.294627961294628,0.4838171504838171,0.04170837504170837,3.2949616282949616
2614808,Tacaratu - PE,20038,16656,2046,67,0,380,94,770,26,0,83.12206807066573,10.210599860265496,0.3343647070565925,0.0,3.8426988721429285
2614857,Tamandaré - PE,19670,6424,8694,139,70,0,243,4074,0,26,32.65887137773259,44.19928825622776,0.70665988815455,0.35587188612099646,20.71174377224199
2615003,Taquaritinga do Norte - PE,21267,16576,3193,9,34,0,371,1066,0,19,77.94235200075234,15.013871255936428,0.04231908590774439,0.15987210231814547,5.012460619739502
2615102,Terezinha - PE,5543,4609,717,14,0,0,39,156,0,8,83.14991881652534,12.935233627999278,0.25257081003066933,0.0,2.814360454627458
2615201,Terra Nova - PE,7766,6246,813,7,170,14,105,410,0,0,80.42750450682462,10.468709760494463,0.09013649240278135,2.189029101210404,5.279423126448622
2615300,Timbaúba - PE,40244,28057,7543,513,125,10,598,3356,19,24,69.71722492793957,18.743166683232282,1.2747241824868303,0.3106053076234967,8.339131299075639
2615409,Toritama - PE,34361,19910,8737,17,124,0,650,4795,0,126,57.94359884753063,25.427083030179563,0.0494746951485696,0.3608742469660371,13.954774308081838
2615508,Tracunhaém - PE,11895,5908,3667,49,42,0,208,2004,0,15,49.667927700714586,30.828079024800335,0.4119377889869693,0.3530895334174023,16.847414880201764
2615607,Trindade - PE,25213,19769,3705,43,171,0,292,1206,0,27,78.4079641454805,14.694800301431801,0.1705469400705985,0.6782215523737755,4.783246737793995
2615706,Triunfo - PE,12960,11155,1131,50,5,0,196,417,5,0,86.07253086419753,8.726851851851851,0.38580246913580246,0.038580246913580245,3.2175925925925926
2615805,Tupanatinga - PE,22680,19483,1949,26,42,249,139,783,10,0,85.90388007054673,8.59347442680776,0.1146384479717813,0.18518518518518517,3.4523809523809526
2615904,Tuparetama - PE,6966,5393,1091,70,5,0,48,324,0,34,77.41889175997703,15.661785816824576,1.0048808498420903,0.0717772035601493,4.651162790697675
2616001,Venturosa - PE,14792,11482,2350,70,25,0,147,718,0,0,77.62303948080043,15.886965927528394,0.4732287723093564,0.16901027582477016,4.853975121687399
2616100,Verdejante - PE,7845,6605,904,9,0,0,98,229,0,0,84.19375398342893,11.523263224984067,0.1147227533460803,0.0,2.919056724028043
2616183,Vertente do Lério - PE,6567,5652,733,8,10,0,55,100,8,2,86.0666971219735,11.161869955839805,0.12182122734886554,0.15227653418608192,1.5227653418608194
2616209,Vertentes - PE,18904,15165,2754,131,83,0,218,537,0,16,80.22111722386796,14.568345323741006,0.6929750317393144,0.4390605162928481,2.8406686415573423
2616308,Vicência - PE,22717,15620,5588,8,35,0,123,1329,0,13,68.7590791037549,24.59831843993485,0.03521591759475283,0.15406963947704364,5.850244310428313
2616407,Vitória de Santo Antão - PE,116521,65841,33322,773,470,0,3350,12539,70,156,56.50569425253817,28.59742020751624,0.6633997305206787,0.40336076758695855,10.761150350580582
2616506,Xexéu - PE,9847,4440,3870,0,0,0,87,1444,0,6,45.08987508885955,39.301310043668124,0.0,0.0,14.664364781151619
2700102,Água Branca - AL,16116,14857,937,9,0,0,49,264,0,0,92.18788781335319,5.81409779101514,0.05584512285927029,0.0,1.6381236038719285
2700201,Anadia - AL,11994,9979,1536,12,10,0,199,258,0,0,83.19993329998333,12.8064032016008,0.10005002501250625,0.08337502084375521,2.1510755377688846
2700300,Arapiraca - AL,200100,137939,44140,1099,506,32,4688,11141,362,195,68.93503248375812,22.05897051474263,0.5492253873063468,0.25287356321839083,5.5677161419290355
2700409,Atalaia - AL,31473,18779,6878,110,174,18,263,5240,0,12,59.66701617259238,21.853652336923712,0.34950592571410416,0.5528548279477647,16.64919137038096
2700508,Barra de Santo Antônio - AL,13574,5364,4612,23,2,0,499,3074,0,0,39.51672314719316,33.976720200383085,0.16944157949020186,0.014734050390452336,22.64623545012524
2700607,Barra de São Miguel - AL,6622,4001,1728,72,42,0,120,659,0,0,60.41981274539414,26.094835397160978,1.0872848082150408,0.6342494714587738,9.951676230745997
2700706,Batalha - AL,13787,10965,1910,0,4,0,137,765,0,6,79.53144266337854,13.853630231377384,0.0,0.029012838180895045,5.548705302096177
2700805,Belém - AL,4065,3311,599,0,0,0,72,84,0,0,81.45141451414514,14.735547355473555,0.0,0.0,2.066420664206642
2700904,Belo Monte - AL,4984,4434,464,3,4,0,5,74,0,0,88.96468699839487,9.309791332263242,0.06019261637239166,0.08025682182985554,1.4847512038523274
2701001,Boca da Mata - AL,18245,12461,3835,19,58,0,614,1226,21,11,68.2981638805152,21.019457385585092,0.10413812003288572,0.3178953137845985,6.7196492189641
2701100,Branquinha - AL,7972,5342,1440,0,5,0,37,1149,0,0,67.00953336678374,18.063221274460613,0.0,0.06271951831409935,14.41294530858003
2701209,Cacimbinhas - AL,8966,7772,952,0,6,0,46,185,0,4,86.68302476020521,10.617889805933526,0.0,0.06691947356680794,2.063350434976578
2701308,Cajueiro - AL,13373,8939,2148,9,335,0,137,1796,9,0,66.84364017049279,16.062214910640844,0.0672997831451432,2.505047483735886,13.430045614297464
2701357,Campestre - AL,5624,2474,2317,6,3,0,18,802,0,3,43.9900426742532,41.19843527738264,0.10668563300142248,0.05334281650071124,14.26031294452347
2701407,Campo Alegre - AL,27266,15191,7600,60,17,0,366,3935,0,98,55.7140761387809,27.87354214039463,0.2200542800557471,0.06234871268246167,14.431893200322746
2701506,Campo Grande - AL,6978,5768,959,0,4,2,61,175,0,9,82.6597879048438,13.743192891946116,0.0,0.05732301519059903,2.5078819145887072
2701605,Canapi - AL,12989,10947,1087,0,0,0,429,493,0,33,84.27900531218724,8.368619601201017,0.0,0.0,3.795519285549311
2701704,Capela - AL,12785,8137,2555,21,50,0,184,1818,0,21,63.6448963629253,19.984356667970278,0.16425498631208446,0.39108330074305825,14.2197888150176
2701803,Carneiros - AL,7449,6805,417,0,12,0,14,190,0,12,91.35454423412538,5.598066854611357,0.0,0.16109544905356424,2.5506779433481004
2701902,Chã Preta - AL,4997,4375,554,0,0,0,16,51,0,0,87.55253151891135,11.086651991194717,0.0,0.0,1.0206123674204524
2702009,Coité do Nóia - AL,9245,6444,686,0,7,0,1995,113,0,0,69.7025419145484,7.420227149810708,0.0,0.07571660356949703,1.2222823147647377
2702108,Colônia Leopoldina - AL,13247,8290,3399,0,0,0,201,1356,0,2,62.580206839284365,25.65863969200574,0.0,0.0,10.236279912433004
2702207,Coqueiro Seco - AL,4805,3261,1013,13,13,0,27,468,0,10,67.86680541103017,21.082206035379812,0.27055150884495316,0.27055150884495316,9.739854318418315
2702306,Coruripe - AL,42444,25970,11042,93,141,0,1079,4097,0,22,61.18650457072849,26.015455659221562,0.21911224201300536,0.3322024314390727,9.652718876637453
2702355,Craíbas - AL,21188,18223,1813,11,0,0,44,1097,0,0,86.0062299414763,8.556730224655466,0.051916178969227865,0.0,5.177458939022088
2702405,Delmiro Gouveia - AL,43565,32310,7418,287,121,0,920,2509,0,0,74.16504074371629,17.027430276598185,0.6587857224836451,0.27774589693561347,5.759210375301274
2702504,Dois Riachos - AL,8378,7491,662,15,0,0,40,171,0,0,89.41274767247553,7.901647171162568,0.17904034375746,0.0,2.0410599188350442
2702553,Estrela de Alagoas - AL,13487,12342,916,0,17,0,73,128,0,12,91.51034329354194,6.791725365166457,0.0,0.12604730481204124,0.9490620597612516
2702603,Feira Grande - AL,19232,16692,1893,31,10,154,104,281,0,67,86.7928452579035,9.842970049916806,0.16118968386023294,0.05199667221297837,1.461106489184692
2702702,Feliz Deserto - AL,3327,2557,439,3,27,0,102,199,0,0,76.85602645025548,13.19507063420499,0.09017132551848513,0.8115419296663661,5.981364592726179
2702801,Flexeiras - AL,8101,4733,1853,16,13,0,149,1298,0,39,58.424885816565855,22.87371929391433,0.19750648068139737,0.16047401555363536,16.02271324527836
2702900,Girau do Ponciano - AL,30410,26174,2895,12,45,11,392,819,11,51,86.07037158829333,9.519894771456757,0.039460703715882936,0.147977638934561,2.69319302860901
2703007,Ibateguara - AL,11467,8183,2288,0,5,0,111,851,0,28,71.3612976366966,19.952908345687625,0.0,0.04360338362256911,7.421295892561263
2703106,Igaci - AL,20554,18272,1798,16,19,0,158,291,0,0,88.8975381920794,8.747689014303786,0.07784372871460543,0.09243942784859395,1.4157828159968862
2703205,Igreja Nova - AL,18138,14998,1873,20,0,0,151,1097,0,0,82.68827875179181,10.326386591685964,0.11026574043444702,0.0,6.048075862829419
2703304,Inhapi - AL,12588,11345,934,5,15,32,116,116,25,0,90.12551636479186,7.419764855417858,0.03972036860502066,0.11916110581506197,0.9215125516364792
2703403,Jacaré dos Homens - AL,4275,3812,353,0,8,0,13,89,0,0,89.16959064327486,8.257309941520468,0.0,0.1871345029239766,2.08187134502924
2703502,Jacuípe - AL,4589,2498,1571,0,0,0,23,497,0,0,54.43451732403574,34.234037916757465,0.0,0.0,10.830246241011114
2703601,Japaratinga - AL,7646,3684,2586,5,8,0,230,1080,0,53,48.18205597698143,33.82160606853257,0.06539366989275439,0.10462987182840701,14.125032696834946
2703700,Jaramataia - AL,4188,3305,635,0,0,0,17,230,0,0,78.91595033428844,15.162368672397326,0.0,0.0,5.491881566380134
2703759,Jequiá da Praia - AL,7958,4631,2197,16,16,0,204,881,0,14,58.193013319929634,27.607439055038956,0.20105554159336517,0.20105554159336517,11.070620758984669
2703809,Joaquim Gomes - AL,14170,7661,3872,19,44,104,536,1924,0,10,54.064925899788285,27.325335215243474,0.1340860973888497,0.310515172900494,13.577981651376147
2703908,Jundiá - AL,3454,1952,1016,0,0,0,24,461,0,0,56.51418645049218,29.4151708164447,0.0,0.0,13.346844238563984
2704005,Junqueiro - AL,20126,15150,3732,20,41,0,302,873,0,10,75.27576269502137,18.543177978733976,0.09937394415184339,0.20371658551127894,4.3376726622279635
2704104,Lagoa da Canoa - AL,15542,12288,2372,5,19,0,140,713,0,5,79.06318363145026,15.261871059065758,0.03217089177712006,0.12224938875305623,4.587569167417321
2704203,Limoeiro de Anadia - AL,20904,16360,3476,30,21,0,72,936,0,9,78.26253348641409,16.628396479142747,0.14351320321469574,0.10045924225028703,4.477611940298507
2704302,Maceió - AL,830084,431109,248044,12494,6137,160,28695,101828,348,1268,51.93558724177312,29.881795095436125,1.5051488764992458,0.7393227673343903,12.26719223596648
2704401,Major Isidoro - AL,15155,12295,1936,0,53,0,142,730,0,0,81.12834048168921,12.77466182777961,0.0,0.34971956450016495,4.816892114813593
2704500,Maragogi - AL,26829,8899,11476,142,16,0,471,5824,0,0,33.169331693316934,42.77460956427746,0.5292780200529278,0.0596369600059637,21.707853442170784
2704609,Maravilha - AL,8093,6624,852,0,0,0,111,506,0,0,81.84851105893982,10.527616458667985,0.0,0.0,6.252316817002348
2704708,Marechal Deodoro - AL,51252,29767,11854,793,280,0,2425,6099,2,33,58.07968469523141,23.12885350815578,1.5472566924217592,0.546320143604152,11.90002341372044
2704807,Maribondo - AL,11656,9877,1036,0,41,0,131,563,0,9,84.73747426218257,8.888126286890872,0.0,0.3517501715854496,4.830130404941661
2704906,Mar Vermelho - AL,2782,2579,144,0,0,0,12,47,0,0,92.70309130122214,5.176132278936017,0.0,0.0,1.6894320632638389
2705002,Mata Grande - AL,18374,16602,1295,34,35,0,124,284,0,0,90.3559377381082,7.0480026123870685,0.18504408403178405,0.19048655709154239,1.5456623489713726
2705101,Matriz de Camaragibe - AL,20082,7402,8127,0,70,30,194,4151,0,108,36.858878597749225,40.46907678518076,0.0,0.3485708594761478,20.670251966935563
2705200,Messias - AL,12900,6732,3818,9,33,4,106,2190,0,8,52.18604651162791,29.5968992248062,0.06976744186046512,0.2558139534883721,16.976744186046513
2705309,Minador do Negrão - AL,4197,3733,446,0,0,0,3,15,0,0,88.94448415534906,10.626638074815345,0.0,0.0,0.35739814152966404
2705408,Monteirópolis - AL,6023,5758,173,0,0,0,36,53,0,3,95.600199236261,2.872322762742819,0.0,0.0,0.8799601527478002
2705507,Murici - AL,20783,12214,4840,45,43,0,448,3182,0,11,58.76918635423183,23.28826444690372,0.2165231198575759,0.2068998700861281,15.310590386373478
2705606,Novo Lino - AL,8450,4590,3291,4,10,3,172,334,12,33,54.319526627218934,38.946745562130175,0.047337278106508875,0.11834319526627218,3.9526627218934913
2705705,Olho d'Água das Flores - AL,17391,15243,1355,48,31,0,160,554,0,0,87.64878385371745,7.791386349261112,0.2760048300845265,0.17825311942959002,3.1855557472255764
2705804,Olho d'Água do Casado - AL,6944,5692,841,31,4,0,115,261,0,0,81.97004608294931,12.111175115207374,0.44642857142857145,0.0576036866359447,3.758640552995392
2705903,Olho d'Água Grande - AL,3644,3239,395,2,0,0,0,8,0,0,88.88583973655324,10.8397365532382,0.054884742041712405,0.0,0.21953896816684962
2706000,Olivença - AL,9056,8197,712,5,9,0,27,95,0,10,90.51457597173145,7.862190812720848,0.055212014134275615,0.09938162544169611,1.0490282685512367
2706109,Ouro Branco - AL,9732,8110,1262,0,6,0,43,311,0,0,83.33333333333333,12.967529798602548,0.0,0.06165228113440197,3.1956432387998355
2706208,Palestina - AL,3685,3116,449,0,3,0,2,111,3,1,84.55902306648575,12.184531886024423,0.0,0.0814111261872456,3.012211668928087
2706307,Palmeira dos Índios - AL,61489,48369,8400,83,56,416,543,2476,38,1108,78.66285026590121,13.660980012685195,0.13498349298248466,0.09107320008456797,4.026736489453398
2706406,Pão de Açúcar - AL,20043,16203,2763,48,7,0,117,886,18,0,80.84119143840742,13.785361472833408,0.2394851070199072,0.034924911440403134,4.420495933742454
2706422,Pariconha - AL,9036,8099,449,0,5,11,23,411,0,37,89.63036741921204,4.969012837538734,0.0,0.05533421868083223,4.548472775564409
2706448,Paripueira - AL,11623,5402,3683,120,43,0,383,1980,0,13,46.476813215176804,31.687171986578335,1.032435687860277,0.36995612148326595,17.03518884969457
2706505,Passo de Camaragibe - AL,11555,5069,3986,5,5,0,41,2435,0,14,43.86845521419299,34.495889225443534,0.043271311120726956,0.043271311120726956,21.07312851579403
2706604,Paulo Jacinto - AL,5662,4822,559,15,45,0,67,151,0,3,85.1642529141646,9.872836453549983,0.26492405510420347,0.7947721653126104,2.666902154715648
2706703,Penedo - AL,49819,37887,8644,275,399,16,584,1935,16,63,76.04929846042674,17.350809931953673,0.5519982336056525,0.8008992553042013,3.8840602982797727
2706802,Piaçabuçu - AL,13320,10298,1753,10,59,0,212,975,6,6,77.31231231231232,13.16066066066066,0.07507507507507508,0.44294294294294295,7.31981981981982
2706901,Pilar - AL,29660,19054,5766,43,120,0,892,3764,0,22,64.24140256237357,19.440323668240055,0.1449763991908294,0.4045853000674309,12.690492245448416
2707008,Pindoba - AL,2368,1922,284,0,5,0,0,156,0,0,81.16554054054055,11.993243243243244,0.0,0.21114864864864866,6.587837837837838
2707107,Piranhas - AL,18894,15182,1840,29,46,0,615,1109,12,61,80.35355139197628,9.738541335873823,0.15348787975018524,0.24346353339684557,5.869588229067428
2707206,Poço das Trincheiras - AL,10566,9419,872,6,0,0,30,239,0,0,89.14442551580541,8.252886617452205,0.05678591709256105,0.0,2.261972364187015
2707305,Porto Calvo - AL,20331,8500,8584,11,10,0,146,3074,0,6,41.808076336628794,42.22123850277901,0.05410456937681373,0.049185972160739756,15.1197678422114
2707404,Porto de Pedras - AL,7687,4358,2229,6,0,0,66,1028,0,0,56.6931182515936,28.997007935475477,0.07805385716144139,0.0,13.373227526993626
2707503,Porto Real do Colégio - AL,16965,13174,1557,4,0,1619,106,437,0,69,77.65399351606249,9.177718832891246,0.02357795461243737,0.0,2.5758915414087826
2707602,Quebrangulo - AL,9287,7717,1249,10,56,0,20,230,0,6,83.09464843329386,13.448907074405083,0.1076773985140519,0.6029934316786907,2.4765801658231936
2707701,Rio Largo - AL,79169,36540,28976,144,255,0,2770,10373,11,101,46.154429132615036,36.60018441561722,0.18188937589207896,0.3220957698088898,13.102350667559271
2707800,Roteiro - AL,5307,1509,2007,2,26,0,46,1710,6,0,28.434143583945733,37.817976257772756,0.03768607499528924,0.48991897493876013,32.2215941209723
2707909,Santa Luzia do Norte - AL,5802,3257,1584,7,5,0,262,687,0,0,56.135815236125474,27.300930713547054,0.12064805239572561,0.08617718028266115,11.840744570837643
2708006,Santana do Ipanema - AL,38854,34175,3001,81,28,0,441,1082,4,42,87.95748185515005,7.723786482730221,0.20847274411900962,0.07206465228805271,2.784784063416894
2708105,Santana do Mundaú - AL,9567,8165,806,11,11,0,102,462,0,10,85.34545834639908,8.424793561199959,0.11497857217518553,0.11497857217518553,4.829100031357792
2708204,São Brás - AL,5574,4197,854,11,2,13,9,473,2,11,75.29601722282024,15.32113383566559,0.1973448152134912,0.03588087549336204,8.485827054180122
2708303,São José da Laje - AL,17389,11864,3551,20,45,0,492,1417,0,0,68.22704008281097,20.420955776640405,0.1150152395192363,0.25878428891828165,8.148829719937892
2708402,São José da Tapera - AL,25332,22468,2030,35,21,0,175,553,32,17,88.69414179693668,8.013579662087478,0.13816516658771513,0.08289909995262909,2.1830096320858994
2708501,São Luís do Quitunde - AL,25540,13000,7944,24,37,0,428,4073,27,7,50.90054815974941,31.10415035238841,0.09397024275646046,0.14487079091620986,15.947533281127644
2708600,São Miguel dos Campos - AL,44347,21813,15011,120,177,0,1196,5978,10,42,49.18709270074638,33.84896385324825,0.27059327575709746,0.39912508174171873,13.480055020632737
2708709,São Miguel dos Milagres - AL,7129,3760,2128,34,6,0,239,957,0,4,52.74232010099593,29.849908823116845,0.4769252349558143,0.0841632767569084,13.42404264272689
2708808,São Sebastião - AL,26988,20602,4478,35,56,367,289,1161,0,0,76.33763153994367,16.59255965614347,0.1296872684155921,0.20749962946494738,4.301911960871498
2708907,Satuba - AL,20452,10417,6722,126,29,0,545,2598,0,15,50.93389399569724,32.86720125171132,0.6160766673185997,0.14179542343047136,12.702914140426364
2708956,Senador Rui Palmeira - AL,10322,9679,531,15,0,0,37,59,0,0,93.77058709552412,5.144351869792676,0.1453206742879287,0.0,0.5715946521991863
2709004,Tanque d'Arca - AL,5033,4348,419,0,12,0,71,184,0,0,86.38982714087025,8.325054639380092,0.0,0.23842638585336778,3.6558712497516392
2709103,Taquarana - AL,16173,12806,2181,73,49,0,151,913,0,0,79.18135163544179,13.485438694119829,0.4513695665615532,0.30297409262350833,5.645211154393125
2709152,Teotônio Vilela - AL,32187,19666,7814,32,121,0,482,4013,0,59,61.09920154099481,24.276881970982075,0.09941902010128313,0.3759281697579768,12.467766489576537
2709202,Traipu - AL,19921,16739,2394,0,0,67,73,647,0,0,84.02690627980523,12.017469002560112,0.0,0.0,3.2478289242507907
2709301,União dos Palmares - AL,49909,33367,9967,120,163,0,1023,5180,0,88,66.8556773327456,19.970346029774188,0.2404375964254944,0.32659440181129656,10.378889579033842
2709400,Viçosa - AL,20429,16526,2588,68,106,0,180,947,0,13,80.89480640266288,12.668265700719566,0.3328601497870674,0.5188702334916051,4.635567086005189
2800100,Amparo do São Francisco - SE,1843,1460,269,5,3,0,20,59,0,28,79.2186652197504,14.595767769940315,0.27129679869777534,0.16277807921866522,3.2013022246337495
2800209,Aquidabã - SE,17516,13670,2157,31,137,9,485,968,0,59,78.04293217629596,12.314455355103904,0.17698104590089062,0.7821420415620005,5.52637588490523
2800308,Aracaju - SE,529251,319602,107875,14846,7393,27,21844,56848,201,616,60.38760436919345,20.382578398529244,2.8050962586749955,1.3968797413703518,10.74121730521057
2800407,Arauá - SE,8934,6703,1182,21,3,0,358,667,0,0,75.0279829863443,13.2303559435863,0.23505708529214236,0.0335795836131632,7.465860756659951
2800506,Areia Branca - SE,15582,10804,2300,92,171,5,138,2068,4,0,69.33641381080734,14.760621229623926,0.590424849184957,1.097420100115518,13.271723783853163
2800605,Barra dos Coqueiros - SE,35333,20699,8272,870,608,1,1633,3202,0,48,58.582628138001304,23.411541618317155,2.462287380069623,1.720770950669346,9.06234964480797
2800670,Boquim - SE,21552,16418,3606,78,0,0,239,1202,0,9,76.17854491462509,16.73162583518931,0.3619153674832962,0.0,5.57720861172977
2800704,Brejo Grande - SE,6442,4909,791,1,45,0,58,637,0,0,76.20304253337473,12.278795405153678,0.01552312946289972,0.6985408258304874,9.888233467867122
2801009,Campo do Brito - SE,15745,12243,1712,95,185,0,233,1272,0,6,77.75801841854557,10.873293108923468,0.6033661479834869,1.1749761829152112,8.07875516036837
2801108,Canhoba - SE,3210,2462,362,11,5,0,27,339,0,4,76.69781931464175,11.277258566978194,0.3426791277258567,0.1557632398753894,10.560747663551401
2801207,Canindé de São Francisco - SE,22102,15264,4640,29,147,0,242,1752,0,27,69.06162338249932,20.993575242059542,0.13120984526287213,0.665098181160076,7.92688444484662
2801306,Capela - SE,26790,18558,4374,50,252,0,460,3036,0,60,69.27211646136618,16.326987681970884,0.1866368047779022,0.9406494960806271,11.332586786114222
2801405,Carira - SE,17257,13973,2474,9,8,0,135,659,0,0,80.9700411427247,14.336211392478415,0.052152749608854375,0.046357999652315005,3.818740221359448
2801504,Carmópolis - SE,11661,7357,2405,35,131,0,242,1466,0,24,63.090644027098875,20.624303232998884,0.30014578509561785,1.1234027956435984,12.571820598576451
2801603,Cedro de São João - SE,4697,3385,987,13,0,0,48,264,0,0,72.06727698530977,21.013412816691506,0.2767724079199489,0.0,5.620608899297424
2801702,Cristinápolis - SE,14390,10555,2356,47,36,0,282,1093,0,21,73.34954829742877,16.3724808895066,0.32661570535093815,0.2501737317581654,7.5955524669909655
2801900,Cumbe - SE,3324,2035,623,12,25,0,96,463,0,70,61.22141997593261,18.742478941034896,0.36101083032490977,0.7521058965102286,13.929001203369435
2802007,Divina Pastora - SE,3663,2464,553,3,16,0,37,590,0,0,67.26726726726727,15.096915096915097,0.0819000819000819,0.4368004368004368,16.107016107016108
2802106,Estância - SE,55759,34100,12827,207,256,0,2039,6158,14,158,61.156046557506414,23.00435804085439,0.37124051722591866,0.45911870729388976,11.04395702935849
2802205,Feira Nova - SE,5061,3713,859,0,3,0,37,449,0,0,73.36494763880656,16.97293025093855,0.0,0.05927682276229994,8.871764473424225
2802304,Frei Paulo - SE,12490,10344,1558,61,24,0,109,375,0,19,82.81825460368295,12.473979183346678,0.48839071257005606,0.1921537229783827,3.00240192153723
2802403,Gararu - SE,9573,8330,853,0,0,0,53,337,0,0,87.01556460879557,8.910477384310038,0.0,0.0,3.5203175598036145
2802502,General Maynard - SE,2605,1817,480,0,22,0,37,250,0,0,69.75047984644914,18.426103646833013,0.0,0.8445297504798465,9.596928982725528
2802601,Graccho Cardoso - SE,5081,4101,573,14,0,0,14,379,0,0,80.71245817752411,11.277307616610903,0.2755363117496556,0.0,7.459161582365676
2802700,Ilha das Flores - SE,6951,4811,1222,5,15,0,105,793,0,0,69.21306286865199,17.580204287152927,0.07193209610128039,0.21579628830384118,11.40843044166307
2802809,Indiaroba - SE,13763,9493,2970,0,13,0,153,1089,25,20,68.97478747366127,21.57959747148151,0.0,0.09445615054857226,7.912519072876553
2802908,Itabaiana - SE,89742,72407,9220,747,283,0,1495,5527,21,42,80.68351496512224,10.273896280448396,0.8323861736979341,0.3153484433152816,6.158766241001984
2803005,Itabaianinha - SE,34726,25808,5432,126,23,0,818,2468,0,51,74.31895409779416,15.64245810055866,0.3628405229511029,0.06623279387202673,7.107066751137476
2803104,Itabi - SE,4133,3291,394,30,0,0,63,322,3,32,79.62738930558916,9.533026857004597,0.7258649891120251,0.0,7.790950883135737
2803203,Itaporanga d'Ajuda - SE,29231,17571,7092,224,179,0,620,3506,0,39,60.11084123020081,24.261913721733777,0.7663097396599501,0.6123635866032636,11.99411583592761
2803302,Japaratuba - SE,13886,9894,2091,38,177,5,338,1294,0,48,71.2516203370301,15.058332133083681,0.27365692063949304,1.2746651303471122,9.318738297565893
2803401,Japoatã - SE,11311,7552,2052,12,32,0,185,1437,21,21,66.76686411457872,18.14163203960746,0.10609141543630095,0.2829104411634692,12.704446998497039
2803500,Lagarto - SE,87869,66487,13308,336,252,1,1442,5958,9,75,75.66604832193379,15.145273076966848,0.3823874176330674,0.28679056322480057,6.7805483162434985
2803609,Laranjeiras - SE,20292,11565,5100,30,128,0,390,3060,0,18,56.99290360733294,25.13305736250739,0.14784151389710232,0.6307904592943032,15.079834417504435
2803708,Macambira - SE,5953,4962,471,14,29,0,40,428,9,0,83.35293129514531,7.911977154375945,0.23517554174365865,0.4871493364690072,7.189652276163279
2803807,Malhada dos Bois - SE,2993,1840,686,9,0,0,45,412,0,0,61.476779151353156,22.920147009689273,0.30070163715335785,0.0,13.765452723020381
2803906,Malhador - SE,9901,6568,1664,49,9,0,260,1352,0,0,66.33673366326634,16.806383193616806,0.4948995051004949,0.0908999091000909,13.655186344813655
2804003,Maruim - SE,13303,8287,2787,23,42,0,528,1563,43,29,62.294219349019016,20.950161617680223,0.17289333233105314,0.31571825903931444,11.749229497105915
2804102,Moita Bonita - SE,9794,8782,542,31,10,0,99,316,5,9,89.66714314886666,5.5340004084133145,0.31652031856238516,0.10210332856851133,3.226465182764958
2804201,Monte Alegre de Sergipe - SE,12053,8444,2204,10,0,0,183,1205,0,7,70.0572471583838,18.28590392433419,0.08296689620841284,0.0,9.997510993113748
2804300,Muribeca - SE,6649,4429,1265,5,0,0,161,787,0,2,66.61152052940292,19.025417355993383,0.07519927808693036,0.0,11.836366370882839
2804409,Neópolis - SE,13992,10617,2341,9,43,0,214,724,32,11,75.87907375643225,16.730989136649512,0.06432246998284734,0.3073184676958262,5.174385363064609
2804458,Nossa Senhora Aparecida - SE,8101,6724,1091,18,15,0,48,182,0,23,83.00209850635724,13.467473151462782,0.22219479076657203,0.18516232563881002,2.246636217750895
2804508,Nossa Senhora da Glória - SE,35101,28732,3687,164,99,0,343,2059,0,18,81.85521780006268,10.503974245747985,0.46722315603544057,0.2820432466311501,5.865929745591294
2804607,Nossa Senhora das Dores - SE,21679,15991,3206,68,58,0,475,1872,0,11,73.76262742746437,14.788505004843397,0.31366760459430787,0.2675400156833802,8.635084644125651
2804706,Nossa Senhora de Lourdes - SE,5457,4604,439,29,8,0,66,307,3,0,84.36870075132857,8.044713212387759,0.5314275242807404,0.1466006963533077,5.625801722558182
2804805,Nossa Senhora do Socorro - SE,162315,89222,44455,978,1540,11,6756,19223,12,118,54.968425592212675,27.38810337923174,0.6025321134830423,0.9487724486338293,11.843021285771494
2804904,Pacatuba - SE,10397,8212,1483,6,18,0,96,557,0,25,78.9843224006925,14.263729922092912,0.05770895450610753,0.1731268635183226,5.357314609983649
2805000,Pedra Mole - SE,2386,1412,264,0,9,0,134,564,0,4,59.178541492036885,11.064543168482816,0.0,0.37720033528918695,23.63788767812238
2805109,Pedrinhas - SE,6448,4882,978,6,6,0,200,367,0,10,75.71339950372209,15.167493796526054,0.09305210918114144,0.09305210918114144,5.691687344913151
2805208,Pinhão - SE,4928,3760,617,6,28,0,60,458,0,0,76.2987012987013,12.520292207792208,0.12175324675324675,0.5681818181818182,9.293831168831169
2805307,Pirambu - SE,6700,5036,1118,61,105,0,89,261,0,30,75.16417910447761,16.686567164179106,0.9104477611940298,1.5671641791044777,3.8955223880597014
2805406,Poço Redondo - SE,27740,23526,3190,10,20,0,99,866,0,30,84.80894015861571,11.499639509733237,0.03604902667627974,0.07209805335255948,3.1218457101658257
2805505,Poço Verde - SE,19080,16351,1482,63,55,0,156,973,0,0,85.69706498951781,7.767295597484277,0.330188679245283,0.2882599580712788,5.09958071278826
2805604,Porto da Folha - SE,22754,20446,1561,41,3,35,134,328,0,206,89.85672848729894,6.860332249274853,0.18018809879581613,0.013184495033840204,1.441504790366529
2805703,Propriá - SE,22825,14903,4517,193,66,0,1243,1883,0,20,65.29244249726177,19.789704271631983,0.8455640744797371,0.2891566265060241,8.24972617743702
2805802,Riachão do Dantas - SE,16054,14397,1156,0,5,0,92,393,0,11,89.67858477637972,7.200697645446618,0.0,0.031144886009717203,2.4479880403637724
2805901,Riachuelo - SE,7332,4523,1456,40,183,0,55,1046,0,28,61.68848881614839,19.858156028368793,0.5455537370430987,2.495908346972177,14.266230223677033
2806008,Ribeirópolis - SE,15072,12974,1056,62,30,7,227,701,0,15,86.08014861995754,7.006369426751593,0.4113588110403397,0.19904458598726116,4.6510084925690025
2806107,Rosário do Catete - SE,7850,5282,1548,14,43,0,175,772,0,16,67.28662420382166,19.719745222929937,0.17834394904458598,0.5477707006369427,9.834394904458598
2806206,Salgado - SE,17508,13538,2802,80,38,18,340,683,0,10,77.32465158784555,16.00411240575737,0.4569339730408956,0.2170436371944254,3.901073794836646
2806305,Santa Luzia do Itanhy - SE,11503,7807,1971,12,42,2,223,1374,0,72,67.8692514996088,17.134660523341736,0.10432061201425714,0.3651221420499,11.944710075632443
2806404,Santana do São Francisco - SE,6110,3695,1307,0,0,0,137,947,19,4,60.4746317512275,21.391162029459903,0.0,0.0,15.499181669394435
2806503,Santa Rosa de Lima - SE,3327,2267,448,2,14,0,35,561,0,0,68.13946498346859,13.465584610760445,0.06011421701232342,0.4207995190862639,16.86203787195672
2806602,Santo Amaro das Brotas - SE,9459,6194,1749,39,62,0,459,934,0,22,65.48260915530183,18.490326673009832,0.4123057405645417,0.6554604080769637,9.874193889417485
2806701,São Cristóvão - SE,82126,47863,20685,872,961,21,2913,8651,37,124,58.27996006136912,25.186907921973553,1.0617831137520395,1.1701531792611353,10.53381389572121
2806800,São Domingos - SE,8951,7357,901,4,37,0,77,571,0,4,82.19193386213831,10.0659144229695,0.04468774438610211,0.4133616355714445,6.379175511116077
2806909,São Francisco - SE,2778,1742,629,10,3,0,73,321,0,0,62.706983441324695,22.642188624910006,0.3599712023038157,0.1079913606911447,11.555075593952484
2807006,São Miguel do Aleixo - SE,2994,2438,342,0,0,0,20,193,0,0,81.42952571810287,11.422845691382765,0.0,0.0,6.44622578490314
2807105,Simão Dias - SE,36816,29218,4783,138,84,0,666,1876,0,51,79.36223381138636,12.991634072142547,0.3748370273794003,0.22816166883963493,5.095610604085181
2807204,Siriri - SE,6678,4737,1045,7,22,0,71,781,0,15,70.93441150044923,15.648397723869422,0.10482180293501048,0.32943995208146154,11.695118298891884
2807303,Telha - SE,2765,2027,440,11,0,0,153,106,0,28,73.30922242314648,15.913200723327305,0.39783001808318263,0.0,3.8336347197106693
2807402,Tobias Barreto - SE,44679,32551,6915,121,172,0,756,4103,0,61,72.85525638443116,15.477069764318808,0.2708207435260413,0.3849683296403232,9.183285212292128
2807501,Tomar do Geru - SE,10310,6888,2000,6,67,0,230,1107,0,12,66.80892337536372,19.398642095053347,0.058195926285160036,0.6498545101842871,10.737148399612026
2807600,Umbaúba - SE,20268,13725,3815,17,194,0,789,1727,0,0,67.71758436944938,18.82277481744622,0.08387606078547465,0.9571738701401223,8.520820998618511
2900108,Abaíra - BA,6609,4860,1228,38,28,0,139,309,0,7,73.53608715388107,18.580723256165836,0.5749735209562717,0.4236646996519897,4.675442578302315
2900207,Abaré - BA,14784,10908,2344,0,18,227,189,1083,6,10,73.78246753246754,15.854978354978355,0.0,0.12175324675324675,7.325487012987013
2900306,Acajutiba - BA,11968,8279,1954,28,176,0,265,1267,0,0,69.17613636363636,16.326871657754012,0.2339572192513369,1.4705882352941178,10.586564171122994
2900355,Adustina - BA,12529,11055,635,17,34,0,147,637,0,4,88.23529411764706,5.068241679304014,0.13568521031207598,0.27137042062415195,5.084204645223083
2900405,Água Fria - BA,12655,8082,2432,25,43,0,453,1619,0,0,63.86408534176215,19.217700513630977,0.19755037534571315,0.3397866455946266,12.793362307388383
2900504,Érico Cardoso - BA,9450,7976,1029,17,0,0,86,203,139,0,84.4021164021164,10.88888888888889,0.17989417989417988,0.0,2.1481481481481484
2900603,Aiquara - BA,3883,2196,996,0,25,0,129,536,0,1,56.554210661859386,25.65027040947721,0.0,0.6438320885912954,13.803759979397373
2900702,Alagoinhas - BA,131318,61125,35801,1945,1692,10,7242,23168,60,274,46.547312630408626,27.262827639775203,1.4811373916751702,1.2884753042233357,17.64266894104388
2900801,Alcobaça - BA,20818,13187,5553,23,41,0,663,1323,0,27,63.344221346911326,26.674032087616485,0.11048131424728601,0.19694495148429245,6.355077336919973
2900900,Almadina - BA,4574,2430,1183,9,102,0,91,759,0,0,53.126366418889376,25.863576738084827,0.19676432006996064,2.229995627459554,16.59379099256668
2901007,Amargosa - BA,31877,20558,6259,187,311,0,1033,3409,55,65,64.49163974025159,19.634846441007625,0.5866298585186812,0.9756250588198387,10.69423095021489
2901106,Amélia Rodrigues - BA,21181,11007,5284,157,166,17,1312,3215,9,14,51.96638496765969,24.946886360417356,0.7412303479533544,0.7837212596194703,15.178697889618054
2901155,América Dourada - BA,12958,9240,2112,13,34,0,267,1275,10,7,71.30730050933786,16.298811544991512,0.10032412409322426,0.26238617070535575,9.839481401450842
2901205,Anagé - BA,22542,19360,2259,36,20,0,176,661,0,31,85.88412740661876,10.021293585307426,0.15970188980569602,0.08872327211427558,2.9323041433768076
2901304,Andaraí - BA,11307,7274,2000,25,56,0,334,1619,0,0,64.33182983992218,17.688157778367383,0.2211019722295923,0.4952684177942867,14.318563721588397
2901353,Andorinha - BA,13146,10748,1430,59,105,0,151,639,0,15,81.75870987372585,10.877833561539632,0.4488057203712156,0.7987220447284346,4.860794157918758
2901403,Angical - BA,11825,9514,1831,64,0,0,87,329,0,0,80.45665961945032,15.484143763213531,0.5412262156448203,0.0,2.7822410147991543
2901502,Anguera - BA,9732,6786,2160,15,26,0,179,563,0,4,69.72872996300863,22.19482120838471,0.15413070283600494,0.2671598849157419,5.785039046444719
2901601,Antas - BA,12689,10981,1014,16,64,0,145,429,0,40,86.53952242099456,7.991173457325242,0.12609346678225233,0.5043738671290093,3.380881078099141
2901700,Antônio Cardoso - BA,9605,7602,1548,0,0,0,160,295,0,0,79.14627798021864,16.11660593440916,0.0,0.0,3.071317022384175
2901809,Antônio Gonçalves - BA,9428,5733,1807,24,4,0,215,1620,9,16,60.80823080186678,19.166313109885447,0.2545608824777259,0.04242681374628765,17.1828595672465
2901908,Aporá - BA,13874,10283,2026,6,37,0,344,1179,0,0,74.117053481332,14.60285425976647,0.043246360098025086,0.26668588727115466,8.497909759261928
2901957,Apuarema - BA,5981,3258,1873,0,44,0,77,655,74,0,54.472496238087274,31.315833472663435,0.0,0.7356629326199632,10.951345928774453
2902005,Aracatu - BA,12266,10164,1582,10,0,0,237,272,0,0,82.8631990869069,12.897440078265124,0.08152616990053807,0.0,2.2175118212946354
2902054,Araçás - BA,9918,6002,1846,15,29,0,397,1598,31,0,60.51623311151442,18.612623512805,0.1512401693889897,0.29239766081871343,16.11211937890704
2902104,Araci - BA,41564,29615,4996,185,347,28,1320,5050,7,16,71.25156385333462,12.020017322683092,0.4450967183139255,0.8348570878644981,12.149937445866616
2902203,Aramari - BA,8526,5327,1647,71,159,0,272,1049,0,0,62.479474548440066,19.317382125263897,0.8327468918601924,1.864883884588318,12.30354210649777
2902252,Arataca - BA,8791,3582,1914,0,153,0,646,2495,0,0,40.74621772267091,21.77226709134342,0.0,1.7404163348879536,28.381299055852576
2902302,Aratuípe - BA,7415,3604,1684,121,137,0,243,1626,0,0,48.60418071476737,22.710721510451787,1.631827376938638,1.8476062036412677,21.928523263654753
2902401,Aurelino Leal - BA,9495,4844,2679,14,42,0,366,1550,0,0,51.01632438125329,28.21484992101106,0.1474460242232754,0.4423380726698262,16.324381253291207
2902500,Baianópolis - BA,11700,9067,2227,0,12,0,93,296,0,5,77.4957264957265,19.034188034188034,0.0,0.10256410256410256,2.52991452991453
2902609,Baixa Grande - BA,16079,12170,2693,99,24,0,190,794,0,110,75.68878661608309,16.748554014553143,0.6157099322097145,0.14926301386902172,4.938118042166802
2902658,Banzaê - BA,10271,6929,859,30,25,1283,54,1038,0,53,67.46178560996982,8.36335313017233,0.2920845097848311,0.2434037581540259,10.106124038555155
2902708,Barra - BA,42406,33258,7049,217,28,0,245,1604,0,5,78.4275810026883,16.62264773852757,0.5117200396170353,0.06602839220864971,3.7824836108097912
2902807,Barra da Estiva - BA,22327,16668,3511,80,145,0,324,1589,0,10,74.65400636001254,15.72535495140413,0.35831056568280556,0.6494379003000851,7.116943610874726
2902906,Barra do Choça - BA,31139,20526,6497,101,153,0,523,3327,0,11,65.91733838594688,20.86451074215614,0.3243520986544205,0.4913452583576865,10.684350814091653
2903003,Barra do Mendes - BA,12154,8310,1369,542,151,0,214,1567,0,0,68.3725522461741,11.263781471120618,4.459437222313642,1.2423893368438375,12.892874773737041
2903102,Barra do Rocha - BA,5031,2542,1381,3,18,0,70,1017,0,0,50.52673424766448,27.449811170741402,0.05963029218843172,0.35778175313059035,20.214669051878353
2903201,Barreiras - BA,136331,80067,35003,2248,814,21,4404,13553,31,191,58.72985601220559,25.67501155276496,1.6489279767624385,0.5970762335785698,9.941245938194541
2903235,Barro Alto - BA,11775,9337,1688,51,25,0,142,526,0,5,79.29511677282377,14.335456475583864,0.43312101910828027,0.21231422505307856,4.467091295116773
2903276,Barrocas - BA,13137,10565,2068,10,18,0,148,329,0,0,80.42170967496384,15.741797975184593,0.07612087995737231,0.13701758392327015,2.504376950597549
2903300,Barro Preto - BA,5135,2599,1054,13,57,0,160,1241,7,3,50.613437195715676,20.525803310613437,0.25316455696202533,1.110029211295034,24.167478091528725
2903409,Belmonte - BA,17106,7900,5158,21,273,0,392,3254,47,61,46.182625979188586,30.15316263299427,0.12276394247632409,1.5959312521922133,19.022565181807554
2903508,Belo Campo - BA,16092,11899,2938,42,123,4,152,908,0,26,73.94357444693016,18.257519264230673,0.2609992542878449,0.7643549589858315,5.642555306984837
2903607,Biritinga - BA,13146,9802,1680,4,101,2,446,1098,0,13,74.56260459455348,12.779552715654953,0.030427506465845123,0.7682945382625894,8.352350524874486
2903706,Boa Nova - BA,11938,9303,1774,26,34,0,193,593,9,6,77.9276260680181,14.860110571284972,0.21779192494555202,0.28480482492879877,4.967331211258167
2903805,Boa Vista do Tupim - BA,14625,10742,2383,26,74,11,186,1151,0,52,73.44957264957264,16.294017094017093,0.17777777777777778,0.505982905982906,7.87008547008547
2903904,Bom Jesus da Lapa - BA,55433,39246,12139,154,316,0,978,2589,0,11,70.79898255551747,21.89850810888821,0.2778128551584796,0.5700575469485686,4.67050312990457
2903953,Bom Jesus da Serra - BA,8528,7106,1128,19,50,0,98,127,0,0,83.32551594746717,13.227016885553471,0.2227954971857411,0.5863039399624765,1.4892120075046904
2904001,Boninal - BA,11733,7942,2543,15,11,0,119,1097,6,0,67.68942299497145,21.673911190658824,0.12784454103809767,0.0937526634279383,9.34969743458621
2904050,Bonito - BA,13271,9205,2258,47,9,0,305,1405,0,42,69.36176625725265,17.014542988471103,0.35415567779368545,0.06781704468389722,10.586994197875066
2904100,Boquira - BA,16812,15273,1217,0,71,0,123,128,0,0,90.8458244111349,7.238876992624316,0.0,0.4223173923388056,0.7613609326671426
2904209,Botuporã - BA,9703,9099,528,0,0,0,52,25,0,0,93.77512109656807,5.441615995053076,0.0,0.0,0.2576522724930434
2904308,Brejões - BA,11335,7664,2080,13,19,0,221,1337,0,0,67.61358623731805,18.35024261138068,0.11468901632112924,0.16762240846934273,11.795324217026907
2904407,Brejolândia - BA,7986,6455,1245,0,0,0,73,213,0,0,80.8289506636614,15.589782118707738,0.0,0.0,2.667167543200601
2904506,Brotas de Macaúbas - BA,10273,8754,846,28,71,0,92,445,28,10,85.21366689379929,8.23517959700185,0.27255913559816997,0.6911320938382167,4.331743405042344
2904605,Brumado - BA,61849,44349,10887,838,395,0,2264,3040,12,64,71.70528221959934,17.60254814144125,1.3549127714271856,0.6386522013290433,4.9151966887095995
2904704,Buerarema - BA,12948,7250,2970,99,212,47,341,1981,21,27,55.99320358356503,22.93790546802595,0.7645968489341983,1.6373185047883843,15.299660179178252
2904753,Buritirama - BA,16507,12262,3549,13,0,0,178,484,22,0,74.28363724480523,21.499969709820075,0.07875446780153875,0.0,2.932089416611135
2904803,Caatiba - BA,5497,3293,1267,6,0,0,445,484,0,3,59.905402947062036,23.048935783154448,0.10915044569765327,0.0,8.804802619610697
2904852,Cabaceiras do Paraguaçu - BA,14136,10982,1901,3,5,0,208,1037,0,0,77.68817204301075,13.447934352009055,0.021222410865874362,0.03537068477645727,7.335880022637238
2904902,Cachoeira - BA,25546,11742,7632,273,929,12,903,4024,0,31,45.9641431143819,29.87551867219917,1.0686604556486339,3.6365771549361936,15.751976826117591
2905008,Caculé - BA,19601,15916,2005,116,88,0,1117,359,0,0,81.19993877863374,10.229069945410949,0.5918065404826285,0.4489566858833733,1.831539207183307
2905107,Caém - BA,8980,6417,1503,50,65,0,139,790,0,14,71.45879732739421,16.737193763919823,0.5567928730512249,0.7238307349665924,8.797327394209354
2905156,Caetanos - BA,9944,8390,1183,6,6,0,116,221,0,21,84.37248592115849,11.896621078037008,0.06033789219629927,0.06033789219629927,2.222445695897023
2905206,Caetité - BA,45518,37617,5577,230,39,0,864,1174,0,17,82.6420317237137,12.252295795070083,0.5052946087262182,0.08568039017531526,2.5791994375851313
2905305,Cafarnaum - BA,14928,8314,3982,19,45,0,325,2231,0,12,55.69399785637728,26.674705251875668,0.1272775991425509,0.30144694533762056,14.945069667738478
2905404,Cairu - BA,14980,6882,3515,124,162,0,645,3575,30,47,45.94125500667557,23.464619492656876,0.8277703604806409,1.081441922563418,23.865153538050734
2905503,Caldeirão Grande - BA,11182,5988,1642,4,69,0,133,3297,0,50,53.55034877481667,14.684314076193884,0.03577177606868181,0.6170631371847612,29.48488642461098
2905602,Camacan - BA,19422,8846,6160,76,0,4,538,3535,8,254,45.54628771496241,31.71661002986304,0.3913088250437648,0.0,18.201009164864587
2905701,Camaçari - BA,257911,85926,82738,3021,3555,22,25541,56568,174,366,33.31614394112698,32.080058624874475,1.1713342974902194,1.3783824652690269,21.933147481107824
2905800,Camamu - BA,25425,10591,8853,52,73,0,986,4834,0,37,41.65585054080629,34.82005899705015,0.20452310717797442,0.2871189773844641,19.012782694198624
2905909,Campo Alegre de Lourdes - BA,25698,19924,5005,0,0,0,271,498,0,0,77.53132539497237,19.476223830648298,0.0,0.0,1.9378939995330375
2906006,Campo Formoso - BA,61049,44143,11867,178,90,0,1412,3277,60,21,72.30749070418844,19.438483840849155,0.29156906747039263,0.1474225622041311,5.367819292699307
2906105,Canápolis - BA,8780,7569,858,0,34,0,24,269,0,26,86.20728929384966,9.772209567198178,0.0,0.38724373576309795,3.06378132118451
2906204,Canarana - BA,20777,14194,4286,77,51,0,113,1997,0,59,68.31592626461953,20.628579679453242,0.3706021081003032,0.24546373393656448,9.611589738653318
2906303,Canavieiras - BA,28072,12551,8309,236,111,0,898,5955,0,11,44.710031347962385,29.598888572242803,0.8406953548019379,0.39541179823311484,21.21330863493873
2906402,Candeal - BA,6832,4880,1284,0,6,0,134,528,0,0,71.42857142857143,18.793911007025763,0.0,0.08782201405152225,7.7283372365339575
2906501,Candeias - BA,63356,27564,20736,178,450,0,4103,10212,30,84,43.506534503440875,32.72933897342004,0.28095208030810026,0.7102721131384557,16.11844182082202
2906600,Candiba - BA,11555,8759,2292,0,0,0,106,398,0,0,75.80268282128948,19.83556901774124,0.0,0.0,3.4443963652098657
2906709,Cândido Sales - BA,22067,13735,6091,49,59,0,447,1687,0,0,62.24226220147732,27.602302080029002,0.2220510264195405,0.2673675624235283,7.644899623872751
2906808,Cansanção - BA,32358,18398,6825,72,369,0,2874,3798,0,22,56.857654984856914,21.092156499165586,0.22251066196921937,1.1403671425922492,11.737437418876322
2906824,Canudos - BA,13686,9956,2553,31,3,0,194,944,0,5,72.74587169370159,18.654099079351163,0.2265088411515417,0.021920210434020166,6.897559549905012
2906857,Capela do Alto Alegre - BA,9535,6195,1789,9,0,0,458,1056,0,28,64.97115888830623,18.762454116413213,0.09438909281594127,0.0,11.074986890403775
2906873,Capim Grosso - BA,28514,16727,6729,23,54,0,1027,3943,0,11,58.66241144700849,23.598933857052675,0.08066213088307499,0.18938065511678473,13.828294872694116
2906899,Caraíbas - BA,8821,7615,905,4,5,0,83,209,0,0,86.32808071647206,10.259607754222877,0.04534633261534973,0.056682915769187166,2.3693458791520237
2906907,Caravelas - BA,17668,8430,5210,170,124,0,1025,2272,0,437,47.713380122254925,29.488340502603577,0.9621915327145121,0.70183382386235,12.859406837219833
2907004,Cardeal da Silva - BA,7073,4401,1162,0,19,0,413,1078,0,0,62.222536406051184,16.428672416230736,0.0,0.2686271737593666,15.241057542768274
2907103,Carinhanha - BA,24496,17481,4851,22,16,0,382,1735,10,0,71.36267145656434,19.8032331809275,0.08981058131939909,0.06531678641410843,7.082789026779882
2907202,Casa Nova - BA,61118,44198,12164,128,45,9,1738,2826,0,9,72.31584803167642,19.902483720017017,0.20943093687620667,0.07362806374554141,4.62384240322
2907301,Castro Alves - BA,21642,13515,4076,91,175,0,1649,2136,0,0,62.448017743276964,18.833749191387117,0.42047869882635613,0.8086128823583772,9.86969780981425
2907400,Catolândia - BA,2915,2480,394,24,0,0,15,2,0,0,85.07718696397941,13.516295025728988,0.823327615780446,0.0,0.0686106346483705
2907509,Catu - BA,42496,13689,13723,220,239,0,3210,11252,0,163,32.212443524096386,32.29245105421687,0.5176957831325302,0.5624058734939759,26.477786144578314
2907558,Caturama - BA,7828,7123,588,0,0,0,46,72,0,0,90.99386816555953,7.5114971895758815,0.0,0.0,0.9197751660705161
2907608,Central - BA,14248,8750,2709,264,25,0,270,2186,0,43,61.41212801796743,19.013194834362718,1.8528916339135317,0.17546322290847838,15.34250421111735
2907707,Chorrochó - BA,8968,7795,834,0,0,0,75,264,0,0,86.92016057091882,9.299732381801963,0.0,0.0,2.943800178412132
2907806,Cícero Dantas - BA,27521,22661,3197,143,169,0,112,1220,0,20,82.34075796664365,11.616583699720215,0.5196032120925839,0.6140765233821446,4.432978452817848
2907905,Cipó - BA,14666,7921,4257,45,20,0,730,1692,0,0,54.00927314877949,29.026319378153552,0.3068321287331242,0.13636983499249966,11.53688804036547
2908002,Coaraci - BA,15256,7639,4043,67,176,0,453,2810,7,61,50.0721027792344,26.501048767697956,0.43917147351861563,1.1536444677503932,18.418982695332982
2908101,Cocos - BA,16545,11936,3645,16,13,0,209,697,0,29,72.14264128135389,22.030825022665457,0.0967059534602599,0.07857358718646117,4.2127530976125716
2908200,Conceição da Feira - BA,18156,9766,5107,71,206,0,611,2384,0,10,53.78938092090769,28.12844238819123,0.3910552985239039,1.1346111478299186,13.130645516633619
2908309,Conceição do Almeida - BA,14138,10385,2207,28,63,0,396,1041,17,0,73.45451973405008,15.610411656528505,0.19804781440090535,0.4456075824020371,7.363134813976517
2908408,Conceição do Coité - BA,58431,35875,13883,514,134,13,1192,6732,7,80,61.397203539217195,23.759648131984733,0.8796700381646728,0.22933032123359176,11.521281511526416
2908507,Conceição do Jacuípe - BA,30864,18192,7289,222,301,0,1305,3555,0,0,58.94245723172628,23.616511145671332,0.7192846034214619,0.9752462415759461,11.51827371695179
2908606,Conde - BA,19941,11650,3993,238,204,0,558,3276,22,0,58.422345920465375,20.02407100947796,1.1935208866155158,1.0230179028132993,16.42846396870769
2908705,Condeúba - BA,15072,12085,2371,21,41,0,190,335,5,23,80.18179405520169,15.731157112526539,0.1393312101910828,0.2720276008492569,2.222664543524416
2908804,Contendas do Sincorá - BA,3822,2649,619,0,76,0,37,431,0,9,69.30926216640502,16.19570905285191,0.0,1.9884877027734171,11.276818419675562
2908903,Coração de Maria - BA,23569,17753,3298,57,85,0,710,1667,0,0,75.32351818066104,13.992956850099707,0.24184309898595613,0.36064321778607494,7.072849929992787
2909000,Cordeiros - BA,6689,5196,1328,0,0,0,12,153,0,0,77.67977276124981,19.85349080580057,0.0,0.0,2.287337419644192
2909109,Coribe - BA,12316,9541,1790,27,3,0,156,795,0,5,77.46833387463462,14.533939590776226,0.21922702176031178,0.024358557973367976,6.455017862942514
2909208,Coronel João Sá - BA,14849,12725,823,23,6,0,421,851,0,0,85.69600646508182,5.542460771769143,0.15489258535928346,0.04040676139807394,5.731025658293488
2909307,Correntina - BA,28023,21570,5105,163,12,0,325,842,5,0,76.9724868857724,18.217178746030047,0.5816650608428791,0.04282196766941441,3.004674731470578
2909406,Cotegipe - BA,11198,9458,1531,20,0,0,67,116,0,6,84.46151098410431,13.672084300767994,0.1786033220217896,0.0,1.0358992677263796
2909505,Cravolândia - BA,3883,2418,919,3,9,0,107,424,0,3,62.27143960855009,23.66726757661602,0.07725985063095545,0.23177955189286634,10.91939222250837
2909604,Crisópolis - BA,17054,13909,2078,14,83,0,261,710,0,0,81.55857863257887,12.184824674563153,0.08209217778820219,0.4866893397443415,4.163246159258825
2909703,Cristópolis - BA,12123,9659,2145,14,6,0,66,190,0,42,79.67499793780418,17.69364018807226,0.11548296626247628,0.04949269982677555,1.5672688278478923
2909802,Cruz das Almas - BA,53188,29620,14129,591,818,0,2112,5835,17,65,55.68925321501091,26.564262615627584,1.1111528916296909,1.5379408889223134,10.970519666090096
2909901,Curaçá - BA,28830,21122,5280,105,130,22,415,1735,0,20,73.26396115157821,18.314255983350677,0.36420395421436,0.45091918140825527,6.01803676725633
2910008,Dário Meira - BA,9319,4933,2033,0,47,16,256,2030,0,4,52.93486425582144,21.81564545552098,0.0,0.5043459598669385,21.783453160210325
2910057,Dias d'Ávila - BA,61010,19649,20688,332,901,0,5897,13416,26,101,32.20619570562203,33.90919521389936,0.5441730863792821,1.476807080806425,21.989837731519422
2910107,Dom Basílio - BA,10542,9828,481,5,4,0,52,172,0,0,93.22709163346613,4.562701574653766,0.0474293302978562,0.03794346423828496,1.631568962246253
2910206,Dom Macedo Costa - BA,3889,2363,749,37,5,0,302,433,0,0,60.76112111082541,19.259449730007713,0.9514013885317563,0.1285677552069941,11.133967600925688
2910305,Elísio Medrado - BA,6988,4916,1404,0,0,0,168,499,0,0,70.3491700057241,20.091585575271896,0.0,0.0,7.140812821980538
2910404,Encruzilhada - BA,16551,10737,3704,35,116,0,924,1029,0,4,64.87221315932572,22.37931242825207,0.21146758504017885,0.7008639961331642,6.217147000181258
2910503,Entre Rios - BA,32839,15616,7622,269,195,0,2291,6817,0,29,47.55321416608301,23.21020737537684,0.8191479643107281,0.5938061451323122,20.75885380188191
2910602,Esplanada - BA,27788,15364,4996,184,161,0,1731,4991,294,68,55.29005326040017,17.978983733985892,0.6621563264718584,0.579386785662876,17.960990355549157
2910701,Euclides da Cunha - BA,53626,39690,7702,334,359,16,1031,4479,15,1,74.01260582553239,14.362436131727147,0.6228322082571887,0.6694513855219483,8.352291798754335
2910727,Eunápolis - BA,97382,39271,33895,804,490,0,4823,18026,46,28,40.32675443100368,34.80622702347456,0.8256145899652914,0.5031730709987472,18.510607709843708
2910750,Fátima - BA,15855,14153,1038,4,21,4,163,459,0,12,89.2652160201829,6.546830652790917,0.02522863450015768,0.13245033112582782,2.8949858088930935
2910776,Feira da Mata - BA,4882,3270,1433,0,0,0,20,150,0,8,66.98074559606718,29.35272429332241,0.0,0.0,3.0725112658746414
2910800,Feira de Santana - BA,534787,249740,169368,6902,3838,44,31782,71241,1511,362,46.698966130440716,31.67017896844912,1.290607288509257,0.7176689036943681,13.321378417949576
2910859,Filadélfia - BA,15487,10475,3969,10,41,0,237,723,0,33,67.63737328081616,25.627946019241946,0.06457028475495577,0.26473816749531864,4.668431587783302
2910909,Firmino Alves - BA,4256,2638,964,3,13,0,124,510,3,3,61.983082706766915,22.650375939849624,0.07048872180451128,0.30545112781954886,11.983082706766917
2911006,Floresta Azul - BA,9835,5908,1793,4,58,0,154,1914,0,4,60.071174377224196,18.230808337569904,0.04067107269954245,0.5897305541433655,19.46110828673106
2911105,Formosa do Rio Preto - BA,21670,17740,2556,46,43,0,719,553,0,13,81.86432856483619,11.795108444854637,0.21227503461006,0.19843101061375173,2.551915089986156
2911204,Gandu - BA,27714,10388,9009,102,90,0,465,7624,0,36,37.48286064804792,32.50703615501191,0.3680450313920762,0.3247456159341849,27.50956195424695
2911253,Gavião - BA,3892,2796,614,10,6,0,35,431,0,0,71.83967112024666,15.775950668037,0.2569373072970195,0.15416238437821173,11.073997944501542
2911303,Gentio do Ouro - BA,9485,7910,1017,13,0,0,43,502,0,0,83.39483394833948,10.722192936215077,0.1370585134422773,0.0,5.2925672113864
2911402,Glória - BA,13189,10274,1537,21,4,417,143,779,0,14,77.89824854045038,11.653650769580711,0.1592235954204261,0.030328303889604974,5.906437182500569
2911501,Gongogi - BA,4777,3078,967,10,51,0,186,484,0,2,64.43374502826042,20.24283022817668,0.20933640360058614,1.0676156583629892,10.13188193426837
2911600,Governador Mangabeira - BA,17942,12728,2796,97,86,0,661,1566,0,9,70.93969457139673,15.583546984728569,0.5406309218593245,0.4793222606175454,8.728123954966001
2911659,Guajeru - BA,7238,6404,705,3,0,0,36,86,2,3,88.47747996684167,9.74025974025974,0.04144791378833932,0.0,1.1881735285990604
2911709,Guanambi - BA,76496,48846,18981,695,359,0,2854,4668,28,64,63.85431918008785,24.81306212089521,0.9085442376071952,0.469305584605731,6.102279857770341
2911808,Guaratinga - BA,16565,9515,4793,40,37,0,732,1384,0,63,57.44038635677634,28.934500452761846,0.24147298520977967,0.2233625113190462,8.354965288258375
2911857,Heliópolis - BA,10961,9714,767,6,21,0,42,411,0,0,88.6233007937232,6.997536721102089,0.05473953106468388,0.19158835872639357,3.749657877930846
2911907,Iaçu - BA,21342,14202,3517,182,270,12,440,2718,0,0,66.54484115827945,16.47924280760941,0.8527785587105239,1.2651110486364914,12.73545122294068
2912004,Ibiassucê - BA,9418,8468,651,56,11,0,91,87,0,53,89.91293268209812,6.912295604162242,0.5946060734763219,0.1167976215757061,0.9237630070078573
2912103,Ibicaraí - BA,19093,12302,4021,205,284,0,380,1889,0,13,64.43199078196197,21.06007437280679,1.073691928979207,1.48745613575656,9.893678311423034
2912202,Ibicoara - BA,17473,9768,4528,70,60,0,668,2366,0,13,55.90339380758885,25.91426772735077,0.4006180964917301,0.34338693985005436,13.540891661420478
2912301,Ibicuí - BA,12176,7411,2708,57,55,0,188,1757,0,0,60.86563731931669,22.24047306176084,0.4681340341655716,0.4517082785808147,14.430026281208935
2912400,Ibipeba - BA,14363,9540,2429,171,56,20,193,1953,0,0,66.42066420664207,16.911508737728887,1.1905590754020747,0.3898906913597438,13.597437861171064
2912509,Ibipitanga - BA,12279,9697,2127,3,41,0,287,105,0,19,78.97222900887695,17.322257512826777,0.02443195699975568,0.3339034123299943,0.8551184949914488
2912608,Ibiquera - BA,3233,2779,333,4,2,0,79,36,0,0,85.95731518713269,10.300030931023818,0.12372409526755336,0.06186204763377668,1.1135168574079801
2912707,Ibirapitanga - BA,21719,8725,6392,27,188,0,593,5788,0,5,40.1721994566969,29.430452599106772,0.12431511579722823,0.8656015470325521,26.649477416087297
2912806,Ibirapuã - BA,7624,4456,2381,0,0,0,114,558,5,111,58.44700944386149,31.230325288562433,0.0,0.0,7.318992654774396
2912905,Ibirataia - BA,16236,6699,5475,87,74,0,458,3431,0,12,41.260162601626014,33.721359940872134,0.5358462675535847,0.45577728504557774,21.132052229613205
2913002,Ibitiara - BA,13149,11080,1547,9,0,0,91,422,0,0,84.26496311506578,11.76515324359267,0.06844626967830253,0.0,3.209369533804852
2913101,Ibititá - BA,14735,10692,2736,115,44,0,261,748,0,139,72.56192738378012,18.56803529012555,0.7804546996946047,0.2986087546657618,5.076348829317951
2913200,Ibotirama - BA,22390,16489,3718,112,83,1,614,1341,0,32,73.64448414470746,16.60562751228227,0.5002233139794551,0.37070120589548905,5.989280928986155
2913309,Ichu - BA,5427,4714,483,27,13,0,42,140,5,3,86.86198636447392,8.899944720840244,0.4975124378109453,0.23954302561267735,2.579694121982679
2913408,Igaporã - BA,13732,11178,1797,149,43,0,160,380,25,0,81.40110690358287,13.086221963297408,1.0850568016312263,0.3131371977861928,2.767258957180309
2913457,Igrapiúna - BA,11201,5626,3287,39,56,0,227,1967,0,0,50.22765824479957,29.345594143380055,0.34818319792875635,0.49995536112847067,17.560932059637533
2913507,Iguaí - BA,18717,11619,4810,0,69,0,364,1827,12,16,62.07725597050809,25.698562803868143,0.0,0.3686488219265908,9.761179676230165
2913606,Ilhéus - BA,156299,63525,44818,2568,1457,681,10546,32206,147,350,40.64325427545921,28.674527668123275,1.6430047537092367,0.9321876659479588,20.605378153411092
2913705,Inhambupe - BA,29250,19883,4965,68,274,0,792,3203,0,65,67.97606837606837,16.974358974358974,0.23247863247863249,0.9367521367521368,10.95042735042735
2913804,Ipecaetá - BA,12009,8239,2963,0,32,0,160,616,0,0,68.6068781747023,24.673161795320176,0.0,0.266466816554251,5.1294862186693315
2913903,Ipiaú - BA,35365,17241,10088,419,282,0,1607,5583,0,146,48.7515905556341,28.525378198784107,1.184787219001838,0.797398557896225,15.786794853668882
2914000,Ipirá - BA,49645,37012,7103,124,325,0,1029,3945,5,103,74.5533286332964,14.307583845301641,0.24977339107664417,0.6546480008057206,7.9464195790109775
2914109,Ipupiara - BA,8737,6528,1404,72,18,0,150,557,0,8,74.71672198695204,16.069589103811378,0.8240814925031476,0.2060203731257869,6.375185990614628
2914208,Irajuba - BA,5343,3923,1132,3,9,0,132,136,0,8,73.42317050346247,21.18659928878907,0.05614823133071308,0.16844469399213924,2.5453864869923266
2914307,Iramaia - BA,9466,7282,1348,37,50,0,136,611,0,3,76.92795267272344,14.24043946756814,0.39087259666173674,0.5282062117050497,6.454679907035707
2914406,Iraquara - BA,20443,16845,2492,225,20,0,125,736,0,0,82.39984346720149,12.189991684195078,1.1006212395440982,0.09783299907058651,3.6002543657975834
2914505,Irará - BA,24523,15975,4493,530,191,0,959,2365,11,0,65.14292704807731,18.321575663662685,2.161236390327448,0.7788606614198915,9.64400766627248
2914604,Irecê - BA,63977,34995,14155,967,440,0,2495,10847,32,46,54.699345077137096,22.12513872172812,1.511480688372384,0.6877471591353143,16.954530534410804
2914653,Itabela - BA,23650,11834,7180,0,61,0,992,3582,0,0,50.038054968287526,30.35940803382664,0.0,0.25792811839323465,15.145877378435518
2914703,Itaberaba - BA,56357,33195,12069,470,382,0,2293,7924,0,24,58.901289990595664,21.415263410046666,0.833969160885072,0.677821743527867,14.06036517202832
2914802,Itabuna - BA,164907,71154,51334,2679,1406,60,9799,28172,203,99,43.14795612072259,31.12906062204758,1.624552020229584,0.852601769482193,17.083568314261978
2914901,Itacaré - BA,23561,11936,5905,249,193,10,1164,3860,211,33,50.65998896481474,25.062603454861847,1.0568312041084844,0.8191502907346887,16.383005814693774
2915007,Itaeté - BA,11499,7564,2337,19,104,0,203,1246,0,26,65.77963301156622,20.32350639186016,0.16523175928341594,0.9044264718671189,10.835724845638751
2915106,Itagi - BA,11992,7276,2602,47,118,0,335,1582,7,25,60.67378252168112,21.697798532354902,0.39192795196797864,0.9839893262174784,13.19212808539026
2915205,Itagibá - BA,13223,5674,4455,66,13,0,250,2759,0,6,42.91008091960977,33.69129547001437,0.4991303032594721,0.09831354458141117,20.86515919231642
2915304,Itagimirim - BA,5413,2516,1585,15,40,0,179,1067,11,0,46.48069462405321,29.281359689636062,0.27711065952336966,0.7389617587289857,19.711804914095694
2915353,Itaguaçu da Bahia - BA,10380,7809,1525,54,46,0,260,686,0,0,75.23121387283237,14.691714836223507,0.5202312138728323,0.44315992292870904,6.608863198458574
2915403,Itaju do Colônia - BA,5133,2720,1097,24,12,35,61,1163,0,21,52.99045392557958,21.371517631015,0.46756282875511396,0.23378141437755698,22.657315410091563
2915502,Itajuípe - BA,16565,9701,3844,50,155,0,750,2031,0,34,58.56323573800181,23.205553878659824,0.3018412315122246,0.9357078176878961,12.260790824026563
2915601,Itamaraju - BA,50808,23805,17341,83,80,206,1634,7492,6,162,46.85285781766651,34.130451897339,0.16336010077153204,0.1574555188159345,14.745709337112265
2915700,Itamari - BA,6152,2771,1903,11,2,0,215,1250,0,0,45.04226267880364,30.933029908972692,0.1788036410923277,0.032509752925877766,20.3185955786736
2915809,Itambé - BA,21237,15271,4485,37,0,0,364,1054,0,26,71.9075198945237,21.118802090690775,0.17422423129443895,0.0,4.963036210387531
2915908,Itanagra - BA,5022,2609,953,6,4,0,276,1164,5,5,51.95141377937077,18.976503385105534,0.11947431302270012,0.07964954201513341,23.178016726403822
2916005,Itanhém - BA,15854,9412,4768,177,5,0,224,1248,5,15,59.366721332155926,30.074429166141037,1.1164374921155544,0.03153778226315126,7.871830452882553
2916104,Itaparica - BA,17363,6266,4680,222,1089,18,1769,3256,33,31,36.0882336001843,26.95386741922479,1.2785808903991245,6.2719576110119215,18.752519725853826
2916203,Itapé - BA,9035,5392,1614,15,23,0,333,1601,0,58,59.67902600996126,17.863862755949086,0.16602102933038185,0.2545655783065855,17.719977863862756
2916302,Itapebi - BA,7855,3596,1993,30,31,0,153,2047,0,5,45.77975811584978,25.372374283895606,0.3819223424570337,0.39465308720560155,26.059834500318267
2916401,Itapetinga - BA,57290,23423,21398,324,213,9,2383,9419,39,82,40.88497119916216,37.3503229184849,0.565543724908361,0.3717926339675336,16.440914644789668
2916500,Itapicuru - BA,27261,20057,3852,29,73,0,227,3003,0,20,73.57397014049374,14.13007593265104,0.10637907633615788,0.2677818128461905,11.015736766809729
2916609,Itapitanga - BA,8727,4543,1961,27,58,0,89,1983,0,66,52.0568351094305,22.47049386960009,0.30938466827088346,0.6646041022115274,22.722585080783773
2916708,Itaquara - BA,7210,5240,1339,5,0,0,201,425,0,0,72.67683772538142,18.571428571428573,0.06934812760055478,0.0,5.894590846047157
2916807,Itarantim - BA,14818,8261,4591,11,15,0,399,1449,0,93,55.74976380078283,30.982588743420166,0.07423403968146848,0.10122823592927521,9.778647590767985
2916856,Itatim - BA,13444,8770,2910,0,14,0,725,1021,0,5,65.23356144004761,21.64534364772389,0.0,0.10413567390657542,7.594465932758108
2916906,Itiruçu - BA,9639,6279,2354,40,13,0,226,726,0,0,65.14161220043573,24.421620500051873,0.4149808071376699,0.1348687623197427,7.5319016495487086
2917003,Itiúba - BA,29230,21265,5149,65,52,0,624,2033,16,25,72.75059869996579,17.61546356483065,0.2223742730071844,0.17789941840574752,6.955183031132398
2917102,Itororó - BA,14528,8628,3555,94,151,0,404,1667,22,7,59.38876651982379,24.46998898678414,0.6470264317180616,1.0393722466960353,11.474394273127754
2917201,Ituaçu - BA,15749,13086,2042,71,25,0,206,300,5,14,83.0909899041209,12.965902596990285,0.45082227443012257,0.15874023747539526,1.9048828497047432
2917300,Ituberá - BA,18997,8778,6290,90,129,0,710,2953,11,37,46.207295888824554,33.11049113017845,0.4737590145812497,0.6790545875664579,15.544559667315893
2917334,Iuiu - BA,9643,7619,1434,0,243,0,193,132,0,22,79.01068132323965,14.870890801617755,0.0,2.519962667219745,1.3688686093539355
2917359,Jaborandi - BA,7979,6625,871,0,6,0,136,323,0,18,83.0304549442286,10.916154906629904,0.0,0.07519739315703722,4.048126331620503
2917409,Jacaraci - BA,13008,10911,1772,38,0,0,215,72,0,0,83.87915129151291,13.622386223862238,0.2921279212792128,0.0,0.5535055350553506
2917508,Jacobina - BA,71280,43050,16029,616,194,0,2699,8544,93,54,60.39562289562289,22.487373737373737,0.8641975308641975,0.2721661054994388,11.986531986531986
2917607,Jaguaquara - BA,39730,19572,13877,70,113,0,1332,4504,0,262,49.262522023659706,34.928265794110246,0.17618927762396175,0.2844198338786811,11.336521520261767
2917706,Jaguarari - BA,28390,21149,4621,140,107,0,1480,854,0,39,74.4945403311025,16.276858048608666,0.49313138429024306,0.37689327227897146,3.0081014441704825
2917805,Jaguaripe - BA,15480,7450,3506,20,236,0,897,3357,5,8,48.1266149870801,22.64857881136951,0.12919896640826872,1.524547803617571,21.686046511627907
2917904,Jandaíra - BA,7858,5452,1364,0,20,0,296,722,0,4,69.38152201578009,17.358106388393992,0.0,0.2545176889793841,9.188088572155765
2918001,Jequié - BA,137474,59186,50008,896,582,16,6052,20442,0,293,43.05250447357319,36.376332979327,0.6517596054526674,0.4233527794346567,14.86972081993686
2918100,Jeremoabo - BA,32644,26071,3576,40,82,0,445,2336,75,20,79.8645999264796,10.954539884818036,0.12253400318588409,0.25119470653106235,7.155985786055631
2918209,Jiquiriçá - BA,11977,8439,2472,12,38,0,215,802,0,0,70.46004842615012,20.639559155047174,0.1001920347332387,0.3172747766552559,6.696167654671454
2918308,Jitaúna - BA,12473,7162,2766,19,47,6,486,1984,0,3,57.42002725887918,22.17589994387878,0.15232903070632567,0.3768139180630161,15.906357732702638
2918357,João Dourado - BA,21071,11802,7212,0,17,0,249,1790,0,0,56.0106307246927,34.227136823121825,0.0,0.08067960704285511,8.49508803568886
2918407,Juazeiro - BA,198852,104842,55615,1723,1047,0,7560,27734,103,228,52.72363365719228,27.968036529680365,0.8664735582242069,0.526522237644077,13.947056102025627
2918456,Jucuruçu - BA,8322,5475,2333,5,0,0,0,486,0,23,65.78947368421052,28.034126411920212,0.0600817111271329,0.0,5.839942321557318
2918506,Jussara - BA,14131,10541,1140,84,174,0,450,1733,4,4,74.59486235935178,8.067369612907791,0.5944377609511005,1.2313353619701366,12.263817139622107
2918555,Jussari - BA,5151,2278,906,20,55,0,107,1784,0,0,44.224422442244226,17.58881770529994,0.38827412152980006,1.0677538342069501,34.63405164045816
2918605,Jussiape - BA,6695,5569,720,0,2,0,123,276,0,5,83.18147871545929,10.75429424943988,0.0,0.029873039581777446,4.122479462285288
2918704,Lafaiete Coutinho - BA,3602,2411,648,6,0,0,432,105,0,0,66.93503609106052,17.990005552470848,0.1665741254858412,0.0,2.915047196002221
2918753,Lagoa Real - BA,12410,11062,1217,4,0,0,53,73,0,0,89.13779210314263,9.806607574536663,0.032232070910556,0.0,0.5882352941176471
2918803,Laje - BA,18471,12393,3796,9,93,0,927,1243,0,10,67.09436413837908,20.551134210383847,0.04872502842293325,0.5034919603703102,6.72946781441178
2918902,Lajedão - BA,3350,2254,807,0,10,8,145,126,0,0,67.28358208955224,24.08955223880597,0.0,0.29850746268656714,3.7611940298507465
2919009,Lajedinho - BA,3079,2097,465,0,7,0,28,482,0,0,68.10652809353687,15.102305943488146,0.0,0.2273465410847678,15.654433257551153
2919058,Lajedo do Tabocal - BA,6643,4888,1071,24,12,0,229,419,0,0,73.5812133072407,16.12223393045311,0.361282553063375,0.1806412765316875,6.307391238898088
2919108,Lamarão - BA,7889,6219,874,10,28,0,163,586,5,6,78.8312840664216,11.078717201166182,0.12675877804537963,0.354924578527063,7.428064393459247
2919157,Lapão - BA,22128,14886,5051,100,166,9,427,1391,0,98,67.27223427331887,22.826283441793205,0.45191612436731743,0.750180766449747,6.286153289949385
2919207,Lauro de Freitas - BA,176904,69725,46268,5144,4030,5,16074,35123,200,335,39.41403246958802,26.1542983765206,2.9077917966806854,2.278071722516167,19.85427124316013
2919306,Lençóis - BA,9196,4974,1305,229,246,5,511,1921,6,0,54.0887342322749,14.190952588081775,2.4902131361461506,2.6750761200521964,20.88951718138321
2919405,Licínio de Almeida - BA,10488,8524,1541,17,8,0,154,244,0,0,81.27383676582761,14.692982456140351,0.16209000762776507,0.07627765064836003,2.3264683447749808
2919504,Livramento de Nossa Senhora - BA,38551,32114,4385,204,293,0,325,1203,13,14,83.30263806386345,11.374542813415994,0.529169152551166,0.7600321651837825,3.120541620191435
2919553,Luís Eduardo Magalhães - BA,89035,46850,29081,882,269,0,2753,9162,37,0,52.619756275621945,32.66243612062672,0.990621665637109,0.3021283764811591,10.29033526141405
2919603,Macajuba - BA,9144,7354,1044,58,4,0,163,477,0,43,80.42432195975503,11.417322834645669,0.6342957130358705,0.04374453193350831,5.216535433070866
2919702,Macarani - BA,19262,10517,4165,57,45,0,310,4126,4,39,54.59973003841761,21.62288443567646,0.2959194268507943,0.23362060014536393,21.42041324888381
2919801,Macaúbas - BA,36699,33731,2070,75,75,0,258,490,0,0,91.91258617401019,5.640480667048148,0.20436524155971553,0.20436524155971553,1.3351862448568081
2919900,Macururé - BA,6176,5286,768,1,0,3,28,76,0,12,85.58937823834196,12.435233160621761,0.016191709844559584,0.0,1.2305699481865284
2919926,Madre de Deus - BA,16117,7947,4554,133,174,0,980,2251,1,76,49.308183905193275,28.255878885648695,0.8252156108456908,1.0796053856176708,13.966619097846994
2919959,Maetinga - BA,6186,4903,805,0,11,0,105,360,0,1,79.25961849337213,13.013255738764952,0.0,0.17782088587132233,5.819592628516004
2920007,Maiquinique - BA,7633,3585,2293,24,20,0,229,1436,0,46,46.96711646796803,30.040613127210793,0.31442421066422116,0.26202017555351764,18.813048604742566
2920106,Mairi - BA,15644,11868,2115,16,8,0,260,1253,0,124,75.86295065200716,13.51956021477883,0.10227563283047814,0.05113781641523907,8.00946049603682
2920205,Malhada - BA,13028,9477,2725,1,16,0,63,713,0,33,72.74332207552963,20.91648756524409,0.007675775253300584,0.12281240405280934,5.472827755603316
2920304,Malhada de Pedras - BA,7640,5969,1594,18,0,0,19,40,0,0,78.1282722513089,20.86387434554974,0.2356020942408377,0.0,0.5235602094240838
2920403,Manoel Vitorino - BA,12090,9574,1799,0,23,0,154,513,0,27,79.18941273779984,14.880066170388751,0.0,0.1902398676592225,4.2431761786600495
2920452,Mansidão - BA,12159,10549,1520,20,0,0,15,54,0,0,86.7587795048935,12.501028045069496,0.16448721111933548,0.0,0.44411547002220575
2920502,Maracás - BA,24022,15543,3874,137,236,0,1817,2405,10,0,64.70318874365165,16.12688368995088,0.5703105486637249,0.9824327699608693,10.011655982016485
2920601,Maragogipe - BA,31660,20525,4855,92,584,0,1755,3845,0,6,64.82943777637398,15.334807327858497,0.29058749210360074,1.844598862918509,12.144662034112445
2920700,Maraú - BA,20344,11299,5252,220,62,0,594,2867,34,17,55.53971686983877,25.815965395202518,1.081399921352733,0.30475815965395203,14.092607156901298
2920809,Marcionílio Souza - BA,8044,6203,1364,16,4,0,145,311,0,0,77.113376429637,16.956737941322725,0.19890601690701143,0.04972650422675286,3.8662357036300348
2920908,Mascote - BA,11777,5581,3071,8,16,0,475,2577,0,49,47.38897851744927,26.076250318417255,0.06792901418018171,0.13585802836036343,21.881633692791034
2921005,Mata de São João - BA,36595,13746,10591,234,354,9,3244,8354,26,37,37.562508539417955,28.941112173794235,0.6394316163410302,0.9673452657466867,22.828255226123787
2921054,Matina - BA,8999,7477,1193,0,14,0,210,104,0,0,83.08700966774086,13.257028558728747,0.0,0.1555728414268252,1.1556839648849873
2921104,Medeiros Neto - BA,19295,11965,4873,0,0,0,1032,1387,0,37,62.01088364861363,25.255247473438715,0.0,0.0,7.188390774812127
2921203,Miguel Calmon - BA,21442,13913,5438,72,36,0,606,1376,0,0,64.88667101949444,25.361440164163792,0.3357895718682959,0.16789478593414794,6.417311817927432
2921302,Milagres - BA,9592,6303,2088,11,16,0,158,1016,0,0,65.71100917431193,21.76814011676397,0.11467889908256881,0.16680567139282734,10.592160133444537
2921401,Mirangaba - BA,13594,8639,2511,23,57,0,96,2254,0,15,63.55009563042519,18.471384434309254,0.16919229071649258,0.4193026335147859,16.580844490216272
2921450,Mirante - BA,8977,8082,750,17,4,0,37,75,0,12,90.03007686309458,8.354684192937507,0.1893728417065835,0.044558315695666706,0.8354684192937507
2921500,Monte Santo - BA,41682,32847,5562,35,124,9,268,2813,0,24,78.80380020152583,13.343889448682885,0.08396909937143131,0.29749052348735666,6.748716472338179
2921609,Morpará - BA,6823,5120,839,0,20,0,58,786,0,0,75.04030485123846,12.296643705115052,0.0,0.29312619082515023,11.519859299428404
2921708,Morro do Chapéu - BA,28746,18660,5749,424,163,0,942,2682,7,120,64.91337925276561,19.99930425102623,1.474987824392959,0.5670354136227649,9.329993738259237
2921807,Mortugaba - BA,9849,8677,984,8,5,0,87,81,0,7,88.10031475276678,9.99086201644837,0.08122652045892984,0.05076657528683115,0.8224185196466647
2921906,Mucugê - BA,10433,5601,2667,127,42,0,338,1657,0,0,53.68542125946516,25.56311703249305,1.2172912872615738,0.4025687721652449,15.882296558995495
2922003,Mucuri - BA,32073,13738,12699,280,75,0,1088,4143,38,12,42.833535996009104,39.5940510709943,0.873008449474636,0.23384154896642034,12.917407164905061
2922052,Mulungu do Morro - BA,11170,8855,1387,0,6,0,105,719,74,24,79.27484333034914,12.417188898836168,0.0,0.05371530886302596,6.436884512085944
2922102,Mundo Novo - BA,15150,11642,2176,99,146,0,322,664,0,100,76.84488448844884,14.363036303630363,0.6534653465346535,0.9636963696369637,4.382838283828383
2922201,Muniz Ferreira - BA,6445,3896,1406,5,55,0,120,962,0,0,60.449961210240495,21.81536074476338,0.07757951900698215,0.8533747090768037,14.926299456943367
2922250,Muquém do São Francisco - BA,8799,6982,1292,0,9,3,235,279,0,0,79.34992612796908,14.683486759859075,0.0,0.10228435049437436,3.170814865325605
2922300,Muritiba - BA,25198,15971,4282,245,436,0,1594,2484,48,138,63.38201444559092,16.99341217556949,0.9722993888403841,1.7302960552424795,9.857925232161282
2922409,Mutuípe - BA,17463,12105,3319,27,41,0,351,1555,0,64,69.3179866002405,19.005898184733436,0.15461260951726508,0.23478211074843955,8.904541029605452
2922508,Nazaré - BA,23778,13634,5617,364,626,0,838,2688,11,0,57.33871646059383,23.622676423584828,1.5308268147026662,2.6326856758348054,11.304567247035074
2922607,Nilo Peçanha - BA,10213,5463,2752,49,12,0,610,1327,0,0,53.49064917262313,26.946049153040242,0.47978067169294036,0.11749730735337315,12.993243904827182
2922656,Nordestina - BA,16070,13427,2000,0,29,0,144,451,0,20,83.55320472930927,12.445550715619166,0.0,0.1804604853764779,2.806471686372122
2922706,Nova Canaã - BA,12078,8030,2797,14,22,0,262,916,5,32,66.48451730418944,23.15780758403709,0.11591323066732903,0.18214936247723132,7.584037092233814
2922730,Nova Fátima - BA,7084,4890,1460,0,6,0,146,582,0,0,69.02879728966685,20.609824957651046,0.0,0.08469791078486731,8.215697346132128
2922755,Nova Ibiá - BA,5633,1999,2105,10,6,0,78,1435,0,0,35.487306941239126,37.369075093200784,0.17752529735487307,0.10651517841292384,25.474880170424285
2922805,Nova Itarana - BA,6660,5548,661,0,20,0,56,365,5,5,83.30330330330331,9.924924924924925,0.0,0.3003003003003003,5.48048048048048
2922854,Nova Redenção - BA,6550,4980,1328,6,0,0,45,190,0,0,76.03053435114504,20.27480916030534,0.0916030534351145,0.0,2.900763358778626
2922904,Nova Soure - BA,21118,16930,2039,81,97,0,507,1403,0,62,80.16857656975093,9.655270385453168,0.38355904915238187,0.45932379960223507,6.643621555071503
2923001,Nova Viçosa - BA,33362,16388,12487,241,136,0,768,3325,0,17,49.12175529045021,37.42881122234878,0.7223787542713267,0.40764942149751215,9.966428871170793
2923035,Novo Horizonte - BA,9723,6577,2212,0,10,0,116,809,0,0,67.64373135863417,22.75017998560115,0.0,0.10284891494394734,8.32047721896534
2923050,Novo Triunfo - BA,9467,7233,880,0,0,0,476,875,0,4,76.40223935776909,9.295447343403401,0.0,0.0,9.242632301679519
2923100,Olindina - BA,19602,13639,3124,98,33,0,304,2372,0,32,69.57963473114988,15.937149270482603,0.49994898479746963,0.16835016835016836,12.100806040199979
2923209,Oliveira dos Brejinhos - BA,17973,13916,2448,22,12,0,896,632,0,48,77.42725198909476,13.620430645968954,0.12240583096867523,0.06676681689200467,3.5163856896455794
2923308,Ouriçangas - BA,6709,4932,1029,15,63,6,78,556,5,25,73.5131912356536,15.337606200626025,0.22358026531524816,0.9390371143240424,8.287375167685198
2923357,Ourolândia - BA,16127,10170,3443,9,55,0,280,2025,109,36,63.061945805171455,21.349290010541328,0.055807031685992436,0.3410429714143982,12.556582129348298
2923407,Palmas de Monte Alto - BA,17571,13948,2566,40,0,0,233,690,81,13,79.38079790563998,14.60360821808662,0.22764782880883275,0.0,3.926925046952365
2923506,Palmeiras - BA,8819,5121,1457,303,88,4,251,1590,4,0,58.06780814151264,16.52114752239483,3.4357636920285746,0.9978455607211703,18.02925501757569
2923605,Paramirim - BA,18103,14880,2489,103,144,0,247,195,0,46,82.19632105175938,13.749102358725073,0.568966469645915,0.7954482682428327,1.0771695299121693
2923704,Paratinga - BA,24809,20385,3075,119,124,12,241,854,0,0,82.16776169938329,12.394695473416904,0.47966463783304447,0.49981861421258417,3.442299165625378
2923803,Paripiranga - BA,23463,20790,1771,30,47,0,121,667,0,37,88.60759493670886,7.548054383497422,0.12786088735455825,0.20031539018880792,2.842773728849678
2923902,Pau Brasil - BA,7902,3310,2580,12,20,181,268,1529,0,0,41.888129587446215,32.64996203492787,0.15186028853454822,0.2531004808909137,19.349531764110353
2924009,Paulo Afonso - BA,97485,63511,19686,517,384,38,2667,10407,171,103,65.1495101810535,20.19387598092014,0.5303380007180591,0.39390675488536697,10.675488536697953
2924058,Pé de Serra - BA,11621,8948,1788,4,0,0,248,593,0,40,76.99853713105584,15.38593924791326,0.0344204457447724,0.0,5.102831081662507
2924108,Pedrão - BA,5436,4304,503,7,86,0,233,304,0,0,79.17586460632818,9.253127299484916,0.1287711552612215,1.582045621780721,5.592347314201619
2924207,Pedro Alexandre - BA,11854,10125,1003,7,40,0,19,561,94,6,85.41420617513076,8.461278893200607,0.059051796861818794,0.33743883921039314,4.732579719925764
2924306,Piatã - BA,17458,12582,3397,176,102,0,493,708,0,0,72.07011112384008,19.458128078817733,1.0081338068507275,0.5842593653339443,4.05544735937679
2924405,Pilão Arcado - BA,29507,21617,6603,0,55,0,290,925,0,17,73.26058223472397,22.377740875046598,0.0,0.1863964483004033,3.13484935777951
2924504,Pindaí - BA,12880,10434,1996,6,0,0,330,114,0,0,81.00931677018633,15.496894409937887,0.046583850931677016,0.0,0.8850931677018633
2924603,Pindobaçu - BA,16447,9083,4949,10,0,0,177,2227,0,0,55.22587705964614,30.090594029306256,0.06080136195050769,0.0,13.540463306378063
2924652,Pintadas - BA,9182,7399,1217,7,12,0,37,510,0,0,80.58157264212589,13.2541929862775,0.07623611413635374,0.1306904813766064,5.5543454585057725
2924678,Piraí do Norte - BA,9469,5991,2449,11,27,0,299,692,0,0,63.269616643784985,25.863343542084696,0.11616855000528038,0.2851409863765973,7.308057873059457
2924702,Piripá - BA,8059,6970,964,14,19,0,15,78,0,0,86.48715721553543,11.961781858791413,0.17371882367539396,0.2357612607023204,0.9678620176200521
2924801,Piritiba - BA,15352,10087,3195,60,73,0,316,1541,0,80,65.70479416362689,20.811620635747786,0.39082855653986454,0.47550807712350185,10.037780093798853
2924900,Planaltino - BA,7130,5724,808,23,37,0,145,393,0,0,80.28050490883591,11.332398316970547,0.3225806451612903,0.5189340813464236,5.511921458625526
2925006,Planalto - BA,20400,15526,3234,13,84,0,268,1249,9,16,76.1078431372549,15.852941176470589,0.06372549019607843,0.4117647058823529,6.122549019607843
2925105,Poções - BA,42026,29809,7375,189,240,0,951,3354,27,81,70.92990053776234,17.548660353114737,0.4497216009137201,0.5710750487793271,7.980773806691096
2925204,Pojuca - BA,28088,11940,8012,195,317,0,2513,5053,0,59,42.509256622045,28.524636855596697,0.6942466533751068,1.1285958416405582,17.98988892053546
2925253,Ponto Novo - BA,15228,10695,2917,12,41,0,138,1392,32,0,70.23246650906225,19.155503020751247,0.07880220646178093,0.2692408720777515,9.141055949566589
2925303,Porto Seguro - BA,141936,50729,45217,1693,1077,410,10536,31764,195,315,35.74075639724946,31.85731597339646,1.1927911171232104,0.7587926952992898,22.379100439634765
2925402,Potiraguá - BA,8813,4031,2977,6,0,0,171,1628,0,0,45.73924883694542,33.7796437081584,0.06808124361738341,0.0,18.472710768183365
2925501,Prado - BA,29276,14099,9076,201,57,19,1049,4759,1,15,48.15890148927449,31.001502937559774,0.6865692034430934,0.19469872933460855,16.25563601584916
2925600,Presidente Dutra - BA,13381,9100,2263,121,44,0,206,1647,0,0,68.00687542037217,16.91203945893431,0.9042672446005531,0.32882445258201926,12.30849712278604
2925709,Presidente Jânio Quadros - BA,11164,8990,1920,19,0,0,59,175,0,0,80.526692941598,17.198136868505912,0.17018989609458976,0.0,1.567538516660695
2925758,Presidente Tancredo Neves - BA,23566,16005,4992,39,72,0,189,2221,0,47,67.91564117796825,21.183060341169483,0.1654926589153866,0.3055249087668675,9.424594755155733
2925808,Queimadas - BA,22400,16668,3342,269,177,0,389,1513,0,42,74.41071428571429,14.919642857142858,1.2008928571428572,0.7901785714285714,6.754464285714286
2925907,Quijingue - BA,22048,16078,3549,67,24,0,76,2227,0,26,72.92271407837445,16.096698113207548,0.3038824383164006,0.10885341074020319,10.100689404934688
2925931,Quixabeira - BA,8325,5192,1793,0,17,0,54,1270,0,0,62.366366366366364,21.53753753753754,0.0,0.2042042042042042,15.255255255255255
2925956,Rafael Jambeiro - BA,17082,13860,2502,72,18,0,193,437,0,0,81.13804004214963,14.64699683877766,0.4214963119072708,0.1053740779768177,2.5582484486594077
2926004,Remanso - BA,34856,25707,7221,55,148,0,663,1063,0,0,73.75200826256598,20.716662841404638,0.15779205875602478,0.4246040853798485,3.0496901537755337
2926103,Retirolândia - BA,11836,7703,2581,23,0,0,183,1345,0,0,65.08110848259547,21.80635349780331,0.194322406218317,0.0,11.363636363636363
2926202,Riachão das Neves - BA,18518,13610,3211,53,10,0,272,1354,0,7,73.49605788962091,17.33988551679447,0.2862080138243871,0.054001512042337184,7.3118047305324545
2926301,Riachão do Jacuípe - BA,29371,21917,3704,524,69,0,1579,1539,5,35,74.62122501787478,12.611078955432228,1.784072724796568,0.23492560689115113,5.239862449354805
2926400,Riacho de Santana - BA,26869,23537,2713,56,37,0,165,350,0,11,87.59909189028248,10.097137965685363,0.2084186236927314,0.13770516208269754,1.3026163980795713
2926509,Ribeira do Amparo - BA,11962,9497,1641,11,0,0,163,649,0,0,79.39307808058852,13.718441732151813,0.0919578665774954,0.0,5.425514128072229
2926608,Ribeira do Pombal - BA,46952,31155,6945,439,300,0,1171,6613,51,278,66.3550008519339,14.791702163912081,0.9349974441983302,0.6389504174476061,14.084597035270063
2926657,Ribeirão do Largo - BA,8416,5264,1969,12,34,0,95,1043,0,0,62.547528517110266,23.395912547528518,0.14258555133079848,0.40399239543726234,12.3930608365019
2926707,Rio de Contas - BA,11700,9299,1425,109,226,0,163,388,6,82,79.47863247863248,12.179487179487179,0.9316239316239316,1.9316239316239316,3.3162393162393164
2926806,Rio do Antônio - BA,11766,10185,1381,48,0,0,90,63,0,0,86.56297807241204,11.737208907020229,0.407955124936257,0.0,0.5354411014788373
2926905,Rio do Pires - BA,9368,8091,1018,31,18,0,28,171,11,0,86.36848847139197,10.866780529461998,0.3309137489325363,0.19214346712211786,1.8253629376601195
2927002,Rio Real - BA,30369,21703,5646,123,43,0,961,1894,0,0,71.46432217063453,18.59132668181369,0.4050182752148573,0.14159175474990945,6.236622872007639
2927101,Rodelas - BA,8440,5513,1328,11,0,14,246,1295,22,11,65.31990521327015,15.734597156398104,0.13033175355450238,0.0,15.343601895734597
2927200,Ruy Barbosa - BA,24453,17372,3369,70,278,0,1365,1907,60,32,71.04240788451315,13.777450619555882,0.286263444158181,1.1368748210853474,7.798634114423588
2927309,Salinas da Margarida - BA,12991,4848,3545,48,473,0,1023,3054,0,0,37.31814332999769,27.28812254637826,0.3694865676237395,3.6409822184589333,23.508582865060426
2927408,Salvador - BA,2154293,947032,523449,51765,59925,394,168018,398068,2950,2692,43.96022268094451,24.297948329219842,2.4028764889455614,2.7816550487793443,18.47789506812676
2927507,Santa Bárbara - BA,18284,12686,3485,32,171,0,428,1433,0,48,69.38306716254648,19.06038066068694,0.17501640778823013,0.9352439291183549,7.837453511266681
2927606,Santa Brígida - BA,12931,10837,1081,0,16,0,210,770,0,17,83.8063568169515,8.359755626015003,0.0,0.12373366328976877,5.9546825458201225
2927705,Santa Cruz Cabrália - BA,24771,9539,8089,243,91,18,1905,4832,54,0,38.50874005893989,32.65512090751282,0.9809858302046748,0.3673650639861128,19.506681199790076
2927804,Santa Cruz da Vitória - BA,4058,2275,788,24,12,0,90,857,0,12,56.06209955643174,19.418432725480532,0.5914243469689502,0.2957121734844751,21.118777723016265
2927903,Santa Inês - BA,8962,5461,1869,34,117,0,279,1196,5,0,60.93505913858514,20.854719928587368,0.3793796027672395,1.3055121624637358,13.345235438518188
2928000,Santaluz - BA,32621,21354,5902,151,105,19,1111,3939,0,40,65.46089942061862,18.09263971061586,0.4628920020845468,0.3218785444958769,12.075043683516753
2928059,Santa Luzia - BA,11665,6647,3149,12,89,0,405,1320,0,43,56.98242606086584,26.995285040720102,0.10287183883411916,0.7629661380197171,11.315902271753108
2928109,Santa Maria da Vitória - BA,33555,23243,6202,340,40,0,881,2792,35,21,69.26836537028758,18.48308746833557,1.0132618089703471,0.11920727164357026,8.320667560721205
2928208,Santana - BA,21676,18202,2548,73,77,0,117,659,0,0,83.97305775973427,11.754936335117181,0.33677800332164604,0.35523159254474995,3.0402288245063667
2928307,Santanópolis - BA,7658,5377,1401,20,45,0,174,636,5,0,70.21415513188822,18.294593888743798,0.26116479498563594,0.5876207887176809,8.305040480543223
2928406,Santa Rita de Cássia - BA,23191,18326,3585,27,0,21,531,673,28,0,79.02203440990039,15.45858307101893,0.11642447501185804,0.0,2.9019878401103876
2928505,Santa Terezinha - BA,9180,6943,1247,42,20,0,464,461,4,0,75.6318082788671,13.583877995642702,0.45751633986928103,0.2178649237472767,5.021786492374727
2928604,Santo Amaro - BA,49265,25619,10744,486,1086,9,3619,7640,0,61,52.0024358063534,21.808586217395717,0.9865015731249366,2.2044047498223893,15.507967116614228
2928703,Santo Antônio de Jesus - BA,90197,45138,25565,795,595,0,4075,13881,38,109,50.043793030810335,28.343514751044935,0.8814040378283091,0.6596671729658414,15.389647105779572
2928802,Santo Estêvão - BA,44358,29543,9473,85,121,0,1288,3783,51,14,66.60128950809325,21.35578700572614,0.19162270616348798,0.27278055818567115,8.528337616664412
2928901,São Desidério - BA,27312,18273,6378,199,41,0,326,2081,0,14,66.90465729349737,23.352372583479788,0.7286174575278266,0.15011716461628588,7.619361452841242
2928950,São Domingos - BA,7505,4965,1226,48,13,0,220,1024,0,9,66.15589606928714,16.335776149233844,0.6395736175882745,0.173217854763491,13.644237175216523
2929008,São Félix - BA,9709,5440,2323,58,359,0,425,1082,0,22,56.03048717684622,23.92625399114224,0.5973838706354928,3.6976001647955505,11.144299103924194
2929057,São Félix do Coribe - BA,13031,8615,3045,66,7,0,378,905,7,9,66.11158007827488,23.367354769396055,0.5064845368736091,0.05371805694114036,6.9449773616760035
2929107,São Felipe - BA,17948,13633,2555,105,134,6,522,993,0,0,75.9583240472476,14.23556942277691,0.5850234009360374,0.7466012926231335,5.532649877423668
2929206,São Francisco do Conde - BA,33364,15636,9188,106,518,0,1819,6071,0,25,46.86488430643808,27.53866442872557,0.3177077089078048,1.5525716340966311,18.19625944131399
2929255,São Gabriel - BA,16179,11671,2182,106,41,0,406,1773,0,0,72.13672044007664,13.48661845602324,0.6551702824649237,0.25341492057605536,10.958650101984054
2929305,São Gonçalo dos Campos - BA,34162,22074,8025,158,223,0,637,2963,0,83,64.61565482114631,23.491013406709207,0.4625021954218137,0.6527720859434459,8.67337977870148
2929354,São José da Vitória - BA,4569,1991,1315,10,60,0,58,1135,0,0,43.57627489603852,28.780914861019916,0.2188662727073758,1.3131976362442548,24.841321952287153
2929370,São José do Jacuípe - BA,8833,5202,2032,5,60,0,312,1201,5,16,58.892788407109705,23.00464168459187,0.056605909656968184,0.6792709158836182,13.596739499603759
2929404,São Miguel das Matas - BA,9172,7155,1352,13,40,0,98,509,0,5,78.00915830789359,14.74051460968164,0.141735717400785,0.4361098996947231,5.549498473615351
2929503,São Sebastião do Passé - BA,35795,21246,7721,114,283,0,1493,4834,67,37,59.35465847185361,21.570051683195977,0.3184802346696466,0.7906132141360526,13.504679424500628
2929602,Sapeaçu - BA,15805,11186,2958,72,36,0,391,1162,0,0,70.77507118000632,18.71559633027523,0.4555520404935147,0.22777602024675736,7.352103764631446
2929701,Sátiro Dias - BA,13783,10514,1808,16,34,0,214,1197,0,0,76.28237684103605,13.117608648334905,0.11608503228614961,0.2466806936080679,8.684611477907568
2929750,Saubara - BA,10066,4516,2468,20,155,0,1074,1805,0,29,44.8638982714087,24.51818001192132,0.1986886548778065,1.5398370753030002,17.931651102722036
2929800,Saúde - BA,9241,6262,1472,29,140,6,192,1140,0,0,67.76322908776106,15.929012011687046,0.3138188507737258,1.514987555459366,12.336327237311979
2929909,Seabra - BA,39700,29199,5995,316,216,15,863,3058,0,40,73.54911838790932,15.100755667506297,0.7959697732997482,0.5440806045340051,7.702770780856423
2930006,Sebastião Laranjeiras - BA,8165,5672,2354,0,0,0,47,92,0,0,69.46723821187997,28.830373545621555,0.0,0.0,1.1267605633802817
2930105,Senhor do Bonfim - BA,64506,42042,13398,662,447,13,2669,5024,93,157,65.17533252720678,20.770160915263695,1.0262611229963103,0.6929587945307413,7.788422782376833
2930154,Serra do Ramalho - BA,28376,17521,8345,27,4,0,334,2145,0,0,61.74584155624471,29.4086552015788,0.09515083168875106,0.014096419509444602,7.559204961939668
2930204,Sento Sé - BA,31973,20690,6937,11,40,9,440,3785,0,62,64.71084977950146,21.696431363963345,0.034404028398961624,0.1251055578144059,11.838113408188159
2930303,Serra Dourada - BA,14824,12579,1932,0,11,0,168,133,0,0,84.85563950350783,13.03291958985429,0.0,0.0742039935240151,0.8971937398812736
2930402,Serra Preta - BA,15960,12682,2334,5,4,0,258,672,5,0,79.46115288220551,14.62406015037594,0.03132832080200501,0.02506265664160401,4.2105263157894735
2930501,Serrinha - BA,69583,47630,11043,879,517,15,3760,5617,54,68,68.45062730839429,15.870255665895405,1.2632395843812425,0.7429975712458503,8.072373999396405
2930600,Serrolândia - BA,11626,6418,3084,39,5,0,141,1917,4,18,55.20385343196284,26.52675038706348,0.3354550146223981,0.043007053156717705,16.488904180285566
2930709,Simões Filho - BA,98591,28552,36846,309,963,27,8098,23182,470,143,28.96004706311935,37.372579647229465,0.31341603188932055,0.9767625848201155,23.513302431256403
2930758,Sítio do Mato - BA,11094,7563,2388,0,30,0,275,839,0,0,68.17198485667929,21.525148729042726,0.0,0.2704164413196322,7.5626464755723815
2930766,Sítio do Quinto - BA,13150,10723,900,9,58,0,98,1363,0,0,81.54372623574145,6.844106463878327,0.06844106463878327,0.44106463878326996,10.365019011406844
2930774,Sobradinho - BA,21418,11667,5445,37,9,0,354,3907,0,0,54.472873284153515,25.422541787281727,0.17275189093286022,0.04202073022691194,18.241665888504997
2930808,Souto Soares - BA,14724,13185,1012,38,11,0,91,349,21,17,89.54767726161369,6.873132301005161,0.2580820429231187,0.07470795979353437,2.3702798152675904
2930907,Tabocas do Brejo Velho - BA,10429,9083,1068,0,0,0,22,256,0,0,87.09368108159939,10.24067504075175,0.0,0.0,2.4546936427270114
2931004,Tanhaçu - BA,18459,14788,1577,13,21,0,1746,313,0,0,80.11268216046373,8.54325803131264,0.07042635028983152,0.11376564277588168,1.6956498185167128
2931053,Tanque Novo - BA,14851,13932,798,0,0,0,63,58,0,0,93.81186452090768,5.373375530267322,0.0,0.0,0.39054609117231165
2931103,Tanquinho - BA,6759,5062,881,29,59,0,202,520,0,6,74.89273561177689,13.034472555111703,0.4290575528924397,0.8729101938156532,7.693445776002367
2931202,Taperoá - BA,15370,9532,3837,33,55,0,504,1324,86,0,62.01691607026675,24.964216005204946,0.21470396877033182,0.357839947950553,8.614183474300585
2931301,Tapiramutá - BA,13590,9887,1833,12,91,0,376,1365,0,25,72.75202354672554,13.487858719646798,0.08830022075055188,0.6696100073583517,10.044150110375275
2931350,Teixeira de Freitas - BA,124593,54470,45406,667,573,24,6115,17137,38,162,43.71834693762892,36.44345990545215,0.5353430770589038,0.45989742601911826,13.754384275200051
2931400,Teodoro Sampaio - BA,6355,3445,1197,35,115,0,190,1371,0,3,54.209284028324156,18.83556254917388,0.5507474429583006,1.8095987411487018,21.573564122738002
2931509,Teofilândia - BA,18380,14073,2415,165,52,0,352,1300,0,23,76.56692056583243,13.139281828073994,0.8977149075081611,0.28291621327529926,7.072905331882481
2931608,Teolândia - BA,13010,9451,2210,23,53,0,279,994,0,0,72.64411990776325,16.986933128362796,0.1767870868562644,0.40737893927747887,7.640276710222905
2931707,Terra Nova - BA,9463,4957,2073,55,211,0,391,1771,5,0,52.38296523301279,21.90637218641023,0.5812110324421431,2.2297368699144036,18.714995244637006
2931806,Tremedal - BA,14536,11401,2454,31,51,0,103,490,0,6,78.43285635663182,16.882223445239404,0.21326362135388002,0.35085305448541554,3.37094111172262
2931905,Tucano - BA,42593,27517,6147,115,111,0,799,7679,0,225,64.6045124785763,14.431948911793018,0.2699974174160073,0.26060620289718966,18.028784072500176
2932002,Uauá - BA,21492,17185,3152,37,11,0,213,882,0,11,79.95998511073888,14.665922203610647,0.17215708170482039,0.05118183510143309,4.1038525963149075
2932101,Ubaíra - BA,16305,10283,4047,27,47,0,375,1492,0,34,63.06654400490647,24.820607175712972,0.1655933762649494,0.2882551364612082,9.150567310640907
2932200,Ubaitaba - BA,15042,6575,4678,93,122,0,534,3008,0,32,43.71094269379072,31.099587820768516,0.6182688472277623,0.8110623587288924,19.99734077915171
2932309,Ubatã - BA,13949,5820,4406,39,20,0,587,2979,0,98,41.72342103376586,31.586493655459172,0.27958993476234856,0.14337945372428132,21.3563696322317
2932408,Uibaí - BA,11872,6971,1349,229,178,0,363,2782,0,0,58.71799191374663,11.362870619946092,1.9289083557951483,1.4993261455525606,23.433288409703504
2932457,Umburanas - BA,11502,6674,3465,3,15,0,283,1054,7,0,58.02469135802469,30.125195618153363,0.02608242044861763,0.13041210224308816,9.163623717614328
2932507,Una - BA,15735,6682,4860,77,66,17,639,3382,4,8,42.46584048299968,30.886558627264062,0.4893549412138545,0.4194470924690181,21.493485859548777
2932606,Urandi - BA,13518,9965,3053,53,0,0,121,317,0,10,73.71652611333037,22.58470187897618,0.3920698328155052,0.0,2.3450214528776447
2932705,Uruçuca - BA,18293,7889,5024,69,102,44,876,4289,0,0,43.125785819712455,27.464057289673647,0.3771934619799924,0.5575903351008582,23.446126933799814
2932804,Utinga - BA,13961,9396,2251,72,87,24,303,1825,0,3,67.30176921423967,16.12348685624239,0.5157223694577753,0.6231645297614784,13.07212950361722
2932903,Valença - BA,73880,34961,19932,454,493,0,6154,11593,85,209,47.32133188955062,26.978884677855984,0.6145100162425555,0.6672983216025988,15.691662154845696
2933000,Valente - BA,21407,14122,4027,176,126,0,516,2402,0,39,65.96907553603961,18.811603681038914,0.8221609753818845,0.5885925164665764,11.2206287662914
2933059,Várzea da Roça - BA,12150,8386,1997,5,9,0,279,1473,0,0,69.02057613168725,16.43621399176955,0.0411522633744856,0.07407407407407407,12.123456790123457
2933109,Várzea do Poço - BA,7197,5060,1589,11,0,0,39,498,0,0,70.30707239127415,22.078643879394193,0.15284146172016116,0.0,6.919549812421843
2933158,Várzea Nova - BA,11423,6521,2778,5,17,0,356,1741,0,5,57.086579707607456,24.319355685896873,0.04377133852753217,0.1488225509936094,15.241180075286703
2933174,Varzedo - BA,8730,6799,1092,5,17,0,351,448,5,13,77.88087056128293,12.508591065292096,0.0572737686139748,0.19473081328751432,5.1317296678121425
2933208,Vera Cruz - BA,37535,16735,10053,222,1178,0,2568,6670,0,109,44.585053949647,26.783002530971093,0.5914479818835753,3.138404156120954,17.770081257493008
2933257,Vereda - BA,5236,3714,1211,3,0,0,70,238,0,0,70.93200916730329,23.128342245989305,0.057295645530939646,0.0,4.545454545454546
2933307,Vitória da Conquista - BA,321991,163925,95516,5619,2395,0,16344,37950,34,209,50.909808038112864,29.664183160398892,1.7450798314238596,0.7438096095853611,11.786043709296223
2933406,Wagner - BA,8302,5101,1891,34,32,0,230,1014,0,0,61.443025776921225,22.777643941218983,0.40953986991086483,0.3854492893278728,12.21392435557697
2933455,Wanderley - BA,11125,9090,1295,85,43,0,111,495,0,6,81.70786516853933,11.640449438202246,0.7640449438202247,0.3865168539325843,4.449438202247191
2933505,Wenceslau Guimarães - BA,20681,8517,5962,0,118,20,196,5862,0,5,41.18272810792515,28.82839321116,0.0,0.5705720226294667,28.34485759876215
2933604,Xique-Xique - BA,37314,25190,6399,329,201,0,1205,3924,10,55,67.5081738757571,17.14905933429812,0.8817065980597095,0.5386718121884547,10.516160154365654
3100104,Abadia dos Dourados - MG,5648,4252,1028,53,0,0,61,236,0,18,75.28328611898017,18.20113314447592,0.9383852691218131,0.0,4.1784702549575075
3100203,Abaeté - MG,20401,14897,3375,874,104,0,351,693,0,107,73.02093034655164,16.54330670065193,4.284103720405862,0.5097789324052743,3.3968923092005294
3100302,Abre Campo - MG,12369,10644,1327,62,59,5,144,128,0,0,86.0538442881397,10.728433988196297,0.5012531328320802,0.47699894898536666,1.0348451774597784
3100401,Acaiaca - MG,3494,2582,734,0,0,0,86,85,0,6,73.89811104751001,21.00744132799084,0.0,0.0,2.4327418431597025
3100500,Açucena - MG,7892,4900,2538,40,0,16,55,343,0,0,62.08819057273188,32.159148504815,0.5068423720223011,0.0,4.346173340091232
3100609,Água Boa - MG,10990,7847,2830,19,0,0,129,165,0,0,71.40127388535032,25.75068243858053,0.17288444040036396,0.0,1.5013648771610555
3100708,Água Comprida - MG,1846,1368,307,40,7,0,32,89,0,3,74.10617551462622,16.630552546045504,2.1668472372697725,0.37919826652221017,4.821235102925244
3100807,Aguanil - MG,3868,2673,984,2,3,0,124,75,0,8,69.10548086866598,25.43950361944157,0.05170630816959669,0.07755946225439504,1.9389865563598758
3100906,Águas Formosas - MG,15933,10392,4434,9,0,0,412,679,0,7,65.22312182263228,27.82903408021088,0.0564865373752589,0.0,4.2615954308667545
3101003,Águas Vermelhas - MG,12130,7755,3430,35,16,0,149,697,19,28,63.93239901071723,28.27699917559769,0.2885408079142622,0.13190436933223412,5.746084089035449
3101102,Aimorés - MG,22161,9045,10231,51,0,0,723,2088,0,24,40.81494517395424,46.16668922882541,0.23013401922295926,0.0,9.42195749289292
3101201,Aiuruoca - MG,5682,4645,475,65,5,6,237,249,0,0,81.74938401971137,8.359732488560367,1.1439633931714186,0.08799718409010912,4.382259767687434
3101300,Alagoa - MG,2479,1720,571,0,5,0,27,144,0,13,69.38281565147237,23.033481242436466,0.0,0.20169423154497781,5.808793868495361
3101409,Albertina - MG,2590,1764,649,15,7,0,42,112,0,0,68.10810810810811,25.057915057915057,0.5791505791505791,0.2702702702702703,4.324324324324325
3101508,Além Paraíba - MG,27147,13629,9100,1054,595,0,1145,1556,7,60,50.204442479832025,33.52119939588168,3.8825652926658565,2.191770729730725,5.731756731867241
3101607,Alfenas - MG,69802,49035,13335,1352,441,0,1864,3310,42,424,70.24870347554511,19.104037133606486,1.9369072519412052,0.631787054812183,4.741984470359015
3101631,Alfredo Vasconcelos - MG,6152,5534,379,40,12,0,93,93,0,0,89.95448634590377,6.160598179453836,0.6501950585175552,0.19505851755526657,1.511703511053316
3101706,Almenara - MG,35019,22665,8663,289,125,0,890,2386,0,2,64.72200805277136,24.73799937176961,0.8252662840172478,0.3569490847825466,6.81344413032925
3101805,Alpercata - MG,6122,3226,2240,22,0,0,153,477,4,0,52.695197647827506,36.58934988565828,0.359359686377001,0.0,7.791571381901339
3101904,Alpinópolis - MG,16182,13838,1915,22,19,0,101,275,0,12,85.51476949697195,11.834136695093314,0.13595352861203808,0.11741441107403287,1.6994191076504759
3102001,Alterosa - MG,12292,10383,1557,86,35,0,96,134,0,0,84.46957370647576,12.666775138301334,0.6996420436055971,0.2847380410022779,1.0901399284087212
3102050,Alto Caparaó - MG,5035,1277,3173,8,7,0,87,472,2,10,25.362462760675275,63.0188679245283,0.15888778550148958,0.13902681231380337,9.374379344587885
3102100,Alto Rio Doce - MG,9797,9022,546,0,5,0,87,136,0,0,92.08941512707972,5.573134633050934,0.0,0.051036031438195364,1.3881800551189138
3102209,Alvarenga - MG,3495,2371,979,0,0,0,26,119,0,0,67.83977110157367,28.011444921316166,0.0,0.0,3.4048640915593706
3102308,Alvinópolis - MG,13527,11363,1789,131,16,0,74,148,5,0,84.00236563909219,13.225401049752348,0.9684335033636431,0.11828195460929992,1.0941080801360243
3102407,Alvorada de Minas - MG,3594,2906,631,7,0,0,31,19,0,0,80.8569838619922,17.557039510294935,0.19476905954368393,0.0,0.528658875904285
3102506,Amparo do Serra - MG,4055,3132,744,6,1,0,30,138,3,0,77.23797780517879,18.347718865598026,0.14796547472256474,0.02466091245376079,3.4032059186189887
3102605,Andradas - MG,36038,24935,8553,332,229,0,765,1187,0,38,69.19085409845164,23.73328153615628,0.9212497918863422,0.6354403684999168,3.2937454908707475
3102704,Cachoeira de Pajeú - MG,8124,6700,1115,26,13,0,37,233,0,0,82.47168882323979,13.724766125061546,0.32003938946331856,0.16001969473165928,2.868045297882816
3102803,Andrelândia - MG,10704,8905,1517,56,2,0,86,138,0,0,83.19319880418536,14.172272047832585,0.523168908819133,0.01868460388639761,1.289237668161435
3102852,Angelândia - MG,6575,4107,2285,8,0,0,57,112,0,7,62.463878326996195,34.752851711026615,0.12167300380228137,0.0,1.703422053231939
3102902,Antônio Carlos - MG,9892,8290,1070,187,49,0,126,164,0,5,83.80509502628387,10.816821674080066,1.8904164981803477,0.49534977759805904,1.6579053780832997
3103009,Antônio Dias - MG,8099,4667,2762,18,0,0,74,562,0,16,57.624398073836275,34.102975676009386,0.22224966045190764,0.0,6.939128287442895
3103108,Antônio Prado de Minas - MG,1414,1044,242,8,12,0,63,45,0,0,73.83309759547383,17.114568599717114,0.5657708628005658,0.8486562942008486,3.1824611032531824
3103207,Araçaí - MG,1974,1540,269,32,0,0,74,59,0,0,78.01418439716312,13.627152988855116,1.6210739614994933,0.0,2.988855116514691
3103306,Aracitaba - MG,1846,1611,205,4,0,0,1,25,0,0,87.26977248104009,11.105092091007585,0.21668472372697725,0.0,1.3542795232936078
3103405,Araçuaí - MG,30257,24483,4605,120,13,0,462,566,8,0,80.91681263839773,15.219618600654394,0.3966024391050005,0.042965264236375054,1.8706415044452522
3103504,Araguari - MG,103855,61906,30162,3197,531,33,3245,4687,0,95,59.60810745751288,29.04241490539695,3.078330364450436,0.5112897790188243,4.513022964710413
3103603,Arantina - MG,2599,2097,336,6,2,0,65,93,0,0,80.68487879953828,12.928049249711428,0.2308580223162755,0.07695267410542517,3.5782993459022703
3103702,Araponga - MG,7062,5631,1233,4,4,0,54,129,0,6,79.73661852166525,17.45964316057774,0.05664117813650524,0.05664117813650524,1.826677994902294
3103751,Araporã - MG,7217,4292,1787,252,50,0,176,617,3,41,59.470694194263544,24.760981017043093,3.4917555771096023,0.6928086462519052,8.549258694748511
3103801,Arapuá - MG,2390,2020,322,9,0,0,7,32,0,0,84.51882845188284,13.472803347280335,0.37656903765690375,0.0,1.3389121338912133
3103900,Araújos - MG,8006,6855,872,86,0,0,87,106,0,0,85.62328253809643,10.891831126655008,1.0741943542343242,0.0,1.3240069947539346
3104007,Araxá - MG,97370,59867,18874,6752,752,0,3925,7198,0,0,61.484029988702886,19.38379377631714,6.934374037177776,0.7723118003491836,7.392420663448701
3104106,Arceburgo - MG,8246,4996,2064,257,101,0,435,392,0,0,60.58695124909047,25.03031772980839,3.116662624302692,1.2248362842590348,4.753820033955857
3104205,Arcos - MG,36530,26232,7754,287,21,24,806,1392,0,14,71.8094716671229,21.226389269093897,0.7856556255132767,0.05748699698877635,3.8105666575417465
3104304,Areado - MG,12322,9531,2295,150,34,0,110,202,0,0,77.34945625710112,18.62522317805551,1.2173348482389224,0.27592923226748906,1.639344262295082
3104403,Argirita - MG,2371,1688,482,28,20,0,50,103,0,0,71.19358920286798,20.328975115984818,1.180936313791649,0.8435259384226065,4.344158582876424
3104452,Aricanduva - MG,4089,2952,892,24,0,0,96,116,0,9,72.19369038884813,21.81462460259232,0.586940572267058,0.0,2.8368794326241136
3104502,Arinos - MG,14955,11167,3303,77,20,0,146,241,0,0,74.67067870277499,22.086258776328986,0.5148779672350384,0.13373453694416584,1.6115011701771982
3104601,Astolfo Dutra - MG,12642,8389,2906,571,99,0,180,451,0,46,66.35817117544693,22.98686916627116,4.516690397089068,0.7831039392501187,3.5674735010283185
3104700,Ataléia - MG,12094,8035,3631,42,20,0,85,266,0,15,66.43790309244254,30.02315197618654,0.3472796427980817,0.165371258475277,2.1994377377211842
3104809,Augusto de Lima - MG,4038,2984,918,8,6,0,67,55,0,0,73.89796929172857,22.73402674591382,0.1981178801386825,0.1485884101040119,1.3620604259534423
3104908,Baependi - MG,16395,10390,4957,79,5,4,404,529,26,0,63.37297956694114,30.23482769136932,0.4818542238487344,0.030497102775236352,3.226593473620006
3105004,Baldim - MG,6736,4698,1025,45,0,0,792,171,0,6,69.74465558194774,15.216745843230404,0.6680522565320665,0.0,2.5385985748218527
3105103,Bambuí - MG,21298,17129,2776,338,109,0,281,651,0,15,80.42539205559207,13.034087707765988,1.5870034745046484,0.5117851441449901,3.0566250352145743
3105202,Bandeira - MG,4291,3384,575,21,6,0,162,140,0,3,78.86273595898392,13.400139827546026,0.4893964110929853,0.13982754602656725,3.2626427406199023
3105301,Bandeira do Sul - MG,5244,4114,876,7,11,0,120,115,0,0,78.45156369183829,16.704805491990847,0.13348588863463004,0.20976353928299007,2.192982456140351
3105400,Barão de Cocais - MG,26929,19597,5403,309,40,0,777,784,10,9,72.77284711649152,20.06387166251996,1.1474618441085818,0.14853875004641837,2.9113595009098
3105509,Barão do Monte Alto - MG,4444,3334,717,63,38,0,43,249,0,0,75.02250225022502,16.134113411341133,1.4176417641764176,0.8550855085508551,5.603060306030603
3105608,Barbacena - MG,112249,90871,11821,2170,830,0,2871,3557,0,129,80.95484146852088,10.531051501572398,1.933202077524076,0.7394275227396235,3.1688478293793265
3105707,Barra Longa - MG,5104,4313,667,29,0,0,18,74,0,2,84.50235109717869,13.068181818181818,0.5681818181818182,0.0,1.4498432601880877
3105905,Barroso - MG,17842,13787,3097,183,51,0,195,516,0,12,77.27272727272727,17.357919515749355,1.0256697679632327,0.28584239435040915,2.8920524604864926
3106002,Bela Vista de Minas - MG,8945,5703,2788,43,0,0,183,229,0,0,63.75628842929011,31.16825041922862,0.480715483510341,0.0,2.5600894354387926
3106101,Belmiro Braga - MG,2898,2183,455,25,18,0,115,102,0,0,75.32781228433403,15.70048309178744,0.862663906142167,0.6211180124223602,3.5196687370600412
3106200,Belo Horizonte - MG,2078310,1104297,567090,81537,17080,309,103748,202727,1019,503,53.13437360162825,27.286112273914863,3.9232357059341485,0.821821576184496,9.75441584749147
3106309,Belo Oriente - MG,20688,9256,8299,18,21,0,498,2535,0,59,44.740912606341844,40.115042536736276,0.08700696055684455,0.10150812064965198,12.253480278422273
3106408,Belo Vale - MG,7620,5909,1253,34,0,0,101,324,0,0,77.54593175853019,16.443569553805773,0.4461942257217848,0.0,4.251968503937008
3106507,Berilo - MG,8872,6966,1599,0,0,0,123,167,0,17,78.51668169522092,18.022993688007215,0.0,0.0,1.882326420198377
3106606,Bertópolis - MG,3751,2309,864,6,0,436,27,85,24,0,61.55691815515863,23.03385763796321,0.15995734470807785,0.0,2.266062383364436
3106655,Berizal - MG,3677,2820,719,0,0,0,24,111,0,3,76.69295621430514,19.553984226271417,0.0,0.0,3.0187652977971173
3106705,Betim - MG,356802,154600,138923,4740,1371,42,20849,35419,744,114,43.329353535013816,38.93560013677053,1.3284678897539812,0.38424672507441104,9.926794132319886
3106804,Bias Fortes - MG,3010,2570,353,3,0,0,42,42,0,0,85.38205980066445,11.727574750830565,0.09966777408637874,0.0,1.3953488372093024
3106903,Bicas - MG,12478,7121,3598,580,148,0,339,692,0,0,57.068440455201156,28.834749158518992,4.648180798204841,1.1860875140246834,5.545760538547844
3107000,Biquinhas - MG,2167,1790,336,21,0,0,8,12,0,0,82.60267651130596,15.505306875865251,0.9690816797415782,0.0,0.5537609598523304
3107109,Boa Esperança - MG,34764,27107,5262,837,162,0,606,779,0,10,77.97434127258083,15.13634794615119,2.407663099758371,0.4659993096306524,2.240823840754804
3107208,Bocaina de Minas - MG,4788,3695,537,61,19,0,146,326,0,4,77.17209690893901,11.215538847117795,1.2740183792815372,0.3968253968253968,6.8086883876357565
3107307,Bocaiúva - MG,41706,30487,9138,173,159,8,688,971,13,67,73.09979379465784,21.910516472450006,0.4148084208507169,0.3812401093367861,2.3282021771447754
3107406,Bom Despacho - MG,45115,35037,7220,359,244,0,626,1619,0,9,77.66153164136097,16.003546492297463,0.7957442092430456,0.5408400753629613,3.5886068934944033
3107505,Bom Jardim de Minas - MG,6102,5010,884,45,3,0,70,91,0,0,82.10422812192724,14.487053425106522,0.7374631268436578,0.049164208456243856,1.4913143231727302
3107604,Bom Jesus da Penha - MG,3939,3089,577,30,22,0,48,174,0,0,78.42091901497842,14.648387915714649,0.7616146230007617,0.5585173902005586,4.417364813404418
3107703,Bom Jesus do Amparo - MG,4915,3790,941,42,0,0,51,91,0,0,77.11088504577823,19.145473041709053,0.854526958290946,0.0,1.8514750762970498
3107802,Bom Jesus do Galho - MG,12890,8827,3007,24,19,0,238,760,0,16,68.47944142746314,23.328161365399534,0.18619084561675717,0.1474010861132661,5.896043444530644
3107901,Bom Repouso - MG,11032,9551,1179,6,0,0,76,220,0,0,86.57541696881799,10.687092095721537,0.05438723712835388,0.0,1.9941986947063088
3108008,Bom Sucesso - MG,15439,12878,2021,119,25,0,186,210,0,0,83.41213809184532,13.090226050910033,0.7707753092816892,0.16192758598354814,1.3601917222618045
3108107,Bonfim - MG,6834,5776,852,22,7,0,75,99,4,0,84.51858355282411,12.467076382791923,0.3219198127011999,0.10242903131401815,1.4486391571553994
3108206,Bonfinópolis de Minas - MG,4841,3602,812,62,4,0,127,234,0,0,74.40611443916546,16.77339392687461,1.2807271224953523,0.08262755629002272,4.833712042966329
3108255,Bonito de Minas - MG,8671,7261,1287,0,0,0,44,73,0,5,83.7388997808788,14.842578710644677,0.0,0.0,0.8418867489332257
3108305,Borda da Mata - MG,15676,12241,2801,73,62,0,236,263,0,0,78.08752232712426,17.868078591477417,0.46568002041337075,0.3955090584332738,1.6777239091605
3108404,Botelhos - MG,13213,9869,2891,35,13,0,232,167,0,5,74.69159161431924,21.87996669946265,0.2648906380080224,0.0983879512601226,1.2639067584954211
3108503,Botumirim - MG,5072,3458,1366,0,0,0,103,143,0,3,68.1782334384858,26.93217665615142,0.0,0.0,2.8194006309148265
3108552,Brasilândia de Minas - MG,12736,8863,3162,32,0,0,467,206,6,0,69.59013819095478,24.827261306532662,0.25125628140703515,0.0,1.6174623115577889
3108602,Brasília de Minas - MG,27989,22582,4479,28,0,0,230,622,0,47,80.681696380721,16.002715352459894,0.10003930115402479,0.0,2.2223016184929794
3108701,Brás Pires - MG,3845,3507,308,0,0,0,14,16,0,0,91.20936280884266,8.010403120936282,0.0,0.0,0.41612483745123535
3108800,Braúnas - MG,3981,2711,1069,0,44,0,51,107,0,0,68.09846772167798,26.85254961065059,0.0,1.1052499372017082,2.6877668927405174
3108909,Brazópolis - MG,12699,11217,913,112,21,0,205,232,0,0,88.3297897472242,7.189542483660131,0.8819592093865659,0.1653673517599811,1.8269155051578865
3109006,Brumadinho - MG,34488,23022,7126,736,98,0,1367,2113,26,0,66.7536534446764,20.66225933658084,2.134075620505683,0.28415680816515887,6.126768731152865
3109105,Bueno Brandão - MG,9958,8121,1160,120,14,0,129,398,5,10,81.55252058646315,11.648925487045592,1.2050612572805783,0.14059048001606747,3.9967865033139183
3109204,Buenópolis - MG,8038,6503,881,95,4,0,227,330,0,0,80.90320975367007,10.960437919880567,1.1818860413038068,0.04976362279173924,4.105498880318487
3109253,Bugre - MG,3578,2371,1055,0,0,0,104,48,0,0,66.26607043040805,29.485746226942425,0.0,0.0,1.3415315818893236
3109303,Buritis - MG,20521,14134,4748,52,47,0,459,1071,0,9,68.87578578042006,23.13727401198772,0.2533989571658301,0.22903367282296183,5.219043906242386
3109402,Buritizeiro - MG,20483,12592,5641,57,15,0,466,1654,0,57,61.475369818874185,27.53991114582825,0.278279548894205,0.0732314602353171,8.074989015280964
3109451,Cabeceira Grande - MG,5774,3983,1397,21,0,0,191,177,0,5,68.98164184274333,24.194665742985798,0.36369934187738134,0.0,3.0654658815379285
3109501,Cabo Verde - MG,10141,7599,2311,10,3,5,111,101,0,0,74.93343851691155,22.788679617394735,0.09860960457548565,0.029582881372645697,0.9959570062124051
3109600,Cachoeira da Prata - MG,3296,2495,615,92,24,0,38,29,0,3,75.69781553398059,18.658980582524272,2.79126213592233,0.7281553398058253,0.8798543689320388
3109709,Cachoeira de Minas - MG,10533,8823,1263,48,11,0,146,242,0,0,83.76530902876674,11.990885787524922,0.45571062375391624,0.10443368461027247,2.2975410614259943
3109808,Cachoeira Dourada - MG,2091,1328,510,59,17,0,28,149,0,0,63.510282161645144,24.390243902439025,2.8216164514586324,0.8130081300813008,7.125777140124343
3109907,Caetanópolis - MG,10154,7179,2022,115,48,0,316,473,0,0,70.70120149694702,19.91333464644475,1.132558597597006,0.4727201103013591,4.658262753594642
3110004,Caeté - MG,34246,25853,5966,394,61,0,665,1275,0,31,75.49202826607487,17.421012673012907,1.1504993283887168,0.17812299246627344,3.7230625474507972
3110103,Caiana - MG,4640,2551,1529,69,10,0,56,416,0,8,54.97844827586207,32.952586206896555,1.4870689655172413,0.21551724137931033,8.96551724137931
3110202,Cajuri - MG,3613,2679,782,20,0,0,32,100,0,0,74.1489067257127,21.64406310545253,0.5535566011624689,0.0,2.7677830058123445
3110301,Caldas - MG,12730,9485,2120,117,127,128,386,368,0,0,74.50903377847604,16.653574234092694,0.9190887666928516,0.997643362136685,2.8908091123330717
3110400,Camacho - MG,2554,2383,109,13,2,0,6,30,0,10,93.3046202036022,4.267815191855912,0.5090054815974941,0.07830853563038372,1.1746280344557556
3110509,Camanducaia - MG,22723,15024,5319,218,111,0,1039,1013,0,0,66.11803018967566,23.408000704132377,0.9593803635083396,0.48849183646525546,4.458038111164899
3110608,Cambuí - MG,26230,18014,5878,250,248,0,488,1321,0,31,68.67708730461304,22.409454822722076,0.9531071292413267,0.9454822722073961,5.03621807091117
3110707,Cambuquira - MG,10924,8483,1533,135,102,0,174,493,0,5,77.65470523617722,14.033321127792018,1.235811058220432,0.9337239106554376,4.512998901501281
3110806,Campanário - MG,2599,2025,474,3,0,5,17,75,0,0,77.91458253174298,18.237783762985764,0.11542901115813775,0.0,2.8857252789534438
3110905,Campanha - MG,13958,10560,2719,131,81,0,136,331,0,0,75.65553804269953,19.47986817595644,0.9385298753403066,0.5803123656684339,2.3713999140277977
3111002,Campestre - MG,18733,13672,4398,21,20,0,305,318,0,0,72.98350504457375,23.47728607270592,0.11210163881919608,0.1067634655420915,1.6975391021192547
3111101,Campina Verde - MG,16166,13165,1667,430,96,0,266,542,0,0,81.43634789063466,10.311765433626128,2.659903501175306,0.5938389211926265,3.3527155759000373
3111150,Campo Azul - MG,3242,2546,642,0,0,0,0,41,0,12,78.53177051202961,19.802590993214064,0.0,0.0,1.2646514497223935
3111200,Campo Belo - MG,46689,29294,14764,266,130,0,1064,1133,0,39,62.7428302169676,31.622009466897985,0.5697273447707168,0.27843817601576387,2.426695795583542
3111309,Campo do Meio - MG,10077,7355,1937,14,4,0,382,380,0,5,72.98799245807284,19.221990671826934,0.13893023717376204,0.039694353478217724,3.7709635804306836
3111408,Campo Florido - MG,7179,3973,1167,989,74,0,252,724,0,0,55.34196963365371,16.25574592561638,13.776291962668896,1.030784231787157,10.084970051539212
3111507,Campos Altos - MG,11199,7235,2939,202,25,0,143,654,0,0,64.60398249843736,26.243414590588447,1.8037324761139388,0.223234217340834,5.839807125636217
3111606,Campos Gerais - MG,23011,18753,3329,90,25,0,431,357,0,26,81.49580635348312,14.46699404632567,0.39111729173004217,0.10864369214723393,1.5514319238625005
3111705,Canaã - MG,4172,3693,396,6,3,0,42,30,0,3,88.51869606903163,9.491850431447746,0.14381591562799617,0.07190795781399809,0.7190795781399808
3111804,Canápolis - MG,9393,6913,1715,367,10,0,141,238,0,9,73.5973597359736,18.25827744064729,3.907164910039391,0.10646225912913872,2.5338017672735016
3111903,Cana Verde - MG,4765,3063,1585,9,14,0,26,70,0,0,64.28121720881427,33.26337880377754,0.1888772298006296,0.2938090241343127,1.4690451206715636
3112000,Candeias - MG,12639,10365,1705,117,47,0,208,194,2,0,82.008070258723,13.489991296779808,0.9257061476382625,0.3718648627264815,1.5349315610412215
3112059,Cantagalo - MG,3435,2488,796,4,0,0,59,88,0,0,72.43085880640466,23.173216885007278,0.11644832605531295,0.0,2.561863173216885
3112109,Caparaó - MG,4346,2308,1686,19,3,3,26,299,0,3,53.10630464795214,38.79429360331339,0.43718361711919007,0.06902899217671422,6.879889553612517
3112208,Capela Nova - MG,3987,3684,215,14,6,0,18,48,0,2,92.40030097817908,5.392525708552797,0.3511412089290193,0.1504890895410083,1.2039127163280663
3112307,Capelinha - MG,34138,24272,7709,224,41,0,280,1609,0,3,71.09965434413265,22.581873571972583,0.6561602905852716,0.12010076747319702,4.713222801570097
3112406,Capetinga - MG,5726,4601,817,60,10,0,104,134,0,0,80.35277680754453,14.268250087320991,1.0478519035976248,0.17464198393293748,2.340202584701362
3112505,Capim Branco - MG,9402,5680,2967,129,22,0,177,421,6,0,60.412678153584345,31.557115507338864,1.372048500319081,0.2339927674962774,4.477770687087854
3112604,Capinópolis - MG,12876,7767,3089,601,30,0,315,1074,0,0,60.3215284249767,23.990369680024852,4.667598633115874,0.23299161230195714,8.341099720410066
3112653,Capitão Andrade - MG,4035,2494,1163,0,0,0,62,311,0,5,61.809169764560096,28.82280049566295,0.0,0.0,7.707558859975217
3112703,Capitão Enéas - MG,12012,9030,2508,6,0,0,164,300,0,4,75.17482517482517,20.87912087912088,0.04995004995004995,0.0,2.4975024975024973
3112802,Capitólio - MG,9194,6473,2062,139,5,0,230,284,0,0,70.40461170328476,22.427670219708506,1.5118555579725907,0.05438329345225147,3.0889710680878832
3112901,Caputira - MG,7781,5209,2073,28,0,0,77,394,0,0,66.94512273486698,26.641819817504178,0.3598509189050251,0.0,5.0636165017349954
3113008,Caraí - MG,16957,12516,3835,0,0,0,201,405,0,0,73.81022586542431,22.616028778675474,0.0,0.0,2.3883941734976704
3113107,Caranaíba - MG,2655,2177,388,15,0,0,42,33,0,0,81.99623352165725,14.613935969868173,0.5649717514124294,0.0,1.2429378531073447
3113206,Carandaí - MG,21093,16236,3678,464,23,0,236,439,0,18,76.97340349879107,17.437064428957473,2.1997819181719054,0.10904091404731428,2.0812591855117812
3113305,Carangola - MG,27711,16130,7367,774,107,0,953,2306,46,28,58.207931868211176,26.585110605896574,2.793114647612861,0.38612825231857384,8.321605138753563
3113404,Caratinga - MG,76721,48023,22774,554,144,21,1407,3653,0,144,62.594335318882706,29.6841803417578,0.7220969486841934,0.18769306969408636,4.761408219392344
3113503,Carbonita - MG,7493,6159,1044,28,0,0,90,172,0,0,82.19671693580675,13.933004137194715,0.37368210329641,0.0,2.295475777392233
3113602,Careaçu - MG,5989,4009,1630,72,12,0,201,64,0,0,66.93938887961262,27.216563700116883,1.2022040407413592,0.20036734012355986,1.0686258139923193
3113701,Carlos Chagas - MG,16449,11778,3317,154,30,0,825,332,0,13,71.60313696881269,20.165359596328045,0.9362271262690741,0.1823819077147547,2.018359778709952
3113800,Carmésia - MG,2218,1404,650,0,0,59,36,66,0,3,63.30027051397656,29.305680793507666,0.0,0.0,2.975653742110009
3113909,Carmo da Cachoeira - MG,10036,7801,1613,68,5,0,333,212,0,4,77.73017138302113,16.072140294938222,0.6775607811877242,0.04982064567556795,2.1123953766440815
3114006,Carmo da Mata - MG,9970,8534,1020,123,31,0,81,181,0,0,85.59679037111334,10.230692076228687,1.2337011033099299,0.31093279839518556,1.8154463390170512
3114105,Carmo de Minas - MG,12109,8614,2639,83,12,0,313,423,0,26,71.13717069947973,21.793707159963663,0.6854405813857462,0.09909984309191511,3.4932694689900075
3114204,Carmo do Cajuru - MG,20632,16768,2240,200,100,0,845,480,0,0,81.27181077937185,10.856921287320667,0.9693679720822024,0.4846839860411012,2.3264831329972857
3114303,Carmo do Paranaíba - MG,25994,20719,3959,275,86,0,341,614,0,0,79.70685542817573,15.230437793336923,1.057936446872355,0.3308455797491729,2.3620835577440946
3114402,Carmo do Rio Claro - MG,18626,15425,2497,243,25,0,219,217,0,0,82.81434553849458,13.40599162461076,1.3046279394394933,0.13422098142381617,1.1650381187587244
3114501,Carmópolis de Minas - MG,15847,12926,2277,139,15,0,210,279,0,0,81.56748911465893,14.368650217706822,0.8771376285732315,0.09465513977408974,1.760585599798069
3114550,Carneirinho - MG,8370,5439,1777,19,8,0,532,581,0,15,64.9820788530466,21.23058542413381,0.2270011947431302,0.0955794504181601,6.941457586618877
3114600,Carrancas - MG,3548,2765,376,21,9,0,113,263,0,0,77.93122886133033,10.597519729425029,0.5918827508455468,0.25366403607666294,7.412626832018038
3114709,Carvalhópolis - MG,3020,2104,734,68,0,0,26,89,0,0,69.66887417218543,24.304635761589402,2.251655629139073,0.0,2.947019867549669
3114808,Carvalhos - MG,3975,3337,448,12,9,0,65,97,0,7,83.9496855345912,11.270440251572326,0.3018867924528302,0.22641509433962265,2.440251572327044
3114907,Casa Grande - MG,1988,1702,256,3,6,0,14,8,0,0,85.61368209255534,12.877263581488934,0.15090543259557343,0.30181086519114686,0.4024144869215292
3115003,Cascalho Rico - MG,2415,1768,567,32,0,0,7,41,0,0,73.20910973084887,23.47826086956522,1.3250517598343685,0.0,1.6977225672877847
3115102,Cássia - MG,15095,11112,2701,420,55,0,477,330,0,0,73.61377939715138,17.893342166280224,2.782378270950646,0.36435905929115603,2.186154355746936
3115201,Conceição da Barra de Minas - MG,3223,2871,301,6,0,0,8,37,0,0,89.07849829351535,9.339125038783742,0.18616196090598822,0.0,1.1479987589202607
3115300,Cataguases - MG,59230,36319,15401,2579,447,0,1970,2335,8,171,61.318588553098095,26.00202600033767,4.354212392368732,0.7546851257808543,3.9422589903764984
3115359,Catas Altas - MG,4762,3154,1280,16,3,0,123,186,0,0,66.23267534649307,26.879462410751785,0.33599328013439733,0.06299874002519949,3.9059218815623686
3115409,Catas Altas da Noruega - MG,2776,2555,182,0,0,0,10,29,0,0,92.03890489913545,6.556195965417867,0.0,0.0,1.0446685878962536
3115458,Catuji - MG,6012,4603,1144,0,13,0,98,154,0,0,76.56353958749169,19.028609447771125,0.0,0.2162341982701264,2.5615435795076515
3115474,Catuti - MG,4173,3515,534,12,3,0,31,77,0,1,84.2319674095375,12.796549245147377,0.2875629043853343,0.07189072609633357,1.8451953031392283
3115508,Caxambu - MG,18713,11529,5301,536,10,0,514,770,11,41,61.60957623042805,28.327900390103135,2.864318922674077,0.053438785870785016,4.114786512050446
3115607,Cedro do Abaeté - MG,992,755,204,8,1,0,4,20,0,0,76.10887096774194,20.56451612903226,0.8064516129032258,0.10080645161290322,2.0161290322580645
3115706,Central de Minas - MG,5514,2395,2519,0,4,0,137,423,0,36,43.434892999637285,45.68371418208197,0.0,0.07254261878853827,7.671381936887921
3115805,Centralina - MG,8660,5492,1938,573,9,0,227,405,0,16,63.418013856812934,22.37875288683603,6.61662817551963,0.10392609699769054,4.676674364896074
3115904,Chácara - MG,2700,1877,595,46,38,0,60,84,0,0,69.51851851851852,22.037037037037038,1.7037037037037037,1.4074074074074074,3.111111111111111
3116001,Chalé - MG,5269,2543,2376,0,0,0,42,303,0,5,48.26342759536914,45.093945720250524,0.0,0.0,5.750616815334978
3116100,Chapada do Norte - MG,9155,7321,1651,7,5,0,77,89,0,4,79.96723102129984,18.03386127799017,0.0764609503003823,0.054614964500273075,0.9721463681048608
3116159,Chapada Gaúcha - MG,10239,7914,2095,6,0,0,106,113,0,6,77.29270436566071,20.460982517824007,0.05859947260474656,0.0,1.1036234007227268
3116209,Chiador - MG,2469,1489,915,5,9,0,16,14,0,21,60.30781692993115,37.0595382746051,0.2025111381125962,0.3645200486026732,0.5670311867152693
3116308,Cipotânea - MG,5027,4642,311,4,0,0,32,38,0,0,92.34135667396062,6.186592401034414,0.07957032027053909,0.0,0.7559180425701213
3116407,Claraval - MG,4108,3050,737,43,0,0,129,146,0,3,74.24537487828627,17.94060370009737,1.0467380720545278,0.0,3.554040895813048
3116506,Claro dos Poções - MG,6349,4866,1070,3,4,2,106,298,0,0,76.6419908647031,16.85304772405103,0.04725153567490943,0.06300204756654591,4.69365254370767
3116605,Cláudio - MG,26322,22294,2737,407,77,0,389,418,0,0,84.6972114580959,10.398146037535142,1.5462350885191094,0.2925309626928045,1.588025226046653
3116704,Coimbra - MG,6430,5046,1009,30,29,0,100,217,0,0,78.47589424572317,15.692068429237947,0.4665629860031104,0.4510108864696734,3.374805598755832
3116803,Coluna - MG,7198,5552,1286,41,0,0,80,232,0,6,77.13253681578216,17.866073909419285,0.5696026674076132,0.0,3.223117532647958
3116902,Comendador Gomes - MG,2450,1776,466,74,6,0,91,37,0,0,72.48979591836735,19.020408163265305,3.020408163265306,0.24489795918367346,1.510204081632653
3117009,Comercinho - MG,5990,5132,677,3,5,0,39,131,0,2,85.67612687813022,11.302170283806344,0.05008347245409015,0.08347245409015025,2.1869782971619367
3117108,Conceição da Aparecida - MG,9187,7264,1581,28,4,0,142,169,0,0,79.06824861216937,17.209099814955916,0.30477849134646784,0.043539784478066834,1.8395558941983237
3117207,Conceição das Pedras - MG,2483,2183,265,3,0,0,15,17,0,0,87.91784132098269,10.67257349979863,0.12082158679017317,0.0,0.684655658477648
3117306,Conceição das Alagoas - MG,24209,13648,4974,1383,347,0,1091,2681,31,54,56.375728035028295,20.546077904911396,5.712751456070056,1.433351233012516,11.074393820479987
3117405,Conceição de Ipanema - MG,3914,2464,1308,3,0,0,60,78,0,0,62.953500255493104,33.418497700562085,0.07664793050587634,0.0,1.9928461931527848
3117504,Conceição do Mato Dentro - MG,19948,14860,3773,140,12,0,270,873,0,22,74.49368357730098,18.91417685983557,0.7018247443352718,0.060156406657309,4.37637858431923
3117603,Conceição do Pará - MG,4795,3720,760,23,0,0,128,159,0,5,77.5808133472367,15.849843587069865,0.4796663190823775,0.0,3.315954118873827
3117702,Conceição do Rio Verde - MG,10979,8353,2158,25,29,0,213,202,0,0,76.08161034702614,19.65570634848347,0.22770744147918753,0.26414063211585753,1.8398761271518353
3117801,Conceição dos Ouros - MG,9606,7460,1469,103,55,0,174,345,0,0,77.65979596085779,15.292525504892776,1.0722465125962939,0.5725588174057881,3.5915053091817613
3117836,Cônego Marinho - MG,6253,5141,1002,20,0,0,41,40,0,9,82.21653606268991,16.02430833200064,0.31984647369262753,0.0,0.6396929473852551
3117876,Confins - MG,6480,4010,1719,164,36,0,374,176,0,0,61.882716049382715,26.52777777777778,2.5308641975308643,0.5555555555555556,2.7160493827160495
3117900,Congonhal - MG,9896,7930,1648,32,39,0,109,137,0,0,80.13338722716249,16.653193209377527,0.32336297493936944,0.3940986257073565,1.3843977364591755
3118007,Congonhas - MG,46149,32298,11156,88,44,0,807,1744,12,0,69.98634856659949,24.17387158985027,0.19068668876898742,0.09534334438449371,3.7790634683308415
3118106,Congonhas do Norte - MG,4254,3377,671,8,0,0,62,129,0,7,79.38410907381288,15.773389750822755,0.18805829807240246,0.0,3.0324400564174896
3118205,Conquista - MG,5884,3808,822,904,4,0,117,221,0,8,64.71787899388171,13.970088375254928,15.363698164513936,0.06798096532970768,3.7559483344663493
3118304,Conselheiro Lafaiete - MG,116295,85816,21329,2091,657,0,2734,3563,74,30,73.79165054387549,18.340427361451482,1.7980136721269186,0.5649426028634077,3.0637602648437166
3118403,Conselheiro Pena - MG,18203,9232,7506,6,0,0,265,1182,0,12,50.71691479426468,41.23496127012031,0.032961599736307204,0.0,6.4934351480525185
3118502,Consolação - MG,1397,1148,196,6,7,0,20,21,0,0,82.17609162491053,14.03006442376521,0.4294917680744452,0.5010737294201861,1.5032211882605584
3118601,Contagem - MG,550123,267526,197189,11461,2891,126,25636,45017,106,171,48.63021542455051,35.84452931435334,2.0833522684926824,0.5255188385142959,8.183079056865465
3118700,Coqueiral - MG,8024,6728,1074,50,10,0,93,69,0,0,83.84845463609173,13.384845463609173,0.6231306081754736,0.12462612163509472,0.8599202392821536
3118809,Coração de Jesus - MG,22111,16671,4618,0,29,0,498,295,0,0,75.39686129076026,20.885532088100945,0.0,0.13115643797205012,1.3341775586811995
3118908,Cordisburgo - MG,6814,5437,1082,32,10,0,138,115,0,0,79.79160551805107,15.87907249779865,0.4696213677722336,0.146756677428823,1.6877017904314646
3119005,Cordislândia - MG,2798,2238,483,0,3,0,6,67,0,0,79.98570407433881,17.262330235882775,0.0,0.10721944245889921,2.394567548248749
3119104,Corinto - MG,20544,14623,4879,150,31,0,222,639,0,0,71.17893302180686,23.74902647975078,0.7301401869158879,0.15089563862928349,3.1103971962616823
3119203,Coroaci - MG,9842,7212,1986,21,0,0,116,502,0,6,73.27778906726274,20.178825441983335,0.21337126600284495,0.0,5.100589311115627
3119302,Coromandel - MG,25635,20014,3873,621,52,0,593,481,0,0,78.0729471425785,15.10825043885313,2.422469280280866,0.20284766920226252,1.8763409401209283
3119401,Coronel Fabriciano - MG,92051,42806,37777,630,140,10,2561,8038,15,73,46.502482319583706,41.039206526816656,0.6844032112633214,0.1520896025029603,8.732115892277108
3119500,Coronel Murta - MG,7241,5657,1305,7,0,0,11,232,0,30,78.1245684297749,18.02237260046955,0.09667173042397459,0.0,3.2039773511945864
3119609,Coronel Pacheco - MG,2457,1812,475,0,13,0,99,58,0,0,73.74847374847374,19.332519332519333,0.0,0.5291005291005291,2.3606023606023605
3119708,Coronel Xavier Chaves - MG,3121,2538,377,5,10,0,62,129,0,0,81.32008971483499,12.079461710990067,0.16020506247997437,0.32041012495994875,4.133290611983338
3119807,Córrego Danta - MG,2690,2012,562,8,3,0,14,91,0,0,74.79553903345725,20.892193308550187,0.29739776951672864,0.11152416356877323,3.382899628252788
3119906,Córrego do Bom Jesus - MG,3861,2777,735,19,22,0,159,146,0,3,71.92437192437193,19.036519036519035,0.4921004921004921,0.5698005698005698,3.7814037814037813
3119955,Córrego Fundo - MG,5452,4836,473,4,7,0,63,69,0,0,88.70139398385913,8.67571533382245,0.07336757153338225,0.12839325018341893,1.2655906089508437
3120003,Córrego Novo - MG,2556,1953,554,0,0,0,24,20,5,0,76.40845070422536,21.67449139280125,0.0,0.0,0.7824726134585289
3120102,Couto de Magalhães de Minas - MG,3699,2653,604,23,0,0,112,297,9,0,71.72208705055421,16.328737496620708,0.6217896728845634,0.0,8.02919708029197
3120151,Crisólita - MG,4466,3085,1149,8,0,0,72,152,0,0,69.07747424988804,25.727720555306764,0.17913121361397225,0.0,3.4034930586654726
3120201,Cristais - MG,10777,8117,2309,5,35,5,189,116,0,0,75.31780643963998,21.42525749280876,0.04639510067736847,0.3247657047415793,1.0763663357149484
3120300,Cristália - MG,4406,1956,1852,2,0,0,207,364,0,25,44.39400817067635,42.03359055832955,0.04539264639128461,0.0,8.2614616432138
3120409,Cristiano Otoni - MG,4107,3096,777,5,5,0,78,146,0,0,75.38349159970781,18.91891891891892,0.12174336498660823,0.12174336498660823,3.5549062576089603
3120508,Cristina - MG,9200,7208,1533,33,51,0,193,178,0,4,78.34782608695652,16.66304347826087,0.358695652173913,0.5543478260869565,1.934782608695652
3120607,Crucilândia - MG,4913,3905,681,29,3,0,185,109,0,0,79.48300427437411,13.861184612253206,0.5902707103602687,0.061062487278648485,2.2186037044575615
3120706,Cruzeiro da Fortaleza - MG,3055,2764,219,7,3,0,14,48,0,0,90.47463175122749,7.168576104746317,0.22913256955810146,0.09819967266775777,1.5711947626841243
3120805,Cruzília - MG,13578,12284,926,97,24,0,146,101,0,0,90.46987774340846,6.819855648843718,0.714390926498748,0.17675651789659744,0.7438503461481809
3120839,Cuparaque - MG,3468,1178,1745,0,0,0,23,423,0,98,33.9677047289504,50.31718569780853,0.0,0.0,12.197231833910035
3120870,Curral de Dentro - MG,6332,4517,1433,3,3,0,21,355,0,0,71.33607075173721,22.631080227416298,0.047378395451674035,0.047378395451674035,5.606443461781428
3120904,Curvelo - MG,71279,54961,11609,687,181,0,1531,2263,0,48,77.10686176854333,16.286704358927594,0.963818235384896,0.2539317330490046,3.1748481319883837
3121001,Datas - MG,4697,3520,1010,6,3,0,53,106,0,0,74.94145199063232,21.503087076857568,0.12774111134766872,0.06387055567383436,2.256759633808814
3121100,Delfim Moreira - MG,7084,5747,1015,16,6,0,179,121,0,0,81.12648221343873,14.328063241106719,0.22586109542631283,0.08469791078486731,1.7080745341614907
3121209,Delfinópolis - MG,7325,5077,1542,112,10,0,266,308,0,10,69.31058020477816,21.051194539249146,1.52901023890785,0.13651877133105803,4.204778156996587
3121258,Delta - MG,8822,4609,2333,305,24,0,287,1260,0,5,52.244389027431424,26.445250510088414,3.4572659260938563,0.2720471548401723,14.282475629109046
3121308,Descoberto - MG,4406,3368,783,55,41,0,56,96,0,6,76.44121652292328,17.771221062187927,1.2482977757603269,0.9305492510213346,2.1788470267816615
3121407,Desterro de Entre Rios - MG,6856,5512,1148,20,0,0,87,89,0,0,80.39673278879813,16.744457409568263,0.29171528588098017,0.0,1.2981330221703618
3121506,Desterro do Melo - MG,2714,2581,73,6,0,0,48,6,0,0,95.09948415622696,2.6897568165070007,0.2210759027266028,0.0,0.2210759027266028
3121605,Diamantina - MG,41900,30118,7253,943,274,0,1066,2177,3,68,71.88066825775657,17.310262529832936,2.2505966587112174,0.6539379474940334,5.195704057279237
3121704,Diogo de Vasconcelos - MG,3177,2619,438,10,0,0,64,41,0,5,82.43626062322946,13.786591123701605,0.3147623544224111,0.0,1.2905256531318854
3121803,Dionísio - MG,6204,3564,1889,25,0,0,275,440,0,10,57.4468085106383,30.44809800128949,0.4029658284977434,0.0,7.092198581560283
3121902,Divinésia - MG,3695,2983,493,42,29,0,118,30,0,0,80.73071718538566,13.342354533152909,1.1366711772665765,0.7848443843031123,0.8119079837618404
3122009,Divino - MG,17742,11139,4893,94,32,10,174,1335,0,64,62.78322624281366,27.578626986810956,0.5298162552136174,0.18036298049825272,7.524518092661482
3122108,Divino das Laranjeiras - MG,3700,1723,1577,0,0,0,67,320,0,13,46.567567567567565,42.62162162162162,0.0,0.0,8.64864864864865
3122207,Divinolândia de Minas - MG,5651,4192,1155,6,2,0,58,234,3,0,74.18156078570165,20.438860378694038,0.10617589807113785,0.03539196602371262,4.140860024774376
3122306,Divinópolis - MG,205296,151541,31513,4652,926,0,7883,8706,24,52,73.81585612968591,15.350031174499259,2.265996414932585,0.4510560361624191,4.24070610240823
3122355,Divisa Alegre - MG,5419,3056,1581,6,6,0,245,524,0,0,56.3941686658055,29.175124561727255,0.11072153533862336,0.11072153533862336,9.66968075290644
3122405,Divisa Nova - MG,5119,3522,1253,21,0,0,134,189,0,0,68.80250048837664,24.47743699941395,0.4102363742918539,0.0,3.692127368626685
3122454,Divisópolis - MG,9079,5168,2741,31,22,0,511,593,0,13,56.92256856481991,30.1905496200022,0.34144729595770457,0.24231743584095164,6.531556338803833
3122470,Dom Bosco - MG,3211,2380,658,15,0,0,25,132,0,0,74.12021177203363,20.49205854873871,0.4671441918405481,0.0,4.110868888196824
3122504,Dom Cavati - MG,4404,2731,1266,9,0,0,87,308,0,3,62.01180744777475,28.74659400544959,0.20435967302452315,0.0,6.9936421435059035
3122603,Dom Joaquim - MG,4265,3017,1100,18,0,0,38,92,0,0,70.73856975381008,25.79132473622509,0.4220398593200469,0.0,2.157092614302462
3122702,Dom Silvério - MG,4746,4053,492,52,6,0,24,118,0,0,85.39823008849558,10.366624525916562,1.0956595027391487,0.1264222503160556,2.4863042562157607
3122801,Dom Viçoso - MG,2801,2428,294,11,12,0,35,13,0,8,86.68332738307747,10.49625133880757,0.39271688682613354,0.42841842199214564,0.4641199571581578
3122900,Dona Euzébia - MG,5385,3592,1427,106,2,0,80,168,0,9,66.7038068709378,26.49953574744661,1.9684308263695451,0.03714020427112349,3.1197771587743732
3123007,Dores de Campos - MG,8943,7864,730,127,0,0,65,158,0,0,87.93469752879346,8.16280890081628,1.4201051101420106,0.0,1.7667449401766744
3123106,Dores de Guanhães - MG,4417,3071,1243,5,0,0,0,98,0,0,69.52682816391216,28.14127235680326,0.11319900384876613,0.0,2.218700475435816
3123205,Dores do Indaiá - MG,11539,8831,1935,195,51,0,202,326,0,0,76.53176185111361,16.76921743651963,1.689921137013606,0.4419793742958662,2.8252014905971055
3123304,Dores do Turvo - MG,4459,4022,317,19,20,0,43,38,0,0,90.1995963220453,7.109217313298946,0.4261045077371608,0.4485310607759587,0.8522090154743216
3123403,Doresópolis - MG,1300,1061,214,0,2,0,15,5,0,3,81.61538461538461,16.46153846153846,0.0,0.15384615384615385,0.38461538461538464
3123502,Douradoquara - MG,1622,1176,279,46,3,0,81,37,0,0,72.50308261405672,17.20098643649815,2.8360049321824907,0.18495684340320592,2.281134401972873
3123528,Durandé - MG,6671,4999,1523,3,4,0,46,96,0,0,74.93629141058312,22.830160395742766,0.0449707690001499,0.0599610253335332,1.4390646080047969
3123601,Elói Mendes - MG,23183,18998,3271,110,0,0,205,599,0,0,81.94797912263296,14.10947677177242,0.4744856144588707,0.0,2.5837898460078508
3123700,Engenheiro Caldas - MG,11396,7965,3007,2,86,0,184,152,0,0,69.8929448929449,26.386451386451387,0.01755001755001755,0.7546507546507546,1.3338013338013337
3123809,Engenheiro Navarro - MG,5547,3969,1137,19,0,3,129,290,0,0,71.5521903731747,20.497566252028122,0.34252749233820085,0.0,5.228051198846223
3123858,Entre Folhas - MG,4545,2899,1198,0,0,4,78,367,0,0,63.784378437843785,26.358635863586358,0.0,0.0,8.074807480748074
3123908,Entre Rios de Minas - MG,13151,11027,1432,145,0,0,154,388,0,5,83.84913694776063,10.888905786632195,1.1025777507413885,0.0,2.9503459812941983
3124005,Ervália - MG,18038,15421,1752,107,26,0,96,635,0,0,85.49173966071626,9.712828473223196,0.5931921499057545,0.14414014857523008,3.5203459363565806
3124104,Esmeraldas - MG,73261,35269,27079,965,276,60,4811,4725,53,22,48.141576009063485,36.96236742605206,1.317208337314533,0.3767352342992861,6.449543413275822
3124203,Espera Feliz - MG,21011,11890,6553,483,184,0,559,1318,0,24,56.58940554947409,31.188425110656322,2.2987958688306125,0.8757317595545191,6.272904668982914
3124302,Espinosa - MG,26333,22184,3386,41,13,0,453,244,0,11,84.24410435575133,12.858390612539399,0.15569817339459993,0.049367713515360956,0.9265940075190825
3124401,Espírito Santo do Dourado - MG,5644,4816,550,9,19,0,75,175,0,0,85.32955350815025,9.744861800141743,0.15946137491141035,0.33664068036853295,3.1006378454996457
3124500,Estiva - MG,10258,8617,1230,5,5,0,225,176,0,0,84.00272957691558,11.990641450575161,0.04874244492103724,0.04874244492103724,1.7157340612205108
3124609,Estrela Dalva - MG,1968,1340,381,10,9,0,17,211,0,0,68.08943089430895,19.359756097560975,0.508130081300813,0.4573170731707317,10.721544715447154
3124708,Estrela do Indaiá - MG,2554,2187,282,5,3,0,26,52,0,0,85.63038371182459,11.041503523884103,0.19577133907595928,0.11746280344557557,2.0360219263899766
3124807,Estrela do Sul - MG,6023,3997,1594,103,15,0,84,230,0,0,66.3622779345841,26.465216669433836,1.7101112402457248,0.2490453262493774,3.818695002490453
3124906,Eugenópolis - MG,9680,5328,3523,123,58,0,160,487,0,0,55.04132231404959,36.39462809917355,1.2706611570247934,0.5991735537190083,5.0309917355371905
3125002,Ewbank da Câmara - MG,3336,2105,1068,0,0,0,109,54,0,0,63.09952038369305,32.014388489208635,0.0,0.0,1.618705035971223
3125101,Extrema - MG,46221,26902,11702,635,310,10,3073,3588,0,0,58.20298132883322,25.3174963761061,1.373834404275113,0.670690811535882,7.762705263841111
3125200,Fama - MG,2326,1749,385,35,51,0,69,38,0,0,75.19346517626828,16.55202063628547,1.5047291487532244,2.1926053310404128,1.6337059329320722
3125309,Faria Lemos - MG,2797,1690,777,7,9,0,72,242,0,0,60.42188058634251,27.779764032892384,0.2502681444404719,0.32177332856632107,8.652127279227743
3125408,Felício dos Santos - MG,4540,3672,679,6,0,0,67,106,0,11,80.88105726872247,14.955947136563877,0.13215859030837004,0.0,2.3348017621145374
3125507,São Gonçalo do Rio Preto - MG,2751,2369,219,27,0,0,19,116,0,0,86.1141403126136,7.960741548527808,0.9814612868047983,0.0,4.216648491457652
3125606,Felisburgo - MG,5542,4079,1334,9,0,0,56,64,0,0,73.60158787441357,24.070732587513533,0.1623962468422952,0.0,1.1548177553229881
3125705,Felixlândia - MG,12584,10089,1622,119,18,0,276,460,0,0,80.17323585505403,12.889383343928799,0.945645263827082,0.14303877940241577,3.655435473617292
3125804,Fernandes Tourinho - MG,2494,1565,684,0,0,0,164,81,0,0,62.75060144346431,27.425821972734564,0.0,0.0,3.247794707297514
3125903,Ferros - MG,8621,6838,1525,19,5,0,29,205,0,0,79.31794455399606,17.689363182925415,0.22039206588562812,0.057997912075165296,2.377914395081777
3125952,Fervedouro - MG,9153,5889,2801,18,16,0,84,318,0,26,64.3395607997378,30.601988419097562,0.19665683382497542,0.17480607451108926,3.474270730907899
3126000,Florestal - MG,7152,5046,1361,165,22,0,163,386,0,10,70.55369127516778,19.02964205816555,2.307046979865772,0.3076062639821029,5.3970917225950785
3126109,Formiga - MG,61379,44805,12473,868,291,9,1054,1806,0,73,72.9972791997263,20.321282523338603,1.414164453640496,0.4741035207481386,2.9423744277358708
3126208,Formoso - MG,6758,5083,967,150,0,0,212,323,6,17,75.21456052086415,14.308967150044392,2.219591595146493,0.0,4.779520568215449
3126307,Fortaleza de Minas - MG,3087,2515,419,13,7,0,71,61,0,0,81.47068351149984,13.573048266925818,0.4211208292840946,0.22675736961451248,1.9760285066407515
3126406,Fortuna de Minas - MG,2758,2030,435,70,14,0,69,136,0,4,73.60406091370558,15.772298767222624,2.5380710659898478,0.5076142131979695,4.931109499637419
3126505,Francisco Badaró - MG,6687,6326,322,0,0,0,0,33,0,7,94.6014655301331,4.815313294451921,0.0,0.0,0.49349484073575595
3126604,Francisco Dumont - MG,3922,2389,1206,19,0,0,172,129,0,7,60.91279959204488,30.74961754207037,0.4844467108618052,0.0,3.2891381947985723
3126703,Francisco Sá - MG,20714,15275,4358,60,19,0,176,804,0,21,73.74239644684754,21.0389108815294,0.2896591677126581,0.0917254031090084,3.8814328473496187
3126752,Franciscópolis - MG,4508,3336,949,0,6,0,108,100,0,8,74.00177462289264,21.051464063886424,0.0,0.13309671694764863,2.218278615794144
3126802,Frei Gaspar - MG,4861,3159,1192,8,0,0,231,271,0,0,64.98662826578894,24.521703353219504,0.16457519029006376,0.0,5.574984571075911
3126901,Frei Inocêncio - MG,7223,4115,2663,5,5,0,261,174,0,0,56.970787761318014,36.86833725598782,0.06922331441229405,0.06922331441229405,2.4089713415478333
3126950,Frei Lagonegro - MG,2986,2350,561,0,0,0,14,60,0,0,78.70060281312793,18.787675820495647,0.0,0.0,2.0093770931011385
3127008,Fronteira - MG,12709,6041,3672,149,45,0,437,2366,0,0,47.533244157683534,28.89291053584074,1.1723975135730584,0.3540797859784405,18.61672830277756
3127057,Fronteira dos Vales - MG,3819,3102,643,0,0,0,6,61,3,4,81.2254516889238,16.836868290128304,0.0,0.0,1.5972767740246139
3127073,Fruta de Leite - MG,4064,3275,666,4,0,3,81,32,0,4,80.58562992125984,16.387795275590552,0.0984251968503937,0.0,0.7874015748031497
3127107,Frutal - MG,51208,26353,13812,2914,461,0,3101,4496,20,51,51.46266208404937,26.972348070613968,5.690517106702078,0.9002499609436025,8.779878144039994
3127206,Funilândia - MG,4153,2737,1111,57,27,0,106,115,0,0,65.90416566337588,26.75174572598122,1.3725018059234289,0.6501324343847821,2.769082590898146
3127305,Galiléia - MG,5376,2516,2423,3,4,0,36,392,0,4,46.80059523809524,45.070684523809526,0.05580357142857143,0.0744047619047619,7.291666666666667
3127339,Gameleiras - MG,4182,3398,757,3,0,0,5,19,0,0,81.25298900047824,18.101386896221904,0.07173601147776183,0.0,0.45432807269249165
3127354,Glaucilândia - MG,2603,2025,521,0,0,0,8,34,0,15,77.794852093738,20.015366884364195,0.0,0.0,1.3061851709565886
3127370,Goiabeira - MG,2478,1327,1025,9,0,0,18,79,0,20,53.551251008878126,41.364003228410006,0.36319612590799033,0.0,3.188054882970137
3127388,Goianá - MG,3658,2529,854,52,3,0,123,98,0,0,69.13613996719519,23.34609075997813,1.4215418261344996,0.08201202843083652,2.679059595407326
3127404,Gonçalves - MG,4231,3316,374,104,40,0,120,277,0,0,78.37390687780666,8.83951784448121,2.45804774285039,0.9454029780193808,6.546915622784212
3127503,Gonzaga - MG,4605,3183,1238,11,0,0,49,123,0,0,69.12052117263843,26.88382193268187,0.23887079261672095,0.0,2.6710097719869705
3127602,Gouveia - MG,10005,8008,1690,37,7,0,105,157,0,0,80.039980009995,16.891554222888555,0.3698150924537731,0.06996501749125437,1.569215392303848
3127701,Governador Valadares - MG,226913,110051,89943,1625,232,44,9348,15338,152,180,48.49920454094741,39.637658485851404,0.7161334960976233,0.1022418283659376,6.759418808089444
3127800,Grão Mogol - MG,12123,8757,2981,0,0,0,129,256,0,0,72.23459539717892,24.589623030602986,0.0,0.0,2.1116885259424234
3127909,Grupiara - MG,1262,744,412,20,0,0,20,66,0,0,58.9540412044374,32.646592709984155,1.5847860538827259,0.0,5.229793977812995
3128006,Guanhães - MG,28144,20138,5745,402,28,0,571,1235,0,25,71.55343945423536,20.412876634451393,1.4283683911313245,0.09948834565093803,4.388146674246731
3128105,Guapé - MG,12181,10206,1363,102,18,0,121,343,0,28,83.78622444791068,11.189557507593793,0.8373696740825877,0.14777111895575076,2.8158607667679174
3128204,Guaraciaba - MG,8815,8107,652,10,0,0,10,36,0,0,91.96823596142939,7.396483267158253,0.11344299489506524,0.0,0.4083947816222348
3128253,Guaraciama - MG,4426,3569,717,14,0,0,38,79,0,8,80.63714414821509,16.199728874830548,0.3163126976954361,0.0,1.7849073655671035
3128303,Guaranésia - MG,16930,12066,3428,224,47,0,395,752,10,8,71.26993502658003,20.248080330773774,1.3230950974601299,0.27761370348493797,4.4418192557590075
3128402,Guarani - MG,6812,5156,1129,256,19,0,66,181,0,6,75.68995889606576,16.57369348209043,3.758073987081621,0.278919553728714,2.657075748678802
3128501,Guarará - MG,2782,1521,884,45,14,0,133,186,0,0,54.67289719626168,31.77570093457944,1.6175413371675054,0.503235082674335,6.6858375269590224
3128600,Guarda-Mor - MG,5673,4161,1211,58,0,0,37,207,0,0,73.3474352194606,21.346730125154238,1.0223867442270405,0.0,3.6488630354309888
3128709,Guaxupé - MG,45324,31125,9771,1570,205,0,1215,1370,0,68,68.67222663489542,21.55811490601006,3.463948459977054,0.4522990027358574,3.0226811402347544
3128808,Guidoval - MG,6331,4224,1528,118,15,0,78,367,0,2,66.71931764334228,24.135207708102985,1.8638445743168537,0.236929395040278,5.796872531985469
3128907,Guimarânia - MG,7345,5928,925,37,6,0,82,368,0,0,80.70796460176992,12.59360108917631,0.5037440435670524,0.08168822328114364,5.010211027910143
3129004,Guiricema - MG,7090,5609,1214,29,0,0,57,182,0,0,79.1114245416079,17.12270803949224,0.4090267983074753,0.0,2.5669957686882934
3129103,Gurinhatã - MG,4677,3283,903,152,10,0,225,99,0,6,70.19456916827026,19.30724823604875,3.249946546931794,0.21381227282446014,2.116741500962155
3129202,Heliodora - MG,5489,4620,549,20,76,0,127,89,0,8,84.16833667334669,10.00182182546912,0.36436509382401167,1.3845873565312443,1.621424667516852
3129301,Iapu - MG,10695,7036,2255,13,35,0,132,1196,0,28,65.7877512856475,21.084618980832165,0.12155212716222534,0.32725572697522204,11.182795698924732
3129400,Ibertioga - MG,4626,4137,344,25,18,0,42,60,0,0,89.42931258106356,7.43623000432339,0.5404236921746649,0.38910505836575876,1.297016861219196
3129509,Ibiá - MG,19290,13304,3892,584,104,0,500,876,0,30,68.96837739761534,20.17625712804562,3.0274753758424056,0.5391394504924831,4.541213063763608
3129608,Ibiaí - MG,5431,4157,970,0,18,0,217,33,0,37,76.54207328300497,17.860430859878477,0.0,0.3314306757503222,0.6076229055422574
3129657,Ibiracatu - MG,4426,3577,799,0,0,0,0,50,0,0,80.81789426118391,18.05241753276096,0.0,0.0,1.1296882060551288
3129707,Ibiraci - MG,9369,7520,1238,317,10,0,111,136,0,39,80.2647027430889,13.213790159035115,3.383498772547764,0.10673497705197993,1.4515956879069272
3129806,Ibirité - MG,147567,62700,62040,811,516,21,9294,11967,71,148,42.48917440891256,42.041919941450324,0.5495808683513251,0.34967167456138565,8.109536685031205
3129905,Ibitiúra de Minas - MG,3013,1997,902,10,0,0,8,95,0,0,66.27945569200132,29.936939926983072,0.3318951211417192,0.0,3.1530036508463324
3130002,Ibituruna - MG,2418,2013,328,4,0,0,63,10,0,0,83.25062034739454,13.564929693961952,0.1654259718775848,0.0,0.41356492969396197
3130051,Icaraí de Minas - MG,9278,7544,1455,0,4,0,129,142,0,5,81.31062729036431,15.682259107566287,0.0,0.04311273981461522,1.5305022634188403
3130101,Igarapé - MG,39376,17855,15042,504,115,12,2047,3762,0,38,45.34488013002844,38.200934579439256,1.2799674928890694,0.29205607476635514,9.554043071921983
3130200,Igaratinga - MG,9407,7255,1747,60,16,0,155,174,0,0,77.12341873073244,18.571276708833846,0.6378228978420325,0.17008610609120867,1.8496864037418943
3130309,Iguatama - MG,6045,4702,1090,30,12,0,48,163,0,0,77.78329197684036,18.03143093465674,0.49627791563275436,0.19851116625310175,2.696443341604632
3130408,Ijaci - MG,6196,4225,1189,163,13,0,203,398,0,6,68.18915429309232,19.189799870884443,2.6307295029051,0.20981278244028406,6.423499031633312
3130507,Ilicínea - MG,11230,9498,1442,27,4,0,111,148,0,0,84.57702582368655,12.840605520926092,0.2404274265360641,0.03561887800534283,1.3178984861976848
3130556,Imbé de Minas - MG,6082,4665,1238,3,0,0,50,126,0,0,76.70174284774745,20.355146333442946,0.04932587964485367,0.0,2.071686945083854
3130606,Inconfidentes - MG,6616,5516,867,33,17,0,67,108,9,0,83.37363966142685,13.10459492140266,0.4987908101571947,0.2569528415961306,1.6324062877871826
3130655,Indaiabira - MG,5585,4210,1150,2,0,0,44,179,0,0,75.38048343777977,20.590868397493285,0.03581020590868397,0.0,3.2050134288272156
3130705,Indianópolis - MG,5334,3806,933,188,11,0,91,300,0,4,71.3535808023997,17.49156355455568,3.5245594300712413,0.20622422197225346,5.62429696287964
3130804,Ingaí - MG,2319,2026,207,13,20,0,27,14,0,11,87.36524363949978,8.926261319534282,0.5605864596808969,0.8624407072013799,0.6037084950409659
3130903,Inhapim - MG,20318,16289,3322,32,10,0,148,492,0,26,80.1702923516094,16.35003445220986,0.15749581651737377,0.0492174426616793,2.4214981789546215
3131000,Inhaúma - MG,5539,4016,1170,56,6,0,79,212,0,0,72.50406210507312,21.122946380213033,1.0110128181982307,0.10832280194981043,3.8274056688933022
3131109,Inimutaba - MG,6546,5203,1124,25,9,0,46,132,7,0,79.48365413993278,17.17079132294531,0.3819126183929117,0.13748854262144822,2.016498625114574
3131158,Ipaba - MG,15038,5750,6761,34,0,0,361,2111,4,18,38.23646761537439,44.95943609522543,0.22609389546482245,0.0,14.037770980183534
3131208,Ipanema - MG,17209,10267,5404,119,39,0,303,1070,0,7,59.66064268696612,31.402173281422513,0.6914986344354698,0.22662560288221278,6.217676797024812
3131307,Ipatinga - MG,201219,87334,87122,1716,267,34,8642,15808,97,200,43.40246199414568,43.297104150204504,0.852802170769162,0.13269124685044653,7.8561169670856135
3131406,Ipiaçu - MG,3361,2400,657,49,0,0,94,162,0,0,71.40731925022315,19.547753644748585,1.457899434692056,0.0,4.819994049390062
3131505,Ipuiúna - MG,8186,6255,1599,31,29,0,147,125,0,0,76.4109455167359,19.533349621304666,0.37869533349621304,0.3542633764964574,1.52699731248473
3131604,Iraí de Minas - MG,6131,4418,1423,29,3,4,95,155,0,5,72.0600228347741,23.20991681618007,0.47300603490458326,0.04893165878323275,2.5281357038003587
3131703,Itabira - MG,99876,70830,22381,485,298,11,2766,3067,0,38,70.91793824342184,22.40878689575073,0.4856021466618607,0.2983699787736794,3.070807801674076
3131802,Itabirinha - MG,9109,4628,3508,0,5,0,162,755,0,52,50.80689428038204,38.511362388846194,0.0,0.054890767372927876,8.28850587331211
3131901,Itabirito - MG,46610,33966,8769,751,145,33,961,1957,0,28,72.87277408281484,18.8135593220339,1.6112422226989915,0.3110920403346921,4.198669813344776
3132008,Itacambira - MG,3786,3188,578,0,0,0,10,10,0,0,84.20496566296883,15.26677231907026,0.0,0.0,0.26413100898045433
3132107,Itacarambi - MG,14811,8825,4007,3,0,0,613,1312,0,50,59.58409290392276,27.05421646073864,0.020255215718047396,0.0,8.858281007359395
3132206,Itaguara - MG,12264,9361,2112,286,78,0,146,281,0,0,76.32909328114808,17.22113502935421,2.3320287018917156,0.6360078277886497,2.291258969341161
3132305,Itaipé - MG,8857,6733,1859,4,0,0,43,193,15,10,76.01896804787174,20.989048210455007,0.045162018742237776,0.0,2.1790674043129727
3132404,Itajubá - MG,82114,53311,22218,1055,246,27,1489,3615,10,143,64.92315561292837,27.057505419295126,1.284799181625545,0.29958350585771,4.4024161531529336
3132503,Itamarandiba - MG,28547,21167,6278,115,10,0,301,651,7,19,74.147896451466,21.991802991557783,0.4028444319893509,0.035029950607769644,2.280449784565804
3132602,Itamarati de Minas - MG,3276,2042,911,51,5,0,64,191,0,12,62.33211233211233,27.80830280830281,1.5567765567765568,0.15262515262515264,5.83028083028083
3132701,Itambacuri - MG,18279,13901,3526,68,21,0,261,431,20,51,76.04901799879643,19.28989550850703,0.3720115980086438,0.11488593467914,2.357897040319492
3132800,Itambé do Mato Dentro - MG,1935,1649,236,5,2,0,8,35,0,0,85.21963824289406,12.196382428940568,0.25839793281653745,0.10335917312661498,1.8087855297157622
3132909,Itamogi - MG,9512,7221,1681,138,34,0,196,241,0,0,75.91463414634147,17.67241379310345,1.4507989907485281,0.35744322960470987,2.533641715727502
3133006,Itamonte - MG,13082,9338,2754,31,5,0,304,638,5,6,71.38052285583244,21.051826937777097,0.23696682464454977,0.038220455587830604,4.8769301330071855
3133105,Itanhandu - MG,13577,10623,2217,121,54,6,192,352,0,12,78.2426161891434,16.329085954187228,0.891213080945717,0.3977314576121382,2.592619871842086
3133204,Itanhomi - MG,9809,6802,2628,14,11,0,119,221,0,14,69.34447955958814,26.791721888061986,0.14272606789682946,0.112141910490366,2.2530329289428077
3133303,Itaobim - MG,16849,11778,3942,65,20,0,197,802,35,10,69.90325835361149,23.39604724315983,0.38577957148792213,0.11870140661166835,4.759926405127901
3133402,Itapagipe - MG,12225,8695,2088,350,77,0,271,729,0,16,71.12474437627812,17.079754601226995,2.8629856850715747,0.6298568507157464,5.96319018404908
3133501,Itapecerica - MG,19095,16788,1666,135,12,0,231,215,0,48,87.91830322073841,8.724797067295103,0.7069913589945012,0.06284367635506677,1.125949201361613
3133600,Itapeva - MG,11049,6715,3250,89,43,6,441,505,0,0,60.77473074486379,29.414426644945245,0.8055027604308083,0.38917549099466014,4.5705493709838
3133709,Itatiaiuçu - MG,11331,7952,2468,104,17,0,270,513,2,5,70.17915453181537,21.780954902479923,0.9178360250639838,0.15003088871238196,4.527402700555997
3133758,Itaú de Minas - MG,12815,8370,3544,78,28,0,489,300,0,6,65.31408505657433,27.655091689426452,0.6086617245415529,0.2184939523995318,2.3410066328521264
3133808,Itaúna - MG,86854,64663,16715,926,225,0,1654,2600,5,65,74.45022681741773,19.244939784005343,1.0661569991019413,0.2590554263476639,2.9935293711285604
3133907,Itaverava - MG,5032,4448,451,20,5,0,68,40,0,0,88.39427662957075,8.962639109697934,0.397456279809221,0.09936406995230525,0.794912559618442
3134004,Itinga - MG,12070,9848,1747,0,10,0,112,342,0,12,81.5907207953604,14.473902236951119,0.0,0.08285004142502071,2.8334714167357085
3134103,Itueta - MG,5266,2397,2320,126,8,0,105,308,0,3,45.51842005317129,44.056209646790734,2.3927079377136344,0.1519179642992784,5.848841625522218
3134202,Ituiutaba - MG,90058,59170,18047,4226,890,0,2114,5537,0,74,65.70210308912034,20.039308001510136,4.6925314797130735,0.988252015367874,6.148260010215639
3134301,Itumirim - MG,5884,5270,476,11,4,0,76,37,0,11,89.56492182188987,8.089734874235214,0.18694765465669613,0.06798096532970768,0.628823929299796
3134400,Iturama - MG,33209,22887,6779,463,201,0,1173,1672,8,26,68.91806438013792,20.41314101598964,1.3942003673702912,0.6052576108886145,5.034779728386883
3134509,Itutinga - MG,3761,3023,522,46,0,0,77,92,0,0,80.37755915979793,13.879287423557564,1.223078968359479,0.0,2.446157936718958
3134608,Jaboticatubas - MG,18121,12073,4701,180,60,0,327,757,0,23,66.62435847911263,25.942276916284975,0.993322664312124,0.331107554770708,4.1774736493571
3134707,Jacinto - MG,9799,6691,2223,101,34,0,155,586,5,4,68.28247780385753,22.685988366159812,1.0307174201449127,0.3469741810388815,5.980202061434841
3134806,Jacuí - MG,6616,5557,813,37,6,0,105,95,0,3,83.99334945586457,12.28839177750907,0.5592503022974608,0.09068923821039904,1.435912938331318
3134905,Jacutinga - MG,22488,13628,7538,39,66,8,582,626,0,0,60.60120953397367,33.520099608680184,0.1734258271077908,0.2934898612593383,2.783706865884027
3135001,Jaguaraçu - MG,2733,1464,953,21,0,0,106,189,0,0,53.567508232711305,34.87010611050128,0.7683863885839737,0.0,6.915477497255763
3135050,Jaíba - MG,31252,20887,8885,0,0,10,517,835,0,117,66.83412261615257,28.43018046845002,0.0,0.0,2.6718290029438116
3135076,Jampruca - MG,3782,2518,1121,0,0,0,19,124,0,0,66.57852987837123,29.640401903754626,0.0,0.0,3.278688524590164
3135100,Janaúba - MG,61004,45280,11661,174,117,0,1547,1983,38,204,74.22464100714707,19.115139990820275,0.2852271982165104,0.19179070224903286,3.250606517605403
3135209,Januária - MG,55551,42346,10092,362,98,0,1482,1080,20,71,76.22905078216414,18.16708970135551,0.6516534355817177,0.17641446598621086,1.944159421072528
3135308,Japaraíba - MG,3894,3445,394,14,0,0,29,13,0,0,88.46944016435542,10.118130457113509,0.35952747817154596,0.0,0.33384694401643555
3135357,Japonvar - MG,7091,6040,931,3,7,0,33,77,0,0,85.17839514878014,13.129318854886476,0.04230714990833451,0.09871668311944719,1.0858835143139192
3135407,Jeceaba - MG,5509,4672,711,15,0,0,56,52,0,3,84.80667997821746,12.906153566890543,0.2722817208204756,0.0,0.943909965510982
3135456,Jenipapo de Minas - MG,5312,4482,658,0,7,0,90,75,0,0,84.375,12.387048192771084,0.0,0.13177710843373494,1.4118975903614457
3135506,Jequeri - MG,11016,8815,1922,23,13,0,90,148,0,5,80.0199709513435,17.44734931009441,0.20878721859114016,0.11801016702977488,1.3435003631082063
3135605,Jequitaí - MG,5714,3976,1177,6,0,0,183,362,0,9,69.5834791739587,20.598529926496326,0.10500525026251313,0.0,6.335316765838292
3135704,Jequitibá - MG,5249,3728,1159,50,3,0,167,138,0,4,71.02305200990665,22.08039626595542,0.9525623928367308,0.05715374357020385,2.629072204229377
3135803,Jequitinhonha - MG,21019,15075,4482,57,112,0,268,1007,18,0,71.72082401636615,21.323564394119607,0.27118321518626004,0.5328512298396688,4.790903468290594
3135902,Jesuânia - MG,4511,3440,913,16,4,0,34,104,0,0,76.25803591221458,20.239414763910442,0.3546885391265795,0.08867213478164487,2.3054755043227666
3136009,Joaíma - MG,11925,8024,3141,16,0,0,183,558,0,3,67.28721174004193,26.339622641509433,0.13417190775681342,0.0,4.679245283018868
3136108,Joanésia - MG,3939,2591,1099,0,3,0,144,102,0,0,65.77811627316578,27.9004823559279,0.0,0.07616146230007616,2.5894897182025893
3136207,João Monlevade - MG,71003,46417,19123,962,188,0,1371,2919,7,16,65.37329408616537,26.932664816979564,1.354872329338197,0.2647775446107911,4.111093897440953
3136306,João Pinheiro - MG,40827,32298,7488,188,70,0,325,420,0,38,79.10941288852965,18.340803879785437,0.4604795845886301,0.1714551644744899,1.0287309868469394
3136405,Joaquim Felício - MG,3387,2311,797,10,9,0,126,130,0,3,68.23147328018896,23.531148509005018,0.29524653085326247,0.2657218777679362,3.838204901092412
3136504,Jordânia - MG,9009,5360,2628,8,0,0,449,545,0,18,59.496059496059495,29.170829170829172,0.0888000888000888,0.0,6.049506049506049
3136520,José Gonçalves de Minas - MG,3472,2901,501,3,0,0,22,44,0,0,83.5541474654378,14.429723502304148,0.08640552995391705,0.0,1.2672811059907834
3136553,José Raydan - MG,3741,2792,806,0,0,0,35,107,0,0,74.63245121625233,21.545041432771985,0.0,0.0,2.8601978080727077
3136579,Josenópolis - MG,3186,2486,607,0,3,0,27,64,0,0,78.02887633396108,19.052102950408035,0.0,0.09416195856873823,2.0087884494664157
3136603,Nova União - MG,5164,3537,1449,33,6,0,86,53,0,0,68.49341595662277,28.05964368706429,0.6390395042602633,0.11618900077459333,1.0263361735089078
3136652,Juatuba - MG,26555,14319,8961,250,103,24,1125,1704,8,62,53.92204857842214,33.74505742797967,0.9414422895876483,0.38787422331011107,6.416870645829411
3136702,Juiz de Fora - MG,485938,276003,122933,25685,5735,0,17593,37529,214,245,56.79798657441896,25.298083294576674,5.285653725372373,1.1801917116998464,7.723001699805325
3136801,Juramento - MG,3332,2503,681,7,0,0,108,23,10,0,75.12004801920769,20.438175270108044,0.21008403361344538,0.0,0.6902761104441777
3136900,Juruaia - MG,9710,7024,2377,26,6,0,102,169,0,6,72.33779608650876,24.479917610710608,0.26776519052523173,0.061791967044284246,1.740473738414006
3136959,Juvenília - MG,5005,3479,1151,0,0,0,36,336,0,4,69.5104895104895,22.997002997002998,0.0,0.0,6.713286713286713
3137007,Ladainha - MG,12503,9459,2344,49,15,98,156,383,0,0,75.65384307766136,18.747500599856036,0.3919059425737823,0.11997120691034152,3.0632648164440535
3137106,Lagamar - MG,6001,4620,1218,16,0,0,26,120,0,0,76.98716880519913,20.29661723046159,0.26662222962839527,0.0,1.9996667222129645
3137205,Lagoa da Prata - MG,45458,33600,9605,273,48,0,733,1197,0,3,73.91438250692947,21.12939416604338,0.600554357868802,0.10559197500989925,2.6331998768093623
3137304,Lagoa dos Patos - MG,2877,2235,481,4,0,0,42,114,0,0,77.68508863399374,16.718804310045186,0.13903371567605144,0.0,3.962460896767466
3137403,Lagoa Dourada - MG,11200,10172,774,68,8,0,24,148,0,5,90.82142857142857,6.910714285714286,0.6071428571428571,0.07142857142857142,1.3214285714285714
3137502,Lagoa Formosa - MG,16841,14064,1958,86,58,0,201,364,0,110,83.51048037527462,11.6263879817113,0.5106585119648477,0.3443976010925717,2.161391841339588
3137536,Lagoa Grande - MG,7860,6519,997,100,22,0,70,149,0,4,82.93893129770993,12.684478371501273,1.272264631043257,0.27989821882951654,1.895674300254453
3137601,Lagoa Santa - MG,65785,35882,20672,2296,378,0,2734,3791,24,8,54.54434901573307,31.42357680322262,3.4901573306984877,0.5745990727369461,5.762711864406779
3137700,Lajinha - MG,17990,9905,6646,53,14,0,186,1176,0,9,55.05836575875487,36.94274596998332,0.2946081156197888,0.07782101167315175,6.536964980544747
3137809,Lambari - MG,18263,11885,4491,231,142,0,772,732,0,10,65.07693150084872,24.590702513278213,1.2648524338827136,0.7775283359798499,4.008103816459508
3137908,Lamim - MG,2895,2739,134,8,0,0,7,0,0,6,94.61139896373057,4.6286701208981,0.2763385146804836,0.0,0.0
3138005,Laranjal - MG,5377,4453,648,37,4,0,52,183,0,0,82.81569648502882,12.051329737771992,0.6881160498419193,0.07439092430723451,3.403384787055979
3138104,Lassance - MG,6240,4490,1134,34,9,0,76,464,33,0,71.9551282051282,18.173076923076923,0.5448717948717948,0.14423076923076922,7.435897435897436
3138203,Lavras - MG,92694,62667,18261,2614,567,21,3143,5362,0,60,67.60631756100719,19.700304226810797,2.8200315014995576,0.6116900770276393,5.784624679051503
3138302,Leandro Ferreira - MG,2824,2326,326,7,0,0,53,112,0,0,82.36543909348443,11.543909348441927,0.24787535410764872,0.0,3.9660056657223794
3138351,Leme do Prado - MG,3822,2974,750,0,0,0,31,67,0,0,77.81266352694924,19.623233908948194,0.0,0.0,1.7530088958660388
3138401,Leopoldina - MG,45186,27461,11051,1521,799,0,1331,2933,14,76,60.77324835125924,24.456690125260035,3.3660868410569647,1.7682468021068471,6.490948523879077
3138500,Liberdade - MG,4331,3672,542,32,10,3,26,45,0,0,84.7841145232048,12.514430847379359,0.7388593858231355,0.23089355806972986,1.0390210113137843
3138609,Lima Duarte - MG,15355,11771,2405,202,54,0,248,662,0,13,76.65906870726148,15.662650602409638,1.3155323998697492,0.35167697818300225,4.311299251058287
3138625,Limeira do Oeste - MG,7504,5423,1544,80,11,0,136,305,0,6,72.2681236673774,20.575692963752665,1.0660980810234542,0.14658848614072495,4.064498933901919
3138658,Lontra - MG,7585,5749,1489,12,0,0,109,225,0,0,75.79433091628214,19.63085036255768,0.15820698747528017,0.0,2.966381015161503
3138674,Luisburgo - MG,5960,3813,1721,24,0,0,83,320,0,0,63.97651006711409,28.875838926174495,0.40268456375838924,0.0,5.369127516778524
3138682,Luislândia - MG,5379,4624,640,6,0,0,31,74,3,0,85.96393381669455,11.89812232757018,0.11154489682097044,0.0,1.375720394125302
3138708,Luminárias - MG,5023,4085,400,326,3,0,48,159,0,3,81.32590085606212,7.963368504877563,6.490145331475214,0.059725263786581724,3.1654389806888314
3138807,Luz - MG,15981,13113,2314,89,7,0,231,214,0,12,82.05368875539703,14.479694637381892,0.5569113322069958,0.043802014892685065,1.339090169576372
3138906,Machacalis - MG,5710,4086,1409,7,0,0,65,137,3,2,71.55866900175131,24.67600700525394,0.12259194395796848,0.0,2.3992994746059546
3139003,Machado - MG,33256,23678,7612,297,92,9,745,696,0,126,71.19918210247775,22.88910271830647,0.8930719268703392,0.27664180899687274,2.0928554245850375
3139102,Madre de Deus de Minas - MG,4627,4175,342,26,0,0,46,38,0,0,90.23125135076724,7.3913983142424895,0.5619191700886104,0.0,0.8212664793602766
3139201,Malacacheta - MG,15380,11851,2471,86,9,0,253,706,4,0,77.05461638491548,16.06631989596879,0.5591677503250976,0.05851755526657997,4.590377113133941
3139250,Mamonas - MG,5383,4888,440,5,3,0,12,35,0,0,90.80438417239458,8.173880735649266,0.09288500835965076,0.05573100501579045,0.6501950585175552
3139300,Manga - MG,16227,12044,3262,21,18,0,318,493,0,73,74.22197571947989,20.102298638072348,0.1294139397300795,0.11092623405435385,3.0381462993775807
3139409,Manhuaçu - MG,79350,46300,25825,829,101,0,2720,3363,17,195,58.349086326402016,32.54568367989918,1.0447385003150598,0.12728418399495905,4.238185255198488
3139508,Manhumirim - MG,18066,11405,5254,234,34,0,280,853,0,6,63.129635779918075,29.082253957710616,1.2952507472600465,0.18819882652496403,4.7215764419351265
3139607,Mantena - MG,23352,9321,10764,0,0,0,610,2630,0,26,39.91521068859198,46.0945529290853,0.0,0.0,11.262418636519357
3139706,Maravilhas - MG,6527,5706,680,27,0,0,62,53,0,0,87.42148000612839,10.418262601501455,0.41366630917726366,0.0,0.8120116439405546
3139805,Mar de Espanha - MG,11172,7012,2931,126,155,0,234,686,0,28,62.7640529896169,26.235230934479056,1.1278195488721805,1.3873970640887934,6.140350877192983
3139904,Maria da Fé - MG,12463,10728,1416,40,32,0,125,118,0,5,86.07879322795475,11.361630426061142,0.32095001203562545,0.2567600096285004,0.9468025355050951
3140001,Mariana - MG,53344,37408,10912,548,141,0,1160,3066,98,10,70.125974805039,20.455908818236352,1.0272945410917818,0.2643221355728854,5.747600479904019
3140100,Marilac - MG,3696,2714,740,0,3,0,83,69,0,86,73.43073593073593,20.02164502164502,0.0,0.08116883116883117,1.8668831168831168
3140159,Mário Campos - MG,13637,6125,5738,111,62,16,873,703,0,10,44.91457065336951,42.076703087189266,0.8139620151059617,0.4546454498790056,5.155092762337757
3140209,Maripá de Minas - MG,3007,1926,776,72,30,8,93,104,0,0,64.05054871965415,25.806451612903224,2.394413036248753,0.9976720984369803,3.458596607914865
3140308,Marliéria - MG,4041,1985,1529,7,0,0,120,400,0,0,49.121504578074735,37.837169017569906,0.17322444939371442,0.0,9.898539965355111
3140407,Marmelópolis - MG,2795,2108,541,6,3,0,41,96,0,0,75.42039355992844,19.355992844364938,0.2146690518783542,0.1073345259391771,3.434704830053667
3140506,Martinho Campos - MG,12199,8939,2305,143,46,0,211,540,0,15,73.27649807361259,18.89499139273711,1.1722272317403066,0.3770800885318469,4.4265923436347245
3140530,Martins Soares - MG,7192,4265,2443,10,5,0,47,422,0,0,59.30200222469411,33.968298109010014,0.13904338153503892,0.06952169076751946,5.867630700778643
3140555,Mata Verde - MG,8048,4596,2263,30,10,0,288,855,0,6,57.10735586481113,28.118787276341948,0.3727634194831014,0.1242544731610338,10.62375745526839
3140605,Materlândia - MG,3503,2883,539,0,9,0,39,32,0,0,82.30088495575221,15.38681130459606,0.0,0.2569226377390808,0.9135027119611762
3140704,Mateus Leme - MG,32787,18206,10983,436,166,0,1661,1316,0,20,55.52810565163022,33.49803275688535,1.32979534571629,0.5062982279562022,4.013785951749169
3140803,Matias Barbosa - MG,12624,7912,2707,340,120,0,867,669,0,9,62.67427122940431,21.443282636248416,2.6932826362484157,0.9505703422053232,5.2994296577946765
3140852,Matias Cardoso - MG,7501,5404,1843,9,10,0,137,97,0,0,72.0437275029996,24.57005732568991,0.11998400213304893,0.13331555792560992,1.2931609118784162
3140902,Matipó - MG,15856,9720,4724,39,39,0,242,1058,0,34,61.30171543895055,29.79313824419778,0.24596367305751765,0.24596367305751765,6.6725529767911205
3141009,Mato Verde - MG,10622,8864,1374,91,5,0,88,179,0,20,83.44944454904915,12.935417058934288,0.8567124835247599,0.047072114479382414,1.6851816983618904
3141108,Matozinhos - MG,32954,19711,9848,432,122,0,1135,1502,17,187,59.813679674698065,29.88408083995873,1.310918249681374,0.3702130242155732,4.5578685440310736
3141207,Matutina - MG,3393,2878,388,34,3,0,19,71,0,0,84.82169171824344,11.435307987032125,1.0020630710285883,0.08841732979664015,2.0925434718538165
3141306,Medeiros - MG,3399,2867,340,50,0,0,64,77,0,0,84.348337746396,10.002942041776993,1.4710208884966167,0.0,2.26537216828479
3141405,Medina - MG,17640,13610,3109,118,9,0,267,527,0,0,77.15419501133786,17.624716553287982,0.6689342403628118,0.05102040816326531,2.987528344671202
3141504,Mendes Pimentel - MG,5021,2863,1881,3,0,0,55,213,0,6,57.02051384186417,37.46265684126668,0.05974905397331209,0.0,4.242182832105159
3141603,Mercês - MG,9367,8272,568,54,236,0,95,124,0,18,88.31002455428633,6.063841144443258,0.5764919397886196,2.519483292409523,1.3237963061812748
3141702,Mesquita - MG,4465,2950,1222,0,14,0,59,220,0,0,66.06942889137738,27.36842105263158,0.0,0.3135498320268757,4.927211646136618
3141801,Minas Novas - MG,21412,16292,3778,21,38,0,793,490,0,0,76.08817485522137,17.644311600971417,0.09807584532038109,0.1774705772464039,2.2884363908088923
3141900,Minduri - MG,3354,2290,906,14,15,0,44,76,8,0,68.27668455575433,27.012522361359572,0.41741204531902204,0.4472271914132379,2.2659511031604054
3142007,Mirabela - MG,11930,7641,3713,10,0,0,185,347,0,35,64.04861693210394,31.123218776194467,0.08382229673093043,0.0,2.9086336965632857
3142106,Miradouro - MG,8022,6272,1570,37,6,0,60,63,0,14,78.18499127399652,19.57117925704313,0.4612316130640738,0.07479431563201197,0.7853403141361257
3142205,Miraí - MG,12065,7347,4167,72,37,0,114,329,0,0,60.89515126398674,34.53791960215499,0.5967675093244923,0.306672192291753,2.7268959801077495
3142254,Miravânia - MG,3451,2746,661,0,0,0,13,31,0,0,79.57113880034773,19.153868443929294,0.0,0.0,0.8982903506230078
3142304,Moeda - MG,4552,3334,800,26,0,3,137,245,0,7,73.24253075571177,17.57469244288225,0.5711775043936731,0.0,5.382249560632689
3142403,Moema - MG,6744,5493,776,186,3,0,108,174,0,4,81.45017793594306,11.506524317912218,2.7580071174377223,0.04448398576512456,2.580071174377224
3142502,Monjolos - MG,1953,1518,311,5,0,0,14,104,0,2,77.72657450076805,15.924219150025602,0.2560163850486431,0.0,5.325140809011777
3142601,Monsenhor Paulo - MG,7407,5780,1307,30,84,0,149,58,0,0,78.03429188605374,17.645470500877547,0.4050222762251924,1.1340623734305386,0.7830430673687053
3142700,Montalvânia - MG,12255,10325,1558,7,21,0,59,277,0,8,84.25132598939209,12.713178294573643,0.05711954304365565,0.17135862913096694,2.2603019175846595
3142809,Monte Alegre de Minas - MG,17723,10469,3877,1181,100,9,472,1588,0,26,59.07013485301586,21.87552897365006,6.6636573943463295,0.5642385600631947,8.960108333803532
3142908,Monte Azul - MG,18020,14143,3520,38,9,0,81,229,0,0,78.4850166481687,19.533851276359602,0.21087680355160932,0.049944506104328525,1.2708102108768036
3143005,Monte Belo - MG,11697,9741,1677,16,17,0,111,135,0,0,83.27776352911003,14.337009489612722,0.136787210395828,0.14533641104556724,1.1541420877147988
3143104,Monte Carmelo - MG,42045,26765,11303,1111,119,0,1026,1690,0,29,63.65798549173505,26.883101438934474,2.642406944939945,0.2830300868117493,4.019502913545011
3143153,Monte Formoso - MG,3805,2718,904,0,0,0,8,174,0,0,71.4323258869908,23.758212877792378,0.0,0.0,4.572930354796321
3143203,Monte Santo de Minas - MG,18518,13220,3292,648,79,0,606,661,0,13,71.38999891996976,17.7772977643374,3.4992979803434494,0.42661194513446377,3.569499945998488
3143302,Montes Claros - MG,359677,224850,103657,3281,975,10,10604,16040,113,146,62.51442266255557,28.819468578752602,0.912207341587035,0.2710765492372323,4.4595567689899545
3143401,Monte Sião - MG,21422,15675,4645,221,26,19,355,481,0,0,73.1724395481281,21.683316216973203,1.0316497059098124,0.12137055363644851,2.2453552422742975
3143450,Montezuma - MG,6022,4946,887,22,8,0,63,93,0,3,82.13218199933577,14.729325805380272,0.3653271338425772,0.1328462304882099,1.54433742942544
3143500,Morada Nova de Minas - MG,7982,5398,1567,85,68,0,307,552,5,0,67.62716111250313,19.631671260335754,1.0648960160360812,0.851916812828865,6.915560010022551
3143609,Morro da Garça - MG,2134,1742,271,1,0,0,15,104,2,0,81.630740393627,12.699156513589504,0.046860356138706656,0.0,4.873477038425492
3143708,Morro do Pilar - MG,2793,2532,223,0,0,0,32,3,0,3,90.65520945220193,7.984246330110992,0.0,0.0,0.10741138560687433
3143807,Munhoz - MG,6476,4354,1715,9,17,0,151,222,0,9,67.23285978999382,26.48239654107474,0.13897467572575664,0.2625077208153181,3.4280420012353305
3143906,Muriaé - MG,91945,48994,32750,809,155,12,3134,6033,0,57,53.28620370873892,35.61912012616238,0.8798738376203165,0.16857904181847844,6.561531350263745
3144003,Mutum - MG,24037,13032,8303,101,40,0,285,2234,0,42,54.21641635811457,34.54258018887548,0.4201855472812747,0.1664101177351583,9.294005075508592
3144102,Muzambinho - MG,19440,14745,2986,478,126,0,524,581,0,0,75.84876543209876,15.360082304526749,2.4588477366255144,0.6481481481481481,2.9886831275720165
3144201,Nacip Raydan - MG,2182,1455,591,0,0,0,12,124,0,0,66.68194317140238,27.0852428964253,0.0,0.0,5.682859761686526
3144300,Nanuque - MG,30697,15542,10611,200,26,0,1266,2996,0,57,50.630354757793924,34.56689578786201,0.6515294654200736,0.08469883050460957,9.759911391992702
3144359,Naque - MG,5357,2182,1812,0,0,0,530,828,2,3,40.73175284674258,33.8249019973866,0.0,0.0,15.456412170991227
3144375,Natalândia - MG,3057,2251,635,14,0,0,39,115,0,3,73.63428197579326,20.771998691527642,0.4579653254824992,0.0,3.7618580307491003
3144409,Natércia - MG,4264,3760,335,18,11,0,48,90,0,0,88.18011257035647,7.856472795497186,0.42213883677298314,0.2579737335834897,2.1106941838649154
3144508,Nazareno - MG,7273,6137,938,27,0,0,110,62,0,0,84.3805857280352,12.897016361886429,0.3712360786470507,0.0,0.8524680324487832
3144607,Nepomuceno - MG,22142,17622,3665,60,30,0,300,465,0,0,79.5863065667058,16.552253635624606,0.2709782314154096,0.1354891157077048,2.1000812934694246
3144656,Ninheira - MG,9371,7152,1852,0,0,0,120,234,0,13,76.32056344040124,19.763098922206808,0.0,0.0,2.4970654145768862
3144672,Nova Belém - MG,2755,1458,1038,0,0,0,17,222,0,21,52.92196007259528,37.67695099818512,0.0,0.0,8.058076225045372
3144706,Nova Era - MG,15308,9956,4374,100,13,0,298,567,0,0,65.03788868565456,28.573295009145546,0.6532532009406846,0.084922916122289,3.7039456493336815
3144805,Nova Lima - MG,97918,60958,21882,2500,498,12,4494,7445,33,96,62.25413100757777,22.347270164831798,2.553156722972283,0.5085888192160788,7.6033007210114585
3144904,Nova Módica - MG,3220,2116,902,5,0,0,27,170,0,0,65.71428571428571,28.012422360248447,0.15527950310559005,0.0,5.279503105590062
3145000,Nova Ponte - MG,12618,7002,3553,262,31,0,361,1393,0,17,55.49215406562054,28.15818671738786,2.0763987953716914,0.2456807734981772,11.039784434934221
3145059,Nova Porteirinha - MG,5773,4692,914,3,0,0,60,89,0,15,81.27490039840637,15.83232288238351,0.051966048848085915,0.0,1.5416594491598823
3145109,Nova Resende - MG,14407,11445,2489,120,59,0,131,140,0,23,79.44054973276879,17.276324009162213,0.8329284375650725,0.409523148469494,0.971749843825918
3145208,Nova Serrana - MG,88938,51838,27686,553,200,0,2953,5662,45,0,58.28554723515258,31.12955092311498,0.6217814657401786,0.22487575614473004,6.366232656457307
3145307,Novo Cruzeiro - MG,23427,18666,3947,31,10,0,351,422,0,0,79.6772954283519,16.848081273743972,0.13232594869168054,0.04268578990054211,1.801340333802877
3145356,Novo Oriente de Minas - MG,8867,5903,2559,4,0,0,66,335,0,0,66.5726852373971,28.8598173001015,0.04511108604939664,0.0,3.7780534566369686
3145372,Novorizonte - MG,4005,3048,873,0,3,0,3,79,0,0,76.10486891385767,21.797752808988765,0.0,0.0749063670411985,1.9725343320848938
3145406,Olaria - MG,1750,1493,195,13,6,0,13,31,0,0,85.31428571428572,11.142857142857142,0.7428571428571429,0.34285714285714286,1.7714285714285714
3145455,Olhos-d'Água - MG,4606,2495,1090,6,4,0,817,188,6,0,54.1684759009987,23.664785062961354,0.13026487190620928,0.08684324793747286,4.081632653061225
3145505,Olímpio Noronha - MG,2272,1853,322,6,4,0,61,27,0,0,81.5580985915493,14.172535211267606,0.2640845070422535,0.176056338028169,1.1883802816901408
3145604,Oliveira - MG,35285,29190,4242,430,215,0,355,842,0,12,82.72637097916962,12.022105710641917,1.2186481507722828,0.6093240753861414,2.3862831231401445
3145703,Oliveira Fortes - MG,1776,1582,140,3,0,0,15,36,0,0,89.07657657657657,7.882882882882883,0.16891891891891891,0.0,2.027027027027027
3145802,Onça de Pitangui - MG,2624,2142,402,29,0,0,19,32,0,0,81.6310975609756,15.320121951219512,1.1051829268292683,0.0,1.2195121951219512
3145851,Oratórios - MG,4326,2901,1172,5,0,0,43,205,0,0,67.05963938973647,27.092001849283402,0.1155802126675913,0.0,4.738788719371244
3145877,Orizânia - MG,7218,4577,2342,0,0,0,81,215,0,3,63.41091715156553,32.44666112496537,0.0,0.0,2.978664449986146
3145901,Ouro Branco - MG,33674,22345,7794,676,81,0,1063,1693,0,23,66.35683316505316,23.145453465581756,2.0074835184415276,0.2405416641919582,5.027617746629447
3146008,Ouro Fino - MG,28799,19547,7401,280,101,0,573,882,0,15,67.87388450987882,25.69880898642314,0.9722559811104552,0.3507066217576999,3.062606340497934
3146107,Ouro Preto - MG,66239,51478,8383,697,293,27,1273,4028,0,61,77.715545222603,12.655686227147148,1.0522501849363668,0.44233759567626324,6.081009677078458
3146206,Ouro Verde de Minas - MG,4985,2812,1597,0,22,0,99,357,6,91,56.409227683049146,32.036108324974926,0.0,0.44132397191574724,7.16148445336008
3146255,Padre Carvalho - MG,4350,3584,720,0,3,0,23,9,0,11,82.39080459770115,16.551724137931036,0.0,0.06896551724137931,0.20689655172413793
3146305,Padre Paraíso - MG,14857,9711,4445,22,8,0,223,430,0,19,65.36312849162012,29.91855690920105,0.1480783469071818,0.053846671602611564,2.8942585986403717
3146404,Paineiras - MG,3843,2768,786,109,0,0,40,114,0,25,72.02706219099662,20.452771272443403,2.8363257871454595,0.0,2.966432474629196
3146503,Pains - MG,7332,6238,947,50,5,0,39,54,0,0,85.07910529187124,12.915984724495363,0.6819421713038735,0.06819421713038734,0.7364975450081833
3146552,Pai Pedro - MG,4855,3783,896,0,0,0,20,156,0,0,77.91967044284243,18.455200823892895,0.0,0.0,3.213182286302781
3146602,Paiva - MG,1328,1160,106,10,0,0,10,42,0,0,87.34939759036145,7.981927710843373,0.7530120481927711,0.0,3.1626506024096384
3146701,Palma - MG,5112,3820,932,13,16,0,41,266,0,24,74.72613458528951,18.231611893583725,0.2543035993740219,0.3129890453834116,5.203442879499217
3146750,Palmópolis - MG,5551,4114,1198,0,0,0,133,106,0,0,74.11277247342821,21.581696991533057,0.0,0.0,1.9095658439920735
3146909,Papagaios - MG,12174,10692,1085,17,39,0,158,183,0,0,87.8265155248891,8.912436339740431,0.13964185970100212,0.32035485460818136,1.5032035485460817
3147006,Paracatu - MG,81028,51737,21223,2331,197,0,1537,3944,58,1,63.85076763587895,26.192180480821445,2.876783334156094,0.24312583304536703,4.867453226045318
3147105,Pará de Minas - MG,85782,66063,13939,1078,213,0,2088,2358,15,28,77.01265999860111,16.249329696206665,1.2566738942901774,0.24830383996642652,2.7488284255438202
3147204,Paraguaçu - MG,19125,15753,2601,123,38,0,329,281,0,0,82.3686274509804,13.6,0.6431372549019608,0.19869281045751633,1.469281045751634
3147303,Paraisópolis - MG,18284,15325,1610,99,49,0,553,647,0,0,83.81645154233209,8.80551301684533,0.5414570115948371,0.2679938744257274,3.538612994968278
3147402,Paraopeba - MG,21177,15603,4255,172,5,0,493,642,0,7,73.67899135854937,20.092553241724513,0.8122019171742929,0.02361052084808991,3.0315908768947444
3147501,Passabém - MG,1432,1206,215,0,0,2,4,5,0,0,84.21787709497207,15.013966480446927,0.0,0.0,0.34916201117318435
3147600,Passa Quatro - MG,13816,10800,1854,57,32,0,305,762,0,5,78.17023740590619,13.419224088013896,0.41256514186450494,0.23161551823972207,5.515344528083381
3147709,Passa Tempo - MG,7689,6778,710,50,4,10,87,50,0,0,88.1519053192873,9.233970607361165,0.6502796202367018,0.052022369618936144,0.6502796202367018
3147808,Passa Vinte - MG,1999,1572,364,11,8,0,11,33,0,0,78.63931965982991,18.209104552276138,0.5502751375687844,0.400200100050025,1.650825412706353
3147907,Passos - MG,98161,69097,21032,1818,528,0,2663,2910,30,82,70.39149967909863,21.426024592251505,1.85205937184829,0.5378918307678202,2.9645174763908275
3147956,Patis - MG,4239,2974,1148,0,0,0,3,114,0,0,70.15805614531729,27.081858928992688,0.0,0.0,2.689313517338995
3148004,Patos de Minas - MG,141292,100664,26742,2830,690,19,5379,4842,31,95,71.24536421028792,18.926761600090593,2.0029442572827905,0.48835036661665204,3.4269456161707668
3148103,Patrocínio - MG,78418,53595,18603,1622,166,0,1366,2976,30,60,68.34527786987681,23.722869749292254,2.0684026626539826,0.21168609247876763,3.7950470555229665
3148202,Patrocínio do Muriaé - MG,4931,3504,1086,59,3,0,123,151,6,0,71.06063678766985,22.023930237274385,1.1965118637193266,0.06083958629081322,3.062259176637599
3148301,Paula Cândido - MG,7738,6298,1109,32,0,0,87,195,0,16,81.3905401912639,14.331868699922461,0.41354355130524684,0.0,2.5200310157663477
3148400,Paulistas - MG,3854,3266,485,20,5,0,22,56,0,0,84.74312402698494,12.584327970939285,0.5189413596263622,0.12973533990659056,1.4530358069538143
3148509,Pavão - MG,7024,4992,1142,36,31,0,107,671,5,40,71.07061503416857,16.25854214123007,0.5125284738041003,0.4413439635535307,9.552961275626423
3148608,Peçanha - MG,15419,12312,2759,27,10,0,74,233,0,4,79.8495362863999,17.89350800959855,0.1751086322070173,0.06485504896556196,1.511122640897594
3148707,Pedra Azul - MG,21307,15396,4233,197,130,0,555,796,0,0,72.257943398883,19.866710470737317,0.9245787769277702,0.6101281269066504,3.735861453982259
3148756,Pedra Bonita - MG,6270,3403,2312,3,0,3,30,518,0,0,54.27432216905901,36.87400318979267,0.04784688995215311,0.0,8.261562998405104
3148806,Pedra do Anta - MG,3008,2309,558,0,0,0,41,100,0,0,76.76196808510639,18.550531914893618,0.0,0.0,3.324468085106383
3148905,Pedra do Indaiá - MG,3707,3282,365,5,2,0,4,49,0,0,88.53520366873482,9.846236849204208,0.1348799568384138,0.05395198273536553,1.3218235770164553
3149002,Pedra Dourada - MG,2438,1469,679,7,0,0,81,201,0,0,60.254306808859724,27.850697292863003,0.2871205906480722,0.0,8.244462674323216
3149101,Pedralva - MG,9573,8604,640,58,4,0,70,174,0,23,89.87778125979317,6.68546954977541,0.6058706779483966,0.041784184686096314,1.8176120338451895
3149150,Pedras de Maria da Cruz - MG,8948,6454,2099,0,10,0,41,320,0,24,72.12784979883773,23.45775592311131,0.0,0.11175681716584712,3.576218149307108
3149200,Pedrinópolis - MG,2958,2343,437,60,0,0,20,99,0,0,79.20892494929006,14.773495605138606,2.028397565922921,0.0,3.3468559837728193
3149309,Pedro Leopoldo - MG,55264,31585,15822,2524,198,0,2673,2075,24,363,57.152938621887664,28.629849449913145,4.56716850028952,0.35828025477707004,3.7547046902142442
3149408,Pedro Teixeira - MG,1651,1323,229,14,0,0,13,71,0,0,80.13325257419746,13.87038158691702,0.8479709267110842,0.0,4.300423985463356
3149507,Pequeri - MG,2969,1740,897,29,11,0,54,239,0,0,58.60559110811721,30.212192657460424,0.9767598518019536,0.370495116200741,8.0498484338161
3149606,Pequi - MG,3637,2719,737,23,17,0,39,102,0,0,74.75941710200715,20.263953808083585,0.6323893318669233,0.4674182018146824,2.8045092108880945
3149705,Perdigão - MG,10476,7432,2497,29,11,0,116,391,0,0,70.94310805651011,23.835433371515848,0.27682321496754486,0.10500190912562046,3.732340588010691
3149804,Perdizes - MG,14611,9707,2406,1388,169,0,321,621,0,0,66.43624666347273,16.467045376770926,9.499692012867017,1.1566627883101772,4.250222435151598
3149903,Perdões - MG,18912,13308,4821,122,40,0,322,299,0,0,70.36802030456853,25.491751269035532,0.6450930626057529,0.21150592216582065,1.5810067681895092
3149952,Periquito - MG,5613,2033,2542,0,0,0,57,981,0,0,36.219490468555136,45.28772492428291,0.0,0.0,17.477284874398716
3150000,Pescador - MG,3124,2428,584,6,0,0,13,90,0,3,77.72087067861716,18.693982074263765,0.19206145966709348,0.0,2.880921895006402
3150109,Piau - MG,2527,2025,330,7,0,0,116,49,0,0,80.13454689354967,13.058963197467353,0.2770083102493075,0.0,1.9390581717451523
3150158,Piedade de Caratinga - MG,7383,4332,2492,18,0,0,58,479,0,5,58.67533522958147,33.75321684951916,0.24380333197887039,0.0,6.4878775565488285
3150208,Piedade de Ponte Nova - MG,3467,2525,859,0,0,0,25,58,0,0,72.82953562157485,24.776463801557544,0.0,0.0,1.6729160657629074
3150307,Piedade do Rio Grande - MG,4112,3689,326,0,0,0,28,69,0,0,89.71303501945525,7.928015564202335,0.0,0.0,1.6780155642023347
3150406,Piedade dos Gerais - MG,4522,3769,566,6,0,0,86,96,0,0,83.34807607253428,12.516585581601062,0.13268465280849182,0.0,2.122954444935869
3150505,Pimenta - MG,7645,6439,695,125,10,0,107,268,0,0,84.22498364944408,9.090909090909092,1.6350555918901242,0.13080444735120994,3.5055591890124265
3150539,Pingo-d'Água - MG,4095,2185,1424,0,0,0,29,453,0,4,53.35775335775336,34.77411477411477,0.0,0.0,11.062271062271062
3150570,Pintópolis - MG,6082,5265,688,6,0,0,56,68,0,0,86.56691877671818,11.312068398553107,0.09865175928970733,0.0,1.1180532719500165
3150604,Piracema - MG,6056,4874,956,23,6,0,113,85,0,0,80.48216644649933,15.785997357992073,0.3797886393659181,0.09907529722589167,1.4035667107001322
3150703,Pirajuba - MG,4778,3251,898,287,22,0,107,214,0,0,68.04102134784429,18.794474675596483,6.006697362913353,0.46044370029300963,4.47886144830473
3150802,Piranga - MG,15199,13535,1429,11,42,0,29,147,0,6,89.0519113099546,9.40193433778538,0.07237318244621356,0.27633396934008814,0.9671688926903086
3150901,Piranguçu - MG,5388,4655,591,11,6,0,28,97,0,0,86.39569413511506,10.968819599109132,0.20415738678544915,0.111358574610245,1.8002969561989606
3151008,Piranguinho - MG,7962,6323,1209,105,54,0,151,107,0,13,79.4147199196182,15.184626978146195,1.3187641296156745,0.6782215523737755,1.3438834463702587
3151107,Pirapetinga - MG,9747,5108,3566,89,66,0,101,806,4,7,52.40586847235047,36.58561608700113,0.9131014671180876,0.6771314250538627,8.269211039294142
3151206,Pirapora - MG,47908,28497,14706,477,249,4,1180,2704,55,35,59.48275862068966,30.69633464139601,0.9956583451615597,0.5197461801786758,5.644151289972447
3151305,Piraúba - MG,10375,7699,1864,200,43,0,177,363,0,28,74.20722891566265,17.966265060240964,1.927710843373494,0.41445783132530123,3.4987951807228916
3151404,Pitangui - MG,23415,17840,4748,164,18,0,205,440,0,0,76.19047619047619,20.277599829169336,0.7004057228272474,0.07687379884689302,1.8791373051462739
3151503,Piumhi - MG,32071,22341,6905,946,57,0,982,815,0,24,69.66106451311154,21.530354525895667,2.9497053412740484,0.17773066009790778,2.5412366312244705
3151602,Planura - MG,9745,4793,3295,212,110,0,225,1059,12,38,49.18419702411493,33.812211390456646,2.1754746023601848,1.128783991790662,10.86711133914828
3151701,Poço Fundo - MG,14766,12807,1442,77,49,0,138,248,0,4,86.73303535148314,9.765677908709197,0.521468237843695,0.33184342408235135,1.6795340647433292
3151800,Poços de Caldas - MG,146402,88006,38607,3616,1493,20,5928,8518,11,205,60.11256676821355,26.37054138604664,2.4699116132293275,1.0197948115462903,5.818226526960014
3151909,Pocrane - MG,7419,4500,2433,17,0,0,78,390,0,0,60.655074807925594,32.79417711281844,0.22914139371883002,0.0,5.256773150020218
3152006,Pompéu - MG,26937,20071,4137,689,166,9,207,1599,0,58,74.51089579388945,15.358057690165943,2.5578200987489326,0.6162527378698445,5.936073059360731
3152105,Ponte Nova - MG,51603,35996,10945,881,256,0,1460,1442,541,81,69.75563436234327,21.210007170125767,1.7072650814875103,0.4960951882642482,2.7944111776447107
3152131,Ponto Chique - MG,3193,2456,579,15,0,0,46,97,0,0,76.91825869088632,18.13341684935797,0.46977763858440336,0.0,3.0378953961791417
3152170,Ponto dos Volantes - MG,9445,7110,2045,4,7,0,58,222,0,0,75.2779248279513,21.65166754896771,0.04235044997353097,0.07411328745367919,2.350449973530969
3152204,Porteirinha - MG,33097,25628,5925,160,31,11,423,884,0,35,77.43299996978578,17.901924645738283,0.48342750098196213,0.09366407831525515,2.6709369429253407
3152303,Porto Firme - MG,9556,8150,1005,30,10,0,48,314,0,0,85.28673084972792,10.516952699874425,0.3139388865634157,0.10464629552113855,3.2858936793637503
3152402,Poté - MG,12036,8338,2739,21,27,0,313,580,0,18,69.27550681289465,22.756729810568295,0.1744765702891326,0.22432701894317048,4.818876703223662
3152501,Pouso Alegre - MG,134207,86900,30852,3025,1681,13,4762,6915,10,48,64.75072090129427,22.988368714001506,2.2539807908678386,1.252542713867384,5.152488320281356
3152600,Pouso Alto - MG,5881,4497,1149,27,0,0,129,79,0,0,76.46658731508246,19.53749362353341,0.45910559428668596,0.0,1.343308961061044
3152709,Prados - MG,8114,7264,508,35,44,0,30,233,0,0,89.52427902390929,6.260783830416564,0.43135321666255855,0.5422726152329307,2.871579985210747
3152808,Prata - MG,24683,16130,4179,1303,262,0,739,1937,34,99,65.34862050804198,16.930681035530526,5.27893692014747,1.0614593039743954,7.847506380909938
3152907,Pratápolis - MG,7577,5874,1154,33,33,0,202,280,0,0,77.52408604988781,15.230302230434209,0.4355285733139765,0.4355285733139765,3.695393955391316
3153004,Pratinha - MG,3113,1908,502,614,3,0,45,40,0,0,61.29135881786058,16.125923546418246,19.723739158368133,0.09637006103437198,1.2849341471249598
3153103,Presidente Bernardes - MG,4424,4099,284,0,2,0,9,30,0,0,92.65370705244123,6.419529837251356,0.0,0.045207956600361664,0.6781193490054249
3153202,Presidente Juscelino - MG,3107,2589,416,0,0,0,56,45,0,0,83.32796910202768,13.389121338912133,0.0,0.0,1.448342452526553
3153301,Presidente Kubitschek - MG,2669,2101,500,0,0,0,19,45,0,3,78.71862120644437,18.733608092918697,0.0,0.0,1.6860247283626826
3153400,Presidente Olegário - MG,16678,11901,1823,121,16,38,2011,758,10,0,71.35747691569732,10.93056721429428,0.7255066554742775,0.09593476436023504,4.544909461566135
3153509,Alto Jequitibá - MG,7356,3417,3371,61,5,0,100,397,0,5,46.451876019575856,45.82653616095704,0.8292550299075585,0.06797172376291463,5.396954866775421
3153608,Prudente de Morais - MG,9927,5622,2840,187,26,0,649,599,0,5,56.633423995164705,28.608844565326887,1.8837513851113126,0.2619119572882039,6.034048554447467
3153707,Quartel Geral - MG,2871,2276,464,15,4,0,30,81,0,2,79.27551375827238,16.161616161616163,0.522466039707419,0.13932427725531174,2.8213166144200628
3153806,Queluzito - MG,1600,1391,172,11,0,0,9,17,0,0,86.9375,10.75,0.6875,0.0,1.0625
3153905,Raposos - MG,14327,8505,4695,56,31,0,438,603,0,0,59.363439659384376,32.770293850771274,0.3908703845885391,0.2163746771829413,4.20883646262302
3154002,Raul Soares - MG,20919,16283,3569,142,8,0,238,680,0,0,77.83832879200726,17.06104498302978,0.678808738467422,0.038242745829150535,3.2506333954777955
3154101,Recreio - MG,10058,6689,2355,106,118,0,123,565,0,102,66.50427520381785,23.41419765360907,1.0538874527739113,1.1731954662954862,5.61741896997415
3154150,Reduto - MG,6741,4308,1952,14,7,0,86,375,0,0,63.9074321317312,28.957128022548584,0.20768431983385255,0.10384215991692627,5.562972852692479
3154200,Resende Costa - MG,10090,8456,989,199,57,0,115,208,0,67,83.80574826560951,9.801783944499505,1.9722497522299307,0.5649157581764123,2.061446977205154
3154309,Resplendor - MG,15064,6235,5819,32,7,132,429,2267,0,143,41.390069038767926,38.628518321826874,0.21242697822623474,0.046468401486988845,15.049123738714817
3154408,Ressaquinha - MG,4058,3750,241,15,0,0,21,24,0,6,92.41005421389848,5.938886150813208,0.3696402168555939,0.0,0.5914243469689502
3154457,Riachinho - MG,5984,4890,867,11,0,0,103,101,5,8,81.71791443850267,14.488636363636363,0.18382352941176472,0.0,1.6878342245989304
3154507,Riacho dos Machados - MG,7560,5482,1681,0,4,0,102,291,0,0,72.51322751322752,22.235449735449734,0.0,0.05291005291005291,3.8492063492063493
3154606,Ribeirão das Neves - MG,285182,116376,115806,2293,1170,32,17405,31739,128,232,40.80762460463844,40.607752242427644,0.8040479413146693,0.4102643224326921,11.129384042471123
3154705,Ribeirão Vermelho - MG,3612,2794,688,23,4,0,48,54,0,0,77.35326688815061,19.047619047619047,0.636766334440753,0.11074197120708748,1.495016611295681
3154804,Rio Acima - MG,9068,5176,2866,102,21,0,374,526,0,3,57.079841199823555,31.60564622849581,1.1248345831495368,0.23158359064843406,5.800617556241729
3154903,Rio Casca - MG,11343,8939,2010,76,16,0,80,222,0,0,78.80631226306973,17.72017984660143,0.6700167504187605,0.14105615798289695,1.9571541920126951
3155009,Rio Doce - MG,2260,1828,356,24,2,0,0,51,0,0,80.88495575221239,15.752212389380531,1.0619469026548674,0.08849557522123894,2.256637168141593
3155108,Rio do Prado - MG,4087,3057,895,0,0,0,45,82,0,8,74.79814044531442,21.89870320528505,0.0,0.0,2.0063616344506974
3155207,Rio Espera - MG,4964,4483,403,6,0,0,28,44,0,0,90.3102336825141,8.118452860596292,0.12087026591458501,0.0,0.8863819500402901
3155306,Rio Manso - MG,5028,3743,913,51,0,0,142,159,0,20,74.44311853619729,18.158313444709627,1.0143198090692125,0.0,3.162291169451074
3155405,Rio Novo - MG,7576,5781,1283,153,3,0,160,190,0,7,76.30675818373813,16.9350580781415,2.019535374868004,0.0395987328405491,2.50791974656811
3155504,Rio Paranaíba - MG,12768,10523,1496,186,18,0,159,378,0,8,82.41697994987469,11.716791979949875,1.4567669172932332,0.14097744360902256,2.960526315789474
3155603,Rio Pardo de Minas - MG,24492,19220,4521,11,0,0,217,524,0,0,78.47460395231096,18.459088682018617,0.044912624530458925,0.0,2.139474113996407
3155702,Rio Piracicaba - MG,13011,9465,2976,29,24,3,221,268,0,25,72.7461378833295,22.872953654599954,0.2228883252632388,0.18445930366612867,2.0597955576051032
3155801,Rio Pomba - MG,15524,12078,1956,202,134,5,379,769,0,0,77.80211285751095,12.599845400669931,1.301211028085545,0.8631795928884308,4.953620200979129
3155900,Rio Preto - MG,4611,3565,714,64,22,0,50,196,0,0,77.31511602689221,15.484710474951203,1.3879852526566905,0.4771199306007374,4.250704836261114
3156007,Rio Vermelho - MG,11226,8840,1950,88,10,0,74,264,0,0,78.74576875111349,17.3703901656868,0.7838945305540709,0.08907892392659897,2.3516835916622125
3156106,Ritápolis - MG,4533,3878,356,101,4,2,56,136,0,0,85.550408118244,7.853518641076549,2.228105007721156,0.08824178248400617,3.00022060445621
3156205,Rochedo de Minas - MG,2015,1327,535,4,0,0,83,66,0,0,65.8560794044665,26.550868486352357,0.19851116625310175,0.0,3.2754342431761785
3156304,Rodeiro - MG,7502,4823,1852,251,39,0,155,382,0,0,64.28952279392162,24.68675019994668,3.3457744601439616,0.519861370301253,5.091975473207145
3156403,Romaria - MG,2971,2504,375,0,3,0,19,70,0,0,84.2813867384719,12.622012790306295,0.0,0.10097610232245036,2.356109054190508
3156452,Rosário da Limeira - MG,4205,3192,742,3,5,0,68,194,0,0,75.90963139120095,17.64565992865636,0.0713436385255648,0.11890606420927467,4.613555291319857
3156502,Rubelita - MG,5116,4629,432,0,0,0,10,42,0,3,90.48084440969508,8.444096950742768,0.0,0.0,0.8209538702111024
3156601,Rubim - MG,9193,6551,1764,9,9,6,246,593,10,5,71.26074186881323,19.188512999020993,0.09790057652561732,0.09790057652561732,6.450560208854563
3156700,Sabará - MG,113477,55059,41585,2123,715,11,4381,9456,3,145,48.519964398071856,36.64619262053103,1.8708636992518308,0.6300836292817047,8.332966151731188
3156809,Sabinópolis - MG,12574,9600,2633,23,9,0,151,157,0,0,76.34801972323842,20.940034992842374,0.1829171305869254,0.07157626849053603,1.2486082392237952
3156908,Sacramento - MG,23314,15113,2272,3498,216,0,752,1425,0,38,64.82371107489062,9.745217465900318,15.003860341425753,0.9264819421806639,6.11220725744188
3157005,Salinas - MG,35418,27722,6105,275,54,0,261,951,0,49,78.27093568242137,17.23699813654074,0.7764413575018352,0.15246484838217855,2.6850753853972558
3157104,Salto da Divisa - MG,5326,2936,1363,10,6,0,139,872,0,0,55.12579797221179,25.5914382275629,0.1877581674802854,0.11265490048817124,16.372512204280888
3157203,Santa Bárbara - MG,26525,19180,5576,113,80,0,448,1129,0,0,72.3091423185674,21.02167766258247,0.42601319509896324,0.3016022620169651,4.2563619227144205
3157252,Santa Bárbara do Leste - MG,7359,4992,1850,7,5,0,66,407,28,5,67.83530370974317,25.139285228971328,0.09512161978529692,0.06794401413235494,5.530642750373692
3157278,Santa Bárbara do Monte Verde - MG,2697,2048,517,11,33,0,26,61,0,0,75.93622543566926,19.16944753429737,0.4078605858361142,1.2235817575083425,2.261772339636633
3157302,Santa Bárbara do Tugúrio - MG,3774,3422,292,6,0,0,16,38,0,0,90.67302596714362,7.737148913619502,0.1589825119236884,0.0,1.0068892421833597
3157336,Santa Cruz de Minas - MG,7135,5068,1417,106,45,0,115,377,0,6,71.03013314646111,19.859845830413455,1.485634197617379,0.6306937631394534,5.283812193412754
3157377,Santa Cruz de Salinas - MG,3493,3167,236,9,0,0,14,55,0,13,90.66704838247925,6.756369882622388,0.25765817348983683,0.0,1.574577726882336
3157401,Santa Cruz do Escalvado - MG,4207,3381,716,9,0,0,16,85,0,0,80.36605657237936,17.019253624910863,0.21392916567625386,0.0,2.020442120275731
3157500,Santa Efigênia de Minas - MG,3529,2303,839,0,0,0,28,358,0,0,65.25928024936242,23.774440351374327,0.0,0.0,10.144516860300369
3157609,Santa Fé de Minas - MG,3011,2377,533,30,0,0,19,33,0,19,78.94387246761873,17.701760212553967,0.9963467286615743,0.0,1.0959814015277316
3157658,Santa Helena de Minas - MG,4931,2962,1007,0,3,775,60,123,0,0,60.068951531129585,20.421821131616305,0.0,0.06083958629081322,2.494423037923342
3157708,Santa Juliana - MG,13511,9562,2219,239,51,0,342,1097,0,0,70.77196358522686,16.42365479979276,1.7689290207978685,0.37747020945895937,8.119310191695655
3157807,Santa Luzia - MG,191006,84487,73599,3995,1351,33,8885,18474,0,182,44.23264190653697,38.532297414740896,2.0915573332774886,0.7073076238442771,9.671947478089693
3157906,Santa Margarida - MG,14018,8596,4773,37,0,0,134,478,0,0,61.32115851048652,34.04907975460123,0.2639463546868312,0.0,3.409901555143387
3158003,Santa Maria de Itabira - MG,9110,7227,1733,5,6,0,32,107,0,0,79.33040614709111,19.02305159165752,0.054884742041712405,0.06586169045005488,1.1745334796926454
3158102,Santa Maria do Salto - MG,4184,2540,1120,37,32,0,90,366,0,0,60.70745697896749,26.76864244741874,0.884321223709369,0.7648183556405354,8.747609942638624
3158201,Santa Maria do Suaçuí - MG,11232,9386,1611,50,0,0,74,101,5,5,83.56481481481481,14.342948717948717,0.44515669515669515,0.0,0.8992165242165242
3158300,Santana da Vargem - MG,5982,4812,984,27,0,0,80,72,0,6,80.44132397191575,16.449348044132396,0.45135406218655966,0.0,1.2036108324974926
3158409,Santana de Cataguases - MG,3167,2128,748,27,3,0,79,182,0,0,67.19292706030944,23.618566466687717,0.8525418377012945,0.0947268708556994,5.746763498579097
3158508,Santana de Pirapama - MG,6380,5614,664,0,2,0,65,35,0,0,87.99373040752351,10.407523510971787,0.0,0.03134796238244514,0.54858934169279
3158607,Santana do Deserto - MG,3293,2010,962,42,7,0,53,220,0,0,61.038566656544184,29.213483146067414,1.2754327361068933,0.21257212268448222,6.680838141512298
3158706,Santana do Garambéu - MG,1913,1742,151,7,0,0,5,8,0,0,91.06116048092002,7.893361212754836,0.36591740721380034,0.0,0.4181913225300575
3158805,Santana do Jacaré - MG,3772,2977,696,6,0,0,35,55,0,3,78.9236479321315,18.451749734888654,0.15906680805938495,0.0,1.4581124072110285
3158904,Santana do Manhuaçu - MG,7725,5604,1588,0,6,0,131,392,4,0,72.54368932038835,20.55663430420712,0.0,0.07766990291262135,5.074433656957929
3158953,Santana do Paraíso - MG,38261,17482,15982,105,140,0,2540,1960,0,52,45.69143514283474,41.770993962520585,0.27443088262199106,0.3659078434959881,5.122709808943833
3159001,Santana do Riacho - MG,4692,3153,904,76,9,0,95,454,0,0,67.1994884910486,19.26683716965047,1.619778346121057,0.1918158567774936,9.676044330775788
3159100,Santana dos Montes - MG,3117,2638,366,3,3,0,81,18,0,7,84.632659608598,11.742059672762272,0.09624639076034648,0.09624639076034648,0.5774783445620789
3159209,Santa Rita de Caldas - MG,7669,6399,871,19,0,0,198,174,0,9,83.43982266266788,11.357412961272656,0.24775068457426,0.0,2.268874690311644
3159308,Santa Rita de Jacutinga - MG,4250,3623,484,46,9,0,37,48,0,3,85.24705882352941,11.388235294117647,1.0823529411764705,0.21176470588235294,1.1294117647058823
3159357,Santa Rita de Minas - MG,5856,3566,1935,9,3,0,89,243,0,11,60.8948087431694,33.04303278688525,0.15368852459016394,0.05122950819672131,4.149590163934426
3159407,Santa Rita de Ibitipoca - MG,2942,2731,194,0,0,0,0,14,0,2,92.82800815771584,6.594153636981646,0.0,0.0,0.47586675730795375
3159506,Santa Rita do Itueto - MG,5057,2976,1573,44,4,0,29,431,0,0,58.84912003163931,31.105398457583547,0.8700810757366028,0.07909827961241843,8.522839628238085
3159605,Santa Rita do Sapucaí - MG,35788,25837,6401,1083,84,0,1064,1308,0,12,72.19459036548564,17.88588353638091,3.0261540181066278,0.2347155471107634,3.65485637643903
3159704,Santa Rosa da Serra - MG,2966,1882,774,13,0,0,41,256,0,0,63.452461227242075,26.09575185434929,0.4383007417397168,0.0,8.631153068105192
3159803,Santa Vitória - MG,18433,12108,4131,480,38,0,717,932,0,27,65.68654044376933,22.410893506211686,2.6040253892475453,0.20615200998209732,5.05614929745565
3159902,Santo Antônio do Amparo - MG,15291,12732,2072,163,10,0,164,139,11,0,83.26466548950363,13.550454515728205,1.06598652802302,0.06539794650447976,0.9090314564122687
3160009,Santo Antônio do Aventureiro - MG,3384,2537,531,9,38,0,50,219,0,0,74.97044917257683,15.691489361702128,0.26595744680851063,1.1229314420803782,6.471631205673759
3160108,Santo Antônio do Grama - MG,3679,3061,474,2,12,0,28,102,0,0,83.20195705354716,12.883935852133732,0.05436259853220984,0.32617559119325906,2.772492525142702
3160207,Santo Antônio do Itambé - MG,3512,2834,583,28,2,0,5,60,0,0,80.69476082004556,16.6002277904328,0.7972665148063781,0.05694760820045558,1.7084282460136675
3160306,Santo Antônio do Jacinto - MG,9042,5967,2375,5,0,0,145,545,0,6,65.99203715992037,26.266312762663127,0.055297500552975005,0.0,6.027427560274275
3160405,Santo Antônio do Monte - MG,23966,20073,3197,24,22,0,317,278,33,22,83.7561545522824,13.339731285988483,0.10014186764583159,0.09179671200867896,1.1599766335642159
3160454,Santo Antônio do Retiro - MG,5765,4506,1126,0,0,0,13,120,0,0,78.16131830008673,19.5316565481353,0.0,0.0,2.0815264527320037
3160504,Santo Antônio do Rio Abaixo - MG,1634,1456,146,2,0,0,12,19,0,0,89.10648714810281,8.935128518971847,0.12239902080783353,0.0,1.1627906976744187
3160603,Santo Hipólito - MG,2445,1830,411,10,2,0,69,122,0,0,74.84662576687117,16.809815950920246,0.40899795501022496,0.081799591002045,4.989775051124744
3160702,Santos Dumont - MG,37772,26481,8331,892,446,0,458,1116,29,21,70.10748702742772,22.056020332521445,2.361537646934237,1.1807688234671185,2.9545695223975432
3160801,São Bento Abade - MG,4041,2896,957,9,4,0,51,125,0,0,71.66542934917099,23.682256867112102,0.22271714922049,0.0989853996535511,3.093293739173472
3160900,São Brás do Suaçuí - MG,3564,2783,512,4,7,0,145,112,0,0,78.08641975308642,14.3658810325477,0.1122334455667789,0.19640852974186307,3.142536475869809
3160959,São Domingos das Dores - MG,4870,4094,631,17,0,0,0,128,0,0,84.06570841889118,12.956878850102669,0.3490759753593429,0.0,2.628336755646817
3161007,São Domingos do Prata - MG,15597,12165,2611,220,36,8,201,349,0,8,77.99576841700328,16.740398794639994,1.4105276655767134,0.2308136180034622,2.237609796755786
3161056,São Félix de Minas - MG,2841,1129,1481,0,0,0,26,204,0,0,39.739528335093276,52.12953185498064,0.0,0.0,7.1805702217529035
3161106,São Francisco - MG,44859,36386,7012,58,34,0,668,649,31,21,81.11192848703716,15.631199982166343,0.1292940101206001,0.0757930404155242,1.4467553891080942
3161205,São Francisco de Paula - MG,5551,4665,789,10,0,0,56,25,6,0,84.03891190776437,14.213655197261755,0.18014772113132768,0.0,0.4503693028283192
3161304,São Francisco de Sales - MG,5029,3875,820,106,3,0,98,115,0,13,77.0530920660171,16.305428514615233,2.1077749055478225,0.059654006760787436,2.286736925830185
3161403,São Francisco do Glória - MG,4281,3380,758,4,13,0,24,103,0,0,78.9535155337538,17.706143424433545,0.09343611305769679,0.3036673674375146,2.4059799112356925
3161502,São Geraldo - MG,9076,6472,2024,49,25,0,170,331,0,4,71.30894667254297,22.300572939620977,0.5398854120758043,0.2754517408550022,3.646981048920229
3161601,São Geraldo da Piedade - MG,2949,2054,703,0,13,0,43,136,0,0,69.65072906069854,23.83858935232282,0.0,0.4408273991183452,4.611732790776534
3161650,São Geraldo do Baixio - MG,2772,1312,1092,3,0,0,12,353,0,0,47.33044733044733,39.39393939393939,0.10822510822510822,0.0,12.734487734487734
3161700,São Gonçalo do Abaeté - MG,6377,4331,1716,13,0,0,23,294,0,0,67.91594793790183,26.909204955308137,0.20385761329778893,0.0,4.610318331503842
3161809,São Gonçalo do Pará - MG,10344,7951,1762,85,34,0,169,336,0,8,76.86581593194123,17.03402938901779,0.8217324052590874,0.32869296210363497,3.2482598607888633
3161908,São Gonçalo do Rio Abaixo - MG,10324,7500,2250,39,34,0,221,261,0,18,72.64626113909337,21.79387834172801,0.37776055792328556,0.32932971716389,2.5280898876404496
3162005,São Gonçalo do Sapucaí - MG,20912,16500,3579,142,45,9,281,355,0,0,78.90206579954094,17.114575363427697,0.6790359602142311,0.21518745218056617,1.6975899005355777
3162104,São Gotardo - MG,35276,25464,6580,323,54,0,447,2386,22,0,72.18505499489738,18.65290849302642,0.9156366935026647,0.1530785803379068,6.763805420115659
3162203,São João Batista do Glória - MG,6766,5130,1245,56,0,0,173,163,0,0,75.82027785988767,18.400827667750516,0.8276677505172924,0.0,2.4091043452556904
3162252,São João da Lagoa - MG,4150,3723,374,0,0,0,27,25,0,0,89.71084337349397,9.012048192771084,0.0,0.0,0.6024096385542169
3162302,São João da Mata - MG,2616,1836,691,3,0,0,25,62,0,0,70.18348623853211,26.414373088685014,0.11467889908256881,0.0,2.3700305810397553
3162401,São João da Ponte - MG,20850,17435,2981,21,37,0,236,140,0,0,83.621103117506,14.29736211031175,0.10071942446043165,0.1774580335731415,0.6714628297362111
3162450,São João das Missões - MG,10559,7741,2007,0,1,2,306,456,0,45,73.3118666540392,19.007481769106924,0.0,0.00947059380623165,4.318590775641633
3162500,São João del Rei - MG,81182,63836,9342,1810,702,0,1543,3627,0,321,78.63319455051612,11.507477026927152,2.229558276465226,0.8647237072257397,4.467739153999655
3162559,São João do Manhuaçu - MG,9525,4272,4284,0,3,0,263,704,0,0,44.8503937007874,44.976377952755904,0.0,0.031496062992125984,7.391076115485564
3162575,São João do Manteninha - MG,4682,2225,1717,0,0,0,58,682,0,0,47.522426313541224,36.672362238359675,0.0,0.0,14.566424604869713
3162609,São João do Oriente - MG,6262,3227,2213,5,0,31,251,534,0,0,51.5330565314596,35.3401469179176,0.07984669434685404,0.0,8.527626956244012
3162658,São João do Pacuí - MG,3474,2546,776,0,0,0,107,46,0,0,73.28727691421992,22.337363270005756,0.0,0.0,1.3241220495106505
3162708,São João do Paraíso - MG,20946,16425,3511,27,0,0,212,739,10,22,78.41592666857633,16.762150291225055,0.1289028931538241,0.0,3.5281199274324453
3162807,São João Evangelista - MG,13378,10695,2029,50,16,0,218,340,9,20,79.94468530423083,15.166691583196293,0.3737479443863059,0.11959934220361788,2.5414860218268798
3162906,São João Nepomuceno - MG,22552,15184,5328,363,149,0,571,927,30,0,67.32884001418942,23.625399077687124,1.609613338063143,0.6606952820148989,4.110500177367861
3162922,São Joaquim de Bicas - MG,29764,11299,11696,455,136,33,1849,3818,0,479,37.96196747748959,39.29579357613224,1.528692380056444,0.45692783228060746,12.827576938583524
3162948,São José da Barra - MG,6749,4823,1389,71,3,0,244,219,0,0,71.46243887983405,20.58082678915395,1.0520077048451622,0.044451029782189955,3.244925174099867
3162955,São José da Lapa - MG,22566,11042,7495,386,27,0,1255,2293,16,53,48.932021625454226,33.2136843038199,1.7105379774882568,0.11964902951342728,10.16130461756625
3163003,São José da Safira - MG,3279,2009,920,0,0,0,30,320,0,0,61.26867947544983,28.057334553217444,0.0,0.0,9.759072888075632
3163102,São José da Varginha - MG,3983,3099,752,25,2,0,34,70,0,0,77.8056741149887,18.880241024353502,0.6276675872457946,0.05021340697966357,1.757469244288225
3163201,São José do Alegre - MG,3636,2817,701,13,2,0,60,43,0,0,77.47524752475248,19.27942794279428,0.35753575357535755,0.05500550055005501,1.1826182618261827
3163300,São José do Divino - MG,3026,1872,854,0,0,0,93,207,0,0,61.86384666226041,28.222075346992728,0.0,0.0,6.840713813615333
3163409,São José do Goiabal - MG,4832,3561,1072,29,0,0,115,52,0,2,73.69619205298014,22.185430463576157,0.6001655629139073,0.0,1.076158940397351
3163508,São José do Jacuri - MG,5462,4427,849,7,3,0,55,121,0,0,81.0508971072867,15.54375686561699,0.12815818381545221,0.054924935920908094,2.2153057488099597
3163607,São José do Mantimento - MG,2380,1559,735,4,0,4,35,43,0,0,65.50420168067227,30.88235294117647,0.16806722689075632,0.0,1.8067226890756303
3163706,São Lourenço - MG,40040,25637,8498,1413,200,0,2336,1946,0,9,64.02847152847153,21.223776223776223,3.528971028971029,0.4995004995004995,4.86013986013986
3163805,São Miguel do Anta - MG,5699,4891,598,42,3,0,25,140,0,0,85.8220740480786,10.493068959466573,0.7369713984909634,0.05264081417792595,2.456571328303211
3163904,São Pedro da União - MG,4341,3463,661,16,3,0,132,64,0,3,79.7742455655379,15.226906242801197,0.36857866850956,0.0691085003455425,1.47431467403824
3164001,São Pedro dos Ferros - MG,6368,5098,994,41,6,0,84,116,0,29,80.05653266331659,15.609296482412061,0.6438442211055276,0.0942211055276382,1.821608040201005
3164100,São Pedro do Suaçuí - MG,4522,3031,1257,3,0,0,59,172,0,0,67.02786377708978,27.797434763379037,0.06634232640424591,0.0,3.8036267138434323
3164209,São Romão - MG,8920,7531,1224,17,0,0,86,62,0,0,84.42825112107623,13.721973094170403,0.1905829596412556,0.0,0.695067264573991
3164308,São Roque de Minas - MG,6392,4820,949,239,10,0,123,252,0,0,75.40675844806007,14.846683354192741,3.739048811013767,0.15644555694618273,3.942428035043805
3164407,São Sebastião da Bela Vista - MG,5500,3256,1867,36,6,0,67,258,0,9,59.2,33.945454545454545,0.6545454545454545,0.10909090909090909,4.6909090909090905
3164431,São Sebastião da Vargem Alegre - MG,2773,1845,819,11,2,0,27,69,0,0,66.53443923548504,29.534799855751892,0.3966822935448972,0.0721240533717995,2.4882798413270826
3164472,São Sebastião do Anta - MG,5365,3894,1178,0,0,0,179,114,0,0,72.58154706430568,21.95712954333644,0.0,0.0,2.124883504193849
3164506,São Sebastião do Maranhão - MG,8934,6709,2099,0,0,0,48,78,0,0,75.09514215357063,23.494515334676517,0.0,0.0,0.8730691739422431
3164605,São Sebastião do Oeste - MG,7513,5907,1181,34,4,0,111,276,0,0,78.62371888726207,15.71941967256755,0.4525489152136297,0.05324104884866232,3.6736323705577
3164704,São Sebastião do Paraíso - MG,63234,42610,13565,2229,531,0,1647,2599,0,53,67.38463484834108,21.452066926020812,3.5250023721415693,0.8397381155707373,4.110130625929089
3164803,São Sebastião do Rio Preto - MG,1131,945,154,0,3,0,4,24,0,0,83.55437665782493,13.616268788682582,0.0,0.26525198938992045,2.1220159151193636
3164902,São Sebastião do Rio Verde - MG,2050,1729,244,18,0,0,23,37,0,0,84.34146341463415,11.902439024390244,0.8780487804878049,0.0,1.8048780487804879
3165008,São Tiago - MG,9921,8687,894,27,0,0,155,158,0,0,87.56173772805161,9.011188388267312,0.2721499848805564,0.0,1.5925813930047374
3165107,São Tomás de Aquino - MG,5946,4994,703,63,10,0,59,113,0,3,83.98923646148671,11.823074335687858,1.0595358224016145,0.16818028927009754,1.9004372687521023
3165206,São Tomé das Letras - MG,6073,4437,476,54,58,2,304,717,0,25,73.06109007080521,7.837971348592129,0.8891816235797794,0.9550469290301333,11.80635600197596
3165305,São Vicente de Minas - MG,6033,4835,619,45,27,0,350,156,0,0,80.14254931211669,10.260235372120007,0.7458975634012929,0.44753853804077576,2.5857782197911487
3165404,Sapucaí-Mirim - MG,5533,4188,964,11,4,0,149,218,0,0,75.69130670522321,17.42273630941623,0.1988071570576541,0.07229351165732875,3.939996385324417
3165503,Sardoá - MG,4489,2591,969,0,3,0,758,158,0,10,57.71886834484295,21.586099353976387,0.0,0.06683002895967921,3.5197148585431055
3165537,Sarzedo - MG,31730,13218,12962,219,132,0,2235,2959,0,6,41.65773715726442,40.85092971950835,0.6901985502678852,0.41601008509297194,9.325559407500787
3165552,Setubinha - MG,8392,6326,1852,0,5,0,35,174,0,0,75.38131553860819,22.068636796949477,0.0,0.05958055290753098,2.073403241182078
3165560,Sem-Peixe - MG,2242,1901,316,2,0,0,3,19,0,0,84.79036574487066,14.094558429973238,0.08920606601248884,0.0,0.847457627118644
3165578,Senador Amaral - MG,5313,4106,835,11,9,0,120,225,0,6,77.28213815170336,15.716167890080934,0.2070393374741201,0.16939582156973462,4.234895539243365
3165602,Senador Cortes - MG,1934,1267,477,23,12,3,15,137,0,0,65.511892450879,24.66390899689762,1.189245087900724,0.6204756980351603,7.083764219234746
3165701,Senador Firmino - MG,6865,6168,458,7,5,0,83,143,0,0,89.84705025491624,6.671522214129643,0.10196649672250546,0.07283321194464676,2.083029861616897
3165800,Senador José Bento - MG,1906,1514,316,8,0,0,5,64,0,0,79.43336831059811,16.57922350472193,0.4197271773347324,0.0,3.3578174186778593
3165909,Senador Modestino Gonçalves - MG,3599,3110,368,2,3,0,41,75,0,0,86.41289247013059,10.225062517365934,0.05557099194220617,0.08335648791330925,2.0839121978327313
3166006,Senhora de Oliveira - MG,4995,4485,421,4,0,0,24,61,0,0,89.7897897897898,8.428428428428429,0.08008008008008008,0.0,1.2212212212212212
3166105,Senhora do Porto - MG,2695,2054,525,0,0,0,17,100,0,0,76.2152133580705,19.48051948051948,0.0,0.0,3.7105751391465676
3166204,Senhora dos Remédios - MG,9329,8540,585,36,16,0,47,105,0,0,91.54250187587094,6.270768571122307,0.3858934505306035,0.17150820023582378,1.1255225640475934
3166303,Sericita - MG,6424,4453,1737,6,0,0,43,185,0,0,69.31818181818181,27.03922789539228,0.09339975093399751,0.0,2.8798256537982567
3166402,Seritinga - MG,1621,1253,254,4,0,0,80,25,0,3,77.29796421961753,15.669339913633559,0.24676125848241826,0.0,1.5422578655151142
3166501,Serra Azul de Minas - MG,3304,2511,592,0,17,0,132,50,0,3,75.99878934624698,17.91767554479419,0.0,0.5145278450363197,1.513317191283293
3166600,Serra da Saudade - MG,752,671,79,0,0,0,0,1,0,0,89.22872340425532,10.50531914893617,0.0,0.0,0.13297872340425532
3166709,Serra dos Aimorés - MG,6053,3457,1634,65,11,0,459,428,0,0,57.11217578060466,26.994878572608624,1.0738476788369404,0.18172806872625144,7.070873946803238
3166808,Serra do Salitre - MG,9972,7264,2219,21,16,0,109,321,0,23,72.84396309667068,22.252306458082632,0.21058965102286403,0.16044925792218212,3.2190132370637787
3166907,Serrania - MG,6743,4193,2286,44,13,0,125,83,0,0,62.183004597360224,33.90182411389589,0.6525285481239804,0.19279252558208512,1.2309061248702358
3166956,Serranópolis de Minas - MG,3891,3409,422,4,0,0,3,53,0,0,87.6124389617065,10.845540992032896,0.10280133641737342,0.0,1.3621177075301978
3167004,Serranos - MG,1777,1576,183,2,0,0,14,2,0,0,88.68880135059088,10.298255486775464,0.11254924029262803,0.0,0.11254924029262803
3167103,Serro - MG,19453,16156,2531,58,19,0,139,549,0,0,83.05145735876215,13.01084665604277,0.29815452629414485,0.09767131033773711,2.8221868092325093
3167202,Sete Lagoas - MG,201691,136379,42295,5476,1147,31,5971,10111,53,227,67.61779157225656,20.970196984496084,2.7150443004397817,0.5686917115786029,5.013114120114433
3167301,Silveirânia - MG,2054,1801,137,8,0,0,25,84,0,0,87.68257059396299,6.669912366114898,0.3894839337877313,0.0,4.089581304771178
3167400,Silvianópolis - MG,5513,4408,932,39,21,0,52,61,0,0,79.95646653364774,16.90549610012697,0.7074188282241973,0.3809178305822601,1.1064756031198983
3167509,Simão Pereira - MG,2622,1728,687,54,22,0,100,32,0,0,65.90389016018307,26.20137299771167,2.059496567505721,0.8390541571319603,1.2204424103737606
3167608,Simonésia - MG,16862,12261,3745,49,9,0,219,578,0,0,72.71379433044716,22.209702289170917,0.29059423555924563,0.0533744514292492,3.4278258806784487
3167707,Sobrália - MG,4564,2805,1344,19,3,0,101,280,0,12,61.459246275197195,29.447852760736197,0.4163014899211218,0.06573181419807186,6.134969325153374
3167806,Soledade de Minas - MG,4993,3358,1226,31,10,0,235,133,0,0,67.2541558181454,24.554376126577207,0.6208692169036651,0.2002803925495694,2.663729220909273
3167905,Tabuleiro - MG,3609,3133,344,12,0,0,38,79,0,4,86.81075090052646,9.531726239955667,0.3325020781379884,0.0,2.1889720144084235
3168002,Taiobeiras - MG,28770,22128,5028,241,57,0,499,816,0,0,76.91345151199165,17.476538060479665,0.8376781369482099,0.1981230448383733,2.8362877997914495
3168051,Taparuba - MG,3011,1562,1105,7,6,0,73,258,0,0,51.87645300564596,36.698771172367984,0.23248090335436733,0.19926934573231483,8.568581866489538
3168101,Tapira - MG,3541,2667,707,25,3,0,52,87,0,0,75.31770686246823,19.966111268003388,0.7060152499293985,0.08472182999152782,2.4569330697543066
3168200,Tapiraí - MG,1493,1230,214,16,0,0,33,0,0,0,82.38446081714669,14.33355659745479,1.071667782987274,0.0,0.0
3168309,Taquaraçu de Minas - MG,3758,2642,935,18,0,0,88,75,0,0,70.30335284725918,24.88025545502927,0.47897817988291647,0.0,1.9957424161788184
3168408,Tarumirim - MG,12949,9488,3008,18,13,0,120,290,0,12,73.27206734110742,23.22959301876593,0.13900687311761525,0.10039385280716658,2.2395551780060234
3168507,Teixeiras - MG,10984,8981,1551,101,6,0,95,251,0,0,81.76438455935907,14.12053896576839,0.9195193008011653,0.05462490895848507,2.285142024763292
3168606,Teófilo Otoni - MG,120652,66571,39225,1624,287,261,4219,8209,182,75,55.17604349699963,32.51085767330836,1.3460199582269667,0.23787421675562775,6.803865663229785
3168705,Timóteo - MG,71941,30791,30896,540,159,9,3910,5501,55,81,42.80035028704077,42.94630322069474,0.750615087363256,0.22101444239029205,7.64654369552828
3168804,Tiradentes - MG,6860,4928,956,157,53,0,237,529,0,0,71.83673469387755,13.935860058309038,2.2886297376093294,0.7725947521865889,7.711370262390671
3168903,Tiros - MG,6970,6049,785,21,13,0,59,37,0,6,86.78622668579627,11.262553802008608,0.3012912482065997,0.18651362984218078,0.5308464849354376
3169000,Tocantins - MG,14384,11825,1869,77,48,0,251,308,0,5,82.20939933259177,12.993604004449388,0.5353170189098999,0.3337041156840934,2.1412680756395996
3169059,Tocos do Moji - MG,3493,3209,206,14,10,0,32,22,0,0,91.86945319209848,5.897509304322932,0.40080160320641284,0.286286859433152,0.6298310907529344
3169109,Toledo - MG,6305,4587,1276,49,17,0,182,194,0,0,72.75178429817605,20.237906423473433,0.7771609833465504,0.2696272799365583,3.076923076923077
3169208,Tombos - MG,7684,5399,1579,173,31,0,147,354,0,0,70.26288391462779,20.549193128578864,2.2514315460697554,0.4034357105674128,4.6069755335762625
3169307,Três Corações - MG,65844,45279,15536,883,363,0,1350,2371,0,62,68.76708583925642,23.595164327805115,1.3410485389709008,0.55130308000729,3.6009355446206186
3169356,Três Marias - MG,25323,16950,6451,274,39,0,675,896,0,37,66.93519725151049,25.47486474746278,1.0820202977530309,0.1540101883663073,3.5382853532361884
3169406,Três Pontas - MG,49024,38678,8267,352,349,0,562,775,0,42,78.89605091383812,16.86316906005222,0.7180156657963447,0.7118962140992167,1.5808583550913837
3169505,Tumiritinga - MG,5157,2633,1900,2,2,0,166,454,0,0,51.056815978281946,36.84312584836145,0.03878223773511732,0.03878223773511732,8.80356796587163
3169604,Tupaciguara - MG,22562,12932,5185,1638,269,8,357,2005,0,169,57.3176136867299,22.98111869515114,7.259994681322578,1.1922701888130485,8.886623526283131
3169703,Turmalina - MG,17499,11632,3796,78,0,0,986,1008,0,0,66.4723698497057,21.692668152465856,0.4457397565575176,0.0,5.760329161666381
3169802,Turvolândia - MG,4306,2954,1181,7,0,0,92,68,0,5,68.6019507663725,27.42684626103112,0.1625638643752903,0.0,1.5791918253599628
3169901,Ubá - MG,91068,63393,18899,2551,589,0,2197,3384,42,13,69.61062063512979,20.752624412526902,2.8012034962884877,0.6467694470066324,3.715904598761365
3170008,Ubaí - MG,10181,8670,1306,0,0,0,38,167,0,0,85.15862881838719,12.827816520970435,0.0,0.0,1.6403103820842746
3170057,Ubaporanga - MG,11326,8407,2353,49,5,0,154,358,0,0,74.22744128553771,20.775207487197598,0.4326328800988875,0.04414621225498852,3.1608687974571783
3170107,Uberaba - MG,297132,155145,50555,43323,8595,119,14467,24319,184,425,52.21416744073341,17.014323600285394,14.580388514195711,2.8926537700415977,8.184577898038583
3170206,Uberlândia - MG,625538,303325,178518,37420,6518,46,37055,61593,130,934,48.49025958454962,28.53831421912018,5.982050650799792,1.0419830609811074,9.846404215251512
3170305,Umburatiba - MG,2352,1231,793,0,4,0,28,296,0,0,52.33843537414966,33.715986394557824,0.0,0.17006802721088435,12.585034013605442
3170404,Unaí - MG,75227,53653,16863,616,153,0,1216,2534,13,178,71.32146702646656,22.41615377457562,0.8188549324045887,0.20338442314594493,3.368471426482513
3170438,União de Minas - MG,3373,2502,693,21,9,0,17,132,0,0,74.17729024607175,20.54550844945153,0.6225911651348948,0.26682478505781204,3.91343018084791
3170479,Uruana de Minas - MG,2868,1994,635,8,4,0,82,146,0,0,69.5258019525802,22.140864714086472,0.2789400278940028,0.1394700139470014,5.0906555090655505
3170503,Urucânia - MG,9238,6088,2830,18,5,0,141,157,0,0,65.90171032691059,30.634336436458106,0.19484736956051094,0.054124269322364145,1.6995020567222343
3170529,Urucuia - MG,14598,11649,2677,19,0,0,146,92,6,9,79.79860254829428,18.3381285107549,0.13015481572818194,0.0,0.6302233182627758
3170578,Vargem Alegre - MG,5110,2703,1833,10,3,0,212,348,0,0,52.89628180039139,35.87084148727984,0.19569471624266144,0.05870841487279843,6.8101761252446185
3170602,Vargem Bonita - MG,1912,1176,554,87,0,0,12,83,0,0,61.50627615062761,28.97489539748954,4.550209205020921,0.0,4.341004184100418
3170651,Vargem Grande do Rio Pardo - MG,4003,3470,493,0,0,0,12,21,0,7,86.68498626030477,12.315763177616788,0.0,0.0,0.5246065450911817
3170701,Varginha - MG,120226,86216,23033,2032,593,0,3728,4342,174,108,71.71160980154043,19.158085605443084,1.690150217091145,0.4932377355979572,3.611531615457555
3170750,Varjão de Minas - MG,5992,4734,1195,3,0,0,14,45,0,0,79.00534045393859,19.943257676902537,0.050066755674232306,0.0,0.7510013351134847
3170800,Várzea da Palma - MG,29593,23275,4834,235,87,0,661,422,56,22,78.65035650322712,16.33494407461224,0.7941067144257088,0.293988443212922,1.4260129084580813
3170909,Varzelândia - MG,16182,12206,3277,18,0,0,313,364,0,5,75.42948955629711,20.25089605734767,0.11123470522803114,0.0,2.24941292794463
3171006,Vazante - MG,17284,13252,3201,221,21,0,274,245,10,60,76.67206665123814,18.520018514232817,1.2786392038879888,0.12149965285813469,1.4174959500115714
3171030,Verdelândia - MG,6442,5177,1040,0,0,0,42,182,0,0,80.36324122943185,16.14405464141571,0.0,0.0,2.8252095622477493
3171071,Veredinha - MG,4546,3923,510,6,0,0,66,41,0,0,86.29564452265728,11.218653761548614,0.13198416190057194,0.0,0.9018917729872415
3171105,Veríssimo - MG,3009,1813,529,461,56,0,125,25,0,0,60.252575606513794,17.58059155865736,15.320704553007644,1.8610834164174144,0.8308408109006314
3171154,Vermelho Novo - MG,4323,3863,360,3,3,0,41,53,0,0,89.35924126763821,8.327550312283137,0.06939625260235947,0.06939625260235947,1.226000462641684
3171204,Vespasiano - MG,111237,49262,41820,1439,749,18,7304,10574,11,60,44.28562438756889,37.595404406807084,1.2936343123241367,0.6733371090554402,9.505829894729272
3171303,Viçosa - MG,68175,50517,9726,1244,346,0,1688,4578,18,57,74.0990099009901,14.266226622662266,1.8247158049138248,0.5075174184085075,6.715071507150715
3171402,Vieiras - MG,3310,2734,435,20,0,0,66,54,0,0,82.59818731117825,13.141993957703928,0.6042296072507553,0.0,1.6314199395770392
3171501,Mathias Lobato - MG,2641,1404,800,0,0,0,79,359,0,0,53.161681181370696,30.29155622870125,0.0,0.0,13.593335857629686
3171600,Virgem da Lapa - MG,10518,8241,1820,7,19,0,232,199,0,0,78.35139760410725,17.303669899220385,0.06655257653546301,0.1806427077391139,1.8919946757938773
3171709,Virgínia - MG,7974,7036,732,21,6,0,61,118,0,0,88.23676950087786,9.179834462001505,0.2633559066967645,0.07524454477050414,1.4798093804865813
3171808,Virginópolis - MG,9061,7206,1518,14,0,0,135,187,0,0,79.52764595519258,16.75311775742192,0.15450833241364087,0.0,2.0637898686679175
3171907,Virgolândia - MG,4046,3196,694,0,0,0,41,116,0,0,78.99159663865547,17.152743450321307,0.0,0.0,2.867029164607019
3172004,Visconde do Rio Branco - MG,34281,23767,7113,640,268,0,981,1503,0,9,69.32994953472769,20.74910300166273,1.8669233686298532,0.781774160613751,4.384352848516671
3172103,Volta Grande - MG,3926,2434,1093,80,49,0,82,186,0,2,61.996943453897096,27.84004075394804,2.0376974019358127,1.248089658685685,4.737646459500764
3172202,Wenceslau Braz - MG,2121,1643,404,6,4,0,21,43,0,0,77.46346063177747,19.047619047619047,0.2828854314002829,0.1885902876001886,2.0273455917020273
3200102,Afonso Cláudio - ES,26866,14345,10540,67,0,10,246,1656,0,2,53.394625176803395,39.23174272314449,0.24938584083972307,0.0,6.163924663143006
3200136,Águia Branca - ES,8447,6384,1557,0,16,0,87,394,4,5,75.57712797442879,18.432579614064164,0.0,0.1894163608381674,4.6643778856398725
3200169,Água Doce do Norte - ES,10489,4181,4931,0,0,0,235,1137,4,1,39.86080655925255,47.01115454285442,0.0,0.0,10.839927543140433
3200201,Alegre - ES,25763,13018,7957,1406,251,0,1021,2108,0,1,50.52982960058999,30.88537825563793,5.457438962853705,0.9742654193999146,8.1822769087451
3200300,Alfredo Chaves - ES,12338,10071,1964,43,17,0,56,166,0,20,81.62587129194358,15.918301183336036,0.3485167774355649,0.13778570270708382,1.3454368617279948
3200359,Alto Rio Novo - ES,6482,2374,3023,1,0,0,53,1014,0,17,36.62449861153965,46.636840481332925,0.015427337241592102,0.0,15.64331996297439
3200409,Anchieta - ES,25900,14583,7717,192,69,0,851,2177,172,138,56.30501930501931,29.795366795366796,0.7413127413127413,0.26640926640926643,8.405405405405405
3200508,Apiacá - ES,6390,3849,1872,15,20,0,171,459,0,3,60.23474178403756,29.295774647887324,0.2347417840375587,0.3129890453834116,7.183098591549296
3200607,Aracruz - ES,80951,37670,28526,411,232,283,3452,10126,34,215,46.53432323257279,35.238601129078084,0.5077145433657397,0.2865931242356487,12.50880162073353
3200706,Atílio Vivácqua - ES,9078,5133,3314,6,14,0,54,551,0,6,56.54329147389293,36.50583829037233,0.06609385327164574,0.1542189909671734,6.069618858779467
3200805,Baixo Guandu - ES,26626,12569,10877,74,56,0,335,2684,0,31,47.205738751596186,40.851047847968154,0.27792383384661606,0.21032073912716892,10.080372568166453
3200904,Barra de São Francisco - ES,36722,13933,17605,88,0,0,505,4483,0,109,37.94183323348401,47.94128860083873,0.23963836392353358,0.0,12.207940743968193
3201001,Boa Esperança - ES,11790,7310,3411,0,5,0,180,884,0,0,62.00169635284139,28.931297709923665,0.0,0.04240882103477523,7.497879558948261
3201100,Bom Jesus do Norte - ES,9034,5127,2768,77,44,0,296,712,0,9,56.75226920522471,30.639805180429487,0.852335620987381,0.48704892627850344,7.88133717068851
3201159,Brejetuba - ES,11035,4795,3908,44,0,0,226,2033,0,29,43.452650657000454,35.41458994109651,0.3987313094698686,0.0,18.423198912550973
3201209,Cachoeiro de Itapemirim - ES,162945,90087,55424,1272,541,11,2837,12612,11,151,55.28675319893215,34.013931081039615,0.7806315014268618,0.33201386971063857,7.740034981128602
3201308,Cariacica - ES,305031,113727,126255,1004,1153,0,14268,48249,103,273,37.28375148755372,41.390875025817046,0.3291468735964541,0.37799436778556933,15.81773655792362
3201407,Castelo - ES,32664,26086,4589,362,219,9,191,1122,0,86,79.86162135684546,14.049106049473426,1.1082537349987753,0.6704628949301984,3.434974283614989
3201506,Colatina - ES,105375,66952,29374,479,235,21,1864,6333,4,113,63.536892052194545,27.875682087781733,0.4545670225385528,0.22301304863582444,6.009964412811388
3201605,Conceição da Barra - ES,23529,10069,8772,99,65,0,1096,3415,0,14,42.79399889498066,37.2816524289175,0.42075736325385693,0.276254834459603,14.514003995069913
3201704,Conceição do Castelo - ES,10403,7856,1975,6,17,0,191,340,0,20,75.51667788138037,18.984908199557818,0.05767567047966932,0.16341439969239643,3.2682879938479283
3201803,Divino de São Lourenço - ES,4422,1857,1670,97,10,4,245,533,0,6,41.99457259158752,37.76571687019448,2.193577566711895,0.2261420171867933,12.053369516056083
3201902,Domingos Martins - ES,31225,16531,12872,72,53,0,353,1343,0,0,52.941553242594075,41.22337870296237,0.23058446757405926,0.16973578863090472,4.301040832666133
3202009,Dores do Rio Preto - ES,5796,3228,1629,220,10,0,120,589,0,0,55.6935817805383,28.1055900621118,3.795721187025535,0.1725327812284334,10.162180814354727
3202108,Ecoporanga - ES,19221,11389,6582,5,11,0,309,926,0,0,59.252900473440505,34.24379584829093,0.026013214713074242,0.05722907236876333,4.817647364861349
3202207,Fundão - ES,15784,9119,4665,70,42,12,507,1320,0,49,57.773694880892045,29.555245818550432,0.44348707551951344,0.26609224531170805,8.362899138367968
3202256,Governador Lindenberg - ES,9633,8261,1294,9,0,0,35,34,0,0,85.75729263988373,13.432990760925984,0.09342883836810963,0.0,0.35295338939063636
3202306,Guaçuí - ES,25332,12228,9170,1017,245,0,344,2291,0,37,48.27096162955945,36.199273645981364,4.01468498342018,0.967156166114006,9.043897047213012
3202405,Guarapari - ES,108885,51060,37119,1297,629,19,4417,14262,0,82,46.89351150296184,34.09009505441521,1.1911649905863986,0.5776736924277908,13.098222895715663
3202454,Ibatiba - ES,21762,8730,8918,149,33,0,316,3542,0,74,40.11579818031431,40.97968936678614,0.6846797169377814,0.15164047422111937,16.276077566400147
3202504,Ibiraçu - ES,10204,6398,2406,26,10,0,290,1057,5,11,62.700901607212856,23.578988631909056,0.25480203841630733,0.09800078400627205,10.358682869462955
3202553,Ibitirama - ES,8078,3148,4132,133,30,0,232,397,0,7,38.97004208962615,51.15127506808616,1.6464471403812826,0.37137905422134193,4.914582817529092
3202603,Iconha - ES,11015,8630,1890,0,5,0,178,310,0,2,78.34770767135724,17.158420335905582,0.0,0.04539264639128461,2.814344076259646
3202652,Irupi - ES,11766,4526,5136,242,0,0,203,1648,0,11,38.4667686554479,43.6511983681795,2.0567737548869625,0.0,14.006459289478157
3202702,Itaguaçu - ES,12161,7040,4566,4,2,0,132,405,0,12,57.88997615327687,37.546254419866784,0.03289203190527095,0.016446015952635475,3.3303182304086834
3202801,Itapemirim - ES,34476,10123,17801,424,55,5,865,5202,0,0,29.362455041188074,51.6330200719341,1.2298410488455738,0.1595312681285532,15.088757396449704
3202900,Itarana - ES,9464,5447,3619,18,4,0,121,255,0,0,57.55494505494506,38.239644970414204,0.19019442096365174,0.042265426880811495,2.6944209636517327
3203007,Iúna - ES,24490,9897,9534,405,60,0,399,4184,0,12,40.41241322988975,38.93017558187015,1.6537362188648428,0.24499795835034707,17.08452429563087
3203056,Jaguaré - ES,24464,15703,6331,3,64,1,196,2105,0,61,64.18819489862655,25.878842380640943,0.012262916939175932,0.2616088947024199,8.60448005232178
3203106,Jerônimo Monteiro - ES,10140,5423,3186,238,57,0,135,1086,0,15,53.481262327416175,31.420118343195266,2.3471400394477318,0.5621301775147929,10.710059171597633
3203130,João Neiva - ES,12448,8416,3096,22,16,0,166,733,0,0,67.60925449871465,24.87146529562982,0.17673521850899743,0.12853470437017994,5.888496143958869
3203163,Laranja da Terra - ES,9967,2475,7264,0,0,0,40,188,0,0,24.831945419885624,72.88050566870673,0.0,0.0,1.8862245409852514
3203205,Linhares - ES,142924,72588,46641,494,434,299,4495,17797,79,95,50.78783129495396,32.633427555903836,0.34563824130307014,0.3036578881083653,12.452072430102712
3203304,Mantenópolis - ES,11118,4606,4689,0,0,0,249,1568,6,0,41.42831444504407,42.17485159201295,0.0,0.0,14.1032559812916
3203320,Marataízes - ES,36340,9557,19586,406,118,0,849,5820,4,0,26.298844248761696,53.89653274628508,1.1172261970280681,0.3247110621904238,16.01541001651073
3203346,Marechal Floriano - ES,15320,9422,4698,39,15,0,278,847,0,22,61.50130548302872,30.665796344647518,0.2545691906005222,0.097911227154047,5.528720626631854
3203353,Marilândia - ES,10977,8793,1830,0,50,0,37,268,0,0,80.10385351188849,16.671221645258267,0.0,0.45549785916006197,2.441468525097932
3203403,Mimoso do Sul - ES,21701,15468,4319,114,11,0,320,1461,0,8,71.27782129855767,19.902308649370998,0.5253214137597346,0.050688908345237545,6.732408644762915
3203502,Montanha - ES,16360,10088,4485,5,12,0,684,1068,0,18,61.66259168704156,27.41442542787286,0.030562347188264057,0.07334963325183375,6.528117359413203
3203601,Mucurici - ES,4764,3104,1119,13,0,0,80,435,0,14,65.15533165407221,23.488664987405542,0.27287993282955497,0.0,9.130982367758186
3203700,Muniz Freire - ES,15751,10594,4024,129,37,0,208,741,0,18,67.25922163672148,25.54758428036315,0.818995619325757,0.2349057202717288,4.704463208685163
3203809,Muqui - ES,12088,8465,2673,74,17,0,252,603,0,2,70.02812706816678,22.112839179351422,0.6121773659827928,0.14063534083388485,4.988418266048974
3203908,Nova Venécia - ES,42865,27708,11369,146,18,0,1019,2509,28,68,64.64014930596058,26.52280415257203,0.3406042225591975,0.04199230141140791,5.853260235623469
3204005,Pancas - ES,16586,6740,8116,30,0,0,293,1406,0,0,40.63668153864705,48.93283492101772,0.1808754371156397,0.0,8.477028819486314
3204054,Pedro Canário - ES,18265,8080,6953,2,64,0,583,2553,0,30,44.237612920886946,38.06734191075828,0.010949904188338352,0.35039693402682726,13.977552696413907
3204104,Pinheiros - ES,20466,11953,5629,10,3,0,852,1993,0,26,58.40418254666276,27.504153229746898,0.0488615264340858,0.01465845793022574,9.7381022183133
3204203,Piúma - ES,19390,9627,7106,218,16,0,397,1997,5,23,49.64930376482723,36.64775657555441,1.1242908715832904,0.08251676121712223,10.299123259412069
3204252,Ponto Belo - ES,5642,3534,1646,10,6,0,58,373,0,15,62.637362637362635,29.174051754696915,0.1772421127259837,0.10634526763559021,6.611130804679192
3204302,Presidente Kennedy - ES,11657,3451,5408,21,18,0,325,2424,0,9,29.604529467272883,46.39272540104658,0.1801492665351291,0.15441365703011067,20.794372480054903
3204351,Rio Bananal - ES,16696,12927,2749,6,35,0,146,832,0,0,77.42573071394347,16.46502156205079,0.035936751317680884,0.20963104935313848,4.983229516051749
3204401,Rio Novo do Sul - ES,9694,5751,3332,2,5,0,143,459,0,2,59.32535589024138,34.37177635650918,0.020631318341242006,0.05157829585310501,4.73488755931504
3204500,Santa Leopoldina - ES,11524,6415,4146,25,56,0,263,619,0,0,55.666435265532805,35.97709128774731,0.2169385629989587,0.48594238111766747,5.3713988198542175
3204559,Santa Maria de Jetibá - ES,35944,7674,26428,24,33,0,522,1262,0,0,21.34987758735811,73.52548408635656,0.0667705319385711,0.09180948141553527,3.5110171377698642
3204609,Santa Teresa - ES,20305,14182,4313,228,90,0,231,1244,0,17,69.84486579660182,21.241073627185422,1.1228761388820487,0.4432405811376508,6.126569810391529
3204658,São Domingos do Norte - ES,7562,4885,1821,0,0,0,49,797,0,11,64.59931235122983,24.080930970642687,0.0,0.0,10.539539804284582
3204708,São Gabriel da Palha - ES,28246,18384,7923,30,23,0,289,1588,0,10,65.0853218154783,28.049989379027117,0.1062097288111591,0.08142745875522198,5.622034978404022
3204807,São José do Calçado - ES,9557,5009,3572,37,27,0,119,738,0,55,52.41184472114681,37.37574552683897,0.3871507795333264,0.2825154337135084,7.722088521502563
3204906,São Mateus - ES,106752,52886,35385,601,366,0,5330,11941,93,150,49.54099220623501,33.146919964028775,0.5629871103117506,0.34285071942446044,11.185738908872901
3204955,São Roque do Canaã - ES,9818,7619,1841,24,0,0,85,179,0,70,77.60236300672234,18.7512731717254,0.24444897127724588,0.0,1.8231819107761256
3205002,Serra - ES,447311,159547,179396,3261,2593,82,31350,70510,242,329,35.6680251547581,40.105430002839185,0.7290229840088887,0.5796861691306496,15.763082061474009
3205010,Sooretama - ES,22218,9865,7811,0,39,0,950,3553,0,0,44.400936177873795,35.15617967413809,0.0,0.175533351336754,15.991538392294537
3205036,Vargem Alta - ES,16889,12093,3940,95,87,0,162,512,0,0,71.60281840251051,23.328793889513886,0.5624962993664515,0.5151281899461188,3.0315590029012967
3205069,Venda Nova do Imigrante - ES,20924,15387,4480,156,113,0,98,677,0,14,73.53756451921238,21.410820110877463,0.7455553431466259,0.5400497036895431,3.2355190212196523
3205101,Viana - ES,63141,23432,25907,213,139,36,1831,11541,0,42,37.11059375049492,41.03039229660601,0.33734023851380246,0.22014222137755182,18.278139402290112
3205150,Vila Pavão - ES,7783,3360,3871,3,0,0,85,464,0,0,43.17101374791211,49.73660542207375,0.03854554798920724,0.0,5.961711422330721
3205176,Vila Valério - ES,11887,7131,4097,5,15,0,65,546,0,28,59.98990493816775,34.46622360561958,0.04206275763439051,0.12618827290317153,4.593253133675444
3205200,Vila Velha - ES,413792,185477,150881,6257,3162,220,20829,46448,257,262,44.8237278632743,36.46300556801485,1.5121123656329751,0.7641520377387673,11.224963266568711
3205309,Vitória - ES,287821,141066,80564,7415,2223,23,13611,42581,44,294,49.01171214053179,27.991008300297754,2.576253991195917,0.7723550401117362,14.794264490777254
3300100,Angra dos Reis - RJ,144716,50813,56085,1783,1299,277,8510,25634,105,210,35.112219796014266,38.75521711490091,1.232068326929987,0.89762016639487,17.713314353630558
3300159,Aperibé - RJ,9749,4090,4183,112,27,0,125,1201,0,10,41.953020822648476,42.9069648169043,1.1488357780285157,0.2769514822033029,12.319212226895067
3300209,Araruama - RJ,113217,37571,43393,3637,2042,4,5218,21113,96,144,33.18494572369874,38.327283005202396,3.2124150966727614,1.8036160647252621,18.648259536995326
3300225,Areal - RJ,10301,5900,2672,598,79,0,197,855,0,0,57.27599262207553,25.93922920104844,5.805261625084944,0.7669158334142316,8.300165032521114
3300233,Armação dos Búzios - RJ,34778,8887,11568,653,330,0,5624,7588,36,92,25.553510840186323,33.26240726896314,1.8776237851515325,0.9488757260336995,21.818390936799126
3300258,Arraial do Cabo - RJ,27444,9786,9637,522,435,0,1953,4992,38,82,35.658067337122866,35.11514356507798,1.9020550940096197,1.585045911674683,18.189768255356363
3300308,Barra do Piraí - RJ,81802,36473,28055,4068,3024,0,2965,7041,5,171,44.58692941492873,34.29622747610083,4.972983545634581,3.696731131268184,8.607369012982568
3300407,Barra Mansa - RJ,150129,72849,53585,3680,1450,10,5918,12485,11,141,48.52426912854945,35.692637664941486,2.4512252795928835,0.9658360476656742,8.316181417314443
3300456,Belford Roxo - RJ,417580,111500,151409,6263,9824,60,24777,112817,38,891,26.701470376933763,36.25868097131089,1.4998323674505485,2.352603094017913,27.01685904497342
3300506,Bom Jardim - RJ,24741,15269,6617,239,101,0,500,2014,0,0,61.7153712461097,26.74507901863304,0.9660078412351967,0.40822925508265634,8.140333858776929
3300605,Bom Jesus do Itabapoana - RJ,30870,19150,9193,262,87,0,658,1521,0,0,62.03433754454163,29.779721412374474,0.8487204405571752,0.2818270165208941,4.927113702623907
3300704,Cabo Frio - RJ,193922,56275,81063,5224,2913,5,16078,31713,118,534,29.019399552397356,41.80185847918235,2.69386660616124,1.5021503491094357,16.35348232794629
3300803,Cachoeiras de Macacu - RJ,49893,12360,22483,601,534,16,2332,11501,10,57,24.77301425049606,45.06243360792095,1.2045777964844768,1.0702904215020144,23.05132984587016
3300902,Cambuci - RJ,13120,6902,4419,131,23,0,217,1421,0,8,52.60670731707317,33.68140243902439,0.9984756097560976,0.17530487804878048,10.830792682926829
3300936,Carapebus - RJ,12053,4744,5067,48,35,0,605,1540,0,13,39.35949556127105,42.039326308802785,0.39824110180038164,0.29038413672944496,12.776902016095578
3300951,Comendador Levy Gasparian - RJ,7632,4049,2370,234,60,3,229,678,0,9,53.05293501048218,31.053459119496857,3.0660377358490565,0.7861635220125787,8.883647798742139
3301009,Campos dos Goytacazes - RJ,419925,182485,153797,8356,3045,0,14746,56625,206,665,43.45656962552837,36.624873489313565,1.9898791450854318,0.7251294874084658,13.484550812645114
3301108,Cantagalo - RJ,17066,9918,5476,225,28,0,493,926,0,0,58.115551388726125,32.08719090589476,1.3184108754248214,0.16406890894175555,5.425993202859487
3301157,Cardoso Moreira - RJ,11438,4278,5005,111,17,0,243,1780,0,5,37.40164364399371,43.75764993880049,0.9704493792621087,0.14862738240951215,15.562161216995978
3301207,Carmo - RJ,15273,8734,4292,678,123,11,512,912,0,12,57.185883585412164,28.101879133110717,4.439206442742094,0.8053427617363975,5.971321940679631
3301306,Casimiro de Abreu - RJ,39829,10419,17940,769,503,67,2973,7143,0,14,26.159331140626175,45.04255693087951,1.930753973235582,1.2628988927665772,17.934168570639486
3301405,Conceição de Macabu - RJ,18301,6572,8502,110,53,0,698,2307,0,59,35.91060597781542,46.45647778809901,0.6010600513633135,0.28960166111141467,12.60586853177422
3301504,Cordeiro - RJ,18264,9670,5666,200,66,0,400,2191,50,22,52.94568550153307,31.022777047744196,1.0950503723171265,0.36136662286465177,11.996276828734121
3301603,Duas Barras - RJ,9656,6175,2620,57,10,0,293,486,0,15,63.94987572493786,27.133388566694283,0.5903065451532725,0.1035625517812759,5.033140016570008
3301702,Duque de Caxias - RJ,700633,207242,283344,12701,15506,114,44796,134643,140,2149,29.579251905062993,40.4411439369827,1.812789291968834,2.213141544860148,19.217336323010763
3301801,Engenheiro Paulo de Frontin - RJ,10927,4024,4356,394,259,0,423,1465,0,5,36.8262103047497,39.86455568774595,3.605747231628077,2.370275464445868,13.407156584606938
3301850,Guapimirim - RJ,44830,14395,16465,1135,790,0,2403,9314,97,231,32.11019406647334,36.72763774258309,2.5317867499442337,1.7622128039259424,20.776265893374973
3301876,Iguaba Grande - RJ,24993,9200,9363,1146,516,0,1778,2919,0,70,36.81030688592806,37.462489497059174,4.585283879486256,2.064578081862922,11.679270195654784
3301900,Itaboraí - RJ,195680,52371,86572,2902,3293,48,11293,38989,20,191,26.763593622240393,44.241618969746526,1.483033524121014,1.6828495502861816,19.92487735077678
3302007,Itaguaí - RJ,100333,24618,42453,2194,1871,0,8676,20220,210,91,24.536294140512094,42.3121007046535,2.1867182282997617,1.8647902484725862,20.152890873391605
3302056,Italva - RJ,12545,5808,4716,20,15,0,251,1735,0,0,46.29732961339179,37.59266640095656,0.15942606616181745,0.1195695496213631,13.830211239537665
3302106,Itaocara - RJ,20453,10740,7663,108,53,0,425,1464,0,0,52.51063413680145,37.46638634919083,0.5280398963477241,0.25913068987434607,7.15787415049137
3302205,Itaperuna - RJ,89744,46639,34860,725,381,0,2043,4488,481,127,51.96893385630237,38.84382242824033,0.8078534498128008,0.42454091638438224,5.000891424496345
3302254,Itatiaia - RJ,26997,13221,8711,684,325,0,1164,2806,6,79,48.972108012001335,32.26654813497796,2.5336148460940104,1.2038374634218616,10.393747453420751
3302270,Japeri - RJ,83168,15776,34530,1053,1125,19,4729,25798,0,139,18.968834166987303,41.51837245094267,1.2661119661408233,1.3526837245094268,31.019141977683724
3302304,Laje do Muriaé - RJ,6484,4690,1540,36,2,0,43,172,0,0,72.33189389265885,23.750771128932758,0.5552128315854411,0.030845157310302282,2.6526835286859964
3302403,Macaé - RJ,211487,64022,82176,5336,3543,0,13380,42757,40,233,30.272309881931278,38.856289039042586,2.5230865254129093,1.6752802772747262,20.217318322166374
3302452,Macuco - RJ,4774,2905,1575,17,6,0,48,223,0,0,60.85043988269795,32.99120234604106,0.35609551738583994,0.12568077084206117,4.671135316296606
3302502,Magé - RJ,197483,58765,77134,4597,4584,31,12023,39948,156,246,29.756991741061256,39.0585518753513,2.3277953038995762,2.3212124587939216,20.228576636976346
3302601,Mangaratiba - RJ,36448,15131,12167,1231,847,0,2294,4559,123,97,41.51393766461808,33.381804214223,3.377414398595259,2.323858647936787,12.50823090430202
3302700,Maricá - RJ,174199,62084,55598,7461,5674,24,11626,31546,107,79,35.639699424221725,31.916371506151012,4.283032623608632,3.257194358176568,18.109173990665848
3302809,Mendes - RJ,15473,7351,4809,462,258,0,657,1850,52,33,47.50856330381956,31.07994571188522,2.9858463129322046,1.6674206682608415,11.956310993343243
3302858,Mesquita - RJ,145101,43770,55574,3837,5218,13,9253,27139,61,235,30.165195277772035,38.300218468515034,2.644364959579879,3.596115808988222,18.70352375242073
3302908,Miguel Pereira - RJ,23793,8077,8916,1308,584,27,1297,3548,19,15,33.946959189677635,37.47320640524524,5.49741520615307,2.454503425377212,14.911948892531417
3303005,Miracema - RJ,23692,15679,6219,179,180,0,438,969,29,0,66.17845686307615,26.24936687489448,0.7555292925882154,0.7597501266250211,4.089988181664697
3303104,Natividade - RJ,13324,8284,4084,280,47,0,266,352,0,11,62.173521465025516,30.651456019213448,2.1014710297208046,0.3527469228459922,2.6418492945061542
3303203,Nilópolis - RJ,128428,41174,42223,3885,4768,12,7594,28525,30,219,32.059986918740464,32.87678699349052,3.0250412682592582,3.712586040427321,22.21088859127293
3303302,Niterói - RJ,433964,195018,96171,25815,13296,43,28912,73617,735,358,44.938750679779886,22.161054834041533,5.9486501184430045,3.0638486141707606,16.963849535906203
3303401,Nova Friburgo - RJ,170245,77917,50085,4999,2933,22,9357,24510,323,99,45.7675702663808,29.41936620752445,2.9363564275015417,1.7228112426209286,14.396898587330025
3303500,Nova Iguaçu - RJ,683657,186279,275095,15643,18470,108,50979,135491,198,1392,27.247435482998053,40.238745452763595,2.288135717179814,2.701647171022896,19.818563987496653
3303609,Paracambi - RJ,36821,10121,17219,508,693,0,1570,6699,0,10,27.487031856820835,46.76407484859184,1.379647483772847,1.8820781619184703,18.193422231878547
3303708,Paraíba do Sul - RJ,36865,19437,11245,1014,500,0,1154,3364,0,151,52.724806727248065,30.503187305031872,2.7505764275057643,1.3563000135630001,9.125186491251865
3303807,Paraty - RJ,39143,13323,13693,598,608,131,2641,8049,23,76,34.03673709220039,34.98198911682804,1.5277316506144138,1.5532790026313772,20.563063638453873
3303856,Paty do Alferes - RJ,25747,7358,12355,565,257,0,648,4488,0,76,28.578086767390374,47.98617314638599,2.1944304190779507,0.9981745446071387,17.431157028003263
3303906,Petrópolis - RJ,248304,119340,72362,9517,3651,72,11349,31473,358,181,48.06205296733037,29.142502738578518,3.832801726915394,1.4703750241639282,12.675188478639088
3303955,Pinheiral - RJ,21368,8782,7539,933,554,0,904,2636,14,7,41.098839385997756,35.28172968925496,4.366342193934856,2.592661924372894,12.336203669037813
3304003,Piraí - RJ,24042,10394,8399,635,540,0,954,2968,0,152,43.23267615007071,34.934697612511435,2.641211213709342,2.246069378587472,12.345062806754846
3304102,Porciúncula - RJ,15128,8926,4195,224,95,0,321,1334,0,33,59.00317292437864,27.730037017451085,1.4806980433633,0.6279746166049709,8.818085668958224
3304110,Porto Real - RJ,17648,8785,6814,267,108,0,639,1026,0,9,49.779011786038076,38.61060743427017,1.5129193109700816,0.6119673617407072,5.813689936536718
3304128,Quatis - RJ,11956,6940,3325,286,229,4,433,729,5,5,58.04616928738709,27.81030444964871,2.3921043827367012,1.915356306457009,6.097356975577116
3304144,Queimados - RJ,120982,27961,53978,1571,1719,42,9980,25540,0,191,23.111702567324066,44.61655452877287,1.2985402787191482,1.4208725264915443,21.110578433155347
3304151,Quissamã - RJ,19305,8793,6582,216,295,0,897,2428,38,56,45.54778554778555,34.094794094794096,1.118881118881119,1.528101528101528,12.577052577052577
3304201,Resende - RJ,114339,63519,32868,2720,853,11,5762,8447,70,91,55.55322330963188,28.746097132212107,2.37889084214485,0.746027164834396,7.387680493969687
3304300,Rio Bonito - RJ,49621,15775,21802,599,198,0,2032,9100,11,104,31.790975595010178,43.937042784305035,1.2071501985046653,0.3990246065174019,18.33900969347655
3304409,Rio Claro - RJ,15434,9697,4595,172,41,0,314,578,0,38,62.8288194894389,29.771932097965532,1.1144227031229752,0.26564727225605805,3.7449786186341845
3304508,Rio das Flores - RJ,7827,4861,1729,156,126,0,469,486,0,0,62.105532132362335,22.090200587709212,1.9931008049060943,1.6098121885779992,6.20927558451514
3304524,Rio das Ostras - RJ,135667,41061,54202,4350,2901,0,9901,22988,41,223,30.266019002410314,39.95223598959216,3.2063803283038617,2.138323984461955,16.944430111965328
3304557,Rio de Janeiro - RJ,5523358,2409363,1407380,282471,196313,1058,329419,889009,2886,5458,43.62134411711136,25.480513846830135,5.114117172922704,3.5542327692682605,16.095444112078194
3304607,Santa Maria Madalena - RJ,9082,5434,2334,197,29,0,216,872,0,0,59.8326359832636,25.699185201497468,2.169125743228364,0.31931292666813477,9.60140938119357
3304706,Santo Antônio de Pádua - RJ,36626,17849,13821,242,90,0,722,3852,0,52,48.733140392071206,37.73548845082728,0.6607328127559657,0.24572707912411948,10.517118986512314
3304755,São Francisco de Itabapoana - RJ,38951,13522,16606,55,78,0,1194,7441,0,54,34.715411671073916,42.63305178300942,0.1412030499858797,0.20025159816179303,19.103488998998742
3304805,São Fidélis - RJ,34334,12722,13124,255,103,0,1166,6871,0,93,37.053649443700124,38.22450049513602,0.7427040251645599,0.2999941748703909,20.012232772179182
3304904,São Gonçalo - RJ,791743,278798,281789,18520,22367,197,42720,145101,338,1913,35.21319418043481,35.59096828137413,2.3391428784340373,2.825032870514801,18.326780280975015
3305000,São João da Barra - RJ,32102,21579,7169,370,195,0,721,2051,11,7,67.22011089651735,22.331941935081925,1.152576163478911,0.6074387888605072,6.389010030527693
3305109,São João de Meriti - RJ,384795,107084,128629,8848,8822,89,33163,96768,440,952,27.828843929884744,33.42792915708364,2.299406177315194,2.2926493327616004,25.147935913928194
3305133,São José de Ubá - RJ,6268,3493,2070,0,8,0,46,643,0,7,55.7275047862157,33.024888321633696,0.0,0.1276324186343331,10.258455647734525
3305158,São José do Vale do Rio Preto - RJ,19132,7493,9004,233,0,6,658,1739,0,0,39.164750156805354,47.06251306711269,1.2178549027806815,0.0,9.08948358770646
3305208,São Pedro da Aldeia - RJ,90416,26084,38420,1917,1225,0,5625,16954,6,183,28.848876305078747,42.49247920721996,2.120199964608034,1.3548486993452487,18.75110599893824
3305307,São Sebastião do Alto - RJ,6822,4437,1973,26,9,0,142,235,0,0,65.03957783641161,28.921137496335387,0.3811199061858693,0.13192612137203166,3.4447376136030488
3305406,Sapucaia - RJ,15719,8318,5735,227,53,0,203,1159,0,24,52.91685221706216,36.484509192696734,1.4441122208791908,0.3371715757999873,7.373242572682741
3305505,Saquarema - RJ,78824,27443,26051,3029,2124,25,5502,14475,75,99,34.81553841469603,33.049578808484725,3.8427382523089415,2.694610778443114,18.363696336141277
3305554,Seropédica - RJ,69514,13665,32177,758,1185,0,6045,15590,21,74,19.657910636706276,46.28851742095117,1.090427827487988,1.70469257991196,22.427136979601233
3305604,Silva Jardim - RJ,18483,3804,8630,176,111,0,1138,4591,0,33,20.58107450089271,46.691554401341776,0.9522263701780014,0.600551858464535,24.8390412811773
3305703,Sumidouro - RJ,13267,5624,6035,47,5,0,180,1370,0,7,42.390894701138166,45.488806813899146,0.35426245571719306,0.03768749528906309,10.326373709203287
3305752,Tanguá - RJ,26929,6978,11694,54,73,0,952,7155,9,13,25.912584945597683,43.425303576070405,0.2005273125626648,0.2710832188347135,26.569868914553084
3305802,Teresópolis - RJ,145865,56969,49568,3592,1793,0,7636,26032,0,275,39.05597641654955,33.982106742535905,2.4625509889281183,1.2292187982038185,17.84663901552806
3305901,Trajano de Moraes - RJ,9155,4365,2971,70,52,0,295,1335,0,66,47.678864008738394,32.45221190606226,0.764609503003823,0.56799563080284,14.582195521572912
3306008,Três Rios - RJ,68616,34904,23035,2553,907,11,2106,4923,7,168,50.86860207531771,33.57088725661653,3.7207065407485134,1.3218491313979246,7.174711437565582
3306107,Valença - RJ,60562,35822,12484,2972,2011,0,2106,5150,0,19,59.149301542221195,20.613586077078036,4.90736765628612,3.3205640500643967,8.503682176942638
3306156,Varre-Sai - RJ,8821,6644,1791,37,32,0,122,188,0,7,75.32025847409591,20.303820428522844,0.419453576691985,0.36277066092279786,2.1312776329214373
3306206,Vassouras - RJ,29882,15156,8444,1019,776,2,1606,2850,0,30,50.719496686968746,28.257814068670104,3.4100796466099994,2.596881065524396,9.537514222608928
3306305,Volta Redonda - RJ,233186,101207,80836,10480,3072,15,12039,24682,569,286,43.40183372929764,34.66588903278927,4.49426637962828,1.3174032746391293,10.584683471563473
3500105,Adamantina - SP,31185,21621,5436,476,1506,0,1036,1059,0,51,69.33140933140933,17.43145743145743,1.526374859708193,4.829244829244829,3.3958633958633957
3500204,Adolfo - SP,3818,2109,1385,46,4,0,135,135,0,4,55.23834468308014,36.27553693033001,1.2048192771084338,0.10476689366160294,3.535882661079099
3500303,Aguaí - SP,28041,17599,7240,418,204,11,983,1558,19,8,62.76167041118362,25.819335972326236,1.490674369672979,0.7275061517064298,5.556149923326558
3500402,Águas da Prata - SP,6581,4323,1326,315,10,0,176,432,0,0,65.68910499924024,20.14891353897584,4.7865066099377,0.151952590791673,6.564351922200274
3500501,Águas de Lindóia - SP,16184,10374,3593,349,101,7,527,1191,0,42,64.10034602076125,22.200939199209095,2.156450815620366,0.6240731586752348,7.35912011863569
3500550,Águas de Santa Bárbara - SP,6340,3841,1508,183,53,3,260,491,0,0,60.58359621451104,23.785488958990538,2.8864353312302837,0.8359621451104101,7.744479495268139
3500600,Águas de São Pedro - SP,2563,1333,437,143,63,0,277,310,0,0,52.00936402653141,17.05033164260632,5.579399141630901,2.4580569644947325,12.095200936402653
3500709,Agudos - SP,32817,13828,13716,414,172,0,1780,2783,12,112,42.13669744339824,41.795410915074505,1.2615412743395191,0.5241185970685925,8.480360788615657
3500758,Alambari - SP,5407,2935,1967,42,12,0,271,180,0,0,54.2814869613464,36.37876826336231,0.7767708525984834,0.2219345293138524,3.329017939707786
3500808,Alfredo Marcondes - SP,3952,2957,814,11,7,0,50,109,0,3,74.82287449392713,20.597165991902834,0.2783400809716599,0.1771255060728745,2.7580971659919027
3500907,Altair - SP,3016,2083,779,17,12,0,52,73,0,0,69.06498673740053,25.8289124668435,0.5636604774535809,0.3978779840848806,2.420424403183024
3501004,Altinópolis - SP,14764,9971,3434,151,87,0,471,641,0,8,67.53589813058791,23.259279328095367,1.0227580601463018,0.5892712002167434,4.341641831481983
3501103,Alto Alegre - SP,3484,2412,904,45,6,0,85,32,0,0,69.23076923076923,25.947187141216993,1.2916188289322619,0.17221584385763491,0.9184845005740528
3501152,Alumínio - SP,15046,8915,4553,67,34,4,548,869,0,56,59.25162833975808,30.260534361292038,0.44530107669812574,0.22597368071248172,5.775621427621959
3501202,Álvares Florence - SP,3559,2489,835,23,14,0,86,112,0,0,69.93537510536667,23.461646529924135,0.6462489463332397,0.39336892385501543,3.1469513908401234
3501301,Álvares Machado - SP,23612,14622,6790,161,76,0,594,1356,0,11,61.926139251228186,28.75656445874979,0.6818566830425208,0.32187023547348803,5.742842622395393
3501400,Álvaro de Carvalho - SP,4415,2066,1162,13,41,0,223,909,0,0,46.79501698754247,26.319365798414495,0.2944507361268403,0.928652321630804,20.58890147225368
3501509,Alvinlândia - SP,2529,1120,1152,0,2,4,144,102,4,0,44.286279161724,45.55160142348755,0.0,0.07908264136022143,4.033214709371293
3501608,Americana - SP,211659,114348,62324,6259,2010,11,11687,14798,0,223,54.024633963119925,29.445475977870064,2.9571149821174627,0.949640695647244,6.991434335416874
3501707,Américo Brasiliense - SP,28858,16739,7667,460,267,10,1187,2515,0,13,58.00471273130501,26.56802273199806,1.5940120590477511,0.9252200429690207,8.715087670663248
3501806,Américo de Campos - SP,5298,3717,1262,49,0,0,114,153,0,3,70.15855039637599,23.820309550773878,0.9248773121932805,0.0,2.887882219705549
3501905,Amparo - SP,60783,41018,10441,1842,1084,0,2032,4331,16,20,67.48268430317688,17.17750028790945,3.0304525936528304,1.7833933830182782,7.125347547834099
3502002,Analândia - SP,3997,2031,1340,73,16,0,110,427,0,0,50.81310983237428,33.52514385789342,1.8263697773329997,0.40030022516887664,10.683012259194395
3502101,Andradina - SP,53116,27472,17414,1891,195,0,2637,3466,0,41,51.72076210558024,32.78484825664583,3.5601325401009114,0.367121018148957,6.525340763611718
3502200,Angatuba - SP,20850,14296,5045,0,0,0,759,742,0,8,68.56594724220624,24.19664268585132,0.0,0.0,3.5587529976019185
3502309,Anhembi - SP,4936,3086,1496,12,22,0,163,151,3,3,62.52025931928687,30.307941653160455,0.24311183144246354,0.44570502431118314,3.059157212317666
3502408,Anhumas - SP,3519,2680,696,10,8,3,63,60,0,0,76.15799943165672,19.77834612105712,0.2841716396703609,0.2273373117362887,1.7050298380221653
3502507,Aparecida - SP,28800,22180,5175,155,233,0,462,585,10,0,77.01388888888889,17.96875,0.5381944444444444,0.8090277777777778,2.03125
3502606,Aparecida d'Oeste - SP,3677,2319,928,194,0,0,71,164,0,0,63.067718248572206,25.23796573293446,5.2760402502039705,0.0,4.460157737285831
3502705,Apiaí - SP,21381,11395,7657,200,58,0,462,1609,0,0,53.29498152565362,35.812169683363734,0.9354099434076985,0.27126888358823253,7.5253729947149335
3502754,Araçariguama - SP,18321,8373,6605,162,52,0,1004,2125,0,0,45.7016538398559,36.051525571748265,0.8842312100867856,0.28382730200316575,11.598711860706294
3502804,Araçatuba - SP,177605,84083,62922,6052,1547,55,9669,12949,29,298,47.34269868528476,35.42805664254948,3.4075617240505616,0.8710340362039357,7.2908983418259625
3502903,Araçoiaba da Serra - SP,29049,15468,9019,973,173,10,1459,1883,0,63,53.24796034286894,31.04754036283521,3.349512892010052,0.595545457674963,6.482150848566215
3503000,Aramina - SP,4799,3068,1018,397,48,0,127,137,0,4,63.92998541362784,21.212752656803502,8.272556782663054,1.0002083767451553,2.854761408626797
3503109,Arandu - SP,6001,3544,1849,43,16,0,295,254,0,0,59.056823862689555,30.811531411431428,0.7165472421263123,0.26662222962839527,4.232627895350775
3503158,Arapeí - SP,2084,1266,612,8,4,0,59,134,0,0,60.74856046065259,29.366602687140116,0.3838771593090211,0.19193857965451055,6.429942418426104
3503208,Araraquara - SP,215344,118897,50446,12145,4872,116,10167,18487,101,113,55.212590088416675,23.425774574634072,5.639813507690022,2.2624266290214727,8.584868860985214
3503307,Araras - SP,115906,62698,35259,2604,778,0,5306,9128,53,80,54.09383465912032,30.420340620847927,2.246648145911342,0.6712335858367988,7.875347264162339
3503356,Arco-Íris - SP,1774,1012,697,4,2,3,20,35,0,0,57.04622322435175,39.28974069898534,0.2254791431792559,0.11273957158962795,1.9729425028184893
3503406,Arealva - SP,7271,4513,2128,86,35,0,115,377,0,16,62.068491266675835,29.26695090083895,1.1827809104662357,0.4813643240269564,5.184981433090359
3503505,Areias - SP,3121,2273,665,21,0,0,116,46,0,0,72.82922140339635,21.307273309836592,0.6728612624158924,0.0,1.4738865748157641
3503604,Areiópolis - SP,8810,4432,3433,9,4,0,197,731,0,5,50.306469920544835,38.96708286038592,0.1021566401816118,0.04540295119182747,8.29738933030647
3503703,Ariranha - SP,6819,4561,1648,160,46,0,126,264,0,15,66.88664026983429,24.167766534682503,2.346385100454612,0.674585716380701,3.87153541575011
3503802,Artur Nogueira - SP,44958,24053,13746,372,299,0,2410,4000,0,78,53.50104542016994,30.5752035232884,0.8274389430134792,0.6650651719382534,8.897192935628809
3503901,Arujá - SP,75507,34250,23415,1968,1098,0,6976,7633,17,150,45.36003284463692,31.010369899479517,2.6063808653502325,1.454169812070404,10.10899651687923
3503950,Aspásia - SP,1623,1098,459,16,5,0,4,34,0,7,67.65249537892791,28.280961182994453,0.9858287122612446,0.3080714725816389,2.094886013555145
3504008,Assis - SP,89954,51818,29065,1016,506,0,2533,4931,42,42,57.60499811014518,32.31095893456656,1.1294661715988172,0.5625097271938991,5.481690641883629
3504107,Atibaia - SP,139346,72468,34004,5977,2508,0,10723,13452,80,134,52.00579851592439,24.40256627387941,4.289322980207541,1.7998363785110445,9.65366784837742
3504206,Auriflama - SP,12213,6428,4648,468,13,0,242,404,0,10,52.63244084172603,38.05780725456481,3.831982313927782,0.10644395316466061,3.3079505445017605
3504305,Avaí - SP,3877,1681,1801,17,11,68,43,248,0,9,43.35826670105752,46.45344338405984,0.43848336342532884,0.2837245292752128,6.396698478204797
3504404,Avanhandava - SP,9941,5309,3461,154,55,0,299,654,0,10,53.40509003118399,34.815410924454284,1.5491399255608087,0.5532642591288602,6.578815008550448
3504503,Avaré - SP,81213,47939,22124,1767,565,7,3483,5272,0,57,59.028726927954885,27.241944023740043,2.175760038417495,0.695701427111423,6.491571546427296
3504602,Bady Bassitt - SP,23662,12654,7293,877,229,0,1149,1410,51,0,53.47815062124926,30.82157045051137,3.706364635280196,0.9677964669089679,5.958921477474432
3504701,Balbinos - SP,3733,1485,1009,38,77,0,21,1103,0,0,39.78033753013662,27.02919903562818,1.017948031074203,2.062684168229306,29.54728100723279
3504800,Bálsamo - SP,8601,5224,2665,220,28,0,190,273,0,0,60.7371235902802,30.984769212882224,2.5578421113823975,0.32554354144866876,3.1740495291245203
3504909,Bananal - SP,8816,5123,2401,129,42,0,178,937,0,7,58.11025408348458,27.234573502722323,1.4632486388384756,0.4764065335753176,10.628402903811253
3505005,Barão de Antonina - SP,3067,2156,788,4,5,19,41,52,2,0,70.296706879687,25.692859471796545,0.13042060645582002,0.163025758069775,1.6954678839256603
3505104,Barbosa - SP,4911,2174,2007,26,50,0,138,513,0,3,44.26796986357157,40.867440439828954,0.5294237426186112,1.018122581958868,10.445937690897985
3505203,Bariri - SP,27860,19563,6676,340,53,0,319,909,0,0,70.21895190236899,23.96267049533381,1.2203876525484565,0.19023689877961233,3.2627422828427854
3505302,Barra Bonita - SP,31067,20292,6423,1301,215,0,1182,1627,0,26,65.316895741462,20.674670872630124,4.187723307689832,0.6920526603791805,5.237068271799659
3505351,Barra do Chapéu - SP,4478,1620,2139,9,0,0,238,460,0,12,36.17686467172845,47.766860205448864,0.2009825815096025,0.0,10.27244305493524
3505401,Barra do Turvo - SP,5970,2714,2430,11,9,0,138,661,4,4,45.460636515912896,40.7035175879397,0.18425460636515914,0.1507537688442211,11.072026800670017
3505500,Barretos - SP,107943,65566,27467,3360,1307,27,3991,6132,36,57,60.74131717665805,25.44583715479466,3.1127539534754454,1.210824231307264,5.680775965092688
3505609,Barrinha - SP,27645,12850,9743,175,100,8,961,3798,0,10,46.48218484355218,35.24326279616567,0.6330258636281425,0.36172906493036716,13.738469886055345
3505708,Barueri - SP,271878,125961,88847,4939,3390,11,17378,31067,69,217,46.32997153134862,32.67899572602417,1.8166236326587661,1.2468827930174564,11.426816439726641
3505807,Bastos - SP,18969,10888,6114,28,12,0,628,1259,0,41,57.39891401760767,32.23153566345089,0.14760925720913068,0.06326111023248458,6.637144815224841
3505906,Batatais - SP,51782,33488,11146,1398,363,0,2658,2719,0,11,64.67112123904059,21.524854196438916,2.6997798462786298,0.7010157969950949,5.250859371982542
3506003,Bauru - SP,335460,147403,120533,12642,4957,128,22114,27516,10,157,43.940559232099204,35.93066237405354,3.768556608835629,1.4776724497704645,8.202468252548739
3506102,Bebedouro - SP,67578,38401,20400,2151,492,0,1891,4235,0,8,56.82470626535263,30.187339074846843,3.18298854656841,0.7280475894521886,6.266832401077274
3506201,Bento de Abreu - SP,2257,1289,796,17,0,0,16,140,0,0,57.11120957022597,35.26805494018609,0.7532122286220647,0.0,6.202924235711121
3506300,Bernardino de Campos - SP,10328,6656,2692,238,37,5,184,517,0,0,64.44616576297445,26.06506584043377,2.3044151820294347,0.35824941905499613,5.00580945003873
3506359,Bertioga - SP,55210,24956,15884,1283,898,122,4208,7733,25,101,45.20195616736098,28.770150335084224,2.323854374207571,1.626516935337801,14.006520557869951
3506409,Bilac - SP,6514,4213,1632,86,12,0,265,297,0,10,64.67608228431071,25.053730426773104,1.3202333435677003,0.184218606079214,4.5594105004605465
3506508,Birigui - SP,105388,53688,34555,2823,611,8,5970,7590,71,72,50.94318138687517,32.78836300148024,2.678673093710859,0.5797624017914753,7.201958477245986
3506607,Biritiba Mirim - SP,25945,12707,8322,333,674,0,1085,2743,24,57,48.97668144151089,32.075544420890346,1.2834842936982078,2.5978030449026788,10.572364617460012
3506706,Boa Esperança do Sul - SP,11204,6506,2758,209,133,28,274,1295,0,0,58.06854694751874,24.61620849696537,1.8654052124241343,1.1870760442699035,11.55837200999643
3506805,Bocaina - SP,9913,6555,2722,194,44,0,205,185,0,8,66.12529002320186,27.458892363563,1.957026127307576,0.4438615958841925,1.866236255422173
3506904,Bofete - SP,9204,5114,2966,66,12,0,204,763,0,79,55.562798783137765,32.22511951325511,0.7170795306388527,0.1303780964797914,8.28987396784007
3507001,Boituva - SP,53421,28943,15653,982,402,0,2864,4481,37,59,54.1790681567174,29.301211134198162,1.8382284120476966,0.75251305666311,8.388087081859194
3507100,Bom Jesus dos Perdões - SP,19257,11030,4754,341,468,13,789,1861,0,0,57.27787298125357,24.687126759100586,1.7707846497377577,2.430285091135691,9.664018279067353
3507159,Bom Sucesso de Itararé - SP,2999,1903,868,13,0,0,21,182,0,12,63.454484828276094,28.942980993664555,0.43347782594198064,0.0,6.068689563187729
3507209,Borá - SP,786,478,257,2,4,0,11,25,0,9,60.81424936386768,32.69720101781171,0.2544529262086514,0.5089058524173028,3.1806615776081424
3507308,Boracéia - SP,4078,2539,1207,0,30,0,142,153,0,7,62.260912211868565,29.59784207945071,0.0,0.7356547327121138,3.7518391368317805
3507407,Borborema - SP,12728,9349,2663,114,41,0,146,416,0,0,73.45223130106851,20.92237586423633,0.8956631049654306,0.32212445003142676,3.268384663733501
3507456,Borebi - SP,2311,879,1116,27,0,0,184,105,0,0,38.035482475119,48.290783210731284,1.168325400259628,0.0,4.543487667676331
3507506,Botucatu - SP,128229,64694,41563,2893,1529,11,6961,10288,22,269,50.451925851406465,32.4131046799086,2.25611991047267,1.1923979754969625,8.023146090198004
3507605,Bragança Paulista - SP,156366,86223,42553,3846,1817,64,9461,11677,423,302,55.141782740493454,27.213716536843048,2.459613982579333,1.1620173183428621,7.46773595282862
3507704,Braúna - SP,4665,2713,1193,41,5,0,334,379,0,0,58.156484458735264,25.573419078242228,0.8788853161843515,0.10718113612004287,8.12433011789925
3507753,Brejo Alegre - SP,2278,1013,861,3,4,0,124,273,0,0,44.46883230904302,37.79631255487269,0.13169446883230904,0.17559262510974538,11.984196663740123
3507803,Brodowski - SP,22079,13896,4999,587,169,0,692,1735,0,0,62.937633044974866,22.641423977535215,2.6586349019430227,0.765433217084107,7.85814574935459
3507902,Brotas - SP,21022,13332,5734,373,112,9,629,813,0,20,63.41927504519075,27.27618685186947,1.7743316525544668,0.5327751878983922,3.8673770335838644
3508009,Buri - SP,17213,8474,6503,83,90,0,702,1362,0,0,49.23023296345785,37.779585197234645,0.4821936908150816,0.5228606285946669,7.912624179399291
3508108,Buritama - SP,15301,8222,4572,519,46,0,582,1355,0,5,53.735049996732236,29.88039997385792,3.391935167636102,0.3006339454937586,8.855630350957453
3508207,Buritizal - SP,3853,2171,996,220,16,0,129,322,0,0,56.3457046457306,25.849987023098883,5.709836491045938,0.4152608357124319,8.35712431871269
3508306,Cabrália Paulista - SP,3763,1754,1169,76,14,0,248,501,0,0,46.61174594738241,31.06563911772522,2.019665160775977,0.3720435822482062,13.313845336167951
3508405,Cabreúva - SP,40602,19016,14081,306,116,0,1518,5532,12,21,46.83513127432146,34.6805576079996,0.7536574552977686,0.285700211812226,13.62494458401064
3508504,Caçapava - SP,84268,52103,21905,1456,890,14,2850,4874,17,159,61.83011344757203,25.9944462904068,1.72782076232971,1.0561541747757155,5.783927469502065
3508603,Cachoeira Paulista - SP,27624,19625,5799,613,114,0,439,1003,0,31,71.04329568491167,20.992615117289315,2.219084853750362,0.4126846220677672,3.6309006660874603
3508702,Caconde - SP,15143,11946,2266,375,20,0,202,309,0,26,78.88793501948095,14.964009773492704,2.4763917321534703,0.13207422571485175,2.0405467872944594
3508801,Cafelândia - SP,14629,8336,4624,365,51,0,358,834,0,62,56.98270558479732,31.608448971221545,2.495044090505161,0.34862259894729647,5.701004853373436
3508900,Caiabu - SP,3311,2500,683,11,3,0,18,95,0,0,75.50588945937783,20.628209000302025,0.33222591362126247,0.0906070673512534,2.8692237994563574
3509007,Caieiras - SP,83617,39966,27062,1549,751,12,5208,8984,34,51,47.79650071157779,32.36423215374864,1.852494110049392,0.8981427221737207,10.744226652474975
3509106,Caiuá - SP,5028,2905,1569,15,48,0,223,264,0,4,57.776451869530625,31.20525059665871,0.29832935560859186,0.954653937947494,5.250596658711217
3509205,Cajamar - SP,79559,35657,26166,1007,911,0,5215,10551,21,32,44.81831093905152,32.8887995072839,1.265727321861763,1.145062155130155,13.26185598109579
3509254,Cajati - SP,24398,4855,12998,253,29,0,1714,4384,0,164,19.899172063283874,53.2748585949668,1.036970243462579,0.1188622018198213,17.9686859578654
3509304,Cajobi - SP,8144,5497,1999,85,46,0,181,337,0,0,67.4975442043222,24.545677799607073,1.043713163064833,0.5648330058939096,4.138015717092338
3509403,Cajuru - SP,20934,13816,5518,157,97,0,513,832,0,0,65.99789815610968,26.35903315181045,0.7499761154103373,0.46336103945734214,3.9743957198815325
3509452,Campina do Monte Alegre - SP,5230,3182,1497,75,9,0,157,308,0,3,60.84130019120459,28.623326959847038,1.4340344168260037,0.17208413001912046,5.8891013384321225
3509502,Campinas - SP,1012969,510812,281130,34000,13708,114,57684,113190,301,2029,50.42720951973851,27.753070429598537,3.3564699413308796,1.3532497045812852,11.174083313507126
3509601,Campo Limpo Paulista - SP,67803,30888,23281,1124,1238,0,3916,7061,122,174,45.555506393522414,34.33623880949221,1.6577437576508414,1.8258779110068877,10.413993481114405
3509700,Campos do Jordão - SP,41130,25572,11229,577,244,32,1449,2016,0,10,62.17359591539022,27.301239970824216,1.4028689521030877,0.5932409433503525,4.901531728665208
3509809,Campos Novos Paulista - SP,4220,2603,1289,20,0,0,116,192,0,0,61.682464454976305,30.545023696682463,0.47393364928909953,0.0,4.549763033175355
3509908,Cananéia - SP,10768,3614,3876,247,81,106,493,2275,0,75,33.562407132243685,35.995542347696876,2.2938335809806834,0.7522288261515602,21.12741456166419
3509957,Canas - SP,4216,2505,1438,14,7,0,105,129,0,18,59.41650853889943,34.108159392789375,0.33206831119544594,0.16603415559772297,3.05977229601518
3510005,Cândido Mota - SP,26103,16912,7412,195,98,0,776,711,0,0,64.78948779833736,28.395203616442554,0.7470405700494196,0.37543577366586217,2.723824847718653
3510104,Cândido Rodrigues - SP,2620,1850,586,31,2,0,65,67,0,20,70.61068702290076,22.366412213740457,1.183206106870229,0.07633587786259542,2.5572519083969465
3510153,Canitar - SP,5329,2283,2441,42,0,0,167,395,0,0,42.84105835991743,45.80596734847063,0.7881403640457872,0.0,7.412272471382999
3510203,Capão Bonito - SP,40623,21859,14834,464,171,10,1290,1958,0,37,53.80941830982449,36.516259261994435,1.142210078034611,0.4209438003101691,4.819929596533983
3510302,Capela do Alto - SP,19897,12200,5953,103,124,31,426,1060,0,0,61.31577624767553,29.919083278886266,0.5176659797959491,0.6232095290747349,5.327436296929186
3510401,Capivari - SP,43904,25594,13512,544,313,0,1169,2538,0,235,58.29537172011662,30.776239067055393,1.239067055393586,0.7129190962099126,5.780794460641399
3510500,Caraguatatuba - SP,116823,48918,36992,3512,2503,10,7710,16977,67,134,41.873603656814154,31.664997474812324,3.006257329464232,2.1425575443191835,14.532241082663516
3510609,Carapicuíba - SP,335964,157412,106144,4073,4447,175,15685,47397,44,587,46.853829576978484,31.593861247038372,1.2123322736959912,1.323653724803848,14.107761545879915
3510708,Cardoso - SP,10200,6217,3051,132,7,0,311,477,0,4,60.950980392156865,29.91176470588235,1.2941176470588236,0.06862745098039216,4.676470588235294
3510807,Casa Branca - SP,24995,15530,6828,597,254,0,494,1292,0,0,62.13242648529706,27.31746349269854,2.3884776955391076,1.0162032406481296,5.169033806761353
3510906,Cássia dos Coqueiros - SP,2521,1859,430,33,48,0,25,126,0,0,73.74057913526379,17.05672352241174,1.3090043633478778,1.9040063466878223,4.998016660055534
3511003,Castilho - SP,17489,10643,5162,133,33,0,428,1091,0,0,60.85539481960089,29.51569558007891,0.76047801475213,0.18869003373549087,6.238206872891531
3511102,Catanduva - SP,103339,57173,30495,6361,597,0,3893,4720,54,47,55.325675688752554,29.509672050242408,6.155468893641316,0.5777102545989413,4.567491460145734
3511201,Catiguá - SP,6219,3607,2014,65,27,0,252,254,0,0,57.99967840488824,32.384627753658144,1.0451841132014794,0.4341534008683068,4.084257919279627
3511300,Cedral - SP,11139,6392,3121,302,94,19,454,758,0,0,57.38396624472574,28.01867313044259,2.7111949007989944,0.8438818565400844,6.804919651674298
3511409,Cerqueira César - SP,18782,11270,5009,340,173,0,550,1406,0,34,60.004259397295286,26.669151315088914,1.810243850495155,0.9210946651048877,7.485890746459376
3511508,Cerquilho - SP,39561,24978,9149,692,135,0,1946,2618,0,43,63.13793887919921,23.12631126614595,1.7491974419251284,0.341245165693486,6.617628472485529
3511607,Cesário Lange - SP,16664,9048,4745,34,34,0,2124,680,0,0,54.2966874699952,28.474555928948632,0.20403264522323572,0.20403264522323572,4.080652904464714
3511706,Charqueada - SP,13537,7597,4523,101,20,0,287,989,0,22,56.12026298293566,33.41212971854916,0.7461032725123735,0.14774322227967793,7.305902341730073
3511904,Clementina - SP,6064,3660,1847,77,57,0,164,250,0,9,60.35620052770449,30.45844327176781,1.2697889182058046,0.9399736147757256,4.12269129287599
3512001,Colina - SP,16063,9791,3311,654,122,0,686,1480,18,0,60.953744630517335,20.612587935005916,4.071468592417356,0.7595094316130238,9.21372097366619
3512100,Colômbia - SP,5734,3226,1732,60,8,2,164,543,0,0,56.26089989536101,30.205790024415766,1.0463899546564353,0.13951866062085805,9.46982908964074
3512209,Conchal - SP,24270,12955,7373,187,8,0,773,2927,0,48,53.37865677791512,30.3790688092295,0.7704985578903997,0.03296250515039143,12.060156571899464
3512308,Conchas - SP,13479,8939,3217,92,37,0,554,638,0,0,66.31797611098746,23.866755694042585,0.6825432153720602,0.274501075747459,4.733288819645375
3512407,Cordeirópolis - SP,21069,13429,5706,118,62,54,438,1260,0,2,63.73819355451137,27.082443400256302,0.5600645498125207,0.2942712041387821,5.98035027765912
3512506,Coroados - SP,4740,2704,1767,49,0,0,115,89,0,17,57.04641350210971,37.278481012658226,1.0337552742616034,0.0,1.8776371308016877
3512605,Coronel Macedo - SP,3812,2863,766,4,0,0,65,114,0,0,75.10493179433368,20.094438614900316,0.1049317943336831,0.0,2.9905561385099686
3512704,Corumbataí - SP,3655,2115,1024,11,21,0,236,248,0,0,57.86593707250342,28.01641586867305,0.3009575923392613,0.5745554035567716,6.785225718194255
3512803,Cosmópolis - SP,52586,21694,20467,645,216,0,3365,6173,0,24,41.254326246529494,38.921005590841666,1.2265622028676835,0.41075571444871256,11.738865857832883
3512902,Cosmorama - SP,7694,5404,1607,145,19,0,130,389,0,0,70.23654795944893,20.886404990902,1.884585391213933,0.24694567195217051,5.055887704704965
3513009,Cotia - SP,236402,115483,67597,6632,3103,38,14719,28379,222,229,48.850263534149455,28.594089728513296,2.805390817336571,1.312594648099424,12.004551568937657
3513108,Cravinhos - SP,29488,18189,6765,497,264,13,1421,2340,0,0,61.682718393922954,22.94153553988063,1.6854313619099295,0.8952794357026587,7.935431361909929
3513207,Cristais Paulista - SP,8042,5086,1488,542,18,0,444,459,0,5,63.24297438448147,18.502859985078338,6.739617010693857,0.22382491917433475,5.707535438945536
3513306,Cruzália - SP,1898,1315,561,3,0,0,15,4,0,1,69.28345626975764,29.557428872497365,0.15806111696522657,0.0,0.2107481559536354
3513405,Cruzeiro - SP,66253,41877,17644,1252,251,0,1971,3191,9,58,63.20770380209198,26.631246886933422,1.889725748268003,0.37885076902178016,4.816385673101595
3513504,Cubatão - SP,97260,44967,33072,849,718,0,4735,12877,22,19,46.23380629241209,34.003701418877235,0.8729179518815546,0.738227431626568,13.239769689492084
3513603,Cunha - SP,19643,13220,5022,78,31,0,389,870,0,33,67.30132871760932,25.56635951738533,0.3970880211780278,0.15781703405793412,4.429058697754925
3513702,Descalvado - SP,28337,19804,5334,574,143,0,895,1569,0,19,69.88742633306278,18.823446377527613,2.0256202138546775,0.5046405759254685,5.536930514874546
3513801,Diadema - SP,346895,169606,100773,5854,6423,92,22600,41080,153,315,48.89260439037749,29.05000072067917,1.687542339901123,1.8515689185488404,11.842200089364217
3513850,Dirce Reis - SP,1459,917,411,10,0,0,39,79,0,2,62.85126799177519,28.169979437971215,0.6854009595613434,0.0,5.414667580534613
3513900,Divinolândia - SP,10030,8174,1204,165,30,0,161,290,0,6,81.49551345962114,12.003988035892323,1.6450648055832502,0.29910269192422734,2.8913260219341974
3514007,Dobrada - SP,7626,4416,2313,87,23,0,125,663,0,0,57.90715971675846,30.33044846577498,1.1408339889850512,0.3015997901914503,8.693941778127458
3514106,Dois Córregos - SP,21641,15415,4467,209,78,0,514,904,0,55,71.23053463333487,20.641375167506123,0.9657594381035997,0.36042696733053003,4.177256134189732
3514205,Dolcinópolis - SP,1984,1490,413,28,3,0,17,34,0,0,75.1008064516129,20.816532258064516,1.4112903225806452,0.15120967741935484,1.7137096774193548
3514304,Dourado - SP,7298,5353,1166,84,60,0,255,379,0,0,73.34886270211017,15.976979994519047,1.1510002740476843,0.822143052891203,5.1932036174294325
3514403,Dracena - SP,40792,27162,9929,926,36,0,1044,1674,0,21,66.58658560502059,24.340556971955284,2.2700529515591295,0.08825259854873505,4.1037458325161795
3514502,Duartina - SP,11033,6394,3350,166,9,0,420,673,0,20,57.95341248980332,30.363455089277622,1.5045771775582344,0.08157346143388018,6.099882171666818
3514601,Dumont - SP,8344,5412,2006,57,4,0,317,549,0,0,64.86097794822626,24.041227229146692,0.6831255992329818,0.04793863854266539,6.579578139980825
3514700,Echaporã - SP,5407,3532,1484,37,0,0,142,206,0,7,65.32272979471055,27.445903458479748,0.684298132051045,0.0,3.8098760865544663
3514809,Eldorado - SP,11124,3578,4855,152,16,63,499,1955,0,6,32.164688960805464,43.644372527867674,1.3664149586479684,0.1438331535418914,17.574613448399855
3514908,Elias Fausto - SP,15368,8012,4594,82,44,0,513,2122,0,0,52.13430504945341,29.89328474752733,0.5335762623633524,0.2863092139510672,13.807912545549193
3514924,Elisiário - SP,2779,1721,877,34,13,0,47,87,0,0,61.92875134940626,31.558114429650953,1.2234616768621807,0.46779417056495143,3.130622526088521
3514957,Embaúba - SP,2092,1384,536,45,0,0,24,100,0,2,66.1567877629063,25.621414913957935,2.1510516252390057,0.0,4.780114722753346
3515004,Embu das Artes - SP,216396,106370,60861,2475,3114,95,11824,31463,11,182,49.15525240762306,28.124826706593467,1.1437364831142904,1.4390284478456163,14.539547865949462
3515103,Embu-Guaçu - SP,58111,26233,18815,1138,745,12,2749,8308,30,80,45.142916143243106,32.37769097072843,1.9583211440174837,1.2820292199411472,14.296776858081946
3515129,Emilianópolis - SP,2689,1980,653,0,0,0,16,40,0,0,73.63332093715135,24.284120490888807,0.0,0.0,1.4875418371141689
3515152,Engenheiro Coelho - SP,16843,7179,7974,16,30,0,301,1334,10,0,42.623048150567,47.34310989728671,0.09499495339310099,0.17811553761206436,7.920204239149795
3515186,Espírito Santo do Pinhal - SP,35855,24090,7746,1022,282,0,1349,1338,0,29,67.18728210849254,21.603681494910056,2.850369543996653,0.7865011853298006,3.731697113373309
3515194,Espírito Santo do Turvo - SP,3558,2120,1125,0,0,0,54,254,5,0,59.58403597526701,31.618887015177066,0.0,0.0,7.138842046093311
3515202,Estrela d'Oeste - SP,8408,5007,2300,197,16,0,115,726,49,0,59.55042816365366,27.354900095147478,2.3430066603235016,0.19029495718363462,8.634633682207422
3515301,Estrela do Norte - SP,2382,1867,454,0,0,0,23,38,0,0,78.37951301427373,19.059613769941226,0.0,0.0,1.595298068849706
3515350,Euclides da Cunha Paulista - SP,6960,4275,1969,0,16,0,123,572,0,4,61.422413793103445,28.29022988505747,0.0,0.22988505747126436,8.218390804597702
3515400,Fartura - SP,14695,11283,2531,139,5,11,340,370,15,0,76.78121810139503,17.223545423613473,0.9458999659748214,0.03402517863218782,2.5178632187818986
3515509,Fernandópolis - SP,63360,34762,19382,2999,477,0,2113,3607,20,0,54.864267676767675,30.59027777777778,4.733270202020202,0.7528409090909091,5.692866161616162
3515608,Fernando Prestes - SP,5338,3672,1232,105,14,0,88,227,0,0,68.78980891719745,23.079805170475833,1.9670288497564632,0.26227051330086176,4.252529037092544
3515657,Fernão - SP,1439,788,484,17,0,0,20,131,0,0,54.760250173731755,33.63446838082002,1.18137595552467,0.0,9.103544127866574
3515707,Ferraz de Vasconcelos - SP,154514,55818,59643,1653,2509,23,13736,20864,124,144,36.12488188772539,38.600385725565324,1.069805972274357,1.6238010795138305,13.502983548416324
3515806,Flora Rica - SP,1340,830,410,3,0,0,15,81,0,0,61.940298507462686,30.597014925373134,0.22388059701492538,0.0,6.044776119402985
3515905,Floreal - SP,2502,1722,557,53,0,0,48,124,0,0,68.82494004796163,22.262190247801758,2.1183053557154277,0.0,4.95603517186251
3516002,Flórida Paulista - SP,11672,7384,3463,87,162,0,121,446,0,9,63.26250856751199,29.669294037011653,0.7453735435229609,1.3879369431117203,3.8211103495544894
3516101,Florínea - SP,3516,1824,1254,28,60,0,231,119,0,0,51.877133105802045,35.665529010238906,0.7963594994311718,1.7064846416382253,3.38452787258248
3516200,Franca - SP,309777,185623,68586,20047,2426,43,12139,20570,122,221,59.92149191192374,22.14044296380945,6.471429447634912,0.7831440035896791,6.640260574542332
3516309,Francisco Morato - SP,140637,58405,47973,1281,2264,55,7548,23058,10,45,41.52890064492274,34.11122250901256,0.9108556069882037,1.6098181844038197,16.395400925787666
3516408,Franco da Rocha - SP,125626,54891,38391,1544,1838,8,8325,20068,32,528,43.693980545428495,30.55975673825482,1.2290449429258274,1.4630729307627401,15.974400203779473
3516507,Gabriel Monteiro - SP,2467,1974,280,9,3,0,79,122,0,0,80.01621402513175,11.349817592217269,0.36481556546412647,0.12160518848804215,4.945277665180381
3516606,Gália - SP,5705,3034,1853,148,21,0,160,482,0,8,53.18141980718668,32.480280455740576,2.59421560035057,0.36809815950920244,8.448729184925504
3516705,Garça - SP,37272,20904,11612,635,203,0,1206,2668,20,26,56.08499678042499,31.154754239107106,1.7036917793517923,0.5446447735565572,7.158188452457609
3516804,Gastão Vidigal - SP,2892,2183,537,23,26,0,58,66,0,0,75.48409405255879,18.568464730290458,0.7952973720608575,0.8990318118948825,2.2821576763485476
3516853,Gavião Peixoto - SP,4047,2361,1411,77,16,0,59,110,0,13,58.33951074870274,34.86533234494687,1.9026439337781071,0.3953545836422041,2.718062762540153
3516903,General Salgado - SP,9196,5414,2846,307,18,0,150,461,0,0,58.873423227490214,30.948238364506306,3.3384080034797736,0.19573727707698999,5.0130491518051326
3517000,Getulina - SP,9264,6038,2388,65,22,4,212,535,0,0,65.17702936096718,25.77720207253886,0.7016407599309153,0.2374784110535406,5.775043177892919
3517109,Glicério - SP,3644,2171,1002,43,18,0,84,326,0,0,59.577387486278816,27.497255762897915,1.1800219538968166,0.49396267837541163,8.946212952799122
3517208,Guaiçara - SP,9755,4827,4120,99,34,5,289,377,0,5,49.48231676063557,42.23475140953357,1.0148641722193747,0.34853921066119936,3.8646847770374166
3517307,Guaimbê - SP,4829,2408,1962,55,3,0,233,151,0,17,49.865396562435286,40.62952992337958,1.1389521640091116,0.062124663491406086,3.1269413957341063
3517406,Guaíra - SP,34861,24932,6274,541,390,0,789,1932,0,5,71.51831559622501,17.99718883566163,1.5518774561831272,1.1187286652706463,5.542009695648432
3517505,Guapiaçu - SP,18996,11374,5527,483,77,0,602,932,0,0,59.875763318593386,29.095599073489154,2.5426405559065066,0.40534849441987786,4.906296062328911
3517604,Guapiara - SP,14929,9748,3767,208,0,0,162,1035,0,9,65.29573313684774,25.232768437269744,1.3932614374706946,0.0,6.932815325875812
3517703,Guará - SP,16330,8613,4861,473,115,0,496,1747,0,26,52.74341702388242,29.767299448867117,2.8965094917330068,0.704225352112676,10.698101653398652
3517802,Guaraçaí - SP,6760,4958,1334,76,5,4,90,293,0,0,73.34319526627219,19.733727810650887,1.1242603550295858,0.07396449704142012,4.334319526627219
3517901,Guaraci - SP,9202,5879,1705,263,65,0,293,981,8,8,63.888285155401,18.52858074331667,2.8580743316670287,0.7063681808302543,10.660725929145839
3518008,Guarani d'Oeste - SP,1759,1205,399,42,4,0,60,49,0,0,68.50483229107448,22.683342808413872,2.387720295622513,0.2274019329164298,2.785673678226265
3518107,Guarantã - SP,5618,2898,2189,27,3,0,129,346,0,27,51.58419366322535,38.96404414382342,0.4805980776076896,0.053399786400854396,6.15877536489854
3518206,Guararapes - SP,27522,14555,9057,551,41,0,1352,1912,0,53,52.88496475546835,32.908218879441904,2.0020347358476855,0.14897173170554465,6.9471695370975945
3518305,Guararema - SP,27358,12384,8979,957,519,0,2162,2269,0,88,45.26646684699174,32.8203816068426,3.498062723883325,1.8970684991592952,8.29373492214343
3518404,Guaratinguetá - SP,104595,68654,24149,2402,816,0,4005,4510,0,60,65.63793680386252,23.088101725703904,2.2964768870404897,0.7801520149146709,4.3118695922367225
3518503,Guareí - SP,13459,6543,4680,54,92,0,646,1147,0,296,48.614310127052526,34.772271342596035,0.4012185154914927,0.6835574708373579,8.52217846793967
3518602,Guariba - SP,32873,17088,10350,304,322,0,873,3848,0,88,51.98186961944453,31.48480515924923,0.9247710887354363,0.9795272716210872,11.705655096888023
3518701,Guarujá - SP,250347,117898,71742,6317,3427,84,16726,33212,700,241,47.09383375874287,28.657024050617743,2.5232976628439725,1.3688999668460178,13.266386255876842
3518800,Guarulhos - SP,1123377,487155,337892,27804,21223,493,73893,172421,551,1944,43.36522823593504,30.07823731481061,2.475037320507719,1.8892143955234975,15.348453813813173
3518859,Guatapará - SP,6377,3193,1851,6,26,0,412,889,0,0,50.070566096910774,29.026187862631332,0.09408812921436412,0.40771522659557785,13.94072447859495
3518909,Guzolândia - SP,3754,1822,1374,71,6,0,190,292,0,0,48.53489611081513,36.6009589770911,1.8913159296750133,0.15982951518380395,7.778369738945125
3519006,Herculândia - SP,7998,4000,3340,18,21,0,243,377,0,0,50.01250312578144,41.76044011002751,0.2250562640660165,0.2625656414103526,4.713678419604901
3519055,Holambra - SP,13226,8453,2560,275,88,5,258,1586,0,0,63.91199153183124,19.35581430515651,2.0792378648117347,0.665356116739755,11.991531831241494
3519071,Hortolândia - SP,206358,83854,81706,2131,2097,10,12158,24008,42,353,40.63520677657275,39.594297289177064,1.0326713769274756,1.0161951559910447,11.634150360053887
3519105,Iacanga - SP,9181,5361,3280,30,67,0,160,271,0,11,58.392331989979304,35.72595577823766,0.3267617906546128,0.7297679991286352,2.9517481755800024
3519204,Iacri - SP,5449,3486,1681,28,15,0,50,179,0,11,63.97504129198018,30.84969719214535,0.5138557533492384,0.27527986786566344,3.2850064231969167
3519253,Iaras - SP,7222,3703,2877,102,0,0,97,443,0,0,51.27388535031847,39.83661035724176,1.4123511492661314,0.0,6.134034893381335
3519303,Ibaté - SP,27887,14013,9826,115,120,36,678,3043,0,54,50.249220066697745,35.235055760748736,0.41237852762936134,0.43030802883063796,10.911894431096927
3519402,Ibirá - SP,10339,6671,2307,344,26,0,354,633,0,4,64.52268111035883,22.313569977754135,3.327207660315311,0.25147499758197117,6.122448979591836
3519501,Ibirarema - SP,5617,3447,1545,7,3,0,208,387,0,19,61.3672779063557,27.505786006765177,0.12462168417304612,0.05340929321701976,6.889798824995549
3519600,Ibitinga - SP,52629,31441,15372,827,529,0,1850,2588,0,22,59.740827300537724,29.208231203328964,1.5713769974728762,1.0051492523133634,4.917440954606776
3519709,Ibiúna - SP,65379,34196,20153,904,215,0,3423,6383,0,106,52.304256718518175,30.82488260756512,1.382706985423454,0.32885177197571086,9.763073769864942
3519808,Icém - SP,7001,4811,1395,260,23,0,164,317,4,27,68.71875446364805,19.925724896443366,3.713755177831738,0.3285244965004999,4.527924582202543
3519907,Iepê - SP,6735,4470,1982,22,0,0,135,121,4,0,66.36971046770601,29.42835931700074,0.3266518188567186,0.0,1.7965850037119524
3520004,Igaraçu do Tietê - SP,20426,12737,5689,179,33,0,585,935,226,42,62.35680015666308,27.851757563889162,0.8763340840105748,0.1615587976108881,4.577499265641829
3520103,Igarapava - SP,23179,14204,4601,1536,303,0,341,2193,0,0,61.27960654040295,19.84986410112602,6.62668795029984,1.307217740195867,9.461150179041374
3520202,Igaratá - SP,9264,6006,2438,100,81,0,214,424,0,0,64.83160621761658,26.31692573402418,1.079447322970639,0.8743523316062176,4.576856649395509
3520301,Iguape - SP,25685,10583,9754,359,120,151,1282,3426,10,0,41.20303679190189,37.97547206540783,1.397702939458828,0.4671987541366556,13.338524430601518
3520400,Ilhabela - SP,30517,14486,8255,822,444,8,2510,3977,10,5,47.46862404561392,27.050496444604647,2.6935806271914013,1.4549267621325819,13.032080479732608
3520426,Ilha Comprida - SP,11908,5800,3204,436,132,9,1353,968,0,5,48.70675176352032,26.90628149143433,3.661404098085321,1.1084984884111522,8.128988915015116
3520442,Ilha Solteira - SP,22984,11067,7461,976,30,18,1001,2404,0,28,48.150887573964496,32.461712495649145,4.246432300730944,0.1305255830142708,10.459450052210233
3520509,Indaiatuba - SP,225056,123451,52252,8659,3253,34,12526,24721,0,161,54.85345869472487,23.217332575003553,3.847486847717901,1.4454180292904877,10.984377221669273
3520608,Indiana - SP,4495,3042,1202,47,0,0,62,142,0,0,67.67519466073415,26.740823136818687,1.0456062291434927,0.0,3.1590656284760845
3520707,Indiaporã - SP,3627,2287,961,40,0,0,74,265,0,0,63.054866280672734,26.495726495726494,1.1028398125172318,0.0,7.306313757926661
3520806,Inúbia Paulista - SP,3237,2105,847,31,3,0,84,163,0,4,65.02934816187829,26.16620327463701,0.9576768612913191,0.09267840593141798,5.03552672227371
3520905,Ipaussu - SP,11998,7576,3465,182,29,0,245,496,0,5,63.14385730955159,28.879813302217038,1.5169194865810969,0.24170695115852642,4.134022337056176
3521002,Iperó - SP,31517,12748,13712,283,618,0,1142,3007,0,8,40.44801218390075,43.50667893517784,0.8979281022940001,1.9608465272709965,9.540882698226355
3521101,Ipeúna - SP,5949,3167,2114,62,0,0,317,288,0,0,53.235837955958985,35.53538409816776,1.0421919650361404,0.0,4.841149773071105
3521150,Ipiguá - SP,5900,3229,1755,180,97,0,233,406,0,0,54.728813559322035,29.74576271186441,3.0508474576271185,1.6440677966101696,6.88135593220339
3521200,Iporanga - SP,3490,1509,1490,15,5,0,91,372,0,8,43.2378223495702,42.693409742120345,0.4297994269340974,0.14326647564469913,10.659025787965616
3521309,Ipuã - SP,12681,8567,2095,452,80,0,439,1049,0,0,67.55776358331362,16.52077911836606,3.5643876665878085,0.6308650737323555,8.272218279315512
3521408,Iracemápolis - SP,19345,11920,5465,130,25,0,612,1146,0,47,61.617989144481776,28.250193848539674,0.6720082708710261,0.12923235978288963,5.924011372447661
3521507,Irapuã - SP,6053,4103,1410,9,0,0,122,409,0,0,67.7845696348918,23.29423426400132,0.14868660168511483,0.0,6.75698000991244
3521606,Irapuru - SP,6481,3967,1935,46,41,0,233,239,0,21,61.20968986267551,29.856503625983645,0.7097670112636939,0.6326184230828575,3.687702515043975
3521705,Itaberá - SP,15725,10105,4097,347,19,0,232,920,0,5,64.26073131955485,26.054054054054053,2.206677265500795,0.12082670906200318,5.850556438791733
3521804,Itaí - SP,21798,13598,5671,178,69,0,806,1448,0,28,62.381869896320765,26.01614827048353,0.8165886778603542,0.316542802091935,6.642811267088724
3521903,Itajobi - SP,15065,10862,3344,136,22,0,311,374,11,5,72.10089611682709,22.19714570195818,0.9027547295054763,0.14603385330235646,2.48257550614006
3522000,Itaju - SP,3134,1761,748,27,20,0,454,125,0,0,56.19017230376516,23.867262284620292,0.8615188257817485,0.6381620931716656,3.98851308232291
3522109,Itanhaém - SP,98906,42021,27198,4106,3339,162,5481,16226,125,249,42.485794592845735,27.498837279841467,4.151416496471397,3.375932703779346,16.405475906416193
3522158,Itaoca - SP,2959,1451,972,352,4,0,116,64,0,0,49.03683676917878,32.848935451165936,11.895910780669144,0.13518080432578575,2.162892869212572
3522208,Itapecerica da Serra - SP,136794,66440,41521,1499,1233,63,7304,18246,111,377,48.56938169802769,30.352939456408908,1.0958082956854833,0.9013553226018685,13.338304311592614
3522307,Itapetininga - SP,137927,73441,48274,1847,1004,0,4272,8559,41,488,53.24628245376177,34.999673740456906,1.339114169089446,0.7279212916977822,6.2054565096029055
3522406,Itapeva - SP,78047,34722,31567,1701,693,21,2891,6188,8,256,44.48857739567184,40.44614142760132,2.179455968839289,0.8879265058234141,7.928555870180788
3522505,Itapevi - SP,197847,78113,68531,1650,2438,78,15285,31400,247,106,39.48151854716018,34.63838218421305,0.8339777707016027,1.232265336345762,15.870849696988076
3522604,Itapira - SP,64275,40984,14032,1345,290,13,2313,5262,0,37,63.76351614157915,21.83119408790354,2.0925709840528977,0.4511863088292493,8.186697782963828
3522653,Itapirapuã Paulista - SP,3675,1789,1588,10,0,0,11,278,0,0,48.68027210884354,43.2108843537415,0.272108843537415,0.0,7.5646258503401365
3522703,Itápolis - SP,35009,26423,5878,649,185,15,341,1518,0,0,75.47487788854295,16.78996829386729,1.8538090205375761,0.528435545145534,4.336027878545517
3522802,Itaporanga - SP,12389,9473,2171,63,8,20,366,222,0,65,76.46299136330616,17.523609653725078,0.5085156186940027,0.06457341189765115,1.7919121801598192
3522901,Itapuí - SP,11786,7958,2957,30,109,0,311,422,0,0,67.52078737485152,25.08908874936365,0.254539283896148,0.9248260648226709,3.5805192601391482
3523008,Itapura - SP,3506,1772,1034,43,0,0,74,582,0,0,50.54192812321734,29.492298916143753,1.226468910439247,0.0,16.600114090131203
3523107,Itaquaquecetuba - SP,314630,114220,117913,2688,3878,23,23975,50906,159,868,36.30295903124305,37.47671868544004,0.8543368400978928,1.2325588786828974,16.179639576645584
3523206,Itararé - SP,38690,18990,15356,748,308,0,743,2488,0,56,49.08245024554148,39.68984233652107,1.9333161023520289,0.7960713362626002,6.430602222796589
3523305,Itariri - SP,13331,4596,5782,177,171,24,626,1955,0,0,34.47603330582852,43.372590203285576,1.3277323531618033,1.2827244767834372,14.665066386617658
3523404,Itatiba - SP,107195,63007,23766,2848,2609,0,5390,9468,1,107,58.7779280750035,22.170810205699894,2.6568403377023184,2.433882177340361,8.832501515928914
3523503,Itatinga - SP,16652,9367,6099,87,11,0,483,605,0,0,56.25150132116262,36.62623108335335,0.5224597645928417,0.06605813115541677,3.633197213547922
3523602,Itirapina - SP,14455,7194,4486,175,131,0,395,1588,446,40,49.76824628156347,31.034244206157037,1.2106537530266344,0.9062608094085092,10.985818056035974
3523701,Itirapuã - SP,5004,3546,1129,54,10,0,157,107,0,0,70.86330935251799,22.56195043964828,1.079136690647482,0.19984012789768185,2.138289368505196
3523800,Itobi - SP,7098,5034,1605,83,53,0,89,235,0,0,70.9213863060017,22.61200338123415,1.1693434770357847,0.7466892082276698,3.310791772330234
3523909,Itu - SP,147359,85510,39031,2460,1515,12,5310,13270,0,252,58.02835252682225,26.487014705582965,1.6693924361593115,1.0281014393420151,9.005218547900027
3524006,Itupeva - SP,60682,31630,16780,1446,523,0,6010,4220,36,37,52.12418839194489,27.652351603440888,2.3829142084967536,0.8618700767937774,6.954286279292047
3524105,Ituverava - SP,33481,19613,9774,1214,118,0,962,1767,0,32,58.57949284668917,29.192676443355932,3.6259370986529675,0.3524386965741764,5.27762014276754
3524204,Jaborandi - SP,5560,3711,1336,57,14,0,182,259,0,0,66.74460431654676,24.028776978417266,1.025179856115108,0.2517985611510791,4.658273381294964
3524303,Jaboticabal - SP,64337,35495,16480,3461,1172,0,2213,5481,0,34,55.17043070084088,25.6151203817399,5.379486143276808,1.8216578329732502,8.51920356870852
3524402,Jacareí - SP,211343,113471,63724,5141,3104,13,10162,15513,31,183,53.690446336050876,30.151933113469575,2.432538574733963,1.4687025356884307,7.340200527105227
3524501,Jaci - SP,6577,4425,1374,102,21,0,209,442,0,5,67.27991485479701,20.89098373118443,1.5508590542800669,0.3192945111753079,6.720389235213624
3524600,Jacupiranga - SP,13883,4030,6588,230,33,0,573,2384,0,46,29.0283080025931,47.453720377440035,1.6567024418353382,0.23770078513289636,17.172080962328028
3524709,Jaguariúna - SP,51977,29927,14055,967,491,0,2266,4171,0,100,57.57738999942282,27.040806510571983,1.8604382707736113,0.9446485945706755,8.024703234122786
3524808,Jales - SP,43699,24318,14005,1758,38,0,1690,1838,11,40,55.64887068353967,32.0487883017918,4.022975354127097,0.08695851163642189,4.206045904940616
3524907,Jambeiro - SP,5568,3487,1463,44,26,0,209,338,0,0,62.6257183908046,26.27514367816092,0.7902298850574713,0.46695402298850575,6.070402298850575
3525003,Jandira - SP,101958,41723,37713,738,1395,24,7166,13191,0,7,40.92175209399949,36.988760077679046,0.7238274583652092,1.3682104395927734,12.93768022126758
3525102,Jardinópolis - SP,39488,21836,11590,806,360,0,1892,3005,0,0,55.297811993517016,29.350688816855754,2.0411264181523503,0.9116693679092382,7.6099068071312805
3525201,Jarinu - SP,32349,19751,8149,460,373,0,1863,1622,46,84,61.05598318340598,25.19088688985749,1.4219914062258494,1.1530495533092213,5.014065349778973
3525300,Jaú - SP,118653,77664,30385,2085,798,54,2939,4436,11,281,65.45472933680564,25.608286347584976,1.7572248489292306,0.6725493666405401,3.7386328200719747
3525409,Jeriquara - SP,3296,1543,972,325,14,0,167,244,0,32,46.814320388349515,29.490291262135923,9.860436893203884,0.42475728155339804,7.402912621359223
3525508,Joanópolis - SP,11306,7392,2751,122,205,0,308,518,0,11,65.38121351494782,24.33221298425615,1.0790730585529806,1.8131965328144348,4.581638068282328
3525607,João Ramalho - SP,3777,2225,1286,12,0,0,173,80,0,0,58.909187185597034,34.04818639131586,0.3177124702144559,0.0,2.1180831347630393
3525706,José Bonifácio - SP,32212,21753,8661,402,144,0,483,712,0,58,67.53073388799206,26.887495343350306,1.2479821184651683,0.4470383707934931,2.2103563889233824
3525805,Júlio Mesquita - SP,3686,2025,1261,27,3,0,100,265,0,4,54.93760173629951,34.21052631578947,0.7325013564839935,0.08138903960933261,7.189365165491047
3525854,Jumirim - SP,2613,1744,794,9,26,0,26,14,0,0,66.7432070417145,30.38652889399158,0.34443168771526983,0.9950248756218906,0.5357826253348641
3525904,Jundiaí - SP,394363,233018,87227,13000,5044,59,22688,32834,71,423,59.08718617111646,22.11845431746893,3.2964552962625806,1.2790246549498812,8.325831784421966
3526001,Junqueirópolis - SP,18262,11535,5273,255,128,33,391,597,0,50,63.16394699375753,28.874164932647027,1.3963421312014017,0.7009089913481547,3.2690833424597523
3526100,Juquiá - SP,14911,4921,7317,110,6,0,781,1734,0,42,33.002481389578165,49.07115552276843,0.73771041512977,0.04023874991616927,11.62899872577292
3526209,Juquitiba - SP,23675,11438,8041,379,291,0,849,2646,0,32,48.312565997888065,33.964097148891234,1.600844772967265,1.229144667370644,11.176346356916579
3526308,Lagoinha - SP,4595,3932,512,18,4,0,52,74,3,0,85.57127312295974,11.142546245919478,0.39173014145810664,0.08705114254624592,1.6104461371055494
3526407,Laranjal Paulista - SP,23132,15996,4774,147,59,0,606,1532,0,17,69.15095970949334,20.638077122600727,0.6354833131592599,0.2550579284108594,6.622860107210791
3526506,Lavínia - SP,9191,4408,2907,148,94,0,537,1047,0,49,47.95996083124796,31.62876727233163,1.6102709172016103,1.0227396366010229,11.391578718311392
3526605,Lavrinhas - SP,6158,4345,1440,23,22,0,125,202,0,0,70.55862292952257,23.38421565443326,0.37349788892497565,0.35725885027606363,3.280285807080221
3526704,Leme - SP,86108,51596,22532,1246,678,20,3357,6649,0,29,59.92010033910903,26.167138941794025,1.447020021368514,0.7873832861058206,7.721698332326845
3526803,Lençóis Paulista - SP,58476,31614,20766,657,71,0,2273,3063,0,31,54.06320541760722,35.51200492509748,1.1235378616868459,0.12141733360694985,5.238046378001231
3526902,Limeira - SP,258518,137756,87493,4243,1292,40,9279,18158,142,115,53.28681175005222,33.84406501674932,1.6412783635955717,0.4997717760465422,7.023882282858447
3527009,Lindóia - SP,6202,4133,1231,101,92,0,222,423,0,0,66.63979361496291,19.848435988390843,1.6285069332473396,1.4833924540470815,6.820380522412125
3527108,Lins - SP,66109,33513,23440,1818,351,0,3750,3115,13,109,50.693551558789274,35.45659441225854,2.750003781633363,0.5309413241767384,4.711915170400399
3527207,Lorena - SP,74704,48099,20252,1064,889,0,1683,2684,23,12,64.38611051617049,27.109659455986293,1.424287856071964,1.1900299850074962,3.592846433925894
3527256,Lourdes - SP,1734,1021,458,127,9,0,20,87,0,12,58.88119953863899,26.412918108419838,7.324106113033449,0.5190311418685121,5.017301038062284
3527306,Louveira - SP,44547,25701,11804,895,120,0,1779,4153,0,95,57.69412081621658,26.497856196825825,2.0091139695153433,0.26937840932049295,9.322737782566728
3527405,Lucélia - SP,18118,11199,5323,306,46,0,384,860,0,0,61.811458218346395,29.37962247488685,1.68892813776355,0.2538911579644552,4.746660779335468
3527504,Lucianópolis - SP,2116,1118,793,15,2,0,48,137,0,4,52.83553875236295,37.476370510396976,0.7088846880907372,0.0945179584120983,6.474480151228733
3527603,Luís Antônio - SP,10648,5619,3542,37,52,0,451,917,5,25,52.77047332832457,33.264462809917354,0.3474830954169797,0.4883546205860255,8.611945905334336
3527702,Luiziânia - SP,4060,2723,1037,3,49,0,97,151,0,0,67.06896551724138,25.541871921182267,0.07389162561576355,1.206896551724138,3.7192118226600983
3527801,Lupércio - SP,3471,2139,988,24,8,0,53,258,0,0,61.62489196197061,28.46441947565543,0.6914433880726015,0.23048112935753384,7.433016421780467
3527900,Lutécia - SP,2333,1582,552,19,4,0,33,132,0,10,67.80968709815689,23.660522931847407,0.8144020574367766,0.17145306472353194,5.657951135876554
3528007,Macatuba - SP,14751,8601,4687,63,19,0,369,982,0,30,58.307911328045556,31.774117009016337,0.42708968883465526,0.12880482679140398,6.657175784692563
3528106,Macaubal - SP,6717,5084,1265,78,9,0,94,186,0,0,75.68855143665327,18.83281226738127,1.1612326931665922,0.13398838767306834,2.7690933452434123
3528205,Macedônia - SP,3561,2193,1097,62,0,0,78,130,0,0,61.5838247683235,30.805953383880933,1.7410839651783208,0.0,3.6506599269868016
3528304,Magda - SP,2861,1875,794,11,0,0,60,121,0,0,65.53652569031807,27.75253407899336,0.38448095071653265,0.0,4.229290457881859
3528403,Mairinque - SP,43834,23172,14004,576,516,0,2050,3488,9,19,52.86307432586577,31.9478030752384,1.314048455536798,1.1771684080850482,7.957293425195054
3528502,Mairiporã - SP,81777,41374,22215,1904,1680,23,4960,9407,17,197,50.59368771170378,27.165339887743496,2.32828301356127,2.0543673649070033,11.503234405762012
3528601,Manduri - SP,8804,6152,1980,52,21,0,132,462,0,5,69.87732848705134,22.489777373920944,0.5906406179009541,0.2385279418446161,5.247614720581554
3528700,Marabá Paulista - SP,4166,2586,1084,36,48,0,53,359,0,0,62.07393182909266,26.02016322611618,0.8641382621219396,1.1521843494959194,8.617378780604897
3528809,Maracaí - SP,11148,7051,3453,25,0,0,260,296,0,62,63.249013275923936,30.97416576964478,0.22425547183351274,0.0,2.6551847865087908
3528858,Marapoama - SP,2904,1511,1180,42,7,0,86,69,0,10,52.03168044077135,40.633608815426996,1.4462809917355373,0.24104683195592286,2.37603305785124
3528908,Mariápolis - SP,3122,2266,650,7,0,0,34,166,0,0,72.58167841127482,20.819987187700193,0.2242152466367713,0.0,5.317104420243433
3529005,Marília - SP,209458,111733,65543,6631,1126,71,10465,13586,114,187,53.34386846050282,31.29171480678704,3.1657898003418348,0.537577939252738,6.486264549456216
3529104,Marinópolis - SP,1696,1115,395,117,5,0,19,46,0,0,65.74292452830188,23.29009433962264,6.898584905660377,0.294811320754717,2.7122641509433962
3529203,Martinópolis - SP,22102,13889,6350,105,44,0,661,990,0,63,62.840466926070036,28.73043163514614,0.4750701294000543,0.19907700660573704,4.479232648629083
3529302,Matão - SP,70604,44864,15785,2052,691,0,2590,4542,11,70,63.54314203161294,22.3570902498442,2.9063509149623252,0.9786980907597304,6.433063282533568
3529401,Mauá - SP,367522,168485,123000,5810,4122,20,25771,39887,11,415,45.84351412976638,33.46738426543173,1.580857744570393,1.1215655117244683,10.852955741425003
3529500,Mendonça - SP,5430,3543,1391,58,24,0,172,222,0,20,65.2486187845304,25.61694290976059,1.0681399631675874,0.4419889502762431,4.088397790055248
3529609,Meridiano - SP,4075,2564,1049,65,0,0,39,358,0,0,62.920245398773005,25.742331288343557,1.5950920245398772,0.0,8.785276073619633
3529658,Mesópolis - SP,1728,1091,453,4,4,0,10,166,0,0,63.136574074074076,26.21527777777778,0.23148148148148148,0.23148148148148148,9.606481481481481
3529708,Miguelópolis - SP,17192,11610,4038,231,62,0,495,686,0,69,67.53140995812005,23.487668683108424,1.3436482084690553,0.36063285248953003,3.990228013029316
3529807,Mineiros do Tietê - SP,9924,6317,2746,157,54,0,146,493,0,10,63.65376864167674,27.670294236195083,1.5820233776702943,0.5441354292623942,4.967754937525191
3529906,Miracatu - SP,15963,6424,7016,92,76,90,864,1349,7,44,40.243062081062455,43.95163816325252,0.576332769529537,0.47610098352440017,8.450792457558103
3530003,Mira Estrela - SP,2785,1847,693,79,4,0,104,58,0,0,66.31956912028726,24.88330341113106,2.836624775583483,0.1436265709156194,2.0825852782764813
3530102,Mirandópolis - SP,25518,14217,7751,325,219,0,1558,1385,0,63,55.71361391958617,30.374637510776708,1.2736107845442433,0.8582177286621209,5.427541343365467
3530201,Mirante do Paranapanema - SP,14065,9431,3798,41,69,0,287,435,0,4,67.05296836118023,27.003199431212227,0.2915037326697476,0.4905794525417704,3.0927835051546393
3530300,Mirassol - SP,55691,33368,13758,2801,933,17,2486,2328,0,0,59.91632400208292,24.704171230539945,5.029537986389183,1.675315580614462,4.180208651308111
3530409,Mirassolândia - SP,4107,2441,1383,77,30,0,17,154,0,5,59.43511078646214,33.674214755295836,1.8748478207937667,0.7304601899196493,3.7496956415875333
3530508,Mococa - SP,60272,42248,13709,933,57,0,1388,1926,0,11,70.09556676400318,22.745221661799842,1.5479824794265995,0.09457127687815238,3.195513671356517
3530607,Mogi das Cruzes - SP,393932,168480,127136,13238,8777,91,32765,43022,92,331,42.768802737528304,32.27359036584994,3.3604784582110616,2.2280495110831313,10.921174212808301
3530706,Mogi Guaçu - SP,135616,77352,42878,1747,1018,0,5046,7459,10,106,57.0375176970269,31.617213308164228,1.2881960830580463,0.7506488909863143,5.500088485134498
3530805,Mogi Mirim - SP,82417,50336,20409,2112,739,0,3655,5029,21,116,61.07477826176638,24.763094992537948,2.562578108885303,0.8966596697283328,6.101896453401604
3530904,Mombuca - SP,3136,1804,1015,0,21,0,44,252,0,0,57.525510204081634,32.36607142857143,0.0,0.6696428571428571,8.035714285714286
3531001,Monções - SP,1735,1196,358,12,0,0,20,148,0,0,68.93371757925073,20.634005763688762,0.69164265129683,0.0,8.530259365994237
3531100,Mongaguá - SP,54558,22493,13801,2655,4827,214,3033,7313,189,35,41.22768429927783,25.296015249825874,4.866380732431541,8.847465083030903,13.404083727409363
3531209,Monte Alegre do Sul - SP,7734,5488,1215,184,202,0,281,358,0,6,70.95940005171968,15.709852598913887,2.379105249547453,2.611843806568399,4.628911300749936
3531308,Monte Alto - SP,42685,26883,10754,1417,261,0,1116,2246,0,8,62.97996954433642,25.193862012416538,3.31966733044395,0.6114560149935575,5.261801569638046
3531407,Monte Aprazível - SP,19893,12915,5135,257,222,0,671,621,0,73,64.92233448951893,25.813100085457197,1.2919117277434273,1.1159704418639722,3.1217011008897604
3531506,Monte Azul Paulista - SP,16264,9822,4596,378,23,0,395,1045,0,4,60.39104771273979,28.258730939498278,2.324151500245942,0.1414166256763404,6.425233644859813
3531605,Monte Castelo - SP,3712,2315,1170,30,0,0,35,162,0,0,62.36530172413793,31.51939655172414,0.8081896551724138,0.0,4.364224137931035
3531704,Monteiro Lobato - SP,3620,2488,562,39,20,7,115,390,0,0,68.7292817679558,15.524861878453038,1.0773480662983426,0.5524861878453039,10.773480662983426
3531803,Monte Mor - SP,55715,24134,22130,373,349,3,3218,5380,20,109,43.31688055281342,39.72000358969757,0.6694785964282509,0.6264022256124921,9.656286457865924
3531902,Morro Agudo - SP,24498,14837,7591,182,38,0,830,989,0,31,60.564127683892565,30.986202955343295,0.7429177892072822,0.1551147032410809,4.037064250142869
3532009,Morungaba - SP,11969,7690,2831,111,86,5,369,843,35,0,64.24931071935835,23.652769654941935,0.9273957724120645,0.7185228506976356,7.043194920210544
3532058,Motuca - SP,3548,1929,1028,58,77,0,31,425,0,0,54.36865839909808,28.974069898534385,1.6347237880496055,2.170236753100338,11.97857948139797
3532108,Murutinga do Sul - SP,3367,2260,698,59,28,0,75,241,0,7,67.12206712206712,20.730620730620732,1.7523017523017523,0.8316008316008316,7.157707157707158
3532157,Nantes - SP,2304,1545,699,0,0,0,20,36,0,3,67.05729166666667,30.338541666666668,0.0,0.0,1.5625
3532207,Narandiba - SP,4848,3372,1212,0,15,0,109,140,0,0,69.55445544554455,25.0,0.0,0.3094059405940594,2.887788778877888
3532306,Natividade da Serra - SP,6172,3999,1688,16,4,0,158,307,0,0,64.79261179520415,27.349319507453014,0.2592352559948153,0.06480881399870382,4.974076474400518
3532405,Nazaré Paulista - SP,16018,9341,4217,219,213,0,664,1365,0,0,58.31564489948808,26.326632538394307,1.367211886627544,1.3297540267199401,8.521663128979897
3532504,Neves Paulista - SP,8681,6015,1614,280,112,0,264,391,0,4,69.28925239027762,18.592328072802673,3.225434857735284,1.2901739430941135,4.5040893906232
3532603,Nhandeara - SP,8923,6141,1836,412,39,0,184,311,0,0,68.82214501849154,20.576039448615937,4.617281183458478,0.43707273338563263,3.485374873921327
3532702,Nipoã - SP,4081,2684,1204,47,19,0,54,70,3,0,65.76819407008087,29.502572898799315,1.1516785101690763,0.46557216368537124,1.7152658662092624
3532801,Nova Aliança - SP,5892,3775,1482,88,9,0,163,370,0,5,64.06992532247115,25.15274949083503,1.4935505770536321,0.15274949083503056,6.279701289884589
3532827,Nova Campina - SP,7229,2372,4067,0,14,0,324,447,0,5,32.81228385668834,56.2595103057131,0.0,0.1936644072485821,6.1834278600083
3532843,Nova Canaã Paulista - SP,1867,1372,386,7,2,0,38,61,0,3,73.48687734333154,20.674879485806105,0.3749330476700589,0.10712372790573112,3.267273701124799
3532868,Nova Castilho - SP,926,626,266,16,0,0,7,10,0,0,67.60259179265658,28.72570194384449,1.7278617710583153,0.0,1.079913606911447
3532900,Nova Europa - SP,8150,5076,2394,110,89,0,164,307,0,10,62.282208588957054,29.374233128834355,1.3496932515337423,1.0920245398773005,3.766871165644172
3533007,Nova Granada - SP,16913,10881,4145,458,162,0,563,694,0,10,64.33512682551883,24.507775084254714,2.707976113049134,0.9578430792881215,4.103352450777509
3533106,Nova Guataporanga - SP,1900,1315,414,17,0,0,89,65,0,0,69.21052631578948,21.789473684210527,0.8947368421052632,0.0,3.4210526315789473
3533205,Nova Independência - SP,4063,1968,1409,19,27,3,99,538,0,0,48.437115431946836,34.678808761998525,0.4676347526458282,0.6645335958651243,13.241447206497662
3533254,Novais - SP,3784,2080,1275,8,7,0,115,299,0,0,54.96828752642706,33.694503171247355,0.21141649048625794,0.1849894291754757,7.90169133192389
3533304,Nova Luzitânia - SP,2527,1638,568,17,13,0,95,196,0,0,64.81994459833795,22.477245745943808,0.6727344677483181,0.5144440047487139,7.756232686980609
3533403,Nova Odessa - SP,54567,27663,19761,775,407,0,2593,3326,13,30,50.69547528726153,36.21419539281984,1.4202723257646563,0.7458720472080195,6.095259039346125
3533502,Novo Horizonte - SP,33958,22111,9298,685,144,0,782,901,0,38,65.11278638317923,27.380882266328996,2.0171977148241944,0.42405324224041463,2.6532775781848166
3533601,Nuporanga - SP,6473,4608,1326,69,0,0,159,306,0,5,71.18801174107833,20.48509192028426,1.065966321643751,0.0,4.7273289046809825
3533700,Ocauçu - SP,3763,3037,576,22,0,0,34,94,0,0,80.7068828062716,15.30693595535477,0.5846399149614669,0.0,2.498006909380813
3533809,Óleo - SP,2246,1637,516,8,5,0,36,42,0,2,72.88512911843277,22.974176313446126,0.3561887800534283,0.2226179875333927,1.8699910952804986
3533908,Olímpia - SP,48498,28861,12076,1253,240,0,1363,4621,0,84,59.509670501876364,24.899995876118602,2.5836116953276425,0.4948657676605221,9.528227968163636
3534005,Onda Verde - SP,4150,2281,1397,51,20,0,136,259,7,0,54.963855421686745,33.66265060240964,1.2289156626506024,0.4819277108433735,6.240963855421687
3534104,Oriente - SP,5402,3718,1220,86,24,0,224,128,0,3,68.82636060718252,22.58422806368012,1.5920029618659757,0.44427989633469084,2.3694927804516848
3534203,Orindiúva - SP,5221,3626,1193,45,8,0,221,121,0,8,69.45029687799273,22.85002873012833,0.8619038498371959,0.15322735108216817,2.3175636851177934
3534302,Orlândia - SP,34099,23271,6568,846,122,0,1252,1943,0,98,68.24540309099973,19.26156192263703,2.481011173348192,0.35778175313059035,5.698114314202763
3534401,Osasco - SP,639174,315693,185153,14253,8555,75,30816,83153,69,1407,49.39077622055966,28.967542484519083,2.229909226595575,1.3384461821037776,13.009446566975504
3534500,Oscar Bressane - SP,2248,1794,395,17,0,0,17,25,0,0,79.80427046263345,17.5711743772242,0.7562277580071174,0.0,1.112099644128114
3534609,Osvaldo Cruz - SP,28216,18684,7203,214,69,0,680,1342,0,24,66.21774879500992,25.52806918060675,0.7584349305358662,0.24454210377091012,4.756166713921179
3534708,Ourinhos - SP,91721,52742,28821,1398,484,0,3066,5143,0,67,57.50264388744126,31.422465956542123,1.5241874816018142,0.5276872253900415,5.607221901200379
3534757,Ouroeste - SP,9108,5511,2702,179,47,0,236,433,0,0,60.507246376811594,29.666227492314448,1.9653052261747914,0.5160298638559508,4.754062362758015
3534807,Ouro Verde - SP,6731,4259,1922,42,21,0,112,375,0,0,63.27440202050215,28.554449561729314,0.6239786064477789,0.31198930322388946,5.571237557569455
3534906,Pacaembu - SP,13844,7651,3721,162,117,0,543,1641,5,5,55.26581912741982,26.878069921987866,1.1701820283155158,0.8451314648945392,11.853510546084946
3535002,Palestina - SP,10135,6669,2481,146,77,0,266,496,0,0,65.80167735569808,24.479526393685248,1.4405525407005426,0.7597434632461766,4.893931919092255
3535101,Palmares Paulista - SP,8438,5076,2521,91,19,0,250,475,0,5,60.1564351742119,29.876748044560323,1.0784546100971795,0.22517184166864185,5.629296041716047
3535200,Palmeira d'Oeste - SP,8099,5497,1667,309,5,0,145,467,0,9,67.8725768613409,20.582787998518334,3.815285837757748,0.06173601679219657,5.76614396839116
3535309,Palmital - SP,17546,12611,3409,166,28,0,387,945,0,0,71.8739313803716,19.42892967058019,0.9460845776815229,0.15958053117519663,5.385842927162886
3535408,Panorama - SP,12926,6408,4800,125,17,0,247,1320,0,9,49.5745010057249,37.134457682190934,0.9670431688070555,0.13151787095775955,10.211975862602507
3535507,Paraguaçu Paulista - SP,36103,19192,13134,272,76,0,1908,1491,0,29,53.159017256183695,36.37924826191729,0.7533999944602942,0.21050882198155277,4.129850704927568
3535606,Paraibuna - SP,15515,11584,2770,64,66,0,352,665,0,13,74.663229133097,17.853689977441185,0.41250402835965194,0.4253947792458911,4.286174669674509
3535705,Paraíso - SP,5451,3567,1253,167,56,0,179,225,0,3,65.43753439735828,22.986607961841862,3.063658044395524,1.0273344340487984,4.127682993946065
3535804,Paranapanema - SP,16670,9723,5551,127,0,0,458,802,0,10,58.326334733053386,33.29934013197361,0.7618476304739052,0.0,4.811037792441511
3535903,Paranapuã - SP,3526,1981,1152,33,0,0,52,282,0,26,56.182643221781056,32.67158252977879,0.9359047078842881,0.0,7.997731140102099
3536000,Parapuã - SP,9476,6242,2122,82,47,0,292,691,0,0,65.87167581257914,22.39341494301393,0.8653440270156184,0.49598986914309834,7.292106373997467
3536109,Pardinho - SP,6234,3271,2043,114,33,0,269,504,0,0,52.47032402951556,32.771896053897976,1.8286814244465832,0.5293551491819056,8.084696823869105
3536208,Pariquera-Açu - SP,16759,5726,7078,207,71,94,624,2931,0,28,34.16671639119279,42.23402350975595,1.2351572289516082,0.42365296258726653,17.489110328778565
3536257,Parisi - SP,2555,1651,559,61,0,0,90,194,0,0,64.6183953033268,21.87866927592955,2.3874755381604698,0.0,7.592954990215264
3536307,Patrocínio Paulista - SP,12629,8822,2670,131,115,0,235,651,0,6,69.85509541531395,21.141816454192732,1.037295114419194,0.9106025813603611,5.154802438831261
3536406,Paulicéia - SP,6842,3415,2518,27,65,0,215,600,0,2,49.912306343174514,36.80210464776381,0.3946214557147033,0.9500146156094709,8.769365682548962
3536505,Paulínia - SP,96935,52238,26211,3555,555,27,5273,8989,0,87,53.889719915407234,27.039768917315726,3.6674059937071233,0.572548615051323,9.273224325578996
3536570,Paulistânia - SP,1818,1087,551,0,3,0,1,175,0,0,59.79097909790979,30.308030803080307,0.0,0.16501650165016502,9.625962596259626
3536604,Paulo de Faria - SP,6636,4152,1499,203,65,0,290,422,0,6,62.56781193490054,22.588908981314045,3.059071729957806,0.9795057263411694,6.359252561784207
3536703,Pederneiras - SP,39358,21056,13793,344,98,0,1435,2477,0,155,53.49865338685909,35.04497179734743,0.8740281518369836,0.24899639209309415,6.293510849128513
3536802,Pedra Bela - SP,5835,4203,1223,34,2,0,79,279,0,15,72.03084832904884,20.959725792630678,0.5826906598114824,0.03427592116538132,4.781491002570694
3536901,Pedranópolis - SP,2525,1573,700,72,15,0,49,116,0,0,62.2970297029703,27.722772277227723,2.8514851485148514,0.594059405940594,4.594059405940594
3537008,Pedregulho - SP,13616,7746,2402,1532,33,0,548,1347,0,9,56.888954171562865,17.641010575793185,11.251468860164513,0.24236192714453583,9.892773207990599
3537107,Pedreira - SP,38484,26298,7764,485,254,0,977,2707,0,0,68.33489242282506,20.174618023074526,1.2602640058206007,0.6600145515019229,7.034092090219312
3537156,Pedrinhas Paulista - SP,2514,1796,558,6,0,0,37,117,0,0,71.43993635640413,22.195704057279237,0.2386634844868735,0.0,4.6539379474940334
3537206,Pedro de Toledo - SP,9771,4368,3475,127,89,0,322,1355,0,35,44.7037150752226,35.5644253402927,1.2997646095588988,0.9108586633916692,13.867567290963054
3537305,Penápolis - SP,54536,31880,14717,1250,325,0,2902,3372,64,25,58.45679917852428,26.98584421299692,2.2920639577526774,0.5959366290156961,6.183071732433622
3537404,Pereira Barreto - SP,21213,11205,7589,419,90,0,525,1384,0,0,52.82138311412813,35.775232168953,1.975203884410503,0.42426813746287656,6.52430113609579
3537503,Pereiras - SP,7602,4988,1955,75,36,23,366,154,0,5,65.6143120231518,25.7169166008945,0.9865824782951855,0.47355958958168903,2.0257826887661143
3537602,Peruíbe - SP,60143,25579,18671,2565,1529,141,5511,5644,60,443,42.5303027783782,31.044344312721346,4.264835475450177,2.542274246379462,9.384300749879454
3537701,Piacatu - SP,4924,3190,1382,15,18,0,88,224,0,6,64.78472786352559,28.066612510154346,0.30463038180341184,0.3655564581640942,4.54914703493095
3537800,Piedade - SP,46751,26237,14695,481,222,0,1330,3739,0,46,56.12072469038095,31.43248272764219,1.0288549977540586,0.47485615280956556,7.997689888986332
3537909,Pilar do Sul - SP,24094,13404,7494,140,74,0,1237,1745,0,0,55.632107578650285,31.10317921474226,0.5810575246949448,0.3071304059101851,7.242467004233419
3538006,Pindamonhangaba - SP,144176,83249,41307,3224,1449,25,5651,8947,9,314,57.741232937520806,28.650399511707914,2.236155809566086,1.0050216402175118,6.205609810231938
3538105,Pindorama - SP,13053,8393,3277,585,53,0,284,437,5,20,64.29939477514748,25.105339768635563,4.481728338313031,0.40603692637707806,3.3478893740902476
3538204,Pinhalzinho - SP,13567,9316,3004,270,119,0,490,363,0,5,68.66661752782487,22.141962113952975,1.9901230927987028,0.8771283260853542,2.6756099358738115
3538303,Piquerobi - SP,2927,2014,659,3,2,0,66,179,0,4,68.80765288691492,22.51451998633413,0.10249402118209772,0.0683293474547318,6.115476597198497
3538501,Piquete - SP,11178,8403,2230,79,49,0,249,161,0,7,75.17444981213097,19.94990159241367,0.7067453927357309,0.4383610663803901,1.440329218106996
3538600,Piracaia - SP,23231,15440,5162,242,234,0,624,1529,0,0,66.4629159312987,22.220309069777453,1.041711506177091,1.0072747621712368,6.5817226981188925
3538709,Piracicaba - SP,374288,195234,115556,8690,3028,48,16057,35097,324,253,52.16143718206301,30.8735519172402,2.321741546616509,0.8090026931133245,9.377003804556919
3538808,Piraju - SP,26074,19384,4540,257,49,0,964,861,0,18,74.34225665413823,17.41198128403774,0.9856562092505945,0.18792667024622228,3.302140062897906
3538907,Pirajuí - SP,20288,11057,6085,381,155,0,470,2083,0,56,54.50019716088328,29.993099369085172,1.8779574132492114,0.7639984227129337,10.267152996845425
3539004,Pirangi - SP,9710,6827,2103,206,9,0,163,381,0,21,70.30895983522142,21.658084449021626,2.121524201853759,0.09268795056642637,3.9237899073120492
3539103,Pirapora do Bom Jesus - SP,15544,6228,5870,110,182,0,556,2590,5,3,40.06690684508492,37.76376737004632,0.7076685537828101,1.170869788986104,16.66237776634071
3539202,Pirapozinho - SP,22402,13983,6953,120,27,0,552,759,0,8,62.41853405945898,31.037407374341576,0.5356664583519328,0.12052495312918489,3.3880903490759753
3539301,Pirassununga - SP,65271,38805,15269,2161,1100,0,3390,4527,0,19,59.452130348853245,23.393237425502903,3.3108118459959246,1.6852813653843208,6.935698855540745
3539400,Piratininga - SP,13180,6289,4807,385,103,0,578,1018,0,0,47.716236722306526,36.47192716236722,2.921092564491654,0.7814871016691958,7.723823975720789
3539509,Pitangueiras - SP,29382,15676,8639,845,84,0,752,3386,0,0,53.35239262133279,29.402355183445646,2.8759104213464024,0.28588931999183176,11.524062351099312
3539608,Planalto - SP,3868,2293,1084,32,8,0,64,369,0,18,59.281282316442606,28.024819027921406,0.827300930713547,0.20682523267838676,9.53981385729059
3539707,Platina - SP,2632,1315,1065,2,0,0,170,80,0,0,49.962006079027354,40.463525835866264,0.07598784194528875,0.0,3.0395136778115504
3539806,Poá - SP,90974,34915,34702,2613,1281,29,5591,11344,118,381,38.3790973245103,38.14496449535032,2.8722492140611604,1.4080946204410052,12.46949677929958
3539905,Poloni - SP,4959,3321,1110,173,26,0,106,222,0,0,66.96914700544464,22.383545069570477,3.4886065739060292,0.524299253881831,4.476709013914095
3540002,Pompéia - SP,17863,10913,4584,259,22,0,846,1226,0,14,61.092761574203664,25.661982869618765,1.4499244247886693,0.1231596036500028,6.86334882158652
3540101,Pongaí - SP,3056,1954,764,94,3,0,61,147,0,33,63.93979057591623,25.0,3.075916230366492,0.09816753926701571,4.810209424083769
3540200,Pontal - SP,32669,18052,9294,387,344,13,1347,3212,0,20,55.25727754140011,28.448988337567723,1.1846092626036915,1.0529860112032814,9.831950779025988
3540259,Pontalinda - SP,3597,2505,880,15,11,0,79,106,0,0,69.64136780650541,24.464831804281346,0.4170141784820684,0.3058103975535168,2.9469001946066165
3540309,Pontes Gestal - SP,2106,1152,720,12,5,0,73,144,0,0,54.7008547008547,34.18803418803419,0.5698005698005698,0.23741690408357075,6.837606837606837
3540408,Populina - SP,3705,1908,1084,248,17,0,78,370,0,0,51.497975708502025,29.257759784075574,6.6936572199730096,0.45883940620782726,9.986504723346828
3540507,Porangaba - SP,9311,5341,2839,124,66,0,436,481,4,20,57.36225969283643,30.49081731285576,1.3317581355386103,0.7088390076253893,5.165932767694125
3540606,Porto Feliz - SP,49725,24552,18079,499,267,0,2418,3870,17,23,49.37556561085973,36.35796882855706,1.003519356460533,0.5369532428355958,7.782805429864253
3540705,Porto Ferreira - SP,46826,26809,12594,807,226,0,2294,4074,0,22,57.25238115576816,26.89531456882928,1.7234015290650493,0.4826378507666681,8.700294708068167
3540754,Potim - SP,17846,11187,4746,138,283,0,568,522,0,402,62.68631626134708,26.594194777541187,0.7732825282976578,1.585789532668385,2.9250252157346184
3540804,Potirendaba - SP,16215,10422,4332,301,53,0,364,708,0,35,64.27382053654024,26.716003700277522,1.8563058896083873,0.32685784767190873,4.366327474560592
3540853,Pracinha - SP,2416,1507,685,8,81,3,54,79,0,0,62.37582781456954,28.352649006622517,0.33112582781456956,3.3526490066225167,3.269867549668874
3540903,Pradópolis - SP,15070,8918,3775,23,50,0,350,1954,0,0,59.17717319177173,25.04976775049768,0.15262110152621103,0.33178500331785005,12.966157929661579
3541000,Praia Grande - SP,306368,142076,81769,12883,9685,143,20395,39220,72,126,46.37429496553165,26.689797890119074,4.205073636933361,3.161230937956967,12.801598078128263
3541059,Pratânia - SP,4400,1949,1622,13,7,0,342,466,2,0,44.29545454545455,36.86363636363637,0.29545454545454547,0.1590909090909091,10.590909090909092
3541109,Presidente Alves - SP,3367,1513,1546,19,6,0,69,184,0,30,44.936144936144935,45.91624591624591,0.5643005643005643,0.1782001782001782,5.4648054648054645
3541208,Presidente Bernardes - SP,13263,9461,2691,57,42,0,165,734,95,18,71.33378571967127,20.28952725627686,0.4297670210359647,0.3166704365528161,5.534192867375405
3541307,Presidente Epitácio - SP,34914,20148,10714,535,93,0,1076,2315,0,34,57.70750988142292,30.68683049779458,1.5323365984991695,0.26636879188864065,6.630577991636593
3541406,Presidente Prudente - SP,200369,121298,57467,2948,1073,30,7337,9928,169,120,60.53730866551213,28.680584321926048,1.4712854782925502,0.5355119803961691,4.954858286461478
3541505,Presidente Venceslau - SP,31877,20574,8550,459,147,0,876,1258,0,13,64.54183266932272,26.821846472378205,1.439909652727672,0.4611475358408884,3.9464190482165824
3541604,Promissão - SP,30952,15180,12626,624,163,15,601,1710,14,19,49.04368053760662,40.792194365469115,2.0160248126130784,0.5266218661152753,5.524683380718532
3541653,Quadra - SP,2994,1851,916,31,8,0,81,108,0,0,61.82364729458918,30.59452237808951,1.0354041416165665,0.26720106880427524,3.6072144288577155
3541703,Quatá - SP,11467,6425,3794,28,4,0,186,955,0,75,56.03034795500131,33.08624749280544,0.24417894828638703,0.03488270689805529,8.3282462719107
3541802,Queiroz - SP,2811,1662,918,0,6,0,69,151,4,0,59.12486659551761,32.657417289220916,0.0,0.21344717182497333,5.371753824261829
3541901,Queluz - SP,7958,5520,1825,21,12,0,293,277,6,5,69.36416184971098,22.932897712993213,0.26388539834129177,0.15079165619502388,3.4807740638351343
3542008,Quintana - SP,6102,3746,1789,23,4,0,178,362,0,0,61.38970829236316,29.318256309406753,0.3769255981645362,0.06555227794165848,5.932481153720092
3542107,Rafard - SP,7859,3967,2577,133,15,0,481,679,0,7,50.47715994401323,32.79043135258939,1.6923272681002672,0.1908639776052933,8.639776052932943
3542206,Rancharia - SP,25128,14308,8635,339,146,0,418,1282,0,0,56.94046482012098,34.36405603311047,1.3490926456542502,0.5810251512257243,5.101878382680675
3542305,Redenção da Serra - SP,3997,3193,623,9,31,0,56,83,0,3,79.88491368526395,15.586690017513135,0.22516887665749313,0.7755816862646985,2.0765574180635475
3542404,Regente Feijó - SP,17816,12839,3718,223,57,0,154,813,0,12,72.06443646160754,20.8688819039066,1.2516838796587337,0.31993713515940725,4.563313875168388
3542503,Reginópolis - SP,7018,3867,2068,15,40,0,307,595,110,15,55.10116842405244,29.46708463949843,0.21373610715303507,0.5699629524080935,8.47819891707039
3542602,Registro - SP,52377,17739,20503,1453,302,32,2818,9299,63,167,33.86791912480669,39.14504458063654,2.7741184107528114,0.576588960803406,17.753975981824084
3542701,Restinga - SP,5533,3157,1694,104,5,0,214,353,0,5,57.05765407554672,30.616302186878727,1.8796313030905476,0.09036688957166095,6.379902403759263
3542800,Ribeira - SP,2742,1217,1133,37,6,0,3,345,0,0,44.38366156090445,41.32020423048869,1.349380014587892,0.2188183807439825,12.582056892778994
3542909,Ribeirão Bonito - SP,9667,5602,2746,106,28,0,119,1066,0,0,57.94972587152167,28.40591703734354,1.096513913313334,0.28964518464880523,11.027205958415227
3543006,Ribeirão Branco - SP,15847,8605,5770,61,0,0,353,1058,0,0,54.30049851706948,36.41067709976652,0.3849309017479649,0.0,6.6763425253991295
3543105,Ribeirão Corrente - SP,3956,2638,959,36,23,0,102,188,0,10,66.6835187057634,24.24165824064712,0.910010111223458,0.5813953488372093,4.752275025278059
3543204,Ribeirão do Sul - SP,4145,3426,602,3,0,0,37,74,0,3,82.65379975874548,14.523522316043426,0.07237635705669482,0.0,1.7852834740651387
3543238,Ribeirão dos Índios - SP,1835,1426,346,4,0,0,37,21,0,0,77.71117166212534,18.85558583106267,0.21798365122615804,0.0,1.1444141689373297
3543253,Ribeirão Grande - SP,6576,5137,1250,28,0,0,28,133,0,0,78.11739659367396,19.008515815085158,0.4257907542579075,0.0,2.022506082725061
3543303,Ribeirão Pires - SP,102792,49724,30498,2294,1647,0,7291,11212,54,73,48.373414273484315,29.669624095260332,2.231691182193167,1.6022647676862012,10.907463615845591
3543402,Ribeirão Preto - SP,621091,329646,142386,37521,9033,123,32862,68511,284,725,53.075314245416536,22.9251430144697,6.0411437293407895,1.4543762508231484,11.030750727349133
3543501,Riversul - SP,4877,3605,947,8,6,0,90,215,0,7,73.9183924543777,19.41767480008202,0.16403526758253023,0.12302645068689769,4.4084478162805
3543600,Rifaina - SP,3570,1768,970,215,18,0,148,452,0,0,49.523809523809526,27.170868347338935,6.022408963585434,0.5042016806722689,12.661064425770308
3543709,Rincão - SP,8014,5081,1843,253,98,13,435,290,0,0,63.40154729223858,22.997254804092837,3.1569752932368353,1.2228599950087347,3.618667332168705
3543808,Rinópolis - SP,8276,5709,1738,32,15,0,137,621,0,25,68.98260028999516,21.000483325277912,0.3866602223296278,0.18124697921701305,7.50362493958434
3543907,Rio Claro - SP,178573,90103,57250,3696,1808,38,10823,14591,113,151,50.45723597632341,32.05971787448271,2.0697417862722807,1.0124710902544058,8.170888096184754
3544004,Rio das Pedras - SP,27295,13869,10938,258,48,0,1013,1148,0,21,50.811503938450265,40.07327349331379,0.9452280637479392,0.17585638395310496,4.205898516211761
3544103,Rio Grande da Serra - SP,38515,17410,13097,359,657,0,2665,4271,42,13,45.203167597040114,34.00493314293133,0.9321043749188628,1.7058288978320135,11.08918603141633
3544202,Riolândia - SP,9312,6798,1921,97,52,12,221,195,0,15,73.00257731958763,20.629295532646047,1.0416666666666667,0.5584192439862543,2.0940721649484537
3544251,Rosana - SP,15441,8454,4689,324,19,0,652,1293,6,4,54.75034000388576,30.36720419661939,2.0983096949679423,0.12304902532219415,8.373809986399845
3544301,Roseira - SP,9372,6778,1622,39,11,0,595,312,0,16,72.3218096457533,17.306871532223646,0.41613316261203587,0.11737089201877934,3.329065300896287
3544400,Rubiácea - SP,2319,1155,1018,16,4,0,41,84,0,0,49.80595084087969,43.89823199655024,0.689952565761104,0.172488141440276,3.6222509702457955
3544509,Rubinéia - SP,3440,2004,1102,60,0,0,119,151,0,3,58.25581395348837,32.03488372093023,1.744186046511628,0.0,4.3895348837209305
3544608,Sabino - SP,4587,2851,1401,50,16,0,145,124,0,0,62.15391323304993,30.54283845650752,1.090037061260083,0.3488118596032265,2.7032919119250054
3544707,Sagres - SP,2167,1366,652,16,0,0,7,123,0,3,63.03645592985694,30.087678818643287,0.7383479464697739,0.0,5.676049838486387
3544806,Sales - SP,5742,3545,1771,26,20,0,196,184,0,0,61.73807035876001,30.842911877394634,0.45280390107976315,0.34831069313827934,3.20445837687217
3544905,Sales Oliveira - SP,10116,7156,1754,325,25,0,299,557,0,0,70.73942269671807,17.338869118228548,3.212732305258996,0.24713325425069196,5.506128904705418
3545001,Salesópolis - SP,13346,9670,2136,424,116,11,342,647,0,0,72.45616664169039,16.00479544432789,3.176981867226135,0.8691742844297917,4.847894500224786
3545100,Salmourão - SP,4199,3166,833,36,17,0,33,113,0,0,75.39890450107168,19.838056680161944,0.8573469873779471,0.4048582995951417,2.6911169326030007
3545159,Saltinho - SP,7284,4924,1825,72,19,0,183,234,0,26,67.60021965952774,25.054914881933005,0.9884678747940692,0.26084568918176826,3.212520593080725
3545209,Salto - SP,117283,68660,29078,2146,1220,0,5416,10705,20,39,58.54215871012849,24.793022006599422,1.829762199125193,1.0402189575641823,9.127495033380796
3545308,Salto de Pirapora - SP,38414,13971,16649,540,320,22,2108,4799,0,4,36.369552767220284,43.34096943822565,1.4057374915395429,0.8330296246160254,12.492841151663455
3545407,Salto Grande - SP,7872,4851,2334,95,10,0,265,313,0,5,61.6234756097561,29.649390243902438,1.2068089430894309,0.12703252032520326,3.9761178861788617
3545506,Sandovalina - SP,3144,2234,759,0,0,0,26,125,0,0,71.05597964376591,24.141221374045802,0.0,0.0,3.975826972010178
3545605,Santa Adélia - SP,12458,8630,2908,281,14,0,219,382,0,23,69.27275646171135,23.342430566704127,2.2555787445817947,0.11237758869802536,3.0663027773318348
3545704,Santa Albertina - SP,5627,3488,1393,81,0,0,183,462,2,17,61.986849120312776,24.75564243824418,1.4394881819797405,0.0,8.210414074995557
3545803,Santa Bárbara d'Oeste - SP,163091,91304,52201,1872,1209,11,7696,8666,41,91,55.98346935146636,32.0072842768761,1.147825447143006,0.7413039346131914,5.313597929990006
3546009,Santa Branca - SP,12462,7927,3453,174,136,0,220,546,6,0,63.60937249237683,27.708233028406354,1.3962445835339432,1.0913176055207832,4.381319210399615
3546108,Santa Clara d'Oeste - SP,2266,1424,594,36,4,0,44,149,0,15,62.84201235657547,26.21359223300971,1.588702559576346,0.176522506619594,6.575463371579876
3546207,Santa Cruz da Conceição - SP,3874,2550,801,125,90,0,87,220,0,0,65.82343830665978,20.676303562209604,3.2266391326794013,2.323180175529169,5.678884873515746
3546256,Santa Cruz da Esperança - SP,1857,1155,542,17,17,0,80,46,0,0,62.197092084006464,29.186860527732904,0.9154550350026925,0.9154550350026925,2.4771136241249327
3546306,Santa Cruz das Palmeiras - SP,25411,17890,5664,62,98,0,422,1256,0,18,70.40258155916729,22.28955963952619,0.24398882373775138,0.3856597536499941,4.942741332493802
3546405,Santa Cruz do Rio Pardo - SP,40843,29963,8659,335,207,0,749,890,0,40,73.3614083196631,21.200695345591654,0.8202139901574321,0.5068187939181745,2.1790759738510883
3546504,Santa Ernestina - SP,5380,3243,1505,16,13,0,158,432,0,12,60.278810408921935,27.973977695167285,0.29739776951672864,0.241635687732342,8.029739776951672
3546603,Santa Fé do Sul - SP,30835,16594,9396,1232,126,0,1498,1959,19,11,53.81546943408465,30.47186638560078,3.995459704880817,0.4086265607264472,6.353170098913572
3546702,Santa Gertrudes - SP,20465,11211,7140,144,83,0,710,1161,0,18,54.78133398485219,34.88883459565111,0.7036403615929636,0.40557048619594427,5.673100415343269
3546801,Santa Isabel - SP,46669,23077,15958,897,851,0,2346,3446,0,93,49.4482418736206,34.19400458548501,1.922046754805117,1.8234802545587006,7.383916518459792
3546900,Santa Lúcia - SP,6191,3843,1651,41,36,0,106,514,0,0,62.073978355677596,26.66774349862704,0.6622516556291391,0.5814892586011953,8.302374414472622
3547007,Santa Maria da Serra - SP,4549,2720,1316,11,18,0,68,415,0,0,59.79336117828094,28.929435040668277,0.24181138711804792,0.3956913607386239,9.122884150362717
3547106,Santa Mercedes - SP,2577,1480,856,5,0,0,21,214,0,0,57.431121459060925,33.216918897943344,0.19402405898331393,0.0,8.304229724485836
3547205,Santana da Ponte Pensa - SP,1531,909,416,32,2,0,49,115,0,9,59.37295885042456,27.171783148269107,2.0901371652514698,0.13063357282821686,7.511430437622469
3547304,Santana de Parnaíba - SP,132961,61240,40292,4189,1082,0,7986,18106,13,53,46.05861869269936,30.303622866855694,3.1505479050247818,0.8137724595934146,13.617526943991095
3547403,Santa Rita d'Oeste - SP,2462,1857,421,73,6,0,42,62,0,0,75.42648253452478,17.099918765231518,2.965069049553209,0.2437043054427295,2.5182778229082046
3547502,Santa Rita do Passa Quatro - SP,22436,13771,5769,852,268,0,871,905,0,0,61.37903369584596,25.71313959707613,3.7974683544303796,1.1945088251025138,4.033695845961847
3547601,Santa Rosa de Viterbo - SP,20873,12793,5390,354,91,0,574,1662,0,10,61.28970440281704,25.822833325348537,1.6959708714607387,0.43596991328510515,7.96243951516313
3547650,Santa Salete - SP,1480,917,473,10,5,0,42,33,0,0,61.95945945945946,31.95945945945946,0.6756756756756757,0.33783783783783783,2.22972972972973
3547700,Santo Anastácio - SP,16102,10354,4268,154,47,0,723,556,0,0,64.30257110917898,26.50602409638554,0.9564029313128803,0.29188920630977516,3.4529872065581917
3547809,Santo André - SP,669990,342958,175427,26079,12820,75,41472,68539,1234,1387,51.188525201868686,26.183525127240706,3.8924461559127748,1.9134613949461932,10.229854176928013
3547908,Santo Antônio da Alegria - SP,5940,4389,1097,121,1,0,97,234,0,2,73.88888888888889,18.468013468013467,2.037037037037037,0.016835016835016835,3.9393939393939394
3548005,Santo Antônio de Posse - SP,20298,11403,4584,148,101,0,507,3535,0,19,56.177948566361216,22.58350576411469,0.7291358754557099,0.49758596906099123,17.415508917134694
3548054,Santo Antônio do Aracanguá - SP,7380,4202,2644,41,34,0,242,210,0,6,56.93766937669377,35.826558265582655,0.5555555555555556,0.46070460704607047,2.845528455284553
3548104,Santo Antônio do Jardim - SP,5466,4105,884,112,42,0,148,175,0,0,75.10062202707647,16.172703988291254,2.049030369557263,0.7683863885839737,3.2016099524332238
3548203,Santo Antônio do Pinhal - SP,6309,4427,991,98,22,13,213,539,6,0,70.16959898557616,15.707719131399587,1.5533365034078301,0.3487081946425741,8.543350768743066
3548302,Santo Expedito - SP,2660,1776,667,14,6,0,80,116,0,0,66.76691729323308,25.075187969924812,0.5263157894736842,0.22556390977443608,4.360902255639098
3548401,Santópolis do Aguapeí - SP,3394,2078,1040,20,11,0,84,153,0,10,61.22569239835003,30.642309958750737,0.5892751915144372,0.3241013553329405,4.5079552150854445
3548500,Santos - SP,380662,224520,54777,29196,8115,120,23726,39781,239,188,58.98145861683068,14.389931225076314,7.669796302231376,2.131812474058351,10.450478377142977
3548609,São Bento do Sapucaí - SP,10412,8347,1289,122,83,0,243,328,0,0,80.16711486746063,12.379946215904726,1.1717249327698809,0.7971571263926239,3.1502112946600076
3548708,São Bernardo do Campo - SP,720875,368804,188777,26402,12998,137,43573,78967,547,669,51.16060343332755,26.187203051846716,3.6624934974856944,1.8030865267903589,10.954326339517946
3548807,São Caetano do Sul - SP,149276,85118,27840,9538,3541,8,9172,13759,142,158,57.02055253356199,18.650017417401322,6.389506685602508,2.372116080280822,9.217154800503765
3548906,São Carlos - SP,225922,124071,53714,8308,2942,63,12163,24466,86,109,54.91762643744301,23.775462327706023,3.6773753773426225,1.3022193500411647,10.829401297793044
3549003,São Francisco - SP,2360,1575,535,105,13,0,24,106,3,0,66.73728813559322,22.66949152542373,4.4491525423728815,0.5508474576271186,4.491525423728813
3549102,São João da Boa Vista - SP,82547,50997,18639,2746,986,77,4466,4584,22,29,61.779349946091315,22.57986359286225,3.326589700413098,1.194471028626116,5.553199995154276
3549201,São João das Duas Pontes - SP,2306,1776,438,15,0,0,12,66,0,0,77.01647875108412,18.99392888117953,0.6504770164787511,0.0,2.862098872506505
3549250,São João de Iracema - SP,1624,908,533,24,6,0,84,69,0,0,55.91133004926108,32.820197044334975,1.477832512315271,0.3694581280788177,4.248768472906404
3549300,São João do Pau d'Alho - SP,2018,1565,334,36,0,0,43,32,0,7,77.55203171456888,16.55104063429138,1.7839444995044598,0.0,1.5857284440039643
3549409,São Joaquim da Barra - SP,43056,27353,10071,1199,395,0,1380,2563,10,85,63.52889260497956,23.390468227424748,2.784745447788926,0.9174098848011891,5.952712746191007
3549508,São José da Bela Vista - SP,6620,4198,1646,32,0,0,265,480,0,0,63.413897280966765,24.86404833836858,0.48338368580060426,0.0,7.2507552870090635
3549607,São José do Barreiro - SP,3372,2578,537,34,0,0,63,160,0,0,76.45314353499407,15.92526690391459,1.0083036773428233,0.0,4.744958481613286
3549706,São José do Rio Pardo - SP,46131,36509,6571,734,309,0,744,1233,0,32,79.142008627604,14.244217554356073,1.5911209381977411,0.6698315666254796,2.672823047408467
3549805,São José do Rio Preto - SP,427130,218015,121953,25347,5435,152,21754,33712,79,683,51.04183737972046,28.551728981808818,5.934258890735841,1.2724463278158875,7.892679043850818
3549904,São José dos Campos - SP,612019,358805,155723,15005,4737,85,29852,47592,22,198,58.6264478717164,25.444144707925734,2.451721270091288,0.7739955785686392,7.776229169355854
3549953,São Lourenço da Serra - SP,14020,7708,3782,182,185,57,647,1454,0,5,54.97860199714693,26.975748930099858,1.298145506419401,1.3195435092724679,10.370898716119829
3550001,São Luiz do Paraitinga - SP,9236,7199,1453,110,26,0,127,311,0,11,77.94499783456041,15.731918579471632,1.19099177132958,0.281507145950628,3.3672585534863577
3550100,São Manuel - SP,32922,20484,9236,490,396,19,663,1599,11,23,62.21979223619464,28.054188688415042,1.4883664418929592,1.202843083652269,4.856934572626208
3550209,São Miguel Arcanjo - SP,27931,16659,8041,82,35,0,1378,1633,25,78,59.64340696716909,28.788800973828362,0.293580609358777,0.12530879667752676,5.846550427840034
3550308,São Paulo - SP,10165251,5156315,2355647,383816,233027,3705,641113,1371590,6775,13262,50.72491569563801,23.173525179063457,3.775765104078591,2.292388058101074,13.492928015255108
3550407,São Pedro - SP,33955,16341,11032,1381,208,0,1788,3136,0,70,48.125460167869235,32.490060374024445,4.067147695479311,0.6125754675305551,9.23575320276837
3550506,São Pedro do Turvo - SP,6252,4068,1738,18,17,0,136,275,0,0,65.06717850287907,27.79910428662828,0.28790786948176583,0.27191298784388995,4.398592450415867
3550605,São Roque - SP,70212,38670,18354,1979,1197,0,3490,6395,0,127,55.076055375149544,26.140830627243208,2.8186065060103687,1.7048367800376003,9.108129664444824
3550704,São Sebastião - SP,70568,31968,20336,1544,880,221,5312,10180,28,98,45.300986282734385,28.817594377054757,2.187960548690625,1.2470241469221177,14.425802063258134
3550803,São Sebastião da Grama - SP,9333,6884,1866,128,17,0,92,342,0,5,73.75977713489767,19.99357119897139,1.3714775527697418,0.18214936247723132,3.664416586306654
3550902,São Simão - SP,12075,7622,2859,308,154,0,244,889,0,0,63.12215320910973,23.677018633540374,2.550724637681159,1.2753623188405796,7.36231884057971
3551009,São Vicente - SP,290978,133031,81233,9964,6964,33,19124,40163,182,283,45.718576662153154,27.917230855941,3.4243138656530734,2.3933080851473307,13.802761720817381
3551108,Sarapuí - SP,9029,5586,2382,63,28,0,487,345,0,137,61.86731642485325,26.381659098460517,0.6977516890021044,0.310111861778713,3.8210211540591428
3551207,Sarutaiá - SP,3267,1957,1080,4,3,0,84,141,0,0,59.90205081114172,33.05785123966942,0.12243648607284971,0.09182736455463728,4.315886134067952
3551306,Sebastianópolis do Sul - SP,2755,2067,546,14,0,0,54,74,0,0,75.02722323049002,19.818511796733212,0.5081669691470054,0.0,2.686025408348457
3551405,Serra Azul - SP,11567,6200,3467,208,83,0,512,965,122,12,53.600760784991785,29.973199619607502,1.7982190714964987,0.7175585717990836,8.342699057664044
3551504,Serrana - SP,38234,23825,8591,495,148,0,1343,3769,0,63,62.313647538839774,22.46952973792959,1.2946592038499765,0.3870900245854475,9.857718261233456
3551603,Serra Negra - SP,26796,16861,5849,990,578,0,1049,1451,0,17,62.923570682191375,21.827884758919243,3.6945812807881775,2.1570383639349155,5.4149873115390355
3551702,Sertãozinho - SP,110814,56395,32897,2479,1493,38,6663,10800,0,50,50.89158409587236,29.68668218817117,2.2370819571534284,1.3473026873860703,9.746060967025826
3551801,Sete Barras - SP,10962,4217,4676,184,18,40,241,1552,0,35,38.469257434774676,42.65644955300128,1.6785258164568508,0.16420361247947454,14.158000364896917
3551900,Severínia - SP,12742,7963,3331,48,20,0,365,947,0,68,62.4941139538534,26.14189295244075,0.37670695338251453,0.15696123057604772,7.43211426777586
3552007,Silveiras - SP,5421,4383,827,21,20,0,54,93,0,23,80.85224128389596,15.25548791735842,0.387382401770891,0.3689356207341819,1.7155506364139457
3552106,Socorro - SP,36016,23457,7802,618,547,0,1109,2374,8,102,65.12938693913816,21.662594402487784,1.7159040426477121,1.5187694358063084,6.591514882274545
3552205,Sorocaba - SP,637890,305441,207690,20618,6359,186,34570,61833,95,1099,47.88302058348618,32.5589051403847,3.232218721096114,0.9968803398705106,9.693364059634106
3552304,Sud Mennucci - SP,6472,4175,1835,51,12,0,126,258,0,15,64.50865265760197,28.35290482076638,0.7880098887515451,0.18541409147095178,3.9864029666254637
3552403,Sumaré - SP,243821,108237,83365,2518,2709,12,17217,29556,12,195,44.39199248629117,34.19106639706998,1.0327248268196751,1.1110609832623113,12.122007538317044
3552502,Suzano - SP,266084,104789,96118,5344,4748,88,21073,33536,145,243,39.38192450504352,36.12317914643496,2.0083883284977677,1.784398911621894,12.603538732129703
3552551,Suzanápolis - SP,3032,1662,1011,6,0,0,116,237,0,0,54.815303430079155,33.344327176781,0.19788918205804748,0.0,7.816622691292876
3552601,Tabapuã - SP,10085,6926,2074,398,12,0,220,418,0,36,68.67625185919682,20.56519583539911,3.9464551313832423,0.11898859692612791,4.144769459593456
3552700,Tabatinga - SP,12830,8229,3054,151,123,15,394,851,0,13,64.13873733437256,23.803585346843334,1.1769290724863601,0.9586905689789555,6.632891660171473
3552809,Taboão da Serra - SP,239812,125826,58838,5137,5382,34,14911,28909,196,578,52.468600403649525,24.535052457758578,2.1420946408019614,2.2442580021016463,12.054859640051374
3552908,Taciba - SP,5416,3902,1346,3,0,0,31,134,0,0,72.04579025110783,24.85228951255539,0.055391432791728215,0.0,2.4741506646971936
3553005,Taguaí - SP,10946,7272,2591,41,52,0,565,405,0,21,66.43522748035812,23.67074730495158,0.37456605152567146,0.4750593824228028,3.6999817284852914
3553104,Taiaçu - SP,5009,3341,1231,18,12,0,73,333,0,0,66.69994010780594,24.575763625474146,0.35935316430425235,0.2395687762028349,6.648033539628669
3553203,Taiúva - SP,5923,4191,1277,69,42,0,118,226,0,0,70.7580617930103,21.560020260003377,1.1649501941583658,0.7091001181833531,3.8156339692723282
3553302,Tambaú - SP,18880,12286,3908,390,186,0,1076,1035,0,0,65.07415254237289,20.699152542372882,2.065677966101695,0.9851694915254238,5.481991525423729
3553401,Tanabi - SP,22356,14290,6009,372,137,0,685,837,0,26,63.920200393630346,26.878690284487387,1.6639828234031133,0.6128108785113616,3.743961352657005
3553500,Tapiraí - SP,6908,2240,3066,92,30,43,308,1116,12,0,32.42617255356109,44.38332368268674,1.3317892298784018,0.43427909669947884,16.155182397220614
3553609,Tapiratiba - SP,10581,7943,1867,293,24,0,138,315,0,0,75.06851904356866,17.64483508175031,2.769114450430016,0.22682166146867025,2.977034306776297
3553658,Taquaral - SP,2356,1700,462,15,0,0,2,176,0,0,72.15619694397283,19.60950764006791,0.6366723259762309,0.0,7.470288624787776
3553708,Taquaritinga - SP,46439,28342,11586,1156,474,0,1420,3441,9,11,61.03059928077693,24.948857641206743,2.48928702168436,1.020693813389608,7.409720278214432
3553807,Taquarituba - SP,21525,14295,5302,248,55,0,487,1102,35,0,66.41114982578397,24.631823461091752,1.1521486643437864,0.25551684088269455,5.119628339140534
3553856,Taquarivaí - SP,5870,3879,1568,28,5,0,78,313,0,0,66.08177172061329,26.712095400340715,0.47700170357751276,0.08517887563884156,5.3321976149914825
3553906,Tarabai - SP,5708,3863,1441,27,3,0,118,240,0,16,67.67694463910301,25.245269796776455,0.4730203223545901,0.05255781359495445,4.204625087596356
3553955,Tarumã - SP,12846,7110,4995,28,6,0,436,255,0,17,55.34796823914059,38.883699205978516,0.2179666822357154,0.046707146193367584,1.9850537132181223
3554003,Tatuí - SP,108511,47242,44257,1231,758,0,6830,8123,11,60,43.5365999760393,40.7857267926754,1.134447198901494,0.6985466911188727,7.485877007860954
3554102,Taubaté - SP,273836,165785,66825,6483,3223,107,13686,17260,69,398,60.54171109715304,24.40329248163134,2.3674754232460304,1.1769818431469932,6.3030426970887685
3554201,Tejupá - SP,3585,2608,765,5,0,0,51,152,0,4,72.74755927475593,21.338912133891213,0.1394700139470014,0.0,4.239888423988843
3554300,Teodoro Sampaio - SP,19066,11668,6323,139,35,0,393,501,0,8,61.197943984055385,33.163746984160284,0.7290464701562992,0.18357285219762928,2.6277142557432076
3554409,Terra Roxa - SP,7010,4682,1773,17,4,0,255,261,0,18,66.79029957203994,25.29243937232525,0.24251069900142652,0.05706134094151213,3.723252496433666
3554508,Tietê - SP,33463,23097,7052,301,124,0,965,1925,0,0,69.02250246540956,21.074022054209127,0.8995009413381945,0.3705585273286914,5.752622299255894
3554607,Timburi - SP,2211,1560,459,6,0,0,68,118,0,0,70.5563093622795,20.759837177747624,0.27137042062415195,0.0,5.336951605608322
3554656,Torre de Pedra - SP,1819,455,1081,10,5,0,76,192,0,0,25.01374381528312,59.4282572842221,0.5497526113249038,0.2748763056624519,10.555250137438152
3554706,Torrinha - SP,8248,6416,1390,42,19,0,98,235,9,40,77.78855480116391,16.852570320077593,0.5092143549951503,0.23035887487875847,2.8491755577109603
3554755,Trabiju - SP,1484,958,326,7,28,0,49,104,0,12,64.55525606469003,21.967654986522913,0.4716981132075472,1.8867924528301887,7.008086253369272
3554805,Tremembé - SP,45520,25097,11156,927,692,0,2367,3517,0,1764,55.134007029876976,24.507908611599298,2.0364674868189807,1.5202108963093146,7.726274165202109
3554904,Três Fronteiras - SP,6005,3387,1979,111,36,0,180,313,0,0,56.4029975020816,32.95587010824313,1.8484596169858452,0.5995004163197336,5.212323064113239
3554953,Tuiuti - SP,6052,4129,1454,35,69,0,319,46,0,0,68.22538003965632,24.025115664243227,0.5783212161269002,1.140118968935889,0.760079312623926
3555000,Tupã - SP,57124,31593,18342,1946,107,0,1409,3568,0,161,55.3060009803235,32.109096001680555,3.4066241859813737,0.18731181289825644,6.246061200196065
3555109,Tupi Paulista - SP,14436,9360,3305,312,174,0,197,1083,7,0,64.83790523690773,22.894153505126074,2.1612635078969245,1.2053200332502079,7.502078137988362
3555208,Turiúba - SP,1625,1179,309,47,5,0,20,54,0,11,72.55384615384615,19.015384615384615,2.8923076923076922,0.3076923076923077,3.3230769230769233
3555307,Turmalina - SP,1550,1161,262,28,5,7,27,60,0,0,74.90322580645162,16.903225806451612,1.8064516129032258,0.3225806451612903,3.870967741935484
3555356,Ubarana - SP,4649,2804,1367,11,5,0,116,325,0,20,60.3140460314046,29.404172940417293,0.23661002366100237,0.10755001075500108,6.99075069907507
3555406,Ubatuba - SP,80975,33076,26289,1981,1286,185,5977,11948,21,214,40.84717505402902,32.46557579499846,2.4464340845940105,1.588144489039827,14.755171349181847
3555505,Ubirajara - SP,4395,2445,1735,3,3,0,61,136,0,12,55.63139931740614,39.47667804323095,0.06825938566552901,0.06825938566552901,3.094425483503982
3555604,Uchoa - SP,9290,6213,1958,330,102,0,327,361,0,0,66.8783638320775,21.076426264800862,3.552206673842842,1.0979547900968785,3.8858988159311085
3555703,União Paulista - SP,1371,1037,288,11,3,0,8,24,0,0,75.63822027716995,21.00656455142232,0.8023340627279358,0.2188183807439825,1.75054704595186
3555802,Urânia - SP,7929,5426,1947,121,22,0,156,257,0,0,68.43233699079329,24.55542943624669,1.5260436372808677,0.2774624795056123,3.2412662378610166
3555901,Uru - SP,1220,682,413,7,2,0,6,110,0,0,55.90163934426229,33.85245901639344,0.5737704918032787,0.16393442622950818,9.01639344262295
3556008,Urupês - SP,12328,8663,2801,178,37,0,208,441,0,0,70.2709279688514,22.720635950681377,1.443867618429591,0.300129785853342,3.5772225827384814
3556107,Valentim Gentil - SP,12289,7472,3189,524,29,0,511,553,0,10,60.80234355928066,25.95003661811376,4.263975913418505,0.23598339978842867,4.499959313206933
3556206,Valinhos - SP,112916,63271,26971,3956,1341,0,7474,9740,43,119,56.03368875978604,23.885897481313542,3.5034893194941374,1.1876084877253887,8.625881186014382
3556305,Valparaíso - SP,21318,10499,8769,196,62,0,396,1388,0,8,49.24946054977015,41.134252744159866,0.9194108265315696,0.2908340369640679,6.510929730743972
3556354,Vargem - SP,9114,5630,2513,60,28,0,387,460,19,17,61.77309633530832,27.572964669738862,0.6583278472679395,0.30721966205837176,5.047180162387535
3556404,Vargem Grande do Sul - SP,35382,22549,9643,632,177,0,976,1270,0,135,63.73014527160703,27.253970945678592,1.7862189814029732,0.5002543666270985,3.589395737945848
3556453,Vargem Grande Paulista - SP,43785,22267,11295,797,571,0,2704,6106,33,12,50.85531574740208,25.79650565262076,1.820258079250885,1.3040995774808724,13.945415096494234
3556503,Várzea Paulista - SP,100852,53043,31495,603,907,44,3604,11001,29,126,52.5948915242137,31.228929520485465,0.5979058422242494,0.8993376432792607,10.908063300678222
3556602,Vera Cruz - SP,9052,6469,1834,75,22,0,272,355,0,25,71.46486964206805,20.26071586389748,0.8285461776403005,0.24304021210782148,3.9217852408307556
3556701,Vinhedo - SP,67736,39287,16378,2419,466,23,4146,4976,0,42,58.00017715837959,24.179166174560056,3.5712176685957244,0.6879650407464273,7.346167473721507
3556800,Viradouro - SP,15289,8387,5257,69,53,6,723,782,0,11,54.85643272941331,34.384197789260256,0.4513048597030545,0.34665445745307083,5.114788409967951
3556909,Vista Alegre do Alto - SP,6986,4375,1923,24,12,0,129,523,0,0,62.62525050100201,27.526481534497567,0.3435442313197824,0.1717721156598912,7.486401374176925
3556958,Vitória Brasil - SP,1620,1112,466,1,5,0,21,15,0,0,68.64197530864197,28.765432098765434,0.06172839506172839,0.30864197530864196,0.9259259259259259
3557006,Votorantim - SP,111679,50006,43309,1338,1050,28,5725,10088,0,135,44.77654706793578,38.7798959517904,1.1980766303423205,0.9401946650668433,9.033032172566015
3557105,Votuporanga - SP,85694,46798,24717,4730,469,0,3846,5032,63,40,54.61059117324434,28.843326253880086,5.519639648050038,0.5472961934324457,5.872056386678181
3557154,Zacarias - SP,2382,1563,607,6,4,0,69,114,0,19,65.61712846347606,25.482787573467675,0.2518891687657431,0.16792611251049538,4.785894206549118
3557204,Chavantes - SP,10664,5952,3793,61,6,0,294,538,0,21,55.81395348837209,35.568267066766694,0.5720180045011253,0.056264066016504126,5.045011252813203
3557303,Estiva Gerbi - SP,9862,5901,2997,110,8,0,395,440,10,0,59.835733117014804,30.389373352261206,1.1153924153315757,0.08111944838775097,4.461569661326303
4100103,Abatiá - PR,6297,5158,901,15,2,53,50,117,0,0,81.91202159758615,14.30840082579006,0.23820867079561697,0.03176115610608226,1.8580276322058122
4100202,Adrianópolis - PR,5430,2111,2582,12,5,0,170,509,0,41,38.87661141804788,47.55064456721915,0.22099447513812154,0.09208103130755065,9.373848987108655
4100301,Agudos do Sul - PR,8772,5846,2315,34,26,0,177,375,0,0,66.6438668490652,26.39078887368901,0.3875968992248062,0.29639762881896947,4.2749658002735975
4100400,Almirante Tamandaré - PR,101637,53861,33612,991,1004,3,4519,7502,37,107,52.99349646290229,33.0706337259069,0.9750386178261854,0.9878292354162362,7.381170243120123
4100459,Altamira do Paraná - PR,3135,2560,514,0,3,0,4,53,2,0,81.65869218500798,16.395534290271133,0.0,0.09569377990430622,1.6905901116427433
4100509,Altônia - PR,16535,12293,3598,89,0,0,96,439,0,20,74.34532809192622,21.75990323556093,0.5382521923193226,0.0,2.6549742969458725
4100608,Alto Paraná - PR,12012,9184,2161,38,5,0,292,332,0,0,76.45687645687646,17.99034299034299,0.31635031635031635,0.041625041625041624,2.763902763902764
4100707,Alto Piquiri - PR,8464,6707,1321,9,7,0,94,308,0,17,79.2414933837429,15.607277882797732,0.10633270321361059,0.08270321361058601,3.6389413988657844
4100806,Alvorada do Sul - PR,9135,7185,1580,40,29,0,65,232,6,0,78.6535303776683,17.296113847837987,0.43787629994526545,0.31746031746031744,2.5396825396825395
4100905,Amaporã - PR,4146,3055,824,4,18,0,163,72,0,11,73.68547998070429,19.874577906415823,0.0964785335262904,0.4341534008683068,1.7366136034732271
4101002,Ampére - PR,16957,14339,2184,6,41,0,217,166,0,5,84.56094828094592,12.879636728194846,0.035383617385150674,0.24178805213186294,0.9789467476558353
4101051,Anahy - PR,2576,2148,316,0,3,0,20,89,0,0,83.38509316770187,12.267080745341614,0.0,0.11645962732919254,3.4549689440993787
4101101,Andirá - PR,17614,12436,3851,51,32,0,398,842,0,6,70.60292948790735,21.863290564323833,0.28954240944703075,0.18167366867264675,4.780288406949018
4101150,Ângulo - PR,2791,1900,730,12,0,0,55,93,0,0,68.07595843783591,26.15549982085274,0.4299534217126478,0.0,3.3321390182730206
4101200,Antonina - PR,15743,6502,6559,139,241,0,681,1598,3,19,41.30089563615575,41.66296131614051,0.8829320968049291,1.5308391030934383,10.150543098519977
4101309,Antônio Olinto - PR,6194,5327,684,7,26,0,87,63,0,0,86.00258314497901,11.042944785276074,0.11301259283177269,0.4197610590894414,1.017113335485954
4101408,Apucarana - PR,113679,72040,31337,817,182,19,3554,5360,327,44,63.37142304207461,27.566217155323322,0.7186903473816624,0.16009993050607413,4.715030920398666
4101507,Arapongas - PR,104082,67667,27994,692,379,9,3031,4200,0,112,65.01316269864145,26.896101151015547,0.6648603985319268,0.36413596971618534,4.035279875482792
4101606,Arapoti - PR,22079,14727,6430,0,0,0,226,676,0,20,66.70139046152453,29.12269577426514,0.0,0.0,3.061732868336428
4101655,Arapuã - PR,3131,2612,446,0,0,0,12,60,0,0,83.4238262535931,14.244650271478761,0.0,0.0,1.916320664324497
4101705,Araruna - PR,12643,9792,2550,0,9,0,126,153,0,12,77.44997231669699,20.16926362413984,0.0,0.07118563632049356,1.2101558174483904
4101804,Araucária - PR,130119,71607,41178,1238,1346,0,5375,9154,82,139,55.03193230811795,31.646415973070805,0.9514367617334901,1.0344377070220336,7.035098640475257
4101853,Ariranha do Ivaí - PR,2080,1714,333,0,0,0,4,29,0,0,82.40384615384616,16.009615384615383,0.0,0.0,1.3942307692307692
4101903,Assaí - PR,12271,7933,3070,72,23,0,556,608,0,9,64.64835791704017,25.018335913943442,0.5867492461902045,0.18743378697742646,4.954771412272838
4102000,Assis Chateaubriand - PR,32323,25225,5502,87,71,31,438,970,0,0,78.04040466540853,17.0219348451567,0.2691581845744516,0.21965782879064444,3.0009590693933115
4102109,Astorga - PR,22387,15055,6070,116,13,0,590,526,0,16,67.24884977888954,27.113950060302855,0.518157859472015,0.05806941528565685,2.349577880019654
4102208,Atalaia - PR,3575,2820,554,0,0,0,129,63,0,9,78.88111888111888,15.496503496503497,0.0,0.0,1.7622377622377623
4102307,Balsa Nova - PR,11575,7831,3113,72,30,3,212,309,0,4,67.65442764578833,26.89416846652268,0.6220302375809935,0.2591792656587473,2.6695464362850974
4102406,Bandeirantes - PR,27493,19481,6613,80,66,0,514,701,0,38,70.85803659113229,24.053395409740663,0.29098315934965263,0.24006110646346343,2.549739933801331
4102505,Barbosa Ferraz - PR,9592,7226,1991,19,10,5,50,291,0,0,75.33361134278566,20.756880733944953,0.1980817347789825,0.1042535446205171,3.0337781484570474
4102604,Barracão - PR,8398,6002,1916,27,10,0,146,297,0,0,71.46939747558943,22.814955941890926,0.32150512026673017,0.11907597046915933,3.536556322934032
4102703,Barra do Jacaré - PR,2481,2038,400,0,0,0,19,24,0,0,82.14429665457477,16.12253123740427,0.0,0.0,0.9673518742442564
4102752,Bela Vista da Caroba - PR,3555,2676,834,0,0,0,0,44,0,0,75.27426160337552,23.459915611814345,0.0,0.0,1.2376933895921238
4102802,Bela Vista do Paraíso - PR,13084,9761,2716,100,5,0,160,341,0,0,74.60256802201162,20.758177927239377,0.7642922653622746,0.03821461326811373,2.6062366248853563
4102901,Bituruna - PR,13187,10205,2556,0,11,6,160,249,0,0,77.38682035337833,19.382725411390005,0.0,0.08341548494729659,1.8882232501706226
4103008,Boa Esperança - PR,4025,3334,600,2,4,0,44,42,0,0,82.83229813664596,14.906832298136646,0.049689440993788817,0.09937888198757763,1.0434782608695652
4103024,Boa Esperança do Iguaçu - PR,2136,1913,212,0,0,0,4,8,0,0,89.55992509363296,9.925093632958802,0.0,0.0,0.37453183520599254
4103040,Boa Ventura de São Roque - PR,5490,4701,704,6,0,0,20,57,0,3,85.62841530054645,12.823315118397085,0.1092896174863388,0.0,1.0382513661202186
4103057,Boa Vista da Aparecida - PR,6831,5584,1085,13,2,0,55,89,0,3,81.74498609281218,15.883472405211535,0.19030888596105988,0.029278290147855365,1.3028839115795638
4103107,Bocaiúva do Sul - PR,11302,6454,4135,21,55,0,200,371,0,66,57.10493717926031,36.586444877012916,0.18580782162449125,0.4866395328260485,3.282604848699345
4103156,Bom Jesus do Sul - PR,3453,2683,680,6,5,0,18,57,0,4,77.70055024616276,19.69302056183029,0.1737619461337967,0.1448016217781639,1.6507384882710687
4103206,Bom Sucesso - PR,5657,4184,1062,17,8,0,78,308,0,0,73.96146367332508,18.77320134346827,0.3005126392080608,0.1414177125684992,5.4445819338872194
4103222,Bom Sucesso do Sul - PR,2781,2532,227,0,0,0,15,8,0,0,91.04638619201727,8.162531463502336,0.0,0.0,0.2876663070837828
4103305,Borrazópolis - PR,6917,5669,1040,7,3,0,48,148,0,3,81.95749602428799,15.035419979760011,0.10119994217146161,0.04337140378776926,2.139655920196617
4103354,Braganey - PR,4285,3737,525,0,0,0,0,23,0,0,87.21120186697783,12.252042007001167,0.0,0.0,0.5367561260210035
4103370,Brasilândia do Sul - PR,3202,2592,515,0,4,0,8,83,0,0,80.94940662086196,16.083697688944408,0.0,0.12492192379762648,2.5921299188007496
4103404,Cafeara - PR,2331,1918,408,0,0,0,0,5,0,0,82.28228228228228,17.503217503217503,0.0,0.0,0.2145002145002145
4103453,Cafelândia - PR,16194,13233,2261,24,8,4,239,414,0,12,81.71545016672842,13.961961220205014,0.14820303816228234,0.04940101272076078,2.55650240829937
4103479,Cafezal do Sul - PR,3948,2914,844,0,1,0,11,178,0,0,73.80952380952381,21.37791286727457,0.0,0.025329280648429583,4.508611955420466
4103503,Califórnia - PR,7530,6029,1254,12,0,0,67,167,0,0,80.066401062417,16.653386454183266,0.1593625498007968,0.0,2.2177954847277555
4103602,Cambará - PR,20312,15354,3854,175,11,0,263,623,0,31,75.59078377313904,18.974005513981883,0.8615596691610871,0.05415517920441119,3.06715242221347
4103701,Cambé - PR,94175,58043,27304,868,373,0,2737,4782,32,37,61.6331298115211,28.992832492699762,0.9216883461640563,0.3960711441465357,5.07778072736926
4103800,Cambira - PR,8221,5925,1610,20,3,0,194,469,0,0,72.07152414548108,19.583992215058995,0.24327940639824838,0.03649191095973726,5.7049020800389245
4103909,Campina da Lagoa - PR,13660,10276,2943,13,5,0,42,376,5,0,75.22693997071742,21.544655929721817,0.0951683748169839,0.036603221083455345,2.7525622254758417
4103958,Campina do Simão - PR,3374,2932,310,105,2,0,14,11,0,0,86.89982216953172,9.18790752815649,3.112033195020747,0.05927682276229994,0.3260225251926497
4104006,Campina Grande do Sul - PR,41068,20579,14796,209,200,0,1754,3531,0,0,50.109574364468685,36.02805103730398,0.5089120483101198,0.4869971754163826,8.597935131976234
4104055,Campo Bonito - PR,3501,2893,534,0,3,0,22,49,0,0,82.6335332762068,15.252784918594687,0.0,0.0856898029134533,1.3996001142530705
4104105,Campo do Tenente - PR,6326,4504,1672,0,4,0,36,110,0,0,71.19822952892824,26.430603857097694,0.0,0.06323110970597534,1.7388555169143218
4104204,Campo Largo - PR,118603,81034,25549,961,927,13,3618,6483,0,19,68.32373548729797,21.541613618542534,0.8102661821370455,0.7815991163798555,5.466134920701837
4104253,Campo Magro - PR,26141,16137,6995,212,399,10,714,1670,4,0,61.73061474312383,26.758731494587046,0.8109865728166482,1.5263379365747294,6.388431965112276
4104303,Campo Mourão - PR,86768,54503,24442,544,79,4,1625,4878,511,182,62.81463212244145,28.169371196754565,0.6269592476489029,0.0910473907431311,5.621888253734095
4104402,Cândido de Abreu - PR,13263,10391,2510,0,0,0,130,231,0,0,78.34577395762648,18.924828470180202,0.0,0.0,1.7416874010404886
4104428,Candói - PR,12723,10579,1910,21,7,0,97,94,12,3,83.14862846812859,15.012182661322015,0.16505541145956143,0.05501847048652048,0.7388194608189892
4104451,Cantagalo - PR,9356,7534,1487,0,6,37,84,201,0,6,80.52586575459598,15.89354424967935,0.0,0.06412997007268063,2.148353997434801
4104501,Capanema - PR,17938,13771,3535,56,25,0,99,445,0,7,76.7699855056305,19.70676775560263,0.31218641989073476,0.13936893745122086,2.4807670866317317
4104600,Capitão Leônidas Marques - PR,12693,10309,2040,19,0,0,193,131,0,0,81.21799417001498,16.07185062632947,0.14968880485306862,0.0,1.0320649176711574
4104659,Carambeí - PR,19584,11748,6705,67,11,0,725,327,0,0,59.98774509803921,34.237132352941174,0.34211601307189543,0.05616830065359477,1.6697303921568627
4104709,Carlópolis - PR,14657,10766,2901,0,6,0,392,583,0,10,73.452957631166,19.7925905710582,0.0,0.040936071501671556,3.977621614245753
4104808,Cascavel - PR,301524,193650,74989,3548,992,56,7997,18440,12,1841,64.22374338361125,24.8699937650071,1.1766890861092318,0.3289953701861212,6.115599421604914
4104907,Castro - PR,62230,37843,19731,626,179,0,1048,2701,18,83,60.81150570464406,31.70657239273662,1.0059456853607585,0.2876426161015587,4.340350313353688
4105003,Catanduvas - PR,9020,7594,1285,10,0,0,37,84,0,10,84.19068736141907,14.246119733924612,0.11086474501108648,0.0,0.9312638580931264
4105102,Centenário do Sul - PR,9466,6675,2175,21,17,0,141,429,0,9,70.51552926262413,22.97697020916966,0.22184660891612085,0.1795901119797169,4.532009296429326
4105201,Cerro Azul - PR,13863,6777,6086,0,16,0,176,753,0,56,48.885522614152784,43.90103152275842,0.0,0.11541513380942076,5.431724734905864
4105300,Céu Azul - PR,9750,6970,2476,11,0,0,123,171,0,0,71.48717948717949,25.394871794871793,0.11282051282051282,0.0,1.7538461538461538
4105409,Chopinzinho - PR,18259,15074,2574,28,12,3,154,373,0,42,82.55654745604907,14.09715756613177,0.15334903335341477,0.0657210142943206,2.042828194315132
4105508,Cianorte - PR,69325,45239,18064,456,70,0,2004,3483,0,10,65.25640100973675,26.05697800216372,0.6577713667508114,0.1009736747205193,5.024161557879553
4105607,Cidade Gaúcha - PR,9895,7412,1979,5,17,0,134,348,0,0,74.90651844365841,20.0,0.050530570995452245,0.17180394138453764,3.5169277412834763
4105706,Clevelândia - PR,12865,9291,2784,76,63,16,265,360,0,10,72.2191993781578,21.64010882238632,0.5907500971628449,0.48970073843762146,2.7982899339292655
4105805,Colombo - PR,200403,100428,67629,1092,2287,105,8083,20632,34,112,50.113022260145804,33.74650080088622,0.544902022424814,1.141200481030723,10.29525506105198
4105904,Colorado - PR,20305,14316,4746,126,5,0,339,765,0,9,70.50480177296232,23.37355331199212,0.6205368135927112,0.02462447672986949,3.767544939670032
4106001,Congonhinhas - PR,7203,5349,1542,0,18,0,148,143,0,5,74.26072469804248,21.40774677217826,0.0,0.24989587671803415,1.9852839094821602
4106100,Conselheiro Mairinck - PR,3020,1722,749,5,4,0,61,479,0,0,57.019867549668874,24.801324503311257,0.16556291390728478,0.13245033112582782,15.860927152317881
4106209,Contenda - PR,16505,11976,3539,117,68,0,147,572,0,85,72.55983035443805,21.441987276582854,0.7088760981520751,0.4119963647379582,3.4656164798545896
4106308,Corbélia - PR,15160,12062,2470,27,51,5,184,360,0,0,79.5646437994723,16.29287598944591,0.17810026385224276,0.33641160949868076,2.37467018469657
4106407,Cornélio Procópio - PR,40479,27348,10372,394,144,0,1243,955,0,22,67.56095753353591,25.623162627535265,0.9733442031670743,0.3557400133402505,2.359248005138467
4106456,Coronel Domingos Soares - PR,4746,3389,1113,3,0,0,136,105,0,0,71.40750105351876,23.451327433628318,0.0632111251580278,0.0,2.2123893805309733
4106506,Coronel Vivida - PR,20253,14767,4424,19,0,0,372,672,0,0,72.91265491532118,21.843677479879524,0.09381326223275564,0.0,3.3180269589690417
4106555,Corumbataí do Sul - PR,3328,2409,720,5,0,0,25,157,0,11,72.3858173076923,21.634615384615383,0.1502403846153846,0.0,4.717548076923077
4106571,Cruzeiro do Iguaçu - PR,3592,3056,433,3,3,0,44,54,0,0,85.07795100222717,12.05456570155902,0.08351893095768374,0.08351893095768374,1.5033407572383073
4106605,Cruzeiro do Oeste - PR,20973,12701,7145,19,28,0,413,667,0,0,60.558813712868925,34.06761073761503,0.09059266676202737,0.1335049825966719,3.1802794068564344
4106704,Cruzeiro do Sul - PR,3962,2926,834,47,0,0,37,116,0,3,73.85159010600707,21.04997476022211,1.1862695608278646,0.0,2.92781423523473
4106803,Cruz Machado - PR,14062,11929,1706,62,0,0,164,201,0,0,84.8314606741573,12.131986915090314,0.4409045654956621,0.0,1.429384155881098
4106852,Cruzmaltina - PR,2540,2008,473,13,0,0,4,42,0,0,79.05511811023622,18.62204724409449,0.5118110236220472,0.0,1.6535433070866141
4106902,Curitiba - PR,1587476,880484,405066,42986,21242,105,75998,158164,1458,1973,55.46439757199479,25.516354262993584,2.70782046468734,1.338098969685211,9.963237239492125
4107009,Curiúva - PR,11842,8115,3054,0,1,0,173,491,0,9,68.5272757980071,25.789562573889544,0.0,0.00844451950684006,4.14625907785847
4107108,Diamante do Norte - PR,4629,2904,1526,12,12,0,66,110,0,0,62.7349319507453,32.96608338734068,0.2592352559948153,0.2592352559948153,2.3763231799524736
4107124,Diamante do Sul - PR,2758,2026,607,32,0,0,26,67,0,0,73.4590282813633,22.008701957940538,1.160261058738216,0.0,2.42929659173314
4107157,Diamante D'Oeste - PR,3936,2564,863,4,0,209,34,263,0,0,65.14227642276423,21.92581300813008,0.1016260162601626,0.0,6.681910569105691
4107207,Dois Vizinhos - PR,38750,30977,5827,139,78,33,290,1407,0,0,79.94064516129032,15.03741935483871,0.35870967741935483,0.20129032258064516,3.6309677419354838
4107256,Douradina - PR,7962,6342,1409,18,0,0,144,50,0,0,79.65335342878674,17.696558653604622,0.22607385079125847,0.0,0.6279829188646069
4107306,Doutor Camargo - PR,5621,4156,1224,3,7,0,93,138,0,0,73.93702188222736,21.77548478918342,0.05337128624799858,0.12453300124533001,2.4550791674079346
4107405,Enéas Marques - PR,5246,4780,391,3,0,0,18,52,0,3,91.11704155547083,7.453297750667175,0.0571864277544796,0.0,0.9912314144109798
4107504,Engenheiro Beltrão - PR,11056,8292,2355,24,15,0,204,116,0,51,75.0,21.300651230101302,0.2170767004341534,0.13567293777134587,1.049204052098408
4107520,Esperança Nova - PR,1639,1290,272,0,0,0,5,72,0,0,78.7065283709579,16.59548505186089,0.0,0.0,4.392922513727883
4107538,Entre Rios do Oeste - PR,3982,2848,1034,0,0,0,28,73,0,0,71.52184831742842,25.96685082872928,0.0,0.0,1.8332496233048718
4107546,Espigão Alto do Iguaçu - PR,4060,3081,669,0,0,221,0,83,0,7,75.88669950738917,16.47783251231527,0.0,0.0,2.044334975369458
4107553,Farol - PR,2667,2275,358,0,0,0,0,34,0,0,85.30183727034121,13.423322084739407,0.0,0.0,1.274840644919385
4107603,Faxinal - PR,14015,8717,4263,121,6,13,201,695,0,0,62.19764537995005,30.417409917945058,0.8633606849803782,0.042811273635390654,4.95897252943275
4107652,Fazenda Rio Grande - PR,125286,60557,44499,750,1619,61,5352,12332,12,104,48.335009498267965,35.51793496480054,0.5986303337962742,1.292243347221557,9.843079035167536
4107702,Fênix - PR,3949,2799,842,5,0,0,106,197,0,0,70.87870346923272,21.32185363383135,0.12661433274246645,0.0,4.988604710053178
4107736,Fernandes Pinheiro - PR,5406,4243,989,15,0,0,40,108,0,12,78.48686644469109,18.2944876063633,0.27746947835738067,0.0,1.997780244173141
4107751,Figueira - PR,7135,4509,2058,15,5,0,68,439,0,41,63.19551506657323,28.843728100911,0.2102312543798178,0.0700770847932726,6.152768044849334
4107801,Floraí - PR,4276,3572,616,0,2,0,57,26,0,3,83.53601496725912,14.40598690364827,0.0,0.04677268475210477,0.608044901777362
4107850,Flor da Serra do Sul - PR,3786,2820,891,0,10,0,15,50,0,0,74.48494453248811,23.534072900158478,0.0,0.26413100898045433,1.3206550449022716
4107900,Floresta - PR,8925,5441,2731,5,7,4,300,436,0,0,60.963585434173666,30.599439775910366,0.056022408963585436,0.0784313725490196,4.88515406162465
4108007,Florestópolis - PR,9971,7230,2503,5,21,0,102,99,0,11,72.51027981145322,25.102798114532142,0.05014542172299669,0.2106107712365861,0.9928793501153345
4108106,Flórida - PR,2318,1677,599,0,0,0,17,25,0,0,72.34685073339085,25.841242450388265,0.0,0.0,1.0785159620362381
4108205,Formosa do Oeste - PR,6747,5755,816,49,3,0,57,67,0,0,85.29716911219802,12.094264117385505,0.7262487031273158,0.044464206313917294,0.9930339410108197
4108304,Foz do Iguaçu - PR,247225,127834,72735,3603,2255,87,17102,21377,47,2185,51.707553847709576,29.420568308221256,1.4573768834058045,0.9121245828698554,8.646779249671352
4108320,Francisco Alves - PR,6964,4746,1751,8,15,0,160,259,0,26,68.15048822515796,25.143595634692705,0.11487650775416428,0.21539345203905802,3.7191269385410686
4108403,Francisco Beltrão - PR,83717,61280,15973,432,258,0,1560,4143,54,17,73.19899184156145,19.07975679969421,0.5160242244705376,0.3081811340587933,4.948815652734809
4108452,Foz do Jordão - PR,4196,2835,1188,0,6,0,80,85,2,0,67.56434699714013,28.312678741658722,0.0,0.14299332697807435,2.0257387988560533
4108502,General Carneiro - PR,9310,7274,1742,0,20,0,49,219,0,5,78.13104189044039,18.711063372717508,0.0,0.21482277121374865,2.3523093447905477
4108551,Godoy Moreira - PR,2673,2150,460,6,0,0,3,54,0,0,80.43396932285822,17.209128320239433,0.2244668911335578,0.0,2.0202020202020203
4108601,Goioerê - PR,24911,17746,6034,77,97,0,228,680,0,50,71.23760587692185,24.222231142868612,0.30910039741479667,0.3893862149251335,2.7297177953514513
4108650,Goioxim - PR,5620,4811,693,3,3,0,36,73,0,0,85.6049822064057,12.330960854092528,0.05338078291814947,0.05338078291814947,1.298932384341637
4108700,Grandes Rios - PR,4910,3742,1094,0,2,0,12,60,0,0,76.21181262729124,22.281059063136457,0.0,0.04073319755600815,1.2219959266802445
4108809,Guaíra - PR,27561,13791,10295,123,63,591,964,1707,0,27,50.038097311418305,37.353506766808174,0.446282790900185,0.22858386850985088,6.193534342005007
4108908,Guairaçá - PR,5681,4005,1405,8,5,0,88,169,0,0,70.49815173384967,24.731561344833658,0.1408202781200493,0.08801267382503081,2.9748283752860414
4108957,Guamiranga - PR,6813,5223,1481,0,11,0,71,26,0,0,76.66226332012329,21.737854102451195,0.0,0.16145603992367533,0.3816233670923235
4109005,Guapirama - PR,3981,2803,813,0,0,0,64,298,4,0,70.40944486309972,20.422004521477017,0.0,0.0,7.485556392866114
4109104,Guaporema - PR,1947,1398,361,0,0,0,5,183,0,0,71.80277349768875,18.541345659989727,0.0,0.0,9.399075500770415
4109203,Guaraci - PR,4154,2834,1161,3,0,0,54,102,0,0,68.22339913336543,27.948964853153587,0.07221954742416947,0.0,2.4554646124217623
4109302,Guaraniaçu - PR,11925,9615,1802,51,8,0,149,301,0,0,80.62893081761007,15.11111111111111,0.4276729559748428,0.06708595387840671,2.5241090146750524
4109401,Guarapuava - PR,156116,113326,32460,883,642,0,3488,5287,0,29,72.59089395065207,20.79223141766379,0.5656050629019447,0.4112326731404853,3.3865843347254607
4109500,Guaraqueçaba - PR,6400,2127,3379,30,2,35,38,784,1,4,33.234375,52.796875,0.46875,0.03125,12.25
4109609,Guaratuba - PR,36330,18089,12044,677,438,0,2570,2512,0,0,49.790806496008805,33.151665290393616,1.863473713184696,1.2056151940545003,6.91439581612992
4109658,Honório Serpa - PR,4215,3631,499,0,0,0,60,25,0,0,86.14472123368921,11.838671411625148,0.0,0.0,0.5931198102016607
4109708,Ibaiti - PR,25145,15324,7973,55,38,0,693,1052,0,10,60.942533306820444,31.708093060250548,0.21873135812288724,0.15112348379399482,4.183734340823225
4109757,Ibema - PR,5309,4163,1014,34,0,0,32,65,0,0,78.41401393859483,19.09964211715954,0.6404219250329629,0.0,1.2243360331512525
4109807,Ibiporã - PR,45195,27954,13880,175,53,0,1168,1965,0,0,61.851974775970795,30.711361876313752,0.3872109746653391,0.11726960947007413,4.3478260869565215
4109906,Icaraíma - PR,7868,5830,1612,10,4,0,203,195,0,15,74.0976105744789,20.48805287239451,0.12709710218607015,0.05083884087442806,2.478393492628368
4110003,Iguaraçu - PR,4603,2485,1782,20,11,3,83,220,0,0,53.98653052357158,38.713882250706064,0.43449923962633064,0.23897458179448186,4.779491635889637
4110052,Iguatu - PR,1924,1593,279,11,0,2,8,30,0,0,82.79625779625779,14.501039501039502,0.5717255717255717,0.0,1.5592515592515592
4110078,Imbaú - PR,11894,7263,3736,19,106,12,342,406,0,10,61.06440221960652,31.41079535900454,0.1597444089456869,0.8912056499075164,3.413485791155204
4110102,Imbituva - PR,25522,16228,8676,16,130,0,151,313,0,9,63.58435859258679,33.99420108141995,0.06269101167620092,0.5093644698691325,1.2263929159156806
4110201,Inácio Martins - PR,8242,5991,1839,11,5,58,91,231,8,8,72.68866779907789,22.312545498665372,0.13346275175928174,0.06066488716330987,2.8027177869449162
4110300,Inajá - PR,2224,1383,646,15,0,0,21,158,0,0,62.185251798561154,29.046762589928058,0.6744604316546763,0.0,7.10431654676259
4110409,Indianópolis - PR,3901,3124,672,5,0,0,60,40,0,0,80.08203024865419,17.22635221738016,0.1281722635221738,0.0,1.0253781081773905
4110508,Ipiranga - PR,12148,10455,1448,38,0,0,150,58,0,0,86.06354955548238,11.919657556799473,0.31280869278893647,0.0,0.4774448468883767
4110607,Iporã - PR,13666,9755,3314,17,0,0,178,385,0,16,71.3815308063808,24.249963412849407,0.12439631201522025,0.0,2.817210595638812
4110656,Iracema do Oeste - PR,2079,1755,302,7,0,0,7,7,0,0,84.41558441558442,14.526214526214526,0.3367003367003367,0.0,0.3367003367003367
4110706,Irati - PR,51909,41430,7310,347,345,0,1118,1333,0,26,79.81274923423683,14.082336396385983,0.6684775279816602,0.6646246315667803,2.567955460517444
4110805,Iretama - PR,9316,7525,1452,29,38,0,95,177,0,0,80.7750107342207,15.586088449978531,0.31129240017174753,0.40790038643194504,1.8999570631172178
4110904,Itaguajé - PR,3865,2954,789,0,0,0,67,55,0,0,76.42949547218629,20.41397153945666,0.0,0.0,1.423027166882277
4110953,Itaipulândia - PR,9823,6672,2570,5,0,39,90,442,0,6,67.92222335335437,26.163086633411382,0.05090094675760969,0.0,4.499643693372697
4111001,Itambaracá - PR,5245,3690,1215,3,0,0,100,237,0,0,70.35271687321259,23.164918970448046,0.057197330791229746,0.0,4.51858913250715
4111100,Itambé - PR,5450,4265,939,13,2,0,105,125,0,0,78.25688073394495,17.229357798165136,0.23853211009174313,0.03669724770642202,2.293577981651376
4111209,Itapejara d'Oeste - PR,10654,9025,1328,15,25,0,151,111,0,0,84.70996808710343,12.464801952318378,0.14079219072648771,0.23465365121081283,1.041862211376009
4111258,Itaperuçu - PR,26275,14392,8771,7,55,2,846,2132,0,71,54.77450047573739,33.381541389153185,0.02664129400570885,0.2093244529019981,8.114176974310181
4111308,Itaúna do Sul - PR,3124,2131,718,14,6,0,85,169,0,0,68.21382842509603,22.98335467349552,0.44814340588988477,0.19206145966709348,5.409731113956466
4111407,Ivaí - PR,11348,9345,1595,16,0,0,279,99,0,13,82.3493126542122,14.055340148043708,0.14099400775467041,0.0,0.8724004229820232
4111506,Ivaiporã - PR,29019,19948,7063,119,29,0,585,1266,0,9,68.74116957855199,24.339226024328887,0.4100761570005858,0.09993452565560494,4.362658947586064
4111555,Ivaté - PR,5989,4744,1037,0,5,0,66,137,0,0,79.21188846218067,17.3150776423443,0.0,0.08348639171814994,2.2875271330773086
4111605,Ivatuba - PR,2425,1411,927,0,14,3,10,60,0,0,58.18556701030928,38.22680412371134,0.0,0.5773195876288659,2.4742268041237114
4111704,Jaboti - PR,4793,3418,1141,16,9,0,31,177,0,0,71.31233048195284,23.805549760066764,0.3338201543918214,0.18777383684539953,3.6928854579595245
4111803,Jacarezinho - PR,34952,23586,8722,240,48,14,653,1689,0,0,67.48111696040284,24.95422293430991,0.686655985351339,0.1373311970702678,4.832341496910048
4111902,Jaguapitã - PR,13030,7914,4026,82,35,0,438,530,0,5,60.7367613200307,30.897927858787412,0.6293169608595549,0.2686108979278588,4.067536454336147
4112009,Jaguariaíva - PR,29950,14811,12089,142,5,0,668,2211,0,23,49.45242070116861,40.363939899833056,0.4741235392320534,0.01669449081803005,7.382303839732888
4112108,Jandaia do Sul - PR,18965,14521,3683,150,39,0,382,182,8,0,76.56736092802531,19.419984181386766,0.7909306617453203,0.2056419720537833,0.9596625362509886
4112207,Janiópolis - PR,5226,4403,604,0,0,0,61,158,0,0,84.25181783390738,11.557596632223499,0.0,0.0,3.0233448143895907
4112306,Japira - PR,4325,3115,971,6,0,0,44,188,0,0,72.02312138728324,22.45086705202312,0.13872832369942195,0.0,4.3468208092485545
4112405,Japurá - PR,8188,6624,1184,22,0,0,39,319,0,0,80.89887640449439,14.46018563751832,0.268685881778212,0.0,3.8959452857840744
4112504,Jardim Alegre - PR,10623,8252,2070,11,0,0,84,206,0,0,77.68050456556529,19.486020898051397,0.10354890332297845,0.0,1.9391885531394144
4112603,Jardim Olinda - PR,1178,818,310,0,2,2,8,38,0,0,69.43972835314092,26.31578947368421,0.0,0.1697792869269949,3.225806451612903
4112702,Jataizinho - PR,10236,6351,2781,2,45,0,295,733,0,28,62.04572098475967,27.168815943728017,0.019538882375928098,0.4396248534583822,7.161000390777647
4112751,Jesuítas - PR,9306,7532,1384,38,0,0,178,174,0,0,80.93702987320009,14.872125510423382,0.4083387062110466,0.0,1.8697614442295294
4112801,Joaquim Távora - PR,10277,7738,2000,9,3,0,164,362,0,0,75.2943465992021,19.46093217865136,0.08757419480393111,0.029191398267977037,3.522428724335896
4112900,Jundiaí do Sul - PR,2885,2270,553,13,0,0,0,50,0,0,78.68284228769497,19.168110918544194,0.4506065857885615,0.0,1.733102253032929
4112959,Juranda - PR,6769,5198,1341,0,0,0,56,174,0,0,76.79125424730388,19.810902644408333,0.0,0.0,2.5705421775742354
4113007,Jussara - PR,5873,3762,1562,3,0,0,110,436,0,0,64.05584879959135,26.59628809807594,0.051081219138430105,0.0,7.423803848118508
4113106,Kaloré - PR,4072,3667,343,0,8,0,39,15,0,0,90.05402750491159,8.423379174852652,0.0,0.19646365422396855,0.36836935166994106
4113205,Lapa - PR,39574,31817,5391,287,441,0,591,1048,0,0,80.39874665184212,13.622580482134735,0.7252236316773639,1.1143680194066812,2.6482033658462627
4113254,Laranjal - PR,4739,3968,682,36,9,0,12,26,0,8,83.73074488288668,14.391221776746148,0.7596539354294155,0.18991348385735388,0.548638953365689
4113304,Laranjeiras do Sul - PR,27680,21988,3942,19,28,80,652,952,0,18,79.4364161849711,14.241329479768787,0.06864161849710983,0.10115606936416185,3.439306358381503
4113403,Leópolis - PR,3316,2653,516,17,0,0,45,85,0,0,80.00603136308806,15.560916767189385,0.5126658624849216,0.0,2.563329312424608
4113429,Lidianópolis - PR,3482,2633,705,31,3,0,68,41,0,0,75.61746122917863,20.24698449167145,0.8902929350947731,0.0861573808156232,1.1774842044801839
4113452,Lindoeste - PR,4446,3402,917,0,3,0,43,80,0,0,76.51821862348179,20.62528115159694,0.0,0.06747638326585695,1.799370220422852
4113502,Loanda - PR,20156,13375,5570,186,21,0,402,488,0,114,66.35741218495733,27.634451280015877,0.9228021432823973,0.10418733875769001,2.421115300654892
4113601,Lobato - PR,4071,2763,1036,9,0,0,78,185,0,0,67.87030213706706,25.448292802751165,0.2210759027266028,0.0,4.54433800049128
4113700,Londrina - PR,492244,266622,159533,6062,2847,114,22778,33647,0,640,54.16460129529258,32.40933358253224,1.23150307571042,0.5783717018389254,6.835431208912653
4113734,Luiziana - PR,5771,4189,1346,14,0,0,78,134,0,9,72.5870732975221,23.323514122335816,0.2425922717033443,0.0,2.3219546005891525
4113759,Lunardelli - PR,4350,3228,939,0,0,0,35,148,0,0,74.20689655172414,21.586206896551722,0.0,0.0,3.4022988505747125
4113809,Lupionópolis - PR,4247,2816,1164,8,0,0,77,182,0,0,66.30562750176595,27.407581822462916,0.18836825994819872,0.0,4.285377913821521
4113908,Mallet - PR,11783,10793,867,0,5,0,59,59,0,0,91.59806500891115,7.3580582194687265,0.0,0.042434015106509376,0.5007213782568106
4114005,Mamborê - PR,11847,8553,2706,25,17,0,113,434,0,0,72.19549252975438,22.841225626740947,0.21102388790411075,0.1434962437747953,3.6633746940153626
4114104,Mandaguaçu - PR,26919,15753,8686,76,10,8,829,1533,0,23,58.5200044578179,32.26717188602846,0.28232846688212787,0.03714848248449051,5.694862364872395
4114203,Mandaguari - PR,32136,20115,9650,105,121,0,872,1273,0,0,62.593353248693056,30.028628329599204,0.3267363704256908,0.37652476972865323,3.9612895195419466
4114302,Mandirituba - PR,23710,16483,5633,131,82,1,563,753,10,52,69.51919021509912,23.75790805567271,0.5525094896668072,0.3458456347532687,3.1758751581611135
4114351,Manfrinópolis - PR,2414,2101,281,0,0,0,11,21,0,0,87.03396851698426,11.64043082021541,0.0,0.0,0.8699254349627175
4114401,Mangueirinha - PR,14181,10300,3321,12,60,0,242,240,0,6,72.63239545871237,23.41865876877512,0.08462026655383964,0.4231013327691982,1.6924053310767928
4114500,Manoel Ribas - PR,12155,10306,1431,9,5,146,159,99,0,1,84.78815302344714,11.772932949403538,0.07404360345536816,0.04113533525298231,0.8144796380090498
4114609,Marechal Cândido Rondon - PR,48392,25831,19441,298,29,10,659,2089,0,35,53.37865762936023,40.17399570176889,0.6158042651677963,0.059927260704248635,4.316829227971565
4114708,Maria Helena - PR,5176,3822,1141,10,6,0,80,117,0,0,73.84080370942813,22.04404945904173,0.19319938176197837,0.11591962905718702,2.2604327666151467
4114807,Marialva - PR,36316,25210,8894,290,106,0,690,1115,11,0,69.41843815398171,24.490582663288908,0.7985460953849542,0.29188236589932814,3.070272056393876
4114906,Marilândia do Sul - PR,7515,5574,1507,4,14,0,122,283,0,11,74.17165668662675,20.053226879574186,0.05322687957418496,0.18629407850964738,3.765801729873586
4115002,Marilena - PR,6328,4344,1529,9,3,6,139,298,0,0,68.6472819216182,24.16245259165613,0.14222503160556257,0.04740834386852086,4.709228824273072
4115101,Mariluz - PR,8497,5938,2191,13,0,0,64,278,0,14,69.8834882899847,25.785571378133458,0.15299517476756502,0.0,3.2717429681063903
4115200,Maringá - PR,364965,216316,101801,5611,1388,10,14688,25027,89,34,59.270340991601934,27.893359637225487,1.5374076966284438,0.380310440727193,6.8573698847834725
4115309,Mariópolis - PR,5510,4516,894,15,0,0,52,34,0,0,81.9600725952813,16.22504537205082,0.27223230490018147,0.0,0.617059891107078
4115358,Maripá - PR,5728,3349,2238,4,2,0,33,99,4,0,58.46717877094972,39.07122905027933,0.06983240223463687,0.034916201117318434,1.7283519553072626
4115408,Marmeleiro - PR,13702,11170,2074,24,44,4,126,250,10,0,81.52094584732156,15.136476426799007,0.17515691139979564,0.3211210042329587,1.8245511604145381
4115457,Marquinho - PR,3877,3541,257,0,0,6,3,70,0,0,91.3335052875935,6.628836729429971,0.0,0.0,1.805519731751354
4115507,Marumbi - PR,4121,3351,587,8,6,0,59,110,0,0,81.31521475370056,14.244115505945159,0.1941276389225916,0.1455957291919437,2.6692550351856346
4115606,Matelândia - PR,15770,11213,3955,20,11,0,161,406,0,4,71.10336081166773,25.079264426125555,0.12682308180088775,0.06975269499048826,2.5745085605580216
4115705,Matinhos - PR,34363,17276,10268,750,673,0,1505,3835,0,55,50.275005092686904,29.88097663184239,2.1825801006896954,1.9585018770188867,11.160259581526642
4115739,Mato Rico - PR,2877,2530,318,0,0,0,23,7,0,0,87.93882516510254,11.05318039624609,0.0,0.0,0.24330900243309003
4115754,Mauá da Serra - PR,7880,4412,2795,0,5,0,184,484,0,0,55.98984771573604,35.46954314720812,0.0,0.06345177664974619,6.1421319796954315
4115804,Medianeira - PR,47313,32493,11087,217,76,0,699,2722,15,5,68.67668505484751,23.433305856741278,0.45864772895398725,0.16063238433411536,5.7531756599666055
4115853,Mercedes - PR,5206,2781,2259,0,0,0,46,119,0,0,53.41913177103342,43.39223972339608,0.0,0.0,2.28582404917403
4115903,Mirador - PR,1899,1327,492,0,0,0,4,75,0,2,69.87888362295945,25.908372827804108,0.0,0.0,3.949447077409163
4116000,Miraselva - PR,1746,1394,337,6,0,0,6,0,0,3,79.83963344788087,19.301260022909506,0.3436426116838488,0.0,0.0
4116059,Missal - PR,9904,8108,1370,0,5,0,131,289,0,0,81.8659127625202,13.832794830371567,0.0,0.05048465266558966,2.9180129240710824
4116109,Moreira Sales - PR,9979,7424,2356,13,10,0,68,92,0,16,74.39623208738351,23.60958011824832,0.13027357450646357,0.1002104419280489,0.9219360657380499
4116208,Morretes - PR,15890,6780,6403,137,76,8,436,2008,0,43,42.668344870988044,40.29578351164254,0.8621774701069855,0.47828823159219636,12.63687853996224
4116307,Munhoz de Melo - PR,3441,2627,677,6,0,0,80,50,0,0,76.34408602150538,19.67451322290032,0.17436791630340018,0.0,1.4530659691950014
4116406,Nossa Senhora das Graças - PR,3207,2234,760,7,7,0,37,161,0,0,69.66011849080137,23.69816027439975,0.2182725288431556,0.2182725288431556,5.020268163392578
4116505,Nova Aliança do Ivaí - PR,1159,904,202,0,0,0,16,37,0,0,77.99827437446075,17.428817946505607,0.0,0.0,3.1924072476272647
4116604,Nova América da Colina - PR,2910,1944,773,0,0,0,123,67,0,4,66.80412371134021,26.563573883161514,0.0,0.0,2.3024054982817868
4116703,Nova Aurora - PR,11904,9719,1844,24,7,0,141,168,0,0,81.6448252688172,15.490591397849462,0.20161290322580644,0.05880376344086022,1.4112903225806452
4116802,Nova Cantu - PR,5931,5029,727,5,5,0,50,116,0,0,84.7917720451863,12.25762940482212,0.08430281571404485,0.08430281571404485,1.9558253245658406
4116901,Nova Esperança - PR,23462,15024,7132,75,0,0,484,747,0,0,64.03546159747677,30.398090529366634,0.3196658426391612,0.0,3.1838717926860456
4116950,Nova Esperança do Sudoeste - PR,4869,4332,472,0,0,0,41,13,0,11,88.97104128157733,9.693982337235571,0.0,0.0,0.2669952762374204
4117008,Nova Fátima - PR,6424,4433,1722,0,0,0,78,191,0,0,69.0068493150685,26.805728518057286,0.0,0.0,2.973225404732254
4117057,Nova Laranjeiras - PR,10100,8278,1163,48,0,122,404,84,0,0,81.96039603960396,11.514851485148515,0.4752475247524752,0.0,0.8316831683168316
4117107,Nova Londrina - PR,11216,8004,2781,34,23,0,109,233,0,33,71.3623395149786,24.79493580599144,0.30313837375178315,0.20506419400855921,2.077389443651926
4117206,Nova Olímpia - PR,5147,3683,1207,0,0,0,27,229,0,0,71.55624635710123,23.45055372061395,0.0,0.0,4.449193705070915
4117214,Nova Santa Bárbara - PR,3624,2417,1098,0,3,0,66,40,0,0,66.69426048565121,30.29801324503311,0.0,0.08278145695364239,1.1037527593818985
4117222,Nova Santa Rosa - PR,7273,2799,4240,0,0,0,104,126,5,0,38.48480681974426,58.2978138319813,0.0,0.0,1.7324350336862369
4117255,Nova Prata do Iguaçu - PR,10953,9945,859,0,0,0,54,92,0,3,90.79704190632704,7.842600200858213,0.0,0.0,0.8399525244225327
4117271,Nova Tebas - PR,6035,4833,1116,0,3,0,18,61,0,4,80.08285004142502,18.49212924606462,0.0,0.04971002485501243,1.0107705053852527
4117297,Novo Itacolomi - PR,2768,2330,286,0,0,0,51,101,0,0,84.17630057803468,10.332369942196532,0.0,0.0,3.648843930635838
4117305,Ortigueira - PR,20643,12130,6910,10,11,2,363,1166,19,33,58.760839025335464,33.47381679019522,0.048442571331686286,0.05328682846485491,5.648403817274621
4117404,Ourizona - PR,2838,2016,598,0,27,0,39,158,0,0,71.03594080338266,21.071176885130374,0.0,0.9513742071881607,5.567300916138126
4117453,Ouro Verde do Oeste - PR,5852,4601,879,22,6,0,21,307,17,0,78.6226930963773,15.020505809979495,0.37593984962406013,0.10252904989747096,5.2460697197539305
4117503,Paiçandu - PR,39256,24562,12114,54,52,0,1208,1249,0,16,62.568779294884855,30.85897697167312,0.13755858976971674,0.13246382718565314,3.1816792337477073
4117602,Palmas - PR,40554,30438,8229,116,97,1,533,656,11,474,75.0554815801154,20.291463234206244,0.2860383685949598,0.2391872564975095,1.6175962913646003
4117701,Palmeira - PR,29419,18416,8721,372,36,0,422,1437,0,14,62.59900064584112,29.644107549542813,1.2644889357218125,0.12236989700533668,4.884598388796356
4117800,Palmital - PR,11201,8779,2029,0,0,0,203,159,0,31,78.37693063119364,18.114454066601198,0.0,0.0,1.419516114632622
4117909,Palotina - PR,30000,21603,6799,81,54,0,751,678,0,34,72.01,22.663333333333334,0.27,0.18,2.26
4118006,Paraíso do Norte - PR,11447,8658,2435,3,5,8,137,197,0,5,75.63553769546606,21.271948982266096,0.02620774001921901,0.04367956669869835,1.720974927928715
4118105,Paranacity - PR,8339,5933,1880,99,0,0,144,272,0,10,71.1476196186593,22.544669624655235,1.1871927089579086,0.0,3.2617819882479915
4118204,Paranaguá - PR,125026,47552,50219,1090,919,9,8828,16114,34,262,38.03368899268952,40.166845296178394,0.8718186617183625,0.7350471102010782,12.888519188008894
4118303,Paranapoema - PR,2085,1287,718,0,0,0,41,39,0,0,61.726618705035975,34.436450839328536,0.0,0.0,1.870503597122302
4118402,Paranavaí - PR,80192,51706,20946,832,163,0,2179,4233,0,133,64.47775339185954,26.119812450119714,1.037509976057462,0.20326217079010375,5.27858140462889
4118451,Pato Bragado - PR,4954,3346,1513,0,4,0,33,43,16,0,67.54138070246266,30.54097698829229,0.0,0.08074283407347597,0.8679854662898667
4118501,Pato Branco - PR,79824,57951,15788,901,194,29,1278,3504,0,179,72.59846662657847,19.778512728001605,1.1287332130687513,0.24303467628783323,4.389657245941071
4118600,Paula Freitas - PR,4960,4091,736,6,4,9,47,68,0,0,82.47983870967742,14.838709677419354,0.12096774193548387,0.08064516129032258,1.3709677419354838
4118709,Paulo Frontin - PR,5655,4920,663,0,5,0,9,57,0,0,87.0026525198939,11.724137931034482,0.0,0.08841732979664015,1.0079575596816976
4118808,Peabiru - PR,11581,8360,2493,78,3,0,241,399,7,0,72.18720317761851,21.526638459545808,0.6735169674466799,0.02590449874794923,3.4452983334772473
4118857,Perobal - PR,6244,4322,1599,0,0,0,78,245,0,0,69.21844971172325,25.608584240871238,0.0,0.0,3.9237668161434978
4118907,Pérola - PR,10384,7384,2324,52,13,0,252,359,0,0,71.10939907550078,22.380585516178737,0.5007704160246533,0.12519260400616333,3.4572419106317414
4119004,Pérola d'Oeste - PR,5518,4434,996,0,0,0,0,88,0,0,80.35520115984052,18.050018122508156,0.0,0.0,1.594780717651323
4119103,Piên - PR,11631,9316,1964,9,45,0,81,216,0,0,80.09629438569341,16.88590834837933,0.07737941707505804,0.38689708537529016,1.8571060098013927
4119152,Pinhais - PR,111600,56061,33003,1615,1514,9,5955,12947,0,496,50.233870967741936,29.572580645161292,1.4471326164874552,1.3566308243727598,11.60125448028674
4119202,Pinhalão - PR,5773,4366,1243,21,3,0,37,99,0,3,75.6279230902477,21.531266239390266,0.3637623419366014,0.051966048848085915,1.7148796119868353
4119251,Pinhal de São Bento - PR,2423,2149,233,3,0,0,0,38,0,0,88.69170449855551,9.616178291374329,0.12381345439537764,0.0,1.5683037556747834
4119301,Pinhão - PR,25073,19230,4720,21,89,0,490,506,0,16,76.69604754117975,18.82503090974355,0.08375543413233359,0.35496350656084236,2.018107127188609
4119400,Piraí do Sul - PR,20305,14757,4593,28,37,0,276,603,0,12,72.67668062053681,22.620044324058114,0.13789706968726914,0.18222112780103422,2.9697118936222604
4119509,Piraquara - PR,101587,39786,36731,754,1550,75,5515,13499,3635,41,39.16446001949068,36.15718546664436,0.7422209534684556,1.5257857796765335,13.288117574099049
4119608,Pitanga - PR,29095,25012,3074,79,15,0,407,474,0,34,85.96666093830555,10.565389242137824,0.27152431689293693,0.05155525004296271,1.6291459013576215
4119657,Pitangueiras - PR,2669,1876,741,0,0,0,27,25,0,0,70.28849756463094,27.763207193705508,0.0,0.0,0.9366804046459348
4119707,Planaltina do Paraná - PR,3528,2800,662,3,0,0,20,42,0,0,79.36507936507937,18.764172335600907,0.08503401360544217,0.0,1.1904761904761905
4119806,Planalto - PR,12678,9796,2546,0,0,5,114,217,0,0,77.26770784035337,20.082031866224956,0.0,0.0,1.7116264395014986
4119905,Ponta Grossa - PR,310022,185772,86837,6332,2132,9,11087,17156,424,273,59.922199069743435,28.009947681132306,2.042435698111747,0.6876931314551871,5.533800827038081
4119954,Pontal do Paraná - PR,26807,14102,7687,412,499,44,1392,2655,0,17,52.60566270004104,28.67534599171858,1.536912000596859,1.8614540978102734,9.90412951840937
4120002,Porecatu - PR,10363,6606,3207,31,0,0,198,321,0,0,63.74601949242497,30.94663707420631,0.2991411753353276,0.0,3.0975586220206504
4120101,Porto Amazonas - PR,3595,2256,1156,4,0,0,62,117,0,0,62.7538247566064,32.1557719054242,0.11126564673157163,0.0,3.25452016689847
4120150,Porto Barreiro - PR,2692,2345,317,0,0,6,14,10,0,0,87.10995542347698,11.775631500742943,0.0,0.0,0.37147102526002973
4120200,Porto Rico - PR,2787,1784,810,7,9,0,29,149,0,0,64.01148188015787,29.06350914962325,0.25116612845353425,0.32292787944025836,5.346250448510943
4120309,Porto Vitória - PR,3090,2287,715,20,14,0,21,29,0,3,74.01294498381877,23.13915857605178,0.6472491909385113,0.45307443365695793,0.9385113268608414
4120333,Prado Ferreira - PR,3210,1716,883,0,22,3,353,233,0,0,53.45794392523364,27.50778816199377,0.0,0.6853582554517134,7.258566978193146
4120358,Pranchita - PR,5021,3945,814,0,4,0,154,104,0,0,78.5700059749054,16.211909978092013,0.0,0.07966540529774946,2.071300537741486
4120408,Presidente Castelo Branco - PR,3801,2591,1015,0,0,0,77,118,0,0,68.16627203367536,26.703499079189687,0.0,0.0,3.1044461983688505
4120507,Primeiro de Maio - PR,9037,6554,2014,63,12,0,63,331,0,0,72.52406772158902,22.286156910479143,0.69713400464756,0.1327874294566781,3.6627199291800374
4120606,Prudentópolis - PR,43060,37991,4050,138,0,0,351,509,0,20,88.22805387830934,9.405480724570367,0.3204830469112866,0.0,1.1820715281003251
4120655,Quarto Centenário - PR,3660,3088,506,7,0,0,34,24,0,0,84.37158469945355,13.825136612021858,0.1912568306010929,0.0,0.6557377049180327
4120705,Quatiguá - PR,7126,5551,1343,11,0,0,95,102,0,24,77.89783889980353,18.846477687342126,0.15436429974740387,0.0,1.4313780522031996
4120804,Quatro Barras - PR,21003,9380,7612,379,301,0,1339,1957,3,32,44.66028662572013,36.24244155596819,1.8045041184592676,1.433128600676094,9.317716516688092
4120853,Quatro Pontes - PR,3918,2985,839,14,0,0,0,74,5,0,76.18683001531393,21.41398672792241,0.3573251659009699,0.0,1.8887187340479836
4120903,Quedas do Iguaçu - PR,26265,21529,3687,110,0,0,365,573,0,0,81.96839901008947,14.037692747001714,0.41880830001903674,0.0,2.1816105082809822
4121000,Querência do Norte - PR,9156,6761,2092,0,0,0,138,164,0,0,73.8422892092617,22.848405417212756,0.0,0.0,1.7911751856705984
4121109,Quinta do Sol - PR,4378,2922,1290,10,3,0,51,102,0,0,66.74280493375971,29.465509365006852,0.2284148012791229,0.06852444038373687,2.3298309730470534
4121208,Quitandinha - PR,16041,11917,3390,31,26,0,215,446,0,17,74.29087962097127,21.133345801383953,0.19325478461442552,0.16208465806371175,2.7803752883236705
4121257,Ramilândia - PR,3585,2539,832,2,0,0,40,171,0,0,70.8228730822873,23.207810320781032,0.05578800557880056,0.0,4.7698744769874475
4121307,Rancho Alegre - PR,3168,2075,963,3,0,0,68,56,0,2,65.49873737373737,30.397727272727273,0.0946969696969697,0.0,1.7676767676767677
4121356,Rancho Alegre D'Oeste - PR,2296,1877,368,0,0,0,42,6,0,3,81.75087108013938,16.027874564459932,0.0,0.0,0.2613240418118467
4121406,Realeza - PR,16894,14077,2086,67,64,0,142,457,0,0,83.32544098496507,12.347579022138037,0.396590505504913,0.3788327216763348,2.7051024032200783
4121505,Rebouças - PR,12580,10139,2173,27,26,0,86,127,0,4,80.59618441971384,17.273449920508742,0.21462639109697934,0.2066772655007949,1.0095389507154213
4121604,Renascença - PR,5933,4843,902,3,9,0,64,112,0,0,81.62818135850328,15.20310129782572,0.05056463846283499,0.15169391538850496,1.8877465026125064
4121703,Reserva - PR,21159,16829,3701,28,0,0,215,386,0,0,79.53589489106291,17.491374828678104,0.1323313956236117,0.0,1.8242828110969327
4121752,Reserva do Iguaçu - PR,5430,3500,1709,4,5,0,19,188,5,0,64.45672191528546,31.47329650092081,0.07366482504604052,0.09208103130755065,3.4622467771639043
4121802,Ribeirão Claro - PR,10814,7806,2323,33,5,0,231,406,3,5,72.1842056593305,21.481412983169964,0.3051599778065471,0.04623636027371925,3.754392454226003
4121901,Ribeirão do Pinhal - PR,11398,8632,2161,15,31,0,304,256,0,0,75.73258466397614,18.959466573083,0.13160203544481489,0.2719775399192841,2.246008071591507
4122008,Rio Azul - PR,12179,10914,1026,6,59,0,73,99,0,0,89.61326874127597,8.424336973478939,0.04926512849987684,0.4844404302487889,0.8128746202479679
4122107,Rio Bom - PR,2849,2109,616,0,0,0,63,58,0,2,74.02597402597402,21.62162162162162,0.0,0.0,2.035802035802036
4122156,Rio Bonito do Iguaçu - PR,11860,9699,2007,0,47,47,40,19,0,0,81.77908937605396,16.922428330522767,0.0,0.3962900505902192,0.16020236087689713
4122172,Rio Branco do Ivaí - PR,3262,2344,860,0,0,0,25,33,0,0,71.85775597792765,26.364193746167995,0.0,0.0,1.0116492949110976
4122206,Rio Branco do Sul - PR,32094,15889,10425,27,0,0,3228,2521,0,4,49.50769614258117,32.482707048046365,0.08412787436904094,0.0,7.855050788309342
4122305,Rio Negro - PR,27294,21111,4414,361,99,0,336,973,0,0,77.34666959771378,16.172052465743388,1.3226350113578076,0.36271708067707187,3.564886055543343
4122404,Rolândia - PR,61816,36460,18829,585,224,11,1995,3691,0,22,58.981493464475214,30.459751520641905,0.9463569302445969,0.36236573055519605,5.9709460333894135
4122503,Roncador - PR,9767,8232,1385,0,0,0,96,54,0,0,84.28381283915225,14.180403399201392,0.0,0.0,0.5528821541926897
4122602,Rondon - PR,7953,6260,1185,0,0,0,90,418,0,0,78.71243555890858,14.900037721614485,0.0,0.0,5.255878284923928
4122651,Rosário do Ivaí - PR,4816,3701,900,0,4,0,52,159,0,0,76.84800664451828,18.687707641196013,0.0,0.08305647840531562,3.3014950166112955
4122701,Sabáudia - PR,7621,4790,2292,28,24,0,196,291,0,0,62.852644009972444,30.07479333420811,0.3674058522503608,0.31491930192888073,3.8183965358876786
4122800,Salgado Filho - PR,3549,2730,791,0,0,0,11,17,0,0,76.92307692307692,22.287968441814595,0.0,0.0,0.47900817131586365
4122909,Salto do Itararé - PR,4547,3590,738,0,4,0,62,153,0,0,78.95315592698482,16.230481636243677,0.0,0.08797009016934243,3.3648559489773477
4123006,Salto do Lontra - PR,13204,11983,1022,5,0,0,103,90,0,0,90.75280218115722,7.740078764010906,0.0378673129354741,0.0,0.6816116328385338
4123105,Santa Amélia - PR,2978,2229,667,9,0,18,23,32,0,0,74.84889187374077,22.397582269979853,0.3022162525184688,0.0,1.0745466756212223
4123204,Santa Cecília do Pavão - PR,2937,1682,950,19,0,0,73,209,3,0,57.26932243786177,32.345931222335714,0.6469186244467143,0.0,7.116104868913857
4123303,Santa Cruz de Monte Castelo - PR,7518,5462,1645,23,9,0,164,208,5,3,72.65230114392125,21.880819366852887,0.30593242883745675,0.11971268954509177,2.7666932694865656
4123402,Santa Fé - PR,10035,7226,2368,5,3,0,128,278,0,27,72.0079720976582,23.597409068261086,0.04982561036372696,0.029895366218236172,2.7703039362232187
4123501,Santa Helena - PR,22096,15822,5276,173,24,90,74,636,0,0,71.60572049239681,23.87762490948588,0.7829471397538016,0.10861694424330195,2.8783490224475017
4123600,Santa Inês - PR,1537,1294,173,0,0,0,64,6,0,0,84.18998048145738,11.25569290826285,0.0,0.0,0.3903708523096942
4123709,Santa Isabel do Ivaí - PR,7835,6076,1432,10,0,0,135,182,0,0,77.54945756222081,18.276962348436502,0.1276324186343331,0.0,2.322910019144863
4123808,Santa Izabel do Oeste - PR,12249,10846,1174,1,30,0,87,111,0,0,88.5460037554086,9.584455873948894,0.008163931749530574,0.24491795248591722,0.9061964241978937
4123824,Santa Lúcia - PR,3197,2551,601,0,0,0,6,39,0,0,79.79355645918048,18.798873944322803,0.0,0.0,1.2198936502971536
4123857,Santa Maria do Oeste - PR,8590,7125,1336,6,5,0,59,30,0,29,82.94528521536671,15.552968568102445,0.06984866123399301,0.05820721769499418,0.3492433061699651
4123907,Santa Mariana - PR,9768,7278,1998,52,29,0,125,286,0,0,74.5085995085995,20.454545454545453,0.5323505323505323,0.2968877968877969,2.9279279279279278
4123956,Santa Mônica - PR,2868,2105,607,6,4,0,23,123,0,0,73.39609483960949,21.16457461645746,0.20920502092050208,0.1394700139470014,4.2887029288702925
4124004,Santana do Itararé - PR,4819,4096,636,0,2,0,41,41,0,4,84.99688732102096,13.19775887113509,0.0,0.04150238638721727,0.850798920937954
4124020,Santa Tereza do Oeste - PR,11111,8288,2117,56,0,0,203,330,0,116,74.59274592745928,19.05319053190532,0.5040050400504005,0.0,2.970029700297003
4124053,Santa Terezinha de Itaipu - PR,21135,13892,5817,174,42,0,417,773,0,21,65.72983203217412,27.52306600425834,0.8232789212207239,0.198722498225692,3.657440264963331
4124103,Santo Antônio da Platina - PR,38678,25397,10490,308,0,0,791,1638,0,55,65.66265060240964,27.121360980402297,0.7963183204922695,0.0,4.23496561352707
4124202,Santo Antônio do Caiuá - PR,2191,1897,208,5,0,0,42,40,0,0,86.5814696485623,9.493382017343679,0.22820629849383842,0.0,1.8256503879507073
4124301,Santo Antônio do Paraíso - PR,1907,1441,406,0,7,0,24,20,0,9,75.56371263765077,21.28998426848453,0.0,0.36706869428421607,1.048767697954903
4124400,Santo Antônio do Sudoeste - PR,20348,13762,4050,12,0,0,1750,774,0,0,67.63318262237075,19.90367603695695,0.058973854924316886,0.0,3.8038136426184392
4124509,Santo Inácio - PR,5302,3837,1325,0,2,0,89,48,0,0,72.36891738966428,24.990569596378727,0.0,0.03772161448509996,0.9053187476423991
4124608,São Carlos do Ivaí - PR,5709,4212,1206,30,9,0,45,203,0,3,73.77824487651077,21.12454019968471,0.5254860746190226,0.1576458223857068,3.5557891049220527
4124707,São Jerônimo da Serra - PR,9346,5285,3159,5,15,2,304,569,0,7,56.54825593836936,33.80055638775947,0.05349882302589343,0.16049646907768028,6.088166060346673
4124806,São João - PR,10321,8562,1578,6,0,0,33,141,0,0,82.9570778025385,15.289216161224688,0.05813390175370604,0.0,1.3661466912120919
4124905,São João do Caiuá - PR,4840,3436,1068,8,0,0,125,203,0,0,70.99173553719008,22.06611570247934,0.1652892561983471,0.0,4.194214876033058
4125001,São João do Ivaí - PR,9491,6660,2221,8,0,0,186,416,0,0,70.1717416499842,23.401116847539775,0.08429038036034138,0.0,4.383099778737751
4125100,São João do Triunfo - PR,11912,9567,1845,120,13,0,67,301,0,0,80.31396910678308,15.488582941571524,1.007387508394896,0.1091336467427804,2.5268636668905304
4125209,São Jorge d'Oeste - PR,8228,6801,1191,12,5,0,86,133,0,0,82.65678172095285,14.474963539134663,0.14584346135148274,0.060768108896451144,1.6164316966456005
4125308,São Jorge do Ivaí - PR,4650,3731,764,3,4,0,33,114,0,0,80.23655913978494,16.43010752688172,0.06451612903225806,0.08602150537634409,2.4516129032258065
4125357,São Jorge do Patrocínio - PR,5703,4508,991,47,0,0,20,122,0,15,79.04611607925654,17.37681921795546,0.824127652112923,0.0,2.139224969314396
4125407,São José da Boa Vista - PR,5253,4120,985,0,3,0,30,115,0,0,78.43137254901961,18.75118979630687,0.0,0.05711022272986865,2.189225204644965
4125456,São José das Palmeiras - PR,3402,2453,815,9,11,0,39,76,0,0,72.10464432686655,23.9564961787184,0.26455026455026454,0.32333921222810114,2.2339800117577897
4125506,São José dos Pinhais - PR,284529,151128,86050,3211,3605,59,13640,26568,38,230,53.115148192275655,30.24296293172225,1.1285317138147606,1.2670061751174748,9.33753677129572
4125555,São Manoel do Paraná - PR,1905,1530,329,0,5,0,19,19,0,2,80.31496062992126,17.27034120734908,0.0,0.26246719160104987,0.9973753280839895
4125605,São Mateus do Sul - PR,36788,29757,5544,249,113,0,372,737,0,16,80.88778949657497,15.070131564640644,0.6768511471131891,0.30716538001522237,2.0033706643470697
4125704,São Miguel do Iguaçu - PR,25013,18266,5104,60,103,280,432,754,0,14,73.02602646623755,20.40538919761724,0.23987526486227162,0.4117858713468996,3.0144324951025467
4125753,São Pedro do Iguaçu - PR,5030,3891,920,0,0,0,41,157,21,0,77.3558648111332,18.290258449304176,0.0,0.0,3.121272365805169
4125803,São Pedro do Ivaí - PR,7686,6282,1140,0,24,0,102,138,0,0,81.73302107728337,14.83216237314598,0.0,0.312256049960968,1.795472287275566
4125902,São Pedro do Paraná - PR,2336,1669,591,4,0,0,40,33,0,0,71.44691780821918,25.299657534246574,0.17123287671232876,0.0,1.4126712328767124
4126009,São Sebastião da Amoreira - PR,7077,4698,1788,22,0,0,164,406,0,0,66.38406104281475,25.26494277236117,0.3108661862371061,0.0,5.736894164193868
4126108,São Tomé - PR,4573,3235,1109,7,0,1,52,169,0,0,70.74130767548655,24.251038705445005,0.15307238136890444,0.0,3.695604635906407
4126207,Sapopema - PR,5860,4441,1146,7,2,0,52,211,0,0,75.78498293515358,19.55631399317406,0.11945392491467577,0.034129692832764506,3.6006825938566553
4126256,Sarandi - PR,101057,53515,36426,513,363,24,3459,6716,42,0,52.95526287144879,36.04500430450142,0.5076343053920065,0.35920322194405135,6.645754376243111
4126272,Saudade do Iguaçu - PR,5206,4086,908,22,0,3,46,141,0,0,78.48636189012677,17.441413753361505,0.42258932001536686,0.0,2.708413369189397
4126306,Sengés - PR,14754,6778,6185,23,15,0,447,1275,0,31,45.940084045004745,41.920835027789074,0.1558899281550766,0.101667344448963,8.641724278161854
4126355,Serranópolis do Iguaçu - PR,4436,3546,693,0,0,0,7,40,0,150,79.93688007213706,15.622182146077547,0.0,0.0,0.9017132551848512
4126405,Sertaneja - PR,5026,3257,1341,19,0,0,153,256,0,0,64.80302427377636,26.68125746120175,0.37803422204536413,0.0,5.093513728611222
4126504,Sertanópolis - PR,14066,9407,3868,70,45,0,297,378,0,0,66.87757713635717,27.498933598748756,0.4976539172472629,0.3199203753732404,2.6873311531352195
4126603,Siqueira Campos - PR,19852,15072,3366,22,55,0,568,756,12,0,75.92182147894418,16.95547048156357,0.11082006850695145,0.2770501712673786,3.8081805359661494
4126652,Sulina - PR,3028,2555,437,0,0,0,16,21,0,0,84.37912813738441,14.431968295904888,0.0,0.0,0.6935270805812418
4126678,Tamarana - PR,9145,4601,3335,9,18,269,374,529,6,4,50.311645708037176,36.46801530891197,0.09841443411700383,0.19682886823400766,5.784581738655003
4126702,Tamboara - PR,4263,3145,914,9,3,0,105,88,0,0,73.77433732113535,21.44030025803425,0.211118930330753,0.07037297677691766,2.0642739854562513
4126801,Tapejara - PR,13718,8331,4713,24,9,0,199,438,0,5,60.730427175973176,34.35632016328911,0.1749526169995626,0.06560723137483598,3.1928852602420177
4126900,Tapira - PR,5059,3797,871,0,3,0,36,344,0,7,75.05435856888714,17.21684127297885,0.0,0.05930025696778019,6.799762798972129
4127007,Teixeira Soares - PR,8246,5575,2217,5,38,0,91,320,0,0,67.60853747271405,26.88576279408198,0.0606354596167839,0.4608294930875576,3.8806694154741694
4127106,Telêmaco Borba - PR,64472,32233,25191,261,198,0,1473,5078,10,29,49.99534681722298,39.07277577863258,0.4048269016006949,0.3071100632832858,7.876287380568309
4127205,Terra Boa - PR,15300,11431,3074,23,30,0,128,609,5,0,74.7124183006536,20.091503267973856,0.1503267973856209,0.19607843137254902,3.980392156862745
4127304,Terra Rica - PR,12977,8577,3416,20,0,0,341,623,0,0,66.09385836479926,26.32349541496494,0.15411882561454882,0.0,4.8008014178931955
4127403,Terra Roxa - PR,15686,11086,3341,50,4,118,303,762,0,20,70.67448680351906,21.299247736835394,0.3187555782226189,0.025500446257809513,4.857835012112712
4127502,Tibagi - PR,17014,12310,3778,30,0,0,172,725,0,0,72.35218055718819,22.205242741271892,0.17632537909956505,0.0,4.261196661572822
4127601,Tijucas do Sul - PR,15126,10954,3112,37,89,0,324,593,0,18,72.41835250561947,20.573846357265634,0.24461192648419938,0.5883908501917229,3.920401956895412
4127700,Toledo - PR,130798,87943,32230,1154,198,0,3035,6132,11,95,67.23573754950381,24.641049557332682,0.8822764874080643,0.1513784614443646,4.688145078670928
4127809,Tomazina - PR,7422,6304,886,33,12,37,27,123,0,0,84.93667475074103,11.937483158178388,0.444624090541633,0.16168148746968472,1.6572352465642683
4127858,Três Barras do Paraná - PR,9624,8134,1260,6,10,0,120,94,0,0,84.51787198669992,13.092269326683292,0.06234413965087282,0.10390689941812137,0.9767248545303409
4127882,Tunas do Paraná - PR,5140,1605,2707,4,27,0,79,713,0,4,31.22568093385214,52.66536964980545,0.07782101167315175,0.5252918287937743,13.8715953307393
4127908,Tuneiras do Oeste - PR,7041,4626,2257,0,0,0,59,96,0,4,65.70089475926714,32.05510580883397,0.0,0.0,1.3634426927993182
4127957,Tupãssi - PR,7152,5508,1402,19,18,0,30,176,0,0,77.01342281879195,19.60290827740492,0.2656599552572707,0.2516778523489933,2.460850111856823
4127965,Turvo - PR,12201,9816,2156,0,0,30,92,105,0,2,80.45242193262847,17.670682730923694,0.0,0.0,0.8605851979345955
4128005,Ubiratã - PR,21721,17026,3871,42,20,0,212,532,0,20,78.38497306753833,17.82146310022559,0.19336126329358685,0.09207679204456516,2.4492426683854336
4128104,Umuarama - PR,101974,68417,25856,696,539,0,2434,3933,0,99,67.09259222939181,25.355482770117874,0.6825269186263165,0.5285661050856101,3.856865475513366
4128203,União da Vitória - PR,47846,34795,9351,348,394,0,978,1942,12,26,72.72290264598922,19.543953517535424,0.7273335284036283,0.8234753166408895,4.058855494712201
4128302,Uniflor - PR,1893,1530,329,6,0,0,2,25,0,0,80.82408874801902,17.379820390913892,0.31695721077654515,0.0,1.3206550449022716
4128401,Uraí - PR,9307,6844,1949,71,12,0,157,273,0,0,73.53604813581175,20.941227033415707,0.7628666595035994,0.1289352100569464,2.93327602879553
4128500,Wenceslau Braz - PR,16592,12047,3503,6,30,0,244,763,0,0,72.6072806171649,21.1125843780135,0.03616200578592092,0.18081002892960463,4.598601735776278
4128534,Ventania - PR,8317,6023,1888,48,15,0,178,146,0,19,72.41793916075508,22.70049296621378,0.57713117710713,0.18035349284597813,1.7554406637008537
4128559,Vera Cruz do Oeste - PR,7196,5420,1634,0,8,5,87,36,0,6,75.31962201222902,22.707059477487494,0.0,0.11117287381878821,0.500277932184547
4128609,Verê - PR,6983,6337,542,0,8,0,15,81,0,0,90.74896176428469,7.761707002720893,0.0,0.11456394099957039,1.1599599026206502
4128625,Alto Paraíso - PR,2616,2030,515,0,0,0,31,40,0,0,77.5993883792049,19.686544342507645,0.0,0.0,1.529051987767584
4128633,Doutor Ulysses - PR,4918,1872,2762,0,1,0,14,269,0,0,38.064253761691745,56.16104107360716,0.0,0.020333468889792598,5.469703131354209
4128658,Virmond - PR,3303,2950,311,3,0,0,26,13,0,0,89.31274598849531,9.415682712685438,0.09082652134423251,0.0,0.39358159249167424
4128708,Vitorino - PR,7997,6217,1505,21,46,0,35,173,0,0,77.74165311991997,18.81955733400025,0.26259847442791046,0.5752157058897086,2.1633112417156433
4128807,Xambrê - PR,5067,4047,817,7,0,7,61,129,0,0,79.8697454114861,16.12393921452536,0.1381488059996053,0.0,2.5458851391355832
4200051,Abdon Batista - SC,2308,2139,147,0,0,0,5,17,0,0,92.67764298093587,6.369150779896014,0.0,0.0,0.7365684575389948
4200101,Abelardo Luz - SC,14645,10271,3720,53,23,0,108,446,7,17,70.1331512461591,25.401160805735746,0.36189825879139637,0.15705018777739843,3.0454079890747696
4200200,Agrolândia - SC,9501,5777,3503,0,22,0,147,53,0,0,60.80412588148616,36.86980317861278,0.0,0.23155457320282075,0.5578360172613409
4200309,Agronômica - SC,5281,4285,788,45,23,0,70,69,0,0,81.13993561825411,14.921416398409391,0.8521113425487598,0.4355235750804772,1.3065707252414316
4200408,Água Doce - SC,5689,4683,908,9,14,0,27,48,0,0,82.3167516259448,15.96062576902795,0.15820003515556336,0.2460889435753208,0.8437335208296713
4200507,Águas de Chapecó - SC,5240,3822,1279,0,4,0,39,97,0,0,72.93893129770993,24.408396946564885,0.0,0.07633587786259542,1.8511450381679388
4200556,Águas Frias - SC,2480,2274,199,0,2,0,0,5,0,0,91.69354838709677,8.024193548387096,0.0,0.08064516129032258,0.20161290322580644
4200606,Águas Mornas - SC,5968,4524,1100,42,53,10,83,149,0,8,75.80428954423593,18.431635388739945,0.7037533512064343,0.8880697050938338,2.496648793565684
4200705,Alfredo Wagner - SC,9169,6596,2259,25,51,0,142,96,0,0,71.93805213218454,24.637365034354893,0.2726578689060966,0.5562220525684372,1.047006216599411
4200754,Alto Bela Vista - SC,1667,742,917,2,0,0,4,2,0,0,44.51109778044391,55.008998200359926,0.11997600479904019,0.0,0.11997600479904019
4200804,Anchieta - SC,5280,4360,667,17,0,0,53,180,0,3,82.57575757575758,12.632575757575758,0.32196969696969696,0.0,3.409090909090909
4200903,Angelina - SC,4766,3147,1568,10,5,0,17,17,0,2,66.03021401594629,32.89970625262274,0.209819555182543,0.1049097775912715,0.35669324381032314
4201000,Anita Garibaldi - SC,7250,6211,853,27,3,0,65,79,0,11,85.66896551724138,11.76551724137931,0.3724137931034483,0.041379310344827586,1.089655172413793
4201109,Anitápolis - SC,3177,2579,425,26,0,0,55,87,0,4,81.17721120553982,13.377400062952471,0.8183821214982688,0.0,2.7384324834749765
4201208,Antônio Carlos - SC,9726,8077,1067,80,0,0,196,306,0,0,83.04544519843718,10.970594283364179,0.8225375282747275,0.0,3.1462060456508327
4201257,Apiúna - SC,8542,7012,1202,42,43,5,100,137,0,0,82.08850386326387,14.071645984546944,0.49168812924373684,0.5033949894638258,1.603839850152189
4201273,Arabutã - SC,3842,876,2938,0,0,0,0,28,0,0,22.80062467464862,76.47058823529412,0.0,0.0,0.7287870900572618
4201307,Araquari - SC,37499,17060,15348,219,148,236,1785,2657,0,45,45.494546521240565,40.92909144243846,0.5840155737486333,0.39467719139177043,7.085522280594149
4201406,Araranguá - SC,62592,39262,16614,901,631,13,1823,3305,0,42,62.726866053169736,26.543328220858896,1.4394810838445808,1.0081160531697342,5.2802275051124745
4201505,Armazém - SC,7679,6471,967,24,3,0,22,192,0,0,84.26878499804663,12.59278551894778,0.3125406954030473,0.03906758692538091,2.5003255632243784
4201604,Arroio Trinta - SC,3182,2752,393,8,3,0,10,16,0,0,86.48648648648648,12.350722815839095,0.251414204902577,0.09428032683846638,0.502828409805154
4201653,Arvoredo - SC,2227,1834,356,4,0,0,22,8,0,3,82.3529411764706,15.985630893578806,0.1796138302649304,0.0,0.3592276605298608
4201703,Ascurra - SC,7253,5506,1345,44,22,0,181,129,26,0,75.91341513856335,18.54405073762581,0.6066455259892458,0.3033227629946229,1.7785743830139253
4201802,Atalanta - SC,2830,2062,682,2,0,0,81,2,0,0,72.86219081272085,24.098939929328623,0.0706713780918728,0.0,0.0706713780918728
4201901,Aurora - SC,5875,4113,1569,0,0,0,62,131,0,0,70.00851063829788,26.706382978723404,0.0,0.0,2.2297872340425533
4201950,Balneário Arroio do Silva - SC,13926,8051,3743,307,274,5,692,843,10,0,57.812724400402125,26.877782564986358,2.2045095504811143,1.9675427258365648,6.053425247738044
4202008,Balneário Camboriú - SC,125725,68355,29616,4612,1690,57,6120,15206,19,53,54.36866176178167,23.556174189699743,3.668323722410022,1.3442036190097435,12.094651024060449
4202057,Balneário Barra do Sul - SC,13150,6424,5056,179,104,0,612,763,0,11,48.851711026615966,38.448669201520914,1.361216730038023,0.7908745247148289,5.802281368821292
4202073,Balneário Gaivota - SC,13649,8538,3031,315,289,6,541,928,0,0,62.554033262510075,22.20675507363177,2.3078613817862115,2.1173712359879846,6.7990328961828705
4202081,Bandeirante - SC,2740,2167,435,0,0,0,107,32,0,0,79.08759124087591,15.875912408759124,0.0,0.0,1.167883211678832
4202099,Barra Bonita - SC,1484,1268,210,0,0,0,6,1,0,0,85.44474393530997,14.150943396226415,0.0,0.0,0.0673854447439353
4202107,Barra Velha - SC,39088,22666,11805,385,718,12,1475,2017,0,10,57.98710601719198,30.201084731887025,0.9849570200573066,1.8368808841588211,5.1601514531313954
4202131,Bela Vista do Toldo - SC,5094,4391,636,10,0,0,33,21,0,3,86.19945033372595,12.48527679623086,0.19630938358853553,0.0,0.4122497055359246
4202156,Belmonte - SC,2319,1961,309,4,3,0,14,28,0,0,84.5623113410953,13.32470892626132,0.172488141440276,0.129366106080207,1.2074169900819318
4202206,Benedito Novo - SC,9324,3813,5121,6,10,0,110,257,0,6,40.894465894465895,54.922779922779924,0.06435006435006435,0.10725010725010725,2.756327756327756
4202305,Biguaçu - SC,66972,40160,15250,1111,1021,241,2156,6835,82,117,59.96535865734934,22.770710147524337,1.6589022277966912,1.5245177088932689,10.20575763005435
4202404,Blumenau - SC,320353,195174,84263,4911,2000,88,11786,21814,236,81,60.92466747619033,26.30317181359313,1.5329964133315437,0.624311306589918,6.8093634209762355
4202438,Bocaina do Sul - SC,3056,2650,299,33,14,0,25,36,0,0,86.71465968586388,9.784031413612565,1.0798429319371727,0.4581151832460733,1.1780104712041886
4202453,Bombinhas - SC,21806,10611,6161,498,213,0,1729,2558,36,0,48.66091901311566,28.25369164450151,2.2837751077685042,0.976795377419059,11.730716316610108
4202503,Bom Jardim da Serra - SC,3500,2838,574,7,11,0,44,25,0,0,81.08571428571429,16.4,0.2,0.3142857142857143,0.7142857142857143
4202537,Bom Jesus - SC,2397,1684,644,7,0,0,20,40,2,0,70.25448477263245,26.866916979557782,0.2920317062995411,0.0,1.668752607425949
4202578,Bom Jesus do Oeste - SC,1925,1379,524,0,0,0,18,4,0,0,71.63636363636364,27.22077922077922,0.0,0.0,0.2077922077922078
4202602,Bom Retiro - SC,7232,5900,971,90,16,0,65,189,0,0,81.58185840707965,13.426438053097344,1.2444690265486726,0.22123893805309736,2.6133849557522124
4202701,Botuverá - SC,4692,4076,425,9,0,0,119,59,4,0,86.87127024722933,9.057971014492754,0.1918158567774936,0.0,1.257459505541347
4202800,Braço do Norte - SC,29375,24836,2803,264,130,0,753,587,0,3,84.54808510638298,9.542127659574469,0.8987234042553192,0.4425531914893617,1.9982978723404254
4202859,Braço do Trombudo - SC,3510,1707,1717,3,0,0,49,34,0,0,48.63247863247863,48.91737891737892,0.08547008547008547,0.0,0.9686609686609686
4202875,Brunópolis - SC,2210,1768,386,0,0,2,14,41,0,0,80.0,17.466063348416288,0.0,0.0,1.8552036199095023
4202909,Brusque - SC,123575,82314,30647,1103,513,11,3238,5421,263,66,66.61056038842808,24.80032369006676,0.8925753590936678,0.4151325106210803,4.386809629779486
4203006,Caçador - SC,63318,45190,13471,499,208,0,1081,2853,0,15,71.36991060993714,21.27515082598945,0.7880855364983101,0.328500584352001,4.505827726712783
4203105,Caibi - SC,5534,4559,823,13,4,0,13,122,0,0,82.38164076617275,14.871702204553669,0.23491145645103,0.07228044813877846,2.204553668232743
4203154,Calmon - SC,2805,1248,916,3,0,0,439,196,0,3,44.49197860962567,32.65597147950089,0.10695187165775401,0.0,6.9875222816399285
4203204,Camboriú - SC,87833,42923,29010,1052,635,0,3956,10161,96,1,48.86887616271788,33.02858834378878,1.1977275056072318,0.7229628954948596,11.568544852162626
4203253,Capão Alto - SC,2309,1880,372,4,4,0,11,37,0,0,81.42052836725856,16.110870506712864,0.17323516673884798,0.17323516673884798,1.6024252923343438
4203303,Campo Alegre - SC,10927,8735,1825,43,25,0,158,141,0,0,79.93959915804886,16.701747963759495,0.3935206369543333,0.2287910679967054,1.2903816235014185
4203402,Campo Belo do Sul - SC,6342,5599,636,15,14,0,49,26,0,3,88.28445285398928,10.028382213812677,0.23651844843897823,0.22075055187637968,0.4099653106275623
4203501,Campo Erê - SC,8203,6099,1734,45,5,0,144,162,0,15,74.35084725100573,21.138607826404975,0.5485797878824821,0.06095330976472022,1.9748872363769352
4203600,Campos Novos - SC,32087,26319,4722,218,162,0,247,420,0,0,82.0238725963786,14.716240221896719,0.6794028734378409,0.5048773646648175,1.308941315797675
4203709,Canelinha - SC,11084,7541,2622,17,21,0,143,740,0,0,68.03500541320822,23.655719956694334,0.15337423312883436,0.18946228798267772,6.676290147961025
4203808,Canoinhas - SC,47747,35254,9638,751,151,0,684,1101,13,155,73.83500534064967,20.18556139652753,1.572873688399271,0.3162502356168974,2.3059040358556557
4203907,Capinzal - SC,20336,15553,3578,119,35,0,530,458,0,63,76.48013375295044,17.59441384736428,0.5851691581431944,0.17210857592446893,2.2521636506687646
4203956,Capivari de Baixo - SC,20877,13665,5510,134,355,0,544,670,0,0,65.45480672510418,26.392680940748193,0.6418546726062173,1.700435886382143,3.209273363031087
4204004,Catanduvas - SC,9072,6850,1874,21,5,0,46,260,15,0,75.50705467372134,20.656966490299823,0.23148148148148148,0.05511463844797178,2.8659611992945324
4204103,Caxambu do Sul - SC,4023,2973,1021,8,0,0,12,9,0,0,73.90007457121551,25.3790703455133,0.19885657469550086,0.0,0.22371364653243847
4204152,Celso Ramos - SC,2478,2263,207,0,0,0,4,4,0,0,91.32364810330913,8.353510895883778,0.0,0.0,0.16142050040355124
4204178,Cerro Negro - SC,2897,2612,256,9,0,0,15,5,0,0,90.16223679668623,8.83672764929237,0.3106662064204349,0.0,0.17259233690024162
4204194,Chapadão do Lageado - SC,2559,2318,212,0,0,0,11,18,0,0,90.58225869480266,8.284486127393514,0.0,0.0,0.7033997655334114
4204202,Chapecó - SC,219585,136621,54331,3261,1244,198,8023,15738,41,129,62.21781997859599,24.742582598993557,1.4850741170845003,0.5665232142450531,7.1671562265182045
4204251,Cocal do Sul - SC,15293,11364,3047,98,47,4,386,347,0,0,74.30850716013863,19.92414830314523,0.6408160596351272,0.3073301510494998,2.2690119662590726
4204301,Concórdia - SC,71209,52878,14287,401,216,68,1550,1773,0,37,74.25746745495654,20.063475122526647,0.5631310648934825,0.30333244393264897,2.489853810613827
4204350,Cordilheira Alta - SC,4134,3472,610,8,5,0,32,6,0,0,83.98645379777456,14.755684567005321,0.1935171746492501,0.12094823415578132,0.14513788098693758
4204400,Coronel Freitas - SC,9144,7609,1174,11,11,11,30,286,0,13,83.21303587051618,12.839020122484689,0.12029746281714786,0.12029746281714786,3.127734033245844
4204459,Coronel Martins - SC,1835,1554,239,0,0,0,11,28,0,3,84.6866485013624,13.024523160762943,0.0,0.0,1.5258855585831064
4204509,Corupá - SC,13374,9007,3657,68,33,13,333,263,0,0,67.34709137131748,27.344100493494842,0.5084492298489607,0.24674742036787797,1.9665021683864214
4204558,Correia Pinto - SC,13493,9292,3686,78,22,0,154,260,0,0,68.86533758245015,27.31786852442007,0.578077521677907,0.16304750611428148,1.9269250722596902
4204608,Criciúma - SC,188117,114273,52148,2040,1378,10,7200,10885,140,43,60.74570612969588,27.721045944810943,1.0844314974191593,0.732522844825295,5.7862925732389945
4204707,Cunha Porã - SC,9612,5075,4210,45,0,0,128,138,0,15,52.79858510195589,43.79941739492301,0.4681647940074906,0.0,1.435705368289638
4204756,Cunhataí - SC,1747,1582,160,0,0,0,6,0,0,0,90.55523755008586,9.158557527189467,0.0,0.0,0.0
4204806,Curitibanos - SC,34364,26240,5908,430,56,0,573,1158,0,0,76.3589803282505,17.192410662321034,1.2513095099522757,0.16296123850541264,3.36980561052264
4204905,Descanso - SC,7617,6693,755,7,5,0,65,91,0,0,87.8692398582119,9.912038860443744,0.09189969804384929,0.06564264145989235,1.1946960745700408
4205001,Dionísio Cerqueira - SC,12877,8228,3950,24,5,0,218,452,0,0,63.896870389065775,30.67484662576687,0.18637881494136832,0.038828919779451736,3.510134348062437
4205100,Dona Emma - SC,3657,2574,958,0,0,0,41,84,0,0,70.38556193601312,26.196335794366966,0.0,0.0,2.2969647251845777
4205159,Doutor Pedrinho - SC,3256,2114,997,0,1,0,56,81,0,7,64.92628992628993,30.62039312039312,0.0,0.030712530712530713,2.4877149877149876
4205175,Entre Rios - SC,2831,1674,1047,0,0,0,35,76,0,0,59.13104909925821,36.9833980925468,0.0,0.0,2.684563758389262
4205191,Ermo - SC,1966,1448,413,0,13,0,29,60,0,4,73.65208545269583,21.007121057985756,0.0,0.6612410986775178,3.051881993896236
4205209,Erval Velho - SC,4294,3605,628,3,0,0,25,34,0,0,83.95435491383326,14.625058220773171,0.06986492780624126,0.0,0.7918025151374011
4205308,Faxinal dos Guedes - SC,9733,6969,2485,33,31,0,60,138,0,16,71.60176718380767,25.53169629096887,0.33905270728449605,0.318504058358163,1.4178567759169836
4205357,Flor do Sertão - SC,1564,1196,288,17,0,0,18,45,0,0,76.47058823529412,18.414322250639387,1.0869565217391304,0.0,2.877237851662404
4205407,Florianópolis - SC,482146,256522,69727,27872,10062,174,27890,88800,676,424,53.20421615029473,14.461802026771974,5.780821576866758,2.0869197297084288,18.417657721934848
4205431,Formosa do Sul - SC,2349,1835,422,2,0,0,16,75,0,0,78.11834823329076,17.96509152830992,0.08514261387824607,0.0,3.1928480204342273
4205456,Forquilhinha - SC,26731,15342,8855,46,66,0,844,1577,0,0,57.39403688601249,33.12633272230743,0.17208484531068796,0.24690434327185665,5.899517414238151
4205506,Fraiburgo - SC,28690,19665,7064,56,274,0,503,1128,0,0,68.54304635761589,24.621819449285464,0.19518996165911467,0.955036598117811,3.9316835134193098
4205555,Frei Rogério - SC,2123,1727,332,0,0,0,31,34,0,0,81.34715025906736,15.638247762600095,0.0,0.0,1.6015073009891663
4205605,Galvão - SC,2799,2316,357,0,0,0,105,21,0,0,82.7438370846731,12.754555198285102,0.0,0.0,0.7502679528403001
4205704,Garopaba - SC,26127,16600,3396,964,308,0,1801,3036,10,10,63.535805871320854,12.99804799632564,3.689669690358633,1.1788571209859533,11.620163049718682
4205803,Garuva - SC,15632,8662,5788,120,53,7,411,581,6,5,55.41197543500512,37.02661207778915,0.7676560900716479,0.3390481064483112,3.716734902763562
4205902,Gaspar - SC,63190,43777,14442,394,270,59,2246,2002,0,0,69.27836683019466,22.854882101598353,0.6235163791739199,0.4272827979110619,3.1682228200664664
4206009,Governador Celso Ramos - SC,15020,9396,3767,107,67,0,745,933,0,3,62.55659121171771,25.079893475366177,0.7123834886817576,0.44607190412782954,6.211717709720372
4206108,Grão-Pará - SC,5442,4855,345,3,24,0,52,163,0,0,89.21352443954429,6.339581036383683,0.05512679162072767,0.4410143329658214,2.9952223447262036
4206207,Gravatal - SC,10902,8413,1771,69,67,0,240,343,0,0,77.16932672904055,16.244725738396625,0.6329113924050633,0.6145661346541919,3.146211704274445
4206306,Guabiruba - SC,21208,16181,4127,60,73,10,108,650,0,0,76.29668049792531,19.45963787250094,0.2829121086382497,0.34420973217653716,3.064881176914372
4206405,Guaraciaba - SC,9648,8588,955,9,5,0,17,74,0,0,89.01326699834162,9.898424543946932,0.09328358208955224,0.051824212271973466,0.7669983416252073
4206504,Guaramirim - SC,40063,26544,10530,99,141,22,899,1750,11,66,66.25564735541522,26.283603324763497,0.24711080048922945,0.35194568554526623,4.368120210668198
4206603,Guarujá do Sul - SC,4272,3578,605,10,11,0,0,68,0,0,83.75468164794007,14.161985018726591,0.2340823970037453,0.25749063670411987,1.591760299625468
4206652,Guatambú - SC,7082,4740,1937,12,9,0,169,213,2,0,66.93024569330697,27.351030782264896,0.16944365998305563,0.12708274498729172,3.0076249646992377
4206702,Herval d'Oeste - SC,19099,14937,3354,141,38,0,91,538,0,0,78.20828315618618,17.56112885491387,0.7382585475679355,0.19896329650767056,2.816901408450704
4206751,Ibiam - SC,1758,1590,122,0,0,0,11,35,0,0,90.44368600682594,6.939704209328783,0.0,0.0,1.9908987485779295
4206801,Ibicaré - SC,2925,2391,501,0,0,0,12,21,0,0,81.74358974358974,17.128205128205128,0.0,0.0,0.717948717948718
4206900,Ibirama - SC,17497,11315,5258,119,18,0,370,412,0,5,64.66822883922958,30.050865862719323,0.6801165914156713,0.10287477853346289,2.3546893753214837
4207007,Içara - SC,51225,33538,13668,274,287,0,1185,2159,0,115,65.47193753050269,26.682284040995608,0.5348950707662274,0.5602733040507565,4.214738897022938
4207106,Ilhota - SC,14572,8452,4559,39,61,0,606,822,33,0,58.00164699423552,31.286027998902004,0.26763656327202856,0.41861103486137796,5.640955256656602
4207205,Imaruí - SC,10543,7957,1825,36,22,132,145,425,0,0,75.47187707483639,17.3100635492744,0.34145878782130323,0.20866925922412977,4.031110689557052
4207304,Imbituba - SC,46366,29112,8644,1052,425,0,2140,4935,14,44,62.78738730966656,18.642971142647628,2.2689039382306,0.9166199370228184,10.643575033429668
4207403,Imbuia - SC,5214,4131,990,2,0,0,72,18,0,0,79.22899884925201,18.9873417721519,0.038358266206367474,0.0,0.34522439585730724
4207502,Indaial - SC,62132,39866,17192,391,185,9,2066,2293,104,25,64.16339406425031,27.670121676430824,0.6293053499002125,0.29775317066889845,3.690529839696131
4207577,Iomerê - SC,2575,2338,221,3,3,0,11,0,0,0,90.79611650485437,8.58252427184466,0.11650485436893204,0.11650485436893204,0.0
4207601,Ipira - SC,4051,2329,1675,3,5,0,32,7,0,0,57.491977289558136,41.347815354233525,0.0740557886941496,0.12342631449024932,0.17279684028634906
4207650,Iporã do Oeste - SC,8288,6846,1309,0,5,0,46,82,0,0,82.60135135135135,15.79391891891892,0.0,0.060328185328185326,0.9893822393822393
4207684,Ipuaçu - SC,6354,4058,1920,0,0,0,153,221,0,2,63.86528171230721,30.217186024551463,0.0,0.0,3.4781240163676426
4207700,Ipumirim - SC,6833,5296,1373,20,19,0,57,67,0,0,77.50621981560076,20.093663105517344,0.2926972047416947,0.27806234450461,0.9805356358846773
4207759,Iraceminha - SC,3553,2942,573,0,0,0,3,35,0,0,82.8032648466085,16.12721643681396,0.0,0.0,0.9850830284266817
4207809,Irani - SC,8831,6380,1963,12,4,0,92,373,7,0,72.24549881100668,22.22851319216397,0.13588495074170537,0.04529498358056845,4.223757218888008
4207858,Irati - SC,1816,1571,220,0,0,0,25,0,0,0,86.50881057268722,12.114537444933921,0.0,0.0,0.0
4207908,Irineópolis - SC,8896,6885,1595,85,44,0,106,138,0,43,77.3943345323741,17.929406474820144,0.9554856115107914,0.49460431654676257,1.5512589928057554
4208005,Itá - SC,6244,4682,1310,48,6,0,62,131,0,4,74.98398462524023,20.980140935297886,0.7687379884689302,0.09609224855861627,2.0980140935297884
4208104,Itaiópolis - SC,19017,15895,2261,409,75,0,117,243,0,17,83.5831098490824,11.889362149655572,2.150707261923542,0.39438397223536836,1.2778040700425934
4208203,Itajaí - SC,228248,118994,70714,3394,1632,37,13448,19817,54,158,52.13364410641057,30.981213416985035,1.4869790753916792,0.7150117416143843,8.682222845326136
4208302,Itapema - SC,66421,38331,17205,1721,768,3,3345,4944,0,103,57.70915824814441,25.902952379518524,2.59104801192394,1.1562608211258487,7.443429035997651
4208401,Itapiranga - SC,14521,12664,1243,54,6,0,297,257,0,0,87.2116245437642,8.560016527787342,0.3718752152055644,0.04131946835617382,1.7698505612561117
4208450,Itapoá - SC,26696,15507,7103,766,161,0,1267,1831,10,52,58.08735391069823,26.606982319448605,2.8693437219059037,0.6030866047347917,6.858705424033563
4208500,Ituporanga - SC,22932,17908,4506,67,0,0,205,238,0,8,78.09174952032095,19.649398220826793,0.29216814931100643,0.0,1.037851037851038
4208609,Jaborá - SC,3742,3195,464,11,0,0,58,14,0,0,85.3821485836451,12.399786210582576,0.29396044895777657,0.0,0.3741314804917157
4208708,Jacinto Machado - SC,9333,7543,1418,22,14,0,122,209,0,5,80.82074359798564,15.193399764277295,0.23572270438229936,0.15000535733419051,2.239365691631844
4208807,Jaguaruna - SC,17851,12426,3866,266,84,0,307,842,0,60,69.6095456837152,21.657050025208672,1.4901125987339645,0.47056187328440985,4.716822586969918
4208906,Jaraguá do Sul - SC,159327,98413,46305,1636,740,22,4432,7504,175,100,61.76793638240851,29.062870699881376,1.026819057661288,0.4644536079886021,4.709810641008743
4208955,Jardinópolis - SC,1556,1295,240,4,3,0,7,7,0,0,83.22622107969151,15.424164524421593,0.2570694087403599,0.1928020565552699,0.4498714652956298
4209003,Joaçaba - SC,26783,20155,4550,312,70,10,388,1299,0,0,75.2529589665086,16.98838815666654,1.164918045028563,0.2613598177948699,4.850091475936228
4209102,Joinville - SC,540778,303210,171073,7620,3212,42,21569,33307,249,496,56.06921879218459,31.634607916742176,1.4090809907207764,0.5939590737788889,6.15908931206521
4209151,José Boiteux - SC,4958,2836,2027,0,0,13,38,34,0,10,57.20048406615571,40.883420734167004,0.0,0.0,0.6857603872529245
4209177,Jupiá - SC,2244,1981,215,3,0,0,7,37,0,0,88.27985739750446,9.581105169340464,0.13368983957219252,0.0,1.6488413547237077
4209201,Lacerdópolis - SC,2021,1794,184,21,4,0,5,13,0,0,88.76793666501732,9.104403760514597,1.0390895596239484,0.1979218208807521,0.6432459178624443
4209300,Lages - SC,144073,97536,31141,2938,1198,0,4105,7000,42,113,67.69901369444656,21.614736973617543,2.0392439943639684,0.8315229085255391,4.858648046476439
4209409,Laguna - SC,38391,27273,6101,920,612,0,1113,2335,0,36,71.04008752051261,15.891745461175796,2.3963949884087414,1.594123622724076,6.082154671667839
4209458,Lajeado Grande - SC,1475,1274,175,0,2,0,24,0,0,0,86.37288135593221,11.864406779661017,0.0,0.13559322033898305,0.0
4209508,Laurentino - SC,6946,5663,923,40,12,0,181,128,0,0,81.52893751799597,13.288223437949899,0.5758710048949035,0.17276130146847107,1.8427872156636913
4209607,Lauro Müller - SC,12559,10145,2053,16,20,0,141,183,0,0,80.77872442073414,16.346842901504896,0.1273986782387133,0.1592483477983916,1.457122382355283
4209706,Lebon Régis - SC,9628,6630,2633,4,11,0,74,272,0,4,68.8616535105941,27.34732031574574,0.04154549231408392,0.11425010386373079,2.8250934773577066
4209805,Leoberto Leal - SC,2951,2463,445,0,5,0,36,3,0,0,83.46323280243985,15.0796340223653,0.0,0.16943409013893596,0.10166045408336158
4209854,Lindóia do Sul - SC,3999,3545,342,0,3,0,22,88,0,0,88.64716179044761,8.552138034508626,0.0,0.07501875468867217,2.2005501375343837
4209904,Lontras - SC,11034,7975,2511,85,21,0,152,284,0,7,72.27659960123255,22.756933115823816,0.7703462026463658,0.19032082653616095,2.5738626064890338
4210001,Luiz Alves - SC,10094,8267,1284,4,52,0,205,281,0,0,81.9001386962552,12.72042797701605,0.03962750148603131,0.5151575193184069,2.783831979393699
4210035,Luzerna - SC,5166,3672,1310,39,0,0,72,73,0,0,71.0801393728223,25.358110723964383,0.7549361207897793,0.0,1.4130855594270229
4210050,Macieira - SC,1547,1422,117,0,2,0,0,6,0,0,91.91984486102133,7.563025210084033,0.0,0.1292824822236587,0.3878474466709761
4210100,Mafra - SC,48489,37990,7303,922,191,0,867,1197,0,19,78.34766648105756,15.061147889211986,1.9014621873002124,0.3939037719895234,2.4686011260285836
4210209,Major Gercino - SC,2799,2113,508,0,7,90,48,33,0,0,75.49124687388353,18.149339049660593,0.0,0.2500893176134334,1.1789924973204715
4210308,Major Vieira - SC,6509,5643,758,7,25,0,29,43,0,4,86.69534490705178,11.64541404209556,0.10754340144415425,0.3840835765862652,0.6606237517283761
4210407,Maracajá - SC,6729,4926,1404,51,31,0,123,194,0,0,73.2055283102987,20.86491306286224,0.7579135086937138,0.46069252489225737,2.883043542874127
4210506,Maravilha - SC,24543,17430,5848,79,84,0,478,577,0,48,71.01821293240435,23.82756794197938,0.3218840402558774,0.34225644786700893,2.3509758383245734
4210555,Marema - SC,1954,1755,195,0,0,0,0,4,0,0,89.8157625383828,9.979529170931423,0.0,0.0,0.2047082906857728
4210605,Massaranduba - SC,15101,6712,3799,52,52,0,3611,865,10,0,44.447387590225816,25.157274352691875,0.34434805642010463,0.34434805642010463,5.728097476988279
4210704,Matos Costa - SC,2382,1624,608,4,0,0,59,87,0,0,68.17800167926113,25.524769101595297,0.16792611251049538,0.0,3.652392947103275
4210803,Meleiro - SC,6231,4970,1003,15,29,3,70,140,0,0,79.76247793291607,16.096934681431552,0.2407318247472316,0.4654148611779811,2.246830364307495
4210852,Mirim Doce - SC,2202,1729,444,15,0,0,0,13,0,0,78.51952770208901,20.16348773841962,0.6811989100817438,0.0,0.5903723887375113
4210902,Modelo - SC,3605,2861,702,0,3,0,23,16,0,0,79.36199722607489,19.472954230235782,0.0,0.08321775312066575,0.44382801664355065
4211009,Mondaí - SC,8807,4508,4055,0,0,0,108,132,0,5,51.18655614851822,46.04292040422391,0.0,0.0,1.4988077665493358
4211058,Monte Carlo - SC,7714,5731,1807,21,38,15,36,54,0,12,74.29349235156857,23.424941664506093,0.27223230490018147,0.49261083743842365,0.7000259268861809
4211108,Monte Castelo - SC,6690,4849,1554,30,10,0,40,191,0,16,72.4813153961136,23.228699551569505,0.4484304932735426,0.14947683109118087,2.8550074738415545
4211207,Morro da Fumaça - SC,15968,10818,4093,64,27,13,304,623,16,11,67.74799599198397,25.63251503006012,0.40080160320641284,0.1690881763527054,3.901553106212425
4211256,Morro Grande - SC,2629,2159,387,0,0,0,52,32,0,0,82.12248003042983,14.720426017497147,0.0,0.0,1.217192848992012
4211306,Navegantes - SC,74152,37695,22981,994,733,84,4919,6570,19,156,50.83477182004531,30.99174668249002,1.3404898047254288,0.9885100873880678,8.860179091595642
4211405,Nova Erechim - SC,4484,2858,873,20,15,0,618,100,0,0,63.737734165923285,19.46922390722569,0.44603033006244425,0.3345227475468332,2.230151650312221
4211454,Nova Itaberaba - SC,3992,3202,742,0,2,0,6,40,0,0,80.21042084168337,18.587174348697395,0.0,0.050100200400801605,1.002004008016032
4211504,Nova Trento - SC,12119,9749,1568,110,29,0,218,428,0,17,80.44393101741068,12.938361250928294,0.907665648980939,0.23929367109497482,3.5316445251258353
4211603,Nova Veneza - SC,12176,10570,1244,40,53,0,93,170,0,5,86.81011826544021,10.216819973718792,0.328515111695138,0.4352825229960578,1.3961892247043364
4211652,Novo Horizonte - SC,2361,2091,251,0,0,0,3,16,0,0,88.56416772554003,10.63108852181279,0.0,0.0,0.6776789495976281
4211702,Orleans - SC,20845,17428,2812,164,30,0,212,199,0,0,83.60757975533701,13.490045574478293,0.7867594147277525,0.14391940513312546,0.9546653873830655
4211751,Otacílio Costa - SC,14889,11309,3033,72,38,0,187,251,0,0,75.95540331788568,20.370743501914166,0.4835784807576063,0.2552219759554033,1.6858083148633218
4211801,Ouro - SC,6251,5427,566,31,0,0,99,129,0,0,86.81810910254359,9.054551271796512,0.49592065269556873,0.0,2.0636698128299473
4211850,Ouro Verde - SC,1885,1323,403,7,0,2,109,41,0,0,70.18567639257294,21.379310344827587,0.3713527851458886,0.0,2.1750663129973473
4211876,Paial - SC,1666,999,632,2,0,0,19,12,0,2,59.9639855942377,37.93517406962785,0.12004801920768307,0.0,0.7202881152460985
4211892,Painel - SC,1944,1586,301,7,0,0,2,48,0,0,81.5843621399177,15.483539094650206,0.360082304526749,0.0,2.4691358024691357
4211900,Palhoça - SC,193130,110648,39755,5873,4111,96,10209,21905,399,133,57.291979495676486,20.584580334489722,3.040956868430591,2.1286180293066845,11.3421011753741
4212007,Palma Sola - SC,6482,5039,1264,6,6,0,34,120,3,10,77.73835236038259,19.500154273372416,0.09256402344955261,0.09256402344955261,1.8512804689910523
4212056,Palmeira - SC,2258,1698,481,2,14,0,25,38,0,0,75.19929140832595,21.302037201062888,0.08857395925597875,0.6200177147918512,1.6829052258635961
4212106,Palmitos - SC,13814,9643,3798,53,6,0,124,185,0,5,69.8059939192124,27.493846822064572,0.383668741856088,0.04343419719125525,1.3392210800637034
4212205,Papanduva - SC,16585,13627,2626,126,11,0,122,73,0,0,82.1646065722038,15.83358456436539,0.7597226409406089,0.06632499246306904,0.4401567681640036
4212239,Paraíso - SC,3755,2964,695,0,0,0,31,65,0,0,78.93475366178428,18.508655126498002,0.0,0.0,1.7310252996005326
4212254,Passo de Torres - SC,11078,7119,2217,307,226,0,404,800,0,5,64.26250225672504,20.01263766022748,2.7712583498826504,2.0400794367214297,7.221520129987362
4212270,Passos Maia - SC,3416,2959,407,3,0,0,21,26,0,0,86.62177985948477,11.914519906323186,0.08782201405152225,0.0,0.7611241217798594
4212304,Paulo Lopes - SC,7876,4883,2096,48,41,2,258,548,0,0,61.99847638395124,26.612493651599795,0.6094464195022854,0.5205688166582021,6.9578466226510916
4212403,Pedras Grandes - SC,3791,3016,588,0,12,0,91,83,0,0,79.5568451595885,15.510419414402532,0.0,0.3165391717225007,2.189395937747296
4212502,Penha - SC,29388,16185,8882,569,332,0,2064,1356,0,0,55.0734993875051,30.223220362052537,1.9361644208520485,1.1297128079488226,4.614128215598203
4212601,Peritiba - SC,2675,2086,570,2,6,0,11,0,0,0,77.98130841121495,21.30841121495327,0.07476635514018691,0.22429906542056074,0.0
4212650,Pescaria Brava - SC,8988,6832,1885,7,5,5,110,145,0,0,76.01246105919003,20.972407654650645,0.0778816199376947,0.05562972852692479,1.613262127280819
4212700,Petrolândia - SC,5886,3671,2140,0,0,0,66,6,0,3,62.36833163438668,36.357458375807,0.0,0.0,0.1019367991845056
4212809,Balneário Piçarras - SC,23393,12278,6832,607,313,0,1564,1774,11,14,52.48578634634292,29.205317830120123,2.5947933142393023,1.338007096139871,7.583465139144188
4212908,Pinhalzinho - SC,19017,14957,2831,43,84,29,315,746,0,13,78.65068096965872,14.886680338644371,0.22611347741494453,0.44171004890361254,3.9228059105011304
4213005,Pinheiro Preto - SC,2989,2619,295,26,6,0,0,43,0,0,87.62127801940449,9.869521579123452,0.8698561391769822,0.20073603211776514,1.4386082301773169
4213104,Piratuba - SC,5042,3505,1265,27,16,6,87,138,0,0,69.51606505355018,25.089250297500993,0.53550178500595,0.31733439111463707,2.7370091233637446
4213153,Planalto Alegre - SC,2584,1906,638,0,0,0,14,25,0,0,73.76160990712074,24.690402476780186,0.0,0.0,0.9674922600619195
4213203,Pomerode - SC,30326,11051,17306,248,154,4,650,893,8,12,36.440677966101696,57.06654355998153,0.8177801226670184,0.5078150761722614,2.944667941700191
4213302,Ponte Alta - SC,3867,2845,854,7,3,0,72,87,0,0,73.57124385828808,22.08430307732092,0.18101887768295838,0.07757951900698215,2.2498060512024827
4213351,Ponte Alta do Norte - SC,2685,2016,613,9,3,0,41,2,0,0,75.08379888268156,22.83054003724395,0.33519553072625696,0.11173184357541899,0.074487895716946
4213401,Ponte Serrada - SC,9059,6522,2179,14,29,32,98,186,0,0,71.99470140192074,24.05342753063252,0.15454244397836406,0.3201236339551827,2.053206755712551
4213500,Porto Belo - SC,24150,13393,6064,598,664,0,1306,2126,0,0,55.457556935817806,25.109730848861282,2.4761904761904763,2.749482401656315,8.803312629399587
4213609,Porto União - SC,29061,21481,5286,499,99,0,386,1305,0,5,73.91693334709748,18.18932590069165,1.7170778706857988,0.3406627438835553,4.490554351192319
4213708,Pouso Redondo - SC,14665,10907,3297,16,9,0,237,170,0,28,74.37436072280941,22.482100238663485,0.10910330719399931,0.06137061029662462,1.1592226389362428
4213807,Praia Grande - SC,7243,5402,1209,80,26,0,233,292,1,0,74.58235537760596,16.691978461963274,1.1045147038519951,0.3589672787518984,4.031478669059782
4213906,Presidente Castello Branco - SC,1488,1184,294,4,1,4,0,0,0,0,79.56989247311827,19.758064516129032,0.26881720430107525,0.06720430107526881,0.0
4214003,Presidente Getúlio - SC,17386,12584,4146,52,5,0,276,320,3,0,72.38007592315657,23.846773265846082,0.299091222822961,0.028758771425284713,1.8405613712182216
4214102,Presidente Nereu - SC,2018,1811,166,2,2,0,8,29,0,0,89.74231912784936,8.225966303270566,0.09910802775024777,0.09910802775024777,1.4370664023785926
4214151,Princesa - SC,2604,2133,450,4,0,0,13,4,0,0,81.91244239631337,17.28110599078341,0.15360983102918588,0.0,0.15360983102918588
4214201,Quilombo - SC,9596,7412,1891,0,0,0,127,166,0,0,77.24051688203419,19.706127553147144,0.0,0.0,1.7298874531054607
4214300,Rancho Queimado - SC,2907,1383,1309,16,17,0,63,119,0,0,47.57481940144479,45.02923976608187,0.5503955968352253,0.5847953216374269,4.093567251461988
4214409,Rio das Antas - SC,5415,3948,1234,9,2,0,68,154,0,0,72.90858725761773,22.788550323176363,0.16620498614958448,0.03693444136657433,2.8439519852262234
4214508,Rio do Campo - SC,5640,4796,689,2,2,0,22,129,0,0,85.0354609929078,12.21631205673759,0.03546099290780142,0.03546099290780142,2.2872340425531914
4214607,Rio do Oeste - SC,6806,5771,890,5,4,0,72,64,0,0,84.7928298560094,13.07669703203056,0.07346459006758742,0.05877167205406994,0.940346752865119
4214706,Rio dos Cedros - SC,9600,6634,2615,46,0,0,114,185,0,5,69.10416666666667,27.239583333333332,0.4791666666666667,0.0,1.9270833333333333
4214805,Rio do Sul - SC,63763,44479,13746,1141,360,9,1519,2464,0,44,69.75675548515596,21.557956808807617,1.7894390163574487,0.5645907501215438,3.8643100230541223
4214904,Rio Fortuna - SC,4245,4056,147,3,3,0,17,19,0,0,95.54770318021201,3.462897526501767,0.0706713780918728,0.0706713780918728,0.44758539458186103
4215000,Rio Negrinho - SC,34190,25840,6676,78,315,26,735,519,0,0,75.57765428487862,19.526177244808423,0.22813688212927757,0.921322023983621,1.5179877157063468
4215059,Rio Rufino - SC,2078,1834,207,11,6,0,3,16,0,0,88.25794032723773,9.96150144369586,0.5293551491819056,0.28873917228103946,0.7699711260827719
4215075,Riqueza - SC,4204,3175,976,4,0,0,20,30,0,0,75.52331113225499,23.215984776403424,0.09514747859181731,0.0,0.7136060894386299
4215109,Rodeio - SC,11335,8240,2366,90,25,0,339,269,0,5,72.69519188354654,20.873400970445523,0.7940008822232024,0.22055580061755625,2.373180414644905
4215208,Romelândia - SC,4327,3467,753,7,11,0,17,71,0,0,80.12479778137278,17.40235729142593,0.16177490177952392,0.2542177027963947,1.6408597180494569
4215307,Salete - SC,6540,5462,840,58,0,0,72,105,3,0,83.51681957186544,12.844036697247706,0.8868501529051988,0.0,1.6055045871559632
4215356,Saltinho - SC,3174,2533,540,6,0,0,20,76,0,0,79.80466288594833,17.013232514177695,0.1890359168241966,0.0,2.3944549464398235
4215406,Salto Veloso - SC,3809,3347,347,0,0,0,55,59,0,0,87.87083223943293,9.110002625360988,0.0,0.0,1.5489629824100815
4215455,Sangão - SC,10811,7726,2593,17,54,0,188,232,0,0,71.46424937563593,23.984830265470354,0.15724724817315697,0.4994912589029692,2.145962445657201
4215505,Santa Cecília - SC,13127,9614,2672,53,20,8,584,176,0,0,73.23836367791574,20.35499352479622,0.40374800030471547,0.15235773596404356,1.3407480764835835
4215554,Santa Helena - SC,2143,2047,78,0,0,0,8,9,0,0,95.52029864675688,3.639757349510033,0.0,0.0,0.4199720018665422
4215604,Santa Rosa de Lima - SC,1869,1611,215,2,0,0,12,28,0,0,86.19582664526484,11.503477795612627,0.10700909577314072,0.0,1.4981273408239701
4215653,Santa Rosa do Sul - SC,8446,5816,1884,14,45,6,451,230,0,0,68.86099928960455,22.306417238929672,0.1657589391427895,0.5327965901018233,2.7231825716315416
4215679,Santa Terezinha - SC,7065,6326,596,17,6,0,110,10,0,0,89.53998584571833,8.43595187544232,0.24062278839348902,0.08492569002123142,0.14154281670205238
4215687,Santa Terezinha do Progresso - SC,2266,1780,459,0,0,0,11,16,0,0,78.55251544571932,20.25595763459841,0.0,0.0,0.706090026478376
4215695,Santiago do Sul - SC,1446,1206,203,0,0,0,28,7,0,2,83.40248962655602,14.038727524204702,0.0,0.0,0.48409405255878285
4215703,Santo Amaro da Imperatriz - SC,23904,18953,2517,389,280,0,697,1025,19,24,79.28798527443105,10.529618473895582,1.627342704149933,1.1713520749665327,4.287985274431057
4215752,São Bernardino - SC,2307,1962,310,0,0,0,7,28,0,0,85.04551365409623,13.437364542696143,0.0,0.0,1.2136974425661031
4215802,São Bento do Sul - SC,72865,53104,15160,564,203,11,1481,2287,43,12,72.87998353118782,20.805599396143553,0.7740341727852879,0.27859740616208056,3.1386811226240305
4215901,São Bonifácio - SC,2682,1986,613,2,0,0,31,49,0,0,74.04921700223714,22.856077554064132,0.07457121551081283,0.0,1.8269947800149142
4216008,São Carlos - SC,8996,7481,1210,24,5,0,83,193,0,0,83.15918185860383,13.450422409959982,0.2667852378835038,0.05558025789239662,2.1453979546465094
4216057,São Cristóvão do Sul - SC,5389,3367,1432,9,11,0,174,314,80,0,62.47912414177027,26.57264798663945,0.16700686583781776,0.20411950269066617,5.826683985897198
4216107,São Domingos - SC,8100,6753,1052,36,0,0,197,57,5,0,83.37037037037037,12.987654320987655,0.4444444444444444,0.0,0.7037037037037037
4216206,São Francisco do Sul - SC,46186,24150,14681,793,662,24,1981,3785,32,77,52.28857229463474,31.78668860693717,1.7169705105443207,1.433334776772182,8.195124063569047
4216255,São João do Oeste - SC,5586,5375,170,0,3,0,11,27,0,0,96.22269960615826,3.0433225921947726,0.0,0.05370569280343716,0.4833512352309345
4216305,São João Batista - SC,28020,18330,6847,44,129,20,1023,1626,0,0,65.41755888650964,24.436117059243397,0.15703069236259815,0.4603854389721627,5.802997858672377
4216354,São João do Itaperiú - SC,3816,2896,720,0,5,0,100,95,0,0,75.8909853249476,18.867924528301888,0.0,0.1310272536687631,2.489517819706499
4216404,São João do Sul - SC,7507,5712,1300,32,77,0,204,182,0,0,76.08898361529239,17.317170640735313,0.4262688157719462,1.0257093379512454,2.424403889702944
4216503,São Joaquim - SC,22431,19077,2492,220,137,0,221,274,0,10,85.0474789354019,11.109625072444384,0.9807855200392315,0.6107618920244304,1.2215237840488609
4216602,São José - SC,240160,136822,47732,10167,5492,53,12850,26889,74,82,56.971185876082615,19.87508327781479,4.233427714856762,2.286808794137242,11.19628580946036
4216701,São José do Cedro - SC,12504,10799,1315,59,7,0,136,166,0,23,86.36436340371081,10.51663467690339,0.47184900831733845,0.05598208573256558,1.327575175943698
4216800,São José do Cerrito - SC,7731,6782,729,26,0,0,98,95,0,0,87.724744534989,9.429569266589057,0.3363083689044108,0.0,1.2288190402276549
4216909,São Lourenço do Oeste - SC,21572,17393,3130,125,28,0,431,429,11,26,80.62766549230484,14.509549415909513,0.5794548488781754,0.1297978861487113,1.988689041349898
4217006,São Ludgero - SC,11597,9586,1333,7,13,0,234,419,6,0,82.6593084418384,11.494351987582995,0.060360438044321806,0.11209795636802622,3.613003362938691
4217105,São Martinho - SC,2990,2548,429,0,0,0,0,14,0,0,85.21739130434783,14.347826086956522,0.0,0.0,0.4682274247491639
4217154,São Miguel da Boa Vista - SC,1573,1260,273,3,0,0,31,5,0,0,80.10171646535282,17.355371900826448,0.19071837253655435,0.0,0.3178639542275906
4217204,São Miguel do Oeste - SC,38790,29232,6768,403,73,0,858,1427,0,29,75.35962877030163,17.447795823665892,1.0389275586491364,0.18819283320443414,3.6787831915442126
4217253,São Pedro de Alcântara - SC,5283,3704,629,106,38,0,65,740,0,0,70.11167897028204,11.906113950406965,2.00643573727049,0.7192882831724399,14.007192882831724
4217303,Saudades - SC,8884,7475,1136,15,0,0,120,138,0,0,84.14002701485818,12.787032868077443,0.16884286357496622,0.0,1.5533543448896894
4217402,Schroeder - SC,17181,9155,7071,44,34,0,258,596,0,23,53.28560619288749,41.15592806006635,0.25609685117280717,0.19789302136080555,3.468948256795297
4217501,Seara - SC,16209,12048,3548,16,27,12,277,273,0,7,74.32907643901537,21.88907397125054,0.0987105928804985,0.1665741254858412,1.6842494910235055
4217550,Serra Alta - SC,2906,2531,353,0,6,0,6,10,0,0,87.09566414315209,12.147281486579491,0.0,0.20646937370956642,0.3441156228492774
4217600,Siderópolis - SC,12123,9342,2199,60,73,0,287,162,0,0,77.06013363028953,18.139074486513238,0.4949269982677555,0.6021611812257692,1.3363028953229399
4217709,Sombrio - SC,25806,15307,6394,212,319,0,2054,1489,19,13,59.315663024102925,24.777183600713013,0.8215143765015888,1.23614663256607,5.769975974579555
4217758,Sul Brasil - SC,2497,2164,312,0,0,0,9,12,0,0,86.66399679615539,12.49499399279135,0.0,0.0,0.4805766920304365
4217808,Taió - SC,15970,10869,4593,42,0,0,261,204,0,0,68.05886036318097,28.76017532874139,0.2629931120851597,0.0,1.277395115842204
4217907,Tangará - SC,7149,6243,720,0,19,0,48,118,0,0,87.3268988669744,10.071338648762065,0.0,0.2657714365645545,1.6505805007693384
4217956,Tigrinhos - SC,2010,1457,545,0,0,0,8,0,0,0,72.48756218905473,27.114427860696516,0.0,0.0,0.0
4218004,Tijucas - SC,44220,25841,11435,733,522,73,2043,3561,11,0,58.43735866123926,25.859339665309815,1.6576209859791948,1.180461329715061,8.05291723202171
4218103,Timbé do Sul - SC,4743,3578,737,0,3,0,77,347,0,0,75.43748682268607,15.538688593717056,0.0,0.06325110689437065,7.316044697448872
4218202,Timbó - SC,40933,21901,15306,104,248,11,1264,2043,21,34,53.50450736569516,37.392812645054114,0.25407373024210295,0.6058681259619378,4.991082989275157
4218251,Timbó Grande - SC,6156,3489,2383,18,13,0,133,120,0,0,56.67641325536062,38.710201429499676,0.29239766081871343,0.2111760883690708,1.949317738791423
4218301,Três Barras - SC,16547,10928,4843,157,11,0,238,340,0,29,66.04218287302834,29.268145283132895,0.948812473560162,0.06647730706472472,2.0547531274551276
4218350,Treviso - SC,3378,2852,480,0,0,0,40,6,0,0,84.42865600947306,14.209591474245116,0.0,0.0,0.17761989342806395
4218400,Treze de Maio - SC,6411,5037,1191,15,3,0,76,90,0,0,78.56808610201216,18.5774450163781,0.2339728591483388,0.04679457182966776,1.4038371548900328
4218509,Treze Tílias - SC,7497,6030,1053,66,24,0,117,174,0,34,80.43217286914766,14.04561824729892,0.8803521408563425,0.3201280512204882,2.3209283713485394
4218608,Trombudo Central - SC,6367,4055,2010,23,0,0,115,164,0,0,63.68776503847966,31.569027799591645,0.36123763153761584,0.0,2.5757813727029997
4218707,Tubarão - SC,97407,69911,18695,1236,419,0,2934,4164,0,46,71.77204923670783,19.192665824838052,1.2689026456004189,0.43015389037748825,4.274846776925683
4218756,Tunápolis - SC,4326,4036,216,3,5,6,26,34,0,0,93.2963476652797,4.993065187239944,0.06934812760055478,0.1155802126675913,0.7859454461396209
4218806,Turvo - SC,11477,9112,1818,44,30,0,160,287,0,26,79.39356974819204,15.84037640498388,0.38337544654526445,0.26139234991722576,2.500653480874793
4218855,União do Oeste - SC,2435,2100,307,0,0,0,7,20,0,0,86.24229979466119,12.607802874743326,0.0,0.0,0.8213552361396304
4218905,Urubici - SC,9419,7309,1507,122,5,20,157,299,0,0,77.598471175284,15.999575326467777,1.295254273277418,0.05308419152776303,3.1744346533602292
4218954,Urupema - SC,2324,1970,261,17,2,2,44,28,0,0,84.76764199655766,11.230636833046471,0.7314974182444062,0.08605851979345955,1.2048192771084338
4219002,Urussanga - SC,18765,14981,2860,76,89,0,215,544,0,0,79.83479882760459,15.241140420996537,0.4050093258726352,0.47428723687716495,2.899014122035705
4219101,Vargeão - SC,3172,2427,639,14,0,0,44,49,0,0,76.51324085750315,20.145018915510718,0.44136191677175285,0.0,1.544766708701135
4219150,Vargem - SC,2291,2104,170,0,0,0,3,14,0,0,91.83762549105194,7.420340462680052,0.0,0.0,0.6110868616324749
4219176,Vargem Bonita - SC,3914,2770,972,0,0,0,103,69,0,0,70.77158916709249,24.833929483903933,0.0,0.0,1.7629024016351558
4219200,Vidal Ramos - SC,5401,4870,425,0,33,0,0,73,0,0,90.16848731716348,7.868913164228847,0.0,0.6109979633401222,1.351601555267543
4219309,Videira - SC,48204,36526,9060,358,316,10,1028,906,0,0,75.77379470583354,18.79512073686831,0.7426769562691893,0.6555472574890051,1.879512073686831
4219358,Vitor Meireles - SC,4602,3470,1034,0,0,0,20,77,0,0,75.40199913081268,22.468491960017385,0.0,0.0,1.6731855714906563
4219408,Witmarsum - SC,3706,2759,819,2,0,0,64,53,9,0,74.44684295736643,22.09929843497032,0.053966540744738264,0.0,1.430113329735564
4219507,Xanxerê - SC,44456,30332,11311,443,225,0,996,1150,0,0,68.229260392298,25.443134784955912,0.9964909123627856,0.5061184092136045,2.5868274248695338
4219606,Xavantina - SC,3329,2555,282,0,0,0,482,0,0,9,76.74977470711926,8.471012316010814,0.0,0.0,0.0
4219705,Xaxim - SC,27621,20268,6177,55,160,9,497,454,0,0,73.37895079830564,22.363419137612684,0.19912385503783353,0.5792693964736976,1.6436769124941168
4219853,Zortéa - SC,3321,2610,525,0,3,0,86,97,0,0,78.59078590785907,15.808491418247517,0.0,0.09033423667570009,2.920806985847636
4220000,Balneário Rincão - SC,13822,7650,4327,280,100,0,751,714,0,0,55.34654897988714,31.30516567790479,2.025756041093908,0.7234843003906816,5.165677904789466
4300034,Aceguá - RS,3641,1812,1304,40,52,0,40,381,13,0,49.76654765174403,35.81433672068113,1.098599285910464,1.4281790716836034,10.464158198297172
4300059,Água Santa - RS,3416,2797,510,17,0,0,8,66,0,19,81.87939110070258,14.929742388758783,0.49765807962529274,0.0,1.9320843091334894
4300109,Agudo - RS,14335,7459,6416,57,135,0,58,211,0,0,52.033484478549006,44.75758632717126,0.3976281827694454,0.9417509591907918,1.4719218695500522
4300208,Ajuricaba - RS,6050,3260,2433,79,0,0,188,89,0,0,53.88429752066116,40.21487603305785,1.3057851239669422,0.0,1.4710743801652892
4300307,Alecrim - RS,5561,4710,782,11,0,0,36,21,0,0,84.69699694299587,14.062219025355152,0.19780614997302642,0.0,0.3776299226757777
4300406,Alegrete - RS,64198,35678,16156,2305,1745,0,2054,6198,41,20,55.5749400292844,25.165893018474097,3.5904545312938096,2.7181532134957473,9.654506370914982
4300455,Alegria - RS,3286,2486,751,0,0,0,5,43,0,0,75.65429093122337,22.85453438831406,0.0,0.0,1.3085818624467438
4300471,Almirante Tamandaré do Sul - RS,1753,1487,236,0,0,0,13,16,0,0,84.82601254991444,13.462635482030805,0.0,0.0,0.9127210496292071
4300505,Alpestre - RS,6402,5717,611,0,12,0,38,24,0,0,89.30021868166197,9.543892533583255,0.0,0.18744142455482662,0.37488284910965325
4300554,Alto Alegre - RS,1616,1489,118,0,0,0,6,2,0,0,92.14108910891089,7.301980198019802,0.0,0.0,0.12376237623762376
4300570,Alto Feliz - RS,2775,2272,447,0,0,0,32,24,0,0,81.87387387387388,16.10810810810811,0.0,0.0,0.8648648648648649
4300604,Alvorada - RS,161020,79225,33664,4206,14471,69,6304,23025,57,0,49.20196248913179,20.90671966215377,2.6120978760402433,8.987082350018632,14.29946590485654
4300638,Amaral Ferrador - RS,4707,3990,635,13,15,0,16,38,0,0,84.76736775015934,13.49054599532611,0.2761844062035267,0.3186743148502231,0.8073082642872318
4300646,Ametista do Sul - RS,6719,5645,897,0,0,0,83,94,0,0,84.01547849382348,13.350200922756363,0.0,0.0,1.3990177109688942
4300661,André da Rocha - RS,1012,847,148,3,0,0,7,5,0,2,83.69565217391305,14.624505928853756,0.2964426877470356,0.0,0.49407114624505927
4300703,Anta Gorda - RS,5392,4971,347,2,3,0,45,21,0,3,92.19213649851632,6.435459940652819,0.037091988130563795,0.055637982195845696,0.38946587537091987
4300802,Antônio Prado - RS,11763,10321,995,78,47,0,132,190,0,0,87.7412224772592,8.458726515344726,0.6630961489415965,0.3995579359007056,1.6152342089602993
4300851,Arambaré - RS,3700,2537,637,77,47,0,72,330,0,0,68.56756756756756,17.216216216216218,2.081081081081081,1.2702702702702702,8.91891891891892
4300877,Araricá - RS,7341,4224,2743,24,49,0,135,166,0,0,57.53984470780548,37.36548154202425,0.3269309358398038,0.6674839940062661,2.26127230622531
4300901,Aratiba - RS,5864,5383,395,26,6,0,47,7,0,0,91.79740791268759,6.7360163710777625,0.4433833560709413,0.10231923601637108,0.11937244201909959
4301008,Arroio do Meio - RS,19336,14073,4481,160,144,0,229,228,13,10,72.78134050475796,23.174389739346296,0.8274720728175424,0.7447248655357882,1.179147703764998
4301057,Arroio do Sal - RS,9809,6388,1789,269,285,0,334,724,6,15,65.12386583749618,18.238352533387705,2.742379447446223,2.9054949536140278,7.38097665409318
4301073,Arroio do Padre - RS,2353,66,2088,14,0,0,15,170,0,0,2.8049298767530813,88.73778155546111,0.5949851253718657,0.0,7.2248193795155125
4301107,Arroio dos Ratos - RS,12846,7784,3162,388,405,0,157,949,0,0,60.59473766152888,24.614666043904716,3.0203954538377706,3.152732368052312,7.3875136229176395
4301206,Arroio do Tigre - RS,10780,8801,1923,31,5,0,8,13,0,0,81.64192949907236,17.838589981447125,0.287569573283859,0.04638218923933209,0.12059369202226346
4301305,Arroio Grande - RS,15583,7559,2343,480,706,0,299,4196,0,0,48.50798947571071,15.035615735095938,3.080279792081114,4.5305781941859715,26.926779182442406
4301404,Arvorezinha - RS,9163,8484,575,4,6,0,56,34,0,5,92.58976317799848,6.275237367674342,0.04365382516643021,0.06548073774964532,0.37105751391465674
4301503,Augusto Pestana - RS,6397,4163,2117,13,3,0,31,70,0,0,65.07738002188526,33.09363764264499,0.20322025949663905,0.046896982960762855,1.0942629357511333
4301552,Áurea - RS,3096,2881,196,0,0,0,19,0,0,0,93.05555555555556,6.330749354005168,0.0,0.0,0.0
4301602,Bagé - RS,103394,42808,23581,7097,7526,0,3447,18853,35,46,41.402789330135214,22.806932704025378,6.864034663520127,7.278952357003308,18.23413350871424
4301636,Balneário Pinhal - RS,13242,7098,2536,508,910,0,752,1432,0,5,53.60217489805165,19.151185621507324,3.8362785077782813,6.872073704878417,10.814076423500982
4301651,Barão - RS,5702,4395,1059,5,3,0,114,125,0,0,77.07821816906349,18.572430726061032,0.0876885303402315,0.0526131182041389,2.1922132585057876
4301701,Barão de Cotegipe - RS,6349,5584,617,18,0,0,78,49,0,3,87.95085840289809,9.718065837139706,0.2835092140494566,0.0,0.7717750826901875
4301750,Barão do Triunfo - RS,5319,4154,1006,11,23,0,33,88,0,5,78.09738672682835,18.91332957322805,0.20680579056213574,0.4324121075390111,1.654446324497086
4301800,Barracão - RS,4315,3392,833,6,0,0,56,28,0,0,78.60950173812283,19.304750869061415,0.13904982618771727,0.0,0.6488991888760139
4301859,Barra do Guarita - RS,2683,1923,580,22,0,0,14,140,0,5,71.67349981364144,21.617592247484158,0.8199776369735371,0.0,5.218039508013418
4301875,Barra do Quaraí - RS,3579,1431,1171,16,130,0,96,711,0,24,39.983235540653816,32.718636490639845,0.44705224923162895,3.632299525006985,19.86588432523051
4301909,Barra do Ribeiro - RS,10787,6025,2358,362,452,15,495,1070,0,12,55.85426902753314,21.85964587002874,3.3558913506999164,4.190228979326967,9.919347362566052
4301925,Barra do Rio Azul - RS,1572,1515,54,0,3,0,0,0,0,0,96.37404580152672,3.435114503816794,0.0,0.19083969465648856,0.0
4301958,Barra Funda - RS,2207,1920,232,0,0,0,32,23,0,0,86.99592206615316,10.512007249660172,0.0,0.0,1.042138649750793
4302006,Barros Cassal - RS,8214,6656,1137,27,13,0,352,29,0,0,81.03238373508644,13.842220598977356,0.3287070854638422,0.1582663744825907,0.3530557584611639
4302055,Benjamin Constant do Sul - RS,1760,1298,434,0,0,0,10,18,0,0,73.75,24.65909090909091,0.0,0.0,1.0227272727272727
4302105,Bento Gonçalves - RS,108585,79772,18125,1687,1322,0,2325,5353,0,0,73.46502739789105,16.691992448312384,1.5536215867753373,1.2174793940231154,4.929778514527789
4302154,Boa Vista das Missões - RS,1702,1318,364,4,3,0,4,9,0,0,77.43830787309048,21.386603995299648,0.23501762632197415,0.1762632197414806,0.5287896592244419
4302204,Boa Vista do Buricá - RS,6161,5475,589,22,0,3,17,56,0,0,88.86544392144133,9.560136341503004,0.35708488881675055,0.0,0.9089433533517286
4302220,Boa Vista do Cadeado - RS,2002,1568,415,8,0,0,2,9,0,0,78.32167832167832,20.72927072927073,0.3996003996003996,0.0,0.44955044955044954
4302238,Boa Vista do Incra - RS,1987,1252,715,2,8,0,0,10,0,0,63.00956215400101,35.98389531957725,0.10065425264217413,0.40261701056869653,0.5032712632108707
4302253,Boa Vista do Sul - RS,2544,2397,116,1,0,0,12,18,0,0,94.22169811320755,4.559748427672956,0.03930817610062893,0.0,0.7075471698113207
4302303,Bom Jesus - RS,9641,7077,2020,61,111,0,155,206,0,10,73.40524841821387,20.952183383466444,0.6327144487086401,1.1513328492894928,2.1367078103931125
4302352,Bom Princípio - RS,11562,10113,1004,60,18,0,141,227,0,0,87.46756616502336,8.683618751081127,0.5189413596263622,0.15568240788790866,1.963328143919737
4302378,Bom Progresso - RS,1844,872,776,115,0,0,0,81,0,0,47.288503253796094,42.0824295010846,6.236442516268981,0.0,4.3926247288503255
4302402,Bom Retiro do Sul - RS,10781,7001,3239,59,41,0,199,243,0,0,64.93831741025879,30.04359521380206,0.5472590668769131,0.38029867359243114,2.2539653093405065
4302451,Boqueirão do Leão - RS,5542,5186,309,7,0,0,0,40,0,0,93.57632623601587,5.575604474918802,0.12630819198845183,0.0,0.7217610970768675
4302501,Bossoroca - RS,5270,3179,1484,225,21,0,275,86,0,0,60.32258064516129,28.159392789373815,4.269449715370019,0.3984819734345351,1.6318785578747628
4302584,Bozano - RS,1932,1558,324,5,6,0,4,34,0,2,80.64182194616977,16.770186335403725,0.2587991718426501,0.3105590062111801,1.7598343685300206
4302600,Braga - RS,2874,1994,767,29,0,0,3,81,0,0,69.38065414057063,26.687543493389004,1.0090466249130132,0.0,2.8183716075156577
4302659,Brochier - RS,4467,2758,1552,17,17,0,15,108,0,0,61.7416610700694,34.74367584508619,0.3805686142825162,0.3805686142825162,2.4177300201477503
4302709,Butiá - RS,16697,9623,4437,120,438,0,316,1744,0,19,57.63310774390609,26.573635982511828,0.7186919805953165,2.6232257291729053,10.444990117985267
4302808,Caçapava do Sul - RS,28932,19258,4995,966,449,0,607,2657,0,0,66.56297525231578,17.264620489423475,3.3388635420987143,1.5519148347850131,9.183602931010645
4302907,Cacequi - RS,9890,5995,2254,415,436,0,187,603,0,0,60.616784630940344,22.790697674418606,4.196157735085945,4.4084934277047525,6.097067745197169
4303004,Cachoeira do Sul - RS,71058,50507,12770,1711,1883,12,1275,2859,0,42,71.07855554617355,17.971234765965832,2.4078921444453827,2.6499479298601143,4.023473781980917
4303103,Cachoeirinha - RS,118842,59041,28577,3895,5869,35,4800,16625,0,0,49.68024772386867,24.04621261843456,3.277460830346174,4.93848975951263,13.989162080745864
4303202,Cacique Doble - RS,4080,3261,466,0,0,1,15,338,0,0,79.92647058823529,11.42156862745098,0.0,0.0,8.284313725490197
4303301,Caibaté - RS,4212,3297,718,26,0,0,13,158,0,0,78.27635327635328,17.04653371320038,0.6172839506172839,0.0,3.751187084520418
4303400,Caiçara - RS,4340,3887,409,0,3,0,4,38,0,0,89.56221198156682,9.423963133640553,0.0,0.06912442396313365,0.8755760368663594
4303509,Camaquã - RS,54750,30525,18398,846,802,28,1527,2602,7,16,55.75342465753425,33.60365296803653,1.5452054794520549,1.4648401826484019,4.752511415525114
4303558,Camargo - RS,2615,2378,173,3,7,0,11,43,0,0,90.93690248565966,6.615678776290631,0.1147227533460803,0.2676864244741874,1.644359464627151
4303608,Cambará do Sul - RS,5544,3422,1482,56,16,0,87,481,0,0,61.724386724386726,26.73160173160173,1.0101010101010102,0.2886002886002886,8.676046176046176
4303673,Campestre da Serra - RS,2928,2516,306,5,0,0,65,36,0,0,85.92896174863388,10.450819672131148,0.17076502732240437,0.0,1.2295081967213115
4303707,Campina das Missões - RS,5301,4864,296,8,5,0,66,63,0,0,91.75627240143369,5.583852103376722,0.15091492171288437,0.09432182607055273,1.1884550084889642
4303806,Campinas do Sul - RS,4740,3962,718,10,0,0,14,37,0,0,83.58649789029536,15.147679324894515,0.2109704641350211,0.0,0.7805907172995781
4303905,Campo Bom - RS,55313,34287,15993,713,312,0,1344,2664,0,0,61.98723627357041,28.91363693887513,1.2890278957930323,0.5640626977383255,4.816227649919549
4304002,Campo Novo - RS,4324,2728,1246,39,21,0,120,170,0,0,63.08973172987974,28.8159111933395,0.9019426456984274,0.4856614246068455,3.93154486586494
4304101,Campos Borges - RS,3200,2777,368,10,8,0,19,17,0,0,86.78125,11.5,0.3125,0.25,0.53125
4304200,Candelária - RS,25769,14914,9482,196,159,0,640,378,0,0,57.87574217082541,36.796150413287286,0.7606038263029221,0.6170204509294113,1.4668788078699213
4304309,Cândido Godói - RS,5691,4067,1502,0,4,0,73,44,0,0,71.46371463714637,26.39254963978211,0.0,0.07028641714988579,0.7731505886487436
4304358,Candiota - RS,9158,4558,2331,236,361,0,192,1475,0,4,49.77069229089321,25.4531557108539,2.5769818737715657,3.9419087136929463,16.106136711072285
4304408,Canela - RS,42345,27106,8690,900,709,69,1278,3592,0,0,64.01228008029284,20.52190341244539,2.1253985122210413,1.674341716849687,8.482701617664423
4304507,Canguçu - RS,44468,17513,21277,971,724,0,574,3399,0,10,39.38337681029055,47.847890617972475,2.183592695871188,1.6281370873437078,7.643698839615004
4304606,Canoas - RS,305506,166720,61547,10763,16744,86,13165,36344,115,21,54.57175963810858,20.14592184768875,3.5230077314357167,5.480743422387777,11.896329368326645
4304614,Canudos do Vale - RS,1524,1286,233,0,0,0,5,0,0,0,84.38320209973753,15.288713910761155,0.0,0.0,0.0
4304622,Capão Bonito do Sul - RS,1522,1257,186,12,0,0,12,56,0,0,82.58869908015768,12.220762155059132,0.7884362680683311,0.0,3.679369250985545
4304630,Capão da Canoa - RS,54717,32104,10889,1829,2142,0,3051,4606,23,73,58.67280735420436,19.90057934462781,3.342654019774476,3.9146883052798946,8.41785916625546
4304655,Capão do Cipó - RS,2771,2038,650,3,0,2,14,64,0,0,73.54745579213281,23.457235654998197,0.10826416456153014,0.0,2.3096355106459763
4304663,Capão do Leão - RS,22883,5504,8306,1051,1592,45,655,5721,3,6,24.052790280994625,36.297688240178296,4.59292924878731,6.957129746973736,25.001092514093433
4304671,Capivari do Sul - RS,3498,2325,682,27,64,7,277,115,0,0,66.46655231560892,19.49685534591195,0.7718696397941681,1.8296169239565465,3.2875929102344195
4304689,Capela de Santana - RS,9720,6164,2428,87,149,14,256,623,0,0,63.415637860082306,24.979423868312757,0.8950617283950617,1.5329218106995885,6.409465020576132
4304697,Capitão - RS,2551,2247,269,3,13,0,7,12,0,0,88.08310466483732,10.544884359074873,0.11760094080752646,0.5096040768326147,0.47040376323010585
4304705,Carazinho - RS,54205,36470,14063,513,592,30,1144,1368,24,0,67.28161608707684,25.944101097684715,0.9464071580112535,1.0921501706484642,2.523752421363343
4304713,Caraá - RS,6614,4807,1282,114,51,17,142,196,0,6,72.67916540671304,19.383126700937407,1.7236165709101905,0.7710916238282431,2.9634109464771696
4304804,Carlos Barbosa - RS,27064,22904,3156,148,107,0,215,533,0,0,84.62902749039314,11.66124741353828,0.5468519065917824,0.3953591486845995,1.9694058527933787
4304853,Carlos Gomes - RS,1254,1201,46,0,0,0,4,2,0,0,95.77352472089314,3.668261562998405,0.0,0.0,0.1594896331738437
4304903,Casca - RS,8463,7784,498,36,0,0,60,86,0,0,91.97684036393714,5.884438142502659,0.42538107054236085,0.0,1.0161881129623065
4304952,Caseiros - RS,2642,2248,358,0,16,0,14,6,0,0,85.08705526116579,13.550340651021953,0.0,0.6056018168054504,0.22710068130204392
4305009,Catuípe - RS,7758,5803,1638,24,15,0,71,192,0,16,74.80020623872132,21.11368909512761,0.30935808197989173,0.19334880123743234,2.474864655839134
4305108,Caxias do Sul - RS,410868,280905,70126,11228,9571,39,14362,24379,86,171,68.3686731505009,17.067768723775032,2.7327511512213167,2.329458609577772,5.933535831459253
4305116,Centenário - RS,2462,2407,55,0,0,0,0,0,0,0,97.76604386677498,2.2339561332250204,0.0,0.0,0.0
4305124,Cerrito - RS,5203,1680,1541,139,258,0,120,1457,1,6,32.289064001537575,29.617528349029406,2.6715356525081684,4.958677685950414,28.003075148952526
4305132,Cerro Branco - RS,3508,1802,1648,17,3,0,0,35,4,0,51.36830102622577,46.97833523375142,0.4846066134549601,0.08551881413911061,0.9977194982896237
4305157,Cerro Grande - RS,2100,1529,515,0,2,0,0,54,0,0,72.80952380952381,24.523809523809526,0.0,0.09523809523809523,2.5714285714285716
4305173,Cerro Grande do Sul - RS,8077,5593,2188,69,17,0,61,149,0,0,69.24600718088399,27.089265816516033,0.854277578308778,0.2104741859601337,1.8447443357682307
4305207,Cerro Largo - RS,12257,9616,1811,142,4,0,180,503,0,0,78.45312882434527,14.775230480541731,1.1585216610916211,0.03263441298849637,4.103777433303418
4305306,Chapada - RS,8559,6767,1620,24,0,0,58,89,0,0,79.06297464657086,18.92744479495268,0.28040658955485454,0.0,1.0398411029325856
4305355,Charqueadas - RS,31396,14970,7389,1348,1824,0,940,4881,43,0,47.6812332781246,23.5348452032106,4.293540578417633,5.809657281182316,15.546566441584915
4305371,Charrua - RS,2496,1751,731,0,0,0,10,4,0,0,70.15224358974359,29.286858974358974,0.0,0.0,0.16025641025641027
4305405,Chiapetta - RS,3438,2318,1056,0,0,0,10,54,0,0,67.42292030250145,30.715532286212916,0.0,0.0,1.5706806282722514
4305439,Chuí - RS,5476,1950,407,177,248,0,624,2068,0,3,35.60993425858291,7.4324324324324325,3.2322863403944484,4.528853177501826,37.76479181884587
4305447,Chuvisca - RS,4072,1783,2171,0,0,0,46,71,0,0,43.786836935166995,53.315324165029466,0.0,0.0,1.743614931237721
4305454,Cidreira - RS,15069,8137,2814,690,1402,5,1056,954,0,11,53.99827460349061,18.674099143937887,4.578936890304599,9.303868869865287,6.330877961377663
4305504,Ciríaco - RS,3730,3225,452,2,0,0,30,22,0,0,86.46112600536193,12.117962466487935,0.05361930294906166,0.0,0.5898123324396782
4305587,Colinas - RS,2182,887,1179,14,5,0,17,80,0,0,40.65077910174152,54.03299725022915,0.6416131989000916,0.229147571035747,3.666361136571952
4305603,Colorado - RS,2944,2632,234,0,30,0,15,33,0,0,89.40217391304348,7.948369565217392,0.0,1.0190217391304348,1.1209239130434783
4305702,Condor - RS,5628,2492,2839,0,0,10,83,204,0,0,44.27860696517413,50.44420753375977,0.0,0.0,3.624733475479744
4305801,Constantina - RS,9085,7237,1593,34,6,0,29,185,0,0,79.6587782058338,17.534397358282884,0.37424325811777653,0.06604292790313704,2.0363236103467255
4305835,Coqueiro Baixo - RS,1202,1159,35,0,4,0,0,4,0,0,96.42262895174709,2.9118136439267888,0.0,0.33277870216306155,0.33277870216306155
4305850,Coqueiros do Sul - RS,1987,1068,870,14,2,0,12,21,0,0,53.74937091092099,43.78459989934575,0.704579768495219,0.10065425264217413,1.0568696527428283
4305871,Coronel Barros - RS,2529,781,1655,4,8,0,26,56,0,0,30.88177145116647,65.44088572558323,0.15816528272044286,0.3163305654408857,2.2143139580862
4305900,Coronel Bicaco - RS,5375,4000,1177,9,5,0,114,54,0,15,74.4186046511628,21.89767441860465,0.16744186046511628,0.09302325581395349,1.0046511627906978
4305934,Coronel Pilar - RS,1493,1372,102,5,4,0,3,8,0,0,91.89551239115875,6.831882116543872,0.33489618218352313,0.2679169457468185,0.535833891493637
4305959,Cotiporã - RS,3518,3254,209,3,12,0,16,24,0,0,92.49573621375782,5.940875497441728,0.08527572484366117,0.34110289937464466,0.6822057987492893
4305975,Coxilha - RS,2320,1816,482,6,9,2,3,3,0,0,78.27586206896552,20.775862068965516,0.25862068965517243,0.3879310344827586,0.12931034482758622
4306007,Crissiumal - RS,11601,7198,4183,32,0,0,71,117,0,0,62.04637531247306,36.05723644513404,0.2758382898026032,0.0,1.008533747090768
4306056,Cristal - RS,6384,3234,2492,15,41,16,103,478,0,4,50.6578947368421,39.03508771929825,0.2349624060150376,0.6422305764411027,7.487468671679198
4306072,Cristal do Sul - RS,2386,1849,524,0,3,0,0,10,0,0,77.49371332774518,21.961441743503773,0.0,0.12573344509639564,0.4191114836546521
4306106,Cruz Alta - RS,51343,31451,11018,1830,1040,12,3114,2824,0,52,61.25664647566367,21.459595271020394,3.5642638723876674,2.0255925832148494,5.500262937498783
4306130,Cruzaltense - RS,1487,1335,147,0,0,0,0,5,0,0,89.77807666442501,9.88567585743107,0.0,0.0,0.3362474781439139
4306205,Cruzeiro do Sul - RS,10397,8329,1756,50,101,0,72,89,0,0,80.1096470135616,16.889487352120803,0.48090795421756277,0.9714340675194768,0.8560161585072618
4306304,David Canabarro - RS,3897,3637,208,8,0,0,36,8,0,0,93.32820118039517,5.337439055683859,0.2052861175263023,0.0,0.2052861175263023
4306320,Derrubadas - RS,2449,1644,734,0,0,0,0,68,0,4,67.1294405879951,29.971416904859126,0.0,0.0,2.7766435279706
4306353,Dezesseis de Novembro - RS,2275,1393,561,138,8,0,138,37,0,0,61.23076923076923,24.65934065934066,6.065934065934066,0.3516483516483517,1.6263736263736264
4306379,Dilermando de Aguiar - RS,2512,1765,472,66,58,0,49,100,0,0,70.26273885350318,18.78980891719745,2.627388535031847,2.3089171974522293,3.9808917197452227
4306403,Dois Irmãos - RS,27004,19948,4771,383,26,5,657,1192,0,22,73.8705376981188,17.66775292549252,1.4183083987557399,0.09628203229151237,4.4141608650570285
4306429,Dois Irmãos das Missões - RS,1810,1006,662,0,0,0,6,136,0,0,55.58011049723757,36.574585635359114,0.0,0.0,7.513812154696133
4306452,Dois Lajeados - RS,2802,2605,133,7,3,0,25,29,0,0,92.96930763740185,4.746609564596716,0.24982155603140613,0.10706638115631692,1.0349750178443968
4306502,Dom Feliciano - RS,11621,9418,1670,99,39,0,20,376,0,0,81.0429395060666,14.370536098442475,0.8519060321831168,0.33559934601153085,3.2355219000086053
4306551,Dom Pedro de Alcântara - RS,2282,1935,283,6,0,0,14,43,0,0,84.7940403155127,12.401402278702893,0.26292725679228746,0.0,1.8843120070113935
4306601,Dom Pedrito - RS,32808,18049,8346,1343,1239,0,470,3333,0,29,55.014020970495004,25.43891733723482,4.09351377712753,3.7765179224579373,10.159107534747623
4306700,Dona Francisca - RS,2770,2152,571,8,10,0,14,14,0,0,77.68953068592057,20.613718411552348,0.2888086642599278,0.36101083032490977,0.5054151624548736
4306734,Doutor Maurício Cardoso - RS,4033,2515,1461,9,0,0,17,32,0,0,62.360525663277954,36.226134391272005,0.22315893875526904,0.0,0.7934540044631788
4306759,Doutor Ricardo - RS,1732,1595,115,0,0,0,5,17,0,0,92.09006928406467,6.63972286374134,0.0,0.0,0.9815242494226328
4306767,Eldorado do Sul - RS,33922,16213,8979,1104,1291,11,1960,4308,11,46,47.79494133600613,26.469547786097518,3.254525086964212,3.805789752962679,12.699722893697306
4306809,Encantado - RS,20318,15977,3583,74,139,0,122,424,0,0,78.63470814056501,17.634609705679694,0.3642090756964268,0.6841224529973423,2.0868195688552023
4306908,Encruzilhada do Sul - RS,21103,15380,2262,350,772,0,508,1831,0,0,72.88063308534332,10.718855139079752,1.6585319622802446,3.658247642515282,8.676491494100365
4306924,Engenho Velho - RS,1093,886,181,4,0,0,0,22,0,0,81.06129917657823,16.55992680695334,0.36596523330283626,0.0,2.012808783165599
4306932,Entre-Ijuís - RS,8099,4749,2925,157,20,0,146,93,0,9,58.6368687492283,36.11556982343499,1.9385109272749723,0.24694406716878628,1.1482899123348562
4306957,Entre Rios do Sul - RS,2396,2037,303,12,0,0,18,25,0,0,85.01669449081803,12.646076794657763,0.5008347245409015,0.0,1.0434056761268782
4306973,Erebango - RS,2623,1793,682,0,10,16,46,77,0,0,68.35684330918795,26.000762485703394,0.0,0.3812428516965307,2.935569958063286
4307005,Erechim - RS,93333,68596,17497,1349,657,22,1942,3203,0,67,73.49597677134561,18.746852667330955,1.4453623048653745,0.7039310854681624,3.4317979707070383
4307054,Ernestina - RS,2716,2011,656,23,6,0,14,7,0,0,74.04270986745213,24.153166421207658,0.8468335787923417,0.22091310751104565,0.25773195876288657
4307104,Herval - RS,5500,2848,1172,158,172,0,114,1038,0,0,51.78181818181818,21.30909090909091,2.8727272727272726,3.1272727272727274,18.87272727272727
4307203,Erval Grande - RS,4385,3695,676,2,2,0,9,0,0,0,84.26453819840364,15.416191562143672,0.04561003420752566,0.04561003420752566,0.0
4307302,Erval Seco - RS,5937,3459,2245,6,0,33,7,187,0,0,58.261748357756446,37.81371062826343,0.10106114199090449,0.0,3.1497389253831902
4307401,Esmeralda - RS,2808,2109,591,40,4,0,35,29,0,0,75.1068376068376,21.04700854700855,1.4245014245014245,0.14245014245014245,1.0327635327635327
4307450,Esperança do Sul - RS,2838,1307,1481,7,2,0,17,24,0,0,46.05355884425652,52.184637068358,0.24665257223396758,0.07047216349541931,0.8456659619450317
4307500,Espumoso - RS,13494,11917,1260,76,14,0,70,156,0,0,88.31332444049207,9.337483325922632,0.5632132799762858,0.10374981473247369,1.1560693641618498
4307559,Estação - RS,5014,4179,719,10,0,0,43,63,0,0,83.34662943757479,14.339848424411647,0.1994415636218588,0.0,1.2564818508177105
4307609,Estância Velha - RS,41966,25583,11912,744,624,14,1210,1878,0,0,60.961254348758516,28.384883000524233,1.7728637468426822,1.4869179812228948,4.475051231949673
4307708,Esteio - RS,67103,38766,13662,2222,3201,35,2567,6537,28,86,57.770889528038985,20.359745465925517,3.311327362413007,4.77027852704052,9.741740309673188
4307807,Estrela - RS,28253,18521,7421,190,331,0,622,1167,0,0,65.55410044950979,26.266237213747214,0.6724949562878278,1.1715570027961633,4.130534810462605
4307815,Estrela Velha - RS,2710,2174,504,0,0,26,3,3,0,0,80.22140221402213,18.59778597785978,0.0,0.0,0.11070110701107011
4307831,Eugênio de Castro - RS,2374,1394,858,61,15,0,14,31,0,0,58.71946082561078,36.14153327716934,2.569502948609941,0.6318449873631002,1.3058129738837405
4307864,Fagundes Varela - RS,2345,2214,108,6,2,0,13,3,0,0,94.4136460554371,4.605543710021322,0.255863539445629,0.08528784648187633,0.1279317697228145
4307906,Farroupilha - RS,62475,48130,8952,703,661,0,1344,2652,0,33,77.03881552621048,14.328931572629052,1.125250100040016,1.0580232092837134,4.244897959183674
4308003,Faxinal do Soturno - RS,6009,4586,1146,39,8,0,87,142,0,0,76.3188550507572,19.07139291063405,0.6490264603095357,0.1331336328840073,2.36312198369113
4308052,Faxinalzinho - RS,2232,1728,473,0,0,0,4,28,0,0,77.41935483870968,21.191756272401435,0.0,0.0,1.2544802867383513
4308078,Fazenda Vilanova - RS,3725,2571,1005,0,7,0,60,82,0,0,69.02013422818791,26.97986577181208,0.0,0.18791946308724833,2.2013422818791946
4308102,Feliz - RS,12264,9296,2273,89,57,0,192,356,0,0,75.79908675799086,18.53392041748206,0.7257012393998695,0.46477495107632094,2.902804957599478
4308201,Flores da Cunha - RS,27459,22442,3451,190,223,0,512,641,0,0,81.72912342037219,12.567828398703522,0.691940711606395,0.8121198878327689,2.3343894533668377
4308250,Floriano Peixoto - RS,1536,1321,215,0,0,0,0,0,0,0,86.00260416666667,13.997395833333334,0.0,0.0,0.0
4308300,Fontoura Xavier - RS,8482,7460,672,125,6,0,156,61,0,0,87.95095496345202,7.922659750058949,1.4737090308889413,0.07073803348266919,0.7191700070738033
4308409,Formigueiro - RS,5731,4265,1202,82,42,0,30,102,4,4,74.41982202058978,20.973652067701973,1.4308148665154423,0.7328563950444948,1.779794102250916
4308433,Forquetinha - RS,2186,968,1200,0,0,0,18,0,0,0,44.281793229643185,54.89478499542543,0.0,0.0,0.0
4308458,Fortaleza dos Valos - RS,3938,2865,988,39,7,0,18,22,0,0,72.75266632808533,25.088877602844082,0.9903504316912138,0.17775520568816658,0.5586592178770949
4308508,Frederico Westphalen - RS,28419,23824,3532,100,248,0,322,373,0,20,83.83123966360533,12.428305007213483,0.35187726520989476,0.8726556177205391,1.3125021992329076
4308607,Garibaldi - RS,30626,25790,3344,235,168,0,473,604,0,11,84.20949520015672,10.918827140338275,0.7673218833670737,0.5485535166198655,1.972180500228564
4308656,Garruchos - RS,2435,1534,699,47,19,0,26,111,0,0,62.997946611909654,28.706365503080082,1.9301848049281314,0.7802874743326489,4.558521560574949
4308706,Gaurama - RS,5158,4603,475,15,10,0,31,24,0,0,89.24001550988756,9.208995734780922,0.2908103916246607,0.19387359441644048,0.46529662659945714
4308805,General Câmara - RS,6772,4834,1359,205,210,0,76,88,0,0,71.38216184288245,20.067926757235675,3.0271707028942707,3.1010041346721797,1.299468399291199
4308854,Gentil - RS,1508,1252,242,5,0,0,0,5,3,0,83.0238726790451,16.047745358090186,0.33156498673740054,0.0,0.33156498673740054
4308904,Getúlio Vargas - RS,14832,11442,2792,253,5,1,186,153,0,0,77.14401294498381,18.824163969795038,1.7057713052858683,0.0337108953613808,1.0315533980582525
4309001,Giruá - RS,14148,9137,4676,101,0,0,121,110,0,3,64.58156629912355,33.050607859768164,0.7138818207520498,0.0,0.7774950523042126
4309050,Glorinha - RS,6708,4573,1234,302,128,0,114,358,0,0,68.17233154442457,18.395945140131186,4.502087060226595,1.9081693500298151,5.33691115086464
4309100,Gramado - RS,35215,22302,6949,797,267,15,1606,3237,0,42,63.33096691750674,19.733068294760756,2.2632400965497657,0.758199630839131,9.192105636802498
4309126,Gramado dos Loureiros - RS,1798,1491,247,0,2,1,16,36,0,4,82.92547274749722,13.737486095661847,0.0,0.11123470522803114,2.0022246941045605
4309159,Gramado Xavier - RS,2902,2679,207,0,0,0,0,10,0,6,92.31564438318401,7.133011716057891,0.0,0.0,0.34458993797381116
4309209,Gravataí - RS,233260,131449,49547,5955,11070,87,9389,25709,43,10,56.35299665609192,21.241104347080512,2.552945211352139,4.7457772442767725,11.02160679070565
4309258,Guabiju - RS,1297,1218,69,10,0,0,0,0,0,0,93.90902081727063,5.319969159599075,0.7710100231303006,0.0,0.0
4309308,Guaíba - RS,81792,42929,18255,2847,5218,21,3060,9358,0,103,52.48557316118936,22.318808685446008,3.480780516431925,6.379597026604069,11.441216744913929
4309407,Guaporé - RS,22366,18440,2590,166,178,0,200,791,0,0,82.4465706876509,11.580076902441206,0.7421979790753823,0.7958508450326388,3.5366180810158276
4309506,Guarani das Missões - RS,6723,5665,890,11,0,0,28,129,0,0,84.26297783727503,13.238137736129705,0.1636174326937379,0.0,1.9187862561356537
4309555,Harmonia - RS,4784,4276,357,24,3,0,85,39,0,0,89.38127090301003,7.462374581939799,0.5016722408026756,0.06270903010033445,0.8152173913043478
4309571,Herveiras - RS,2237,1643,563,0,2,0,9,20,0,0,73.44658024139473,25.16763522574877,0.0,0.08940545373267769,0.894054537326777
4309605,Horizontina - RS,16614,9820,6021,95,29,0,116,534,0,0,59.10677741663657,36.24052004333694,0.5718069098350789,0.17455158300228724,3.214156735283496
4309654,Hulha Negra - RS,5159,2519,1977,72,49,0,77,463,0,3,48.827292110874204,38.32138011242489,1.3956193060670672,0.9497964721845319,8.97460748207017
4309704,Humaitá - RS,4219,3381,764,27,2,0,7,38,0,0,80.13747333491348,18.10855652998341,0.6399620763214032,0.04740459824602986,0.9006873666745674
4309753,Ibarama - RS,3367,3056,271,35,2,0,0,2,0,0,90.76329076329077,8.048708048708049,1.0395010395010396,0.0594000594000594,0.0594000594000594
4309803,Ibiaçá - RS,4076,2996,352,6,9,0,5,709,0,0,73.50343473994111,8.635917566241414,0.14720314033366044,0.22080471050049066,17.39450441609421
4309902,Ibiraiaras - RS,6021,5094,667,28,0,0,23,210,0,0,84.60388639760838,11.077894037535293,0.4650390300614516,0.0,3.4877927254608867
4309951,Ibirapuitã - RS,3297,2433,793,5,3,0,28,35,0,0,73.7943585077343,24.052168638155898,0.1516530178950561,0.09099181073703366,1.0615711252653928
4310009,Ibirubá - RS,19064,10701,6893,279,192,0,518,481,0,0,56.13197650020982,36.15715484683172,1.4634913973982375,1.0071338648762065,2.5230801510700798
4310108,Igrejinha - RS,28608,15580,9832,251,250,0,488,2168,0,39,54.460290827740494,34.368008948545864,0.8773769574944071,0.8738814317673378,7.578299776286354
4310207,Ijuí - RS,74531,41760,27307,675,275,0,1190,3305,0,20,56.03037662180837,36.63844574740712,0.9056634152231957,0.36897398397982045,4.434396425648388
4310306,Ilópolis - RS,3714,3350,327,0,4,0,3,31,0,0,90.19924609585352,8.804523424878838,0.0,0.10770059235325795,0.8346795907377491
4310330,Imbé - RS,23637,12443,3881,974,896,0,1063,4304,19,56,52.642044252654735,16.41917332994881,4.120658289969116,3.790667174345306,18.208740533908703
4310363,Imigrante - RS,2811,1587,1155,26,0,0,5,38,0,0,56.45677694770544,41.088580576307365,0.9249377445748844,0.0,1.351832088224831
4310405,Independência - RS,5686,4205,1401,2,0,0,10,65,0,2,73.95357017235315,24.639465353499823,0.035174111853675694,0.0,1.14315863524446
4310413,Inhacorá - RS,1764,1093,645,0,0,0,12,14,0,0,61.961451247165535,36.564625850340136,0.0,0.0,0.7936507936507936
4310439,Ipê - RS,4843,4313,379,21,9,0,58,63,0,0,89.05637001858352,7.825727854635557,0.43361552756555855,0.18583522609952507,1.3008465826966755
4310462,Ipiranga do Sul - RS,1562,1455,83,4,2,0,3,12,0,2,93.14980793854033,5.313700384122919,0.2560819462227913,0.12804097311139565,0.7682458386683739
4310504,Iraí - RS,6533,4924,1288,52,4,0,88,118,0,58,75.37119240777591,19.715291596510028,0.795958977498852,0.06122761365375785,1.8062146027858563
4310538,Itaara - RS,4945,3241,1001,182,123,0,179,219,0,0,65.54095045500506,20.24266936299292,3.680485338725986,2.487360970677452,4.4287158746208295
4310553,Itacurubi - RS,2685,1320,1138,58,0,0,25,144,0,0,49.16201117318436,42.38361266294227,2.160148975791434,0.0,5.363128491620111
4310579,Itapuca - RS,1731,1664,63,0,0,0,2,1,0,0,96.12940496822645,3.6395147313691507,0.0,0.0,0.057770075101097634
4310603,Itaqui - RS,30937,15308,9502,1220,666,0,954,3288,0,0,49.48120373662605,30.714031741927144,3.943498076736594,2.152762064841452,10.628050554352393
4310652,Itati - RS,2323,1469,760,6,15,0,49,24,0,0,63.237193284545846,32.71631510977185,0.2582866982350409,0.6457167455876023,1.0331467929401636
4310702,Itatiba do Sul - RS,2910,2550,305,0,4,0,17,34,0,0,87.62886597938144,10.481099656357388,0.0,0.13745704467353953,1.168384879725086
4310751,Ivorá - RS,1787,1636,130,0,2,0,7,12,0,0,91.55008393956352,7.274762171236709,0.0,0.1119194180190263,0.6715165081141579
4310801,Ivoti - RS,20400,13310,5388,240,82,0,473,883,12,12,65.24509803921569,26.41176470588235,1.1764705882352942,0.4019607843137255,4.328431372549019
4310850,Jaboticaba - RS,3387,2382,933,10,6,0,41,15,0,0,70.32772364924712,27.546501328609388,0.29524653085326247,0.1771479185119575,0.4428697962798937
4310876,Jacuizinho - RS,1828,1420,365,10,0,0,14,19,0,0,77.68052516411379,19.967177242888404,0.5470459518599562,0.0,1.039387308533917
4310900,Jacutinga - RS,3009,2754,231,13,0,0,7,4,0,0,91.52542372881356,7.676969092721834,0.43203722166832836,0.0,0.13293452974410103
4311007,Jaguarão - RS,23680,12002,1981,2034,1448,0,775,5409,30,0,50.68412162162162,8.36570945945946,8.589527027027026,6.114864864864865,22.84206081081081
4311106,Jaguari - RS,9653,8256,865,143,50,0,94,245,0,0,85.5278151869885,8.960944784004973,1.4814047446389724,0.5179736869367036,2.5380710659898478
4311122,Jaquirana - RS,3212,2453,656,13,3,0,22,65,0,0,76.36986301369863,20.423412204234122,0.40473225404732255,0.09339975093399751,2.023661270236613
4311130,Jari - RS,2984,2365,497,42,13,0,17,51,0,0,79.25603217158177,16.655495978552278,1.4075067024128687,0.435656836461126,1.7091152815013404
4311155,Jóia - RS,6428,4287,1761,173,26,0,46,128,0,7,66.69259489732421,27.39576851275669,2.691350342252645,0.4044803982576229,1.9912881144990666
4311205,Júlio de Castilhos - RS,16101,12862,2104,217,220,0,213,464,9,11,79.88323706602074,13.067511334699708,1.3477423762499223,1.3663747593317186,2.8818085833178064
4311239,Lagoa Bonita do Sul - RS,2039,1817,210,2,2,0,0,8,0,0,89.11230995586071,10.299166257969594,0.0980872976949485,0.0980872976949485,0.392349190779794
4311254,Lagoão - RS,4700,4258,348,9,2,0,54,28,0,0,90.59574468085107,7.404255319148936,0.19148936170212766,0.0425531914893617,0.5957446808510638
4311270,Lagoa dos Três Cantos - RS,1539,849,654,0,0,0,17,19,0,0,55.16569200779727,42.49512670565302,0.0,0.0,1.2345679012345678
4311304,Lagoa Vermelha - RS,24153,18236,4756,265,224,0,383,271,0,17,75.50200803212851,19.69113567672753,1.0971721939303607,0.9274210243033991,1.122013828509916
4311403,Lajeado - RS,81811,54003,20202,1365,777,0,1303,3927,234,0,66.00946083045068,24.693500873965604,1.6684797887814597,0.9497500336140616,4.8000880077251225
4311429,Lajeado do Bugre - RS,2250,682,1196,2,0,0,8,356,0,5,30.31111111111111,53.15555555555556,0.08888888888888889,0.0,15.822222222222223
4311502,Lavras do Sul - RS,6388,4340,1101,348,77,0,97,398,27,0,67.93988728866626,17.235441452723858,5.447714464621165,1.205385097056982,6.230432060112712
4311601,Liberato Salzano - RS,4223,3761,450,0,2,0,5,5,0,0,89.0599100165759,10.655931802036466,0.0,0.047359696897939854,0.11839924224484963
4311627,Lindolfo Collor - RS,5384,2813,2252,11,8,0,120,180,0,0,52.24739970282318,41.82763744427935,0.20430906389301634,0.1485884101040119,3.3432392273402676
4311643,Linha Nova - RS,1545,396,914,0,2,0,199,34,0,0,25.631067961165048,59.15857605177994,0.0,0.12944983818770225,2.2006472491909386
4311700,Machadinho - RS,5069,4379,606,8,0,0,28,48,0,0,86.38784770171631,11.955020714144801,0.1578220556322746,0.0,0.9469323337936476
4311718,Maçambará - RS,3868,2251,1360,101,8,0,16,133,0,0,58.195449844881075,35.16028955532575,2.611168562564633,0.20682523267838676,3.43846949327818
4311734,Mampituba - RS,2742,2276,303,3,14,0,9,137,0,0,83.00510576221735,11.050328227571116,0.10940919037199125,0.5105762217359592,4.996353026987601
4311759,Manoel Viana - RS,6039,3967,1192,196,60,0,170,449,3,3,65.6896837224706,19.738367279350886,3.2455704586852128,0.9935419771485345,7.435005795661533
4311775,Maquiné - RS,6575,4946,924,60,47,64,184,351,0,0,75.22433460076046,14.053231939163497,0.9125475285171103,0.714828897338403,5.338403041825095
4311791,Maratá - RS,2227,1666,524,6,0,0,14,17,0,0,74.80916030534351,23.529411764705884,0.2694207453973956,0.0,0.7633587786259542
4311809,Marau - RS,39329,30709,5800,129,204,0,1416,975,0,95,78.0823311042742,14.74738742403824,0.32800223753464364,0.518701212845483,2.479086679040911
4311908,Marcelino Ramos - RS,3921,3024,838,12,3,0,4,39,0,0,77.12318286151492,21.37209895434838,0.306044376434583,0.07651109410864575,0.9946442234123948
4311981,Mariana Pimentel - RS,3518,2622,633,18,40,0,109,95,0,0,74.53098351335986,17.993177942012508,0.511654349061967,1.137009664582149,2.7003979533826037
4312005,Mariano Moro - RS,1696,1593,81,0,0,0,3,18,0,0,93.92688679245283,4.775943396226415,0.0,0.0,1.0613207547169812
4312054,Marques de Souza - RS,3581,1465,2022,13,0,0,51,31,0,0,40.91036023457135,56.464674671879365,0.36302708740575257,0.0,0.8656799776598716
4312104,Mata - RS,4251,3229,776,39,12,0,12,184,0,0,75.9585979769466,18.254528346271467,0.9174311926605505,0.2822865208186309,4.328393319219007
4312138,Mato Castelhano - RS,2214,1855,305,2,6,0,8,37,0,0,83.78500451671184,13.775971093044264,0.09033423667570009,0.27100271002710025,1.6711833785004517
4312153,Mato Leitão - RS,4320,3317,870,0,84,0,40,10,0,0,76.7824074074074,20.13888888888889,0.0,1.9444444444444444,0.23148148148148148
4312179,Mato Queimado - RS,1611,1449,129,0,0,0,0,33,0,0,89.94413407821229,8.007448789571695,0.0,0.0,2.0484171322160147
4312203,Maximiliano de Almeida - RS,3758,3275,437,0,0,0,12,33,0,0,87.14741883980841,11.628525811601916,0.0,0.0,0.8781266631186802
4312252,Minas do Leão - RS,6569,3770,1830,146,65,0,244,514,0,0,57.390774851575586,27.858121479677273,2.222560511493378,0.9894961181306134,7.824630841832851
4312302,Miraguaí - RS,3881,2073,1688,11,4,0,9,97,0,0,53.41406853903633,43.493944859572274,0.28343210512754446,0.1030662200463798,2.49935583612471
4312351,Montauri - RS,1366,1343,18,0,0,0,0,5,0,0,98.31625183016105,1.3177159590043923,0.0,0.0,0.36603221083455345
4312377,Monte Alegre dos Campos - RS,2785,2371,382,7,5,0,0,20,0,0,85.13464991023339,13.716337522441652,0.2513464991023339,0.17953321364452424,0.718132854578097
4312385,Monte Belo do Sul - RS,2340,2219,90,13,0,0,8,9,0,0,94.82905982905983,3.8461538461538463,0.5555555555555556,0.0,0.38461538461538464
4312401,Montenegro - RS,56508,37309,12501,1125,1126,0,1674,2761,10,3,66.02427974800028,22.122531322998512,1.9908685495858993,1.9926382105188647,4.886033835917038
4312427,Mormaço - RS,2455,2100,347,0,4,0,0,4,0,0,85.5397148676171,14.134419551934826,0.0,0.1629327902240326,0.1629327902240326
4312443,Morrinhos do Sul - RS,2742,2500,193,0,12,0,15,22,0,0,91.17432530999271,7.038657913931437,0.0,0.437636761487965,0.8023340627279358
4312450,Morro Redondo - RS,5443,1735,2600,129,88,0,116,773,0,2,31.87580378467757,47.767775124012495,2.3700165349990816,1.6167554657358074,14.201726988792945
4312476,Morro Reuter - RS,5428,4358,779,19,7,0,130,136,0,0,80.28739867354459,14.351510685335299,0.35003684598378776,0.12896094325718496,2.5055268975681653
4312500,Mostardas - RS,10529,7085,2510,58,137,0,240,474,0,25,67.29034096305442,23.838921075125842,0.550859530819641,1.3011682021084623,4.501852027732928
4312609,Muçum - RS,4104,3386,605,19,22,0,23,49,0,0,82.50487329434698,14.741715399610136,0.46296296296296297,0.5360623781676414,1.1939571150097466
4312617,Muitos Capões - RS,2489,1857,224,19,5,0,361,23,0,0,74.60827641623142,8.999598232221777,0.7633587786259542,0.2008838891120932,0.9240658899156288
4312625,Muliterno - RS,1520,1234,217,17,0,0,1,51,0,0,81.1842105263158,14.276315789473685,1.118421052631579,0.0,3.3552631578947367
4312658,Não-Me-Toque - RS,15658,11135,4164,40,40,25,62,193,0,0,71.11380763826797,26.593434665985438,0.2554604674926555,0.2554604674926555,1.232596755652063
4312674,Nicolau Vergueiro - RS,1718,1448,252,0,0,0,10,8,0,0,84.28405122235156,14.668218859138532,0.0,0.0,0.46565774155995343
4312708,Nonoai - RS,11769,7702,3666,59,24,3,167,122,25,0,65.44311326365876,31.149630384909507,0.5013170192879599,0.20392556716798368,1.036621633103917
4312757,Nova Alvorada - RS,2798,2703,88,0,5,0,0,2,0,0,96.60471765546819,3.1451036454610435,0.0,0.17869907076483202,0.07147962830593281
4312807,Nova Araçá - RS,4365,3536,328,6,40,0,93,363,0,0,81.00801832760595,7.514318442153494,0.13745704467353953,0.9163802978235968,8.316151202749142
4312906,Nova Bassano - RS,8644,7848,626,0,31,0,26,108,0,5,90.7913003239241,7.242017584451642,0.0,0.35863026376677465,1.2494215640906987
4312955,Nova Boa Vista - RS,1839,1556,270,1,0,0,2,10,0,0,84.61120174007613,14.681892332789559,0.054377379010331704,0.0,0.5437737901033171
4313003,Nova Bréscia - RS,2769,2565,173,0,0,0,8,23,0,0,92.63271939328277,6.247742867461177,0.0,0.0,0.8306247742867461
4313011,Nova Candelária - RS,2713,2342,360,0,0,0,4,7,0,0,86.32510136380391,13.269443420567637,0.0,0.0,0.2580169553999263
4313037,Nova Esperança do Sul - RS,4360,3517,668,11,25,0,37,103,0,0,80.6651376146789,15.321100917431192,0.25229357798165136,0.573394495412844,2.3623853211009176
4313060,Nova Hartz - RS,17056,9335,6496,42,94,0,330,759,0,0,54.73147279549718,38.08630393996248,0.24624765478424016,0.551125703564728,4.450046904315197
4313086,Nova Pádua - RS,2138,2011,79,8,6,0,30,4,0,0,94.0598690364827,3.695042095416277,0.37418147801683815,0.2806361085126286,0.18709073900841908
4313102,Nova Palma - RS,5053,4570,381,4,0,0,49,50,0,0,90.44132198693845,7.540075202849792,0.07916089451810805,0.0,0.9895111814763506
4313201,Nova Petrópolis - RS,20644,10885,7857,249,79,0,517,1058,0,0,52.72718465413679,38.059484596008524,1.2061615965898083,0.3826777756248789,5.1249757798876185
4313300,Nova Prata - RS,22695,18211,3461,238,92,0,256,437,0,0,80.2423441286627,15.25005507821106,1.048689138576779,0.40537563339942717,1.9255342586472792
4313334,Nova Ramada - RS,1943,1144,775,3,0,0,3,19,0,0,58.878023674729796,39.88677303139475,0.15440041173443128,0.0,0.9778692743180648
4313359,Nova Roma do Sul - RS,3161,2987,154,0,0,0,6,14,0,0,94.4954128440367,4.871875988611199,0.0,0.0,0.44289781714647264
4313375,Nova Santa Rita - RS,24806,12240,6585,474,1091,0,2285,2132,0,0,49.342900911069904,26.545996936225105,1.910828025477707,4.398129484802064,8.59469483189551
4313391,Novo Cabrais - RS,3207,1997,1173,6,0,0,8,23,0,0,62.27003429996882,36.57623947614593,0.18709073900841908,0.0,0.7171811661989398
4313409,Novo Hamburgo - RS,201730,111127,65683,3666,2019,115,5620,13350,11,140,55.08699747186834,32.559857234917956,1.8172805234719676,1.0008427105537103,6.617756407078769
4313425,Novo Machado - RS,2922,958,1931,0,0,0,5,28,0,0,32.785763175906915,66.0848733744011,0.0,0.0,0.9582477754962354
4313441,Novo Tiradentes - RS,1906,1555,308,7,0,0,14,22,0,0,81.58447009443861,16.1594963273872,0.3672612801678909,0.0,1.154249737670514
4313466,Novo Xingu - RS,1465,659,789,0,0,0,8,9,0,0,44.98293515358362,53.85665529010239,0.0,0.0,0.6143344709897611
4313490,Novo Barreiro - RS,3755,2374,1313,0,0,0,34,34,0,0,63.22237017310253,34.96671105193076,0.0,0.0,0.9054593874833555
4313508,Osório - RS,41598,22982,6880,1209,909,62,3779,5592,0,185,55.24784845425261,16.539256695033416,2.906389730275494,2.1852012115967114,13.442953988172508
4313607,Paim Filho - RS,3324,2913,380,4,4,0,2,22,0,0,87.63537906137184,11.432009626955475,0.12033694344163658,0.12033694344163658,0.6618531889290012
4313656,Palmares do Sul - RS,11405,7373,2085,132,596,15,498,707,0,0,64.64708461201228,18.281455501972818,1.1573871109162648,5.225778167470407,6.199035510740903
4313706,Palmeira das Missões - RS,28895,17379,9363,307,97,0,458,1240,0,52,60.145353867451114,32.40353002249524,1.062467554940301,0.3356982176847205,4.291399896175809
4313805,Palmitinho - RS,6864,5484,1137,19,0,0,184,37,0,3,79.8951048951049,16.564685314685313,0.2768065268065268,0.0,0.539044289044289
4313904,Panambi - RS,37747,14939,20540,181,20,0,837,1198,17,14,39.57665509841842,54.41492039102445,0.4795083052957851,0.05298434312660609,3.173762153283705
4313953,Pantano Grande - RS,8935,6228,1426,149,318,0,118,696,0,0,69.70341354224958,15.959709009513151,1.6675993284834918,3.5590374930050364,7.78959149412423
4314001,Paraí - RS,6422,5779,543,25,23,0,24,27,0,0,89.98754282155092,8.45530987231392,0.3892868265337901,0.3581438804110869,0.4204297726564933
4314027,Paraíso do Sul - RS,5877,2476,3253,4,5,0,104,36,0,0,42.1303386081334,55.35136974646929,0.0680619363620895,0.08507742045261188,0.6125574272588055
4314035,Pareci Novo - RS,3791,3090,545,23,12,0,31,90,0,0,81.50883671854392,14.376154049063572,0.606700079134793,0.3165391717225007,2.374043787918755
4314050,Parobé - RS,45059,27421,13487,274,321,0,1115,2400,24,16,60.85576688341952,29.931867107570074,0.608091613218225,0.7123992986972636,5.326349896801971
4314068,Passa Sete - RS,3561,3233,184,7,8,0,125,5,0,0,90.78910418421792,5.167087896658242,0.19657399606852008,0.2246559955068801,0.14040999719180006
4314076,Passo do Sobrado - RS,5367,4675,559,20,41,0,19,52,0,0,87.10639090739706,10.415502142724055,0.3726476616359232,0.7639277063536426,0.9688839202534004
4314100,Passo Fundo - RS,180125,125378,34634,3547,3574,11,5452,7406,37,87,69.60610687022901,19.227758501040945,1.9691880638445525,1.984177654406662,4.111589174184594
4314134,Paulo Bento - RS,1949,1475,437,11,0,0,11,16,0,0,75.67983581323756,22.421754746023602,0.564391995895331,0.0,0.8209338122113905
4314159,Paverama - RS,7039,4768,1981,49,5,0,154,82,0,0,67.7368944452337,28.143202159397642,0.6961216081829805,0.07103281716152862,1.1649382014490695
4314175,Pedras Altas - RS,1824,1059,360,25,30,0,19,328,3,0,58.05921052631579,19.736842105263158,1.3706140350877194,1.644736842105263,17.982456140350877
4314209,Pedro Osório - RS,6648,1991,1691,400,379,0,111,2030,3,43,29.948856799037305,25.436221419975933,6.016847172081829,5.700962695547533,30.535499398315284
4314308,Pejuçara - RS,3328,2511,689,0,0,0,63,64,0,0,75.45072115384616,20.703125,0.0,0.0,1.9230769230769231
4314407,Pelotas - RS,288622,97024,65605,22938,20207,31,13055,68643,934,184,33.616287046725475,22.730422490316055,7.947419115659929,7.00119879981429,23.78301030413482
4314423,Picada Café - RS,4801,3069,1558,26,5,3,56,81,3,0,63.92418246198709,32.45157258904395,0.5415538429493856,0.10414496979795876,1.687148510726932
4314456,Pinhal - RS,2574,2132,425,6,0,0,0,7,0,4,82.82828282828282,16.511266511266513,0.2331002331002331,0.0,0.27195027195027194
4314464,Pinhal da Serra - RS,1999,1395,531,12,2,0,30,30,0,0,69.78489244622311,26.56328164082041,0.6003001500750376,0.10005002501250625,1.5007503751875937
4314472,Pinhal Grande - RS,3449,3124,300,0,0,0,3,22,0,0,90.57697883444477,8.698173383589447,0.0,0.0,0.6378660481298927
4314498,Pinheirinho do Vale - RS,3950,3146,647,0,0,0,77,80,0,0,79.64556962025317,16.379746835443036,0.0,0.0,2.0253164556962027
4314506,Pinheiro Machado - RS,10104,5545,1925,231,502,6,194,1652,50,0,54.87925574030087,19.05186064924782,2.286223277909739,4.968329374505147,16.349960411718133
4314548,Pinto Bandeira - RS,2452,2208,176,13,0,2,38,14,0,0,90.0489396411093,7.177814029363785,0.5301794453507341,0.0,0.5709624796084829
4314555,Pirapó - RS,2078,1726,310,14,2,0,6,20,0,0,83.06063522617902,14.918190567853706,0.6737247353224254,0.09624639076034648,0.9624639076034649
4314605,Piratini - RS,15743,8268,3002,607,1064,0,298,2504,0,0,52.51857968620974,19.068792479197104,3.855681890363971,6.758559359715429,15.905481801435558
4314704,Planalto - RS,9096,7695,1093,0,12,3,57,235,0,1,84.5976253298153,12.01627088830255,0.0,0.13192612137203166,2.583553210202287
4314753,Poço das Antas - RS,1944,1528,386,2,0,0,25,4,0,0,78.60082304526749,19.855967078189302,0.102880658436214,0.0,0.205761316872428
4314779,Pontão - RS,2912,2360,510,0,12,0,12,18,0,0,81.04395604395604,17.513736263736263,0.0,0.41208791208791207,0.6181318681318682
4314787,Ponte Preta - RS,1422,1319,89,0,0,0,10,4,0,0,92.75668073136427,6.258790436005626,0.0,0.0,0.2812939521800281
4314803,Portão - RS,29678,18823,7386,613,352,55,621,1816,0,13,63.424085180942114,24.88712177370443,2.065503066244356,1.1860637509266123,6.11901071500775
4314902,Porto Alegre - RS,1191682,648995,157867,65330,75744,844,56693,185353,606,249,54.46041813168278,13.247409963396276,5.482167222463711,6.356058075896087,15.553897768028719
4315008,Porto Lucena - RS,3985,3063,864,5,10,5,14,23,0,0,76.86323713927227,21.681304893350063,0.12547051442910917,0.25094102885821834,0.5771643663739021
4315057,Porto Mauá - RS,1950,1572,341,7,0,0,13,17,0,0,80.61538461538461,17.487179487179485,0.358974358974359,0.0,0.8717948717948718
4315073,Porto Vera Cruz - RS,1408,1202,167,2,0,0,21,11,0,4,85.36931818181819,11.860795454545455,0.14204545454545456,0.0,0.78125
4315107,Porto Xavier - RS,8791,5747,2704,51,34,0,12,243,0,0,65.3736776248436,30.758730519849845,0.5801387782959845,0.38675918553065636,2.7641906495279263
4315131,Pouso Novo - RS,1557,1476,73,6,0,0,0,3,0,0,94.79768786127168,4.688503532434169,0.3853564547206166,0.0,0.1926782273603083
4315149,Presidente Lucena - RS,2696,2037,557,7,33,0,43,19,0,0,75.55637982195846,20.660237388724035,0.2596439169139466,1.2240356083086052,0.7047477744807121
4315156,Progresso - RS,4855,4677,136,11,7,0,14,10,0,0,96.33367662203914,2.801235839340886,0.22657054582904224,0.14418125643666324,0.2059732234809475
4315172,Protásio Alves - RS,1822,1676,133,2,0,0,7,5,0,0,91.98682766190998,7.29967069154775,0.10976948408342481,0.0,0.27442371020856204
4315206,Putinga - RS,3397,3237,150,3,0,0,0,7,0,0,95.28996173093907,4.415660877244628,0.08831321754489255,0.0,0.20606417427141596
4315305,Quaraí - RS,20264,9920,6581,585,472,0,801,1884,21,0,48.95380971180418,32.47631267272009,2.8868930122384526,2.329253849190683,9.29727595736281
4315313,Quatro Irmãos - RS,1371,904,445,0,0,0,10,12,0,0,65.93727206418673,32.458059810357405,0.0,0.0,0.87527352297593
4315321,Quevedos - RS,2263,1673,524,3,7,0,30,26,0,0,73.92841361025188,23.155103844454263,0.13256738842244808,0.3093239063190455,1.1489173663278833
4315354,Quinze de Novembro - RS,3491,1006,2390,14,40,5,15,22,0,0,28.816957891721568,68.46175880836437,0.4010312231452306,1.1458034947006588,0.6301919220853623
4315404,Redentora - RS,7964,3539,3685,4,0,64,123,546,0,4,44.43746860873933,46.270718232044196,0.050226017076845805,0.0,6.855851330989452
4315453,Relvado - RS,1657,1589,56,2,2,0,0,7,0,0,95.89619794809897,3.379601689800845,0.12070006035003017,0.12070006035003017,0.4224502112251056
4315503,Restinga Sêca - RS,13310,9399,2972,176,268,0,120,374,0,0,70.61607813673929,22.329075882794893,1.322314049586777,2.0135236664162286,2.809917355371901
4315552,Rio dos Índios - RS,2539,2196,322,0,0,0,9,12,0,0,86.49074438755416,12.682158330051202,0.0,0.0,0.4726270185112249
4315602,Rio Grande - RS,168424,59022,28967,13116,15628,30,8360,43155,53,92,35.04369923526338,17.198855270032773,7.787488718947419,9.278962618154182,25.622832850425116
4315701,Rio Pardo - RS,30697,23876,3946,393,1082,0,492,897,0,11,77.77958758184839,12.854676352738053,1.2802553995504447,3.524774407922598,2.92210965240903
4315750,Riozinho - RS,3965,3350,532,6,10,13,17,33,0,3,84.48928121059268,13.417402269861286,0.15132408575031525,0.25220680958385877,0.832282471626734
4315800,Roca Sales - RS,9242,6836,2166,4,19,0,72,144,0,0,73.96667388011252,23.436485609175502,0.04328067517853278,0.20558320709803074,1.5581043064271802
4315909,Rodeio Bonito - RS,5776,4654,1046,7,2,0,28,39,0,0,80.57479224376732,18.109418282548475,0.12119113573407202,0.03462603878116344,0.675207756232687
4315958,Rolador - RS,2083,1473,535,9,7,0,12,48,0,0,70.71531445031205,25.684109457513202,0.4320691310609698,0.3360537686029765,2.304368698991839
4316006,Rolante - RS,18989,12858,5570,77,20,0,192,272,0,0,67.71288640792038,29.332771604613196,0.4054979198483332,0.1053241350255411,1.432408236347359
4316105,Ronda Alta - RS,8651,6984,1502,10,0,19,47,88,0,0,80.7305513813432,17.36215466420067,0.11559357299734135,0.0,1.0172234423766038
4316204,Rondinha - RS,4539,4361,160,9,0,0,6,3,0,0,96.07843137254902,3.5250055078211058,0.1982815598149372,0.0,0.06609385327164574
4316303,Roque Gonzales - RS,5901,3910,1786,84,10,0,51,59,0,0,66.25995593967124,30.266056600576174,1.4234875444839858,0.1694628029147602,0.9998305371970853
4316402,Rosário do Sul - RS,32417,17460,7488,1659,1701,0,862,3170,0,77,53.86062868248141,23.098991270012647,5.117685165191103,5.247246814942777,9.778819755066786
4316428,Sagrada Família - RS,2209,1110,1014,0,0,0,7,77,0,0,50.24898143956541,45.90312358533273,0.0,0.0,3.485740153915799
4316436,Saldanha Marinho - RS,2295,1941,322,0,0,0,12,20,0,0,84.57516339869281,14.030501089324618,0.0,0.0,0.8714596949891068
4316451,Salto do Jacuí - RS,8994,6525,1985,64,45,138,137,100,0,0,72.54836557705137,22.070269068267734,0.711585501445408,0.5003335557038026,1.1118523460084502
4316477,Salvador das Missões - RS,2588,2433,140,0,1,0,5,8,0,0,94.01081916537868,5.409582689335394,0.0,0.03863987635239567,0.3091190108191654
4316501,Salvador do Sul - RS,6121,4932,991,28,33,0,21,116,0,0,80.57506943309917,16.19016500571802,0.4574415945107009,0.5391275935304689,1.8951151772586179
4316600,Sananduva - RS,14728,13112,1374,52,29,0,84,74,0,2,89.02770233568712,9.329168929929386,0.35306898424769145,0.19690385659967408,0.5024443237370994
4316709,Santa Bárbara do Sul - RS,7184,4415,2338,137,18,0,116,160,0,0,61.45601336302895,32.5445434298441,1.9070155902004455,0.2505567928730512,2.2271714922048997
4316733,Santa Cecília do Sul - RS,1469,1188,230,5,9,0,5,32,0,0,80.8713410483322,15.656909462219197,0.34036759700476515,0.6126616746085772,2.178352620830497
4316758,Santa Clara do Sul - RS,6094,4766,1090,23,13,0,31,172,0,0,78.20807351493272,17.886445684279618,0.3774204135214966,0.2133245815556285,2.822448309812931
4316808,Santa Cruz do Sul - RS,118187,80766,25350,3508,1749,0,2180,4565,17,52,68.33746520344877,21.4490595412355,2.9681775491382303,1.4798581908331712,3.8625229509167673
4316907,Santa Maria - RS,241467,136416,43657,13982,10249,56,8870,28085,116,36,56.49467629117022,18.07990325800213,5.790439273275437,4.244472329552278,11.63098891359896
4316956,Santa Maria do Herval - RS,5743,4775,804,6,3,0,101,55,0,0,83.14469789308724,13.999651749956469,0.10447501305937663,0.05223750652968832,0.9576876197109525
4316972,Santa Margarida do Sul - RS,2302,1600,541,63,7,3,6,82,0,0,69.50477845351868,23.501303214596003,2.736750651607298,0.3040834057341442,3.5621198957428324
4317004,Santana da Boa Vista - RS,6332,4955,1111,53,11,0,24,177,0,0,78.25331648768162,17.545799115603284,0.8370183196462413,0.1737207833228048,2.795325331648768
4317103,Sant'Ana do Livramento - RS,73616,29493,19591,4587,3184,91,2857,13748,43,22,40.063301456205174,26.61242121277983,6.230982395131493,4.325146707237557,18.675287980873723
4317202,Santa Rosa - RS,67456,40723,22320,757,118,0,1108,2333,88,9,60.3697224857685,33.088235294117645,1.1222129981024669,0.17492884250474383,3.4585507590132827
4317251,Santa Tereza - RS,1398,1300,77,0,0,0,2,19,0,0,92.98998569384835,5.5078683834048645,0.0,0.0,1.3590844062947067
4317301,Santa Vitória do Palmar - RS,27265,13267,3667,714,1857,26,1007,6661,10,56,48.65945351182835,13.449477351916377,2.6187419768934532,6.810929763432973,24.430588666788925
4317400,Santiago - RS,43788,26705,10461,1394,546,0,915,3573,92,102,60.98702840960994,23.890106878596875,3.183520599250936,1.246916963551658,8.15976979994519
4317509,Santo Ângelo - RS,67050,38243,20815,2349,355,148,2307,2790,0,44,57.0365398956003,31.04399701715138,3.5033557046979866,0.5294556301267711,4.1610738255033555
4317558,Santo Antônio do Palma - RS,1855,1760,63,0,4,0,4,23,0,0,94.87870619946092,3.3962264150943398,0.0,0.215633423180593,1.2398921832884098
4317608,Santo Antônio da Patrulha - RS,37991,28309,6613,486,373,0,725,1484,0,0,74.51501671448501,17.4067542312653,1.2792503487668132,0.9818114816667105,3.9061883077571005
4317707,Santo Antônio das Missões - RS,9139,5641,2461,152,24,0,195,667,0,0,61.7244775139512,26.92854798117956,1.6632016632016633,0.2626107889265784,7.298391508917825
4317756,Santo Antônio do Planalto - RS,1854,1294,545,6,0,2,2,5,0,0,69.7950377562028,29.395900755124057,0.32362459546925565,0.0,0.2696871628910464
4317806,Santo Augusto - RS,12274,7886,3847,91,13,0,130,308,0,0,64.24963337135408,31.342675574384877,0.7414045950790289,0.10591494215414697,2.509369398729021
4317905,Santo Cristo - RS,13731,12201,1075,42,0,0,247,166,0,0,88.8573301289054,7.829000072827908,0.305877212147695,0.0,1.2089432670599374
4317954,Santo Expedito do Sul - RS,2110,1839,263,0,0,0,6,2,0,0,87.1563981042654,12.464454976303317,0.0,0.0,0.0947867298578199
4318002,São Borja - RS,52686,29570,12208,1748,721,0,3326,5088,0,25,56.124966784344984,23.171240936871275,3.317769426413089,1.3684849865239344,9.657214440268762
4318051,São Domingos do Sul - RS,2513,2307,155,2,0,0,8,34,0,7,91.80262634301631,6.167926780740151,0.07958615200955034,0.0,1.3529645841623557
4318101,São Francisco de Assis - RS,15838,11867,2172,152,86,4,248,1271,0,38,74.92738982194722,13.713852759186766,0.9597171360020205,0.5429978532643011,8.025003156964264
4318200,São Francisco de Paula - RS,19098,14155,3427,203,202,10,292,809,0,0,74.11770866059273,17.94428735993298,1.0629385275945125,1.0577023772122736,4.236045659231333
4318309,São Gabriel - RS,51222,28469,12911,2143,1896,8,1195,4567,0,34,55.579633751122564,25.20596618640428,4.183749170278396,3.701534496895865,8.916090742259186
4318408,São Jerônimo - RS,18593,11663,3906,423,509,0,487,1594,11,0,62.727908352605816,21.00790620125854,2.2750497499058784,2.7375894153713762,8.57311891572097
4318424,São João da Urtiga - RS,4045,3877,153,3,0,0,4,9,0,0,95.84672435105068,3.7824474660074165,0.07416563658838071,0.0,0.22249690976514216
4318432,São João do Polêsine - RS,2390,2085,242,12,10,0,6,35,0,0,87.23849372384937,10.125523012552302,0.502092050209205,0.41841004184100417,1.4644351464435146
4318440,São Jorge - RS,2640,2452,153,14,0,0,16,4,0,0,92.87878787878788,5.795454545454546,0.5303030303030303,0.0,0.15151515151515152
4318457,São José das Missões - RS,2108,1322,767,0,0,0,8,9,0,2,62.7134724857685,36.385199240986715,0.0,0.0,0.4269449715370019
4318465,São José do Herval - RS,1691,1493,185,2,0,0,11,0,0,0,88.2909520993495,10.940272028385571,0.11827321111768184,0.0,0.0
4318481,São José do Hortêncio - RS,4012,3151,800,4,6,0,33,18,0,0,78.53938185443668,19.940179461615156,0.09970089730807577,0.14955134596211367,0.44865403788634095
4318499,São José do Inhacorá - RS,2165,1718,414,10,0,0,0,23,0,0,79.35334872979215,19.12240184757506,0.4618937644341801,0.0,1.0623556581986142
4318507,São José do Norte - RS,22669,11118,5527,382,538,0,490,4612,0,0,49.044951255017864,24.381313688296792,1.6851206493449205,2.3732851030041027,20.344964488949667
4318606,São José do Ouro - RS,6155,5537,515,23,9,0,30,41,0,0,89.95938261575955,8.367181153533712,0.3736799350121852,0.1462225832656377,0.6661251015434606
4318614,São José do Sul - RS,2126,1893,194,9,0,0,13,15,0,2,89.04045155221073,9.125117591721542,0.4233301975540922,0.0,0.7055503292568204
4318622,São José dos Ausentes - RS,3479,2777,565,7,15,3,42,69,0,0,79.82178787007761,16.240298936475998,0.2012072434607646,0.43115837884449554,1.9833285426846794
4318705,São Leopoldo - RS,189764,108285,48459,4830,5182,10,6855,15992,143,9,57.06298349528888,25.53645580826711,2.5452667523871755,2.730760312809595,8.427309711009464
4318804,São Lourenço do Sul - RS,37788,14537,18491,666,563,0,712,2807,0,12,38.46988461945591,48.93352387001164,1.7624642743728167,1.4898909706785224,7.428284111358103
4318903,São Luiz Gonzaga - RS,30273,19024,8027,521,310,0,888,1494,0,9,62.84147590261949,26.5153767383477,1.7210055164668185,1.0240147986654775,4.9350906748587855
4319000,São Marcos - RS,18992,15776,2334,270,207,0,195,198,0,11,83.06655433866891,12.2893850042123,1.4216512215669757,1.0899326032013479,1.0425442291491154
4319109,São Martinho - RS,4902,4250,575,26,3,0,24,24,0,0,86.69930640554875,11.729906160750714,0.5303957568339454,0.06119951040391677,0.48959608323133413
4319125,São Martinho da Serra - RS,2573,2075,322,21,47,0,26,81,0,0,80.64516129032258,12.514574426739214,0.8161678973960358,1.8266614846482705,3.1480761756704236
4319158,São Miguel das Missões - RS,6233,4118,1710,159,11,59,39,136,2,0,66.06770415530242,27.43462217230868,2.5509385528637893,0.1764800256698219,2.181934862826889
4319208,São Nicolau - RS,4519,2503,1505,9,0,0,71,432,0,0,55.38836025669396,33.30382828059305,0.19915910599690198,0.0,9.559637087851295
4319307,São Paulo das Missões - RS,5293,3718,1470,19,0,0,13,72,0,0,70.24371811826941,27.77252975628188,0.35896467031928964,0.0,1.3602871717362555
4319356,São Pedro da Serra - RS,3122,2593,412,15,0,0,38,64,0,0,83.055733504164,13.196668802049969,0.48046124279308133,0.0,2.0499679692504804
4319364,São Pedro das Missões - RS,1544,781,676,0,0,0,6,81,0,0,50.582901554404145,43.78238341968912,0.0,0.0,5.246113989637306
4319372,São Pedro do Butiá - RS,2765,2375,320,8,2,0,13,46,0,0,85.89511754068717,11.573236889692586,0.28933092224231466,0.07233273056057866,1.6636528028933093
4319406,São Pedro do Sul - RS,13948,9209,3346,414,331,0,175,473,0,0,66.02380269572699,23.98910238026957,2.9681674792084887,2.37310008603384,3.391167192429022
4319505,São Sebastião do Caí - RS,21434,15019,4508,209,411,16,397,863,10,0,70.07091536810675,21.032005225342914,0.9750863114677615,1.9175142297284689,4.026313333955398
4319604,São Sepé - RS,18927,14982,2082,305,668,0,259,632,0,0,79.15676018386432,11.000158503724837,1.611454535848259,3.5293496063824166,3.3391451365773763
4319703,São Valentim - RS,2933,2716,197,0,0,0,4,15,0,0,92.60143198090692,6.716672349130583,0.0,0.0,0.5114217524718718
4319711,São Valentim do Sul - RS,2007,1905,93,1,0,0,2,7,0,0,94.91778774289985,4.633781763826607,0.04982561036372696,0.0,0.3487792725460887
4319737,São Valério do Sul - RS,2181,1511,552,0,2,0,38,78,0,0,69.2801467216873,25.30949105914718,0.0,0.09170105456212746,3.576341127922971
4319752,São Vendelino - RS,2001,1371,545,13,15,2,4,49,0,2,68.51574212893553,27.23638180909545,0.6496751624187906,0.7496251874062968,2.448775612193903
4319802,São Vicente do Sul - RS,7173,5004,1626,117,109,0,79,238,0,0,69.76160602258469,22.668339606859053,1.631116687578419,1.519587341419211,3.317998048236442
4319901,Sapiranga - RS,66027,35794,24972,475,304,9,1097,3346,0,30,54.21115604222515,37.820891453496294,0.7194026686052676,0.46041770790737124,5.0676238508488956
4320008,Sapucaia do Sul - RS,115743,68390,24611,3763,5115,12,3570,10236,0,46,59.08780660601505,21.263488936695957,3.251168537190154,4.419273735776677,8.84373137036365
4320107,Sarandi - RS,19843,14170,4827,119,0,11,256,460,0,0,71.41057299803457,24.3259587763947,0.5997077054880814,0.0,2.3181978531472054
4320206,Seberi - RS,10416,8479,1706,13,43,0,58,117,0,0,81.40360983102919,16.378648233486942,0.12480798771121351,0.412826420890937,1.1232718894009217
4320230,Sede Nova - RS,2407,1819,433,85,0,0,23,47,0,0,75.57125051931865,17.98919817199834,3.5313668466971335,0.0,1.9526381387619443
4320263,Segredo - RS,5356,4787,508,24,3,0,23,10,0,0,89.3764002987304,9.48469006721434,0.4480955937266617,0.05601194921583271,0.18670649738610903
4320305,Selbach - RS,4569,3881,662,14,2,0,6,5,0,0,84.94200043773255,14.488947253228277,0.3064127817903261,0.04377325454147516,0.1094331363536879
4320321,Senador Salgado Filho - RS,2409,581,1732,7,0,0,10,78,0,0,24.117891241178913,71.89705271897053,0.29057700290577004,0.0,3.2378580323785804
4320354,Sentinela do Sul - RS,4765,3862,554,7,12,0,92,237,0,0,81.04931794333683,11.626442812172089,0.14690451206715635,0.2518363064008394,4.973767051416579
4320404,Serafina Corrêa - RS,15041,12312,1944,92,35,0,430,228,0,0,81.8562595572103,12.924672561664783,0.6116614586796091,0.23269729406289474,1.5158566584668574
4320453,Sério - RS,1768,1554,211,0,0,0,3,0,0,0,87.89592760180996,11.934389140271493,0.0,0.0,0.0
4320503,Sertão - RS,4983,4402,482,34,0,0,45,21,0,0,88.3403572145294,9.672887818583183,0.6823198876179009,0.0,0.4214328717639976
4320552,Sertão Santana - RS,5281,3379,1626,47,34,0,40,157,0,0,63.984093921605755,30.789623177428517,0.8899829577731491,0.6438174588146185,2.9729217951145617
4320578,Sete de Setembro - RS,1671,1492,167,0,0,0,8,5,0,0,89.28785158587672,9.994015559545183,0.0,0.0,0.2992220227408737
4320602,Severiano de Almeida - RS,3096,2805,270,3,3,0,3,12,0,0,90.60077519379846,8.720930232558139,0.09689922480620156,0.09689922480620156,0.3875968992248062
4320651,Silveira Martins - RS,1851,1480,262,12,2,0,19,76,0,0,79.95678011885467,14.154511075094543,0.6482982171799028,0.10804970286331712,4.1058887088060505
4320677,Sinimbu - RS,7757,4600,3064,0,24,0,18,50,0,0,59.30127626659791,39.49980662627304,0.0,0.30939796313007606,0.6445790898543251
4320701,Sobradinho - RS,12538,10264,1495,125,52,0,185,417,0,0,81.86313606635827,11.923751794544584,0.9969692135906844,0.4147391928537247,3.3258892965385227
4320800,Soledade - RS,26306,19519,4612,314,284,0,675,902,0,0,74.19980232646544,17.532121949365163,1.1936440355812363,1.0796016117995895,3.428875541701513
4320859,Tabaí - RS,3868,2524,990,27,16,0,191,109,7,4,65.25336091003102,25.59462254395036,0.6980351602895554,0.4136504653567735,2.81799379524302
4320909,Tapejara - RS,21293,16393,3349,145,168,11,289,938,0,0,76.98774245057061,15.72817357817123,0.6809749682994412,0.7889916874090076,4.405203588033626
4321006,Tapera - RS,9362,7573,1503,67,21,0,41,148,0,10,80.89083529160436,16.05426190984832,0.7156590472121341,0.22431104464857937,1.5808587908566545
4321105,Tapes - RS,13062,8144,2645,276,374,10,347,1252,5,8,62.34879804011637,20.24957893125096,2.112999540652274,2.863267493492574,9.585055887306691
4321204,Taquara - RS,46803,27416,14256,788,665,0,1187,2257,214,19,58.57744161699036,30.459585923979233,1.6836527573018825,1.4208490908702434,4.822340448261864
4321303,Taquari - RS,22258,13666,6456,657,208,0,562,688,0,21,61.39814898014197,29.005301464641928,2.9517476862251772,0.9344954623056878,3.0910234522418905
4321329,Taquaruçu do Sul - RS,2747,2538,147,21,0,0,31,10,0,0,92.39170003640335,5.351292318893338,0.7644703312704769,0.0,0.3640334910811795
4321352,Tavares - RS,4626,2902,1184,19,77,0,111,333,0,0,62.7323821876351,25.594466061392133,0.41072200605274534,1.664504971897968,7.198443579766537
4321402,Tenente Portela - RS,12467,8311,3505,62,46,0,64,479,0,0,66.66399294136521,28.11422154487848,0.49731290607203016,0.3689740916018288,3.842143258201652
4321436,Terra de Areia - RS,9004,6418,2047,38,40,0,364,97,0,0,71.2794313638383,22.734340293203022,0.42203465126610396,0.44424700133274103,1.077298978231897
4321451,Teutônia - RS,28790,14659,12357,136,58,7,904,640,0,29,50.91698506425843,42.92115317818687,0.4723862452240361,0.20145883987495658,2.2229940951719347
4321469,Tio Hugo - RS,2830,1915,892,11,0,0,0,13,0,0,67.6678445229682,31.519434628975265,0.38869257950530034,0.0,0.45936395759717313
4321477,Tiradentes do Sul - RS,4616,3257,1317,9,7,0,12,13,0,0,70.55892547660312,28.53119584055459,0.1949740034662045,0.15164644714038128,0.28162911611785096
4321493,Toropi - RS,2344,1402,874,24,17,0,15,13,0,0,59.81228668941979,37.28668941979522,1.023890784982935,0.7252559726962458,0.5546075085324232
4321501,Torres - RS,36905,22640,6648,1179,1237,79,1751,3371,0,0,61.34670098902588,18.013819265682155,3.1946890665221517,3.351849342907465,9.134263649911937
4321600,Tramandaí - RS,47331,27342,9634,1456,2241,2,2024,4632,0,0,57.7676364327819,20.35452451881431,3.076207982083624,4.734740444951512,9.786397921024276
4321626,Travesseiro - RS,1976,1289,651,15,0,0,6,15,0,0,65.2327935222672,32.945344129554655,0.7591093117408907,0.0,0.7591093117408907
4321634,Três Arroios - RS,2423,2277,133,3,3,0,4,3,0,0,93.97441188609162,5.489063144861742,0.12381345439537764,0.12381345439537764,0.12381345439537764
4321667,Três Cachoeiras - RS,9612,8298,1110,41,11,0,49,102,0,0,86.32958801498127,11.548064918851436,0.42655014565126925,0.11444028297960883,1.0611735330836454
4321709,Três Coroas - RS,21393,11769,7898,134,164,0,479,949,0,0,55.01332211471042,36.918618239611085,0.6263731127004161,0.7666058991258823,4.4360304772589165
4321808,Três de Maio - RS,21991,14639,6752,94,29,0,192,252,0,32,66.56814151243691,30.703469601200492,0.4274475921968078,0.1318721295075258,1.1459233322722933
4321832,Três Forquilhas - RS,2476,1472,949,23,2,0,19,11,0,0,59.45072697899838,38.32794830371567,0.9289176090468497,0.08077544426494346,0.44426494345718903
4321857,Três Palmeiras - RS,4035,2251,1297,0,0,0,447,40,0,0,55.786864931846345,32.14374225526642,0.0,0.0,0.9913258983890955
4321907,Três Passos - RS,22395,11037,9895,227,138,0,475,623,0,0,49.28332217012726,44.18396963607948,1.0136191114087967,0.6162089752176825,2.7818709533377985
4321956,Trindade do Sul - RS,6527,5197,1134,16,0,0,74,106,0,0,79.62310402941627,17.373984985445073,0.24513559062356366,0.0,1.6240232878811092
4322004,Triunfo - RS,23971,14247,6497,672,464,0,708,1373,10,0,59.434316465729424,27.10358349672521,2.803387426473656,1.9356722706603813,5.727754369863585
4322103,Tucunduva - RS,5054,3953,1022,3,0,3,36,37,0,0,78.21527502967946,20.221606648199447,0.0593589236248516,0.0,0.7320933913731698
4322152,Tunas - RS,3227,2802,398,6,0,0,0,21,0,0,86.8298729470096,12.333436628447474,0.18593120545398203,0.0,0.6507592190889371
4322186,Tupanci do Sul - RS,1244,1117,124,2,0,0,0,1,0,0,89.79099678456592,9.967845659163988,0.1607717041800643,0.0,0.08038585209003216
4322202,Tupanciretã - RS,17587,11296,3449,465,344,0,622,1410,0,0,64.2292602490476,19.611076363222836,2.6439984079149372,1.9559902200488997,8.017285494967874
4322251,Tupandi - RS,4378,3878,425,4,15,0,3,53,0,0,88.57925993604385,9.707629054362723,0.09136592051164916,0.3426222019186843,1.2105984467793514
4322301,Tuparendi - RS,7567,4937,2412,62,4,0,47,106,0,0,65.24382185806793,31.875247786441125,0.8193471653231135,0.05286110744020087,1.4008193471653232
4322327,Turuçu - RS,3073,922,1919,14,23,0,28,166,0,0,30.003254149040025,62.44712007809958,0.45558086560364464,0.7484542792059876,5.401887406443215
4322343,Ubiretama - RS,1819,804,975,0,0,0,6,30,0,5,44.20010995052227,53.60087960417812,0.0,0.0,1.6492578339747115
4322350,União da Serra - RS,1069,1034,29,0,0,0,0,5,0,0,96.72591206735267,2.7128157156220767,0.0,0.0,0.4677268475210477
4322376,Unistalda - RS,1791,1145,470,14,16,0,41,105,0,0,63.93076493579006,26.242322724734784,0.7816862088218872,0.8933556672250139,5.8626465661641545
4322400,Uruguaiana - RS,101055,49681,31715,2971,4605,0,3453,8584,10,37,49.1623373410519,31.38389985651378,2.939983177477611,4.556924447083271,8.494384246202562
4322509,Vacaria - RS,55505,39151,11842,729,625,0,1138,1985,0,35,70.53598774885145,21.33501486352581,1.3133951896225566,1.1260246824610396,3.5762543914962617
4322525,Vale Verde - RS,2830,2003,736,46,10,0,21,12,0,3,70.7773851590106,26.007067137809187,1.6254416961130742,0.35335689045936397,0.42402826855123676
4322533,Vale do Sol - RS,8965,4091,4650,13,17,0,41,152,0,0,45.633017289459005,51.86837702175126,0.14500836586726157,0.18962632459564974,1.6954824316787507
4322541,Vale Real - RS,5315,4398,713,16,15,0,66,107,0,0,82.74694261523989,13.41486359360301,0.30103480714957664,0.28222013170272814,2.013170272812794
4322558,Vanini - RS,1819,1679,134,3,0,0,0,3,0,0,92.30346344145134,7.3666849917537105,0.16492578339747113,0.0,0.16492578339747113
4322608,Venâncio Aires - RS,61182,44213,12667,403,739,0,587,2574,0,0,72.26471838122323,20.703801771762937,0.6586904645157072,1.2078715962211108,4.207119741100324
4322707,Vera Cruz - RS,23632,14520,7215,193,180,34,880,603,0,7,61.44211238997969,30.530636425186188,0.8166892349356805,0.7616790792146242,2.551624915368991
4322806,Veranópolis - RS,21657,18424,2221,167,90,0,353,403,0,0,85.07180126517984,10.255344692247311,0.7711132659186406,0.415570023548968,1.8608302165581567
4322855,Vespasiano Corrêa - RS,1666,1611,51,0,0,0,2,2,0,0,96.69867947178872,3.061224489795918,0.0,0.0,0.12004801920768307
4322905,Viadutos - RS,4340,3698,570,14,0,0,32,27,0,0,85.2073732718894,13.133640552995391,0.3225806451612903,0.0,0.6221198156682027
4323002,Viamão - RS,196217,98358,31520,7120,18281,243,9489,31047,49,110,50.12715513946294,16.06384767884536,3.628635643190957,9.316725869827792,15.822788035695174
4323101,Vicente Dutra - RS,4086,2934,897,2,0,37,8,171,0,36,71.80616740088105,21.953010279001468,0.048947626040137054,0.0,4.185022026431718
4323200,Victor Graeff - RS,2475,1305,1140,4,0,0,16,10,0,0,52.72727272727273,46.06060606060606,0.16161616161616163,0.0,0.40404040404040403
4323309,Vila Flores - RS,3233,2726,422,3,3,0,35,45,0,0,84.31797092483761,13.052892050726879,0.09279307145066502,0.09279307145066502,1.3918960717599753
4323358,Vila Lângaro - RS,1881,1757,116,0,5,0,3,0,0,0,93.40776182881446,6.166932482721957,0.0,0.2658160552897395,0.0
4323408,Vila Maria - RS,3964,3588,328,25,4,0,9,10,0,0,90.51463168516649,8.274470232088799,0.6306760847628657,0.10090817356205853,0.2522704339051463
4323457,Vila Nova do Sul - RS,3499,2426,782,15,39,0,25,212,0,0,69.33409545584453,22.3492426407545,0.42869391254644185,1.1146041726207487,6.058873963989711
4323507,Vista Alegre - RS,2359,2173,171,0,0,0,3,12,0,0,92.11530309453158,7.248834251801611,0.0,0.0,0.5086901229334464
4323606,Vista Alegre do Prata - RS,1440,1259,116,0,0,0,52,13,0,0,87.43055555555556,8.055555555555555,0.0,0.0,0.9027777777777778
4323705,Vista Gaúcha - RS,2479,2048,384,0,0,0,34,13,0,0,82.61395724082291,15.490116982654296,0.0,0.0,0.5244050020169423
4323754,Vitória das Missões - RS,2953,1986,752,123,0,0,27,64,0,0,67.25364036572977,25.465628174737557,4.165255672197765,0.0,2.1672875042329833
4323770,Westfália - RS,2739,725,1917,3,0,0,55,39,0,0,26.46951442132165,69.98904709748084,0.10952902519167579,0.0,1.4238773274917853
4323804,Xangri-lá - RS,14178,9143,2997,274,299,11,439,1010,0,6,64.48723374241783,21.138383410918323,1.932571589786994,2.1089011144025958,7.123712794470306
5000203,Água Clara - MS,13695,6969,5083,63,24,0,276,1281,0,0,50.88718510405258,37.115735669952535,0.4600219058050383,0.17524644030668127,9.353778751369113
5000252,Alcinópolis - MS,3861,2809,820,26,5,0,52,146,0,3,72.75317275317275,21.238021238021236,0.6734006734006734,0.1295001295001295,3.7814037814037813
5000609,Amambai - MS,32907,14584,12256,187,145,849,850,3983,0,54,44.318837937217005,37.24435530434254,0.5682681496338166,0.4406357309994834,12.103807700489257
5000708,Anastácio - MS,20500,8958,8042,75,61,0,939,2418,0,7,43.697560975609754,39.229268292682924,0.36585365853658536,0.2975609756097561,11.795121951219512
5000807,Anaurilândia - MS,6687,4942,1438,29,0,0,64,210,0,4,73.90459099745776,21.504411544788397,0.43367728428293706,0.0,3.140421713772992
5000856,Angélica - MS,9109,5847,2549,54,29,5,202,423,0,0,64.18926336590185,27.98331320671863,0.5928202876276211,0.31836645076298165,4.643758919749698
5000906,Antônio João - MS,7744,3621,2656,64,189,5,45,1162,0,2,46.758780991735534,34.29752066115702,0.8264462809917356,2.440599173553719,15.005165289256198
5001003,Aparecida do Taboado - MS,23553,13534,7341,262,62,0,939,1357,0,58,57.46189445081306,31.168004075913895,1.1123848342037108,0.2632361058039316,5.761474122192502
5001102,Aquidauana - MS,39874,15978,18237,582,399,6,1852,2720,24,75,40.07122435672368,45.73657019611777,1.4595977328585044,1.0006520539700055,6.821487686211566
5001243,Aral Moreira - MS,8764,5128,2342,9,0,0,105,1156,0,25,58.51209493382017,26.72295755362848,0.1026928343222273,0.0,13.190324052943861
5001508,Bandeirantes - MS,6703,3836,2086,68,18,0,285,410,0,0,57.22810681784276,31.120393853498435,1.014471132328808,0.26853647620468446,6.116664180217813
5001904,Bataguassu - MS,19713,11622,6129,103,43,0,282,1534,0,0,58.95601887079592,31.091158119007762,0.5224978440622939,0.21813016790950135,7.781666920306397
5002001,Batayporã - MS,9168,6042,2636,40,15,0,207,227,0,0,65.90314136125654,28.7521815008726,0.4363001745200698,0.16361256544502617,2.4760034904013963
5002100,Bela Vista - MS,18359,12779,3914,159,54,20,382,1050,0,0,69.60618770085517,21.31924396753636,0.8660602429326216,0.29413366741107905,5.719265755215425
5002159,Bodoquena - MS,7235,3871,2521,32,2,0,171,637,0,0,53.503800967519005,34.84450587422253,0.44229440221147204,0.027643400138217002,8.804422944022114
5002209,Bonito - MS,19937,10774,6196,267,98,0,551,2051,0,0,54.04022671414957,31.07789537041681,1.3392185383959472,0.49154837738877466,10.287405326779355
5002308,Brasilândia - MS,9916,5151,3766,15,0,0,192,767,0,24,51.946349334409035,37.979023799919325,0.15127067365873337,0.0,7.734973779749899
5002407,Caarapó - MS,25764,12589,8142,117,87,1,875,3940,0,14,48.86275423070952,31.6022356776898,0.4541220307405682,0.3376804843968328,15.292656419810589
5002605,Camapuã - MS,11737,8036,2931,19,46,0,167,533,0,5,68.46724035102667,24.9723097895544,0.16188123029735027,0.3919229786146375,4.5411945130783
5002704,Campo Grande - MS,775362,353182,265616,23188,6730,24,45380,79582,598,1063,45.55059443202014,34.25703090943327,2.990603098939592,0.8679816653382549,10.26385094962095
5002803,Caracol - MS,4287,2958,1077,10,7,0,42,191,0,3,68.99930020993702,25.122463261021693,0.2332633543270352,0.16328434802892466,4.455330067646373
5002902,Cassilândia - MS,18304,9810,5712,491,70,0,625,1560,9,26,53.59484265734266,31.206293706293707,2.6824737762237763,0.38243006993006995,8.522727272727273
5002951,Chapadão do Sul - MS,25926,13470,9067,231,19,0,1371,1757,0,10,51.95556584124046,34.97261436395896,0.8909974542929877,0.07328550489855744,6.77698063719818
5003108,Corguinho - MS,4158,2200,1244,35,2,0,192,486,0,0,52.91005291005291,29.91822991822992,0.8417508417508418,0.0481000481000481,11.688311688311689
5003157,Coronel Sapucaia - MS,11373,4355,3441,0,9,30,860,2644,0,34,38.292447023652514,30.25586916380902,0.0,0.07913479293062517,23.24804361206366
5003207,Corumbá - MS,80751,45056,22233,1903,1552,0,3449,6486,10,62,55.79621304999319,27.532785971690753,2.3566271625119195,1.9219576228158166,8.032098673700636
5003256,Costa Rica - MS,21816,11478,6644,364,86,0,1006,2132,31,76,52.612761276127614,30.454712137880456,1.6685001833516686,0.3942060872753942,9.772643931059772
5003306,Coxim - MS,27704,16732,8173,305,70,10,639,1741,8,25,60.3956107421311,29.501155067860235,1.1009240542881895,0.2526710944267976,6.28429107710078
5003454,Deodápolis - MS,11687,7556,3528,14,0,0,238,352,0,0,64.65303328484642,30.187387695730298,0.11979122101480277,0.0,3.0118935569436127
5003488,Dois Irmãos do Buriti - MS,9320,5444,2991,14,26,0,297,516,0,33,58.412017167381975,32.092274678111586,0.15021459227467812,0.27896995708154504,5.536480686695279
5003504,Douradina - MS,4787,2574,1630,26,9,134,297,115,3,0,53.77062878629622,34.05055358261959,0.5431376645080426,0.1880091915604763,2.402339669939419
5003702,Dourados - MS,207570,105508,66758,3237,1086,188,8031,22279,157,326,50.83008141831671,32.16168039697452,1.559473912415089,0.5231969937852291,10.733246615599557
5003751,Eldorado - MS,9687,6644,2349,20,12,18,166,477,0,0,68.5867657685558,24.248993496438526,0.20646226902033654,0.12387736141220192,4.924125116135026
5003801,Fátima do Sul - MS,18043,11497,4824,127,95,0,400,1095,0,4,63.72000221692623,26.73613035526243,0.7038740785900349,0.5265199800476639,6.068835559496757
5003900,Figueirão - MS,2981,2101,672,39,5,0,57,107,0,0,70.47970479704797,22.542770882254278,1.3082858101308286,0.1677289500167729,3.58939953035894
5004007,Glória de Dourados - MS,9156,6349,2107,65,58,0,292,284,0,0,69.34250764525994,23.01223241590214,0.709916994320664,0.6334643949322848,3.1017911751856704
5004106,Guia Lopes da Laguna - MS,8549,5286,2647,66,16,0,212,322,0,0,61.83179319218622,30.962685694233244,0.7720201193122003,0.1871563925605334,3.7665224002807345
5004304,Iguatemi - MS,11721,7427,3271,12,14,10,158,826,3,0,63.364900605750364,27.907175155703438,0.10238034297414897,0.11944373346984045,7.047180274720587
5004403,Inocência - MS,7225,4924,1809,62,5,0,153,271,0,0,68.1522491349481,25.038062283737023,0.8581314878892734,0.06920415224913495,3.7508650519031144
5004502,Itaporã - MS,20265,12263,5362,103,18,59,411,1971,0,79,60.51320009869233,26.459412780656304,0.5082654823587466,0.08882309400444116,9.726128793486307
5004601,Itaquiraí - MS,16413,10609,4760,10,20,0,214,799,0,0,64.63778711996588,29.00140132821544,0.060927313714738314,0.12185462742947663,4.868092365807591
5004700,Ivinhema - MS,23914,17685,5204,47,0,0,298,681,0,0,73.95249644559672,21.761311365727188,0.19653759304173288,0.0,2.8477042736472358
5004809,Japorã - MS,6491,4094,1696,2,0,142,103,454,0,0,63.07194577106763,26.12848559543984,0.030811893390848867,0.0,6.994299799722693
5004908,Jaraguari - MS,6204,3633,1859,77,13,0,269,351,0,0,58.55899419729207,29.9645390070922,1.2411347517730495,0.20954223081882656,5.657640232108317
5005004,Jardim - MS,20510,10870,6968,221,110,20,855,1452,15,0,52.998537298878595,33.973671379814725,1.0775231594344223,0.5363237445148707,7.0794734275962945
5005103,Jateí - MS,3073,2046,845,6,3,0,31,142,0,0,66.57988935893263,27.49755938821998,0.195248942401562,0.097624471200781,4.6208916368369675
5005152,Juti - MS,5585,2888,2103,14,3,12,88,463,14,0,51.70993733213966,37.6544315129812,0.25067144136078784,0.05371530886302596,8.29006266786034
5005202,Ladário - MS,17643,9847,5122,294,272,0,770,1339,0,0,55.81250354248144,29.03134387575809,1.6663832681516748,1.541687921555291,7.589412231479907
5005251,Laguna Carapã - MS,5601,3056,1553,17,16,5,86,868,0,0,54.56168541331905,27.727191572933403,0.3035172290662382,0.285663274415283,15.497232637029102
5005400,Maracaju - MS,38011,20688,10161,247,138,80,3554,3072,53,19,54.42635026702796,26.73173555023546,0.64981189655626,0.36305280050511696,8.081871037331299
5005608,Miranda - MS,21122,9311,7851,172,118,2,567,3057,28,16,44.08199981062399,37.16977558943282,0.8143168260581385,0.5586592178770949,14.47306126313796
5005681,Mundo Novo - MS,16439,9266,5550,42,11,0,275,1293,3,0,56.36595899993917,33.76117768720725,0.2554899933085954,0.06691404586653689,7.865441936857473
5005707,Naviraí - MS,43021,25424,13136,195,28,120,934,3156,0,30,59.09672020641082,30.53392529229911,0.45326700913507356,0.06508449361939518,7.335952209386114
5005806,Nioaque - MS,11186,5972,4207,60,10,0,164,683,1,89,53.38816377614876,37.609511889862326,0.5363847666726265,0.08939746111210442,6.1058465939567315
5006002,Nova Alvorada do Sul - MS,17980,10844,5711,52,58,0,235,1049,0,31,60.311457174638484,31.763070077864295,0.289210233592881,0.3225806451612903,5.834260289210234
5006200,Nova Andradina - MS,41665,26104,12040,276,33,0,1012,2152,0,47,62.65210608424337,28.89715588623545,0.6624264970598824,0.07920316812672507,5.165006600264011
5006259,Novo Horizonte do Sul - MS,3995,2538,1213,1,0,0,3,236,0,4,63.529411764705884,30.362953692115145,0.025031289111389236,0.0,5.907384230287859
5006275,Paraíso das Águas - MS,4593,3161,1182,44,3,0,44,160,0,0,68.82212061833225,25.73481384715872,0.9579795340735903,0.06531678641410843,3.4835619420857826
5006309,Paranaíba - MS,35712,19194,11000,727,232,0,1334,3146,0,79,53.74663978494624,30.801971326164875,2.0357302867383513,0.649641577060932,8.809363799283155
5006358,Paranhos - MS,9976,4288,2862,0,0,38,90,2696,0,2,42.9831595829992,28.688853247794707,0.0,0.0,27.02485966319166
5006408,Pedro Gomes - MS,5995,4436,1330,18,0,0,35,167,9,0,73.99499582985821,22.18515429524604,0.3002502085070892,0.0,2.7856547122602167
5006606,Ponta Porã - MS,77287,46113,22572,476,764,53,2412,4733,38,125,59.66462665131264,29.20542911485761,0.6158862421882076,0.9885232962852744,6.123927698060476
5006903,Porto Murtinho - MS,10555,6482,2822,21,6,0,198,1021,0,6,61.411653244907626,26.736144007579345,0.1989578398863098,0.05684509711037423,9.673140691615348
5007109,Ribas do Rio Pardo - MS,19362,9751,6914,78,162,0,955,1492,9,0,50.36153289949385,35.70912095857866,0.4028509451502944,0.8366904245429191,7.705815514926144
5007208,Rio Brilhante - MS,31350,16079,11726,78,48,135,661,2582,18,23,51.28867623604466,37.40350877192982,0.24880382775119617,0.15311004784688995,8.236044657097288
5007307,Rio Negro - MS,4165,2590,1133,48,10,0,102,260,4,18,62.18487394957983,27.202881152460986,1.1524609843937574,0.24009603841536614,6.24249699879952
5007406,Rio Verde de Mato Grosso - MS,16835,8970,6032,205,51,0,275,1230,0,71,53.28185328185328,35.83011583011583,1.2177012177012176,0.30294030294030294,7.306207306207306
5007505,Rochedo - MS,4450,2343,1212,42,13,7,120,713,0,0,52.651685393258425,27.235955056179776,0.9438202247191011,0.29213483146067415,16.02247191011236
5007554,Santa Rita do Pardo - MS,5976,3728,1900,12,3,0,89,244,0,0,62.38286479250335,31.79384203480589,0.20080321285140562,0.050200803212851405,4.0829986613119145
5007695,São Gabriel do Oeste - MS,24802,15739,6637,244,36,0,392,1744,11,0,63.458592049028304,26.75993871461979,0.9837916297072816,0.1451495847109104,7.031690992661882
5007703,Sete Quedas - MS,9438,6262,2443,20,16,77,135,474,0,11,66.34880271243908,25.884721339266793,0.21190930281839374,0.16952744225471497,5.022250476795931
5007802,Selvíria - MS,7049,3414,2698,30,7,0,301,600,0,0,48.43240175911477,38.274932614555254,0.42559228259327564,0.09930486593843098,8.511845651865514
5007901,Sidrolândia - MS,39674,19242,15139,342,160,2,1568,3176,0,45,48.500277259666284,38.158491707415436,0.8620255078892978,0.40328678731663054,8.005242728235116
5007935,Sonora - MS,12202,6472,4714,101,42,0,195,677,0,0,53.04048516636617,38.63301098180626,0.8277331584986067,0.3442058678905098,5.548270775282741
5007950,Tacuru - MS,8698,4862,2643,9,10,5,178,990,0,0,55.897907564957464,30.386295700160957,0.10347206254311336,0.11496895838123707,11.381926879742469
5007976,Taquarussu - MS,3179,2426,674,0,3,0,23,53,0,0,76.31330607109153,21.201635734507708,0.0,0.09436929852154766,1.667190940547342
5008008,Terenos - MS,15243,7970,5500,163,35,0,388,1114,10,64,52.28629534868464,36.0821360624549,1.0693433051236634,0.229613593124713,7.308272649740864
5008305,Três Lagoas - MS,113262,53223,40588,2646,809,43,5189,10554,84,125,46.9910473062457,35.835496459536294,2.3361762992000847,0.714273101304939,9.31821793717222
5008404,Vicentina - MS,5579,4172,1157,11,0,0,39,200,0,0,74.78042659974906,20.738483599211328,0.19716795124574296,0.0,3.58487184083169
5100102,Acorizal - MT,4343,3000,1242,9,21,4,19,49,0,0,69.07667510937141,28.59774349527976,0.20723002532811421,0.4835367257655998,1.128252360119733
5100201,Água Boa - MT,24780,12216,8672,259,46,0,606,2931,0,51,49.29782082324455,34.995964487489914,1.0451977401129944,0.18563357546408393,11.828087167070217
5100250,Alta Floresta - MT,50080,30962,13858,189,116,11,1166,3769,10,0,61.825079872204476,27.671725239616613,0.3773961661341853,0.23162939297124602,7.525958466453674
5100300,Alto Araguaia - MT,14854,8795,4474,131,21,0,480,948,0,5,59.20964050087518,30.119833041604956,0.8819173286656793,0.1413760603204524,6.382119294466137
5100359,Alto Boa Vista - MT,4659,2148,1551,13,0,489,136,323,0,0,46.104314230521574,33.29040566645203,0.27902983472848253,0.0,6.9328182013307575
5100409,Alto Garças - MT,11115,7318,2591,20,4,0,592,584,0,7,65.83895636527215,23.310841205578047,0.1799370220422852,0.03598740440845704,5.254161043634728
5100508,Alto Paraguai - MT,6918,4307,1800,0,5,0,128,678,0,0,62.2578779994218,26.019080659150042,0.0,0.07227522405319456,9.800520381613183
5100607,Alto Taquari - MT,9089,4671,3266,62,13,0,230,846,0,0,51.39179227637804,35.93354604466938,0.6821432500825173,0.1430300363076246,9.3079546704808
5100805,Apiacás - MT,7164,4188,1626,29,6,24,174,1116,0,0,58.45896147403685,22.69681742043551,0.40480178671133443,0.08375209380234507,15.577889447236181
5101001,Araguaiana - MT,3249,2191,865,62,2,6,54,69,0,0,67.43613419513696,26.62357648507233,1.9082794706063404,0.061557402277623886,2.123730378578024
5101209,Araguainha - MT,880,580,207,3,0,0,11,76,0,2,65.9090909090909,23.522727272727273,0.3409090909090909,0.0,8.636363636363637
5101258,Araputanga - MT,12684,7365,3748,8,51,0,347,1165,0,0,58.065279091769156,29.54903815830968,0.0630715862503942,0.402081362346263,9.184799747713654
5101308,Arenápolis - MT,9040,5846,2579,33,6,0,332,238,6,0,64.66814159292035,28.528761061946902,0.36504424778761063,0.06637168141592921,2.6327433628318584
5101407,Aripuanã - MT,20296,9522,6996,17,20,0,204,3538,0,0,46.91564840362633,34.469846275128106,0.08376034686637761,0.09854158454867955,17.43200630666141
5101605,Barão de Melgaço - MT,6286,4776,1063,290,0,5,43,105,0,5,75.97836461979001,16.910594972955774,4.613426662424435,0.0,1.670378619153675
5101704,Barra do Bugres - MT,25035,14603,7125,90,42,21,397,2717,0,40,58.33033752746155,28.460155781905332,0.35949670461354105,0.1677651288196525,10.8528060714999
5101803,Barra do Garças - MT,59132,30951,18952,1548,319,171,2096,5020,0,75,52.34221741189204,32.05032807955084,2.6178718798620038,0.5394710140025705,8.489481160792803
5101852,Bom Jesus do Araguaia - MT,6115,2944,2354,17,11,50,137,602,0,0,48.14390842191333,38.49550286181521,0.27800490596892885,0.17988552739165986,9.844644317252657
5101902,Brasnorte - MT,13979,9523,3288,25,11,133,207,759,15,19,68.12361399241719,23.520995779383362,0.17883968810358394,0.07868946276557694,5.429572930824809
5102504,Cáceres - MT,76510,48109,19932,834,498,0,2731,4378,15,14,62.8793621748791,26.05149653640047,1.0900535877663051,0.6508953078029016,5.722127826427918
5102603,Campinápolis - MT,11548,4848,4410,20,5,1002,153,1055,12,42,41.981295462417734,38.188430897125045,0.17319016279875304,0.04329754069968826,9.135781087634223
5102637,Campo Novo do Parecis - MT,37428,20999,11201,163,150,35,1325,3501,0,53,56.10505503900823,29.92679277546222,0.43550283210430696,0.40076947739660146,9.353959602436678
5102678,Campo Verde - MT,37417,20543,11625,320,70,0,943,3862,0,53,54.90285164497421,31.068765534382766,0.85522623406473,0.18708073870165967,10.32151161236871
5102686,Campos de Júlio - MT,7229,3675,3108,22,6,6,163,246,0,4,50.8369069027528,42.99349840918523,0.3043297828192004,0.08299903167796376,3.402960298796514
5102694,Canabrava do Norte - MT,3739,2141,1262,12,9,0,84,224,0,6,57.261299812784166,33.75234019791388,0.32094142818935545,0.2407060711420166,5.990906659534635
5102702,Canarana - MT,21248,10547,7180,78,35,205,524,2623,0,55,49.63761295180723,33.7914156626506,0.3670933734939759,0.16472138554216867,12.344691265060241
5102793,Carlinda - MT,8950,5950,2402,10,0,0,78,510,0,0,66.4804469273743,26.837988826815643,0.11173184357541899,0.0,5.698324022346369
5102850,Castanheira - MT,6515,3976,1898,26,19,0,190,400,0,5,61.028396009209516,29.132770529547198,0.3990790483499616,0.29163468917881813,6.139677666922487
5103007,Chapada dos Guimarães - MT,16284,10132,4650,174,62,0,568,699,0,0,62.220584622942766,28.55563743551953,1.068533529845247,0.3807418324735937,4.292557111274871
5103056,Cláudia - MT,8158,5566,2135,44,0,0,222,191,0,0,68.22750674184849,26.17063005638637,0.5393478793822015,0.0,2.3412601127727384
5103106,Cocalinho - MT,5343,2496,1913,16,0,0,373,546,0,0,46.715328467153284,35.803855511884706,0.2994572337638031,0.0,10.218978102189782
5103205,Colíder - MT,26886,18043,6482,247,142,4,616,1352,0,0,67.10927620322845,24.109201815071042,0.9186937439559623,0.5281559175779216,5.028639440601056
5103254,Colniza - MT,21531,8645,9641,53,0,0,390,2782,0,21,40.151409595467,44.77729784961219,0.24615670428684222,0.0,12.920904741999907
5103304,Comodoro - MT,15204,7631,4949,18,0,817,260,1516,0,12,50.19073927913707,32.55064456721915,0.11838989739542226,0.0,9.971060247303342
5103353,Confresa - MT,29113,13309,11674,55,71,21,947,3035,0,0,45.714972692611546,40.09892487892007,0.18891903960430048,0.24387730567100607,10.424896094528217
5103361,Conquista D'Oeste - MT,3125,1523,1053,7,0,176,81,286,0,0,48.736,33.696,0.224,0.0,9.152
5103379,Cotriguaçu - MT,9325,4375,3248,40,0,0,212,1449,0,0,46.916890080428956,34.83109919571046,0.4289544235924933,0.0,15.53887399463807
5103403,Cuiabá - MT,560549,294640,175432,15473,5533,155,26146,42732,125,313,52.56275544154035,31.296461147910353,2.760329605440381,0.9870680350870308,7.623240787156877
5103437,Curvelândia - MT,4266,2644,1388,5,0,0,50,176,4,0,61.978434130332865,32.536333802156584,0.11720581340834506,0.0,4.125644631973746
5103452,Denise - MT,5975,3652,1682,3,16,0,166,438,0,18,61.12133891213389,28.15062761506276,0.0502092050209205,0.26778242677824265,7.330543933054393
5103502,Diamantino - MT,18414,11296,4999,158,98,0,372,1462,0,28,61.344629086564574,27.14782230911263,0.8580427935266645,0.5322037580102096,7.939611165417617
5103601,Dom Aquino - MT,6828,4783,1765,40,0,0,108,133,0,0,70.0497949619215,25.849443468072643,0.5858230814294083,0.0,1.9478617457527827
5103700,Feliz Natal - MT,8404,4280,2491,9,0,75,74,1474,0,0,50.928129462160875,29.64064731080438,0.10709186101856259,0.0,17.539267015706805
5103809,Figueirópolis D'Oeste - MT,2773,1889,698,0,0,0,107,79,0,0,68.12116840966462,25.171294626758023,0.0,0.0,2.84890010818608
5103858,Gaúcha do Norte - MT,6926,3320,1482,35,6,1157,79,848,0,0,47.93531619982674,21.397632110886516,0.5053421888535952,0.08663008951775916,12.243719318509962
5103908,General Carneiro - MT,4875,3595,945,45,0,95,54,142,0,0,73.74358974358974,19.384615384615383,0.9230769230769231,0.0,2.9128205128205127
5103957,Glória D'Oeste - MT,2536,1943,446,44,0,0,25,78,0,0,76.6167192429022,17.586750788643535,1.7350157728706626,0.0,3.0757097791798107
5104104,Guarantã do Norte - MT,26381,15752,7719,122,32,0,462,2254,0,41,59.70963951328608,29.25969447708578,0.46245403889162656,0.12129942003714794,8.54402789886661
5104203,Guiratinga - MT,9721,6755,2305,59,15,0,291,285,0,11,69.48873572677708,23.711552309433184,0.6069334430614134,0.15430511264273222,2.9317971402119123
5104500,Indiavaí - MT,1913,1110,638,10,0,0,8,147,0,0,58.02404600104548,33.35075797177208,0.5227391531625719,0.0,7.684265551489807
5104526,Ipiranga do Norte - MT,6447,4388,1640,51,0,0,76,292,0,0,68.06266480533581,25.438188304637816,0.7910656119125175,0.0,4.529238405459904
5104542,Itanhangá - MT,6273,3926,1880,19,2,0,113,333,0,0,62.58568468037622,29.969711461820502,0.3028853817949944,0.03188267176789415,5.308464849354376
5104559,Itaúba - MT,4173,2809,999,11,12,0,86,256,0,0,67.31368320153366,23.93961179007908,0.26359932901988975,0.2875629043853343,6.134675293553798
5104609,Itiquira - MT,10260,6538,2908,42,16,0,281,476,0,0,63.72319688109162,28.34307992202729,0.4093567251461988,0.15594541910331383,4.639376218323587
5104807,Jaciara - MT,24320,14050,8098,307,27,0,892,933,12,0,57.77138157894737,33.297697368421055,1.2623355263157894,0.11101973684210527,3.836348684210526
5104906,Jangada - MT,6360,4211,1647,13,0,0,25,463,0,0,66.21069182389937,25.89622641509434,0.20440251572327045,0.0,7.279874213836478
5105002,Jauru - MT,7231,4496,2187,11,0,0,67,461,0,8,62.1767390402434,30.24477942193334,0.15212280459134284,0.0,6.375328446964459
5105101,Juara - MT,29377,19887,7338,92,64,29,545,1318,0,103,67.69581645504987,24.978724852775983,0.3131701671375566,0.21785750757395242,4.486503046601083
5105150,Juína - MT,38897,22871,10879,198,31,785,1002,3131,0,0,58.79887909093246,27.968737948942078,0.5090366866339306,0.07969766305884772,8.04946396894362
5105176,Juruena - MT,8596,4479,2584,32,30,0,99,1372,0,0,52.105630525825966,30.060493252675663,0.3722661703117729,0.3489995346672871,15.960912052117264
5105200,Juscimeira - MT,9919,6848,2642,38,9,0,118,265,0,0,69.03921766307087,26.635749571529388,0.38310313539671337,0.09073495312027421,2.6716402863191853
5105234,Lambari D'Oeste - MT,3972,2189,1053,9,3,0,72,647,0,0,55.110775427995975,26.51057401812689,0.22658610271903323,0.0755287009063444,16.289023162134946
5105259,Lucas do Rio Verde - MT,69291,38237,22116,398,92,0,2161,6202,44,40,55.183212827062675,31.917565051738322,0.5743891703107186,0.1327733760517239,8.950657372530342
5105309,Luciara - MT,2098,1158,632,7,3,23,35,174,0,66,55.195424213536704,30.123927550047664,0.3336510962821735,0.14299332697807435,8.293612964728313
5105507,Vila Bela da Santíssima Trindade - MT,13807,8613,3763,4,20,6,363,1034,0,3,62.3814007387557,27.254291301513724,0.028970811907003693,0.14485405953501848,7.488954877960455
5105580,Marcelândia - MT,9483,5988,2727,28,16,97,175,453,0,0,63.14457450173995,28.756722556153115,0.2952652114309818,0.16872297796056102,4.776969313508383
5105606,Matupá - MT,16679,9377,4486,44,16,0,245,2512,0,0,56.220396906289345,26.896096888302655,0.26380478445949995,0.09592901253072726,15.06085496732418
5105622,Mirassol d'Oeste - MT,23038,14437,6875,137,17,8,566,998,0,0,62.66603003732963,29.842000173626182,0.594669676187169,0.07379112770205747,4.331973261567844
5105903,Nobres - MT,12979,8102,4143,46,0,0,232,351,0,105,62.42391555589799,31.92079513059558,0.3544186763232915,0.0,2.704368595423376
5106000,Nortelândia - MT,5119,3533,1131,35,11,0,106,304,0,0,69.01738620824379,22.0941590154327,0.6837272904864231,0.21488571986716157,5.938659894510646
5106109,Nossa Senhora do Livramento - MT,11182,8827,2008,34,25,0,152,106,10,21,78.93936683956359,17.95743158647827,0.3040600965837954,0.2235736004292613,0.947952065820068
5106158,Nova Bandeirantes - MT,11558,7349,3302,27,9,9,149,708,6,0,63.583664993943586,28.568956566880082,0.23360442983215088,0.07786814327738363,6.125627271154179
5106174,Nova Nazaré - MT,3231,1360,1091,0,0,0,15,765,0,0,42.09223150727329,33.76663571649644,0.0,0.0,23.676880222841227
5106182,Nova Lacerda - MT,5633,2459,1856,13,3,209,99,993,0,1,43.65347061956329,32.948695189064445,0.230782886561335,0.05325758920646192,17.628262027338895
5106190,Nova Santa Helena - MT,3518,2197,987,0,0,6,57,269,0,2,62.45025582717453,28.055713473564527,0.0,0.0,7.646389994314951
5106208,Nova Brasilândia - MT,3431,1803,1278,0,6,0,34,311,0,0,52.550276887204895,37.24861556397552,0.0,0.17487612940833577,9.064412707665404
5106216,Nova Canaã do Norte - MT,10003,7122,2378,28,0,0,84,383,8,0,71.19864040787763,23.77286813955813,0.27991602519244224,0.0,3.828851344596621
5106224,Nova Mutum - MT,46083,27573,12405,278,101,0,1324,4393,9,0,59.8333441833214,26.918820389297572,0.60325933641473,0.2191697589132652,9.532799513920535
5106232,Nova Olímpia - MT,13776,7570,4590,80,9,0,347,1152,0,28,54.950638792102204,33.318815331010455,0.5807200929152149,0.06533101045296168,8.362369337979095
5106240,Nova Ubiratã - MT,9380,5332,2840,19,13,0,250,925,0,0,56.84434968017057,30.277185501066096,0.2025586353944563,0.13859275053304904,9.861407249466952
5106257,Nova Xavantina - MT,21080,11675,6736,137,48,0,192,2161,0,131,55.3842504743833,31.954459203036052,0.6499051233396584,0.22770398481973433,10.251423149905124
5106265,Novo Mundo - MT,5406,3777,1058,27,12,0,65,467,0,0,69.86681465038846,19.57084720680725,0.49944506104328523,0.22197558268590456,8.638549759526452
5106273,Novo Horizonte do Norte - MT,2933,2301,555,0,0,0,10,67,0,0,78.45209682918514,18.922604841459258,0.0,0.0,2.284350494374361
5106281,Novo São Joaquim - MT,5845,3457,1595,113,0,73,101,497,0,9,59.14456800684346,27.288280581693755,1.9332763045337895,0.0,8.502994011976048
5106299,Paranaíta - MT,10002,6503,2603,32,0,0,123,742,0,0,65.01699660067986,26.0247950409918,0.3199360127974405,0.0,7.418516296740652
5106307,Paranatinga - MT,22068,13079,5290,54,35,310,1208,2091,0,0,59.26681167301069,23.97136124705456,0.24469820554649266,0.15860068878013414,9.475258292550299
5106315,Novo Santo Antônio - MT,1721,1048,525,9,0,0,16,123,0,0,60.894828588030215,30.5055200464846,0.5229517722254503,0.0,7.147007553747821
5106372,Pedra Preta - MT,15447,9342,4712,80,4,0,498,812,0,0,60.47776267236357,30.50430504305043,0.5178999158412637,0.025894995792063183,5.256684145788826
5106422,Peixoto de Azevedo - MT,26970,16055,6832,46,24,165,902,2855,75,16,59.52910641453467,25.331850203930294,0.17055988134964775,0.08898776418242492,10.585836114200964
5106455,Planalto da Serra - MT,2639,1441,867,73,0,0,50,208,0,0,54.60401667298219,32.853353543008716,2.766199317923456,0.0,7.8817733990147785
5106505,Poconé - MT,26665,22236,3873,52,13,0,150,312,10,18,83.39021188824302,14.524657791111945,0.19501218826176636,0.04875304706544159,1.1700731295705982
5106653,Pontal do Araguaia - MT,5997,3215,1923,100,13,10,164,566,0,7,53.6101384025346,32.06603301650826,1.6675004168751042,0.21677505419376356,9.43805235951309
5106703,Ponte Branca - MT,1739,1304,349,28,0,0,15,39,0,5,74.98562392179413,20.069005175388153,1.6101207590569293,0.0,2.2426682001150087
5106752,Pontes e Lacerda - MT,43928,20402,15947,228,50,0,1662,5584,0,56,46.44418138772537,36.30258604989984,0.5190311418685121,0.11382261883081406,12.711710071025314
5106778,Porto Alegre do Norte - MT,10040,4917,3152,38,6,100,119,1707,0,0,48.97410358565737,31.394422310756973,0.3784860557768924,0.05976095617529881,17.00199203187251
5106802,Porto dos Gaúchos - MT,4753,2872,1464,12,3,3,71,328,0,0,60.42499474016411,30.801598990111508,0.25247212286976645,0.06311803071744161,6.900904691773617
5106828,Porto Esperidião - MT,8621,5894,2144,15,21,0,84,456,7,0,68.36793875420484,24.869504697830877,0.17399373622549588,0.24359123071569425,5.289409581255075
5106851,Porto Estrela - MT,2790,2043,672,0,0,0,0,75,0,0,73.2258064516129,24.086021505376344,0.0,0.0,2.6881720430107525
5107008,Poxoréu - MT,19594,11717,5383,119,74,512,365,1422,0,2,59.79891803613351,27.472695723180564,0.6073287741145249,0.3776666326426457,7.257323670511381
5107040,Primavera do Leste - MT,71048,39595,19106,629,184,6,1792,9736,0,0,55.729929062042565,26.89167886499268,0.8853169688098187,0.2589798446120932,13.703411777952933
5107065,Querência - MT,22039,11060,6950,127,63,915,721,2178,16,10,50.18376514360906,31.535006125504786,0.5762511910703753,0.2858568900585326,9.88248105630927
5107107,São José dos Quatro Marcos - MT,15557,9651,4595,124,3,0,520,646,0,18,62.03638233592595,29.53654303528958,0.7970688436073793,0.019283923635662403,4.152471556212637
5107156,Reserva do Cabaçal - MT,1828,1022,609,0,3,0,0,195,0,0,55.90809628008753,33.31509846827134,0.0,0.16411378555798686,10.667396061269146
5107180,Ribeirão Cascalheira - MT,8418,4696,2533,126,4,426,147,471,5,9,55.78522214302685,30.090282727488713,1.4967925873129009,0.047517224994060345,5.595153243050606
5107198,Ribeirãozinho - MT,2203,1487,505,11,0,0,128,58,0,13,67.49886518384022,22.92328642759873,0.49931911030413073,0.0,2.6327734906945075
5107206,Rio Branco - MT,3896,2169,1058,6,3,0,67,592,0,0,55.672484599589325,27.15605749486653,0.1540041067761807,0.07700205338809035,15.195071868583161
5107248,Santa Carmem - MT,4433,3047,1194,6,0,0,53,133,0,0,68.73449131513648,26.93435596661403,0.13534852244529663,0.0,3.000225580870742
5107263,Santo Afonso - MT,2131,1429,569,0,4,0,3,127,0,0,67.05771938057251,26.70107930549038,0.0,0.18770530267480057,5.959643359924918
5107297,São José do Povo - MT,2580,1736,719,14,0,0,89,22,0,0,67.28682170542636,27.868217054263567,0.5426356589147286,0.0,0.8527131782945736
5107305,São José do Rio Claro - MT,12594,7579,3705,93,9,0,197,1012,0,0,60.179450531999365,29.418770843258695,0.7384468794664126,0.07146260123868509,8.035572494838812
5107354,São José do Xingu - MT,4782,2467,1555,14,6,182,142,404,0,12,51.589293182768714,32.51777498954412,0.2927645336679214,0.12547051442910917,8.448347971560016
5107404,São Pedro da Cipa - MT,3531,1801,1464,5,3,0,30,227,0,0,51.00538091192297,41.46134239592183,0.1416029453412631,0.08496176720475786,6.4287737184933444
5107578,Rondolândia - MT,2829,1193,1295,0,0,3,65,273,0,0,42.17037822552138,45.77589254153411,0.0,0.0,9.650053022269352
5107602,Rondonópolis - MT,208259,109949,70057,2787,1163,187,7366,16622,64,63,52.794357026587086,33.63936252454876,1.3382374831339823,0.5584392511248013,7.981407766291013
5107701,Rosário Oeste - MT,13329,10265,2587,93,0,0,180,204,0,0,77.01252907194838,19.40880786255533,0.6977267611973892,0.0,1.530497411658789
5107743,Santa Cruz do Xingu - MT,2194,1127,702,0,0,0,55,303,0,6,51.367365542388335,31.996353691886963,0.0,0.0,13.810391978122151
5107750,Salto do Céu - MT,3196,1379,1338,0,0,0,23,456,0,0,43.1476846057572,41.8648310387985,0.0,0.0,14.267834793491865
5107768,Santa Rita do Trivelato - MT,2629,1386,892,13,0,0,8,330,0,0,52.71966527196653,33.92925066565234,0.49448459490300495,0.0,12.552301255230125
5107776,Santa Terezinha - MT,6107,3651,1292,12,7,713,121,301,10,0,59.7838545930899,21.15605043392828,0.19649582446373015,0.11462256427050925,4.928770263631898
5107792,Santo Antônio do Leste - MT,3250,1743,927,0,3,388,81,102,5,0,53.63076923076923,28.523076923076925,0.0,0.09230769230769231,3.1384615384615384
5107800,Santo Antônio de Leverger - MT,12887,8949,2559,94,98,6,144,1031,0,6,69.44207340730969,19.857220454721812,0.729417242182044,0.7604562737642585,8.000310390315823
5107859,São Félix do Araguaia - MT,11538,6498,3853,8,12,73,348,647,80,20,56.3182527301092,33.394002426763734,0.06933610677760443,0.10400416016640665,5.607557635638759
5107875,Sapezal - MT,23886,12210,7474,96,42,6,1028,2966,0,64,51.117809595579,31.290295570627144,0.4019090680733484,0.17583521728208992,12.417315582349493
5107883,Serra Nova Dourada - MT,1514,839,606,17,2,0,22,27,0,0,55.41611624834874,40.02642007926024,1.1228533685601056,0.13210039630118892,1.7833553500660502
5107909,Sinop - MT,165515,96031,45924,780,261,113,3975,18350,53,28,58.019514847596895,27.74612572878591,0.47125638159683414,0.15768963538047912,11.086608464489624
5107925,Sorriso - MT,91302,55738,25144,494,289,0,3297,6215,120,5,61.04795075682898,27.539374822019234,0.5410615320584434,0.31653194891678166,6.807079801099647
5107941,Tabaporã - MT,8088,4847,2381,0,2,0,171,641,32,14,59.92828882294758,29.438674579624134,0.0,0.024727992087042534,7.925321463897132
5107958,Tangará da Serra - MT,90695,49480,28016,669,333,774,2766,8611,0,45,54.55648051160483,30.890346766635428,0.7376371354539941,0.3671646728044545,9.494459452009483
5108006,Tapurah - MT,11947,7927,3482,10,18,0,195,300,0,15,66.35138528500879,29.145392148656565,0.08370302167908261,0.15066543902234872,2.5110906503724784
5108055,Terra Nova do Norte - MT,9015,6051,2306,56,0,0,99,361,0,142,67.12146422628952,25.579589572933997,0.6211869107043816,0.0,4.004437049362174
5108105,Tesouro - MT,2594,1827,638,4,4,0,100,22,0,0,70.43176561295297,24.595219737856592,0.15420200462606015,0.15420200462606015,0.8481110254433307
5108204,Torixoréu - MT,3719,2405,836,53,0,0,50,359,0,16,64.66792148426997,22.479161064802366,1.425114278031729,0.0,9.653132562516806
5108303,União do Sul - MT,3174,1950,839,0,2,0,262,121,0,0,61.43667296786389,26.43352236925016,0.0,0.0630119722747322,3.812224322621298
5108352,Vale de São Domingos - MT,2515,1597,899,0,0,0,13,6,0,0,63.49900596421471,35.7455268389662,0.0,0.0,0.23856858846918488
5108402,Várzea Grande - MT,253075,138053,79999,3116,2246,19,11459,17857,43,284,54.55023214462116,31.610787316013038,1.231255556653166,0.8874839474464091,7.05601106391386
5108501,Vera - MT,10582,6932,2447,41,19,0,330,813,0,0,65.50746550746551,23.124173124173126,0.38745038745038746,0.17955017955017955,7.682857682857683
5108600,Vila Rica - MT,16732,7987,6887,24,0,0,943,891,0,0,47.734879273248865,41.160650251016015,0.14343772412144393,0.0,5.325125508008607
5108808,Nova Guarita - MT,3962,3206,590,0,6,0,27,134,0,0,80.91872791519435,14.891468955073195,0.0,0.1514386673397274,3.382130237253912
5108857,Nova Marilândia - MT,2946,1751,942,23,0,0,37,194,0,0,59.43652410047522,31.975560081466394,0.7807196198234895,0.0,6.58520027155465
5108907,Nova Maringá - MT,4807,2603,1358,16,0,6,368,456,0,0,54.1501976284585,28.250468067401705,0.3328479301019347,0.0,9.486166007905139
5108956,Nova Monte Verde - MT,7035,4646,1730,18,4,10,36,590,0,0,66.04122245913291,24.591329068941008,0.255863539445629,0.05685856432125089,8.386638237384506
5200050,Abadia de Goiás - GO,15919,7286,6677,134,59,0,494,1263,0,5,45.769206608455306,41.94358942144607,0.8417614171744456,0.3706262956215843,7.933915446950185
5200100,Abadiânia - GO,14910,10443,3612,70,10,0,253,521,0,0,70.04024144869216,24.225352112676056,0.4694835680751174,0.0670690811535882,3.494299128101945
5200134,Acreúna - GO,18687,10287,6312,273,22,0,445,1340,0,8,55.04896452078985,33.77749237437791,1.4609086530743298,0.11772890244555038,7.170760421683523
5200159,Adelândia - GO,2049,854,958,0,0,0,12,224,0,0,41.67886774036115,46.75451439726696,0.0,0.0,10.932162030258663
5200175,Água Fria de Goiás - GO,4265,3299,826,5,4,0,58,60,0,14,77.35052754982415,19.36694021101993,0.11723329425556858,0.09378663540445487,1.4067995310668229
5200209,Água Limpa - GO,1633,672,379,259,6,0,95,222,0,0,41.15125535823638,23.208818126148195,15.86037966932027,0.3674219228413962,13.59461114513166
5200258,Águas Lindas de Goiás - GO,187124,83722,67210,1077,1233,0,10177,23305,47,353,44.74145486415425,35.917359611808216,0.575554177978239,0.6589213569611595,12.454308373057438
5200308,Alexânia - GO,23105,13940,7145,122,40,0,406,1452,0,0,60.3332611988747,30.924042415061674,0.5280242371781,0.17312270071413113,6.28435403592296
5200506,Aloândia - GO,1767,811,581,13,0,0,26,335,0,0,45.89700056593096,32.88058856819468,0.7357102433503112,0.0,18.958687040181097
5200555,Alto Horizonte - GO,5155,3058,1669,21,15,0,112,274,0,6,59.321047526673134,32.376333656644036,0.4073714839961203,0.2909796314258002,5.315227934044617
5200605,Alto Paraíso de Goiás - GO,8666,3396,2108,398,96,26,781,1862,0,0,39.187629817678285,24.324948072928688,4.59266097392107,1.107777521347796,21.486268174474958
5200803,Alvorada do Norte - GO,7238,4924,1727,83,40,0,59,383,0,21,68.0298424979276,23.86018237082067,1.1467256148107212,0.5526388505111909,5.291516993644653
5200829,Amaralina - GO,2902,1942,897,3,0,0,4,53,0,2,66.91936595451413,30.90971743625086,0.10337698139214335,0.0,1.8263266712611992
5200852,Americano do Brasil - GO,4722,3314,1275,21,0,0,56,56,0,0,70.18212621770436,27.001270648030495,0.44472681067344344,0.0,1.1859381617958493
5200902,Amorinópolis - GO,2730,1392,1082,26,0,0,65,165,0,0,50.989010989010985,39.633699633699635,0.9523809523809523,0.0,6.043956043956044
5201108,Anápolis - GO,345130,173433,133479,4022,1379,56,12014,19528,907,313,50.25149943499551,38.67499203198795,1.1653579810506185,0.39955958624286503,5.658157795613247
5201207,Anhanguera - GO,832,442,256,28,0,0,27,78,0,0,53.125,30.76923076923077,3.3653846153846154,0.0,9.375
5201306,Anicuns - GO,16394,9366,4715,86,19,0,1677,464,0,68,57.13065755764304,28.760522142247165,0.524582164206417,0.11589605953397585,2.830303769671831
5201405,Aparecida de Goiânia - GO,454115,193715,174795,8445,4092,0,31279,41385,104,300,42.657696838906446,38.49135130969027,1.8596610990608107,0.901093335388613,9.113330323816655
5201454,Aparecida do Rio Doce - GO,2542,1286,696,107,0,0,227,222,3,0,50.590086546026754,27.380015735641226,4.209284028324154,0.0,8.733280881195908
5201504,Aporé - GO,3675,1938,1372,24,0,0,97,243,0,0,52.734693877551024,37.333333333333336,0.6530612244897959,0.0,6.612244897959184
5201603,Araçu - GO,3404,2162,992,73,6,0,123,49,0,0,63.513513513513516,29.142185663924796,2.144535840188014,0.1762632197414806,1.4394829612220916
5201702,Aragarças - GO,16049,7088,6104,164,28,0,390,2246,0,30,44.16474546700729,38.03352233784037,1.021870521527821,0.17446569879743287,13.994641410679794
5201801,Aragoiânia - GO,10329,4510,4108,83,41,0,902,674,11,0,43.663471778487754,39.77151708781102,0.8035627843934553,0.39694065253170685,6.525317068448059
5202155,Araguapaz - GO,6290,3805,2188,18,4,0,116,150,7,3,60.492845786963436,34.78537360890302,0.2861685214626391,0.06359300476947535,2.384737678855326
5202353,Arenópolis - GO,2611,1585,884,21,5,0,24,91,0,0,60.7047108387591,33.85675986212179,0.8042895442359249,0.19149751053236308,3.485254691689008
5202502,Aruanã - GO,7161,3886,2456,38,11,0,324,442,4,0,54.2661639435833,34.29688590978913,0.5306521435553694,0.15360983102918588,6.172322301354559
5202601,Aurilândia - GO,2977,2192,449,9,0,0,89,238,0,0,73.63117232112866,15.082297615048708,0.3023177695666779,0.0,7.99462546187437
5202809,Avelinópolis - GO,2574,1831,535,7,1,2,181,17,0,0,71.13442113442113,20.784770784770785,0.27195027195027194,0.03885003885003885,0.6604506604506605
5203104,Baliza - GO,2958,2069,729,33,4,0,47,75,0,0,69.94590939824205,24.64503042596349,1.1156186612576064,0.1352265043948614,2.535496957403651
5203203,Barro Alto - GO,8869,4875,3112,19,6,0,276,571,11,0,54.96673807644605,35.08851054233848,0.21422933814409742,0.06765136994024129,6.438155372646296
5203302,Bela Vista de Goiás - GO,30175,16140,8219,491,120,0,2685,2521,0,0,53.487986743993375,27.23777961888981,1.627174813587407,0.3976801988400994,8.354598177299088
5203401,Bom Jardim de Goiás - GO,6987,4535,2100,24,4,0,161,88,0,74,64.90625447259195,30.055817947617005,0.34349506225848003,0.05724917704308,1.2594818949477602
5203500,Bom Jesus de Goiás - GO,20652,13624,4435,202,32,0,288,2055,9,7,65.96939763703273,21.474917683517337,0.9781134999031571,0.15494867325198527,9.95061011040093
5203559,Bonfinópolis - GO,8945,4465,3312,81,0,0,233,854,0,0,49.91615427613192,37.02627166014533,0.9055338177752935,0.0,9.547233091112354
5203575,Bonópolis - GO,2874,1672,1032,6,7,0,68,89,0,0,58.176757132915796,35.90814196242171,0.20876826722338204,0.24356297842727906,3.0967292971468336
5203609,Brazabrantes - GO,3509,1796,1415,22,7,0,73,194,0,2,51.1826731262468,40.32487888287261,0.6269592476489029,0.19948703334283271,5.528640638358507
5203807,Britânia - GO,4951,3010,1557,41,9,3,110,221,0,0,60.795798828519494,31.44819228438699,0.828115532215714,0.1817814582912543,4.4637446980407995
5203906,Buriti Alegre - GO,9238,6188,1989,360,0,0,200,500,0,0,66.98419571335786,21.530634336436457,3.896947391210219,0.0,5.412426932236415
5203939,Buriti de Goiás - GO,2423,913,1219,4,2,0,75,210,0,0,37.68056128765993,50.309533635988444,0.1650846058605035,0.08254230293025175,8.666941807676434
5203962,Buritinópolis - GO,2713,1956,677,0,0,0,34,44,2,0,72.09730925175083,24.953925543678583,0.0,0.0,1.6218208625138224
5204003,Cabeceiras - GO,6506,5029,1078,69,0,0,61,265,5,0,77.29787888103289,16.569320627113434,1.0605594835536427,0.0,4.073163233937904
5204102,Cachoeira Alta - GO,9993,5715,2585,269,21,0,312,1080,5,7,57.19003302311618,25.868107675372762,2.691884319023316,0.21014710297208045,10.807565295706995
5204201,Cachoeira de Goiás - GO,1266,689,401,8,0,0,14,154,0,0,54.42338072669826,31.674565560821485,0.631911532385466,0.0,12.164296998420221
5204250,Cachoeira Dourada - GO,6848,4580,1160,358,38,0,198,514,0,0,66.88084112149532,16.939252336448597,5.227803738317757,0.5549065420560748,7.505841121495327
5204300,Caçu - GO,12113,7130,3188,478,15,0,280,1017,0,5,58.86237926194997,26.318831008007926,3.946173532568315,0.1238338974655329,8.39593824816313
5204409,Caiapônia - GO,14597,7756,4837,110,10,0,608,1255,0,21,53.13420565869699,33.13694594779749,0.7535795026375283,0.06850722751250257,8.597657052819072
5204508,Caldas Novas - GO,85312,36766,30144,2687,805,58,5171,9643,0,39,43.09593023255814,35.333833458364595,3.1496155288822205,0.9435952738184546,11.303216429107277
5204557,Caldazinha - GO,3944,2490,1017,26,2,0,134,269,0,6,63.13387423935091,25.786004056795132,0.6592292089249493,0.05070993914807302,6.820486815415822
5204607,Campestre de Goiás - GO,3232,1549,1307,5,0,0,56,315,0,0,47.926980198019805,40.43935643564357,0.1547029702970297,0.0,9.746287128712872
5204656,Campinaçu - GO,3238,1899,1186,13,0,0,104,36,0,0,58.647313156269306,36.62754786905497,0.40148239654107476,0.0,1.1117974058060531
5204706,Campinorte - GO,10731,7027,3321,54,13,0,104,206,0,6,65.48317957319914,30.947721554375175,0.5032149846239866,0.12114434815021899,1.9196719783803933
5204805,Campo Alegre de Goiás - GO,6393,3432,1286,85,0,3,1248,331,9,0,53.68371656499296,20.115751603316127,1.3295792272798372,0.0,5.177537932113249
5204854,Campo Limpo de Goiás - GO,6809,4052,2498,5,0,0,74,180,0,0,59.509472756645614,36.686738140696136,0.0734322220590395,0.0,2.643559994125422
5204904,Campos Belos - GO,15472,9726,4756,117,37,0,303,488,20,25,62.861944157187175,30.739400206825234,0.7562047569803516,0.2391416752843847,3.1540847983453983
5204953,Campos Verdes - GO,3503,2292,1036,2,0,0,39,134,0,0,65.42963174421924,29.574650299743077,0.05709391949757351,0.0,3.825292606337425
5205000,Carmo do Rio Verde - GO,8560,4614,3489,66,5,0,41,315,4,27,53.901869158878505,40.75934579439252,0.7710280373831776,0.05841121495327103,3.6799065420560746
5205059,Castelândia - GO,2643,2037,561,9,13,0,23,1,0,0,77.07150964812713,21.225879682179343,0.340522133938706,0.49186530457813094,0.037835792659856225
5205109,Catalão - GO,99979,53975,28986,3205,576,0,4897,8073,0,268,53.986337130797466,28.992088338551095,3.2056731913701877,0.5761209854069355,8.07469568609408
5205208,Caturaí - GO,4572,2531,1290,322,75,0,104,250,0,0,55.358705161854765,28.21522309711286,7.042869641294838,1.6404199475065617,5.468066491688539
5205307,Cavalcante - GO,8039,5453,1481,154,53,4,333,561,0,0,67.8318198780943,18.422689389227514,1.9156611518845628,0.6592859808433885,6.978479910436621
5205406,Ceres - GO,19456,11105,6821,200,0,0,442,864,0,24,57.07750822368421,35.05859375,1.0279605263157894,0.0,4.440789473684211
5205455,Cezarina - GO,7087,3624,2775,65,126,0,208,278,0,11,51.13588260194723,39.156201495696344,0.9171722872865811,1.7779032030478341,3.9226753210103005
5205471,Chapadão do Céu - GO,10627,5362,3918,39,21,0,423,854,0,11,50.456384680530725,36.86835419215207,0.3669897431071798,0.19760986167309683,8.036134374705938
5205497,Cidade Ocidental - GO,76731,36249,24761,880,833,0,4070,9839,17,81,47.24166243109043,32.26987788507904,1.1468637187056079,1.085610770092922,12.822718327664177
5205513,Cocalzinho de Goiás - GO,21441,12617,6075,268,90,0,583,1743,8,57,58.84520311552633,28.33356653141178,1.249941700480388,0.41975654120610045,8.12928501469148
5205521,Colinas do Sul - GO,3422,2233,886,30,11,0,13,250,0,0,65.2542372881356,25.891291642314435,0.8766803039158387,0.32144944476914084,7.305669199298656
5205703,Córrego do Ouro - GO,2196,1033,975,5,0,0,24,156,0,5,47.04007285974499,44.39890710382514,0.22768670309653916,0.0,7.103825136612022
5205802,Corumbá de Goiás - GO,9284,7037,1749,82,0,0,128,245,0,44,75.79707022834985,18.838862559241708,0.8832399827660491,0.0,2.638948728996122
5205901,Corumbaíba - GO,8028,5038,1944,353,46,0,417,211,18,0,62.7553562531141,24.2152466367713,4.397110114598904,0.57299451918286,2.628300946686597
5206206,Cristalina - GO,52030,31992,13427,641,353,39,956,4589,0,32,61.48760330578512,25.806265615990775,1.2319815491062849,0.678454737651355,8.819911589467615
5206305,Cristianópolis - GO,3124,1049,1487,21,76,0,253,238,0,0,33.57874519846351,47.59923175416133,0.6722151088348272,2.4327784891165174,7.618437900128041
5206404,Crixás - GO,14808,9164,4752,27,0,0,117,749,0,0,61.885467314964885,32.090761750405186,0.18233387358184766,0.0,5.058076715289033
5206503,Cromínia - GO,3452,1925,998,31,17,0,69,399,0,14,55.76477404403244,28.91077636152955,0.8980301274623407,0.492468134414832,11.558516801853997
5206602,Cumari - GO,2591,1552,618,49,6,0,111,256,0,0,59.899652643766885,23.851794673871094,1.8911617136240835,0.23157082207641838,9.880355075260518
5206701,Damianópolis - GO,3275,2331,539,6,0,0,298,91,0,10,71.17557251908397,16.458015267175572,0.183206106870229,0.0,2.7786259541984735
5206800,Damolândia - GO,2462,1999,373,5,3,0,32,51,0,0,81.19415109666937,15.150284321689684,0.20308692120227456,0.12185215272136475,2.0714865962632008
5206909,Davinópolis - GO,1699,1158,273,121,0,0,23,123,0,0,68.15773984696881,16.068275456150676,7.121836374337846,0.0,7.239552678045909
5207105,Diorama - GO,1837,1190,507,4,0,0,44,92,0,0,64.77953184540011,27.59934676102341,0.21774632553075668,0.0,5.008165487207403
5207253,Doverlândia - GO,6091,3765,1649,32,7,0,105,528,0,5,61.81251026104088,27.072730257757346,0.5253652930553275,0.1149236578558529,8.668527335412904
5207352,Edealina - GO,3550,2230,1054,5,0,0,128,133,0,0,62.816901408450704,29.690140845070424,0.14084507042253522,0.0,3.7464788732394365
5207402,Edéia - GO,10116,6215,2898,126,9,0,192,671,0,5,61.43732700672202,28.647686832740213,1.2455516014234875,0.08896797153024912,6.633056544088572
5207501,Estrela do Norte - GO,2803,1967,637,3,0,0,2,191,0,3,70.17481270067785,22.72565108811987,0.10702818408847663,0.0,6.814127720299679
5207535,Faina - GO,6289,3975,1819,46,15,0,48,376,0,10,63.20559707425664,28.923517252345366,0.7314358403561775,0.23851168707266657,5.978692955954842
5207600,Fazenda Nova - GO,5280,2947,1830,40,0,0,110,353,0,0,55.81439393939394,34.65909090909091,0.7575757575757576,0.0,6.6856060606060606
5207808,Firminópolis - GO,9232,6065,2851,16,4,0,113,179,0,5,65.69540727902947,30.881715771230503,0.1733102253032929,0.043327556325823226,1.9389081455805892
5207907,Flores de Goiás - GO,11741,7169,3916,62,55,14,191,333,0,0,61.059534962950345,33.35320671152372,0.5280640490588536,0.4684439144876927,2.8362149731709394
5208004,Formosa - GO,99117,65554,23680,1660,440,0,3130,4563,13,78,66.13799852699336,23.89095715164906,1.674788381407831,0.44391981193942515,4.603650231544538
5208103,Formoso - GO,4122,2699,1191,4,3,0,41,184,0,0,65.47792333818535,28.893740902474526,0.09704027171276079,0.07278020378457059,4.463852498786997
5208152,Gameleira de Goiás - GO,3021,2046,836,6,2,0,55,77,0,0,67.72591857000992,27.67295597484277,0.19860973187686196,0.066203243958954,2.5488248924197285
5208301,Divinópolis de Goiás - GO,3892,2752,956,0,0,0,105,79,0,0,70.70914696813978,24.563206577595068,0.0,0.0,2.029804727646454
5208400,Goianápolis - GO,11973,5964,4580,84,23,0,587,736,0,0,49.812077173640695,38.25273532113923,0.7015785517414181,0.19209888916729306,6.147164453353378
5208509,Goiandira - GO,4475,2266,1037,251,12,0,731,173,0,6,50.63687150837989,23.1731843575419,5.608938547486034,0.2681564245810056,3.8659217877094973
5208608,Goianésia - GO,64155,38495,20769,232,40,0,1033,3511,22,52,60.00311744992596,32.37315875613748,0.36162419141142543,0.06234899851921129,5.47268334502377
5208707,Goiânia - GO,1265266,591911,429165,46311,9080,232,70683,116651,400,833,46.78154633096914,33.91895459136656,3.6601789663201254,0.717635659221065,9.219484282356436
5208806,Goianira - GO,60487,24293,23972,483,288,19,3567,7673,76,115,40.16234893448179,39.63165638897615,0.798518689966439,0.4761353679302991,12.68537041017078
5208905,Goiás - GO,21607,13278,5494,601,147,0,1010,1077,0,0,61.45230712269172,25.426944971537,2.781505993428056,0.6803350765955477,4.984495765261258
5209101,Goiatuba - GO,31308,18246,7783,897,49,0,927,3343,0,65,58.27903411268685,24.8594608406797,2.8650824070525105,0.15650951833397214,10.677782036540181
5209150,Gouvelândia - GO,3804,2397,782,35,0,0,60,531,0,0,63.01261829652997,20.55730809674027,0.9200841219768665,0.0,13.958990536277602
5209200,Guapó - GO,16658,7664,5102,130,59,12,884,2802,0,5,46.00792412054268,30.62792652179133,0.7804058110217313,0.35418417577140116,16.82074678832993
5209291,Guaraíta - GO,1985,649,1195,0,0,0,50,88,0,3,32.695214105793454,60.2015113350126,0.0,0.0,4.433249370277078
5209408,Guarani de Goiás - GO,3552,2817,675,0,0,0,6,54,0,0,79.30743243243244,19.00337837837838,0.0,0.0,1.5202702702702702
5209457,Guarinos - GO,1935,1537,298,0,0,0,15,83,0,2,79.43152454780362,15.400516795865633,0.0,0.0,4.289405684754522
5209606,Heitoraí - GO,3001,1493,1221,38,0,0,34,215,0,0,49.750083305564814,40.68643785404865,1.2662445851382873,0.0,7.164278573808731
5209705,Hidrolândia - GO,23836,12546,7847,762,109,0,863,1709,0,0,52.63467024668569,32.92079207920792,3.1968451082396374,0.4572914918610505,7.1698271522067465
5209804,Hidrolina - GO,3167,2745,392,0,0,0,16,14,0,0,86.67508683296495,12.377644458478056,0.0,0.0,0.4420587306599305
5209903,Iaciara - GO,9036,6980,1688,28,0,0,101,231,0,8,77.24656927844178,18.68083222664896,0.3098716246126605,0.0,2.556440903054449
5209937,Inaciolândia - GO,5216,3306,966,67,17,0,180,680,0,0,63.3819018404908,18.51993865030675,1.2845092024539877,0.325920245398773,13.036809815950921
5209952,Indiara - GO,14858,7795,5119,60,0,0,477,1393,15,0,52.46331942387939,34.452820029613676,0.40382285637367077,0.0,9.375420648808722
5210000,Inhumas - GO,45951,26448,14117,1558,151,0,1434,2215,0,27,57.55696285173337,30.72185588996975,3.3905682139670517,0.32861091162325085,4.820352114208614
5210109,Ipameri - GO,22460,13990,5582,586,31,0,586,1632,13,40,62.28851291184328,24.85307212822796,2.609082813891362,0.13802315227070347,7.266251113089938
5210158,Ipiranga de Goiás - GO,2624,1593,899,0,0,0,31,101,0,0,60.708841463414636,34.260670731707314,0.0,0.0,3.8490853658536586
5210208,Iporá - GO,31432,17025,11049,271,36,0,858,2165,0,28,54.16454568592517,35.15207431916518,0.8621786714176636,0.11453296004072283,6.887884958004581
5210307,Israelândia - GO,2318,1430,628,0,0,0,69,185,0,6,61.69111302847282,27.092320966350304,0.0,0.0,7.981018119068162
5210406,Itaberaí - GO,38563,20758,12623,440,216,0,2031,2396,0,100,53.82879962658507,32.733449161112986,1.1409900682000882,0.5601223971164069,6.213209553198662
5210562,Itaguari - GO,4426,2650,1471,38,16,0,33,213,0,5,59.87347492092182,33.23542702214189,0.8585630366018979,0.3615002259376412,4.812471757794849
5210604,Itaguaru - GO,4415,2526,1614,8,9,0,79,180,0,0,57.214043035107586,36.55719139297848,0.1812004530011325,0.20385050962627407,4.077010192525481
5210802,Itajá - GO,3873,2042,1163,126,19,0,70,454,0,0,52.723986573715464,30.028401755744902,3.2532920216886136,0.490575781048283,11.722179189258972
5210901,Itapaci - GO,18288,12248,4843,81,36,0,246,826,0,9,66.97287839020123,26.481846019247595,0.44291338582677164,0.1968503937007874,4.516622922134733
5211008,Itapirapuã - GO,7066,4004,2408,88,15,0,131,403,0,16,56.66572318143221,34.07868666855364,1.2454005094820266,0.21228417775261818,5.7033682422870084
5211206,Itapuranga - GO,23302,10174,10812,65,12,0,544,1664,0,31,43.66148828426744,46.399450690927814,0.27894601321774953,0.05149772551712299,7.141017938374389
5211305,Itarumã - GO,5285,3562,1222,87,16,0,190,189,19,0,67.39829706717124,23.122043519394513,1.6461684011352886,0.30274361400189215,3.576158940397351
5211404,Itauçu - GO,6920,4557,1942,103,31,0,57,230,0,0,65.85260115606937,28.063583815028903,1.4884393063583814,0.4479768786127168,3.3236994219653178
5211503,Itumbiara - GO,94039,50667,18906,7387,679,12,3266,13017,22,83,53.878709896957645,20.104424759940024,7.855251544571933,0.7220408553897851,13.842129329320814
5211602,Ivolândia - GO,2399,1710,626,1,0,0,27,36,0,0,71.2796998749479,26.09420591913297,0.041684035014589414,0.0,1.5006252605252188
5211701,Jandaia - GO,5596,2808,1946,12,2,0,170,655,4,0,50.17869907076483,34.77483917083631,0.21443888491779842,0.035739814152966405,11.704789135096497
5211800,Jaraguá - GO,39286,25805,11934,165,10,0,373,967,0,31,65.6849768365321,30.377233620119128,0.41999694547676014,0.025454360331924858,2.461436644097134
5211909,Jataí - GO,91598,39856,28031,6768,341,0,3628,12875,24,74,43.511867071333434,30.602196554509923,7.38880761588681,0.37227887071770127,14.055983755103822
5212006,Jaupaci - GO,2628,1311,924,0,0,0,30,362,0,0,49.885844748858446,35.15981735159817,0.0,0.0,13.774733637747337
5212055,Jesúpolis - GO,1854,1521,261,0,0,0,36,34,0,2,82.03883495145631,14.077669902912621,0.0,0.0,1.8338727076591155
5212105,Joviânia - GO,6268,3642,1793,51,19,0,188,575,0,0,58.104658583280155,28.60561582641991,0.8136566687938737,0.30312699425654116,9.173580089342693
5212204,Jussara - GO,17243,9442,5608,235,15,0,527,1416,0,0,54.75845270544569,32.52334280577626,1.362871890042336,0.08699182276865974,8.21202806936148
5212253,Lagoa Santa - GO,1175,489,443,2,0,0,34,207,0,0,41.61702127659574,37.702127659574465,0.1702127659574468,0.0,17.617021276595743
5212303,Leopoldo de Bulhões - GO,7634,4666,2091,116,36,0,254,431,0,39,61.121299449829706,27.39062090647105,1.5195179460309143,0.47157453497511137,5.645795127063138
5212501,Luziânia - GO,176736,94939,57310,1914,1311,23,5236,15754,20,229,53.71797483251856,32.42689661415897,1.0829712112982075,0.7417843563280826,8.913860220894442
5212600,Mairipotaba - GO,2304,1411,532,72,7,0,42,239,0,0,61.24131944444444,23.09027777777778,3.125,0.3038194444444444,10.37326388888889
5212709,Mambaí - GO,6741,3917,2459,0,5,0,59,289,0,11,58.10710577065717,36.47826731938881,0.0,0.07417297136923305,4.28719774514167
5212808,Mara Rosa - GO,9363,6126,2597,53,23,0,106,459,0,0,65.42774751682153,27.736836484032896,0.5660578874292428,0.24564776246929404,4.902274911887216
5212907,Marzagão - GO,2378,1110,830,14,2,0,87,334,0,0,46.67788057190917,34.90328006728343,0.5887300252312868,0.08410428931875526,14.045416316232128
5212956,Matrinchã - GO,3565,2159,1123,5,0,0,71,207,0,0,60.56100981767181,31.50070126227209,0.1402524544179523,0.0,5.806451612903226
5213004,Maurilândia - GO,8827,5045,2401,26,0,0,191,1164,0,0,57.154186020165405,27.200634417129262,0.29455081001472755,0.0,13.186813186813186
5213053,Mimoso de Goiás - GO,2261,1078,788,0,0,0,50,219,2,124,47.6780185758514,34.85183547103052,0.0,0.0,9.685979655019903
5213087,Minaçu - GO,23616,13100,8754,207,0,0,338,1086,50,82,55.47086720867209,37.06808943089431,0.8765243902439024,0.0,4.598577235772358
5213103,Mineiros - GO,59411,36904,14651,646,401,0,1854,4869,24,62,62.11644308293077,24.66041642120146,1.087340728147986,0.6749591826429449,8.195452020669572
5213400,Moiporá - GO,1510,904,538,0,0,0,12,51,0,4,59.86754966887417,35.629139072847686,0.0,0.0,3.377483443708609
5213509,Monte Alegre de Goiás - GO,5572,4060,1270,0,3,0,111,128,0,0,72.8643216080402,22.792534099066764,0.0,0.05384063173007897,2.297200287150036
5213707,Montes Claros de Goiás - GO,7683,4567,2454,38,0,0,190,433,0,0,59.442925940387866,31.940648184303008,0.49459846414161135,0.0,5.6358193414030975
5213756,Montividiu - GO,10720,5840,3369,69,0,0,229,1213,0,0,54.47761194029851,31.42723880597015,0.6436567164179104,0.0,11.315298507462687
5213772,Montividiu do Norte - GO,3286,2127,1136,0,0,0,3,11,0,9,64.72915398660986,34.570906877662814,0.0,0.0,0.33475349969567864
5213806,Morrinhos - GO,44879,26010,11752,1882,125,0,1793,3298,0,19,57.95583680563293,26.185966710488202,4.1934980725952,0.2785267051404889,7.348648588426658
5213855,Morro Agudo de Goiás - GO,2169,1302,740,0,4,0,22,101,0,0,60.02766251728907,34.11710465652374,0.0,0.18441678192715538,4.6565237436606735
5213905,Mossâmedes - GO,4173,2821,1115,44,0,0,77,117,0,0,67.601246105919,26.719386532470644,1.054397316079559,0.0,2.803738317757009
5214002,Mozarlândia - GO,12548,7102,4142,60,0,0,472,762,0,11,56.598661141217725,33.00924450111572,0.47816385081287854,0.0,6.0726809053235575
5214051,Mundo Novo - GO,5446,3210,1674,2,5,0,38,517,0,0,58.942343004039664,30.73815644509732,0.03672420124862284,0.0918105031215571,9.493206022769005
5214101,Mutunópolis - GO,3138,1868,1019,12,0,0,43,196,0,0,59.52836201402167,32.47291268323773,0.3824091778202677,0.0,6.246016571064372
5214408,Nazário - GO,7109,4058,2489,32,34,0,140,356,0,0,57.08257138838093,35.01195667463778,0.4501336334224223,0.4782669855113237,5.007736671824448
5214507,Nerópolis - GO,27289,15582,8096,676,58,0,916,1951,10,0,57.09993037487632,29.66763164645095,2.4771886107955585,0.21253985122210414,7.149400857488366
5214606,Niquelândia - GO,30987,18318,10469,171,84,0,531,1338,9,65,59.115112789234196,33.78513570206861,0.551844321812373,0.27108142124116563,4.317939781198567
5214705,Nova América - GO,2059,1469,548,0,0,0,24,18,0,0,71.34531325886353,26.61486158329286,0.0,0.0,0.8742107819329772
5214804,Nova Aurora - GO,1879,1208,294,157,11,0,21,187,0,0,64.28951569984034,15.646620542841937,8.355508249068654,0.5854177754124534,9.952102182011709
5214838,Nova Crixás - GO,10990,5997,3779,34,0,0,162,1011,6,0,54.56778889899909,34.38580527752502,0.3093721565059145,0.0,9.199272065514103
5214861,Nova Glória - GO,7424,3695,3105,0,5,0,254,332,0,33,49.771012931034484,41.82381465517241,0.0,0.06734913793103449,4.4719827586206895
5214879,Nova Iguaçu de Goiás - GO,2593,1650,823,0,0,0,29,91,0,0,63.632857693790974,31.739298110296954,0.0,0.0,3.5094485152333204
5214903,Nova Roma - GO,2671,2119,438,0,0,0,67,47,0,0,79.33358292774241,16.39835267690004,0.0,0.0,1.7596405840509173
5215009,Nova Veneza - GO,8333,6217,1686,95,11,0,119,200,6,0,74.60698427937118,20.232809312372495,1.140045601824073,0.13200528021120844,2.4000960038401535
5215207,Novo Brasil - GO,3148,1848,997,0,0,0,165,137,0,0,58.70393900889454,31.67090216010165,0.0,0.0,4.351969504447268
5215231,Novo Gama - GO,87080,38146,32869,941,743,0,3964,10354,21,43,43.80569591180524,37.745751033532386,1.0806155259531465,0.8532384014699127,11.890215893431327
5215256,Novo Planalto - GO,3246,1538,814,0,8,0,432,454,0,0,47.38139248305607,25.07701786814541,0.0,0.24645717806531114,13.986444855206408
5215306,Orizona - GO,14438,11203,2442,59,11,0,132,588,0,3,77.59384956365147,16.913699958442997,0.40864385648981855,0.07618783765064413,4.072586230779886
5215405,Ouro Verde de Goiás - GO,3566,2829,592,28,0,0,52,65,0,0,79.3325855300056,16.601233875490745,0.7851934941110488,0.0,1.8227706113292204
5215504,Ouvidor - GO,6386,3892,1635,118,0,0,423,305,0,13,60.9458189790166,25.602881302849983,1.8477920450986534,0.0,4.776072658941434
5215603,Padre Bernardo - GO,29670,16012,10619,188,65,0,554,2032,158,43,53.966970003370406,35.79036063363667,0.6336366700370745,0.21907650825749916,6.848668688911358
5215652,Palestina de Goiás - GO,2750,960,1534,0,4,0,51,201,0,0,34.90909090909091,55.78181818181818,0.0,0.14545454545454545,7.3090909090909095
5215702,Palmeiras de Goiás - GO,27258,11501,11515,193,108,0,1230,2693,19,0,42.19311761684643,42.24447868515665,0.7080490131337589,0.3962139555359894,9.879668354244625
5215801,Palmelo - GO,2015,434,543,858,40,0,39,100,0,0,21.53846153846154,26.94789081885856,42.58064516129032,1.9851116625310175,4.962779156327543
5215900,Palminópolis - GO,3403,1361,1675,0,0,0,144,223,0,0,39.994122832794595,49.22127534528357,0.0,0.0,6.553041434028798
5216007,Panamá - GO,2191,1611,332,62,3,0,55,129,0,0,73.52806937471475,15.152898219990872,2.8297581013235966,0.13692377909630304,5.887722501141032
5216304,Paranaiguara - GO,6800,4316,1387,162,6,4,448,455,0,23,63.470588235294116,20.397058823529413,2.3823529411764706,0.08823529411764706,6.6911764705882355
5216403,Paraúna - GO,9343,5079,2954,71,23,0,209,1006,0,0,54.361554104677296,31.617253558814085,0.7599272182382533,0.24617360590816653,10.767419458418066
5216452,Perolândia - GO,2549,1245,819,21,2,0,161,301,0,0,48.84268340525696,32.130247155747355,0.8238524911730091,0.07846214201647705,11.808552373479795
5216809,Petrolina de Goiás - GO,8570,6588,1396,8,16,0,435,121,0,6,76.87281213535589,16.28938156359393,0.09334889148191365,0.1866977829638273,1.411901983663944
5216908,Pilar de Goiás - GO,2049,1657,342,0,0,0,17,33,0,0,80.86871644704733,16.691068814055637,0.0,0.0,1.610541727672035
5217104,Piracanjuba - GO,22237,13472,6013,435,42,32,749,1446,0,49,60.583711831631966,27.0405180554931,1.9561991275801591,0.1888743985249809,6.502675720645771
5217203,Piranhas - GO,10342,6411,3299,84,4,0,194,349,0,0,61.98994391800426,31.899052407658093,0.8122220073486753,0.03867723844517502,3.37458905434152
5217302,Pirenópolis - GO,23389,16481,4805,220,86,0,688,1054,0,56,70.46474838599342,20.54384539740904,0.9406131087263243,0.36769421522938134,4.506391893625208
5217401,Pires do Rio - GO,28435,14840,9373,624,13,0,608,2922,26,31,52.18920344645683,32.9628978371725,2.194478635484438,0.045718304905925794,10.27606822577809
5217609,Planaltina - GO,88295,42424,30404,1017,645,0,3190,10408,66,142,48.04802083923212,34.43456594371142,1.1518206013930574,0.7305056911489892,11.787756951129735
5217708,Pontalina - GO,16319,11015,3393,393,100,0,693,722,3,0,67.49800845640051,20.79171517862614,2.408235798762179,0.6127826459954654,4.4242907040872606
5218003,Porangatu - GO,38551,24903,11236,234,39,0,553,1544,0,41,64.59754610775336,29.14580685325932,0.6069881455733963,0.10116469092889938,4.005084174210785
5218052,Porteirão - GO,3458,2065,1030,9,7,0,54,293,0,0,59.716599190283404,29.786003470213995,0.26026604973973394,0.20242914979757085,8.473105841526895
5218102,Portelândia - GO,2836,2109,557,20,9,0,38,104,0,0,74.36530324400564,19.64033850493653,0.7052186177715092,0.31734837799717913,3.6671368124118477
5218300,Posse - GO,29672,22422,5619,178,60,0,490,888,14,0,75.56619034780265,18.937045025613372,0.5998921542194662,0.20221083850094365,2.992720409813966
5218391,Professor Jamil - GO,3227,1453,913,473,3,0,49,336,0,0,45.02634025410598,28.2925317632476,14.65757669662225,0.09296560272699102,10.412147505422993
5218508,Quirinópolis - GO,42230,26991,9193,865,105,7,1111,3929,0,28,63.91427894861473,21.768884679138054,2.0483068908358986,0.24863840871418422,9.303812455600283
5218607,Rialma - GO,10643,5730,3600,66,0,4,456,787,0,0,53.83820351404679,33.82504932819694,0.6201259043502771,0.0,7.394531617025275
5218706,Rianápolis - GO,3529,2485,867,11,0,0,49,116,0,0,70.41654859733636,24.567866251062625,0.3117030320204024,0.0,3.287050155851516
5218789,Rio Quente - GO,3353,2042,791,39,21,0,130,325,0,5,60.90068595287802,23.59081419624217,1.1631374888159858,0.6263048016701461,9.69281240679988
5218805,Rio Verde - GO,193163,108223,53450,4684,722,20,9166,16831,3,64,56.02677531411295,27.670930768314843,2.4248950368341764,0.3737775868049264,8.713366431459441
5218904,Rubiataba - GO,17474,11669,4896,125,0,0,215,570,0,0,66.77921483346687,28.018770745107016,0.7153485177978711,0.0,3.2619892411582923
5219001,Sanclerlândia - GO,7026,3554,2928,16,10,0,108,409,0,0,50.58354682607458,41.673783091374894,0.2277255906632508,0.14232849416453175,5.821235411329348
5219100,Santa Bárbara de Goiás - GO,5355,2578,1711,256,3,0,182,626,0,0,48.14192343604108,31.951447245564893,4.780578898225957,0.056022408963585436,11.69000933706816
5219209,Santa Cruz de Goiás - GO,2678,1939,478,88,10,3,52,105,3,0,72.40477968633309,17.849141150112025,3.286034353995519,0.37341299477221807,3.9208364451082898
5219258,Santa Fé de Goiás - GO,4282,2341,1533,4,0,0,101,300,4,0,54.670714619336756,35.80102755721625,0.09341429238673517,0.0,7.006071929005138
5219308,Santa Helena de Goiás - GO,33669,19941,9015,718,109,0,1018,2854,0,13,59.22658825625947,26.77537200392052,2.1325254685318837,0.3237399388161217,8.476640232855148
5219357,Santa Isabel - GO,3152,1877,1052,0,0,0,4,213,0,6,59.5494923857868,33.3756345177665,0.0,0.0,6.75761421319797
5219407,Santa Rita do Araguaia - GO,5131,3409,1154,81,22,0,97,367,0,0,66.43929058663029,22.490742545312806,1.5786396413954396,0.4287663223543169,7.152601832001559
5219456,Santa Rita do Novo Destino - GO,2379,1540,709,0,2,0,37,91,0,0,64.73308112652374,29.80243799915931,0.0,0.08406893652795293,3.8251366120218577
5219506,Santa Rosa de Goiás - GO,2535,2207,281,3,0,0,2,29,0,12,87.0611439842209,11.084812623274162,0.11834319526627218,0.0,1.143984220907298
5219605,Santa Tereza de Goiás - GO,2932,1868,841,0,0,0,47,176,0,0,63.710777626193725,28.68349249658936,0.0,0.0,6.002728512960436
5219704,Santa Terezinha de Goiás - GO,9296,6436,2608,21,4,0,104,105,0,17,69.23407917383821,28.055077452667813,0.22590361445783133,0.043029259896729774,1.1295180722891567
5219712,Santo Antônio da Barra - GO,3732,2151,943,0,0,0,87,551,0,0,57.636655948553056,25.267952840300108,0.0,0.0,14.764201500535906
5219738,Santo Antônio de Goiás - GO,6388,3083,2303,101,7,0,233,658,0,3,48.26236693800877,36.05197244834064,1.5810895428929241,0.10958046336881654,10.300563556668754
5219753,Santo Antônio do Descoberto - GO,60306,28151,22108,721,643,0,2274,6213,32,165,46.680263986999634,36.65970218552051,1.1955692634232082,1.066228899280337,10.302457466918714
5219803,São Domingos - GO,8399,6338,1641,11,9,0,83,308,0,10,75.46136444814859,19.53804024288606,0.130967972377664,0.10715561376354328,3.6671032265745924
5219902,São Francisco de Goiás - GO,5549,3891,1431,44,3,0,40,141,0,0,70.12074247612182,25.788430347810415,0.7929356640836187,0.05406379527842855,2.5409983780861416
5220009,São João d'Aliança - GO,11677,6749,3594,238,11,6,500,555,12,12,57.7973794639034,30.7784533698724,2.03819474180012,0.09420227798235849,4.752933116382633
5220058,São João da Paraúna - GO,1579,933,326,20,0,0,39,261,0,0,59.0880303989867,20.64597846738442,1.266624445851805,0.0,16.529449018366055
5220108,São Luís de Montes Belos - GO,29781,15000,11622,270,45,0,921,1924,0,0,50.367684093885366,39.02488163594238,0.9066183136899365,0.1511030522816561,6.460494946442362
5220157,São Luiz do Norte - GO,4186,2674,1367,9,1,0,66,68,0,0,63.87959866220736,32.656473960821785,0.21500238891543239,0.023889154323936932,1.6244624940277115
5220207,São Miguel do Araguaia - GO,19290,10504,6987,64,35,0,504,1197,0,0,54.4530844997408,36.22083981337481,0.33177812337998963,0.18144116122343182,6.2052877138413685
5220264,São Miguel do Passa Quatro - GO,3943,2436,1177,32,29,3,96,171,0,0,61.78037027643926,29.850367740299266,0.8115647983768705,0.7354805985290388,4.336799391326402
5220280,São Patrício - GO,1895,1216,569,2,0,0,52,45,2,8,64.1688654353562,30.026385224274406,0.10554089709762533,0.0,2.37467018469657
5220405,São Simão - GO,14917,8526,3946,484,33,12,329,1587,0,0,57.15626466447677,26.45304015552725,3.244620231950124,0.2212241067238721,10.638868405175304
5220454,Senador Canedo - GO,130467,51428,49966,2006,694,13,10619,15655,62,23,39.418396989276985,38.29780710831091,1.537553557604605,0.5319352786528394,11.999202863559368
5220504,Serranópolis - GO,6907,2748,2603,143,16,0,153,1236,8,0,39.78572462718981,37.68640509627914,2.0703633994498336,0.23164905168669467,17.894889242797163
5220603,Silvânia - GO,19479,13383,3941,895,101,1,286,838,0,34,68.70475897119975,20.232044766158428,4.594691719287438,0.518507110221264,4.30206889470712
5220686,Simolândia - GO,4965,3942,883,3,0,0,22,92,0,22,79.39577039274924,17.784491440080565,0.06042296072507553,0.0,1.852970795568983
5220702,Sítio d'Abadia - GO,2533,1957,462,23,2,0,29,55,0,4,77.26016581129096,18.239242005527043,0.9080142123963679,0.07895775759968417,2.1713383339913146
5221007,Taquaral de Goiás - GO,3583,2245,1165,50,3,0,92,27,0,0,62.65699134803238,32.51465252581635,1.3954786491766675,0.08372871895060005,0.7535584705554005
5221080,Teresina de Goiás - GO,2218,1537,507,25,0,0,113,35,0,0,69.29666366095582,22.858431018935978,1.127141568981064,0.0,1.5779981965734897
5221197,Terezópolis de Goiás - GO,6884,3434,2241,143,24,0,317,695,0,30,49.88378849506101,32.553747821034285,2.0772806507844277,0.3486345148169669,10.095874491574666
5221304,Três Ranchos - GO,2603,1318,572,214,39,0,24,436,0,0,50.63388398002305,21.974644640799077,8.22128313484441,1.498271225509028,16.749903956972723
5221403,Trindade - GO,121690,58061,44894,1417,527,0,7317,9371,19,85,47.71221957432821,36.89210288437834,1.16443421809516,0.4330676308653135,7.700714931383023
5221452,Trombas - GO,2774,1872,851,4,0,0,23,23,0,0,67.48377793799567,30.67772170151406,0.14419610670511895,0.0,0.829127613554434
5221502,Turvânia - GO,3973,2130,1500,13,0,0,79,251,0,0,53.61188019129121,37.75484520513466,0.32720865844450037,0.0,6.317644097659199
5221551,Turvelândia - GO,4240,2507,1334,4,0,0,78,317,0,0,59.12735849056604,31.462264150943398,0.09433962264150944,0.0,7.476415094339623
5221577,Uirapuru - GO,2474,1548,787,0,0,0,34,101,0,4,62.570735650767986,31.81083265966047,0.0,0.0,4.082457558609539
5221601,Uruaçu - GO,37002,23986,9775,395,69,51,895,1789,0,42,64.82352305280796,26.41749094643533,1.0675098643316578,0.18647640668071996,4.834873790605913
5221700,Uruana - GO,12218,6687,4934,173,5,0,102,316,0,0,54.73072515960059,40.38304141430676,1.4159436896382387,0.04092322802422655,2.586348011131118
5221809,Urutaí - GO,3118,1920,778,110,0,0,70,240,0,0,61.577934573444516,24.951892238614498,3.527902501603592,0.0,7.6972418216805645
5221858,Valparaíso de Goiás - GO,167881,77365,58028,2674,1708,0,10176,17715,28,188,46.08323753134661,34.56495970359958,1.5927948963849394,1.017387316015511,10.552117273544951
5221908,Varjão - GO,3300,1702,1106,12,0,0,31,446,0,2,51.57575757575758,33.515151515151516,0.36363636363636365,0.0,13.515151515151516
5222005,Vianópolis - GO,12939,8312,3294,151,38,0,280,864,0,0,64.23989489141356,25.4579179225597,1.167014452430636,0.2936857562408223,6.6774866682123815
5222054,Vicentinópolis - GO,7540,4485,2536,21,37,0,32,429,0,0,59.48275862068966,33.63395225464191,0.27851458885941643,0.4907161803713528,5.689655172413793
5222203,Vila Boa - GO,3544,2226,733,18,4,0,127,437,0,0,62.81038374717833,20.682844243792324,0.5079006772009029,0.11286681715575621,12.330699774266366
5222302,Vila Propício - GO,5021,2934,1761,5,7,0,40,274,0,0,58.43457478589922,35.072694682334195,0.09958175662218681,0.13941445927106155,5.457080262895838
5300108,Brasília - DF,2466163,1226753,720363,80611,20995,582,120759,277831,15089,3180,49.74338679154622,29.209869745024964,3.2686809428249473,0.8513224794954753,11.265719256999638
