ibge,nome,pop_total,branca,preta,amarela,parda,indigena,pct_branca,pct_preta,pct_parda,pct_negra,pct_amarela,pct_indigena
1100015,Alta Floresta D'Oeste - RO,21494,7590,1297,46,11845,715,35.312180143295805,6.0342421140783475,55.10840234484042,61.14264445891877,0.21401321298967155,3.3265097236438077
1100023,Ariquemes - RO,96833,31263,9619,317,55534,97,32.28548118926399,9.933597017545672,57.35028347774003,67.2838804952857,0.32736773620563236,0.10017246186733861
1100031,Cabixi - RO,5351,2136,345,12,2856,2,39.91777237899458,6.447393010652214,53.37320127079051,59.82059428144272,0.22425714819659875,0.03737619136609979
1100049,Cacoal - RO,86887,32304,6704,365,45836,1675,37.17932487023375,7.715768757121318,52.753576484399275,60.46934524152059,0.42008585864398584,1.9277912691196613
1100056,Cerejeiras - RO,15890,6213,1025,59,8580,13,39.10006293266205,6.4505978602894904,53.99622404027691,60.4468219005664,0.3713027061044682,0.08181246066708622
1100064,Colorado do Oeste - RO,15663,5577,1199,40,8835,12,35.60620570771883,7.654983081146652,56.40681861712316,64.0618016982698,0.25537891847028027,0.07661367554108409
1100072,Corumbiara - RO,7519,2221,634,8,4636,20,29.53850246043357,8.431972336746908,61.65713525734805,70.08910759409495,0.10639712727756351,0.26599281819390874
1100080,Costa Marques - RO,12627,3221,1272,13,7710,410,25.508830284311397,10.073651698740793,61.059634117367544,71.13328581610834,0.10295398748713075,3.2470103745941237
1100098,Espigão D'Oeste - RO,29414,11918,1995,41,14817,643,40.51812062283266,6.782484531175631,50.37397157816006,57.15645610933569,0.13938940640511321,2.1860338614265316
1100106,Guajará-Mirim - RO,39387,6758,3391,111,23781,5346,17.157945515017644,8.609439662832914,60.37778962601874,68.98722928885165,0.2818188742478483,13.573006321882854
1100114,Jaru - RO,50591,15665,4835,73,29949,67,30.964005455515803,9.557035836413592,59.19827637326797,68.75531220968156,0.1442944397224803,0.13243462275898876
1100122,Ji-Paraná - RO,124333,40561,10928,336,70947,1561,32.622875664546015,8.789299703216363,57.06208327636267,65.85138297957903,0.27024201137268467,1.2554993445022642
1100130,Machadinho D'Oeste - RO,30707,8174,2962,37,19495,39,26.619337610316865,9.64600905331032,63.48715276647019,73.13316181978051,0.12049369850522682,0.12700687139740124
1100148,Nova Brasilândia D'Oeste - RO,15679,5492,1268,52,8854,13,35.02774411633395,8.087250462401938,56.47043816569934,64.55768862810127,0.3316538044518145,0.08291345111295363
1100155,Ouro Preto do Oeste - RO,35044,11572,2983,123,20322,44,33.021344595365825,8.512156146558612,57.98995548453373,66.50211163109235,0.35098733021344597,0.12555644332838717
1100189,Pimenta Bueno - RO,35079,11876,2588,134,19941,539,33.85501297072322,7.377633341885459,56.84597622509194,64.2236095669774,0.38199492573904614,1.5365318281592977
1100205,Porto Velho - RO,460434,120941,43467,1287,292098,2628,26.26673964129495,9.440440975253782,63.43971122897093,72.88015220422471,0.27951888870066066,0.570765842661489
1100254,Presidente Médici - RO,19327,6760,1180,46,11334,7,34.97697521601904,6.1054483365240335,58.64334868318932,64.74879701971335,0.238009002949242,0.036218761318362915
1100262,Rio Crespo - RO,3471,1083,315,14,2050,9,31.201382886776145,9.075194468452896,59.06078939786805,68.13598386632094,0.40334197637568425,0.25929127052722556
1100288,Rolim de Moura - RO,56406,20003,4213,140,31949,97,35.46253944615821,7.4690635747970076,56.64113746764529,64.1102010424423,0.2482005460412013,0.17196752118568948
1100296,Santa Luzia D'Oeste - RO,7419,2468,656,35,4258,2,33.26593880576897,8.842162016444265,57.39317967381049,66.23534169025476,0.47176169295053244,0.02695781102574471
1100304,Vilhena - RO,95832,37752,6946,256,50286,589,39.39393939393939,7.248100843142166,52.47307788630103,59.721178729443196,0.2671341514316721,0.6146172468486518
1100320,São Miguel do Guaporé - RO,21635,7385,1992,74,12047,136,34.13450427547955,9.207302981280332,55.68292119251213,64.89022417379246,0.342038363762422,0.6286110469147215
1100338,Nova Mamoré - RO,25444,6319,1966,52,16068,1038,24.834931614526017,7.726772520044018,63.15044804276057,70.8772205628046,0.2043703820154064,4.079547240999843
1100346,Alvorada D'Oeste - RO,13117,4437,1239,16,7416,9,33.8263322406038,9.445757414042845,56.53731798429519,65.98307539833803,0.12197911107722803,0.06861324998094076
1100379,Alto Alegre dos Parecis - RO,11479,3543,906,6,6921,103,30.865057931875597,7.89267357783779,60.292708424078754,68.18538200191654,0.052269361442634374,0.8972907047652234
1100403,Alto Paraíso - RO,16320,4910,1289,6,10104,10,30.08578431372549,7.89828431372549,61.911764705882355,69.81004901960785,0.03676470588235294,0.061274509803921566
1100452,Buritis - RO,27992,8490,2169,126,17160,47,30.33009431266076,7.748642469276937,61.303229494141185,69.05187196341812,0.45012860817376393,0.1679051157473564
1100502,Novo Horizonte do Oeste - RO,7667,2683,506,9,4467,2,34.99413068997,6.599713055954089,58.26268423112039,64.86239728707447,0.11738620059997391,0.026085822355549758
1100601,Cacaulândia - RO,4150,1245,498,7,2396,4,30.0,12.0,57.734939759036145,69.73493975903614,0.1686746987951807,0.0963855421686747
1100700,Campo Novo de Rondônia - RO,8844,2440,724,14,5663,3,27.589326096788785,8.186341022161917,64.03211216644053,72.21845318860244,0.15829941203075532,0.033921302578018994
1100809,Candeias do Jamari - RO,22310,5075,2003,99,14993,138,22.74764679515912,8.978036754818467,67.2030479605558,76.18108471537427,0.44374719856566563,0.6185567010309279
1100908,Castanheiras - RO,3233,1103,232,2,1888,8,34.116919270027836,7.1759975255180946,58.39777296628518,65.57377049180327,0.06186204763377668,0.24744819053510672
1100924,Chupinguaia - RO,9324,2738,1004,2,5267,313,29.365079365079364,10.767910767910768,56.48863148863149,67.25654225654226,0.02145002145002145,3.356928356928357
1100940,Cujubim - RO,14863,3962,1590,64,9210,37,26.656798762026508,10.697705712171164,61.96595572899145,72.66366144116262,0.43059947520688957,0.24894032160398305
1101005,Governador Jorge Teixeira - RO,8001,2172,783,11,4958,77,27.146606674165728,9.786276715410574,61.967254093238346,71.75353080864892,0.13748281464816897,0.9623797025371829
1101104,Itapuã do Oeste - RO,8548,1953,730,9,5841,15,22.847449695835284,8.540009358914366,68.33177351427234,76.8717828731867,0.10528778661675246,0.1754796443612541
1101203,Ministro Andreazza - RO,6466,2415,463,3,3582,3,37.349211258892666,7.16053201360965,55.397463656047016,62.55799566965666,0.04639653572533251,0.04639653572533251
1101302,Mirante da Serra - RO,9235,2977,758,21,5337,141,32.23605847319978,8.207904710341094,57.79101245262588,65.99891716296698,0.2273957769355712,1.5268002165674066
1101401,Monte Negro - RO,11548,3578,1078,24,6844,24,30.983720124696916,9.334949774852788,59.265673709733285,68.60062348458607,0.20782819535850364,0.20782819535850364
1101435,Nova União - RO,6200,1837,622,8,3724,9,29.629032258064516,10.03225806451613,60.064516129032256,70.09677419354838,0.12903225806451613,0.14516129032258066
1101450,Parecis - RO,4125,1233,386,7,2424,75,29.89090909090909,9.357575757575757,58.763636363636365,68.12121212121212,0.1696969696969697,1.8181818181818181
1101468,Pimenteiras do Oeste - RO,2156,602,401,11,1128,14,27.92207792207792,18.59925788497217,52.319109461966605,70.91836734693878,0.5102040816326531,0.6493506493506493
1101476,Primavera de Rondônia - RO,3076,1199,212,6,1658,1,38.97919375812744,6.8920676202860855,53.90117035110533,60.79323797139141,0.19505851755526657,0.032509752925877766
1101484,São Felipe D'Oeste - RO,5258,2034,292,21,2909,2,38.68391023202739,5.553442373526056,55.32521871434005,60.87866108786611,0.399391403575504,0.03803727653100038
1101492,São Francisco do Guaporé - RO,16286,5509,1311,23,8994,449,33.82659953334152,8.049858774407467,55.22534692373818,63.27520569814565,0.1412255925334643,2.7569691759793686
1101500,Seringueiras - RO,11171,3828,801,26,6460,56,34.267299257004744,7.170351803777638,57.82830543371229,64.99865723748992,0.23274550174559128,0.501298003759735
1101559,Teixeirópolis - RO,4256,1367,392,8,2486,3,32.119360902255636,9.210526315789474,58.411654135338345,67.62218045112782,0.18796992481203006,0.07048872180451128
1101609,Theobroma - RO,8113,2441,674,15,4975,8,30.0875138666338,8.30765438185628,61.32133612720325,69.62899050905953,0.18488845063478368,0.09860717367188462
1101708,Urupá - RO,10725,3088,705,33,6888,11,28.79254079254079,6.573426573426573,64.22377622377623,70.7972027972028,0.3076923076923077,0.10256410256410256
1101757,Vale do Anari - RO,7788,2145,723,7,4902,11,27.54237288135593,9.283513097072419,62.942989214175654,72.22650231124807,0.08988186954288649,0.14124293785310735
1101807,Vale do Paraíso - RO,6479,1867,522,2,4085,3,28.816175335699953,8.056798888717395,63.049853372434015,71.10665226115141,0.03086896125945362,0.04630344188918043
1200013,Acrelândia - AC,14021,3477,1670,56,8788,30,24.798516510947863,11.910705370515656,62.67741245274945,74.58811782326511,0.39940089865202194,0.21396476713501178
1200054,Assis Brasil - AC,8100,1306,351,13,5234,1195,16.123456790123456,4.333333333333333,64.61728395061728,68.9506172839506,0.16049382716049382,14.753086419753087
1200104,Brasiléia - AC,26000,5069,1662,35,18957,277,19.496153846153845,6.392307692307693,72.91153846153846,79.30384615384615,0.1346153846153846,1.0653846153846154
1200138,Bujari - AC,12917,2634,1903,50,8300,30,20.39173182627545,14.7325230316637,64.25640628628939,78.9889293179531,0.38708678485716497,0.23225207091429897
1200179,Capixaba - AC,10392,1433,1012,38,7902,7,13.789453425712086,9.738260200153965,76.03926096997691,85.77752117013087,0.36566589684372597,0.06735950731331794
1200203,Cruzeiro do Sul - AC,91888,21032,7159,122,61940,1632,22.888734111091765,7.791006442625806,67.40814905101863,75.19915549364443,0.13277032909629113,1.7760752220094027
1200252,Epitaciolândia - AC,18757,3435,1464,14,13818,26,18.31316308578131,7.8050861011888895,73.66849709441809,81.47358319560698,0.0746388015141014,0.1386149170976169
1200302,Feijó - AC,35426,7781,2316,24,21113,4191,21.964094168125104,6.5375712753345,59.59747078416982,66.13504205950431,0.0677468525941399,11.83029413425168
1200328,Jordão - AC,9222,1018,543,10,3859,3792,11.038820212535242,5.888093689004554,41.84558664064194,47.733680329646496,0.10843634786380395,41.11906310995445
1200336,Mâncio Lima - AC,19294,2942,1265,39,12991,2057,15.248263708925055,6.556442417331813,67.33181299885975,73.88825541619156,0.20213537887426142,10.661345496009123
1200344,Manoel Urbano - AC,11996,1838,1503,14,7685,955,15.321773924641548,12.52917639213071,64.06302100700233,76.59219739913304,0.11670556852284095,7.9609869956652215
1200351,Marechal Thaumaturgo - AC,17093,2776,1233,48,10059,2977,16.240566313695666,7.21347920201252,58.848651494763935,66.06213069677645,0.28081670859416136,17.416486280933714
1200385,Plácido de Castro - AC,16560,3500,1603,28,11377,52,21.135265700483092,9.679951690821255,68.70169082125604,78.38164251207729,0.16908212560386474,0.3140096618357488
1200393,Porto Walter - AC,10735,2319,553,5,7077,781,21.6022356776898,5.151374010246856,65.92454587796927,71.07591988821612,0.04657661853749418,7.275267815556591
1200401,Rio Branco - AC,364756,88817,34518,1089,238568,1762,24.349702266720765,9.463312460932787,65.40481856364255,74.86813102457533,0.2985557468554321,0.48306265010034105
1200427,Rodrigues Alves - AC,14938,2667,1151,57,10986,77,17.853795688847235,7.705181416521623,73.54398179140448,81.2491632079261,0.38157718570089705,0.5154639175257731
1200435,Santa Rosa do Purus - AC,6723,517,88,1,1864,4253,7.690019336605682,1.3089394615499033,27.725717685557044,29.034657147106948,0.014874312063067083,63.26044920422431
1200450,Senador Guiomard - AC,21454,4060,1945,44,15371,34,18.924209937540784,9.065908455299711,71.646313041857,80.7122214971567,0.20508995991423512,0.15847860538827258
1200500,Sena Madureira - AC,41343,6484,2122,38,31117,1582,15.683428875504923,5.132670585105096,75.2654621096679,80.39813269477298,0.09191398785767844,3.826524441864403
1200609,Tarauacá - AC,43467,8268,3390,58,28419,3330,19.021326523569606,7.799019946166057,65.38063358409828,73.17965353026433,0.13343455955092368,7.660984194906481
1200708,Xapuri - AC,18243,3131,1460,40,13570,42,17.16274735514992,8.00306967055857,74.3846954996437,82.38776517020227,0.21926218275502932,0.2302252918927808
1200807,Porto Acre - AC,16693,3488,2175,55,10894,81,20.894985922242856,13.029413526627929,65.26088779728029,78.29030132390822,0.32947942251243034,0.4852333313364883
1300029,Alvarães - AM,15866,1040,456,2,11393,2975,6.55489726459095,2.8740703390898776,71.80763897642758,74.68170931551747,0.012605571662674902,18.750787848228917
1300060,Amaturá - AM,10819,294,370,1,4023,6131,2.7174415380349384,3.419909418615399,37.18458267862094,40.60449209723634,0.009242998428690268,56.668823366300025
1300086,Anamã - AM,9962,1265,275,2,7772,648,12.698253362778559,2.7604898614735998,78.01646255771934,80.77695241919294,0.02007628990162618,6.504717928126882
1300102,Anori - AM,17194,1979,1061,7,13715,432,11.509829010119809,6.170757240897988,79.76619751075957,85.93695475165755,0.04071187623589624,2.5125043619867395
1300144,Apuí - AM,20647,5385,1774,71,13109,308,26.081270886811645,8.592047270789946,63.491064077105634,72.08311134789558,0.34387562357727514,1.4917421417155035
1300201,Atalaia do Norte - AM,15314,1496,536,9,6166,7107,9.768838970876322,3.5000652997257413,40.263810891994254,43.763876191719994,0.0587697531670367,46.40851508423665
1300300,Autazes - AM,41564,4456,934,25,20650,15499,10.72081609084785,2.247136945433548,49.68241747666249,51.92955442209604,0.0601482051775575,37.28948128187855
1300409,Barcelos - AM,18834,1140,481,15,7330,9868,6.052883083784645,2.5538918976319422,38.91897631942232,41.47286821705426,0.07964319847085059,52.39460550069024
1300508,Barreirinha - AM,31051,2576,2605,13,19700,6157,8.296029113394093,8.3894238510837,63.444011465009176,71.83343531609287,0.04186660655051367,19.828668963962514
1300607,Benjamin Constant - AM,37648,2381,1248,4,19428,14587,6.324373140671483,3.314917127071823,51.60433489162771,54.91925201869953,0.010624734381640459,38.74575010624734
1300631,Beruri - AM,20718,2365,766,6,15584,1997,11.415194516845256,3.697268076069119,75.21961579303021,78.91688386909934,0.028960324355632783,9.638961289699777
1300680,Boa Vista do Ramos - AM,23785,923,297,7,22045,513,3.8805970149253732,1.248686146731133,92.68446499894891,93.93315114568004,0.029430313222619298,2.156821526171957
1300706,Boca do Acre - AM,35447,8110,2366,47,23035,1889,22.879228143425397,6.674753857872316,64.98434282167743,71.65909667954975,0.1325923209298389,5.329082856095015
1300805,Borba - AM,33080,3449,1052,28,22094,6457,10.426239419588875,3.1801692865779927,66.78960096735187,69.96977025392987,0.08464328899637243,19.519347037484884
1300839,Caapiranga - AM,13469,1580,400,3,11446,38,11.730640730566487,2.9697824634345533,84.98032519117974,87.9501076546143,0.02227336847575915,0.2821293340262826
1300904,Canutama - AM,16869,3202,676,8,11836,1144,18.98156381528247,4.007350761752327,70.1642065326931,74.17155729444542,0.047424269369850024,6.781670519888553
1301001,Carauari - AM,28742,5464,1895,10,20935,437,19.010507271588615,6.593138960406374,72.83765917472688,79.43079813513326,0.034792290028529675,1.5204230742467468
1301100,Careiro - AM,30792,5563,1523,53,22627,1026,18.06638087815017,4.946089893478826,73.48337230449468,78.4294621979735,0.1721226292543518,3.33203429462198
1301159,Careiro da Várzea - AM,19637,3164,1019,21,14234,1198,16.112440800529612,5.1891836838620975,72.48561389214238,77.67479757600448,0.10694097876457707,6.1007282171411115
1301209,Coari - AM,70616,8751,4135,82,53282,4364,12.392375665571542,5.855613458706242,75.45315509233035,81.3087685510366,0.11612099240965221,6.179902571655149
1301308,Codajás - AM,23549,3104,1029,6,19370,40,13.181026795193002,4.369612297762113,82.25402352541509,86.62363582317721,0.025478788908233897,0.16985859272155931
1301407,Eirunepé - AM,33170,6302,2449,10,22485,1923,18.999095568284595,7.383177570093458,67.78715706964124,75.17033463973469,0.030147723846849564,5.797407295749171
1301506,Envira - AM,17186,4394,1097,2,10679,1013,25.56732223903177,6.3831025253113,62.13778657046433,68.52088909577563,0.011637379262190155,5.894332596299313
1301605,Fonte Boa - AM,25871,2792,1239,3,18445,3390,10.792006493757489,4.7891461481968225,71.29604576552897,76.0851919137258,0.011595995516215067,13.103474933323026
1301654,Guajará - AM,13815,3042,788,11,9878,96,22.019543973941367,5.703944987332609,71.50199058993847,77.20593557727108,0.07962359753890698,0.6948968512486428
1301704,Humaitá - AM,57473,12418,3617,61,38433,2944,21.606667478642144,6.2933899396238235,66.87140048370539,73.16479042332921,0.10613679466880101,5.122405303359838
1301803,Ipixuna - AM,24311,4456,1143,26,16536,2148,18.329151412940643,4.701575418534819,68.01859240672947,72.72016782526428,0.10694747233762494,8.835506560816091
1301852,Iranduba - AM,61163,9967,3510,124,46690,872,16.29579974821379,5.738763631607345,76.33700112813302,82.07576475974037,0.20273694880892043,1.4256985432369242
1301902,Itacoatiara - AM,103598,16291,5016,107,80309,1872,15.725207050329157,4.841792312592907,77.51983629027588,82.36162860286878,0.10328384717851696,1.8069846908241471
1301951,Itamarati - AM,10937,2163,533,4,6336,1901,19.776904087043977,4.873365639572095,57.93179116759623,62.80515680716832,0.036573100484593585,17.3813660053031
1302009,Itapiranga - AM,10162,1501,348,15,8234,64,14.770714426294036,3.424522731745719,81.02735681952372,84.45187955126944,0.14760873843731548,0.6297972839992128
1302108,Japurá - AM,8858,942,499,1,5456,1959,10.634454730187402,5.633325807179951,61.59403928652066,67.22736509370061,0.011289230074508919,22.11560171596297
1302207,Juruá - AM,10742,1344,943,8,7682,765,12.511636566747347,8.778625954198473,71.51368460249488,80.29231055669335,0.07447402718301992,7.12157884937628
1302306,Jutaí - AM,25172,2002,628,11,16901,5630,7.953281423804227,2.4948355315429844,67.14206260924837,69.63689814079136,0.04369934848244081,22.366121086921975
1302405,Lábrea - AM,45448,7306,2043,47,27778,8274,16.075514874141877,4.495247315613448,61.12040133779264,65.6156486534061,0.1034148917444112,18.205421580707622
1302504,Manacapuru - AM,101883,12620,3898,48,84487,830,12.386757358931323,3.825957225444873,82.92551259778374,86.7514698232286,0.04711286475663261,0.8146599530834389
1302553,Manaquiri - AM,17107,2154,711,14,13228,1000,12.591336879639913,4.1561933711346235,77.32507160811363,81.48126497924825,0.08183784415736248,5.845560296954463
1302603,Manaus - AM,2063689,489674,115141,4463,1435484,18854,23.72809081213303,5.579377512793837,69.55912446109855,75.13850197389239,0.216263206326147,0.9136066529404382
1302702,Manicoré - AM,53914,9367,2105,44,38828,3570,17.373965945765477,3.904366212857514,72.01839967355419,75.9227658864117,0.08161145528063211,6.621656712542197
1302801,Maraã - AM,15529,1448,773,9,11265,2032,9.32448966449868,4.977783501835276,72.54169618133814,77.51947968317342,0.05795608216884539,13.085195440788203
1302900,Maués - AM,61204,5030,1405,34,46630,8105,8.21841709692177,2.295601594667015,76.18783086072806,78.48343245539508,0.05555192471080322,13.242598522972354
1303007,Nhamundá - AM,20136,1437,347,4,17358,990,7.136471990464839,1.7232816845450933,86.20381406436233,87.92709574890743,0.01986491855383393,4.916567342073898
1303106,Nova Olinda do Norte - AM,27062,3207,933,13,19516,3393,11.850565368413273,3.447638755450447,72.11588204862908,75.56352080407952,0.04803783903628704,12.537875988470919
1303205,Novo Airão - AM,15761,1763,1076,12,10083,2827,11.18583846202652,6.8269779836304805,63.974367108685996,70.80134509231648,0.07613730093268194,17.93667914472432
1303304,Novo Aripuanã - AM,23818,3023,1306,6,19036,447,12.692081618943655,5.483247963724914,79.92274750188933,85.40599546561424,0.02519103199261063,1.876731883449492
1303403,Parintins - AM,96372,10507,3176,126,80602,1956,10.9025443074752,3.295563026605238,83.63632590378948,86.93188893039472,0.1307433694434068,2.0296351637405055
1303502,Pauini - AM,19373,2866,922,7,12664,2914,14.79378516492025,4.759200949775461,65.36932844680742,70.12852939658288,0.03613276209157074,15.041552676405306
1303536,Presidente Figueiredo - AM,30668,5672,1863,47,22279,806,18.49484805008478,6.0747358810486505,72.64575453241163,78.72049041346028,0.15325420633885484,2.628146602321638
1303569,Rio Preto da Eva - AM,24936,4083,1712,33,18348,760,16.373917228103945,6.86557587423805,73.58036573628489,80.44594161052294,0.1323387872954764,3.0478023740776385
1303601,Santa Isabel do Rio Negro - AM,14164,232,196,11,1709,12016,1.6379553798362045,1.383789889861621,12.06580062129342,13.44959051115504,0.07766167749223384,84.83479243151652
1303700,Santo Antônio do Içá - AM,28211,1136,444,2,12311,14318,4.026798057495303,1.5738541703590798,43.63900606146539,45.212860231824465,0.0070894331998156744,50.753252277480414
1303809,São Gabriel da Cachoeira - AM,51795,1682,446,12,3732,45919,3.247417704411623,0.8610869775074814,7.205328699681436,8.066415677188917,0.023168259484506227,88.65527560575345
1303908,São Paulo de Olivença - AM,32967,784,307,6,11979,19890,2.378135711469045,0.931234264567598,36.33633633633634,37.26757060090394,0.018200018200018202,60.33306033306033
1303957,São Sebastião do Uatumã - AM,11670,1974,295,11,9333,57,16.91516709511568,2.5278491859468724,79.97429305912597,82.50214224507285,0.09425878320479864,0.4884318766066838
1304005,Silves - AM,11559,1055,741,5,9290,466,9.127087118262825,6.410589151310667,80.37027424517692,86.78086339648758,0.04325633705337832,4.031490613374859
1304062,Tabatinga - AM,66764,6569,1871,69,30735,27518,9.839134863099874,2.802408483613924,46.035288478820924,48.83769696243485,0.10334911029896351,41.21682343778084
1304104,Tapauá - AM,19599,2396,1033,2,13369,2797,12.225113526200316,5.270677075360988,68.21266391142406,73.48334098678505,0.010204602275626307,14.271136282463392
1304203,Tefé - AM,73669,6630,2785,42,56419,7790,8.99971494115571,3.780423244512617,76.58445207617858,80.3648753206912,0.057011768857999974,10.574325700090947
1304237,Tonantins - AM,19247,708,255,0,10931,7353,3.6784953499246638,1.3248817997610016,56.793266483088274,58.118148282849276,0.0,38.203356367226064
1304260,Uarini - AM,14431,1148,256,10,10282,2734,7.955096666897651,1.7739588386113228,71.24939366641259,73.02335250502391,0.0692952671332548,18.94532603423186
1304302,Urucará - AM,18631,2033,326,17,16061,194,10.911920991895228,1.7497718855670656,86.2057860554989,87.95555794106598,0.09124577317374269,1.0412752938650636
1304401,Urucurituba - AM,23945,3202,593,66,20043,41,13.372311547295887,2.4765086656922115,83.70432240551263,86.18083107120484,0.2756316558780539,0.1712257256212153
1400027,Amajari - RR,13927,978,519,13,3293,9124,7.022330724491994,3.7265742801751993,23.644718891362103,27.371293171537303,0.09334386443598765,65.51303223953472
1400050,Alto Alegre - RR,21096,1607,698,5,6479,12307,7.617557830868411,3.3086841107318925,30.711983314372393,34.020667425104286,0.023701175578308684,58.338073568449
1400100,Boa Vista - RR,413486,102242,35139,606,256902,18228,24.726834765868734,8.498232104593626,62.13076138007091,70.62899348466453,0.1465587710345695,4.408371746564575
1400159,Bonfim - RR,13923,1008,534,6,6341,6034,7.239819004524887,3.8353803059685414,45.543345543345545,49.37872584931409,0.043094160741219564,43.33836098541981
1400175,Cantá - RR,18682,2504,1145,5,10536,4492,13.40327588052671,6.128894122684938,56.39653142061878,62.52542554330372,0.026763729793384004,24.04453484637619
1400209,Caracaraí - RR,20957,3380,1782,51,14507,1237,16.12826263301045,8.503125447344562,69.22269408789425,77.72581953523881,0.2433554420957198,5.9025623896550075
1400233,Caroebe - RR,10656,2424,1057,2,6363,810,22.74774774774775,9.919294294294295,59.71283783783784,69.63213213213213,0.01876876876876877,7.601351351351352
1400282,Iracema - RR,10023,1388,989,10,5902,1734,13.848149256709569,9.867305198044498,58.88456549935149,68.75187069739599,0.099770527786092,17.30020951810835
1400308,Mucajaí - RR,18095,3166,1300,7,12888,734,17.496546007184303,7.184305056645482,71.2240950538823,78.40840011052778,0.03868471953578337,4.056369162752142
1400407,Normandia - RR,13986,415,135,2,2788,10646,2.9672529672529673,0.9652509652509652,19.934219934219936,20.899470899470902,0.0143000143000143,76.11897611897612
1400456,Pacaraima - RR,19305,2655,902,7,4871,10147,13.752913752913752,4.672364672364672,25.231805231805232,29.904169904169905,0.03626003626003626,52.561512561512565
1400472,Rorainópolis - RR,32647,5988,3015,50,22762,832,18.341654669648054,9.235151775048243,69.7215670658866,78.95671884093484,0.15315342910527766,2.5484730603118204
1400506,São João da Baliza - RR,8858,1855,1030,5,5429,539,20.941521788214043,11.627906976744185,61.28923007450892,72.9171370512531,0.05644615037254459,6.084895010160307
1400605,São Luiz do Anauá - RR,7315,1514,899,12,4860,30,20.697197539302802,12.289815447710184,66.43882433356117,78.72863978127135,0.16404647983595352,0.4101161995898838
1400704,Uiramutã - RR,13751,136,51,3,573,12988,0.9890189804377864,0.3708821176641699,4.166969674932732,4.537851792596902,0.021816595156715874,94.45131263180859
1500107,Abaetetuba - PA,158188,29624,15895,107,112187,83,18.727084228892203,10.048170531266594,70.92004450400789,80.96821503527448,0.06764103471818343,0.05246921384681518
1500131,Abel Figueiredo - PA,6136,1228,640,0,4258,10,20.01303780964798,10.430247718383312,69.39374185136897,79.82398956975229,0.0,0.16297262059973924
1500206,Acará - PA,59023,5684,8503,65,44748,23,9.63014418108195,14.406248411636142,75.8145129864629,90.22076139809904,0.11012656083221795,0.038967859986784814
1500305,Afuá - PA,37765,5470,2567,24,29690,12,14.484310869853038,6.797299086455713,78.61776777439428,85.41506686084999,0.0635509069244009,0.03177545346220045
1500347,Água Azul do Norte - PA,18080,4451,1829,13,11609,176,24.618362831858406,10.116150442477876,64.20907079646018,74.32522123893806,0.07190265486725664,0.9734513274336283
1500404,Alenquer - PA,69377,10431,5405,41,53463,36,15.035242227251107,7.790766392320221,77.06156218919816,84.85232858151838,0.05909739539040316,0.051890395952549115
1500503,Almeirim - PA,34280,5102,2583,12,25498,1085,14.883313885647608,7.535005834305718,74.38156359393233,81.91656942823805,0.03500583430571762,3.1651108518086346
1500602,Altamira - PA,126279,29118,12939,329,77948,5944,23.05846577815789,10.246359252132184,61.72681126711488,71.97317051924706,0.26053421392313847,4.707037591365152
1500701,Anajás - PA,28011,3900,1610,8,22488,5,13.923101638641961,5.747741958516297,80.28274606404626,86.03048802256257,0.028560208489521975,0.017850130305951232
1500800,Ananindeua - PA,478778,112106,53576,949,311624,508,23.41502742398356,11.190154936108176,65.08736825835774,76.27752319446591,0.19821295046973755,0.1061034550459712
1500859,Anapu - PA,31850,6182,3497,215,21015,941,19.40973312401884,10.979591836734693,65.98116169544741,76.96075353218211,0.6750392464678179,2.9544740973312402
1500909,Augusto Corrêa - PA,44573,5022,1430,8,38105,8,11.26691046149014,3.2082202230049583,85.48897314517757,88.69719336818252,0.017948085163664102,0.017948085163664102
1500958,Aurora do Pará - PA,23774,3005,2617,18,18085,49,12.639858669134348,11.007823672919997,76.07049718179523,87.07832085471523,0.07571296374190292,0.2061075124085135
1501006,Aveiro - PA,18290,1720,1004,18,12581,2967,9.404045926735922,5.489338436303991,68.78622197922363,74.27556041552762,0.09841443411700383,16.221979223619464
1501105,Bagre - PA,31892,3185,2974,6,25726,1,9.98683055311677,9.325222626363978,80.66599774238054,89.99122036874452,0.01881349554747272,0.0031355825912454532
1501204,Baião - PA,51641,5955,11813,12,33810,51,11.531535020623148,22.875234794058983,65.47123409693847,88.34646889099746,0.023237350167502564,0.09875873821188591
1501253,Bannach - PA,4031,726,414,8,2667,216,18.01041925080625,10.270404366162243,66.16224261969735,76.43264698585959,0.19846192011907715,5.358471843215083
1501303,Barcarena - PA,126650,22494,10492,234,93144,284,17.760757994472957,8.284247927358862,73.54441373864982,81.82866166600868,0.18476115278326097,0.22424003158310304
1501402,Belém - PA,1303403,342476,149395,3298,806103,2069,26.275526448841994,11.461919298942844,61.846029202019636,73.30794850096248,0.25302995313038257,0.15873831807967298
1501451,Belterra - PA,18099,2394,937,52,14012,704,13.22725012431626,5.177081606718604,77.4186419139179,82.5957235206365,0.2873086910879054,3.8897176639593347
1501501,Benevides - PA,63567,12040,6258,119,45082,68,18.940645303380684,9.844730756524612,70.92044614343921,80.76517689996382,0.18720405241713467,0.10697374423836267
1501576,Bom Jesus do Tocantins - PA,18005,3963,1314,18,11633,1077,22.010552624271035,7.297972785337406,64.60983060261039,71.9078033879478,0.09997222993612885,5.981671757845043
1501600,Bonito - PA,12622,2075,680,9,9856,2,16.439549992077325,5.387418792584376,78.08588179369355,83.47330058627792,0.07130407225479322,0.01584534938995405
1501709,Bragança - PA,123082,16431,5413,57,101085,94,13.349636827480866,4.397881087405144,82.1281747127931,86.52605580019824,0.04631058968817536,0.07637184966120147
1501725,Brasil Novo - PA,24718,5996,2850,21,15457,393,24.25762602152278,11.530059066267498,62.53337648677078,74.06343555303827,0.08495832996197103,1.5899344607168864
1501758,Brejo Grande do Araguaia - PA,6783,1140,782,5,4774,82,16.80672268907563,11.528822055137844,70.38183694530444,81.91065900044228,0.07371369600471768,1.2089046144773699
1501782,Breu Branco - PA,45712,7787,5254,49,32526,96,17.034914245712287,11.49369968498425,71.15418270913545,82.6478823941197,0.10719285964298216,0.21001050052502626
1501808,Breves - PA,106968,15892,7566,118,83288,104,14.856779597636676,7.073143369979807,77.86253832921996,84.93568169919976,0.11031336474459652,0.09722533841896643
1501907,Bujaru - PA,24383,2546,3060,19,18732,26,10.44170118525202,12.549727268998893,76.8240167329697,89.37374400196859,0.07792314317352253,0.10663166960587295
1501956,Cachoeira do Piriá - PA,19630,2712,2470,5,14412,31,13.815588385124808,12.582781456953642,73.41823739174733,86.00101884870097,0.02547121752419766,0.15792154865002547
1502004,Cachoeira do Arari - PA,23981,2124,3508,14,18319,16,8.857011801009133,14.628247362495308,76.38964179975814,91.01788916225345,0.05837955047746132,0.0667194862599558
1502103,Cametá - PA,134184,23161,10565,55,100277,125,17.26062719847374,7.873516961783819,74.73096643415012,82.60448339593394,0.04098849341203124,0.09315566684552555
1502152,Canaã dos Carajás - PA,77079,16694,7515,204,52546,120,21.658298628679667,9.749737282528315,68.17161613409618,77.9213534166245,0.2646635270307088,0.1556844276651228
1502202,Capanema - PA,70394,16489,3796,149,49858,102,23.4238713526721,5.392505043043442,70.82705912435719,76.21956416740063,0.21166576696877576,0.14489871295849077
1502301,Capitão Poço - PA,56506,8253,3059,43,45081,69,14.605528616430114,5.413584398117014,79.78090822213571,85.19449262025272,0.07609811347467525,0.12211092627331611
1502400,Castanhal - PA,192256,42881,16429,719,132079,144,22.30411534620506,8.545376997336884,68.69954643808255,77.24492343541944,0.3739805259653795,0.07490013315579228
1502509,Chaves - PA,20757,2620,2692,40,15381,24,12.622247916365563,12.969118851471793,74.10030351206822,87.06942236354001,0.19270607505901624,0.11562364503540974
1502608,Colares - PA,12868,2165,834,2,9855,12,16.82468138016786,6.481193658688219,76.58532794529064,83.06652160397886,0.015542430836182779,0.09325458501709667
1502707,Conceição do Araguaia - PA,44617,9601,5992,142,28776,102,21.518703633144316,13.429858574086111,64.4955958491158,77.92545442320191,0.31826433870497794,0.2286124123092095
1502756,Concórdia do Pará - PA,26881,3659,4594,52,18543,33,13.611844797440572,17.09013801569882,68.9818087124735,86.07194672817232,0.19344518433094007,0.12276329005617351
1502764,Cumaru do Norte - PA,14036,2273,1502,12,7246,2446,16.194072385294955,10.701054431461955,51.62439441436307,62.32544884582502,0.08549444286121402,17.426617269877458
1502772,Curionópolis - PA,19950,4019,2192,15,13693,31,20.145363408521302,10.987468671679197,68.63659147869674,79.62406015037594,0.07518796992481203,0.15538847117794485
1502806,Curralinho - PA,33903,4925,2117,13,26835,13,14.52673804678052,6.244285166504439,79.15228740819397,85.39657257469841,0.03834468926053741,0.03834468926053741
1502855,Curuá - PA,14117,1741,813,1,11552,10,12.332648579726571,5.759013954806262,81.83041722745625,87.58943118226252,0.007083658000991712,0.07083658000991712
1502905,Curuçá - PA,41262,7190,2159,33,31857,23,17.425233871358635,5.232417236197954,77.20663079831321,82.43904803451117,0.07997673404100625,0.055741360089186176
1502939,Dom Eliseu - PA,58484,13176,6145,82,39034,47,22.529238766158265,10.507147253949798,66.74304083168046,77.25018808563026,0.140209288010396,0.08036386020108063
1502954,Eldorado do Carajás - PA,28192,5526,3409,22,19198,37,19.601305334846764,12.092082860385926,68.09733257661748,80.1894154370034,0.07803632236095347,0.1312429057888763
1503002,Faro - PA,8728,1129,201,1,7314,83,12.93538038496792,2.3029330889092576,83.79926672777269,86.10219981668195,0.011457378551787351,0.9509624197983502
1503044,Floresta do Araguaia - PA,17898,3816,1896,23,12134,29,21.3208179684881,10.593362386858868,67.79528438931725,78.38864677617612,0.12850597832160018,0.16202927701419154
1503077,Garrafão do Norte - PA,24703,3324,1523,29,19819,8,13.455855564101526,6.165243087884063,80.22912196899162,86.39436505687569,0.11739464842326842,0.03238473059952233
1503093,Goianésia do Pará - PA,26362,5095,2860,15,18279,112,19.327061679690463,10.84894924512556,69.33844169638115,80.18739094150672,0.05690008345345573,0.4248539564524695
1503101,Gurupá - PA,31786,5092,1992,8,24643,51,16.019631284213176,6.266909960359907,77.52784244636003,83.79475240671994,0.025168313093814888,0.1604479959730699
1503200,Igarapé-Açu - PA,35797,6803,2108,105,26754,25,19.004385842389027,5.888761628069391,74.73810654524122,80.62686817331061,0.2933206693298321,0.06983825460234099
1503309,Igarapé-Miri - PA,64831,11507,11062,24,42215,23,17.7492249078373,17.06282488315775,65.11545402662307,82.17827890978081,0.03701932717372862,0.03547685520815659
1503408,Inhangapi - PA,10325,1030,1569,10,7709,7,9.975786924939467,15.196125907990314,74.6634382566586,89.8595641646489,0.09685230024213075,0.06779661016949153
1503457,Ipixuna do Pará - PA,30329,4748,3052,26,22468,35,15.654983678987108,10.062976029542682,74.08091265785222,84.1438886873949,0.08572653236176597,0.11540110125622342
1503507,Irituia - PA,30955,4224,3023,34,23661,12,13.645614601841382,9.765789048618963,76.43676304312712,86.20255209174607,0.10983685995800356,0.03876595057341302
1503606,Itaituba - PA,123314,23860,13079,135,84202,2035,19.34897902914511,10.606257197074136,68.28259565012894,78.88885284720308,0.10947662065945472,1.6502586891999287
1503705,Itupiranga - PA,49754,9112,6270,62,33868,442,18.31410539856092,12.60200184909756,68.07090887164851,80.67291072074607,0.12461309643445753,0.8883707842585521
1503754,Jacareacanga - PA,24042,1854,1214,17,7141,13816,7.711504866483653,5.049496714083687,29.702187837950255,34.75168455203394,0.07070959154812412,57.46610098993428
1503804,Jacundá - PA,37707,7819,4488,62,25293,42,20.736202827061287,11.90229930782083,67.07773092529239,78.98003023311321,0.16442570345028776,0.11138515395019492
1503903,Juruti - PA,50881,6241,2538,69,41921,112,12.265875277608538,4.9881095104262885,82.39028320984258,87.37839272026886,0.13561054224563196,0.22012145987696782
1504000,Limoeiro do Ajuru - PA,29569,5112,1146,2,23296,13,17.2883763400859,3.875680611451182,78.78521424464812,82.6608948560993,0.006763840508640806,0.04396496330616524
1504059,Mãe do Rio - PA,34353,6601,2909,50,24779,13,19.215206823275988,8.467964952114809,72.13052717375484,80.59849212586965,0.14554769597997264,0.03784240095479289
1504109,Magalhães Barata - PA,8115,1314,379,0,6421,1,16.192236598890943,4.670363524337646,79.12507701786815,83.7954405422058,0.0,0.012322858903265557
1504208,Marabá - PA,266533,48548,26407,266,190750,552,18.21463008332927,9.907591180079015,71.56712302041399,81.474714200493,0.09980002476241216,0.20710381078515605
1504307,Maracanã - PA,25971,4279,1361,5,20309,16,16.476069462092333,5.240460513649841,78.19876015555812,83.43922066920796,0.019252242886296254,0.06160717723614801
1504406,Marapanim - PA,26573,4166,1385,2,21013,7,15.677567455688104,5.2120573514469575,79.07650622812629,84.28856357957325,0.007526436608587664,0.026342528130056823
1504422,Marituba - PA,111785,22505,11256,117,77809,94,20.132397012121483,10.069329516482533,69.60593997405734,79.67526949053988,0.10466520552846983,0.08408999418526636
1504455,Medicilândia - PA,27094,5461,2625,70,18920,18,20.1557540414852,9.6884919170296,69.83095888388573,79.51945080091532,0.25835978445412267,0.06643537314534584
1504505,Melgaço - PA,27881,3830,3075,14,20950,11,13.736953480865106,11.02901617589039,75.14077687313942,86.1697930490298,0.05021340697966357,0.03945339119830709
1504604,Mocajuba - PA,27198,5067,3168,6,18910,47,18.630046326935805,11.647915287888816,69.5271711155232,81.17508640341202,0.022060445621001543,0.17280682403117875
1504703,Moju - PA,84094,11124,11077,74,61588,230,13.22805432016553,13.1721644826028,73.23709182581398,86.40925630841677,0.08799676552429424,0.27350346041334694
1504752,Mojuí dos Campos - PA,23501,3500,1301,26,18630,44,14.892983277307348,5.535934641079103,79.2732224160674,84.8091570571465,0.11063359005999744,0.18722607548614953
1504802,Monte Alegre - PA,60012,10163,3569,101,46122,57,16.93494634406452,5.947143904552423,76.85462907418517,82.80177297873759,0.1682996733986536,0.09498100379924015
1504901,Muaná - PA,45368,6048,2149,4,37166,1,13.330982190089932,4.7368189031916765,81.92117792276494,86.65799682595662,0.008816787162757892,0.002204196790689473
1504950,Nova Esperança do Piriá - PA,20478,3195,1417,24,15810,32,15.60210958101377,6.919621056743822,77.2048051567536,84.12442621349742,0.11719894520949312,0.15626526027932416
1504976,Nova Ipixuna - PA,13955,2057,2235,10,9641,8,14.740236474381941,16.01576495879613,69.08634897886063,85.10211393765675,0.07165890361877464,0.057327122895019705
1505007,Nova Timboteua - PA,12806,2135,850,13,9804,3,16.671872559737622,6.637513665469311,76.55786350148368,83.195377166953,0.10151491488364829,0.023426518819303452
1505031,Novo Progresso - PA,33638,9787,2721,65,20994,71,29.09507105059754,8.089065937332778,62.41155835662049,70.50062429395327,0.1932338426779238,0.2110708127712706
1505064,Novo Repartimento - PA,60732,10802,6568,134,42108,1119,17.78633998551011,10.814726997299612,69.33412369097016,80.14885068826977,0.22064150694856088,1.8425212408614897
1505106,Óbidos - PA,52229,7840,6399,15,37106,868,15.010817744930977,12.251814126251698,71.04482184227153,83.29663596852323,0.028719676807903657,1.6619119646173581
1505205,Oeiras do Pará - PA,33844,2839,3985,9,26996,15,8.388488358350077,11.774612929913722,79.76598510814324,91.54059803805697,0.02659260134735847,0.04432100224559745
1505304,Oriximiná - PA,68294,9451,9028,38,45975,3802,13.83869739655021,13.219316484610655,67.319237414707,80.53855389931766,0.05564178405130758,5.567106920080827
1505403,Ourém - PA,17855,2407,2015,16,13378,39,13.480817698123776,11.2853542425091,74.9257910949314,86.2111453374405,0.08961075329039485,0.21842621114533745
1505437,Ourilândia do Norte - PA,32467,7164,3135,13,20686,1468,22.065481873902733,9.655958357717067,63.7139249083685,73.36988326608557,0.040040656666769335,4.521514152832107
1505486,Pacajá - PA,41097,6988,4249,16,29811,33,17.00367423412901,10.338954181570431,72.5381414701803,82.87709565175074,0.038932282161714966,0.08029783195853712
1505494,Palestina do Pará - PA,6885,1252,875,5,4748,5,18.184458968772695,12.70878721859114,68.96151053013799,81.67029774872913,0.07262164124909223,0.07262164124909223
1505502,Paragominas - PA,105550,21410,10702,167,71824,1328,20.28422548555187,10.139270487920417,68.04737091425865,78.18664140217906,0.15821885362387494,1.2581714827096162
1505536,Parauapebas - PA,267836,56707,26734,351,182069,1965,21.17228453232575,9.981481204916442,67.9777923804119,77.95927358532833,0.13105034424050538,0.7336579100643678
1505551,Pau D'Arco - PA,6931,1245,608,6,4612,460,17.96277593420863,8.772182946183811,66.54162458519694,75.31380753138075,0.08656759486365603,6.6368489395469625
1505601,Peixe-Boi - PA,8285,1596,459,10,6217,3,19.263729631864816,5.540132770066385,75.03922751961376,80.57936028968014,0.12070006035003017,0.036210018105009054
1505635,Piçarra - PA,12832,2148,1680,25,8964,5,16.73940149625935,13.092269326683292,69.856608478803,82.94887780548629,0.19482543640897756,0.03896508728179551
1505650,Placas - PA,18668,4260,2321,43,12023,21,22.8197985858153,12.43304049710735,64.40432826226699,76.83736875937433,0.2303406899507178,0.11249196485965288
1505700,Ponta de Pedras - PA,24984,4073,2179,11,18699,22,16.302433557476785,8.72158181235991,74.84390009606147,83.56548190842139,0.044028178033941726,0.08805635606788345
1505809,Portel - PA,62503,8481,4200,14,49781,26,13.568948690462857,6.719677455482137,79.64577700270387,86.36545445818601,0.022398924851607122,0.0415980032958418
1505908,Porto de Moz - PA,40597,4650,2239,11,33604,93,11.454048328694238,5.515185851171269,82.7745892553637,88.28977510653496,0.0270955981969111,0.22908096657388477
1506005,Prainha - PA,35577,3653,2975,26,28900,23,10.26786969109256,8.362144081850634,81.23225679512045,89.59440087697108,0.07308092306827445,0.06464850886808893
1506104,Primavera - PA,10851,1631,529,8,8679,3,15.030872730623905,4.875126716431665,79.98341166712746,84.85853838355912,0.0737259238779836,0.027647221454243847
1506112,Quatipuru - PA,11524,2228,627,4,8653,12,19.3335647344672,5.440819160013884,75.08677542519959,80.52759458521348,0.03471017007983339,0.10413051023950018
1506138,Redenção - PA,85597,21094,10490,104,53606,299,24.643387034592333,12.255102398448544,62.62602661308223,74.88112901153077,0.12149958526583876,0.3493113076392864
1506161,Rio Maria - PA,18384,4363,2080,76,11829,36,23.732593559617058,11.314186248912097,64.34399477806788,75.65818102697997,0.4134029590948651,0.195822454308094
1506187,Rondon do Pará - PA,53143,11241,4035,12,37745,108,21.15236249364921,7.592721524942137,71.02534670605723,78.61806823099937,0.02258058446079446,0.20322526014715014
1506195,Rurópolis - PA,35769,7287,3601,40,24772,69,20.37238949928709,10.067376778774916,69.25550057312198,79.32287735189689,0.11182867846459224,0.1929044703514216
1506203,Salinópolis - PA,44772,7388,2191,36,35086,71,16.50138479406772,4.893683552220137,78.36594300008935,83.25962655230948,0.08040739748056822,0.15858125614223176
1506302,Salvaterra - PA,24129,2598,5136,10,16364,21,10.767126694019645,21.285589953997263,67.8188072443947,89.10439719839196,0.041443905673670685,0.08703220191470844
1506351,Santa Bárbara do Pará - PA,21087,3409,2076,17,15561,24,16.166358419879547,9.84492815478731,73.79428083653436,83.63920899132167,0.0806183904775454,0.11381419832124058
1506401,Santa Cruz do Arari - PA,7445,977,1945,10,4509,4,13.122901276024177,26.124916051040966,60.564137004701145,86.68905305574211,0.1343183344526528,0.053727333781061114
1506500,Santa Izabel do Pará - PA,73019,11585,7236,279,53832,86,15.865733576192499,9.909749517248935,73.72327750311563,83.63302702036457,0.3820923321327326,0.11777756474342295
1506559,Santa Luzia do Pará - PA,20370,3369,1547,24,14694,736,16.539027982326953,7.594501718213058,72.13549337260677,79.72999509081983,0.11782032400589101,3.6131566028473245
1506583,Santa Maria das Barreiras - PA,16548,3582,1694,26,11146,100,21.646120377084845,10.236886632825719,67.35557167029248,77.59245830311819,0.15711868503746676,0.6043026347594875
1506609,Santa Maria do Pará - PA,24624,4867,1455,59,17848,395,19.765269655620532,5.908869395711501,72.48213125406107,78.39100064977258,0.23960363872644574,1.6041260558804418
1506708,Santana do Araguaia - PA,32413,6971,4312,84,20900,145,21.506802826026593,13.303304229784345,64.48030111375066,77.783605343535,0.25915527720359116,0.44735137136334185
1506807,Santarém - PA,331942,56124,23988,389,240817,10602,16.90777304468853,7.226563676786909,72.5479149971983,79.77447867398521,0.11718914750167198,3.1939314699555945
1506906,Santarém Novo - PA,6116,866,383,9,4854,4,14.159581425768476,6.262262916939176,79.36559843034664,85.62786134728582,0.1471550032701112,0.06540222367560497
1507003,Santo Antônio do Tauá - PA,27461,5109,1935,50,20328,39,18.604566476093368,7.046356651250865,74.02498088197808,81.07133753322894,0.1820763992571283,0.14201959142056006
1507102,São Caetano de Odivelas - PA,16666,2879,950,12,12819,6,17.274690987639506,5.700228009120365,76.91707668306732,82.61730469218769,0.07200288011520461,0.03600144005760231
1507151,São Domingos do Araguaia - PA,21092,3910,2204,31,14889,57,18.53783424995259,10.449459510714963,70.59074530627726,81.04020481699222,0.14697515645742462,0.2702446425184904
1507201,São Domingos do Capim - PA,30599,3564,3116,15,23897,7,11.647439458805843,10.183339324814536,78.09732344194255,88.28066276675709,0.04902120984345894,0.02287656459361417
1507300,São Félix do Xingu - PA,65418,12033,6152,72,44722,2439,18.394019994496926,9.404139533461738,68.3634473692256,77.76758690268733,0.11006145097679537,3.7283316518389436
1507409,São Francisco do Pará - PA,14894,2535,819,21,11495,24,17.020276621458304,5.498858600778837,77.17872968980798,82.67758829058681,0.14099637437894455,0.16113871357593662
1507458,São Geraldo do Araguaia - PA,24255,4524,3002,24,16241,463,18.65182436611008,12.376829519686662,66.95938981653268,79.33621933621934,0.09894867037724181,1.9088847660276231
1507466,São João da Ponta - PA,4430,429,125,2,3873,1,9.683972911963883,2.8216704288939054,87.42663656884876,90.24830699774267,0.045146726862302484,0.022573363431151242
1507474,São João de Pirabas - PA,20689,3527,989,9,16160,4,17.047706510706174,4.780318043404708,78.10914012277055,82.88945816617526,0.04350137754362222,0.019333945574943206
1507508,São João do Araguaia - PA,13664,2014,1851,13,9761,25,14.739461358313818,13.546545667447306,71.43588992974239,84.98243559718969,0.09514051522248243,0.1829625292740047
1507607,São Miguel do Guamá - PA,52894,5750,5638,45,41427,33,10.870798200173933,10.659053956970546,78.32079252845313,88.97984648542368,0.08507581200136122,0.06238892880099822
1507706,São Sebastião da Boa Vista - PA,25643,5030,1568,30,18992,23,19.615489607300237,6.1147291658542295,74.0630971415201,80.17782630737433,0.11699099169363959,0.08969309363179036
1507755,Sapucaia - PA,5847,1099,437,8,4298,5,18.79596374208996,7.473918248674534,73.50778176842826,80.9817000171028,0.13682230203523174,0.08551393877201983
1507805,Senador José Porfírio - PA,22576,3289,2664,39,15763,821,14.568568391211906,11.800141743444366,69.82193479801559,81.62207654145996,0.17274982282069454,3.6366052445074417
1507904,Soure - PA,24204,2750,4458,12,16958,26,11.361758387043464,18.41844323252355,70.06279953726657,88.48124276979013,0.0495785820525533,0.10742026111386548
1507953,Tailândia - PA,72493,13465,8663,155,50123,85,18.57420716482971,11.950119321865559,69.14184817844482,81.09196750031037,0.21381374753424467,0.11725270026071483
1507961,Terra Alta - PA,10400,1797,665,19,7917,2,17.278846153846153,6.394230769230769,76.125,82.51923076923077,0.18269230769230768,0.019230769230769232
1507979,Terra Santa - PA,18782,2975,637,6,15137,26,15.839633691832606,3.391545096368864,80.59312107336812,83.98466616973698,0.03194547971462038,0.13843041209668833
1508001,Tomé-Açu - PA,67585,10838,7803,502,47913,529,16.03610268550714,11.545461270992083,70.8929496189983,82.43841088999038,0.7427683657616335,0.7827180587408449
1508035,Tracuateua - PA,28595,2569,1006,8,24993,19,8.984088127294982,3.518097569505158,87.40339220143382,90.92148977093898,0.027976919041790522,0.0664451827242525
1508050,Trairão - PA,15242,3098,1250,7,10543,344,20.325416611993177,8.201023487731268,69.17071250492062,77.37173599265188,0.0459257315312951,2.256921663823645
1508084,Tucumã - PA,39550,10783,3276,62,25388,39,27.264222503160557,8.283185840707965,64.19216182048041,72.47534766118838,0.15676359039190899,0.0986093552465234
1508100,Tucuruí - PA,91306,20702,10284,88,59425,805,22.673208770507962,11.263224760694806,65.0833461108799,76.34657087157471,0.09637920837622939,0.8816507129870983
1508126,Ulianópolis - PA,37972,8860,3435,49,25592,35,23.332982197408615,9.046139260507742,67.3970293900769,76.44316865058464,0.12904245233329822,0.09217318023807015
1508159,Uruará - PA,43558,9503,4409,11,29535,100,21.816887827723953,10.122136002571285,67.80614353276091,77.9282795353322,0.025253684742182838,0.22957895220166216
1508209,Vigia - PA,50832,10924,3632,24,36224,25,21.490399748190118,7.145105445388731,71.26219704123388,78.40730248662261,0.047214353163361665,0.049181617878501734
1508308,Viseu - PA,58692,6782,3385,24,48435,66,11.555237511074763,5.767395897226198,82.52402371703128,88.29141961425748,0.04089143324473523,0.11245144142302188
1508357,Vitória do Xingu - PA,15607,2730,1666,24,10667,517,17.492150957903505,10.674697251233422,68.3475363618889,79.02223361312232,0.15377715127827257,3.3126161337861215
1508407,Xinguara - PA,52893,12369,4933,69,35466,56,23.384946968407917,9.326375890949652,67.0523509727185,76.37872686366815,0.13045204469400487,0.105874123229917
1600055,Serra do Navio - AP,4673,1061,370,1,3238,3,22.70490049218917,7.9178258078322274,69.29167558313718,77.20950139096941,0.02139952921035737,0.06419858763107211
1600105,Amapá - AP,7943,1454,769,8,5705,7,18.305426161399975,9.68148054891099,71.82424776532797,81.50572831423895,0.10071761299257208,0.08812791136850057
1600154,Pedra Branca do Amapari - AP,12847,2318,1284,14,7562,1669,18.043122908071922,9.994551257102826,58.861991126332995,68.85654238343582,0.10897485794348875,12.991359850548767
1600204,Calçoene - AP,10612,1710,1622,3,7260,17,16.113833396155297,15.28458349038824,68.41311722578213,83.69770071617037,0.02826988315114964,0.1601960045231813
1600212,Cutias - AP,4461,595,381,4,3480,0,13.33781663304192,8.540685944855413,78.00941492938803,86.55010087424344,0.08966599417171038,0.0
1600238,Ferreira Gomes - AP,6666,1134,956,4,4571,1,17.01170117011701,14.341434143414341,68.57185718571857,82.91329132913292,0.060006000600060005,0.015001500150015001
1600253,Itaubal - AP,5599,779,679,12,4126,3,13.91319878549741,12.127165565279514,73.6917306661904,85.8188962314699,0.21432398642614753,0.05358099660653688
1600279,Laranjal do Jari - AP,35114,6115,4202,23,24629,145,17.414706384917697,11.966736914051376,70.14011505382469,82.10685196787607,0.06550093979609273,0.4129407074101498
1600303,Macapá - AP,442933,104145,56592,532,280577,1079,23.512585424883675,12.776650193144336,63.3452463465129,76.12189653965724,0.1201084588414049,0.24360343437946597
1600402,Mazagão - AP,21924,3236,3043,19,15602,24,14.760080277321658,13.879766465973363,71.16402116402116,85.04378762999453,0.08666301769750046,0.10946907498631636
1600501,Oiapoque - AP,27482,3959,2580,15,13641,7287,14.405792882614074,9.387963030347136,49.63612546394003,59.02408849428717,0.05458118040899498,26.515537442689762
1600535,Porto Grande - AP,17848,3380,1711,39,12690,28,18.937696100403407,9.58650829224563,71.10040340654415,80.68691169878977,0.21851187808157777,0.15688032272523533
1600550,Pracuúba - AP,3803,502,474,1,2823,3,13.200105180120957,12.463844333420983,74.23087036550092,86.6947146989219,0.026295030239284777,0.07888509071785432
1600600,Santana - AP,107618,22875,9301,58,75322,60,21.255737887713952,8.642606255459125,69.9901503465963,78.63275660205542,0.053894329944804774,0.05575275511531528
1600709,Tartarugalzinho - AP,12945,1893,1697,8,9336,11,14.623406720741599,13.109308613364233,72.12050984936269,85.22981846272693,0.06179992275009656,0.08497489378138277
1600808,Vitória do Jari - AP,11291,1866,1001,7,8413,3,16.526436985209457,8.865468071915686,74.51067221680985,83.37614028872554,0.06199628022318661,0.02656983438136569
1700251,Abreulândia - TO,2576,672,330,18,1555,1,26.08695652173913,12.81055900621118,60.36490683229814,73.17546583850933,0.6987577639751553,0.03881987577639751
1700301,Aguiarnópolis - TO,4497,824,437,0,3232,4,18.32332666221926,9.717589504113853,71.87013564598621,81.58772515010006,0.0,0.088948187680676
1700350,Aliança do Tocantins - TO,5147,1090,723,5,3322,7,21.17738488439868,14.04701768020206,64.54245191373616,78.58946959393822,0.09714396735962696,0.13600155430347777
1700400,Almas - TO,6499,820,1462,4,4211,2,12.617325742421912,22.495768579781505,64.79458378212033,87.29035236190182,0.06154793045083859,0.030773965225419295
1700707,Alvorada - TO,8802,2494,617,9,5673,9,28.334469438763918,7.009770506703022,64.45126107702795,71.46103158373097,0.10224948875255624,0.10224948875255624
1701002,Ananás - TO,10325,1992,1151,14,7159,9,19.292978208232444,11.14769975786925,69.3365617433414,80.48426150121065,0.13559322033898305,0.08716707021791767
1701051,Angico - TO,2876,597,459,1,1814,5,20.75799721835883,15.959666203059806,63.07371349095967,79.03337969401947,0.03477051460361613,0.17385257301808066
1701101,Aparecida do Rio Negro - TO,4856,928,504,3,3399,22,19.110378912685338,10.378912685337726,69.99588138385502,80.37479406919275,0.06177924217462932,0.45304777594728174
1701309,Aragominas - TO,5290,1005,845,10,3408,21,18.998109640831757,15.973534971644613,64.4234404536862,80.39697542533081,0.1890359168241966,0.39697542533081287
1701903,Araguacema - TO,5927,1151,756,3,4001,16,19.419605196558123,12.755188122152859,67.50463978403914,80.259827906192,0.05061582588155897,0.2699510713683145
1702000,Araguaçu - TO,8133,2287,820,9,4982,35,28.120004918234354,10.08238042542727,61.25660887741301,71.33898930284028,0.11066027296200664,0.43034550596335913
1702109,Araguaína - TO,171301,45334,22201,473,102930,359,26.464527352438107,12.960227902931098,60.08721490242322,73.04744280535432,0.2761221475648128,0.20957262362741608
1702158,Araguanã - TO,4310,863,682,0,2760,5,20.023201856148493,15.823665893271462,64.03712296983758,79.86078886310905,0.0,0.11600928074245939
1702208,Araguatins - TO,31918,6123,5026,36,20691,42,19.183532802807193,15.746600664202017,64.82549031894229,80.5720909831443,0.11278902186853813,0.13158719217996115
1702307,Arapoema - TO,5550,1333,741,2,3472,2,24.01801801801802,13.35135135135135,62.55855855855856,75.90990990990991,0.036036036036036036,0.036036036036036036
1702406,Arraias - TO,10287,881,3571,25,5800,10,8.564207251871293,34.713716341012926,56.381841158744045,91.09555749975698,0.2430251774083795,0.0972100709633518
1702554,Augustinópolis - TO,17484,3404,2334,19,11706,21,19.469229009380005,13.349347975291696,66.95264241592314,80.30199039121483,0.10867078471745596,0.12010981468771448
1702703,Aurora do Tocantins - TO,3342,489,576,3,2273,1,14.631956912028725,17.235188509874327,68.0131657690006,85.24835427887493,0.08976660682226212,0.029922202274087373
1702901,Axixá do Tocantins - TO,10262,1679,1114,15,7450,4,16.361333073474956,10.85558370687975,72.59793412590139,83.45351783278115,0.1461703371662444,0.038978756577665176
1703008,Babaçulândia - TO,7880,1586,981,3,5297,13,20.126903553299492,12.449238578680204,67.22081218274111,79.67005076142132,0.03807106598984772,0.1649746192893401
1703057,Bandeirantes do Tocantins - TO,3407,817,414,4,2168,4,23.98004109186968,12.151452891106546,63.63369533313766,75.78514822424421,0.1174053419430584,0.1174053419430584
1703073,Barra do Ouro - TO,4476,787,607,5,3059,18,17.58266309204647,13.561215370866845,68.34226988382484,81.90348525469169,0.11170688114387846,0.40214477211796246
1703107,Barrolândia - TO,4846,1569,502,4,2752,19,32.37721832439125,10.359059017746596,56.78910441601321,67.1481634337598,0.08254230293025175,0.39207593891869585
1703206,Bernardo Sayão - TO,4229,1106,390,3,2728,2,26.152754788366043,9.222038306928352,64.50697564436037,73.72901395128872,0.07093875620714117,0.04729250413809411
1703305,Bom Jesus do Tocantins - TO,4038,695,425,14,2887,17,17.211490837048043,10.525012382367509,71.49578999504705,82.02080237741455,0.3467062902426944,0.42100049529470035
1703602,Brasilândia do Tocantins - TO,1974,359,305,1,1306,3,18.186423505572442,15.450861195542046,66.16008105369808,81.61094224924013,0.05065856129685917,0.1519756838905775
1703701,Brejinho de Nazaré - TO,4725,604,1357,8,2749,7,12.783068783068783,28.719576719576718,58.17989417989418,86.8994708994709,0.1693121693121693,0.14814814814814814
1703800,Buriti do Tocantins - TO,10307,1771,1209,2,7304,21,17.18249733191035,11.72989230619967,70.86446104589115,82.59435335209082,0.019404288347724848,0.20374502765111088
1703826,Cachoeirinha - TO,1961,331,184,1,1414,31,16.879143294237632,9.38296787353391,72.10606833248343,81.48903620601735,0.05099439061703213,1.5808261091279958
1703842,Campos Lindos - TO,8653,1811,803,3,6030,6,20.929157517623945,9.280018490696868,69.68681382179591,78.96683231249278,0.03467005662775916,0.06934011325551832
1703867,Cariri do Tocantins - TO,4007,1019,412,11,2560,5,25.43049663089593,10.282006488644871,63.888195657599205,74.17020214624408,0.27451959071624654,0.12478163214374845
1703883,Carmolândia - TO,2201,438,388,9,1359,7,19.900045433893684,17.628350749659244,61.74466151749205,79.3730122671513,0.408905043162199,0.31803725579282144
1703891,Carrasco Bonito - TO,3318,490,588,6,2230,4,14.767932489451477,17.72151898734177,67.209162145871,84.93068113321277,0.18083182640144665,0.12055455093429777
1703909,Caseara - TO,4847,1217,378,1,3235,16,25.10831442129152,7.798638332989478,66.74231483391789,74.54095316690737,0.020631318341242006,0.3301010934598721
1704105,Centenário - TO,2131,228,223,1,1677,2,10.699202252463632,10.464570624120132,78.69544814641013,89.16001877053026,0.04692632566870014,0.09385265133740028
1704600,Chapada de Areia - TO,1501,297,174,1,1026,3,19.78680879413724,11.592271818787475,68.35443037974683,79.94670219853431,0.06662225183211193,0.19986675549633579
1705102,Chapada da Natividade - TO,3117,287,606,10,2214,0,9.207571382739815,19.44177093358999,71.02983638113571,90.4716073147257,0.3208213025344883,0.0
1705508,Colinas do Tocantins - TO,34233,9234,4314,98,20510,76,26.97397248269214,12.60187538340198,59.9129494931791,72.51482487658107,0.2862734788069991,0.22200800397277481
1705557,Combinado - TO,4756,1085,648,8,3013,2,22.813288477712362,13.624894869638352,63.35155592935239,76.97645079899074,0.16820857863751051,0.04205214465937763
1705607,Conceição do Tocantins - TO,3887,374,1448,5,2060,0,9.621816310779522,37.252379727296116,52.99717005402624,90.24954978132236,0.12863390789812196,0.0
1706001,Couto Magalhães - TO,5331,1185,498,2,3643,3,22.228474957794035,9.341586944288126,68.33614706434065,77.67773400862878,0.03751641343087601,0.056274620146314014
1706100,Cristalândia - TO,6371,1433,860,11,4058,9,22.49254434154764,13.498665829540103,63.69486736776016,77.19353319730027,0.17265735363365248,0.14126510751844296
1706258,Crixás do Tocantins - TO,1470,266,177,3,1023,1,18.095238095238095,12.040816326530612,69.59183673469387,81.63265306122449,0.20408163265306123,0.06802721088435375
1706506,Darcinópolis - TO,5827,1555,496,8,3765,2,26.686116354899607,8.512098850180196,64.61300840912992,73.12510725931011,0.13729191693839024,0.03432297923459756
1707009,Dianópolis - TO,17739,2971,2858,14,11889,7,16.74840746378037,16.111392975928744,67.02181633688483,83.13320931281356,0.07892214893736964,0.03946107446868482
1707108,Divinópolis do Tocantins - TO,7024,2011,701,4,4298,10,28.630410022779042,9.98006833712984,61.19020501138952,71.17027334851936,0.05694760820045558,0.14236902050113895
1707207,Dois Irmãos do Tocantins - TO,6327,1547,874,15,3862,29,24.450766556029713,13.813813813813814,61.03998735577683,74.85380116959064,0.2370791844476055,0.4583530899320373
1707306,Dueré - TO,4248,923,516,1,2789,19,21.727871939736346,12.146892655367232,65.65442561205273,77.80131826741996,0.023540489642184557,0.4472693032015066
1707405,Esperantina - TO,7530,1269,1505,26,4697,33,16.852589641434264,19.9867197875166,62.377158034528556,82.36387782204515,0.3452855245683931,0.43824701195219123
1707553,Fátima - TO,3467,753,344,8,2358,4,21.71906547447361,9.922122872800692,68.01269108739544,77.93481396019612,0.23074704355350448,0.11537352177675224
1707652,Figueirópolis - TO,5211,1246,548,3,3405,9,23.910957589714066,10.516215697562847,65.34254461715602,75.85876031471886,0.057570523891767415,0.17271157167530224
1707702,Filadélfia - TO,7712,1644,1001,5,5053,9,21.317427385892117,12.979771784232366,65.52126556016597,78.50103734439834,0.06483402489626557,0.11670124481327801
1708205,Formoso do Araguaia - TO,18881,3941,1851,11,11530,1548,20.872835125258195,9.803506170224034,61.06668079021238,70.87018696043641,0.058259626079127165,8.198718288226258
1708254,Tabocão - TO,3455,819,381,9,2239,7,23.70477568740955,11.027496382054993,64.80463096960926,75.83212735166425,0.26049204052098407,0.20260492040520983
1708304,Goianorte - TO,4738,1382,360,6,2983,7,29.16842549598987,7.598142676234698,62.95905445335585,70.55719712959055,0.1266357112705783,0.14774166314900802
1709005,Goiatins - TO,12433,1792,1120,7,6901,2613,14.4132550470522,9.008284404407625,55.505509531086624,64.51379393549425,0.056301777527547656,21.016649239926004
1709302,Guaraí - TO,24775,6360,2399,104,15874,38,25.671039354187688,9.683148335015137,64.07265388496468,73.75580221997981,0.41977800201816345,0.15338042381432895
1709500,Gurupi - TO,85125,23437,9915,138,51330,299,27.53245227606461,11.647577092511014,60.29955947136564,71.94713656387665,0.16211453744493393,0.3512481644640235
1709807,Ipueiras - TO,1590,197,354,0,1036,3,12.38993710691824,22.264150943396228,65.15723270440252,87.42138364779875,0.0,0.18867924528301888
1710508,Itacajá - TO,6819,1316,632,2,3706,1163,19.299017451239184,9.268221146795717,54.34814488927995,63.61636603607567,0.02932981375568265,17.05528669892946
1710706,Itaguatins - TO,5172,855,599,1,3681,36,16.531322505800464,11.581593194122197,71.17169373549883,82.75328692962103,0.019334880123743233,0.6960556844547564
1710904,Itapiratins - TO,3577,720,414,7,2428,8,20.128599384959465,11.573944646351691,67.87811014816886,79.45205479452055,0.19569471624266144,0.22365110427732737
1711100,Itaporã do Tocantins - TO,2404,553,297,1,1547,6,23.003327787021632,12.354409317803661,64.35108153078203,76.70549084858568,0.04159733777038269,0.24958402662229617
1711506,Jaú do Tocantins - TO,3334,780,480,12,2061,1,23.395320935812837,14.397120575884824,61.81763647270546,76.21475704859029,0.3599280143971206,0.029994001199760048
1711803,Juarina - TO,2243,425,282,0,1535,1,18.947837717342843,12.572447614801606,68.43513152028534,81.00757913508694,0.0,0.04458314757021846
1711902,Lagoa da Confusão - TO,15288,2780,1684,13,8619,2192,18.184196755625326,11.015175300889586,56.37755102040816,67.39272632129774,0.08503401360544217,14.338042909471481
1711951,Lagoa do Tocantins - TO,3516,634,483,8,2385,4,18.031854379977247,13.737201365187714,67.83276450511946,81.56996587030717,0.22753128555176336,0.11376564277588168
1712009,Lajeado - TO,3357,575,409,1,2359,13,17.128388442061365,12.183497170092345,70.27107536490915,82.45457253500149,0.02978850163836759,0.3872505212987787
1712157,Lavandeira - TO,1626,244,340,0,1042,0,15.006150061500614,20.91020910209102,64.08364083640836,84.99384993849938,0.0,0.0
1712405,Lizarda - TO,2999,415,287,3,2292,2,13.837945981993999,9.569856618872958,76.42547515838613,85.9953317772591,0.10003334444814939,0.06668889629876626
1712454,Luzinópolis - TO,2717,594,331,2,1789,1,21.86234817813765,12.182554287817446,65.84468163415532,78.02723592197276,0.0736105999263894,0.0368052999631947
1712504,Marianópolis do Tocantins - TO,4615,994,239,5,3374,3,21.53846153846154,5.178764897074756,73.10942578548212,78.28819068255687,0.10834236186348863,0.06500541711809317
1712702,Mateiros - TO,2748,427,651,0,1670,0,15.538573508005822,23.689956331877728,60.77147016011645,84.46142649199417,0.0,0.0
1712801,Maurilândia do Tocantins - TO,3095,433,340,0,1862,460,13.990306946688207,10.985460420032311,60.16155088852989,71.1470113085622,0.0,14.862681744749596
1713205,Miracema do Tocantins - TO,18566,4104,2779,25,11541,116,22.104922977485728,14.96822148012496,62.16201658946461,77.13023806958958,0.13465474523322202,0.6247980178821502
1713304,Miranorte - TO,12701,3503,1476,13,7702,7,27.580505472010078,11.621132194315408,60.64089441776238,72.26202661207779,0.1023541453428864,0.05511377056924652
1713601,Monte do Carmo - TO,5694,779,1191,19,3665,40,13.681067790656831,20.916754478398314,64.36599929750615,85.28275377590447,0.3336845802599227,0.7024938531787847
1713700,Monte Santo do Tocantins - TO,2396,646,155,14,1580,1,26.96160267111853,6.469115191986645,65.9432387312187,72.41235392320534,0.5843071786310517,0.041736227045075125
1713809,Palmeiras do Tocantins - TO,4872,1017,782,13,3057,3,20.874384236453203,16.050903119868636,62.74630541871921,78.79720853858785,0.26683087027914615,0.06157635467980296
1713957,Muricilândia - TO,3367,624,910,4,1821,6,18.53281853281853,27.027027027027028,54.08375408375409,81.11078111078112,0.1188001188001188,0.1782001782001782
1714203,Natividade - TO,8754,984,2422,1,5341,6,11.240575736806031,27.66735206762623,61.012108750285584,88.67946081791182,0.011423349326022389,0.06854009595613433
1714302,Nazaré - TO,4521,791,778,7,2928,17,17.496129174961293,17.208582172085823,64.76443264764433,81.97301481973015,0.15483300154833002,0.37602300376023
1714880,Nova Olinda - TO,10367,2323,1155,12,6876,1,22.407639625735506,11.141120864280891,66.32584161280988,77.46696247709077,0.11575190508343783,0.009645992090286486
1715002,Nova Rosalândia - TO,3362,750,434,1,2158,13,22.3081499107674,12.90898274836407,64.18798334324806,77.09696609161213,0.0297441998810232,0.3866745984533016
1715101,Novo Acordo - TO,3969,606,413,10,2925,15,15.26832955404384,10.405643738977073,73.69614512471655,84.10178886369363,0.25195263290501385,0.3779289493575208
1715150,Novo Alegre - TO,1846,428,283,2,1133,0,23.185265438786566,15.33044420368364,61.37594799566631,76.70639219934995,0.10834236186348863,0.0
1715259,Novo Jardim - TO,2230,328,266,0,1633,3,14.708520179372197,11.928251121076233,73.2286995515695,85.15695067264573,0.0,0.13452914798206278
1715507,Oliveira de Fátima - TO,1164,298,77,0,789,0,25.601374570446737,6.615120274914089,67.78350515463917,74.39862542955326,0.0,0.0
1715705,Palmeirante - TO,4798,820,651,7,3295,21,17.09045435598166,13.568153397248853,68.67444768653606,82.2426010837849,0.14589412255106293,0.43768236765318885
1715754,Palmeirópolis - TO,6975,1719,806,10,4433,7,24.64516129032258,11.555555555555555,63.55555555555556,75.11111111111111,0.14336917562724014,0.1003584229390681
1716109,Paraíso do Tocantins - TO,52360,15545,4501,197,31994,120,29.688693659281896,8.596256684491978,61.103896103896105,69.70015278838808,0.3762414056531704,0.22918258212375858
1716208,Paranã - TO,10542,747,2928,28,6823,16,7.085941946499715,27.774615822424586,64.72206412445456,92.49667994687914,0.2656042496679947,0.15177385695313983
1716307,Pau D'Arco - TO,4043,901,514,0,2628,0,22.285431610190454,12.713331684392777,65.00123670541677,77.71456838980956,0.0,0.0
1716505,Pedro Afonso - TO,14055,2983,1219,24,9737,92,21.223763785129847,8.673070081821416,69.27783706865884,77.95090715048026,0.17075773745997866,0.6545713269299182
1716604,Peixe - TO,9317,1545,1976,36,5738,22,16.582590962756253,21.20854352259311,61.58634753676076,82.79489105935387,0.38639046903509716,0.2361275088547816
1716653,Pequizeiro - TO,4921,1138,454,10,3319,0,23.125381020117864,9.225767120503962,67.44564112985165,76.67140825035561,0.203210729526519,0.0
1716703,Colméia - TO,8941,2602,924,9,5394,9,29.10189016888491,10.334414495022928,60.32882227938709,70.66323677441002,0.10065988144502852,0.10065988144502852
1717008,Pindorama do Tocantins - TO,4478,828,544,3,3094,8,18.49039749888343,12.148280482358196,69.09334524341224,81.24162572577043,0.06699419383653417,0.1786511835640911
1717206,Piraquê - TO,2282,400,376,8,1496,2,17.5284837861525,16.476774758983346,65.55652936021035,82.0333041191937,0.35056967572305,0.0876424189307625
1717503,Pium - TO,7128,1446,873,25,3818,966,20.286195286195287,12.247474747474747,53.56341189674523,65.81088664421998,0.3507295173961841,13.552188552188552
1717800,Ponte Alta do Bom Jesus - TO,4220,490,236,14,3480,0,11.611374407582938,5.592417061611374,82.46445497630332,88.05687203791469,0.33175355450236965,0.0
1717909,Ponte Alta do Tocantins - TO,7586,1244,1202,22,5108,9,16.39862905351964,15.844977590297917,67.33456366991827,83.17954126021618,0.29000790930661746,0.11863959926179805
1718006,Porto Alegre do Tocantins - TO,2866,326,619,13,1907,1,11.374738311235172,21.59804605722261,66.5387299371947,88.13677599441732,0.45359385903698535,0.034891835310537335
1718204,Porto Nacional - TO,64418,12835,10518,198,40694,171,19.924555248533018,16.327734484150394,63.1717842838958,79.4995187680462,0.3073675059765904,0.2654537551616008
1718303,Praia Norte - TO,9044,1164,953,2,6924,1,12.870411322423706,10.537372843874392,76.55904467049977,87.09641751437417,0.022114108801415303,0.011057054400707651
1718402,Presidente Kennedy - TO,3047,690,262,0,2092,3,22.645224811289793,8.598621595011487,68.6576960945192,77.25631768953068,0.0,0.09845749917952085
1718451,Pugmil - TO,2193,610,281,10,1290,2,27.81577747378021,12.813497492020064,58.8235294117647,71.63702690378477,0.45599635202918376,0.09119927040583675
1718501,Recursolândia - TO,3421,485,182,0,2749,5,14.17714118678749,5.320081847413037,80.35662087109033,85.67670271850336,0.0,0.14615609470914936
1718550,Riachinho - TO,3960,781,461,1,2716,1,19.72222222222222,11.641414141414142,68.58585858585859,80.22727272727273,0.025252525252525252,0.025252525252525252
1718659,Rio da Conceição - TO,1768,222,276,1,1269,0,12.55656108597285,15.610859728506787,71.77601809954751,87.3868778280543,0.05656108597285068,0.0
1718709,Rio dos Bois - TO,2738,505,268,3,1960,2,18.444119795471146,9.788166544923302,71.58509861212563,81.37326515704893,0.1095690284879474,0.07304601899196493
1718758,Rio Sono - TO,4841,752,282,5,3795,7,15.533980582524272,5.825242718446602,78.39289403015906,84.21813674860566,0.1032844453625284,0.14459822350753976
1718808,Sampaio - TO,4215,703,751,0,2753,8,16.678529062870698,17.81731909845789,65.31435349940688,83.13167259786476,0.0,0.18979833926453143
1718840,Sandolândia - TO,3723,876,359,1,2243,244,23.529411764705884,9.642761214074671,60.247112543647596,69.88987375772227,0.026860059092130004,6.5538544184797205
1718865,Santa Fé do Araguaia - TO,7216,1462,1180,7,4184,383,20.260532150776054,16.352549889135254,57.98226164079823,74.33481152993349,0.09700665188470066,5.307649667405765
1718881,Santa Maria do Tocantins - TO,2680,709,264,29,1638,40,26.455223880597014,9.850746268656716,61.11940298507463,70.97014925373135,1.0820895522388059,1.492537313432836
1718899,Santa Rita do Tocantins - TO,2219,448,180,2,1586,3,20.189274447949526,8.111762054979721,71.47363677332132,79.58539882830104,0.09013068949977468,0.135196034249662
1718907,Santa Rosa do Tocantins - TO,4653,390,1197,36,3018,6,8.381689232753063,25.72533849129594,64.86137975499678,90.58671824629272,0.7736943907156673,0.1289490651192779
1719004,Santa Tereza do Tocantins - TO,2781,452,620,10,1697,2,16.253146350233727,22.294138798993167,61.02121539014743,83.3153541891406,0.35958288385472853,0.0719165767709457
1720002,Santa Terezinha do Tocantins - TO,2406,504,267,1,1634,0,20.947630922693268,11.097256857855362,67.91354945968412,79.01080631753948,0.04156275976724855,0.0
1720101,São Bento do Tocantins - TO,5654,847,493,3,4230,81,14.980544747081712,8.719490626105411,74.81429076759817,83.53378139370358,0.05305978068623983,1.4326140785284753
1720150,São Félix do Tocantins - TO,1783,211,350,5,1212,5,11.833987661245093,19.62983735277622,67.97532249018508,87.6051598429613,0.28042624789680315,0.28042624789680315
1720200,São Miguel do Tocantins - TO,13241,2302,2810,36,8053,39,17.385393852428063,21.22196208745563,60.818669284797224,82.04063137225285,0.2718827883090401,0.29453968733479347
1720259,São Salvador do Tocantins - TO,2385,294,610,3,1477,1,12.327044025157234,25.57651991614256,61.928721174004195,87.50524109014675,0.12578616352201258,0.041928721174004195
1720309,São Sebastião do Tocantins - TO,4100,700,726,1,2672,1,17.073170731707318,17.70731707317073,65.17073170731707,82.8780487804878,0.024390243902439025,0.024390243902439025
1720499,São Valério - TO,4422,666,665,1,3090,0,15.061058344640434,15.038444142921755,69.87788331071913,84.91632745364089,0.022614201718679332,0.0
1720655,Silvanópolis - TO,5108,672,962,3,3445,25,13.155833985904463,18.83320281910728,67.44322631166797,86.27642913077526,0.058731401722787784,0.4894283476898982
1720804,Sítio Novo do Tocantins - TO,10830,2062,1548,14,7197,9,19.039704524469066,14.293628808864266,66.45429362880887,80.74792243767314,0.12927054478301014,0.08310249307479224
1720853,Sucupira - TO,1577,279,250,0,1048,0,17.691819911223842,15.85288522511097,66.45529486366519,82.30818008877615,0.0,0.0
1720903,Taguatinga - TO,14011,2418,1849,12,9732,0,17.25786881735779,13.196773963314538,69.45971022767826,82.6564841909928,0.08564699164941832,0.0
1720937,Taipas do Tocantins - TO,2021,172,447,1,1399,2,8.51063829787234,22.117763483424046,69.22315685304305,91.3409203364671,0.04948045522018803,0.09896091044037605
1720978,Talismã - TO,2456,492,357,1,1602,4,20.03257328990228,14.535830618892508,65.22801302931596,79.76384364820846,0.04071661237785016,0.16286644951140064
1721000,Palmas - TO,302692,89826,37871,1086,173258,645,29.675709962602248,12.511397724419542,57.23904166611605,69.75043939053559,0.35878054259775616,0.21308789132187173
1721109,Tocantínia - TO,7459,727,377,10,2414,3931,9.746614827724896,5.05429682263038,32.36358761228047,37.417884434910846,0.1340662287169862,52.701434508647274
1721208,Tocantinópolis - TO,22615,3984,2919,40,13461,2210,17.6166261330975,12.907362370108336,59.522440857837715,72.42980322794605,0.17687375635640062,9.772275038691134
1721257,Tupirama - TO,1909,397,145,6,1352,9,20.796228391828183,7.5955997904662125,70.82242011524359,78.4180199057098,0.3143006809848088,0.4714510214772132
1721307,Tupiratins - TO,1874,328,173,11,1355,7,17.502668089647813,9.231590181430096,72.3052294557097,81.5368196371398,0.5869797225186766,0.37353255069370334
1722081,Wanderlândia - TO,10522,2197,1228,14,7075,8,20.880060824938223,11.670785021858963,67.24006842805551,78.91085344991447,0.13305455236647026,0.07603117278084015
1722107,Xambioá - TO,10517,1989,1438,48,7034,8,18.912237330037083,13.673100694114291,66.88219073880384,80.55529143291814,0.45640391746695824,0.07606731957782638
2100055,Açailândia - MA,106550,24254,11261,65,70826,144,22.763022055373064,10.568747067104646,66.47207883622713,77.04082590333178,0.06100422336931018,0.1351478179258564
2100105,Afonso Cunha - MA,6144,571,540,1,5031,1,9.293619791666666,8.7890625,81.884765625,90.673828125,0.016276041666666668,0.016276041666666668
2100154,Água Doce do Maranhão - MA,12142,2519,492,1,9125,5,20.74617031790479,4.052050732992917,75.1523636962609,79.20441442925383,0.00823587547356284,0.0411793773678142
2100204,Alcântara - MA,18467,2619,4109,4,11707,27,14.182054475550983,22.250500893485675,63.39416256024259,85.64466345372827,0.02166025884009314,0.14620674717062868
2100303,Aldeias Altas - MA,23286,2760,3129,15,17370,12,11.852615305333677,13.437258438546767,74.59417675856739,88.03143519711415,0.06441638752898737,0.0515331100231899
2100402,Altamira do Maranhão - MA,6447,1237,674,2,4527,7,19.187218861485963,10.454474949588956,70.21870637505816,80.67318132464712,0.03102218085931441,0.10857763300760044
2100436,Alto Alegre do Maranhão - MA,24048,4307,2599,24,17064,53,17.910013306719893,10.807551563539587,70.95808383233533,81.76563539587492,0.0998003992015968,0.2203925482368596
2100477,Alto Alegre do Pindaré - MA,25710,4087,3305,6,18266,46,15.89653831194088,12.854920264488525,71.04628549202644,83.90120575651497,0.023337222870478413,0.17891870867366783
2100501,Alto Parnaíba - MA,11109,1676,992,4,8432,5,15.08686650463588,8.92969664236205,75.90242146007742,84.83211810243947,0.03600684129984697,0.04500855162480871
2100550,Amapá do Maranhão - MA,7170,1124,473,1,5571,1,15.676429567642957,6.5969316596931655,77.69874476987448,84.29567642956765,0.01394700139470014,0.01394700139470014
2100600,Amarante do Maranhão - MA,37085,5734,2609,9,20752,7981,15.461776998786572,7.035189429688553,55.957934474855065,62.993123904543616,0.024268572199002292,21.52083052447081
2100709,Anajatuba - MA,25322,8166,2538,3,14596,19,32.248637548376905,10.022904983808546,57.64157649474765,67.6644814785562,0.011847405418213412,0.07503356764868493
2100808,Anapurus - MA,13793,3074,534,1,10182,2,22.286667150003623,3.8715290364677735,73.82005365040237,77.69158268687015,0.007250054375407816,0.014500108750815631
2100832,Apicum-Açu - MA,17519,2619,3370,9,11498,23,14.949483418003311,19.236257777270392,65.63159997716765,84.86785775443805,0.05137279525087048,0.13128603230778013
2100873,Araguanã - MA,11181,1478,972,3,8487,241,13.218853412038278,8.693319023343172,75.90555406493158,84.59887308827476,0.026831231553528307,2.1554422681334406
2100907,Araioses - MA,39052,8342,3303,29,27356,20,21.361261907200657,8.457953497900236,70.05018949093517,78.5081429888354,0.07425996107753764,0.05121376626037079
2100956,Arame - MA,25517,4881,1872,31,15375,3358,19.12842418779637,7.33628561351256,60.25394834816005,67.59023396167261,0.12148763569385115,13.159854214837168
2101004,Arari - MA,29472,8650,2746,13,18016,46,29.34989142236699,9.317318132464711,61.129207383279045,70.44652551574376,0.044109663409337675,0.15608034744842564
2101103,Axixá - MA,11790,1944,1304,8,8517,16,16.48854961832061,11.060220525869381,72.23918575063614,83.29940627650552,0.06785411365564037,0.13570822731128074
2101202,Bacabal - MA,103711,22404,19316,186,61630,171,21.602337264128202,18.624832467144277,59.424747615971306,78.04958008311559,0.1793445246887987,0.16488125656873426
2101251,Bacabeira - MA,16966,3694,1251,8,12006,7,21.772957680066014,7.3735706707532715,70.76505953082636,78.13863020157963,0.047153129788989744,0.04125898856536603
2101301,Bacuri - MA,16290,1359,6493,7,8421,10,8.342541436464089,39.858809085328424,51.69429097605893,91.55310006138735,0.042971147943523635,0.061387354205033766
2101350,Bacurituba - MA,5252,563,1345,8,3330,6,10.71972581873572,25.60929169840061,63.404417364813405,89.01370906321401,0.15232292460015232,0.11424219345011424
2101400,Balsas - MA,101767,21041,10757,376,69373,216,20.67566106891232,10.570224139455815,68.16846325429658,78.7386873937524,0.36947143966118684,0.2122495504436605
2101509,Barão de Grajaú - MA,18984,3908,2146,51,12847,32,20.585756426464393,11.30425621576064,67.67277707543194,78.97703329119258,0.2686472819216182,0.1685630004214075
2101608,Barra do Corda - MA,84532,19649,6214,58,53270,5335,23.24445180523352,7.351062319594947,63.01755548194767,70.36861780154261,0.06861306960677613,6.311219419864667
2101707,Barreirinhas - MA,65589,9057,3029,22,53442,39,13.808717925261858,4.618152434097181,81.4801262406806,86.09827867477779,0.03354220982176889,0.05946119013859031
2101731,Belágua - MA,8460,1030,219,0,7210,1,12.174940898345154,2.5886524822695036,85.22458628841608,87.81323877068559,0.0,0.01182033096926714
2101772,Bela Vista do Maranhão - MA,11750,2490,1426,1,7825,8,21.19148936170213,12.136170212765958,66.59574468085107,78.73191489361703,0.00851063829787234,0.06808510638297872
2101806,Benedito Leite - MA,5469,1558,758,17,3122,14,28.487840555860302,13.85993783141342,57.08539038215396,70.94532821356738,0.31084293289449627,0.25598829767782044
2101905,Bequimão - MA,19584,5379,3755,4,10416,30,27.466299019607842,19.173815359477125,53.18627450980392,72.36008986928104,0.02042483660130719,0.15318627450980393
2101939,Bernardo do Mearim - MA,5840,1412,438,0,3986,4,24.17808219178082,7.5,68.25342465753425,75.75342465753425,0.0,0.0684931506849315
2101970,Boa Vista do Gurupi - MA,7574,1072,740,0,5723,39,14.15368365460787,9.770266701874835,75.56113018220228,85.33139688407711,0.0,0.5149194613150251
2102002,Bom Jardim - MA,33100,5086,4258,32,21731,1990,15.365558912386707,12.86404833836858,65.65256797583082,78.5166163141994,0.09667673716012085,6.0120845921450154
2102036,Bom Jesus das Selvas - MA,28599,4456,2895,10,20737,501,15.580964369383544,10.1227315640407,72.5095283051855,82.6322598692262,0.0349662575614532,1.7518095038288053
2102077,Bom Lugar - MA,12212,2921,1011,9,8264,7,23.919095971175892,8.278742220766459,67.67114313789715,75.94988535866361,0.07369800196528005,0.05732066819521782
2102101,Brejo - MA,34120,4730,3807,22,25492,67,13.862837045720985,11.15767878077374,74.71277842907385,85.87045720984759,0.06447831184056271,0.19636576787807739
2102150,Brejo de Areia - MA,9218,1558,569,1,7089,1,16.901714037752225,6.172705576046865,76.903883705793,83.07658928183987,0.010848340203948795,0.010848340203948795
2102200,Buriti - MA,29685,4314,1953,1,23402,14,14.532592218292066,6.579080343607883,78.83442816237157,85.41350850597945,0.0033687047330301497,0.0471618662624221
2102309,Buriti Bravo - MA,22455,4016,2304,34,16094,5,17.884658205299488,10.260521042084168,71.67223335560008,81.93275439768425,0.15141393898908928,0.0222667557336896
2102325,Buriticupu - MA,55499,9294,5509,57,40404,231,16.74624768013838,9.92630497846808,72.80131173534659,82.72761671381467,0.10270455323519342,0.416223715742626
2102358,Buritirana - MA,12918,2579,1193,18,9108,20,19.964390772565412,9.235175723796253,70.50627032048304,79.74144604427929,0.13934045517882024,0.15482272797646696
2102374,Cachoeira Grande - MA,9732,1023,313,0,8392,4,10.511713933415537,3.2161939991779698,86.23099054665023,89.44718454582821,0.0,0.04110152075626798
2102408,Cajapió - MA,10121,1273,2001,2,6841,4,12.577808516944966,19.770773638968482,67.59213516450943,87.36290880347791,0.019760893192372297,0.039521786384744594
2102507,Cajari - MA,16412,2565,2854,13,10938,42,15.628808189129906,17.389714842797954,66.64635632464051,84.03607116743846,0.07921033390202291,0.25591030952961247
2102556,Campestre do Maranhão - MA,12301,2727,968,15,8560,31,22.168929355336964,7.869278920412975,69.587838387123,77.45711730753598,0.1219413055849118,0.25201203154215107
2102606,Cândido Mendes - MA,19932,3342,2988,6,13577,16,16.767007826610474,14.990969295605057,68.1165964278547,83.10756572345976,0.030102347983142687,0.08027292795504716
2102705,Cantanhede - MA,24303,2876,2229,6,19166,26,11.833929967493725,9.171707196642389,78.86269184874295,88.03439904538534,0.02468831008517467,0.1069826770357569
2102754,Capinzal do Norte - MA,11374,2219,1349,42,7755,9,19.509407420432566,11.860383330402673,68.18181818181819,80.04220151222086,0.36926323193247756,0.07912783541410234
2102804,Carolina - MA,24062,5915,2432,50,15611,54,24.582328983459398,10.107223007231319,64.87823123597373,74.98545424320506,0.20779652564209125,0.22442024769345856
2102903,Carutapera - MA,24238,3433,1368,17,19364,56,14.163709877052563,5.644030035481475,79.89108012212229,85.53511015760377,0.07013780014852711,0.2310421651951481
2103000,Caxias - MA,156973,25078,27516,315,103872,184,15.975995871901537,17.5291292133042,66.17188943321463,83.70101864651883,0.20067145305243578,0.117217610671899
2103109,Cedral - MA,10208,1609,1448,2,7139,10,15.762147335423197,14.184952978056426,69.9353448275862,84.12029780564264,0.019592476489028215,0.09796238244514106
2103125,Central do Maranhão - MA,7094,688,2177,5,4203,21,9.698336622497886,30.687905272060895,59.247251198195656,89.93515647025654,0.07048209754722301,0.2960248096983366
2103158,Centro do Guilherme - MA,12342,1995,900,0,8612,835,16.164316966456003,7.292173067574137,69.77799384216496,77.0701669097391,0.0,6.765516123804894
2103174,Centro Novo do Maranhão - MA,16267,2707,1638,24,11437,460,16.641052437450053,10.069465789635458,70.30798549210057,80.37745128173603,0.14753796028769903,2.827810905514231
2103208,Chapadinha - MA,81386,16780,4797,17,59755,35,20.617796672646403,5.894134126262502,73.42171872312191,79.31585284938441,0.020888113434743075,0.04300493942447104
2103257,Cidelândia - MA,12878,2632,1316,8,8913,9,20.437956204379564,10.218978102189782,69.2110576176425,79.43003571983228,0.06212144742972511,0.06988662835844076
2103307,Codó - MA,114275,15859,20195,70,78036,114,13.877926055567709,17.67228177641654,68.28790199081163,85.96018376722817,0.06125574272588055,0.09975935243929118
2103406,Coelho Neto - MA,41658,5718,4555,45,31325,14,13.726055019444045,10.934274329060445,75.1956406932642,86.12991502232464,0.10802246867348408,0.033606990253972825
2103505,Colinas - MA,40316,7986,6989,19,25242,80,19.808512749280684,17.335549161623177,62.610378013691836,79.945927175315,0.04712769123921024,0.19843238416509573
2103554,Conceição do Lago-Açu - MA,14915,2745,2102,7,10054,7,18.404290982232652,14.093194770365404,67.40864901106269,81.5018437814281,0.04693261816962789,0.04693261816962789
2103604,Coroatá - MA,59566,11839,6490,65,41145,26,19.875432293590304,10.895477285699895,69.07463989524226,79.97011718094215,0.10912265386294194,0.04364906154517678
2103703,Cururupu - MA,31558,3627,9591,34,18272,27,11.49312377210216,30.39165980100133,57.899740160973444,88.29139996197478,0.10773813296153115,0.08555675264592179
2103752,Davinópolis - MA,14404,2907,1709,24,9744,20,20.181893918356014,11.864759788947515,67.64787559011386,79.51263537906136,0.1666203832268814,0.13885031935573452
2103802,Dom Pedro - MA,23053,5594,2235,45,15165,13,24.265822235717692,9.695050535722032,65.78319524573809,75.47824578146012,0.19520235977963823,0.05639179282522882
2103901,Duque Bacelar - MA,10223,1492,1361,5,7361,4,14.594541719651765,13.313117480191725,72.00430402034628,85.317421500538,0.04890932211679546,0.03912745769343637
2104008,Esperantinópolis - MA,18311,4383,1139,15,12764,10,23.93643165310469,6.220304734858828,69.70673365736442,75.92703839222325,0.08191797280323303,0.05461198186882202
2104057,Estreito - MA,33294,7934,2183,44,23072,61,23.830119541058448,6.556736949600529,69.29777137021685,75.85450831981738,0.13215594401393643,0.18321619511023007
2104073,Feira Nova do Maranhão - MA,8048,1558,933,16,5540,1,19.358846918489064,11.592942345924452,68.83697813121272,80.42992047713717,0.1988071570576541,0.01242544731610338
2104081,Fernando Falcão - MA,10873,1936,578,3,4897,3458,17.805573438793342,5.3159201692265245,45.038167938931295,50.35408810815782,0.02759128115515497,31.803550078175295
2104099,Formosa da Serra Negra - MA,17719,4230,1508,7,11948,26,23.872679045092838,8.51063829787234,67.43044189852701,75.94108019639935,0.03950561544105198,0.1467351430667645
2104107,Fortaleza dos Nogueiras - MA,12640,2406,1129,5,9093,7,19.03481012658228,8.931962025316455,71.9382911392405,80.87025316455696,0.03955696202531646,0.055379746835443035
2104206,Fortuna - MA,16976,3429,1803,25,11712,7,20.199104618284636,10.620876531573987,68.99151743638078,79.61239396795476,0.14726672950047126,0.04123468426013195
2104305,Godofredo Viana - MA,10186,1485,996,2,7673,30,14.578833693304535,9.77812684076183,75.32888278028666,85.10700962104849,0.0196347928529354,0.294521892794031
2104404,Gonçalves Dias - MA,17206,3970,1878,64,11282,12,23.07334650703243,10.914797163780078,65.57014994769267,76.48494711147275,0.37196326862722306,0.06974311286760432
2104503,Governador Archer - MA,10231,2101,783,4,7342,1,20.535627015931972,7.653210829830906,71.76229107614114,79.41550190597205,0.03909686247678624,0.00977421561919656
2104552,Governador Edison Lobão - MA,18411,3997,1744,15,12630,24,21.70984737385259,9.4725979034273,68.60029330291674,78.07289120634404,0.08147303242626691,0.13035685188202706
2104602,Governador Eugênio Barros - MA,13930,2166,1531,3,10220,10,15.549174443646805,10.990667623833453,73.36683417085428,84.35750179468772,0.021536252692031587,0.07178750897343862
2104628,Governador Luiz Rocha - MA,7063,1240,507,1,5313,2,17.556279201472464,7.17825286705366,75.22299306243806,82.40124592949172,0.014158289678606824,0.02831657935721365
2104651,Governador Newton Bello - MA,10713,1241,813,31,8615,12,11.584056753477084,7.588910669280313,80.41631662466163,88.00522729394194,0.28936805750023337,0.11201344161299356
2104677,Governador Nunes Freire - MA,23128,3455,1996,9,17648,20,14.938602559667935,8.630231753718437,76.3057765479073,84.93600830162573,0.03891387063299896,0.08647526807333103
2104701,Graça Aranha - MA,6023,1438,882,3,3684,16,23.87514527644031,14.64386518346339,61.16553212684708,75.80939731031047,0.049809065249875474,0.2656483479993359
2104800,Grajaú - MA,73872,15459,6336,66,44365,7646,20.92673814165042,8.576998050682262,60.056584362139915,68.63358241282218,0.08934372969460688,10.350335715832792
2104909,Guimarães - MA,10290,1092,1850,4,7218,125,10.612244897959183,17.978620019436345,70.14577259475219,88.12439261418854,0.038872691933916424,1.2147716229348882
2105005,Humberto de Campos - MA,25680,2906,1002,8,21734,30,11.31619937694704,3.9018691588785046,84.63395638629284,88.53582554517135,0.03115264797507788,0.11682242990654206
2105104,Icatu - MA,24794,1844,3892,9,19030,19,7.437283213680729,15.697346132128741,76.75244010647738,92.44978623860612,0.036299104622085986,0.07663144309107042
2105153,Igarapé do Meio - MA,13974,1845,1846,7,10250,25,13.203091455560326,13.21024760269071,73.35050808644625,86.56075568913697,0.05009302991269501,0.17890367825962503
2105203,Igarapé Grande - MA,10231,2623,1009,15,6583,1,25.637767569152576,9.862183559769328,64.34366142117095,74.20584498094027,0.1466132342879484,0.00977421561919656
2105302,Imperatriz - MA,273110,75090,29542,710,167244,522,27.49441616930907,10.816886968620702,61.23686426714511,72.05375123576582,0.25996851085643147,0.19113177840430595
2105351,Itaipava do Grajaú - MA,13828,2573,1053,2,8927,1273,18.607173850159096,7.614984090251664,64.55741972808794,72.1724038183396,0.014463407578825572,9.205958923922475
2105401,Itapecuru Mirim - MA,60440,8881,7693,12,43802,52,14.693911317008604,12.728325612177366,72.47187293183322,85.20019854401059,0.01985440105890139,0.08603573792190602
2105427,Itinga do Maranhão - MA,22513,5292,2524,7,14667,22,23.50641851374761,11.211300137698219,65.14902500777329,76.3603251454715,0.031093146182205836,0.09772131657264692
2105450,Jatobá - MA,7471,1387,917,2,5163,1,18.565118458037745,12.274126622942042,69.10721456297685,81.3813411859189,0.026770178021683844,0.013385089010841922
2105476,Jenipapo dos Vieiras - MA,17076,2168,610,3,6469,7826,12.696181775591473,3.5722651674865307,37.883579292574375,41.4558444600609,0.017568517217146872,45.83040524713048
2105500,João Lisboa - MA,24709,5460,3077,41,16103,25,22.097211542352987,12.452952365534825,65.17058561657696,77.62353798211178,0.16593144198470194,0.10117770852725727
2105609,Joselândia - MA,14924,3184,1560,11,10162,7,21.334762798177433,10.452961672473867,68.09166443312785,78.54462610560171,0.0737067810238542,0.04690431519699812
2105658,Junco do Maranhão - MA,5146,956,578,2,3606,2,18.577535950252624,11.232024873688301,70.07384376214536,81.30586863583366,0.0388651379712398,0.0388651379712398
2105708,Lago da Pedra - MA,44403,10206,4239,32,29898,27,22.984933450442536,9.546652253226133,67.33328829133167,76.8799405445578,0.0720672026664865,0.06080670224984798
2105807,Lago do Junco - MA,9506,2088,1082,13,6315,8,21.96507468966968,11.38228487271197,66.43172733010731,77.81401220281927,0.1367557332211235,0.08415737428992215
2105906,Lago Verde - MA,14769,2877,1948,25,9914,5,19.479991874873043,13.18978942379308,67.12709052745616,80.31687995124923,0.1692734782314307,0.03385469564628614
2105922,Lagoa do Mato - MA,10572,2099,843,0,7625,5,19.854332198259552,7.973893303064699,72.12447975785092,80.09837306091562,0.0,0.04729474082482028
2105948,Lago dos Rodrigues - MA,8758,2238,534,4,5982,0,25.553779401689884,6.097282484585522,68.30326558575017,74.40054807033569,0.04567252797442339,0.0
2105963,Lagoa Grande do Maranhão - MA,11411,2114,1221,3,8065,8,18.525983699938656,10.700201559898344,70.67741652791166,81.37761808781,0.026290421523091755,0.07010779072824468
2105989,Lajeado Novo - MA,7057,1261,381,20,5220,175,17.86878276888196,5.398894714467904,73.96910868641065,79.36800340087855,0.28340654669122856,2.47980728354825
2106003,Lima Campos - MA,11297,2644,1767,28,6844,13,23.404443657608216,15.641320704611843,60.58245551916438,76.22377622377621,0.24785341241037442,0.11507479861910241
2106102,Loreto - MA,11597,2267,1186,2,8138,4,19.548159006639647,10.226782788652237,70.17332068638441,80.40010347503664,0.0172458394412348,0.0344916788824696
2106201,Luís Domingues - MA,7161,1117,607,4,5433,0,15.598380114509148,8.476469766792347,75.86929199832426,84.3457617651166,0.055858120374249406,0.0
2106300,Magalhães de Almeida - MA,13807,3261,817,6,9714,9,23.61845440718476,5.917288332005504,70.35561671615847,76.27290504816396,0.04345621786050554,0.0651843267907583
2106326,Maracaçumé - MA,21149,4230,2233,2,14682,2,20.000945671190127,10.558418837770107,69.42172206723723,79.98014090500733,0.009456711901271928,0.009456711901271928
2106359,Marajá do Sena - MA,7027,1263,581,21,5155,7,17.973530667425646,8.268108723495091,73.35989753806746,81.62800626156255,0.29884730325885867,0.0996157677529529
2106375,Maranhãozinho - MA,13761,1730,923,7,9045,2056,12.571760773199623,6.707361383620376,65.729234793983,72.43659617760338,0.0508683961921372,14.940774653004869
2106409,Mata Roma - MA,17090,2211,1268,12,13576,23,12.93739028671738,7.4195435927442945,79.43826799297835,86.85781158572264,0.07021650087770626,0.13458162668227033
2106508,Matinha - MA,22034,3269,4250,1,14464,50,14.836162294635564,19.288372515203775,65.64400471997821,84.93237723518199,0.004538440591812653,0.22692202959063265
2106607,Matões - MA,32174,4050,4817,29,23258,20,12.587803816746442,14.971716292658668,72.28818300491079,87.25989929756946,0.0901348915273202,0.06216199415677255
2106631,Matões do Norte - MA,17432,3018,2019,3,12390,1,17.312987608994952,11.582147774208352,71.0761817347407,82.65832950894905,0.01720972923359339,0.005736576411197797
2106672,Milagres do Maranhão - MA,8818,1636,518,7,6650,7,18.552959854842367,5.874347924699478,75.41392606033114,81.28827398503061,0.07938308006350646,0.07938308006350646
2106706,Mirador - MA,21030,4369,1930,5,14721,5,20.775083214455538,9.1773656680932,70.0,79.1773656680932,0.02377555872563005,0.02377555872563005
2106755,Miranda do Norte - MA,23864,6464,1819,5,15573,3,27.08682534361381,7.622360040227958,65.25729131746564,72.8796513576936,0.020952061682869595,0.012571237009721757
2106805,Mirinzal - MA,13978,1376,3694,2,8894,11,9.844040635284017,26.427242810130206,63.6285591644012,90.0558019745314,0.014308198597796537,0.07869509228788095
2106904,Monção - MA,27751,2545,4836,14,20310,46,9.170840690425571,17.42639904868293,73.18655183596988,90.6129508846528,0.05044863248171237,0.16575979243991207
2107001,Montes Altos - MA,9106,2025,709,0,5294,1078,22.23808477926642,7.786075115308588,58.1374917636723,65.92356687898089,0.0,11.83834834175269
2107100,Morros - MA,18554,1890,938,1,15698,26,10.186482699148431,5.055513635873666,84.6070928101757,89.66260644604937,0.005389673385792821,0.14013150803061333
2107209,Nina Rodrigues - MA,14176,2507,1803,2,9859,5,17.68481941309255,12.718679458239277,69.54712189616252,82.2658013544018,0.014108352144469526,0.03527088036117382
2107258,Nova Colinas - MA,5021,903,526,0,3584,8,17.984465245966938,10.476000796654054,71.38020314678351,81.85620394343756,0.0,0.15933081059549892
2107308,Nova Iorque - MA,4320,935,671,3,2711,0,21.64351851851852,15.532407407407407,62.754629629629626,78.28703703703704,0.06944444444444445,0.0
2107357,Nova Olinda do Maranhão - MA,14314,2123,1203,2,10624,362,14.831633365935447,8.404359368450468,74.22104233617438,82.62540170462485,0.01397233477714126,2.528992594662568
2107407,Olho d'Água das Cunhãs - MA,17919,4566,1990,77,11267,19,25.481332663653106,11.105530442547018,62.877392711646856,73.98292315419387,0.42971147943523635,0.10603270271778559
2107456,Olinda Nova do Maranhão - MA,13577,1520,2812,2,9233,10,11.195403992045371,20.711497385283938,68.00471385431244,88.71621123959638,0.014730794726375488,0.07365397363187744
2107506,Paço do Lumiar - MA,145643,32283,21125,136,91890,206,22.165843878524885,14.50464491942627,63.092630610465314,77.59727552989159,0.09337901581263774,0.1414417445397307
2107605,Palmeirândia - MA,21059,2274,3767,4,15007,7,10.798233534355857,17.88783892872406,71.26169333776532,89.14953226648939,0.018994254238092978,0.03323994491666271
2107704,Paraibano - MA,18274,4150,2138,40,11942,4,22.70986100470614,11.6996826091715,65.34967713691584,77.04935974608735,0.2188902265513845,0.021889022655138448
2107803,Parnarama - MA,31250,4814,4081,47,22280,28,15.4048,13.0592,71.296,84.35520000000001,0.1504,0.0896
2107902,Passagem Franca - MA,17220,3505,2018,33,11661,3,20.35423925667828,11.718931475029036,67.71777003484321,79.43670150987225,0.1916376306620209,0.017421602787456445
2108009,Pastos Bons - MA,18802,4934,2031,26,11790,21,26.24188916072758,10.80204233592171,62.70609509626635,73.50813743218806,0.13828316136581215,0.11169024571854058
2108058,Paulino Neves - MA,17056,2886,828,2,13327,13,16.920731707317074,4.854596622889305,78.13672607879926,82.99132270168856,0.01172607879924953,0.07621951219512195
2108108,Paulo Ramos - MA,20341,3722,1936,27,14642,13,18.298018779804337,9.517722825819773,71.9826950494076,81.50041787522737,0.13273683693033775,0.06391032889238484
2108207,Pedreiras - MA,37050,9055,5184,74,22644,92,24.439946018893387,13.991902834008098,61.11740890688259,75.10931174089069,0.19973009446693657,0.2483130904183536
2108256,Pedro do Rosário - MA,24320,1907,4811,8,17574,20,7.8412828947368425,19.78207236842105,72.26151315789474,92.0435855263158,0.03289473684210526,0.08223684210526316
2108306,Penalva - MA,32511,2882,7908,23,21639,56,8.864691950416782,24.324074928485743,66.55901079634586,90.8830857248316,0.07074528621082095,0.17224939251330318
2108405,Peri Mirim - MA,11108,2639,1769,0,6698,2,23.757652142599927,15.925459128555996,60.29888368743248,76.22434281598848,0.0,0.018005041411595247
2108454,Peritoró - MA,20479,3638,2924,6,13903,8,17.764539284144735,14.278040919966795,67.88905708286538,82.16709800283218,0.029298305581327212,0.039064407441769616
2108504,Pindaré-Mirim - MA,31429,4871,5102,21,21373,62,15.49842502147698,16.233414998886378,68.0040726717363,84.23748767062267,0.06681727067358173,0.1972700372267651
2108603,Pinheiro - MA,84621,15415,12101,85,56909,100,18.21651835832713,14.300232802732182,67.25162784651565,81.55186064924783,0.10044787936800557,0.11817397572706538
2108702,Pio XII - MA,21886,4750,2255,14,14855,12,21.703372018642053,10.30339029516586,67.87444028145846,78.17783057662432,0.06396783331810289,0.05482957141551677
2108801,Pirapemas - MA,17714,2865,1375,4,13465,5,16.173647962063903,7.762221971322118,76.01332279552896,83.77554476685108,0.022581009371118888,0.028226261713898613
2108900,Poção de Pedras - MA,17161,3830,1376,8,11938,9,22.318046733873317,8.018180758697046,69.56471068119573,77.58289143989278,0.04661732999242468,0.05244449624147777
2109007,Porto Franco - MA,23903,5762,1736,10,16349,46,24.105760783165294,7.262686692047024,68.3972723089152,75.65995900096223,0.041835752834372256,0.19244446303811238
2109056,Porto Rico do Maranhão - MA,5954,1010,875,1,4064,4,16.963385959019146,14.696002687269063,68.25663419549882,82.95263688276788,0.016795431642593214,0.06718172657037286
2109106,Presidente Dutra - MA,45155,12246,3955,13,28880,61,27.11992027460968,8.758719964566493,63.95747979182815,72.71619975639464,0.028789724283025137,0.1350902447126564
2109205,Presidente Juscelino - MA,11356,992,1682,2,8672,8,8.73547023599859,14.811553363860515,76.36491722437478,91.17647058823529,0.017611835153222965,0.07044734061289186
2109239,Presidente Médici - MA,4696,780,488,13,3399,16,16.609880749574106,10.391822827938672,72.38074957410562,82.77257240204429,0.2768313458262351,0.34071550255536626
2109270,Presidente Sarney - MA,17511,2218,1715,7,13559,12,12.666324024898636,9.7938438695677,77.43132887899034,87.22517274855804,0.03997487293701102,0.0685283536063046
2109304,Presidente Vargas - MA,10549,1347,966,3,8233,0,12.768982841975543,9.15726609157266,78.04531235188169,87.20257844345436,0.02843871457010143,0.0
2109403,Primeira Cruz - MA,13614,1521,439,1,11649,4,11.17232260907889,3.224621712942559,85.56632877919789,88.79095049214045,0.007345379756133392,0.029381519024533568
2109452,Raposa - MA,30839,6985,3281,14,20369,190,22.64989137131554,10.63912578228866,66.04948279775608,76.68860858004474,0.045397062161548686,0.6161029864781608
2109502,Riachão - MA,22145,3414,2116,6,16598,11,15.416572589749379,9.55520433506435,74.95145631067962,84.50666064574396,0.027094152178821405,0.04967261232783924
2109551,Ribamar Fiquene - MA,7420,1737,684,9,4982,8,23.409703504043126,9.21832884097035,67.14285714285714,76.36118598382748,0.12129380053908356,0.1078167115902965
2109601,Rosário - MA,38475,5673,4398,21,28316,66,14.744639376218323,11.430799220272904,73.59584145549057,85.02664067576347,0.05458089668615984,0.17153996101364521
2109700,Sambaíba - MA,5568,775,696,11,4078,8,13.91882183908046,12.5,73.23994252873563,85.73994252873563,0.19755747126436782,0.14367816091954022
2109759,Santa Filomena do Maranhão - MA,6697,1770,266,0,4661,0,26.42974466178886,3.971927728833806,69.59832760937734,73.57025533821114,0.0,0.0
2109809,Santa Helena - MA,41561,7408,5704,15,28427,7,17.82440268520969,13.724405091311565,68.39825798224297,82.12266307355453,0.0360915281153004,0.016842713120473522
2109908,Santa Inês - MA,85014,18107,11760,114,54801,229,21.298844896134753,13.833015738584233,64.46114757569342,78.29416331427765,0.13409556073117368,0.2693673983108664
2110005,Santa Luzia - MA,57635,10289,5531,27,41577,211,17.851999652988635,9.596599288626702,72.13845753448426,81.73505682311097,0.04684653422399584,0.3660969896764119
2110039,Santa Luzia do Paruá - MA,24307,4962,2056,16,17256,17,20.41387254700292,8.458468753856913,70.9918953387913,79.45036409264821,0.06582465956308882,0.06993870078578188
2110104,Santa Quitéria do Maranhão - MA,23957,3666,1778,5,18502,6,15.302416830154026,7.421630421171265,77.23003714989356,84.65166757106482,0.020870726718704345,0.025044872062445215
2110203,Santa Rita - MA,37035,6244,4587,13,26169,22,16.859727285000677,12.385581206966384,70.66018631024707,83.04576751721345,0.03510193060618334,0.05940326717969489
2110237,Santana do Maranhão - MA,10567,1457,496,1,8607,6,13.788208573862024,4.693858237910476,81.45168922116022,86.1455474590707,0.009463423866754993,0.05678054320052995
2110278,Santo Amaro do Maranhão - MA,13949,1992,745,5,11204,2,14.280593590938418,5.340884651229479,80.32116997634239,85.66205462757186,0.03584486343107033,0.014337945372428131
2110302,Santo Antônio dos Lopes - MA,14304,2600,1801,7,9883,13,18.176733780760625,12.590883668903803,69.09256152125279,81.68344519015659,0.04893736017897092,0.09088366890380313
2110401,São Benedito do Rio Preto - MA,18364,3468,722,1,14172,1,18.884774558919624,3.9316053147462426,77.17272925288609,81.10433456763232,0.0054454367240252665,0.0054454367240252665
2110500,São Bento - MA,46395,5883,9003,8,31489,10,12.680245716133204,19.40510830908503,67.8715378812372,87.27664619032223,0.017243237417825196,0.021554046772281496
2110609,São Bernardo - MA,26943,4306,1342,14,21268,13,15.981887688824555,4.9808855732472255,78.93701518019523,83.91790075344245,0.051961548454143934,0.04825000927884794
2110658,São Domingos do Azeitão - MA,7992,1900,1260,2,4814,16,23.773773773773772,15.765765765765765,60.23523523523524,76.001001001001,0.025025025025025027,0.2002002002002002
2110708,São Domingos do Maranhão - MA,34034,9192,3368,33,21408,32,27.008285831815243,9.895986366574602,62.901804078274665,72.79779044484927,0.09696186166774402,0.09402362343538814
2110807,São Félix de Balsas - MA,4402,964,551,3,2883,1,21.899136756019992,12.517037710131758,65.49295774647888,78.00999545661064,0.06815084052703317,0.02271694684234439
2110856,São Francisco do Brejão - MA,9051,1998,942,0,6104,7,22.074908849850846,10.407689758037787,67.4400618716164,77.84775162965418,0.0,0.07733952049497293
2110906,São Francisco do Maranhão - MA,12064,1894,1493,55,8600,22,15.699602122015914,12.375663129973475,71.28647214854111,83.66213527851458,0.45590185676392575,0.1823607427055703
2111003,São João Batista - MA,18544,3298,2107,7,13117,15,17.784728213977566,11.362165660051769,70.73446937014668,82.09663503019846,0.037748058671268334,0.08088869715271786
2111029,São João do Carú - MA,12251,1846,1414,2,8881,108,15.06815770141213,11.541914945718716,72.49204146600277,84.03395641172149,0.01632519794302506,0.8815606889233532
2111052,São João do Paraíso - MA,9904,2556,822,1,6524,1,25.807754442649436,8.29967689822294,65.87237479806139,74.17205169628433,0.010096930533117932,0.010096930533117932
2111078,São João do Soter - MA,16889,1658,3627,6,11597,1,9.817040677363964,21.475516608443364,68.66599561844988,90.14151222689324,0.03552608206524957,0.005921013677541595
2111102,São João dos Patos - MA,25020,7103,3548,27,14307,35,28.389288569144686,14.180655475619504,57.18225419664269,71.36290967226219,0.1079136690647482,0.1398880895283773
2111201,São José de Ribamar - MA,244579,57128,35109,247,151657,432,23.35768810895457,14.354871023268556,62.007367762563426,76.36223878583198,0.1009898642156522,0.1766300459156346
2111250,São José dos Basílios - MA,6957,1295,807,1,4851,2,18.614345263763116,11.59982751185856,69.72833117723157,81.32815868909013,0.014374011786689666,0.02874802357337933
2111300,São Luís - MA,1037775,274026,167885,1132,593182,1519,26.405145624051457,16.177398761773986,57.159018091590184,73.33641685336417,0.10907952109079522,0.1463708414637084
2111409,São Luís Gonzaga do Maranhão - MA,17818,3188,2706,53,11854,17,17.89201930631945,15.186889662139409,66.52822987989673,81.71511954203613,0.2974520148164777,0.09540913682792682
2111508,São Mateus do Maranhão - MA,38829,7495,4730,35,26553,14,19.30258312086327,12.181616832779623,68.38445491771614,80.56607175049577,0.09013881377321074,0.0360555255092843
2111532,São Pedro da Água Branca - MA,14338,2778,1567,3,9980,10,19.37508718091784,10.928999860510531,69.6052448040173,80.53424466452783,0.020923420281768728,0.06974473427256242
2111573,São Pedro dos Crentes - MA,5783,956,341,3,4483,0,16.53121217361231,5.896593463600207,77.52031817395816,83.41691163755837,0.05187618882932734,0.0
2111607,São Raimundo das Mangabeiras - MA,18672,3950,2280,48,12377,17,21.154670094258783,12.210796915167094,66.28641816623822,78.49721508140532,0.2570694087403599,0.09104541559554413
2111631,São Raimundo do Doca Bezerra - MA,5650,1077,431,10,4129,3,19.061946902654867,7.628318584070796,73.07964601769912,80.70796460176992,0.17699115044247787,0.05309734513274336
2111672,São Roberto - MA,4544,957,362,7,3216,2,21.06073943661972,7.966549295774648,70.77464788732394,78.74119718309859,0.15404929577464788,0.04401408450704225
2111706,São Vicente Ferrer - MA,19498,2498,3493,11,13476,18,12.811570417478716,17.91465791363217,69.11478100317981,87.02943891681198,0.056416042671043186,0.0923171607344343
2111722,Satubinha - MA,8784,1552,976,4,6243,9,17.66848816029144,11.11111111111111,71.0724043715847,82.18351548269581,0.04553734061930783,0.10245901639344263
2111748,Senador Alexandre Costa - MA,10207,1318,1981,4,6883,20,12.912706965807779,19.408249240717154,67.43411384344077,86.84236308415792,0.03918879200548643,0.19594396002743217
2111763,Senador La Rocque - MA,14700,3350,1580,6,9747,17,22.789115646258505,10.748299319727892,66.3061224489796,77.05442176870748,0.04081632653061224,0.11564625850340136
2111789,Serrano do Maranhão - MA,10202,277,5966,4,3950,5,2.7151538913938444,58.47872966085081,38.717898451284064,97.19662811213487,0.03920799843168006,0.04900999803960008
2111805,Sítio Novo - MA,17074,4668,1405,4,10967,30,27.339814923275156,8.228886025535903,64.23216586622935,72.46105189176525,0.023427433524657374,0.1757057514349303
2111904,Sucupira do Norte - MA,10238,2356,1184,15,6675,8,23.012307091228756,11.564758741941786,65.19828091424107,76.76303965618285,0.14651299081851923,0.07814026176987693
2111953,Sucupira do Riachão - MA,4985,846,683,31,3425,0,16.970912738214643,13.70110330992979,68.7061183550652,82.40722166499499,0.6218655967903711,0.0
2112001,Tasso Fragoso - MA,8862,1484,723,15,6638,2,16.74565560821485,8.158429248476642,74.9040848566915,83.06251410516813,0.16926201760324983,0.022568269013766643
2112100,Timbiras - MA,26484,3336,2327,26,20788,7,12.596284549161759,8.786437094094548,78.49267482253435,87.2791119166289,0.0981724814982631,0.026431052711070834
2112209,Timon - MA,174465,27817,27201,167,119169,100,15.944172183532514,15.59109276932336,68.30539076605623,83.89648353537959,0.0957212048261829,0.05731808672226521
2112233,Trizidela do Vale - MA,22484,5077,2441,18,14933,15,22.58050169009073,10.856609144280377,66.4161181284469,77.27272727272728,0.08005692937199786,0.06671410780999822
2112274,Tufilândia - MA,5507,837,568,9,4084,9,15.198837842745597,10.314145632830943,74.16015979662248,84.47430542945342,0.1634283639004903,0.1634283639004903
2112308,Tuntum - MA,36251,8706,2706,52,24658,124,24.01588921684919,7.464621665609225,68.02019254641252,75.48481421202175,0.14344431877741304,0.3420595293922926
2112407,Turiaçu - MA,37491,5959,5386,5,26131,9,15.894481342188792,14.366114534154864,69.69939452135179,84.06550905550665,0.013336534101517698,0.024005761382731857
2112456,Turilândia - MA,31638,4923,3728,15,22946,25,15.560402048169923,11.783298565016752,72.52670838864657,84.31000695366332,0.04741134079271762,0.07901890132119603
2112506,Tutóia - MA,53356,11462,3612,31,38141,107,21.482120098957942,6.769622910263138,71.48399430242146,78.2536172126846,0.05810030736936802,0.20053977059749606
2112605,Urbano Santos - MA,32812,4144,2106,11,26542,9,12.629525783250031,6.418383518225039,80.89113738876021,87.30952090698526,0.033524320370596127,0.027428989394124102
2112704,Vargem Grande - MA,43261,5606,3436,7,34193,19,12.958553893807355,7.9424886156122145,79.03885716927486,86.98134578488708,0.01618085573611336,0.04391946556945055
2112803,Viana - MA,51442,8923,7513,12,33365,1629,17.345748610085145,14.604797636172776,64.8594533649547,79.46425100112748,0.023327242331169083,3.166673146456203
2112852,Vila Nova dos Martírios - MA,10362,2280,1629,42,6396,14,22.003474232773595,15.720903300521135,61.72553561088593,77.44643891140706,0.4053271569195136,0.13510905230650452
2112902,Vitória do Mearim - MA,30805,7944,3216,6,19565,73,25.78802142509333,10.439863658496996,63.512416815452035,73.95228047394903,0.019477357571822757,0.23697451712384354
2113009,Vitorino Freire - MA,30845,6564,2155,2,22107,17,21.28059653104231,6.98654563138272,71.67125952342357,78.6578051548063,0.00648403306856865,0.055114281082833526
2114007,Zé Doca - MA,40801,6875,3722,9,29787,408,16.850077203990097,9.122325433200167,73.00556358912772,82.12788902232788,0.0220582828852234,0.9999754907967942
2200053,Acauã - PI,6420,4314,616,1,1486,3,67.19626168224299,9.595015576323988,23.146417445482864,32.741433021806856,0.01557632398753894,0.04672897196261682
2200103,Agricolândia - PI,4940,777,594,2,3549,16,15.728744939271255,12.024291497975709,71.84210526315789,83.8663967611336,0.04048582995951417,0.32388663967611336
2200202,Água Branca - PI,17573,3937,2193,10,11419,14,22.40368747510385,12.479371763500826,64.98036760940079,77.45973937290161,0.05690547999772378,0.0796676719968133
2200251,Alagoinha do Piauí - PI,6819,2613,595,2,3609,0,38.31940167179938,8.725619592315589,52.92564892212935,61.651268514444936,0.02932981375568265,0.0
2200277,Alegrete do Piauí - PI,4634,1212,273,0,3148,1,26.15451014242555,5.891238670694864,67.93267155804921,73.82391022874407,0.0,0.02157962883038412
2200301,Alto Longá - PI,13479,2637,1587,12,9241,2,19.563765858001336,11.77387046516804,68.55849840492618,80.33236887009423,0.08902737591809481,0.014837895986349136
2200400,Altos - PI,47453,7655,4854,2,34905,37,16.131751417191747,10.2290687627758,73.55699323541188,83.78606199818768,0.004214696647208817,0.07797188797336312
2200459,Alvorada do Gurguéia - PI,5322,715,652,0,3950,5,13.434798947763998,12.251033446072904,74.22021796317173,86.47125140924464,0.0,0.09394964299135664
2200509,Amarante - PI,17234,1906,5348,11,9951,17,11.05953348032958,31.031681559707554,57.74051293953812,88.77219449924567,0.06382731809214344,0.09864221886967622
2200608,Angical do Piauí - PI,6827,1253,1369,0,4204,1,18.35359601581954,20.05273180020507,61.57902446169621,81.63175626190127,0.0,0.014647722279185586
2200707,Anísio de Abreu - PI,9407,2226,1243,5,5920,13,23.663229509939406,13.213564366960775,62.93185925374721,76.14542362070799,0.05315190815350271,0.13819496119910704
2200806,Antônio Almeida - PI,3152,425,573,24,2122,8,13.483502538071066,18.178934010152282,67.32233502538071,85.501269035533,0.7614213197969543,0.25380710659898476
2200905,Aroazes - PI,5369,779,998,0,3592,0,14.509219593965357,18.5881914695474,66.90258893648725,85.49078040603465,0.0,0.0
2200954,Aroeiras do Itaim - PI,2690,625,173,1,1890,1,23.234200743494423,6.431226765799257,70.26022304832713,76.69144981412639,0.03717472118959108,0.03717472118959108
2201002,Arraial - PI,4520,348,857,0,3315,0,7.699115044247788,18.960176991150444,73.34070796460178,92.30088495575222,0.0,0.0
2201051,Assunção do Piauí - PI,7452,1887,1262,15,4286,2,25.32206119162641,16.935050993022006,57.51476113794954,74.44981213097155,0.20128824476650564,0.026838432635534086
2201101,Avelino Lopes - PI,10866,2093,572,24,8165,12,19.261917909074175,5.2641266335358,75.14264678814651,80.4067734216823,0.22087244616234125,0.11043622308117063
2201150,Baixa Grande do Ribeiro - PI,13272,2482,1027,7,9503,253,18.70102471368294,7.738095238095238,71.60186859553949,79.33996383363473,0.052742616033755275,1.9062688366485834
2201176,Barra D'Alcântara - PI,3995,749,392,0,2854,0,18.74843554443054,9.81226533166458,71.43929912390487,81.25156445556945,0.0,0.0
2201200,Barras - PI,47938,6999,4751,48,36119,21,14.600108473444866,9.910718010763903,75.34523759856481,85.25595560932871,0.10012933372272519,0.04380658350369227
2201309,Barreiras do Piauí - PI,3264,344,598,1,2321,0,10.53921568627451,18.32107843137255,71.10906862745098,89.43014705882354,0.030637254901960783,0.0
2201408,Barro Duro - PI,6640,1238,872,0,4530,0,18.64457831325301,13.132530120481928,68.22289156626506,81.355421686747,0.0,0.0
2201507,Batalha - PI,26300,3566,2052,13,20667,2,13.55893536121673,7.802281368821292,78.58174904942966,86.38403041825096,0.049429657794676805,0.0076045627376425855
2201556,Bela Vista do Piauí - PI,4091,2560,379,4,1148,0,62.576387191395746,9.264238572476167,28.06159863114153,37.325837203617695,0.09777560498655585,0.0
2201572,Belém do Piauí - PI,3423,1079,337,0,2007,0,31.522056675430907,9.845165059888986,58.632778264680105,68.4779433245691,0.0,0.0
2201606,Beneditinos - PI,9929,1807,1004,1,7102,15,18.199214422399034,10.111793735522207,71.5278477188035,81.63964145432571,0.010071507704703393,0.1510726155705509
2201705,Bertolínia - PI,5562,991,835,4,3719,13,17.817331895001796,15.012585400934915,66.86443725278677,81.87702265372168,0.0719165767709457,0.23372887450557353
2201739,Betânia do Piauí - PI,6220,1971,807,2,3406,34,31.688102893890676,12.97427652733119,54.758842443729904,67.73311897106109,0.03215434083601286,0.5466237942122186
2201770,Boa Hora - PI,6902,907,485,0,5508,2,13.141118516372066,7.02694871051869,79.80295566502463,86.82990437554332,0.0,0.028977108084613155
2201804,Bocaina - PI,4078,1584,320,0,2174,0,38.84256988719961,7.84698381559588,53.310446297204514,61.1574301128004,0.0,0.0
2201903,Bom Jesus - PI,28796,6251,3711,6,18577,250,21.70787609390193,12.887206556466175,64.51243228226143,77.39963883872761,0.02083622725378525,0.8681761355743853
2201919,Bom Princípio do Piauí - PI,5636,1578,188,13,3857,0,27.9985805535841,3.3356990773598296,68.43506032647268,71.77075940383251,0.23066004258339248,0.0
2201929,Bonfim do Piauí - PI,5913,1247,453,3,4191,19,21.0891256553357,7.661085743277524,70.8777270421106,78.53881278538813,0.050735667174023336,0.3213258921021478
2201945,Boqueirão do Piauí - PI,6545,734,430,1,5377,3,11.21466768525592,6.569900687547746,82.15431627196332,88.72421695951107,0.015278838808250574,0.04583651642475172
2201960,Brasileira - PI,8436,1631,516,3,6265,21,19.333807491702228,6.116642958748222,74.26505452821242,80.38169748696063,0.03556187766714083,0.24893314366998578
2201988,Brejo do Piauí - PI,3904,748,464,0,2691,1,19.15983606557377,11.885245901639344,68.92930327868852,80.81454918032787,0.0,0.025614754098360656
2202000,Buriti dos Lopes - PI,19654,4107,2214,11,13308,14,20.89650961636308,11.26488246667345,67.71140734710491,78.97628981377837,0.055968250737763306,0.07123231912078966
2202026,Buriti dos Montes - PI,7434,1135,411,1,5878,9,15.267688996502557,5.528652138821631,79.06914178100618,84.59779391982781,0.013451708366962604,0.12106537530266344
2202059,Cabeceiras do Piauí - PI,10212,1071,1144,10,7987,0,10.487661574618096,11.202506854680768,78.21190755973365,89.41441441441441,0.09792401096748923,0.0
2202075,Cajazeiras do Piauí - PI,3108,167,565,0,2376,0,5.373230373230373,18.17889317889318,76.44787644787645,94.62676962676963,0.0,0.0
2202083,Cajueiro da Praia - PI,7957,2081,447,9,5419,1,26.153072766117884,5.617695111222822,68.10355661681538,73.7212517280382,0.11310795525951992,0.012567550584391102
2202091,Caldeirão Grande do Piauí - PI,5503,1713,269,0,3521,0,31.128475377067055,4.888242776667273,63.983281846265676,68.87152462293295,0.0,0.0
2202109,Campinas do Piauí - PI,4938,601,913,11,3413,0,12.170919400567032,18.489266909680033,69.11705143782908,87.6063183475091,0.22276225192385582,0.0
2202117,Campo Alegre do Fidalgo - PI,4616,1161,524,0,2930,1,25.151646447140383,11.351819757365684,63.47487001733102,74.8266897746967,0.0,0.021663778162911613
2202133,Campo Grande do Piauí - PI,6020,1345,672,2,3993,8,22.3421926910299,11.162790697674419,66.32890365448505,77.49169435215947,0.03322259136212625,0.132890365448505
2202174,Campo Largo do Piauí - PI,7419,681,1454,4,5278,2,9.179134654266074,19.598328615716404,71.1416632969403,90.7399919126567,0.05391562205148942,0.02695781102574471
2202208,Campo Maior - PI,45793,7094,3228,34,35415,21,15.491450658397572,7.0491123097416635,77.337147598978,84.38625990871967,0.07424715567881554,0.04585853733103313
2202251,Canavieira - PI,3414,484,528,22,2379,1,14.176918570591681,15.46572934973638,69.68365553602811,85.14938488576449,0.6444053895723492,0.029291154071470416
2202307,Canto do Buriti - PI,19365,4464,1589,5,13302,5,23.051897753679317,8.20552543248128,68.69093725793958,76.89646269042086,0.025819777949909632,0.025819777949909632
2202406,Capitão de Campos - PI,11100,2026,1187,5,7858,24,18.25225225225225,10.693693693693694,70.7927927927928,81.48648648648648,0.04504504504504504,0.21621621621621623
2202455,Capitão Gervásio Oliveira - PI,3974,1044,251,1,2671,7,26.270759939607448,6.316054353296427,67.21187720181177,73.5279315551082,0.025163563160543533,0.17614494212380474
2202505,Caracol - PI,10318,1893,1313,0,7111,1,18.346578794339987,12.725334367125411,68.91839503779802,81.64372940492343,0.0,0.009691800736576855
2202539,Caraúbas do Piauí - PI,5630,1258,553,0,3819,0,22.344582593250443,9.822380106571936,67.83303730017762,77.65541740674956,0.0,0.0
2202554,Caridade do Piauí - PI,5033,1319,471,0,3241,2,26.207033578382674,9.358235644744685,64.39499304589708,73.75322869064176,0.0,0.0397377309755613
2202604,Castelo do Piauí - PI,19288,3877,1952,40,13414,4,20.100580671920365,10.120282040647034,69.54583160514309,79.66611364579012,0.20738282870178348,0.02073828287017835
2202653,Caxingó - PI,5496,1052,657,3,3784,0,19.141193595342067,11.95414847161572,68.85007278020379,80.80422125181951,0.05458515283842795,0.0
2202703,Cocal - PI,28212,8788,1292,39,18091,1,31.14986530554374,4.579611512831419,64.12519495250248,68.7048064653339,0.1382390472139515,0.003544590954203885
2202711,Cocal de Telha - PI,4911,662,412,1,3836,0,13.479942985135411,8.389330075341071,78.11036448788434,86.4996945632254,0.020362451639177357,0.0
2202729,Cocal dos Alves - PI,6386,2461,115,0,3810,0,38.53742561854056,1.800814281240213,59.66176010021923,61.46257438145945,0.0,0.0
2202737,Coivaras - PI,4117,552,323,0,3240,2,13.40782122905028,7.845518581491377,78.69808112703424,86.54359970852562,0.0,0.048579062424095217
2202752,Colônia do Gurguéia - PI,6150,1129,763,0,4255,3,18.357723577235774,12.40650406504065,69.1869918699187,81.59349593495935,0.0,0.04878048780487805
2202778,Colônia do Piauí - PI,6994,869,1814,0,4310,1,12.424935659136402,25.93651701458393,61.62424935659136,87.56076637117529,0.0,0.014297969688304261
2202802,Conceição do Canindé - PI,4932,1331,512,0,3085,4,26.987023519870235,10.38118410381184,62.55068937550689,72.93187347931874,0.0,0.08110300081103
2202851,Coronel José Dias - PI,4250,930,545,2,2768,5,21.88235294117647,12.823529411764707,65.12941176470588,77.95294117647059,0.047058823529411764,0.11764705882352941
2202901,Corrente - PI,27278,4155,4114,71,18909,29,15.23205513600704,15.08175086150011,69.31959821101253,84.40134907251264,0.2602830119510228,0.10631277952929101
2203008,Cristalândia do Piauí - PI,7356,1175,1013,17,5149,2,15.973355084284938,13.771071234366504,69.99728113104949,83.76835236541599,0.23110386079390974,0.027188689505165852
2203107,Cristino Castro - PI,10503,1567,1213,0,7719,4,14.91954679615348,11.549081214890984,73.49328763210511,85.0423688469961,0.0,0.03808435685042369
2203206,Curimatá - PI,11270,1504,994,3,8757,12,13.345164152617569,8.819875776397515,77.70186335403727,86.52173913043478,0.026619343389529725,0.1064773735581189
2203230,Currais - PI,4854,611,403,0,3521,319,12.587556654305727,8.30243098475484,72.53811289658015,80.84054388133498,0.0,6.571899464359292
2203255,Curralinhos - PI,4413,515,652,1,3242,3,11.670065714933152,14.774529798323137,73.46476319963743,88.23929299796058,0.022660321776569226,0.06798096532970768
2203271,Curral Novo do Piauí - PI,5073,1050,508,4,3507,2,20.697811945594324,10.013798541297064,69.13069189828504,79.1444904395821,0.0788488074117879,0.03942440370589395
2203305,Demerval Lobão - PI,16352,2857,1630,7,11855,3,17.471868884540118,9.968199608610567,72.49877690802349,82.46697651663405,0.04280821917808219,0.01834637964774951
2203354,Dirceu Arcoverde - PI,7054,2171,663,25,4190,5,30.776864190530194,9.398922597108024,59.398922597108026,68.79784519421605,0.3544088460447973,0.07088176920895946
2203404,Dom Expedito Lopes - PI,6320,2596,350,1,3373,0,41.075949367088604,5.537974683544304,53.370253164556964,58.90822784810127,0.015822784810126583,0.0
2203420,Domingos Mourão - PI,4075,1312,247,9,2506,1,32.19631901840491,6.061349693251533,61.49693251533742,67.55828220858895,0.22085889570552147,0.024539877300613498
2203453,Dom Inocêncio - PI,9159,3200,1005,0,4951,3,34.93831204279943,10.972813625941697,54.056119663718746,65.02893328966044,0.0,0.03275466754012447
2203503,Elesbão Veloso - PI,13607,2394,1672,23,9517,1,17.593885500110236,12.287793047696038,69.94194164768135,82.22973469537739,0.16903064599103404,0.0073491585213493055
2203602,Eliseu Martins - PI,4377,741,572,0,3063,1,16.92940370116518,13.068311628969614,69.97943797121316,83.04774960018277,0.0,0.022846698652044778
2203701,Esperantina - PI,40970,7915,4733,21,28283,18,19.31901391261899,11.55235538198682,69.0334391017818,80.58579448376861,0.051257017329753476,0.043934586282645835
2203750,Fartura do Piauí - PI,5284,855,878,0,3550,1,16.18092354277063,16.616199848599546,67.18395155185466,83.80015140045421,0.0,0.018925056775170326
2203800,Flores do Piauí - PI,4414,713,618,1,3082,0,16.15314907113729,14.000906207521522,69.82328953330313,83.82419574082465,0.022655188038060717,0.0
2203859,Floresta do Piauí - PI,2333,419,173,0,1737,4,17.95970852978997,7.415345049292756,74.45349335619375,81.8688384054865,0.0,0.17145306472353194
2203909,Floriano - PI,62036,11613,12691,132,37416,184,18.71977561415952,20.4574763040815,60.31336643239409,80.77084273647559,0.21277967631697725,0.29660197304790764
2204006,Francinópolis - PI,4505,448,746,1,3308,2,9.944506104328523,16.55937846836848,73.42952275249722,89.9889012208657,0.022197558268590455,0.04439511653718091
2204105,Francisco Ayres - PI,4412,683,556,3,3168,2,15.480507706255667,12.601994560290118,71.80417044424297,84.4061650045331,0.06799637352674524,0.04533091568449683
2204154,Francisco Macedo - PI,2929,648,166,0,2115,0,22.12359166951178,5.667463298053943,72.20894503243427,77.87640833048822,0.0,0.0
2204204,Francisco Santos - PI,8237,2838,585,1,4809,4,34.45429161102343,7.102100279227874,58.382906397960426,65.4850066771883,0.012140342357654486,0.048561369430617944
2204303,Fronteiras - PI,10259,3837,496,20,5900,6,37.40130617019203,4.834779218247393,57.51047860415245,62.345257822399844,0.19495077492933036,0.0584852324787991
2204352,Geminiano - PI,5445,1618,274,1,3552,0,29.715335169880625,5.032139577594123,65.23415977961433,70.26629935720845,0.018365472910927456,0.0
2204402,Gilbués - PI,10892,1440,1676,15,7739,22,13.220712449504223,15.38744032317297,71.05214836577305,86.43958868894602,0.13771575468233566,0.20198310686742563
2204501,Guadalupe - PI,10270,2414,1393,11,6423,28,23.50535540408958,13.563777994157741,62.541382667964946,76.10516066212269,0.10710808179162609,0.2726387536514119
2204550,Guaribas - PI,4276,997,235,1,3043,0,23.316183348924227,5.49579045837231,71.1646398503274,76.66043030869972,0.023386342376052385,0.0
2204600,Hugo Napoleão - PI,3518,740,366,0,2411,1,21.034678794769757,10.403638430926662,68.53325753268902,78.93689596361568,0.0,0.028425241614553724
2204659,Ilha Grande - PI,9274,2040,891,1,6312,30,21.996980806555964,9.607504852275177,68.06124649557904,77.66875134785423,0.010782833728703903,0.3234850118611171
2204709,Inhuma - PI,14958,3495,1658,4,9768,33,23.36542318491777,11.08436956812408,65.30284797432812,76.38721754245219,0.026741542987030353,0.2206177296430004
2204808,Ipiranga do Piauí - PI,9420,2241,1593,0,5586,0,23.78980891719745,16.910828025477706,59.29936305732484,76.21019108280254,0.0,0.0
2204907,Isaías Coelho - PI,7774,1044,2198,0,4531,1,13.429379984563932,28.273732956007205,58.28402366863905,86.55775662464626,0.0,0.012863390789812194
2205003,Itainópolis - PI,10790,2794,699,11,7283,3,25.894346617238185,6.478220574606117,67.49768303985171,73.97590361445782,0.10194624652455977,0.027803521779425393
2205102,Itaueira - PI,10323,1979,1640,5,6684,15,19.17078368691272,15.886854596532016,64.74861958732926,80.63547418386128,0.04843553230650005,0.14530659691950015
2205151,Jacobina do Piauí - PI,5613,1822,421,3,3367,0,32.460359878852664,7.500445394619633,59.985747372171744,67.48619276679138,0.05344735435595938,0.0
2205201,Jaicós - PI,17527,2800,1622,0,13094,11,15.975352313573344,9.254293375934273,74.70759399783192,83.96188737376619,0.0,0.06276031266046671
2205250,Jardim do Mulato - PI,4180,674,658,0,2848,0,16.124401913875598,15.741626794258373,68.13397129186603,83.8755980861244,0.0,0.0
2205276,Jatobá do Piauí - PI,4494,790,266,4,3433,1,17.578994214508235,5.919003115264798,76.39074321317312,82.30974632843792,0.08900756564307966,0.022251891410769914
2205300,Jerumenha - PI,4497,668,1084,20,2722,3,14.854347342672893,24.1049588614632,60.52924171670002,84.63420057816322,0.44474093840338,0.066711140760507
2205359,João Costa - PI,2970,640,201,3,2124,2,21.54882154882155,6.767676767676767,71.51515151515152,78.28282828282828,0.10101010101010101,0.06734006734006734
2205409,Joaquim Pires - PI,13886,2295,1175,1,10412,3,16.527437707043067,8.461760046089587,74.98199625522109,83.44375630131069,0.007201497911565605,0.021604493734696816
2205458,Joca Marques - PI,5394,731,398,1,4263,1,13.552094920281794,7.378568780126066,79.03225806451613,86.4108268446422,0.01853911753800519,0.01853911753800519
2205508,José de Freitas - PI,42559,5630,4492,23,32405,8,13.22869428323034,10.554759275358913,76.1413567048098,86.69611598016871,0.054042623181935666,0.018797434150238494
2205516,Juazeiro do Piauí - PI,5214,1154,431,3,3623,3,22.132719601074033,8.26620636747219,69.48599923283467,77.75220560030687,0.05753739930955121,0.05753739930955121
2205524,Júlio Borges - PI,5388,392,618,0,4378,0,7.275426874536006,11.469933184855234,81.25463994060875,92.72457312546399,0.0,0.0
2205532,Jurema - PI,4425,1027,310,0,3088,0,23.2090395480226,7.005649717514125,69.78531073446328,76.79096045197741,0.0,0.0
2205540,Lagoinha do Piauí - PI,2939,490,295,3,2148,3,16.67233752977203,10.037427696495406,73.08608370193943,83.12351139843483,0.10207553589656346,0.10207553589656346
2205557,Lagoa Alegre - PI,8256,1352,622,1,6281,0,16.375968992248062,7.533914728682171,76.07800387596899,83.61191860465117,0.012112403100775194,0.0
2205565,Lagoa do Barro do Piauí - PI,4995,1598,311,7,3072,7,31.99199199199199,6.226226226226226,61.5015015015015,67.72772772772772,0.14014014014014015,0.14014014014014015
2205573,Lagoa de São Francisco - PI,6331,2154,301,2,3392,482,34.02306112778392,4.754383193808245,53.5776338651082,58.33201705891644,0.0315905860053704,7.613331227294267
2205581,Lagoa do Piauí - PI,4810,656,766,7,3379,2,13.638253638253639,15.925155925155925,70.24948024948024,86.17463617463616,0.14553014553014554,0.04158004158004158
2205599,Lagoa do Sítio - PI,4520,1283,562,0,2675,0,28.384955752212388,12.43362831858407,59.18141592920354,71.61504424778761,0.0,0.0
2205607,Landri Sales - PI,5213,693,987,1,3532,0,13.293688854786112,18.933435641665067,67.75369269134855,86.68712833301362,0.01918281220026856,0.0
2205706,Luís Correia - PI,30641,8905,1917,32,19761,26,29.062367416207042,6.256323227048726,64.49202049541464,70.74834372246336,0.10443523383701576,0.0848536274925753
2205805,Luzilândia - PI,25375,5528,1788,7,18050,2,21.785221674876848,7.046305418719212,71.13300492610837,78.17931034482758,0.027586206896551724,0.007881773399014778
2205854,Madeiro - PI,8032,1131,742,6,6150,3,14.08117529880478,9.23804780876494,76.5687250996016,85.80677290836653,0.07470119521912351,0.037350597609561755
2205904,Manoel Emídio - PI,5209,869,716,0,3624,0,16.682664618928776,13.745440583605298,69.57189479746593,83.31733538107123,0.0,0.0
2205953,Marcolândia - PI,8533,2115,706,0,5712,0,24.78612445798664,8.2737606937771,66.94011484823626,75.21387554201337,0.0,0.0
2206001,Marcos Parente - PI,4724,752,485,6,3476,5,15.918712955122777,10.266723116003387,73.58171041490263,83.84843353090602,0.12701100762066045,0.10584250635055038
2206050,Massapê do Piauí - PI,5218,1303,839,1,3051,24,24.971253353775392,16.078957454963586,58.4706784208509,74.54963587581449,0.019164430816404752,0.45994633959371406
2206100,Matias Olímpio - PI,10641,1994,980,3,7662,2,18.73884033455502,9.209660746170472,72.00451085424302,81.2141716004135,0.028192839018889203,0.0187952260125928
2206209,Miguel Alves - PI,32150,4590,4127,49,23369,8,14.276827371695179,12.836702954898911,72.68740279937792,85.52410575427683,0.15241057542768274,0.024883359253499222
2206308,Miguel Leão - PI,1318,184,322,1,811,0,13.960546282245827,24.430955993930198,61.53262518968133,85.96358118361152,0.07587253414264036,0.0
2206357,Milton Brandão - PI,6542,2643,281,5,3605,8,40.40048914704983,4.295322531335983,55.105472332619996,59.40079486395598,0.07642922653622745,0.12228676245796392
2206407,Monsenhor Gil - PI,10255,1464,1506,9,7266,10,14.275962944904924,14.685519258898099,70.8532423208191,85.5387615797172,0.08776206728425158,0.09751340809361288
2206506,Monsenhor Hipólito - PI,7577,2456,437,0,4680,3,32.413884123003825,5.7674541375214465,61.76587039725485,67.5333245347763,0.0,0.039593506664906956
2206605,Monte Alegre do Piauí - PI,10660,1438,1552,3,7666,1,13.48968105065666,14.559099437148218,71.91369606003752,86.47279549718574,0.028142589118198873,0.009380863039399626
2206654,Morro Cabeça no Tempo - PI,4377,631,501,0,3237,8,14.416266849440255,11.446196024674435,73.95476353666895,85.40095956134338,0.0,0.18277358921635822
2206670,Morro do Chapéu do Piauí - PI,6425,1086,453,2,4874,10,16.90272373540856,7.0505836575875485,75.85992217898833,82.91050583657588,0.0311284046692607,0.1556420233463035
2206696,Murici dos Portelas - PI,9797,1787,746,46,7215,3,18.240277636011022,7.614575890578749,73.64499336531591,81.25956925589466,0.46953148923139737,0.03062161886291722
2206704,Nazaré do Piauí - PI,6665,874,1190,3,4593,5,13.113278319579894,17.854463615903978,68.91222805701425,86.76669167291823,0.0450112528132033,0.07501875468867217
2206720,Nazária - PI,10262,1158,2172,1,6922,9,11.284350029234067,21.165464821672188,67.45273825764959,88.61820307932177,0.009744689144416294,0.08770220229974664
2206753,Nossa Senhora de Nazaré - PI,5228,663,334,7,4223,1,12.681713848508034,6.388676358071921,80.77658760520275,87.16526396327467,0.13389441469013008,0.019127773527161437
2206803,Nossa Senhora dos Remédios - PI,8525,1023,1081,3,6418,0,12.0,12.680351906158357,75.28445747800586,87.96480938416423,0.03519061583577713,0.0
2206902,Novo Oriente do Piauí - PI,6097,896,628,0,4573,0,14.695752009184845,10.30014761358045,75.0041003772347,85.30424799081516,0.0,0.0
2206951,Novo Santo Antônio - PI,2827,548,493,3,1783,0,19.384506544039617,17.438981252210823,63.07039264237708,80.5093738945879,0.10611956137247966,0.0
2207009,Oeiras - PI,38161,6596,8575,4,22945,41,17.284662351615523,22.470585152380703,60.12683105788632,82.59741621026703,0.010481905610439978,0.10743953250700977
2207108,Olho D'Água do Piauí - PI,2637,448,405,0,1776,8,16.989002654531664,15.358361774744028,67.34926052332196,82.70762229806598,0.0,0.30337504740235116
2207207,Padre Marcos - PI,6382,2098,1042,0,3231,11,32.873707301786276,16.327170166092134,50.62676277029144,66.95393293638358,0.0,0.17235976183014728
2207306,Paes Landim - PI,4088,859,395,5,2829,0,21.012720156555773,9.66242661448141,69.20254403131115,78.86497064579255,0.1223091976516634,0.0
2207355,Pajeú do Piauí - PI,3000,527,262,0,2211,0,17.566666666666666,8.733333333333333,73.7,82.43333333333334,0.0,0.0
2207405,Palmeira do Piauí - PI,4952,1162,525,0,3264,1,23.465266558966075,10.601777059773829,65.91276252019387,76.51453957996769,0.0,0.020193861066235864
2207504,Palmeirais - PI,13264,1657,3314,0,8275,15,12.492460796139927,24.984921592279854,62.38691194209891,87.37183353437877,0.0,0.11308805790108564
2207553,Paquetá - PI,3813,1179,438,0,2196,0,30.920535011801732,11.48701809598741,57.59244689221086,69.07946498819827,0.0,0.0
2207603,Parnaguá - PI,10103,1262,1367,32,7428,14,12.491339206176383,13.530634465010394,73.52271602494308,87.05335048995347,0.31673760269226964,0.13857270117786796
2207702,Parnaíba - PI,162159,49340,14362,187,98091,173,30.426926658403172,8.856739373084443,60.490629567276564,69.34736894036101,0.11531891538551668,0.10668541369890046
2207751,Passagem Franca do Piauí - PI,4135,648,825,12,2648,2,15.671100362756953,19.951632406287786,64.03869407496977,83.99032648125755,0.29020556227327693,0.04836759371221282
2207777,Patos do Piauí - PI,5425,1116,343,0,3966,0,20.571428571428573,6.32258064516129,73.10599078341014,79.42857142857143,0.0,0.0
2207793,Pau D'Arco do Piauí - PI,3880,474,178,0,3228,0,12.216494845360824,4.587628865979381,83.19587628865979,87.78350515463917,0.0,0.0
2207801,Paulistana - PI,21055,6957,2896,4,10631,567,33.042032771313224,13.754452624079791,50.49156969840893,64.24602232248873,0.018997862740441702,2.692947043457611
2207850,Pavussu - PI,3628,549,345,0,2733,1,15.132304299889746,9.509371554575523,75.33076074972436,84.84013230429989,0.0,0.027563395810363836
2207900,Pedro II - PI,37894,14474,1968,20,21407,22,38.19602047817597,5.193434316778382,56.49179289597298,61.68522721275136,0.052778804032300626,0.05805668443553069
2207934,Pedro Laurentino - PI,2458,596,310,0,1551,0,24.247355573637105,12.611879576891782,63.100081366965014,75.7119609438568,0.0,0.0
2207959,Nova Santa Rita - PI,4076,1003,519,0,2552,2,24.60745829244357,12.73307163886163,62.610402355250244,75.34347399411187,0.0,0.04906771344455348
2208007,Picos - PI,83090,29707,7535,46,45718,80,35.75279817065832,9.068479961487544,55.02226501384041,64.09074497532795,0.05536165603562402,0.09628114093152004
2208106,Pimenteiras - PI,11341,3011,1009,3,7310,8,26.549686976457103,8.896922669958558,64.45639714310907,73.35331981306763,0.026452693765981836,0.07054051670928489
2208205,Pio IX - PI,17613,4802,1142,1,11655,13,27.263952762164312,6.483847158348947,66.1727133367399,72.65656049508885,0.005677624481916766,0.07380911826491796
2208304,Piracuruca - PI,28846,7349,1772,56,19647,22,25.476669208902447,6.142966095819178,68.10996325313735,74.25292934895653,0.19413436871663314,0.0762670734243916
2208403,Piripiri - PI,65538,16287,5624,88,42637,902,24.851231346699624,8.58128108883396,65.05691354633953,73.63819463517349,0.1342732460557234,1.3763007720711649
2208502,Porto - PI,12052,1333,1528,6,9184,0,11.060404912047792,12.678393627613675,76.20311981413873,88.8815134417524,0.04978426817125788,0.0
2208551,Porto Alegre do Piauí - PI,2364,257,269,0,1838,0,10.87140439932318,11.37901861252115,77.74957698815567,89.12859560067682,0.0,0.0
2208601,Prata do Piauí - PI,3042,644,325,2,2068,3,21.170282708744246,10.683760683760683,67.98159105851414,78.66535174227482,0.06574621959237344,0.09861932938856016
2208650,Queimada Nova - PI,8738,4498,1473,0,2602,165,51.47631036850538,16.857404440375372,29.777981231403068,46.63538567177844,0.0,1.8883039597161821
2208700,Redenção do Gurguéia - PI,8394,983,1885,0,5518,8,11.710745770788659,22.456516559447223,65.73743149868955,88.19394805813677,0.0,0.09530617107457708
2208809,Regeneração - PI,17133,2214,4141,0,10760,18,12.92243039747855,24.169730928617287,62.802778264168566,86.97250919278585,0.0,0.10506040973559796
2208858,Riacho Frio - PI,4165,493,549,0,3123,0,11.83673469387755,13.181272509003602,74.98199279711885,88.16326530612245,0.0,0.0
2208874,Ribeira do Piauí - PI,4055,418,712,4,2919,2,10.30826140567201,17.55856966707768,71.98520345252774,89.54377311960542,0.09864364981504316,0.04932182490752158
2208908,Ribeiro Gonçalves - PI,6164,1191,815,0,4154,4,19.321868916288125,13.221933809214796,67.3913043478261,80.61323815704088,0.0,0.06489292667099286
2209005,Rio Grande do Piauí - PI,5801,1006,803,2,3990,0,17.341837614204447,13.84244095845544,68.78124461299775,82.6236855714532,0.034476814342354764,0.0
2209104,Santa Cruz do Piauí - PI,5831,1147,1011,0,3670,3,19.670725433030356,17.33836391699537,62.939461498885265,80.27782541588064,0.0,0.05144915108900703
2209153,Santa Cruz dos Milagres - PI,3435,357,341,0,2737,0,10.393013100436681,9.927219796215429,79.67976710334788,89.60698689956331,0.0,0.0
2209203,Santa Filomena - PI,6087,888,759,27,4368,45,14.588467225234105,12.469196648595368,71.75948743223263,84.228684080828,0.44356826022671264,0.7392804337111878
2209302,Santa Luz - PI,5336,876,739,5,3716,0,16.4167916041979,13.849325337331335,69.64017991004498,83.48950524737631,0.0937031484257871,0.0
2209351,Santana do Piauí - PI,4125,1718,202,0,2205,0,41.64848484848485,4.8969696969696965,53.45454545454545,58.35151515151515,0.0,0.0
2209377,Santa Rosa do Piauí - PI,4650,703,839,0,3108,0,15.118279569892474,18.043010752688172,66.83870967741936,84.88172043010753,0.0,0.0
2209401,Santo Antônio de Lisboa - PI,5839,2127,444,5,3260,3,36.42747045727008,7.604041787977393,55.83147799280699,63.43551978078438,0.08563110121596164,0.05137866072957698
2209450,Santo Antônio dos Milagres - PI,2138,188,204,0,1746,0,8.793264733395697,9.541627689429374,81.66510757717494,91.20673526660431,0.0,0.0
2209500,Santo Inácio do Piauí - PI,3646,960,350,0,2336,0,26.33022490400439,9.599561162918267,64.07021393307734,73.6697750959956,0.0,0.0
2209559,São Braz do Piauí - PI,4358,1070,450,4,2833,1,24.552547039926573,10.325837540156035,65.00688389169343,75.33272143184946,0.09178522257916476,0.02294630564479119
2209609,São Félix do Piauí - PI,2842,749,288,0,1805,0,26.354679802955665,10.133708655876143,63.51161154116819,73.64532019704434,0.0,0.0
2209658,São Francisco de Assis do Piauí - PI,5572,3208,425,37,1896,6,57.57358219669778,7.627422828427854,34.02727925340991,41.65470208183776,0.6640344580043073,0.10768126346015794
2209708,São Francisco do Piauí - PI,5392,725,1064,29,3574,0,13.445845697329377,19.73293768545994,66.28338278931751,86.01632047477746,0.537833827893175,0.0
2209757,São Gonçalo do Gurguéia - PI,2947,314,361,5,2267,0,10.654903291482864,12.249745503902274,76.92568713946386,89.17543264336614,0.16966406515100102,0.0
2209807,São Gonçalo do Piauí - PI,4837,1048,821,0,2968,0,21.6663221004755,16.973330576803804,61.36034732272069,78.3336778995245,0.0,0.0
2209856,São João da Canabrava - PI,4242,1310,227,3,2701,1,30.88165959453088,5.351249410655352,63.672795851013674,69.02404526166903,0.07072135785007072,0.023573785950023574
2209872,São João da Fronteira - PI,5522,1223,323,7,3966,3,22.14777254617892,5.84932995291561,71.82180369431366,77.67113364722927,0.1267656646142702,0.05432814197754437
2209906,São João da Serra - PI,6114,1280,764,8,4055,7,20.93555773634282,12.495911023879621,66.3231926725548,78.81910369643441,0.1308472358521426,0.1144913313706248
2209955,São João da Varjota - PI,4383,334,1800,0,2240,8,7.620351357517682,41.06776180698152,51.106548026465894,92.17430983344741,0.0,0.18252338580880675
2209971,São João do Arraial - PI,8186,1356,501,3,6321,5,16.564866845834352,6.120205228438798,77.21720009772783,83.33740532616662,0.03664793549963352,0.0610798924993892
2210003,São João do Piauí - PI,21421,4433,4792,57,12113,23,20.69464544138929,22.37057093506372,56.54731338406237,78.91788431912609,0.26609401988702674,0.10737127118248448
2210052,São José do Divino - PI,4841,1180,339,12,3310,0,24.375129105556702,7.002685395579426,68.37430282999381,75.37698822557323,0.24788266887006816,0.0
2210102,São José do Peixe - PI,3297,508,823,3,1963,0,15.4079466181377,24.962086745526236,59.53897482559903,84.50106157112526,0.09099181073703366,0.0
2210201,São José do Piauí - PI,6597,3079,599,0,2919,0,46.67273002880097,9.079884796119448,44.24738517507958,53.32726997119903,0.0,0.0
2210300,São Julião - PI,6025,2069,287,0,3669,0,34.3402489626556,4.763485477178423,60.89626556016597,65.65975103734439,0.0,0.0
2210359,São Lourenço do Piauí - PI,4410,903,328,0,3178,1,20.476190476190474,7.437641723356009,72.06349206349206,79.50113378684807,0.0,0.022675736961451247
2210375,São Luis do Piauí - PI,2309,789,82,0,1438,0,34.17063663923776,3.551320918146384,62.27804244261585,65.82936336076223,0.0,0.0
2210383,São Miguel da Baixa Grande - PI,2269,530,177,5,1557,0,23.358307624504185,7.8007933010136625,68.62053768179815,76.42133098281181,0.22036139268400176,0.0
2210391,São Miguel do Fidalgo - PI,2829,459,486,0,1881,3,16.224814422057264,17.179215270413575,66.4899257688229,83.66914103923648,0.0,0.10604453870625663
2210409,São Miguel do Tapuio - PI,17554,4050,1663,13,11797,31,23.07166457787399,9.473624245186283,67.20405605559986,76.67768030078615,0.07405719494132391,0.17659792639854163
2210508,São Pedro do Piauí - PI,13755,1953,2217,7,9568,6,14.198473282442748,16.117775354416576,69.56015994183933,85.67793529625591,0.05089058524173028,0.04362050163576881
2210607,São Raimundo Nonato - PI,38934,9187,5753,181,23675,137,23.596342528381363,14.77628807725895,60.808034109004986,75.58432218626393,0.46488929984075616,0.3518775363435558
2210623,Sebastião Barros - PI,3202,608,424,2,2168,0,18.988132417239225,13.241723922548408,67.70768269831355,80.94940662086195,0.06246096189881324,0.0
2210631,Sebastião Leal - PI,4446,1248,332,0,2864,2,28.07017543859649,7.467386414754836,64.4174538911381,71.88484030589294,0.0,0.0449842555105713
2210656,Sigefredo Pacheco - PI,9460,1718,519,6,7215,2,18.160676532769557,5.486257928118393,76.26849894291755,81.75475687103594,0.06342494714587738,0.021141649048625793
2210706,Simões - PI,14350,3240,1650,4,9456,0,22.578397212543553,11.498257839721255,65.89547038327527,77.39372822299651,0.027874564459930314,0.0
2210805,Simplício Mendes - PI,13870,2861,2144,55,8787,23,20.627253064167267,15.457822638788752,63.352559480894016,78.81038211968277,0.3965392934390771,0.1658255227108868
2210904,Socorro do Piauí - PI,4141,481,608,2,3050,0,11.615551799082347,14.682443854141512,73.65370683409805,88.33615068823956,0.04829751267809708,0.0
2210938,Sussuapara - PI,6220,2352,290,0,3576,2,37.81350482315113,4.662379421221865,57.491961414791,62.154340836012864,0.0,0.03215434083601286
2210953,Tamboril do Piauí - PI,2949,546,273,0,2130,0,18.514750762970497,9.257375381485248,72.22787385554425,81.48524923702949,0.0,0.0
2210979,Tanque do Piauí - PI,2316,436,420,0,1453,7,18.825561312607945,18.134715025906736,62.73747841105354,80.87219343696027,0.0,0.3022452504317789
2211001,Teresina - PI,866300,212511,124850,987,526745,1195,24.5308784485744,14.411866558928777,60.803993997460466,75.21586055638925,0.11393281773057833,0.1379429758744084
2211100,União - PI,46119,7475,5687,25,32905,27,16.208070426505344,12.331143346559987,71.34803443266333,83.67917777922331,0.05420759339968343,0.058544200871658104
2211209,Uruçuí - PI,25203,5331,2907,43,16663,259,21.15224378050232,11.534341149863112,66.11514502241796,77.64948617228107,0.17061460937190018,1.027655437844701
2211308,Valença do Piauí - PI,22279,4736,2948,1,14564,29,21.257686610709637,13.232191750078549,65.37097715337313,78.60316890345169,0.004488531801247812,0.13016742223618655
2211357,Várzea Branca - PI,5055,889,830,0,3333,3,17.58654797230465,16.419386745796242,65.93471810089021,82.35410484668645,0.0,0.05934718100890208
2211407,Várzea Grande - PI,4417,917,680,0,2817,3,20.760697305863708,15.395064523432193,63.77631876839484,79.17138329182703,0.0,0.06791940230925968
2211506,Vera Mendes - PI,3185,730,156,0,2297,2,22.91993720565149,4.8979591836734695,72.11930926216641,77.01726844583987,0.0,0.06279434850863422
2211605,Vila Nova do Piauí - PI,2935,880,105,0,1948,2,29.98296422487223,3.577512776831346,66.37137989778535,69.94889267461669,0.0,0.06814310051107325
2211704,Wall Ferraz - PI,4059,835,414,0,2808,2,20.571569352057157,10.199556541019955,69.17960088691795,79.37915742793791,0.0,0.04927322000492732
2300101,Abaiara - CE,10038,2357,745,11,6920,5,23.48077306236302,7.421797170751145,68.93803546523212,76.35983263598327,0.10958358238692967,0.049810719266786214
2300150,Acarape - CE,14027,2488,1079,0,10453,7,17.73722107364369,7.6923076923076925,74.52056747700863,82.21287516931632,0.0,0.0499037570399943
2300200,Acaraú - CE,65264,16360,3788,49,44571,495,25.067418484922776,5.804118656533464,68.29339298847756,74.09751164501102,0.07507967639127237,0.7584579553812208
2300309,Acopiara - CE,44962,14381,2862,13,27682,24,31.984787153596372,6.365375205729283,61.567545927672256,67.93292113340154,0.02891330456830212,0.053378408433788535
2300408,Aiuaba - CE,14076,3385,1128,4,9555,4,24.04802500710429,8.013640238704177,67.88150042625746,75.89514066496164,0.02841716396703609,0.02841716396703609
2300507,Alcântaras - CE,11369,2044,712,20,8593,0,17.97871404696983,6.262644032016888,75.5827249538218,81.84536898583869,0.1759169671914856,0.0
2300606,Altaneira - CE,6782,1905,715,5,4156,1,28.08905927455028,10.542612798584488,61.27985844883515,71.82247124741964,0.07372456502506636,0.014744913005013271
2300705,Alto Santo - CE,14155,4154,1093,12,8891,5,29.346520664076298,7.72165312610385,62.81172730483928,70.53338043094313,0.08477569763334511,0.03532320734722713
2300754,Amontada - CE,42156,9770,1948,34,30338,57,23.175823133124585,4.6209317772084635,71.96603093272607,76.58696270993454,0.08065281335990132,0.13521206945630515
2300804,Antonina do Norte - CE,7245,2698,636,3,3904,4,37.239475500345065,8.778467908902691,53.88543823326432,62.66390614216701,0.041407867494824016,0.05521048999309869
2300903,Apuiarés - CE,12928,3290,682,4,8939,13,25.448638613861387,5.275371287128713,69.14449257425743,74.41986386138613,0.03094059405940594,0.10055693069306931
2301000,Aquiraz - CE,80645,20158,6409,75,53546,455,24.995969991939983,7.947175894351789,66.3971727943456,74.34434868869738,0.093000186000372,0.5642011284022568
2301109,Aracati - CE,75113,19589,6135,88,49119,177,26.079373743559703,8.167694007695072,65.39347383275864,73.56116784045372,0.1171568170622928,0.2356449615912026
2301208,Aracoiaba - CE,25553,5648,1651,14,18237,3,22.103079873204713,6.461080890697765,71.3693108441279,77.83039173482567,0.054788087504402616,0.011740304465229131
2301257,Ararendá - CE,11096,2737,292,23,8029,15,24.666546503244412,2.6315789473684212,72.35940879596251,74.99098774333093,0.2072819033886085,0.13518385003604902
2301307,Araripe - CE,19783,4193,1344,35,14202,9,21.194965374311277,6.793711772734166,71.78890966991862,78.5826214426528,0.17691957741495223,0.04549360562098772
2301406,Aratuba - CE,11224,1410,555,5,8535,719,12.562366357804704,4.944761225944405,76.0424091233072,80.9871703492516,0.044547398431931576,6.405915894511761
2301505,Arneiroz - CE,7429,2535,429,2,4454,8,34.12303136357518,5.774666846143492,59.954233409610985,65.72890025575448,0.026921523758244716,0.10768609503297887
2301604,Assaré - CE,21697,7577,1526,59,12526,9,34.92187860072821,7.0332304005162,57.73148361524635,64.76471401576255,0.2719269945153708,0.04148038899387012
2301703,Aurora - CE,23714,7732,1327,26,14623,6,32.60521211098929,5.5958505524162945,61.66399595175845,67.25984650417475,0.10963987517921903,0.02530150965674285
2301802,Baixio - CE,5704,1477,276,6,3935,10,25.894109396914445,4.838709677419355,68.98667601683029,73.82538569424965,0.10518934081346423,0.1753155680224404
2301851,Banabuiú - CE,17195,4223,919,1,12048,4,24.559464960744403,5.344576911892992,70.0668799069497,75.41145681884268,0.005815644082582146,0.023262576330328584
2301901,Barbalha - CE,75033,15592,7777,307,51283,74,20.78019004971146,10.364772833286688,68.3472605386963,78.712033371983,0.4091533058787467,0.09862327242679887
2301950,Barreira - CE,22392,3760,1076,6,17544,6,16.791711325473383,4.805287602715255,78.34941050375134,83.1546981064666,0.02679528403001072,0.02679528403001072
2302008,Barro - CE,19381,6204,1474,16,11675,12,32.01073216036324,7.60538671895155,60.239409731180025,67.84479645013158,0.08255507971724885,0.06191630978793664
2302057,Barroquinha - CE,14567,2648,786,21,11111,1,18.17807372828997,5.395757534152536,76.27514244525297,81.6708999794055,0.14416146083613648,0.006864831468387451
2302107,Baturité - CE,35218,6959,2891,32,25220,116,19.75978192969504,8.208870463967289,71.61110795615878,79.81997842012606,0.09086262706570504,0.32937702311318073
2302206,Beberibe - CE,53114,12957,3213,27,36880,37,24.394698196332417,6.049252551116466,69.4355537146515,75.48480626576797,0.05083405505139888,0.06966148284821327
2302305,Bela Cruz - CE,32775,7031,2492,20,23203,29,21.452326468344776,7.603356216628528,70.79481311975591,78.39816933638444,0.06102212051868802,0.08848207475209764
2302404,Boa Viagem - CE,50411,14060,2705,41,33205,400,27.890738132550435,5.365892364761659,65.86856043323878,71.23445279800045,0.0813314554363135,0.7934776140128147
2302503,Brejo Santo - CE,51090,14498,2987,38,33541,26,28.377373262869448,5.846545312194167,65.65081229203366,71.49735760422783,0.0743785476609904,0.05089058524173028
2302602,Camocim - CE,62326,13221,4085,99,44872,48,21.212656034399767,6.55424702371402,71.99563585020698,78.549882873921,0.15884221673138016,0.07701440811218432
2302701,Campos Sales - CE,25135,7861,1953,85,15220,15,31.27511438233539,7.770041774418142,60.55301372588025,68.3230555002984,0.33817386114979114,0.05967774020290432
2302800,Canindé - CE,74174,17315,4566,205,51655,432,23.34375926874646,6.15579583142341,69.6403052282471,75.7961010596705,0.27637716720144523,0.5824143230781675
2302909,Capistrano - CE,17254,2849,1780,33,12583,9,16.512113133186507,10.316448359800626,72.92801669178162,83.24446505158225,0.191259997681697,0.05216181754955373
2303006,Caridade - CE,16377,3470,943,14,11939,11,21.188251816572024,5.758075349575624,72.90101972278195,78.65909507235757,0.08548574219942602,0.06716736887097759
2303105,Cariré - CE,17632,4189,1347,35,12051,10,23.75794010889292,7.639519056261343,68.34732304900182,75.98684210526316,0.198502722323049,0.05671506352087114
2303204,Caririaçu - CE,26320,7332,1362,52,17557,17,27.857142857142858,5.174772036474164,66.70592705167174,71.8806990881459,0.19756838905775076,0.06458966565349544
2303303,Cariús - CE,17015,6427,1063,37,9481,6,37.77255362915075,6.247428739347635,55.721422274463706,61.96885101381134,0.21745518660005878,0.03526300323244196
2303402,Carnaubal - CE,17210,6839,797,14,8814,744,39.73852411388727,4.63102847181871,51.214410226612436,55.845438698431145,0.08134805345729228,4.32306798373039
2303501,Cascavel - CE,72720,16164,4223,97,52134,98,22.22772277227723,5.807205720572057,71.6914191419142,77.49862486248625,0.1333883388338834,0.13476347634763478
2303600,Catarina - CE,10243,3184,632,12,6414,1,31.084643170946013,6.170067363077224,62.61837352338182,68.78844088645904,0.11715317777994728,0.009762764814995606
2303659,Catunda - CE,10444,2239,387,21,7729,67,21.438146304098048,3.7054768288012254,74.00421294523171,77.70968977403294,0.20107238605898123,0.6415166602834164
2303709,Caucaia - CE,355679,87058,26386,463,229860,11904,24.476564542747816,7.418486894081461,64.62568776902769,72.04417466310915,0.13017355536874542,3.3468380196750442
2303808,Cedro - CE,22344,7590,1569,14,13171,0,33.96885069817401,7.022019334049409,58.94647332617257,65.96849266022198,0.06265664160401002,0.0
2303907,Chaval - CE,12462,2690,782,6,8984,0,21.585620285668433,6.275076231744503,72.09115711763762,78.36623334938213,0.04814636494944632,0.0
2303931,Choró - CE,12113,1747,559,1,9805,0,14.422521258152399,4.614876578882193,80.94609097663667,85.56096755551886,0.008255593164368859,0.0
2303956,Chorozinho - CE,20163,4933,1535,5,13678,12,24.465605316669148,7.6129544214650595,67.8371274115955,75.45008183306057,0.02479789713832267,0.059514953131974406
2304004,Coreaú - CE,20953,6138,942,2,13870,1,29.294134491480932,4.49577626115592,66.19577148856966,70.69154774972559,0.009545172528993461,0.004772586264496731
2304103,Crateús - CE,76390,22019,5076,92,47030,2172,28.82445346249509,6.644848802199241,61.56564995418248,68.21049875638172,0.12043461186019112,2.843304097394947
2304202,Crato - CE,131050,35461,16519,463,78251,353,27.059137733689433,12.605112552460893,59.710797405570396,72.31590995803128,0.35330026707363604,0.26936283861121707
2304236,Croatá - CE,17481,4554,545,64,12313,5,26.05114123905955,3.1176706138092785,70.4364738859333,73.55414449974258,0.36611177850237403,0.02860248269549797
2304251,Cruz - CE,29761,9135,1232,48,19318,28,30.69453311380666,4.139645845233695,64.91045327777964,69.05009912301334,0.16128490306105306,0.09408286011894762
2304269,Deputado Irapuan Pinheiro - CE,8932,2461,349,5,6117,0,27.552619793999103,3.9072995969547692,68.48410210479176,72.39140170174653,0.055978504254366325,0.0
2304277,Ereré - CE,6474,2458,469,4,3539,4,37.967253629904235,7.244362063639172,54.66481309854804,61.90917516218721,0.06178560395427865,0.06178560395427865
2304285,Eusébio - CE,74170,21940,3531,97,48548,54,29.580693002561684,4.7606849130376165,65.45503572873129,70.21572064176891,0.13078063907240123,0.07280571659700688
2304301,Farias Brito - CE,18217,4847,1212,20,12130,8,26.60701542515233,6.65312620080145,66.58615578854916,73.23928198935062,0.10978756106933084,0.04391502442773234
2304350,Forquilha - CE,24173,5542,1820,106,16697,7,22.926405493732677,7.529061349439457,69.07293261076407,76.60199396020353,0.43850577090141896,0.028957928267074835
2304400,Fortaleza - CE,2428708,793975,171018,3127,1456901,3000,32.69124983324467,7.041521665016956,59.98666780856323,67.02818947358018,0.12875158314626542,0.12352246544253158
2304459,Fortim - CE,17294,4464,1184,11,11618,17,25.81242049265641,6.846305076905285,67.17936856713311,74.02567364403839,0.06360587486989708,0.09829998843529549
2304509,Frecheirinha - CE,15657,4208,776,33,10630,10,26.87615762917545,4.956249600817526,67.89295522769369,72.84920482851122,0.21076834642651848,0.06386919588682378
2304608,General Sampaio - CE,6734,1517,346,4,4867,0,22.52747252747253,5.138105138105138,72.27502227502228,77.41312741312741,0.0594000594000594,0.0
2304657,Graça - CE,13801,4279,898,12,8602,10,31.004999637707414,6.506774871386131,62.328816752409246,68.83559162379538,0.08695022099847838,0.07245851749873197
2304707,Granja - CE,53344,9989,3010,93,40223,29,18.725629874025195,5.642621475704859,75.40304439112178,81.04566586682664,0.1743401319736053,0.05436412717456509
2304806,Granjeiro - CE,4841,1347,466,12,3015,1,27.824829580665153,9.626110307787647,62.280520553604624,71.90663086139227,0.24788266887006816,0.02065688907250568
2304905,Groaíras - CE,10910,3814,711,51,6324,9,34.958753437213566,6.5169569202566455,57.965169569202565,64.4821264894592,0.4674610449129239,0.08249312557286893
2304954,Guaiúba - CE,24325,4654,2141,19,17509,2,19.132579650565262,8.801644398766701,71.97944501541623,80.78108941418293,0.07810894141829394,0.008221993833504625
2305001,Guaraciaba do Norte - CE,42053,12632,1551,110,27724,36,30.038285021282668,3.6882029819513473,65.92633105842627,69.61453404037762,0.26157467957101754,0.08560625876869664
2305100,Guaramiranga - CE,5654,883,343,5,4423,0,15.61726211531659,6.06650159179342,78.22780332507959,84.29430491687302,0.08843296781039972,0.0
2305209,Hidrolândia - CE,17855,5634,1126,34,11056,4,31.554186502380286,6.306356762811538,61.92103052366284,68.22738728647438,0.19042285074208906,0.022402688322598712
2305233,Horizonte - CE,74755,15709,4801,59,54085,98,21.01397899806033,6.422312888769982,72.34967560698281,78.7719884957528,0.07892448665641094,0.13109491003946225
2305266,Ibaretama - CE,11956,2521,773,0,8662,0,21.08564737370358,6.465373034459685,72.44897959183673,78.91435262629642,0.0,0.0
2305308,Ibiapina - CE,23965,6087,872,23,16974,7,25.399540997287712,3.638639682870853,70.8282912580847,74.46693094095556,0.09597329438764865,0.029209263509284374
2305332,Ibicuitinga - CE,11611,3504,476,19,7606,6,30.178279217982947,4.099560761346998,65.50684695547326,69.60640771682026,0.16363792954956508,0.05167513564723107
2305357,Icapuí - CE,21433,6914,2012,29,12471,6,32.25866654224794,9.387393272057109,58.185974898520975,67.57336817057808,0.13530537022348715,0.02799421452899734
2305407,Icó - CE,62642,19302,3596,38,39701,5,30.813192426806296,5.740557453465726,63.377606078988535,69.11816353245426,0.06066217553717953,0.007981865202260465
2305506,Iguatu - CE,98064,34208,6727,80,56931,114,34.883341491271004,6.859805841083374,58.054943710230056,64.91474955131343,0.08157937673356176,0.11625061184532551
2305605,Independência - CE,24024,8106,1510,13,14376,19,33.74125874125874,6.285381285381286,59.84015984015984,66.12554112554113,0.05411255411255411,0.07908757908757909
2305654,Ipaporanga - CE,11575,2994,561,23,7992,5,25.86609071274298,4.846652267818574,69.04535637149029,73.89200863930886,0.19870410367170627,0.04319654427645788
2305704,Ipaumirim - CE,12083,4024,837,7,7214,1,33.30298766862534,6.92708764379707,59.703715964578336,66.6308036083754,0.05793263262434826,0.008276090374906894
2305803,Ipu - CE,41081,12960,2346,46,25700,29,31.54743068571846,5.710669165794406,62.559333998685524,68.27000316447993,0.11197390521165503,0.07059224458995643
2305902,Ipueiras - CE,36798,10320,1983,127,24305,62,28.045002445785098,5.388879830425567,66.04978531441927,71.43866514484483,0.3451274525789445,0.16848741779444534
2306009,Iracema - CE,14001,5052,1032,2,7909,6,36.08313691879152,7.3709020784229695,56.488822226983785,63.85972430540676,0.014284693950432113,0.042854081851296334
2306108,Irauçuba - CE,23915,4530,1029,48,18302,6,18.942086556554464,4.302738866819987,76.52937486932888,80.83211373614887,0.20071085093037844,0.025088856366297305
2306207,Itaiçaba - CE,7536,2226,338,5,4964,3,29.538216560509554,4.485138004246284,65.87048832271762,70.3556263269639,0.06634819532908705,0.03980891719745223
2306256,Itaitinga - CE,64650,13644,4751,154,46043,56,21.104408352668212,7.348801237432328,71.21887084300077,78.5676720804331,0.23820572312451663,0.08662026295436968
2306306,Itapajé - CE,46426,11624,2042,67,32671,18,25.037694395381898,4.398397449704906,70.37220522982811,74.77060267953301,0.14431568517640977,0.03877137810709516
2306405,Itapipoca - CE,131123,27474,7579,212,95226,629,20.952845801270563,5.780069095429482,72.62341465646759,78.40348375189707,0.1616802544176079,0.47970226428620455
2306504,Itapiúna - CE,17841,3621,1983,38,12198,1,20.295947536573063,11.114847822431479,68.370607028754,79.48545485118547,0.21299254526091588,0.0056050669805504175
2306553,Itarema - CE,42957,9176,2162,96,27838,3684,21.36089577950043,5.032939916660847,64.80433922294388,69.83727913960473,0.2234792932467351,8.57601787834346
2306603,Itatira - CE,20424,3989,1013,10,15408,3,19.530943987465726,4.95985115550333,75.4406580493537,80.40050920485703,0.04896200548374462,0.014688601645123384
2306702,Jaguaretama - CE,17232,3420,898,3,12908,3,19.846796657381617,5.2112349117920145,74.9071494893222,80.11838440111421,0.017409470752089137,0.017409470752089137
2306801,Jaguaribara - CE,10356,2971,1020,8,6350,7,28.68868288914639,9.84936268829664,61.31711085361143,71.16647354190808,0.0772499034376207,0.06759366550791812
2306900,Jaguaribe - CE,33726,10506,2189,38,20984,8,31.151040740081836,6.490541422048271,62.21905947933345,68.70960090138172,0.11267271541244143,0.023720571665777145
2307007,Jaguaruana - CE,31701,9891,2031,76,19657,45,31.20090848869121,6.40673795779313,62.00750764960096,68.4142456073941,0.23974007129112646,0.14195135800132488
2307106,Jardim - CE,27411,4965,2392,43,19979,31,18.113166247127065,8.726423698515195,72.8867972711685,81.6132209696837,0.1568713290284922,0.11309328371821531
2307205,Jati - CE,7861,2154,442,11,5253,1,27.40109400839588,5.622694313700547,66.82355934359497,72.44625365729551,0.13993130644956112,0.012721027859051012
2307254,Jijoca de Jericoacoara - CE,25555,6724,1206,34,17570,21,26.31187634513794,4.719233026804931,68.75366855801214,73.47290158481707,0.13304637057327334,0.08217569947172765
2307304,Juazeiro do Norte - CE,286120,89668,25461,372,170366,248,31.339298196560883,8.89871382636656,59.543548161610516,68.44226198797708,0.13001537816300854,0.08667691877533902
2307403,Jucás - CE,23922,7626,1667,4,14615,10,31.878605467770253,6.968480896246133,61.09439010116211,68.06287099740824,0.016721009949000918,0.0418025248725023
2307502,Lavras da Mangabeira - CE,30802,9303,2275,6,19209,9,30.20258424777612,7.385884033504318,62.36283358223492,69.74871761573924,0.01947925459385754,0.02921888189078631
2307601,Limoeiro do Norte - CE,59560,22537,3941,62,32971,49,37.83915379449295,6.6168569509738075,55.357622565480185,61.97447951645399,0.10409670920080591,0.08226997985224983
2307635,Madalena - CE,16896,3708,1424,94,11666,4,21.946022727272727,8.428030303030303,69.04592803030303,77.47395833333333,0.556344696969697,0.023674242424242424
2307650,Maracanaú - CE,234509,58179,15114,285,157320,3603,24.808855950091466,6.444955204277874,67.08484535774747,73.52980056202534,0.12153051695244106,1.536401587998755
2307700,Maranguape - CE,105093,25261,8602,73,71044,113,24.03680549608442,8.185131264689371,67.60107714119874,75.78620840588812,0.0694622857849714,0.10752381224248998
2307809,Marco - CE,25799,6082,2117,9,17577,13,23.574557153378038,8.205744408698012,68.13054769564712,76.33629210434513,0.03488507306484748,0.050389549982557465
2307908,Martinópole - CE,10846,2279,763,15,7780,9,21.012354785174256,7.03485155817813,71.7315139221833,78.76636548036143,0.13829983404019916,0.08297990042411948
2308005,Massapê - CE,37697,6372,2365,102,28842,14,16.903201846300767,6.273708783192297,76.51006711409396,82.78377589728625,0.2705785606281667,0.03713823381170916
2308104,Mauriti - CE,45561,12562,3593,52,29344,10,27.571826781677313,7.886130681942889,64.40596123877879,72.29209192072167,0.11413270121375738,0.021948596387261033
2308203,Meruoca - CE,15157,2423,1056,1,11673,4,15.986013063271097,6.967077917793759,77.01392096061225,83.98099887840601,0.006597611664577423,0.026390446658309693
2308302,Milagres - CE,25900,6739,2379,46,16730,6,26.01930501930502,9.185328185328185,64.5945945945946,73.77992277992279,0.1776061776061776,0.023166023166023165
2308351,Milhã - CE,14123,5338,670,3,8107,4,37.79650215959782,4.744034553565107,57.40281809813779,62.1468526517029,0.02124194576223182,0.028322594349642426
2308377,Miraíma - CE,14196,3150,681,12,10344,6,22.189349112426036,4.797125950972105,72.86559594251902,77.66272189349112,0.08453085376162299,0.042265426880811495
2308401,Missão Velha - CE,36822,7994,3930,45,24809,44,21.70984737385259,10.672967247840965,67.37548204877518,78.04844929661616,0.12220954863940035,0.11949378089185812
2308500,Mombaça - CE,37735,11229,1602,25,24875,4,29.757519544189744,4.245395521399232,65.92023320524711,70.16562872664635,0.06625149065853982,0.01060023850536637
2308609,Monsenhor Tabosa - CE,17149,3444,444,17,9806,3436,20.08280366202111,2.5890722491107354,57.18117674499971,59.770248994110446,0.09913114467315878,20.03615371158668
2308708,Morada Nova - CE,61443,21356,3261,21,36781,23,34.75741744380971,5.3073580391582444,59.86198590563612,65.16934394479436,0.03417801865143304,0.03743306804680761
2308807,Moraújo - CE,8254,1525,445,3,6281,0,18.47589047734432,5.391325417979162,76.09643809062273,81.48776350860189,0.0363460140537921,0.0
2308906,Morrinhos - CE,22753,5721,1782,17,15155,78,25.143937063244408,7.831934250428515,66.6066013272975,74.43853557772601,0.0747154221421351,0.34281193688744344
2309003,Mucambo - CE,13666,4984,650,13,8013,6,36.47007171081516,4.756329577052539,58.634567539879995,63.390897116932535,0.09512659154105078,0.04390458071125421
2309102,Mulungu - CE,10569,2403,708,34,7413,11,22.736304286119783,6.698836219131422,70.13908600624468,76.8379222253761,0.3216955246475542,0.10407796385656164
2309201,Nova Olinda - CE,15399,3715,1024,6,10645,5,24.12494317812845,6.649782453406066,69.12786544580817,75.77764789921423,0.03896356906292616,0.032469640885771804
2309300,Nova Russas - CE,30699,8653,1488,12,20514,31,28.186585882276297,4.847063422261312,66.82302355125574,71.67008697351706,0.03908922114726864,0.10098048796377732
2309409,Novo Oriente - CE,27545,7482,1249,46,18302,466,27.162824469050644,4.534398257396987,66.4440007260846,70.97839898348158,0.16699945543655836,1.6917770920312216
2309458,Ocara - CE,24493,5683,1996,43,16752,19,23.202547666680275,8.149267137549504,68.39505164740946,76.54431878495896,0.1755603641856857,0.07757318417507043
2309508,Orós - CE,19675,6171,1113,14,12373,4,31.364675984752225,5.6569250317662005,62.8869123252859,68.5438373570521,0.07115628970775095,0.020330368487928845
2309607,Pacajus - CE,70983,16669,4781,68,49397,65,23.483087499823903,6.7354155220264005,69.58990180747503,76.32531732950143,0.09579758533733429,0.09157122127833425
2309706,Pacatuba - CE,81524,19239,6820,96,54268,1098,23.599185515921693,8.365634659732104,66.5669005446249,74.93253520435701,0.11775673421323782,1.3468426475639075
2309805,Pacoti - CE,11186,2191,687,0,8307,1,19.586983729662077,6.141605578401573,74.26247094582514,80.40407652422671,0.0,0.008939746111210442
2309904,Pacujá - CE,6175,1968,538,1,3662,6,31.870445344129553,8.712550607287449,59.30364372469636,68.01619433198381,0.016194331983805668,0.09716599190283401
2310001,Palhano - CE,9346,2486,499,4,6354,3,26.599614808474215,5.339182537984164,67.98630430130537,73.32548683928952,0.04279905842071474,0.032099293815536056
2310100,Palmácia - CE,10242,2092,743,8,7392,7,20.425698105838702,7.25444249170084,72.1734036321031,79.42784612380395,0.07810974419058778,0.0683460261667643
2310209,Paracuru - CE,38980,9119,2692,58,27002,107,23.39404822986147,6.906105695228322,69.2714212416624,76.17752693689071,0.1487942534633145,0.2744997434581837
2310258,Paraipaba - CE,32216,7803,1439,38,22922,14,24.220884032778745,4.466724608889993,71.1509808790663,75.61770548795629,0.1179538117705488,0.04345666749441272
2310308,Parambu - CE,31445,9850,2214,99,19266,16,31.324534902210207,7.040865002385117,61.26888217522659,68.3097471776117,0.31483542693591987,0.05088249324216887
2310407,Paramoti - CE,10384,2034,456,13,7876,5,19.587827426810478,4.391371340523883,75.84745762711864,80.23882896764253,0.12519260400616333,0.04815100154083205
2310506,Pedra Branca - CE,40187,9676,1409,52,29040,10,24.077437977455396,3.5061089407022172,72.26217433498395,75.76828327568617,0.12939507801030184,0.02488366884813497
2310605,Penaforte - CE,8972,2250,612,7,6097,6,25.07802050824788,6.821221578243424,67.95586268390548,74.7770842621489,0.0780205082478823,0.06687472135532768
2310704,Pentecoste - CE,37813,9751,2386,47,25615,14,25.787427604263083,6.309999206622061,67.74125300822469,74.05125221484676,0.12429587707931135,0.0370243038108587
2310803,Pereiro - CE,15274,5256,994,9,9008,7,34.411418096111035,6.507791017415215,58.97603771114312,65.48382872855834,0.05892366112347781,0.045829514207149404
2310852,Pindoretama - CE,23391,5066,1717,29,16542,36,21.65790261211577,7.340430079945278,70.71950750288572,78.059937582831,0.12397930828096276,0.15390534821085033
2310902,Piquet Carneiro - CE,16616,5690,781,3,10135,5,34.24410207029369,4.7002888781896965,60.995426095329805,65.6957149735195,0.018054886856042368,0.03009147809340395
2310951,Pires Ferreira - CE,10606,3018,462,6,7120,0,28.455591174806713,4.356024891570809,67.1318121817839,71.48783707335471,0.056571751838581937,0.0
2311009,Poranga - CE,12065,3478,420,10,6900,1257,28.827186075424784,3.4811438043928717,57.19021964359718,60.67136344799005,0.08288437629506838,10.418566100290095
2311108,Porteiras - CE,17050,3396,1212,37,12390,15,19.917888563049853,7.108504398826979,72.66862170087977,79.77712609970675,0.21700879765395895,0.08797653958944282
2311207,Potengi - CE,8833,2305,905,21,5601,1,26.095324351862335,10.245669647911242,63.40993999773576,73.655609645647,0.23774482055926638,0.011321181931393637
2311231,Potiretama - CE,5974,3127,316,1,2530,0,52.34348844994978,5.289588215600937,42.35018413123535,47.63977234683629,0.016739203213927016,0.0
2311264,Quiterianópolis - CE,20213,6181,1198,11,12152,670,30.579330134072134,5.926878741404047,60.11972492950082,66.04660367090487,0.054420422500371046,3.3146984613862367
2311306,Quixadá - CE,84168,21331,5630,96,57081,28,25.343360897253113,6.689002946487976,67.81793555745652,74.5069385039445,0.11405759908753921,0.0332667997338656
2311355,Quixelô - CE,15910,5669,485,8,9738,10,35.63167818981773,3.048397234443746,61.20678818353237,64.25518541797611,0.0502828409805154,0.06285355122564425
2311405,Quixeramobim - CE,82177,19041,5122,27,57871,116,23.17071686724996,6.232887547610646,70.42238095817565,76.6552685057863,0.032855908587560996,0.14115871837618799
2311504,Quixeré - CE,20874,6506,1278,3,13083,4,31.1679601418032,6.122448979591836,62.67605633802817,68.79850531762,0.014371945961483185,0.01916259461531091
2311603,Redenção - CE,27214,4320,1527,7,21338,22,15.8741824061145,5.611082531050195,78.40817226427573,84.01925479532593,0.02572205482472257,0.08084074373484236
2311702,Reriutaba - CE,18606,5825,629,18,12133,1,31.307105234870473,3.380629904331936,65.21014726432334,68.59077716865528,0.09674298613350532,0.005374610340750295
2311801,Russas - CE,72928,23556,3923,83,45336,29,32.300351031154015,5.379278192189557,62.16542343132953,67.54470162351909,0.11381088196577446,0.039765247915752526
2311900,Saboeiro - CE,13854,5086,1019,15,7731,3,36.71141908474087,7.355276454453588,55.803378085751405,63.15865454020499,0.10827197921177999,0.021654395842355997
2311959,Salitre - CE,16633,3717,2445,1,10455,15,22.347141225275056,14.69969338062887,62.8569710815848,77.55666446221367,0.006012144531954548,0.09018216797931822
2312007,Santana do Acaraú - CE,30628,6919,2887,44,20751,27,22.590440120151495,9.426015410735275,67.75173044273214,77.17774585346741,0.14365939663053415,0.08815462975055505
2312106,Santana do Cariri - CE,16954,3501,1304,17,12127,5,20.649994101686918,7.691400259525776,71.52884275097323,79.220243010499,0.10027132240179308,0.029491565412292083
2312205,Santa Quitéria - CE,40183,9438,2286,25,28382,49,23.487544483985765,5.688972948759425,70.63185924395889,76.32083219271831,0.06221536470646791,0.12194211482467711
2312304,São Benedito - CE,47640,14290,2902,27,30155,265,29.995801847187238,6.09151973131822,63.29764903442485,69.38916876574307,0.05667506297229219,0.556255247691016
2312403,São Gonçalo do Amarante - CE,54143,10528,2961,61,40485,108,19.444803575716158,5.46885100567017,74.77420903902629,80.24306004469646,0.11266461038361376,0.19947176920377518
2312502,São João do Jaguaribe - CE,5855,1791,232,1,3831,0,30.589239965841163,3.9624252775405635,65.43125533731853,69.3936806148591,0.017079419299743808,0.0
2312601,São Luís do Curu - CE,10822,2642,588,25,7561,6,24.413232304564776,5.433376455368693,69.86693771946035,75.30031417482904,0.23101090371465532,0.05544261689151728
2312700,Senador Pompeu - CE,24266,6602,1795,2,15860,5,27.206791395368004,7.397181241242891,65.35893843237452,72.7561196736174,0.008241984669908513,0.020604961674771285
2312809,Senador Sá - CE,7262,1141,444,8,5667,2,15.711925089507023,6.114018176810796,78.03635362159184,84.15037179840265,0.11016248967226659,0.027540622418066648
2312908,Sobral - CE,203023,51815,15839,323,134926,114,25.521738916280423,7.801579131428459,66.45848007368623,74.26005920511469,0.15909527491959038,0.056151273501031905
2313005,Solonópole - CE,18179,4683,1039,5,12449,3,25.76049287639584,5.715385884812146,68.48011441773475,74.1955003025469,0.027504263160789924,0.016502557896473955
2313104,Tabuleiro do Norte - CE,30652,12509,1366,22,16748,7,40.80973509069555,4.456479185697508,54.63917525773196,59.09565444342947,0.07177345687067728,0.022837009004306408
2313203,Tamboril - CE,24815,5330,1561,11,17331,579,21.47894418698368,6.290550070521862,69.8408220834173,76.13137215393915,0.04432802740278058,2.33326616965545
2313252,Tarrafas - CE,7529,3264,356,0,3907,2,43.35237083277992,4.728383583477221,51.8926816310267,56.621065214503915,0.0,0.026563952716164164
2313302,Tauá - CE,61227,24407,5064,57,31645,40,39.863132278243256,8.270860894703317,51.68471426004867,59.95557515475199,0.09309618305649468,0.0653306547764875
2313351,Tejuçuoca - CE,17154,2951,581,15,13599,8,17.20298472659438,3.386965139326105,79.27597061909759,82.6629357584237,0.08744316194473592,0.04663635303719249
2313401,Tianguá - CE,81506,21725,3176,124,56414,67,26.65447942482762,3.8966456457193335,69.21453635315191,73.11118199887125,0.15213603906460874,0.08220253723652246
2313500,Trairi - CE,58415,12330,3060,84,42912,24,21.107592228023623,5.2383805529401695,73.46058375417273,78.6989643071129,0.14379868184541642,0.041085337670118974
2313559,Tururu - CE,15412,3069,969,6,11361,7,19.91305476252271,6.287308590708538,73.71528678951466,80.0025953802232,0.03893070334804049,0.045419153906047234
2313609,Ubajara - CE,32767,7686,1286,24,23749,21,23.456526383251443,3.924680318613239,72.47840815454573,76.40308847315897,0.07324442274239326,0.0640888698995941
2313708,Umari - CE,6871,2190,647,7,4026,1,31.87308979770048,9.416387716489593,58.59409110755349,68.01047882404308,0.10187745597438509,0.014553922282055013
2313757,Umirim - CE,17470,3483,996,19,12968,4,19.937034917000574,5.701202060675444,74.23010875787064,79.93131081854608,0.10875787063537493,0.02289639381797367
2313807,Uruburetama - CE,20189,4704,1224,10,14225,26,23.2998167318837,6.062707414928922,70.45916092921888,76.5218683441478,0.04953192332458269,0.128783000643915
2313906,Uruoca - CE,13746,2482,691,7,10562,4,18.05616179252146,5.026916921286192,76.83689800669286,81.86381492797905,0.050923905136039574,0.029099374363451187
2313955,Varjota - CE,18105,5337,749,35,11972,11,29.47804473902237,4.136978735156034,66.12537972935654,70.26235846451257,0.19331676332504832,0.06075669704501519
2314003,Várzea Alegre - CE,38984,12244,2994,19,23723,2,31.40775702852452,7.680073876462139,60.853170531500105,68.53324440796224,0.048737943771803814,0.005130309870716191
2314102,Viçosa do Ceará - CE,59712,10375,2071,59,47141,66,17.375066988210076,3.4683145766345125,78.94728027867096,82.41559485530547,0.09880760986066452,0.11053054662379422
2400109,Acari - RN,10597,4866,1303,2,4413,13,45.91865622345947,12.295932811172973,41.64386147022742,53.939794281400395,0.018873266018684533,0.12267622912144947
2400208,Assú - RN,56496,18654,5786,108,31813,134,33.01826677994902,10.241433021806854,56.31018125177004,66.55161427357689,0.1911639762107052,0.2371849334466157
2400307,Afonso Bezerra - RN,10839,2925,1306,20,6586,2,26.985884306670357,12.049082018636405,60.762062920933666,72.81114493957007,0.1845188670541563,0.01845188670541563
2400406,Água Nova - RN,2946,1494,245,0,1207,0,50.712830957230146,8.316361167684997,40.97080787508486,49.287169042769854,0.0,0.0
2400505,Alexandria - RN,13640,4952,647,19,8017,5,36.3049853372434,4.743401759530792,58.77565982404692,63.51906158357771,0.13929618768328444,0.036656891495601175
2400604,Almino Afonso - RN,4687,2237,282,5,2160,3,47.727757627480266,6.01664177512268,46.08491572434393,52.10155749946661,0.10667804565820355,0.06400682739492213
2400703,Alto do Rodrigues - RN,12484,4843,832,2,6807,0,38.793655879525794,6.664530599166934,54.52579301505928,61.190323614226216,0.016020506247997435,0.0
2400802,Angicos - RN,11632,4070,1245,2,6313,2,34.989683631361764,10.703232462173315,54.27269601100413,64.97592847317745,0.0171939477303989,0.0171939477303989
2400901,Antônio Martins - RN,6577,3281,308,1,2987,0,49.88596624600882,4.682986163904515,45.41584308955451,50.09882925345902,0.015204500532157519,0.0
2401008,Apodi - RN,36093,15823,1792,25,18304,147,43.83952566979747,4.964951652675034,50.71343473803785,55.67838639071288,0.06926550854736375,0.4072811902584989
2401107,Areia Branca - RN,24093,7338,2663,21,14055,16,30.456979205578385,11.053002946914042,58.33644627070103,69.38944921761507,0.08716224629560453,0.06640933051093678
2401206,Arez - RN,13251,3601,1487,15,8100,48,27.175307523960456,11.221794581541015,61.127462078333714,72.34925665987473,0.11319900384876613,0.3622368123160516
2401305,Campo Grande - RN,9730,3289,449,3,5987,2,33.80267214799589,4.614594039054471,61.531346351490235,66.14594039054471,0.030832476875642344,0.020554984583761562
2401404,Baía Formosa - RN,8825,2755,552,3,5019,496,31.218130311614733,6.254957507082153,56.87252124645892,63.12747875354108,0.0339943342776204,5.620396600566572
2401453,Baraúna - RN,26913,8322,2526,78,15963,24,30.921859324490022,9.38579868465054,59.313342994092075,68.69914167874262,0.28982276223386466,0.08917623453349682
2401503,Barcelona - RN,3986,1586,319,2,2079,0,39.789262418464624,8.003010536879076,52.157551430005014,60.16056196688409,0.050175614651279475,0.0
2401602,Bento Fernandes - RN,4807,1262,300,1,3243,1,26.253380486790096,6.240898689411275,67.46411483253588,73.70501352194717,0.02080299563137092,0.02080299563137092
2401651,Bodó - RN,2306,953,148,0,1203,2,41.32697311361665,6.418039895923678,52.16825672159584,58.586296617519515,0.0,0.08673026886383348
2401701,Bom Jesus - RN,9952,3016,1326,15,5590,2,30.305466237942124,13.32395498392283,56.16961414790997,69.4935691318328,0.15072347266881028,0.02009646302250804
2401800,Brejinho - RN,12202,4402,769,11,7017,3,36.076053106048185,6.302245533519096,57.50696607113588,63.809211604654976,0.09014915587608589,0.024586133420750698
2401859,Caiçara do Norte - RN,6293,1854,510,1,3926,1,29.461306213252822,8.10424280947084,62.38677896075004,70.49102177022088,0.01589067217543302,0.01589067217543302
2401909,Caiçara do Rio do Vento - RN,3268,1044,243,3,1977,1,31.946144430844555,7.435740514075888,60.49571603427172,67.93145654834761,0.09179926560587515,0.030599755201958383
2402006,Caicó - RN,61146,34800,4712,43,21536,53,56.91296241781964,7.706145945769142,35.220619500866775,42.92676544663592,0.07032348804500703,0.0866777875903575
2402105,Campo Redondo - RN,10215,3515,493,6,6201,0,34.41018110621635,4.826235927557513,60.70484581497797,65.53108174253549,0.05873715124816446,0.0
2402204,Canguaretama - RN,29668,8864,2404,24,18000,376,29.877308884993933,8.103006606444653,60.67143049750573,68.77443710395039,0.08089524066334097,1.267358770392342
2402303,Caraúbas - RN,19727,7287,1461,46,10918,15,36.939220357885134,7.406093171795002,55.34546560551529,62.75155877731029,0.23318294722968522,0.07603791757489735
2402402,Carnaúba dos Dantas - RN,7992,4583,514,4,2854,37,57.34484484484484,6.431431431431432,35.710710710710714,42.14214214214215,0.05005005005005005,0.46296296296296297
2402501,Carnaubais - RN,9714,2802,1121,6,5778,7,28.8449660284126,11.540045295449866,59.48116121062384,71.02120650607371,0.06176652254478073,0.07206094296891086
2402600,Ceará-Mirim - RN,79115,20171,11571,185,46197,990,25.495797257157303,14.62554509258674,58.39221386589142,73.01775895847817,0.23383681981925045,1.2513429817354484
2402709,Cerro Corá - RN,11000,4563,475,11,5941,10,41.481818181818184,4.318181818181818,54.00909090909091,58.32727272727273,0.1,0.09090909090909091
2402808,Coronel Ezequiel - RN,5117,1858,300,3,2956,0,36.31033808872386,5.86281024037522,57.76822356849716,63.63103380887238,0.0586281024037522,0.0
2402907,Coronel João Pessoa - RN,4237,2245,662,0,1330,0,52.98560302100543,15.62426244984659,31.390134529147982,47.01439697899457,0.0,0.0
2403004,Cruzeta - RN,8005,3840,595,15,3548,7,47.97001873828857,7.432854465958775,44.32229856339788,51.755153029356656,0.18738288569643974,0.08744534665833854
2403103,Currais Novos - RN,41313,20102,2988,16,18176,31,48.65780746980369,7.232590225836904,43.99583666158352,51.22842688742042,0.038728729455619296,0.07503691332026238
2403202,Doutor Severiano - RN,7044,3558,445,1,3039,1,50.51107325383305,6.317433276547416,43.14310051107326,49.460533787620676,0.014196479273140262,0.014196479273140262
2403251,Parnamirim - RN,252716,118180,19629,370,114184,343,46.76395637791038,7.767216955000871,45.18273476946454,52.94995172446541,0.14640940818943005,0.1357254784026338
2403301,Encanto - RN,6016,3131,449,1,2433,2,52.044547872340424,7.46343085106383,40.442154255319146,47.90558510638297,0.016622340425531915,0.03324468085106383
2403400,Equador - RN,5360,2622,393,2,2342,1,48.917910447761194,7.332089552238806,43.69402985074627,51.026119402985074,0.03731343283582089,0.018656716417910446
2403509,Espírito Santo - RN,10620,3464,753,22,6380,1,32.61770244821092,7.090395480225989,60.07532956685499,67.16572504708098,0.2071563088512241,0.009416195856873822
2403608,Extremoz - RN,61635,19047,7963,100,34415,109,30.902896081771722,12.919607365944675,55.83678104972824,68.75638841567292,0.16224547740731726,0.17684757037397583
2403707,Felipe Guerra - RN,5944,2299,417,1,3227,0,38.677658142664875,7.015477792732167,54.290040376850605,61.30551816958277,0.016823687752355317,0.0
2403756,Fernando Pedroza - RN,2938,823,320,14,1778,3,28.01225323349217,10.891763104152485,60.51735874744724,71.40912185159972,0.4765146358066712,0.10211027910142954
2403806,Florânia - RN,10196,4897,748,2,4548,1,48.028638681836014,7.336210278540604,44.6057277363672,51.941938014907805,0.019615535504119264,0.009807767752059632
2403905,Francisco Dantas - RN,2700,1415,220,1,1063,1,52.407407407407405,8.148148148148149,39.370370370370374,47.51851851851852,0.037037037037037035,0.037037037037037035
2404002,Frutuoso Gomes - RN,4122,1922,137,2,2058,3,46.62785055798156,3.3236293061620574,49.92721979621543,53.25084910237749,0.048520135856380396,0.07278020378457059
2404101,Galinhos - RN,2104,609,113,2,1378,2,28.94486692015209,5.370722433460076,65.49429657794677,70.86501901140684,0.09505703422053231,0.09505703422053231
2404200,Goianinha - RN,26741,8030,2434,49,15804,424,30.02879473467709,9.102127818705359,59.10025803073931,68.20238584944467,0.18323922067237575,1.5855801952058637
2404309,Governador Dix-Sept Rosado - RN,11938,4914,1086,17,5920,1,41.16267381470933,9.097001172725749,49.58954598760261,58.68654716032836,0.14240241246439939,0.008376612497905847
2404408,Grossos - RN,9924,3127,796,0,6001,0,31.509471987101975,8.020959290608625,60.4695687222894,68.49052801289803,0.0,0.0
2404507,Guamaré - RN,15295,5038,1576,56,8620,4,32.93886891140896,10.304020921869892,56.35828702190258,66.66230794377248,0.36613272311212813,0.02615233736515201
2404606,Ielmo Marinho - RN,11615,3054,1315,26,7202,18,26.293585880327164,11.321566939302626,62.006026689625486,73.32759362892811,0.2238484718037021,0.15497201894102453
2404705,Ipanguaçu - RN,14131,4215,1793,21,8089,13,29.82803764772486,12.688415540301465,57.24294105158871,69.93135659189018,0.14860944023777511,0.09199632014719411
2404804,Ipueira - RN,2035,893,134,12,996,0,43.88206388206388,6.584766584766585,48.943488943488944,55.52825552825553,0.5896805896805897,0.0
2404853,Itajá - RN,7292,2428,851,9,3996,8,33.29676357652222,11.670323642347778,54.79978058145913,66.47010422380691,0.12342292923752057,0.10970927043335162
2404903,Itaú - RN,5320,2227,322,0,2770,1,41.8609022556391,6.052631578947368,52.067669172932334,58.120300751879704,0.0,0.018796992481203006
2405009,Jaçanã - RN,7834,2649,360,2,4823,0,33.81414347715088,4.595353586928772,61.56497319377074,66.1603267806995,0.02552974214960429,0.0
2405108,Jandaíra - RN,6562,1938,519,18,4083,4,29.533678756476682,7.909174032307224,62.22188357208168,70.1310576043889,0.27430661383724475,0.0609570252971655
2405207,Janduís - RN,4746,1630,373,3,2726,14,34.34471133586178,7.859249894648125,57.43784239359461,65.29709228824274,0.0632111251580278,0.2949852507374631
2405306,Januário Cicco - RN,9051,2961,761,23,5304,2,32.71461716937355,8.407910728096343,58.601259529333774,67.00917025743011,0.25411556734062535,0.02209700585570655
2405405,Japi - RN,5117,1897,259,3,2956,2,37.07250341997264,5.06155950752394,57.76822356849716,62.8297830760211,0.0586281024037522,0.039085401602501464
2405504,Jardim de Angicos - RN,2437,765,309,1,1271,91,31.391054575297495,12.679524004924087,52.15428805908904,64.83381206401313,0.04103405826836274,3.7340993024210096
2405603,Jardim de Piranhas - RN,13977,7796,671,12,5490,8,55.77734850110897,4.8007440795592755,39.27881519639408,44.07955927595335,0.08585533376261001,0.05723688917507334
2405702,Jardim do Seridó - RN,11655,7258,709,9,3679,0,62.27370227370228,6.083226083226084,31.565851565851567,37.649077649077654,0.07722007722007722,0.0
2405801,João Câmara - RN,33290,9349,3157,158,18251,2375,28.083508561129467,9.483328326824873,54.824271553018924,64.30759987984379,0.47461700210273355,7.134274556924002
2405900,João Dias - RN,2076,841,140,1,1094,0,40.51059730250482,6.74373795761079,52.69749518304432,59.44123314065511,0.04816955684007707,0.0
2406007,José da Penha - RN,5803,3093,379,3,2328,0,53.30001723246597,6.531104601068413,40.117180768567984,46.6482853696364,0.05169739789763915,0.0
2406106,Jucurutu - RN,17793,7383,1057,10,9332,11,41.493845894452875,5.940538413983027,52.44759174956444,58.388130163547466,0.05620187714269657,0.06182206485696622
2406155,Jundiá - RN,3739,1235,317,2,2184,1,33.03022198448783,8.47820272800214,58.41133993046269,66.88954265846483,0.053490238031559244,0.026745119015779622
2406205,Lagoa d'Anta - RN,6654,2130,492,18,4011,3,32.01082055906222,7.39404869251578,60.2795311091073,67.67357980162308,0.27051397655545534,0.04508566275924256
2406304,Lagoa de Pedras - RN,7338,2303,703,26,4301,5,31.38457345325702,9.580267102752794,58.61270100844917,68.19296811120196,0.35431997819569366,0.0681384573453257
2406403,Lagoa de Velhos - RN,2567,934,226,1,1404,2,36.38488507985976,8.804051421893261,54.69419555901831,63.498246980911574,0.038955979742890535,0.07791195948578107
2406502,Lagoa Nova - RN,15573,5638,1451,9,8465,10,36.20368586656392,9.317408334938676,54.3568997624093,63.674308097347975,0.05779233288383741,0.06421370320426378
2406601,Lagoa Salgada - RN,8319,3026,703,1,4585,4,36.37456425051088,8.450534920062507,55.11479745161678,63.56533237167929,0.012020675561966582,0.04808270224786633
2406700,Lajes - RN,9866,2931,1131,2,5799,3,29.708088384350294,11.463612406243666,58.77762010946686,70.24123251571052,0.020271639975674032,0.030407459963511047
2406809,Lajes Pintadas - RN,4787,1227,303,0,3257,0,25.631919782744934,6.329642782536035,68.03843743471903,74.36808021725507,0.0,0.0
2406908,Lucrécia - RN,3490,1691,157,0,1642,0,48.45272206303725,4.498567335243553,47.0487106017192,51.54727793696276,0.0,0.0
2407005,Luís Gomes - RN,9070,3402,1014,22,4611,21,37.50826901874311,11.179713340683572,50.83792723263506,62.01764057331863,0.24255788313120177,0.23153252480705622
2407104,Macaíba - RN,82249,25195,10004,182,45960,907,30.632591277705504,12.163065812350302,55.879098834028376,68.04216464637868,0.22127928607034736,1.1027489695923354
2407203,Macau - RN,27369,8624,3151,28,15533,32,31.510102670905038,11.513025685995103,56.75399174248237,68.26701742847747,0.10230552815228909,0.1169206036026161
2407252,Major Sales - RN,3924,1492,221,4,2204,3,38.02242609582059,5.632008154943935,56.16717635066259,61.79918450560652,0.1019367991845056,0.0764525993883792
2407302,Marcelino Vieira - RN,7896,4016,667,1,3212,0,50.86119554204661,8.447315096251266,40.678824721377914,49.12613981762918,0.012664640324214792,0.0
2407401,Martins - RN,8179,3634,754,4,3783,0,44.43085951827852,9.21873089619758,46.25259811712923,55.47132901332681,0.048905734197334634,0.0
2407500,Maxaranguape - RN,10255,2487,1505,24,6232,6,24.25158459288152,14.675767918088738,60.77035592393954,75.44612384202827,0.2340321794246709,0.05850804485616772
2407609,Messias Targino - RN,4274,1371,576,2,2323,2,32.07767898923725,13.476836686944315,54.351895180159104,67.82873186710341,0.04679457182966776,0.04679457182966776
2407708,Montanhas - RN,11444,3948,667,11,6808,10,34.49842712338343,5.8283816847256205,59.489688919958056,65.31807060468367,0.09612023767913316,0.08738203425375743
2407807,Monte Alegre - RN,23031,7701,1810,39,13448,33,33.43754070600495,7.858972688984412,58.39086448699579,66.2498371759802,0.16933698059137683,0.1432851374234727
2407906,Monte das Gameleiras - RN,2276,904,65,0,1307,0,39.71880492091388,2.8558875219683655,57.42530755711775,60.28119507908611,0.0,0.0
2408003,Mossoró - RN,264577,111024,24536,553,128231,226,41.962831236275264,9.273670802828667,48.46641998359646,57.74009078642513,0.20901287715863434,0.08541936751871856
2408102,Natal - RN,751300,324743,73655,1284,350323,1264,43.22414481565287,9.803673632370558,46.62890988952482,56.43258352189538,0.17090376680420605,0.16824171436177293
2408201,Nísia Floresta - RN,31942,9593,3835,49,18405,60,30.032559013211447,12.006136121720619,57.6200613612172,69.62619748293783,0.15340304301546553,0.18784046083526393
2408300,Nova Cruz - RN,34269,12745,1790,74,19628,31,37.1910473022265,5.223379730952172,57.27625550789343,62.499635238845606,0.21593860340249205,0.09046076629023315
2408409,Olho d'Água do Borges - RN,3905,1898,228,0,1779,0,48.60435339308579,5.838668373879641,45.55697823303457,51.39564660691421,0.0,0.0
2408508,Ouro Branco - RN,4913,3231,196,0,1482,4,65.76429879910442,3.9894158355383675,30.16486871565235,34.15428455119072,0.0,0.08141664970486465
2408607,Paraná - RN,3934,1895,161,0,1877,1,48.16980172852059,4.092526690391459,47.712252160650735,51.804778851042194,0.0,0.02541942043721403
2408706,Paraú - RN,3579,1131,252,4,2192,0,31.601005867560772,7.041072925398156,61.246158144733165,68.28723107013133,0.11176306230790724,0.0
2408805,Parazinho - RN,4801,1506,581,22,2690,2,31.368464903145178,12.101645490522808,56.02999375130181,68.13163924182462,0.45823786711101855,0.0416579879191835
2408904,Parelhas - RN,21499,12587,1503,39,7361,9,58.54690915856551,6.991022838271547,34.238801804735104,41.22982464300665,0.181403786222615,0.04186241220521885
2408953,Rio do Fogo - RN,10351,2801,960,47,6525,18,27.06018742150517,9.274466235146363,63.037387692010434,72.31185392715679,0.4540624094290407,0.1738962419089943
2409100,Passa e Fica - RN,10896,4191,670,14,6013,6,38.463656387665196,6.1490455212922175,55.18538913362702,61.334434654919235,0.12848751835535976,0.05506607929515418
2409209,Passagem - RN,3115,1157,215,2,1738,3,37.142857142857146,6.902086677367576,55.79454253611557,62.69662921348315,0.06420545746388442,0.09630818619582665
2409308,Patu - RN,11007,4303,773,47,5882,2,39.09330426092487,7.022803670391569,53.438720814027434,60.461524484419,0.42700099936404107,0.018170255292086854
2409332,Santa Maria - RN,4847,1448,461,15,2911,12,29.874148958118425,9.511037755312564,60.05776769135548,69.56880544666805,0.30946977511863005,0.24757582009490406
2409407,Pau dos Ferros - RN,30479,15837,2823,8,11802,8,51.9603661537452,9.262114898782768,38.721742839332,47.98385773811477,0.026247580301190985,0.026247580301190985
2409506,Pedra Grande - RN,3618,1049,461,23,2083,2,28.993919292426757,12.741846323935876,57.57324488667772,70.3150912106136,0.6357103372028745,0.055279159756771695
2409605,Pedra Preta - RN,2441,745,346,0,1350,0,30.520278574354773,14.17451863990168,55.305202785743546,69.47972142564522,0.0,0.0
2409704,Pedro Avelino - RN,6242,1937,750,52,3503,0,31.031720602371035,12.015379685998077,56.119833386735024,68.13521307273311,0.8330663248958667,0.0
2409803,Pedro Velho - RN,13824,4955,946,12,7897,14,35.843460648148145,6.843171296296297,57.125289351851855,63.96846064814815,0.08680555555555555,0.10127314814814815
2409902,Pendências - RN,12278,3444,1444,6,7384,0,28.050171037628278,11.760873106369116,60.14008796220883,71.90096106857794,0.04886789379377749,0.0
2410009,Pilões - RN,2965,930,173,1,1861,0,31.365935919055648,5.834738617200674,62.76559865092749,68.60033726812816,0.03372681281618887,0.0
2410108,Poço Branco - RN,12390,3187,1344,2,7855,2,25.72235673930589,10.847457627118644,63.39790153349475,74.24535916061339,0.016142050040355124,0.016142050040355124
2410207,Portalegre - RN,7601,3061,1482,1,3046,11,40.271016971451125,19.497434548085778,40.073674516510984,59.57110906459676,0.013156163662675963,0.1447178002894356
2410256,Porto do Mangue - RN,5228,1464,620,1,3138,4,28.003060443764348,11.859219586840092,60.022953328232596,71.88217291507269,0.019127773527161437,0.07651109410864575
2410306,Serra Caiada - RN,10125,3034,720,7,6359,5,29.965432098765433,7.111111111111111,62.80493827160494,69.91604938271605,0.0691358024691358,0.04938271604938271
2410405,Pureza - RN,9362,2783,878,9,5670,22,29.726554155095066,9.378337961973937,60.563982055116426,69.94232001709037,0.09613330484939116,0.2349925229651784
2410504,Rafael Fernandes - RN,5432,2943,264,4,2215,6,54.17893961708395,4.860088365243004,40.77687776141384,45.636966126656844,0.07363770250368189,0.11045655375552282
2410603,Rafael Godeiro - RN,2934,1728,136,0,1070,0,58.895705521472394,4.635310156782549,36.468984321745054,41.104294478527606,0.0,0.0
2410702,Riacho da Cruz - RN,2701,960,429,0,1312,0,35.54239170677527,15.883006293965199,48.574601999259535,64.45760829322474,0.0,0.0
2410801,Riacho de Santana - RN,4127,2273,153,1,1700,0,55.07632662951296,3.7072934334867944,41.19214926096438,44.899442694451174,0.0242306760358614,0.0
2410900,Riachuelo - RN,7389,2108,679,7,4589,6,28.528894302341318,9.189335498714305,62.105832994992554,71.29516849370685,0.09473541751251861,0.08120178643930166
2411007,Rodolfo Fernandes - RN,4242,1570,322,2,2344,4,37.01084394153701,7.590759075907591,55.25695426685526,62.84771334276285,0.04714757190004715,0.0942951438000943
2411056,Tibau - RN,5382,1522,427,2,3427,2,28.27945001858045,7.9338535860274995,63.675213675213676,71.60906726124118,0.03716090672612412,0.03716090672612412
2411106,Ruy Barbosa - RN,3206,765,203,0,2238,0,23.86150966936993,6.331877729257642,69.80661260137242,76.13849033063006,0.0,0.0
2411205,Santa Cruz - RN,37313,15160,3440,188,18494,31,40.62927129954708,9.21930694396055,49.5644949481414,58.78380189210195,0.5038458446117975,0.08308096373917938
2411403,Santana do Matos - RN,12456,4654,1040,8,6743,10,37.36351958895312,8.349389852280027,54.13455362877328,62.48394348105331,0.06422607578676943,0.08028259473346179
2411429,Santana do Seridó - RN,2696,1680,131,0,885,0,62.31454005934718,4.859050445103858,32.82640949554896,37.68545994065282,0.0,0.0
2411502,Santo Antônio - RN,22177,8167,1397,31,12555,27,36.82644180908148,6.299319114397799,56.61270685845696,62.91202597285476,0.13978446137890607,0.12174775668485367
2411601,São Bento do Norte - RN,3304,946,214,13,2129,2,28.631961259079905,6.476997578692494,64.43704600484261,70.9140435835351,0.3934624697336562,0.06053268765133172
2411700,São Bento do Trairí - RN,3792,1477,265,16,2034,0,38.95042194092827,6.988396624472574,53.639240506329116,60.62763713080169,0.4219409282700422,0.0
2411809,São Fernando - RN,3492,2257,304,2,928,1,64.63344788087056,8.705612829324169,26.57502863688431,35.28064146620848,0.0572737686139748,0.0286368843069874
2411908,São Francisco do Oeste - RN,4161,2054,246,6,1855,0,49.36313386205239,5.9120403749098775,44.58062965633261,50.49267003124249,0.14419610670511895,0.0
2412005,São Gonçalo do Amarante - RN,115838,39449,14410,183,61390,405,34.055318634644934,12.439786598525528,52.99642604326732,65.43621264179285,0.15797924687926243,0.3496262021098431
2412104,São João do Sabugi - RN,5956,3305,404,5,2241,1,55.49026192075218,6.783075889858965,37.625923438549364,44.40899932840833,0.08394895903290799,0.0167897918065816
2412203,São José de Mipibu - RN,47286,15992,4790,101,26342,61,33.819735228185934,10.129848158017172,55.70782049655289,65.83766865457007,0.21359387556570655,0.12900224167829802
2412302,São José do Campestre - RN,11121,3636,967,19,6498,1,32.69490153763151,8.69526121751641,58.429997302400864,67.12525851991728,0.1708479453286575,0.008991997122560921
2412401,São José do Seridó - RN,4558,2422,351,0,1785,0,53.13734093900834,7.700745941202282,39.16191311978938,46.86265906099166,0.0,0.0
2412500,São Miguel - RN,23537,13585,1272,50,8623,7,57.717636062369884,5.404257127076518,36.6359349109912,42.04019203806772,0.21243149084420274,0.029740408718188383
2412559,São Miguel do Gostoso - RN,10221,3361,1139,14,5691,16,32.88327952255161,11.143723706095294,55.67948341649545,66.82320712259074,0.13697289893356815,0.1565404559240779
2412609,São Paulo do Potengi - RN,16786,5681,1217,5,9872,11,33.843679256523295,7.250089360181104,58.81091385678542,66.06100321696653,0.029786727034433455,0.0655307994757536
2412708,São Pedro - RN,5776,1678,547,2,3549,0,29.05124653739612,9.470221606648199,61.44390581717452,70.91412742382272,0.03462603878116344,0.0
2412807,São Rafael - RN,7711,3702,429,9,3571,0,48.00933731033589,5.563480741797433,46.310465568668135,51.87394631046557,0.11671637919854753,0.0
2412906,São Tomé - RN,9972,3037,848,6,6081,0,30.45527476935419,8.503810669875651,60.98074608904934,69.484556758925,0.06016847172081829,0.0
2413003,São Vicente - RN,6310,3323,345,22,2617,2,52.66244057052298,5.467511885895404,41.473851030110936,46.94136291600634,0.3486529318541997,0.03169572107765452
2413102,Senador Elói de Souza - RN,5965,1810,495,4,3656,0,30.343671416596816,8.298407376362112,61.29086336965633,69.58927074601844,0.06705783738474434,0.0
2413201,Senador Georgino Avelino - RN,4065,1110,314,1,2634,6,27.30627306273063,7.724477244772448,64.79704797047971,72.52152521525215,0.024600246002460024,0.14760147601476015
2413300,Serra de São Bento - RN,5703,1927,356,11,3407,2,33.789233736629846,6.242328598982992,59.74048746273891,65.9828160617219,0.19288093985621602,0.03506926179203928
2413359,Serra do Mel - RN,13091,4444,1042,33,7561,11,33.94698647926056,7.959666946757314,57.75723779695974,65.71690474371705,0.2520815827667863,0.08402719425559545
2413409,Serra Negra do Norte - RN,7597,3349,588,21,3631,8,44.08319073318415,7.7398973278925896,47.795182308806105,55.5350796366987,0.27642490456759244,0.10530472554955904
2413508,Serrinha - RN,6436,2124,477,6,3829,0,33.001864512119326,7.411435674331883,59.49347420758235,66.90490988191424,0.09322560596643878,0.0
2413557,Serrinha dos Pintos - RN,4659,2614,387,1,1656,0,56.106460613865636,8.306503541532518,35.54410817772054,43.85061171925305,0.021463833440652502,0.0
2413607,Severiano Melo - RN,5487,2090,382,0,3015,0,38.09003098232185,6.961909969017678,54.94805904866047,61.909969017678144,0.0,0.0
2413706,Sítio Novo - RN,4654,1981,211,2,2459,1,42.56553502363558,4.533734422002579,52.83626987537602,57.3700042973786,0.042973785990545764,0.021486892995272882
2413805,Taboleiro Grande - RN,2338,895,256,0,1187,0,38.280581693755344,10.949529512403764,50.76988879384089,61.719418306244656,0.0,0.0
2413904,Taipu - RN,11422,2727,1465,0,7228,2,23.874978112414638,12.826125021887586,63.28138679740851,76.10751181929609,0.0,0.01751006828926633
2414001,Tangará - RN,13281,4575,874,13,7817,2,34.447707250960015,6.580829756795422,58.8585196897824,65.43934944657782,0.09788419546720879,0.015059106994955199
2414100,Tenente Ananias - RN,10262,4673,628,23,4938,0,45.53693237185734,6.119664782693432,48.119274995127654,54.23893977782109,0.22412785032157473,0.0
2414159,Tenente Laurentino Cruz - RN,5891,2624,295,3,2965,4,44.54252249193685,5.00763877100662,50.33101341028688,55.3386521812935,0.05092514004413512,0.0679001867255135
2414209,Tibau do Sul - RN,16929,5617,1772,25,9448,67,33.179750723610375,10.467245554964853,55.80955756394353,66.27680311890838,0.1476755862720775,0.3957705712091677
2414308,Timbaúba dos Batistas - RN,2348,1103,149,0,1096,0,46.97614991482112,6.345826235093697,46.67802385008518,53.02385008517888,0.0,0.0
2414407,Touros - RN,33035,9453,2881,59,20592,49,28.6151051914636,8.72105342818223,62.333888300287576,71.0549417284698,0.17859845618283637,0.14832753140608446
2414456,Triunfo Potiguar - RN,3376,1313,240,13,1803,7,38.89218009478673,7.109004739336493,53.406398104265406,60.5154028436019,0.38507109004739337,0.20734597156398105
2414506,Umarizal - RN,10078,4596,433,1,5045,1,45.6042865647946,4.296487398293312,50.05953562214725,54.35602302044056,0.009922603691208573,0.009922603691208573
2414605,Upanema - RN,13577,5225,737,4,7611,0,38.48420122265596,5.428297856669367,56.05803933122192,61.48633718789129,0.029461589452750975,0.0
2414704,Várzea - RN,5233,2129,333,6,2761,4,40.6841200076438,6.363462640932544,52.76132237722148,59.12478501815403,0.11465698452130708,0.0764379896808714
2414753,Venha-Ver - RN,3014,1678,183,1,1152,0,55.67352355673523,6.071665560716656,38.22163238221632,44.29329794293297,0.033178500331785,0.0
2414803,Vera Cruz - RN,10735,4198,772,11,5748,6,39.10572892408011,7.1914299021891015,53.54448067070331,60.73591057289241,0.10246856078248719,0.05589194224499301
2414902,Viçosa - RN,1822,484,262,0,1076,0,26.564215148188804,14.37980241492865,59.055982436882545,73.43578485181119,0.0,0.0
2415008,Vila Flor - RN,3174,925,206,8,2032,3,29.143037177063643,6.490233144297417,64.02016383112792,70.51039697542534,0.2520478890989288,0.0945179584120983
2500106,Água Branca - PB,9335,3574,396,3,5357,5,38.2860203535083,4.2420996250669525,57.38618103910016,61.62828066416711,0.032137118371719335,0.05356186395286556
2500205,Aguiar - PB,5003,1719,191,2,3091,0,34.359384369378375,3.817709374375375,61.782930241854885,65.60063961623025,0.03997601439136518,0.0
2500304,Alagoa Grande - PB,26062,7082,3684,96,15190,8,27.17366280408257,14.135522983654363,58.284091781137285,72.41961476479165,0.3683523904535339,0.03069603253779449
2500403,Alagoa Nova - PB,21013,5693,1778,9,13523,10,27.092752105839242,8.461428639413697,64.35539903869034,72.81682767810403,0.042830628658449534,0.047589587398277254
2500502,Alagoinha - PB,13725,3170,1764,22,8761,7,23.096539162112933,12.852459016393443,63.83242258652095,76.68488160291439,0.16029143897996356,0.051001821493624776
2500536,Alcantil - PB,5578,1978,274,4,3322,0,35.460738615991396,4.912154894227322,59.555396199354604,64.46755109358193,0.07171029042667623,0.0
2500577,Algodão de Jandaíra - PB,2953,777,151,0,2018,7,26.312224856078565,5.1134439552996955,68.33728411784625,73.45072807314595,0.0,0.23704707077548257
2500601,Alhandra - PB,21730,5079,2129,35,14467,20,23.373216751035436,9.797514956281638,66.57616198803497,76.3736769443166,0.16106764841233318,0.09203865623561897
2500700,São João do Rio do Peixe - PB,17964,7513,963,4,9479,3,41.822533956802495,5.3607214428857715,52.76664439991093,58.1273658427967,0.0222667557336896,0.016700066800267203
2500734,Amparo - PB,2234,734,107,3,1385,5,32.85586392121755,4.789615040286481,61.99641897940913,66.7860340196956,0.13428827215756492,0.22381378692927484
2500775,Aparecida - PB,7960,2637,1006,21,4287,9,33.12814070351759,12.638190954773869,53.85678391959799,66.49497487437185,0.2638190954773869,0.11306532663316583
2500809,Araçagi - PB,16646,5571,1094,28,9938,15,33.46749969962754,6.572149465337018,59.702030517842125,66.27417998317914,0.16820857863751051,0.0901117385558092
2500908,Arara - PB,12212,3925,946,0,7341,0,32.140517523747135,7.746478873239437,60.11300360301343,67.85948247625286,0.0,0.0
2501005,Araruna - PB,17189,6403,798,4,9980,4,37.25056722322415,4.642503926930013,58.060387457094656,62.70289138402467,0.02327069637558904,0.02327069637558904
2501104,Areia - PB,22633,5897,2715,55,13945,21,26.05487562408872,11.995758405867539,61.61357310122388,73.60933150709141,0.2430079971722706,0.09278487164759422
2501153,Areia de Baraúnas - PB,2005,666,111,3,1225,0,33.21695760598504,5.5361596009975065,61.09725685785536,66.63341645885286,0.14962593516209477,0.0
2501203,Areial - PB,7128,2396,401,7,4319,5,33.61391694725028,5.625701459034793,60.59203142536476,66.21773288439955,0.09820426487093153,0.07014590347923681
2501302,Aroeiras - PB,18705,6590,618,1,11490,6,35.231221598503076,3.3039294306335205,61.42742582197273,64.73135525260625,0.005346164127238706,0.03207698476343224
2501351,Assunção - PB,4152,1177,418,2,2547,8,28.347784200385355,10.067437379576107,61.34393063583815,71.41136801541425,0.04816955684007707,0.1926782273603083
2501401,Baía da Traição - PB,9224,908,219,7,1027,7063,9.8438855160451,2.3742411101474414,11.133998265394622,13.508239375542063,0.07588898525585429,76.57198612315698
2501500,Bananeiras - PB,23134,7926,1438,44,13718,8,34.26126048240685,6.215959194259532,59.29800293939656,65.5139621336561,0.19019624794674506,0.03458113599031728
2501534,Baraúna - PB,4762,1259,195,9,3297,2,26.438471230575388,4.094918101637967,69.23561528769424,73.33053338933222,0.1889962200755985,0.041999160016799666
2501575,Barra de Santana - PB,8059,3845,319,15,3879,1,47.710634073706416,3.9583074823179056,48.132522645489516,52.09083012780742,0.18612731108077926,0.012408487405385284
2501609,Barra de Santa Rosa - PB,12904,4064,660,18,8159,2,31.494110353378797,5.114693118412895,63.22845629262244,68.34314941103534,0.13949163050216987,0.015499070055796652
2501708,Barra de São Miguel - PB,5906,2378,342,2,3167,17,40.2641381645784,5.790721300372502,53.62343379613952,59.414155096512026,0.033863867253640365,0.28784287165594313
2501807,Bayeux - PB,82742,25987,9492,136,46876,251,31.407265959246814,11.471803920620724,56.65321118657997,68.1250151072007,0.16436634357400112,0.30335258997848735
2501906,Belém - PB,16401,5502,985,27,9883,4,33.54673495518566,6.005731357844034,60.2585208219011,66.26425217974514,0.16462410828608012,0.02438875678312298
2502003,Belém do Brejo do Cruz - PB,6268,1911,354,1,4002,0,30.488194001276323,5.64773452456924,63.848117421825144,69.49585194639438,0.01595405232929164,0.0
2502052,Bernardino Batista - PB,3504,1172,282,0,2050,0,33.44748858447488,8.047945205479452,58.50456621004566,66.55251141552512,0.0,0.0
2502102,Boa Ventura - PB,5207,1642,448,11,3097,9,31.53447282504321,8.603802573458806,59.477626272325715,68.08142884578452,0.21125408104474747,0.17284424812752064
2502151,Boa Vista - PB,6377,2564,530,11,3258,14,40.206993884271604,8.311118080602164,51.08985416339972,59.400972244001885,0.17249490355966757,0.21953896816684962
2502201,Bom Jesus - PB,2286,776,132,2,1375,1,33.94575678040245,5.774278215223097,60.14873140857393,65.92300962379703,0.08748906386701662,0.04374453193350831
2502300,Bom Sucesso - PB,4661,1900,159,0,2602,0,40.76378459558035,3.4112851319459345,55.824930272473715,59.23621540441965,0.0,0.0
2502409,Bonito de Santa Fé - PB,10252,3001,767,1,6475,8,29.27233710495513,7.481467030823254,63.158408115489664,70.63987514631292,0.009754194303550527,0.07803355442840422
2502508,Boqueirão - PB,17598,7394,886,10,9291,17,42.016138197522444,5.03466302988976,52.795772246846234,57.830435276736,0.05682463916354131,0.09660188657802023
2502607,Igaracy - PB,5648,2247,238,7,3156,0,39.78399433427762,4.213881019830028,55.87818696883853,60.09206798866855,0.12393767705382436,0.0
2502706,Borborema - PB,4214,1034,326,8,2840,6,24.537256763170383,7.736117702895111,67.39439962031324,75.13051732320835,0.18984337921214997,0.14238253440911247
2502805,Brejo do Cruz - PB,13613,5434,762,4,7410,3,39.91772570337178,5.597590538455888,54.4332623227797,60.03085286123559,0.029383677367222506,0.02203775802541688
2502904,Brejo dos Santos - PB,5742,2680,277,0,2782,3,46.67363288052943,4.824103099965169,48.45001741553466,53.27412051549983,0.0,0.0522466039707419
2503001,Caaporã - PB,21193,5034,2424,67,13637,31,23.753126032180436,11.437738876043976,64.34671825602793,75.7844571320719,0.3161421223989053,0.14627471334874723
2503100,Cabaceiras - PB,5335,2341,282,26,2683,3,43.88003748828491,5.28584817244611,50.29053420805998,55.57638238050609,0.4873477038425492,0.056232427366447985
2503209,Cabedelo - PB,66519,22392,6751,92,37043,241,33.662562576106076,10.148979990679354,55.68784858461492,65.83682857529428,0.13830634856206497,0.36230250003758324
2503308,Cachoeira dos Índios - PB,9151,2618,431,3,6094,4,28.608895202710087,4.709867774013769,66.59381488361927,71.30368265763305,0.03278330237132554,0.04371106982843405
2503407,Cacimba de Areia - PB,3291,964,269,0,2056,2,29.292008508052263,8.173807353388028,62.473412336675786,70.64721969006382,0.0,0.060771801883925856
2503506,Cacimba de Dentro - PB,16064,5023,669,13,10349,9,31.26867529880478,4.164591633466135,64.42355577689243,68.58814741035856,0.08092629482071713,0.05602589641434263
2503555,Cacimbas - PB,7223,1582,435,5,5196,5,21.90225668004984,6.022428353869583,71.93686833725599,77.95929669112557,0.06922331441229405,0.06922331441229405
2503605,Caiçara - PB,6602,1881,413,0,4306,2,28.49136625265071,6.2556800969403215,65.22265980006058,71.47833989700091,0.0,0.030293850348379277
2503704,Cajazeiras - PB,63239,25349,4612,46,33199,32,40.08444156295957,7.292967946994734,52.49766757855121,59.790635525545945,0.07273992314868989,0.050601685668653834
2503753,Cajazeirinhas - PB,2740,931,302,4,1503,0,33.97810218978102,11.021897810218977,54.85401459854015,65.87591240875912,0.145985401459854,0.0
2503803,Caldas Brandão - PB,5753,2074,644,0,3035,0,36.05075612723796,11.194159568920563,52.75508430384147,63.94924387276203,0.0,0.0
2503902,Camalaú - PB,6085,2084,395,0,3590,16,34.2481511914544,6.491372226787181,58.99753492193919,65.48890714872637,0.0,0.2629416598192276
2504009,Campina Grande - PB,419379,165378,31993,763,220797,446,39.434020301445706,7.628660471792817,52.64855894071949,60.27721941251231,0.1819356715524621,0.10634771888911938
2504033,Capim - PB,6970,2370,403,13,4160,24,34.00286944045911,5.781922525107604,59.68436154949785,65.46628407460545,0.18651362984218078,0.34433285509325684
2504074,Caraúbas - PB,3944,1320,186,0,2436,2,33.46855983772819,4.716024340770791,61.76470588235294,66.48073022312373,0.0,0.05070993914807302
2504108,Carrapateira - PB,2312,1411,133,2,764,2,61.029411764705884,5.752595155709343,33.04498269896194,38.79757785467128,0.08650519031141868,0.08650519031141868
2504157,Casserengue - PB,6889,2043,338,2,4506,0,29.655973290753376,4.90637247786326,65.40862244157353,70.31499491943678,0.029031789809841776,0.0
2504207,Catingueira - PB,4491,1604,351,8,2520,8,35.715876196838124,7.81563126252505,56.1122244488978,63.92785571142285,0.1781340458695168,0.1781340458695168
2504306,Catolé do Rocha - PB,30661,12009,2591,18,16023,20,39.16701999282476,8.450474544209255,52.25856951828055,60.70904406248981,0.05870650011415153,0.06522944457127948
2504355,Caturité - PB,5254,1996,130,1,3126,1,37.99010277883517,2.4743052912067,59.49752569470879,61.97183098591549,0.01903311762466692,0.01903311762466692
2504405,Conceição - PB,18260,4909,1208,11,12124,8,26.883899233296823,6.615553121577218,66.39649507119387,73.01204819277109,0.060240963855421686,0.04381161007667032
2504504,Condado - PB,6451,2736,437,13,3265,0,42.41202914276856,6.7741435436366455,50.61230816927608,57.38645171291273,0.20151914431871026,0.0
2504603,Conde - PB,27605,6821,4590,28,15674,492,24.70929179496468,16.627422568375295,56.77956891867415,73.40699148704945,0.10143090019923927,1.7822858177866328
2504702,Congo - PB,4933,2209,328,3,2393,0,44.78005270626394,6.649097912021083,48.51003446178796,55.159132373809044,0.06081491992702209,0.0
2504801,Coremas - PB,14683,6487,1607,6,6583,0,44.18034461622284,10.944629844037323,44.83416195600354,55.778791800040864,0.040863583736293674,0.0
2504850,Coxixola - PB,1824,853,126,7,836,2,46.76535087719298,6.907894736842105,45.833333333333336,52.74122807017544,0.38377192982456143,0.10964912280701754
2504900,Cruz do Espírito Santo - PB,17095,4714,1327,10,11042,2,27.575314419420884,7.762503656039778,64.59198596080725,72.35448961684703,0.058496636443404505,0.011699327288680901
2505006,Cubati - PB,7580,2905,542,14,4109,10,38.324538258575195,7.150395778364116,54.20844327176781,61.35883905013193,0.18469656992084432,0.13192612137203166
2505105,Cuité - PB,19719,7195,943,11,11568,2,36.48765150362595,4.782189766215326,58.6642324661494,63.446422232364725,0.055783761854049395,0.010142502155281709
2505204,Cuitegi - PB,6730,1749,766,3,4206,6,25.98811292719168,11.381872213967311,62.4962852897474,73.8781575037147,0.04457652303120357,0.08915304606240713
2505238,Cuité de Mamanguape - PB,6251,1838,289,4,4117,3,29.403295472724363,4.623260278355463,65.86146216605343,70.48472244440889,0.0639897616381379,0.047992321228603425
2505279,Curral de Cima - PB,5254,1454,543,0,3253,1,27.674153026265703,10.334982870194137,61.91473163304149,72.24971450323562,0.0,0.01903311762466692
2505303,Curral Velho - PB,2292,714,139,2,1436,0,31.151832460732983,6.06457242582897,62.652705061082024,68.717277486911,0.08726003490401396,0.0
2505352,Damião - PB,4982,1645,141,1,3195,0,33.0188679245283,2.830188679245283,64.13087113608992,66.9610598153352,0.02007226013649137,0.0
2505402,Desterro - PB,8067,2338,449,7,5270,3,28.98227345977439,5.565885707202182,65.32787901326391,70.8937647204661,0.08677327383165985,0.03718854592785422
2505501,Vista Serrana - PB,3641,1681,175,4,1781,0,46.168634990387254,4.8063718758582805,48.915133205163414,53.7215050810217,0.10985992859104642,0.0
2505600,Diamante - PB,6299,1366,858,0,4075,0,21.68598190188919,13.62120971582791,64.6928083822829,78.31401809811081,0.0,0.0
2505709,Dona Inês - PB,10380,3274,1046,7,6045,7,31.541425818882466,10.077071290944124,58.23699421965318,68.3140655105973,0.0674373795761079,0.0674373795761079
2505808,Duas Estradas - PB,3327,1190,209,8,1916,4,35.767959122332435,6.281935677787796,57.58941989780583,63.871355575593626,0.24045686804929367,0.12022843402464684
2505907,Emas - PB,3011,991,421,0,1599,0,32.912653603454004,13.982065758884092,53.105280637661906,67.087346396546,0.0,0.0
2506004,Esperança - PB,31231,11544,1948,40,17654,45,36.9632736703916,6.2373923345394,56.52716851845922,62.76456085299862,0.12807787134577822,0.14408760526400052
2506103,Fagundes - PB,11049,3667,507,3,6864,8,33.188523848312066,4.588650556611458,62.12326907412435,66.7119196307358,0.027151778441487917,0.07240474251063445
2506202,Frei Martinho - PB,2846,1007,167,2,1670,0,35.3829936753338,5.867884750527056,58.678847505270554,64.54673225579761,0.07027406886858749,0.0
2506251,Gado Bravo - PB,8179,3221,340,0,4613,5,39.381342462403715,4.156987406773444,56.40053796307617,60.557525369849614,0.0,0.0611321677466683
2506301,Guarabira - PB,57484,20613,4324,34,32440,73,35.85867371790411,7.522093104168117,56.43309442627514,63.955187530443254,0.05914689304850045,0.1269918586041333
2506400,Gurinhém - PB,13766,3982,1532,9,8241,2,28.926340258608164,11.128868226064217,59.86488449803865,70.99375272410286,0.06537846869097777,0.01452854859799506
2506509,Gurjão - PB,3242,1201,249,2,1790,0,37.04503392967304,7.680444170265268,55.21283158544109,62.893275755706355,0.061690314620604564,0.0
2506608,Ibiara - PB,5631,1566,375,17,3669,4,27.810335641981887,6.659563132658498,65.15716568993074,71.81672882258923,0.3019001953471852,0.07103534008169064
2506707,Imaculada - PB,10392,3144,736,6,6488,18,30.254041570438797,7.082371054657429,62.43264049268668,69.5150115473441,0.057736720554272515,0.17321016166281755
2506806,Ingá - PB,17692,5318,1405,29,10933,7,30.05878363101967,7.941442459868867,61.79629210942799,69.73773456929686,0.16391589418946417,0.03956590549400859
2506905,Itabaiana - PB,23182,7211,2000,5,13958,8,31.106030540936935,8.627383314640669,60.21050815287723,68.8378914675179,0.021568458286601675,0.03450953325856268
2507002,Itaporanga - PB,23940,8388,1853,61,13629,9,35.037593984962406,7.740183792815372,56.92982456140351,64.67000835421888,0.2548036758563074,0.03759398496240601
2507101,Itapororoca - PB,18382,6681,1148,6,10518,29,36.34533783048634,6.245239908606245,57.21901860515722,63.46425851376346,0.03264062670003264,0.15776302905015777
2507200,Itatuba - PB,10499,3044,1072,1,6378,4,28.993237451185827,10.210496237736928,60.748642727878845,70.95913896561578,0.00952471663967997,0.03809886655871988
2507309,Jacaraú - PB,14477,5622,769,11,8050,25,38.8340125716654,5.311874007045659,55.60544311666782,60.91731712371348,0.07598259307867652,0.17268771154244664
2507408,Jericó - PB,7516,2892,337,2,4284,1,38.47791378392762,4.483767961681745,56.998403406067055,61.4821713677488,0.026609898882384245,0.013304949441192123
2507507,João Pessoa - PB,833932,331409,76644,1154,422154,2557,39.74053040295851,9.19067741734338,50.62211307396766,59.81279049131104,0.13838058738602188,0.30661972438999824
2507606,Juarez Távora - PB,7796,2421,684,31,4650,10,31.054386865059005,8.773730118009235,59.64597229348384,68.41970241149308,0.39763981528989223,0.12827090815802974
2507705,Juazeirinho - PB,17007,4586,1265,11,11139,3,26.96536720174046,7.4381137178808725,65.49656023990121,72.93467395778208,0.06467924972070324,0.01763979537837361
2507804,Junco do Seridó - PB,6793,2229,642,19,3900,3,32.81319004857942,9.4509053437362,57.412041807743265,66.86294715147946,0.2796996908582364,0.04416310908287943
2507903,Juripiranga - PB,10012,3173,989,19,5828,3,31.691969636436276,9.878146224530564,58.21014782261287,68.08829404714344,0.18977227327207352,0.02996404314822213
2508000,Juru - PB,9234,4096,254,1,4881,2,44.35780810049816,2.750703920294564,52.85899935022742,55.60970327052198,0.010829542993285684,0.021659085986571368
2508109,Lagoa - PB,4415,1752,103,1,2557,2,39.68289920724802,2.332955832389581,57.916194790486976,60.249150622876556,0.022650056625141562,0.045300113250283124
2508208,Lagoa de Dentro - PB,7819,2587,556,3,4664,9,33.08607238777337,7.110883744724389,59.64957155646502,66.76045530118941,0.03836807775930426,0.11510423327791278
2508307,Lagoa Seca - PB,27730,10092,1864,26,15725,19,36.39379733141003,6.721961774251713,56.707536963577354,63.429498737829064,0.09376126938333934,0.06851785070320952
2508406,Lastro - PB,3162,1146,203,4,1809,0,36.24288425047438,6.419987349778621,57.210626185958255,63.63061353573688,0.1265022137887413,0.0
2508505,Livramento - PB,6877,2484,549,1,3839,2,36.12040133779264,7.983132179729533,55.823760360622366,63.806892540351896,0.014541224371092046,0.029082448742184092
2508554,Logradouro - PB,4797,1548,194,4,3051,0,32.270168855534706,4.044194288096727,63.60225140712946,67.64644569522619,0.08338544923910778,0.0
2508604,Lucena - PB,12560,3131,1591,23,7742,73,24.928343949044585,12.6671974522293,61.640127388535035,74.30732484076434,0.18312101910828024,0.5812101910828026
2508703,Mãe d'Água - PB,3583,1177,273,36,2095,2,32.849567401618756,7.619313424504605,58.47055540050237,66.08986882500697,1.0047446274072007,0.055819145967066705
2508802,Malta - PB,6046,2373,511,2,3159,1,39.24909030764142,8.451869004300363,52.24942110486272,60.70129010916308,0.033079722130334104,0.016539861065167052
2508901,Mamanguape - PB,44599,15092,3364,72,25640,429,33.83932375165362,7.542770017264961,57.49007825287563,65.03284827014059,0.16143859727796586,0.96190497544788
2509008,Manaíra - PB,10434,2653,618,5,7157,0,25.42649032010734,5.922944220816561,68.59306114625264,74.5160053670692,0.04792026068621813,0.0
2509057,Marcação - PB,8999,729,125,3,817,7325,8.100900100011112,1.389043227025225,9.07878653183687,10.467829758862095,0.0333370374486054,81.39793310367818
2509107,Mari - PB,21512,7948,1716,13,11826,9,36.94682037932317,7.97694310152473,54.9739680178505,62.950911119375235,0.06043138713276311,0.041837114168835995
2509156,Marizópolis - PB,6705,2446,802,0,3449,8,36.480238627889634,11.961222967934377,51.43922445935869,63.40044742729307,0.0,0.11931394481730052
2509206,Massaranduba - PB,14139,4369,833,3,8933,1,30.9003465591626,5.891505764198317,63.17985713275338,69.0713628969517,0.021217907914279653,0.007072635971426551
2509305,Mataraca - PB,8244,2441,613,17,4600,573,29.609412906356138,7.435710819990296,55.79815623483746,63.233867054827755,0.20621057738961668,6.950509461426492
2509339,Matinhas - PB,4571,1182,353,0,3035,1,25.858674250711005,7.722598993655655,66.39684970465981,74.11944869831547,0.0,0.021877050973528767
2509370,Mato Grosso - PB,2543,652,131,4,1756,0,25.639009044435706,5.151395988989383,69.05230043255997,74.20369642154935,0.15729453401494298,0.0
2509396,Maturéia - PB,6433,1860,525,10,4038,0,28.913415202860254,8.161044613710555,62.77009171459661,70.93113632830716,0.155448468832582,0.0
2509404,Mogeiro - PB,13899,4118,1222,5,8549,5,29.628030793582273,8.791999424419023,61.508022159867615,70.30002158428664,0.03597381106554429,0.03597381106554429
2509503,Montadas - PB,5812,2033,228,6,3545,0,34.979353062629045,3.9229181004817617,60.99449415003441,64.91741225051618,0.10323468685478321,0.0
2509602,Monte Horebe - PB,4338,1175,268,2,2892,1,27.086214845550945,6.177962194559705,66.66666666666667,72.84462886122638,0.046104195481788846,0.023052097740894423
2509701,Monteiro - PB,32277,9865,1414,54,20894,48,30.563559190755026,4.38082845369768,64.73340149332341,69.11422994702109,0.1673017938470118,0.14871270564178826
2509800,Mulungu - PB,8791,2750,593,1,5443,4,31.281992947332498,6.745535206461153,61.91559549539301,68.66113070185416,0.011375270162666363,0.04550108065066545
2509909,Natuba - PB,8945,3427,642,0,4876,0,38.311906092789265,7.177193963107881,54.51089994410285,61.688093907210735,0.0,0.0
2510006,Nazarezinho - PB,7203,3251,330,0,3621,1,45.13397195612939,4.581424406497293,50.2707205331112,54.85214493960849,0.0,0.013883104262113009
2510105,Nova Floresta - PB,9724,3262,759,21,5676,6,33.54586589880707,7.8054298642533935,58.3710407239819,66.17647058823529,0.21596051007815714,0.061703002879473466
2510204,Nova Olinda - PB,5787,1455,486,0,3846,0,25.14256091238984,8.398133748055988,66.45930533955418,74.85743908761016,0.0,0.0
2510303,Nova Palmeira - PB,4259,1846,278,1,2132,2,43.343507865696175,6.527353838929326,50.05869922517023,56.58605306409956,0.0234796900680911,0.0469593801361822
2510402,Olho d'Água - PB,6060,2185,365,0,3510,0,36.056105610561055,6.023102310231023,57.92079207920792,63.943894389438945,0.0,0.0
2510501,Olivedos - PB,3580,1597,226,22,1735,0,44.608938547486034,6.312849162011173,48.46368715083799,54.77653631284917,0.6145251396648045,0.0
2510600,Ouro Velho - PB,2918,1048,218,2,1650,0,35.915010281014396,7.470870459218643,56.54557916381083,64.01644962302947,0.06854009595613433,0.0
2510659,Parari - PB,1720,836,86,0,798,0,48.604651162790695,5.0,46.395348837209305,51.395348837209305,0.0,0.0
2510709,Passagem - PB,2463,957,97,0,1405,4,38.85505481120585,3.9382866423061307,57.04425497360942,60.98254161591555,0.0,0.16240357287860333
2510808,Patos - PB,103165,44404,8016,83,50585,77,43.041729268647316,7.770077061018756,49.03310231183056,56.803179372849314,0.08045364222362235,0.07463771627974604
2510907,Paulista - PB,11834,4168,596,4,7065,1,35.22055095487578,5.036335981071489,59.70086192327193,64.73719790434342,0.03380091262464086,0.008450228156160216
2511004,Pedra Branca - PB,3739,1183,209,0,2347,0,31.63947579566729,5.589729874297941,62.77079433003477,68.3605242043327,0.0,0.0
2511103,Pedra Lavrada - PB,6859,3135,392,13,3316,3,45.70637119113574,5.715118821985712,48.34523983087914,54.06035865286485,0.18953200174952617,0.04373815424989065
2511202,Pedras de Fogo - PB,29662,8277,2379,45,18947,14,27.904389454520935,8.020362753691591,63.876340098442455,71.89670285213404,0.15170925763603263,0.04719843570898793
2511301,Piancó - PB,16441,7202,1313,3,7919,4,43.805121342984,7.986132230399611,48.16616994100116,56.15230217140077,0.018247065263670093,0.024329420351560126
2511400,Picuí - PB,18333,6302,1248,17,10761,5,34.375170457644685,6.807396498118147,58.69743086237931,65.50482736049746,0.09272895870834015,0.02727322314951181
2511509,Pilar - PB,12311,3536,1251,0,7519,5,28.722280887011614,10.16164405815937,61.07546096986435,71.23710502802372,0.0,0.040614084964665745
2511608,Pilões - PB,6815,1607,693,6,4507,2,23.580337490829052,10.168745414526779,66.13352898019076,76.30227439471754,0.0880410858400587,0.029347028613352897
2511707,Pilõezinhos - PB,5329,1367,294,2,3666,0,25.652092325014074,5.51698254832051,68.79339463313943,74.31037718145994,0.03753049352598987,0.0
2511806,Pirpirituba - PB,9340,2808,637,4,5890,1,30.06423982869379,6.820128479657388,63.062098501070665,69.88222698072805,0.042826552462526764,0.010706638115631691
2511905,Pitimbu - PB,16751,3568,2500,28,10587,68,21.300220882335385,14.92448212047042,63.20219688376813,78.12667900423855,0.1671541997492687,0.4059459136767954
2512002,Pocinhos - PB,17469,6631,1022,27,9778,11,37.95866964336825,5.850363501059019,55.97343866277406,61.82380216383308,0.1545595054095827,0.06296868738908924
2512036,Poço Dantas - PB,3830,1460,80,1,2288,1,38.1201044386423,2.088772845953003,59.73890339425587,61.82767624020887,0.02610966057441253,0.02610966057441253
2512077,Poço de José de Moura - PB,4006,1108,204,0,2690,4,27.658512231652523,5.09236145781328,67.1492760858712,72.24163754368448,0.0,0.09985022466300549
2512101,Pombal - PB,32473,13873,2928,38,15537,92,42.721645674868356,9.01672158408524,47.8459027499769,56.86262433406214,0.11702029378252703,0.28331229021032855
2512200,Prata - PB,3915,1095,272,1,2545,2,27.96934865900383,6.947637292464878,65.00638569604087,71.95402298850574,0.02554278416347382,0.05108556832694764
2512309,Princesa Isabel - PB,21114,6730,1251,30,13068,35,31.874585583025482,5.924978687127025,61.892583120204606,67.81756180733163,0.14208581983518045,0.16576678980771054
2512408,Puxinanã - PB,14277,5320,646,3,8308,0,37.26273026546193,4.524760103663235,58.19149681305596,62.716256916719196,0.02101281781886951,0.0
2512507,Queimadas - PB,47658,16857,2193,21,28564,20,35.3707667128289,4.601535943598137,59.93537286499643,64.53690880859457,0.04406395568425028,0.04196567208023837
2512606,Quixaba - PB,1743,561,112,0,1070,0,32.18588640275387,6.42570281124498,61.388410786001145,67.81411359724612,0.0,0.0
2512705,Remígio - PB,17885,5373,1358,14,11121,19,30.041934582051997,7.592954990215264,62.18059826670394,69.7735532569192,0.07827788649706457,0.1062342745317305
2512721,Pedro Régis - PB,5766,2050,258,16,3436,6,35.55324314949705,4.474505723204995,59.59070412764481,64.06520985084981,0.2774887270204648,0.1040582726326743
2512747,Riachão - PB,2927,899,179,1,1848,0,30.714041680901946,6.115476597198497,63.13631704817219,69.25179364537068,0.0341646737273659,0.0
2512754,Riachão do Bacamarte - PB,4690,1122,544,0,3024,0,23.923240938166312,11.59914712153518,64.4776119402985,76.07675906183368,0.0,0.0
2512762,Riachão do Poço - PB,4738,1853,132,0,2753,0,39.10932883073026,2.7859856479527227,58.10468552131701,60.89067116926973,0.0,0.0
2512788,Riacho de Santo Antônio - PB,1955,556,24,0,1375,0,28.43989769820972,1.227621483375959,70.33248081841433,71.56010230179028,0.0,0.0
2512804,Riacho dos Cavalos - PB,8493,3520,370,20,4582,1,41.445896620746495,4.356528906158013,53.9503120216649,58.30684092782291,0.23548804898151418,0.011774402449075709
2512903,Rio Tinto - PB,24581,6439,1087,14,12793,4248,26.195028680688335,4.422114641389691,52.044261828241325,56.466376469631015,0.056954558398763275,17.281640291281885
2513000,Salgadinho - PB,3355,960,200,0,2193,2,28.614008941877795,5.961251862891207,65.36512667660209,71.32637853949329,0.0,0.05961251862891207
2513109,Salgado de São Félix - PB,11505,4171,1637,16,5677,4,36.25380269448066,14.228596262494568,49.34376358105172,63.57235984354629,0.13906996957844414,0.034767492394611035
2513158,Santa Cecília - PB,7670,3082,163,4,4418,3,40.182529335071706,2.1251629726205996,57.60104302477184,59.72620599739244,0.05215123859191656,0.03911342894393742
2513208,Santa Cruz - PB,5947,2665,387,9,2885,1,44.81251050950059,6.507482764419035,48.51185471666386,55.0193374810829,0.15133680847486128,0.016815200941651252
2513307,Santa Helena - PB,5865,1818,295,0,3752,0,30.997442455242968,5.029838022165388,63.972719522591646,69.00255754475704,0.0,0.0
2513356,Santa Inês - PB,3227,961,188,0,2078,0,29.779981406879454,5.8258444375581036,64.39417415556244,70.22001859312054,0.0,0.0
2513406,Santa Luzia - PB,14959,5620,1706,32,7592,9,37.5693562403904,11.404505648773315,50.75205561869109,62.156561267464404,0.21391804264990974,0.06016444949528712
2513505,Santana de Mangueira - PB,5010,1240,158,0,3612,0,24.75049900199601,3.153692614770459,72.09580838323353,75.249500998004,0.0,0.0
2513604,Santana dos Garrotes - PB,6569,2490,507,5,3565,2,37.9053128330035,7.718069721418785,54.27005632516365,61.98812604658244,0.0761150860100472,0.030446034404018878
2513653,Joca Claudino - PB,2539,678,197,0,1664,0,26.703426545884206,7.758960220559275,65.53761323355651,73.29657345411579,0.0,0.0
2513703,Santa Rita - PB,149910,43080,16680,225,89614,308,28.737242345407246,11.126676005603363,59.77853378693883,70.9052097925422,0.15009005403241946,0.20545660729771195
2513802,Santa Teresinha - PB,4402,1922,257,0,2219,2,43.66197183098591,5.838255338482508,50.4089050431622,56.247160381644704,0.0,0.04543389368468878
2513851,Santo André - PB,2622,1016,168,0,1438,0,38.74904652936689,6.407322654462242,54.843630816170865,61.25095347063311,0.0,0.0
2513901,São Bento - PB,32235,13988,1926,14,16299,8,43.393826586009,5.974872033503956,50.563052582596555,56.53792461610051,0.04343105320304017,0.02481774468745153
2513927,São Bentinho - PB,4327,1649,442,1,2229,6,38.10954471920499,10.214929512364225,51.51375086665126,61.728680379015486,0.023110700254217704,0.13866420152530623
2513943,São Domingos do Cariri - PB,2585,1165,69,1,1350,0,45.06769825918762,2.6692456479690523,52.22437137330754,54.89361702127659,0.03868471953578337,0.0
2513968,São Domingos - PB,2595,698,413,0,1483,1,26.897880539499038,15.915221579961464,57.14836223506744,73.0635838150289,0.0,0.038535645472061654
2513984,São Francisco - PB,3137,1323,148,3,1663,0,42.17405164169589,4.717883328020402,53.01243226012114,57.730315588141536,0.09563277016257571,0.0
2514008,São João do Cariri - PB,4226,1674,241,4,2290,17,39.6119261713204,5.702792238523426,54.188357785139615,59.891150023663045,0.09465215333648841,0.4022716516800757
2514107,São João do Tigre - PB,4263,1340,428,3,2486,6,31.433262960356558,10.039878020173587,58.315740089139105,68.35561810931269,0.07037297677691766,0.14074595355383532
2514206,São José da Lagoa Tapada - PB,7126,2757,593,18,3749,9,38.68930676396295,8.321639068200954,52.61015997754701,60.931799045747965,0.25259612685938815,0.12629806342969407
2514305,São José de Caiana - PB,5034,1478,264,2,3290,0,29.36034962256655,5.244338498212158,65.35558204211362,70.59992054032578,0.03972983710766786,0.0
2514404,São José de Espinharas - PB,4083,1460,324,4,2294,1,35.75802106294391,7.935341660543718,56.18417830026941,64.11951996081312,0.09796718099436688,0.02449179524859172
2514453,São José dos Ramos - PB,5891,1794,366,0,3719,12,30.4532337463928,6.2128670853844845,63.13019860804617,69.34306569343066,0.0,0.20370056017654048
2514503,São José de Piranhas - PB,19067,8330,1414,36,9285,2,43.68804741175853,7.415954266533802,48.69670110662401,56.112655373157814,0.18880788797398648,0.010489327109665915
2514552,São José de Princesa - PB,3416,1104,161,2,2147,2,32.31850117096019,4.713114754098361,62.85128805620609,67.56440281030444,0.0585480093676815,0.0585480093676815
2514602,São José do Bonfim - PB,3242,1052,159,1,2030,0,32.449105490438,4.904380012338063,62.61566933991363,67.52004935225169,0.030845157310302282,0.0
2514651,São José do Brejo do Cruz - PB,1699,547,194,0,957,0,32.195409064155385,11.418481459682166,56.32725132430841,67.74573278399058,0.0,0.0
2514701,São José do Sabugi - PB,4138,1767,245,30,2093,3,42.701788303528275,5.920734654422426,50.57999033349444,56.50072498791687,0.7249879168680522,0.07249879168680522
2514800,São José dos Cordeiros - PB,3411,1343,132,0,1936,0,39.372618000586336,3.8698328935795954,56.757549105834066,60.627381999413664,0.0,0.0
2514909,São Mamede - PB,7470,3308,433,25,3703,1,44.28380187416332,5.796519410977242,49.57161981258367,55.36813922356091,0.33467202141900937,0.013386880856760375
2515005,São Miguel de Taipu - PB,7066,2056,625,2,4381,2,29.09708463062553,8.845174073025758,62.001132182281346,70.8463062553071,0.028304557033682422,0.028304557033682422
2515104,São Sebastião de Lagoa de Roça - PB,11040,3622,748,5,6657,8,32.80797101449275,6.77536231884058,60.29891304347826,67.07427536231884,0.04528985507246377,0.07246376811594203
2515203,São Sebastião do Umbuzeiro - PB,3279,956,79,0,2224,20,29.155230253125954,2.4092711192436718,67.82555657212565,70.23482769136932,0.0,0.609942055504727
2515302,Sapé - PB,51306,16620,3720,75,30858,31,32.39387206174717,7.250613963279148,60.145012279265586,67.39562624254474,0.146181733130628,0.06042178302732624
2515401,São Vicente do Seridó - PB,10291,2489,708,49,7045,0,24.186182100864833,6.879797881644155,68.45787581381789,75.33767369546204,0.47614420367311244,0.0
2515500,Serra Branca - PB,13614,5608,879,42,7071,14,41.19288967239606,6.4565888056412515,51.93918025561921,58.39576906126047,0.3085059497576025,0.10283531658586749
2515609,Serra da Raiz - PB,3094,898,377,5,1806,8,29.023917259211377,12.184873949579831,58.3710407239819,70.55591467356173,0.16160310277957338,0.2585649644473174
2515708,Serra Grande - PB,2942,831,186,0,1922,0,28.246091094493543,6.322229775662814,65.32970768184909,71.6519374575119,0.0,0.0
2515807,Serra Redonda - PB,6828,2498,518,1,3809,2,36.58465143526655,7.586408904510837,55.78500292911541,63.37141183362625,0.014645577035735208,0.029291154071470416
2515906,Serraria - PB,4885,1273,344,4,3253,11,26.059365404298873,7.041965199590583,66.59160696008189,73.63357215967247,0.08188331627430911,0.22517911975435004
2515930,Sertãozinho - PB,5054,2010,310,7,2713,14,39.770478828650575,6.1337554412346655,53.6802532647408,59.81400870597547,0.13850415512465375,0.2770083102493075
2515971,Sobrado - PB,8236,2733,440,35,5024,4,33.183584264205926,5.342399222923749,61.00048567265663,66.34288489558038,0.4249635745507528,0.04856726566294318
2516003,Solânea - PB,26774,8928,1538,10,16289,9,33.34578322252932,5.744378875028012,60.838873534025545,66.58325240905356,0.03734966758795847,0.03361470082916262
2516102,Soledade - PB,13968,4928,759,26,8250,5,35.28064146620848,5.433848797250859,59.06357388316151,64.49742268041237,0.1861397479954181,0.03579610538373425
2516151,Sossêgo - PB,3345,1163,142,2,2036,2,34.76831091180867,4.245142002989537,60.86696562032885,65.11210762331838,0.059790732436472344,0.059790732436472344
2516201,Sousa - PB,67259,27364,5669,78,34130,15,40.684518057062995,8.428611784296525,50.74413833092969,59.17275011522621,0.11596961001501657,0.02230184807981088
2516300,Sumé - PB,17166,5917,1284,24,9926,14,34.46929977863218,7.4799021321216355,57.823604800186416,65.30350693230805,0.1398112548060119,0.08155656530350693
2516409,Tacima - PB,8010,2602,512,2,4890,4,32.484394506866415,6.392009987515605,61.048689138576776,67.44069912609238,0.024968789013732832,0.049937578027465665
2516508,Taperoá - PB,14068,4696,959,28,8374,11,33.38072220642593,6.816889394370202,59.52516349161217,66.34205288598237,0.199033266988911,0.07819164060278647
2516607,Tavares - PB,14101,4445,864,1,8790,1,31.52258705056379,6.127225019502163,62.3360045386852,68.46322955818736,0.007091695624423799,0.007091695624423799
2516706,Teixeira - PB,14631,4594,892,49,9090,6,31.399084136422665,6.096644111817374,62.12835759688333,68.2250017087007,0.33490533798099925,0.04100881689563256
2516755,Tenório - PB,2966,1153,190,0,1623,0,38.87390424814565,6.405933917734322,54.72016183412003,61.12609575185435,0.0,0.0
2516805,Triunfo - PB,9892,3506,431,8,5944,3,35.442782046097854,4.357056207035988,60.08896077638496,64.44601698342095,0.08087343307723413,0.0303275374039628
2516904,Uiraúna - PB,14930,5818,1005,13,8092,2,38.96851975887475,6.7314132618888145,54.19959812458138,60.93101138647019,0.087073007367716,0.013395847287340924
2517001,Umbuzeiro - PB,9124,3214,490,2,5418,0,35.22577816747041,5.370451556334941,59.38185006576063,64.75230162209557,0.021920210434020166,0.0
2517100,Várzea - PB,2668,1297,238,0,1132,1,48.613193403298354,8.920539730134932,42.4287856071964,51.34932533733134,0.0,0.037481259370314844
2517209,Vieirópolis - PB,4864,2294,250,0,2320,0,47.16282894736842,5.139802631578948,47.69736842105263,52.837171052631575,0.0,0.0
2517407,Zabelê - PB,2228,621,105,0,1500,2,27.872531418312388,4.712746858168761,67.32495511669659,72.03770197486534,0.0,0.08976660682226212
2600054,Abreu e Lima - PE,98462,29408,12522,130,54681,218,29.867359996750015,12.717596636265768,55.5351303040767,68.25272694034247,0.1320306311064167,0.221405212163068
2600104,Afogados da Ingazeira - PE,40241,17154,2263,80,20670,74,42.62816530404314,5.623617703337392,51.36552272557839,56.98914042891578,0.1988022166447156,0.18389205039636192
2600203,Afrânio - PE,18674,8350,2044,28,8243,7,44.71457641640784,10.945699903609297,44.141587233586804,55.0872871371961,0.14994109456999036,0.03748527364249759
2600302,Agrestina - PE,23779,10793,1831,35,11086,34,45.388788426763114,7.700071491652298,46.620968081079944,54.32103957273224,0.14718869590815425,0.1429833045964927
2600401,Água Preta - PE,26461,7410,2388,44,16617,2,28.003476814935187,9.02460224481312,62.79808019349231,71.82268243830543,0.1662824534220173,0.0075582933373644235
2600500,Águas Belas - PE,41548,10723,2594,34,23446,4745,25.808703186675654,6.243381149513815,56.43111581784923,62.67449696736305,0.08183306055646482,11.42052565707134
2600609,Alagoinha - PE,13542,5046,1060,18,7285,133,37.261852015950375,7.827499630778319,53.79559887756609,61.62309850834441,0.1329198050509526,0.9821296706542608
2600708,Aliança - PE,35741,9362,4415,24,21923,17,26.194006882851628,12.352760135418707,61.33851878794662,73.69127892336533,0.06714977197056601,0.04756442181248426
2600807,Altinho - PE,20674,7868,841,13,11938,14,38.0574634807004,4.067911386282287,57.74402631324369,61.81193769952597,0.06288091322433975,0.06771790654928896
2600906,Amaraji - PE,18205,6962,1507,14,9718,4,38.24224114254326,8.277945619335348,53.38093930238945,61.6588849217248,0.0769019500137325,0.021971985718209283
2601003,Angelim - PE,10241,3677,784,11,5755,14,35.904696806952444,7.655502392344498,56.195684015232885,63.85118640757738,0.10741138560687433,0.1367053998632946
2601052,Araçoiaba - PE,19243,4067,2295,7,12866,6,21.13495816660604,11.92641480018708,66.86067660967625,78.78709140986332,0.036376864314296105,0.031180169412253808
2601102,Araripina - PE,85088,21294,7327,187,56203,61,25.02585558480632,8.611084994358782,66.05279240315909,74.66387739751787,0.2197724708537044,0.07169048514479127
2601201,Arcoverde - PE,77742,25356,7218,206,44459,502,32.61557459288416,9.284556610326465,57.18787785238352,66.47243446270998,0.26497903321242056,0.6457256052069666
2601300,Barra de Guabiraba - PE,12263,4588,700,0,6975,0,37.41335725352687,5.70822800293566,56.87841474353747,62.58664274647313,0.0,0.0
2601409,Barreiros - PE,40121,11126,4090,46,24840,19,27.73111338201939,10.194162657959671,61.91271404002891,72.10687669798858,0.11465317414820168,0.047356745843822434
2601508,Belém de Maria - PE,10378,3750,621,4,6003,0,36.134129890152245,5.983811909809212,57.843515128155715,63.82732703796493,0.03854307188282906,0.0
2601607,Belém do São Francisco - PE,18301,2767,2490,2,12082,960,15.119392382929895,13.605813889951369,66.0182503688323,79.62406425878366,0.010928364570242063,5.24561499371619
2601706,Belo Jardim - PE,79507,27870,4250,53,47233,99,35.05351730036349,5.345441281899707,59.40734778069856,64.75278906259827,0.066660797162514,0.1245173380960167
2601805,Betânia - PE,11232,3048,1966,22,6167,29,27.136752136752136,17.503561253561255,54.90562678062678,72.40918803418803,0.19586894586894588,0.2581908831908832
2601904,Bezerros - PE,61694,30145,3319,122,28061,44,48.86212597659416,5.379777612085454,45.48416377605602,50.86394138814148,0.19775018640386424,0.0713197393587707
2602001,Bodocó - PE,34478,7380,2092,17,24975,14,21.40495388363594,6.067637333952085,72.43749637449969,78.50513370845178,0.04930680433899878,0.04060560357329311
2602100,Bom Conselho - PE,44294,12537,3358,84,28182,133,28.30405924052919,7.58116223416264,63.62487018557818,71.20603241974082,0.1896419379599946,0.3002664017699914
2602209,Bom Jardim - PE,37629,14178,2084,25,21332,10,37.67838635095272,5.538281644476335,56.69031863722129,62.228600281697624,0.06643811953546466,0.026575247814185868
2602308,Bonito - PE,37474,15170,2361,41,19880,22,40.481400437636765,6.300368255323691,53.05011474622405,59.35048300154774,0.10940919037199125,0.058707370443507496
2602407,Brejão - PE,9079,3000,828,7,5222,22,33.043286705584315,9.119947130741272,57.51734772552043,66.6372948562617,0.07710100231303008,0.24231743584095164
2602506,Brejinho - PE,7720,2683,363,5,4663,6,34.75388601036269,4.7020725388601035,60.40155440414508,65.10362694300518,0.06476683937823834,0.07772020725388601
2602605,Brejo da Madre de Deus - PE,48648,18063,2645,50,27873,17,37.12999506660089,5.437016938003618,57.29526393685249,62.73228087485611,0.10277914816642,0.0349449103765828
2602704,Buenos Aires - PE,12808,3811,1707,6,7276,8,29.754840724547158,13.327607745159275,56.808244846970645,70.13585259212992,0.046845721424109935,0.06246096189881324
2602803,Buíque - PE,52097,12051,3651,75,35298,1022,23.13185020250686,7.008081079524732,67.7543812503599,74.76246232988463,0.14396222431234043,1.9617252432961592
2602902,Cabo de Santo Agostinho - PE,203440,57148,27963,250,117889,184,28.09083759339363,13.745084545812032,57.94779787652379,71.69288242233583,0.12288635469917421,0.09044435705859222
2603009,Cabrobó - PE,30294,5795,3306,55,16820,4318,19.129200501749523,10.913052089522678,55.52254571862415,66.43559780814682,0.18155410312273057,14.25364758698092
2603108,Cachoeirinha - PE,19899,8628,937,1,10325,7,43.358962761947836,4.708779335645008,51.887029498969795,56.5958088346148,0.005025378159706518,0.035177647117945625
2603207,Caetés - PE,28827,10939,1463,24,16391,10,37.94706351684185,5.075103201859368,56.85988829916398,61.93499150102335,0.08325528150692059,0.03468970062788358
2603306,Calçado - PE,11093,3569,553,3,6961,7,32.17344271161994,4.9851257549806185,62.75128459388804,67.73641034886866,0.027044081853421078,0.06310285765798251
2603405,Calumbi - PE,5228,1414,306,1,3504,3,27.046671767406274,5.8530986993114,67.02371843917368,72.87681713848508,0.019127773527161437,0.057383320581484314
2603454,Camaragibe - PE,147771,47382,19089,230,80786,282,32.06447814523824,12.917960898958524,54.669725453573434,67.58768635253196,0.1556462364063314,0.190835820289502
2603504,Camocim de São Félix - PE,17419,8037,1409,22,7941,10,46.13927320741719,8.088868476950456,45.58815086973994,53.6770193466904,0.1262988690510362,0.0574085768413801
2603603,Camutanga - PE,7750,2692,472,9,4559,18,34.73548387096774,6.090322580645161,58.825806451612905,64.91612903225807,0.11612903225806452,0.23225806451612904
2603702,Canhotinho - PE,24329,8675,1504,8,14120,22,35.657034814419006,6.1819228081713185,58.03773274692754,64.21965555509885,0.03288256812857084,0.09042706235356981
2603801,Capoeiras - PE,18338,8375,969,15,8957,22,45.670193041771185,5.284109499400152,48.84393063583815,54.1280401352383,0.081797360671829,0.11996946231868252
2603900,Carnaíba - PE,18644,6806,1255,64,10501,16,36.50504183651577,6.731388114138597,56.32375026818279,63.05513838232139,0.3432739755417292,0.0858184938854323
2603926,Carnaubeira da Penha - PE,12239,499,388,3,1911,9438,4.077130484516709,3.170193643271509,15.61402075332952,18.78421439660103,0.024511806520140535,77.11414331236212
2604007,Carpina - PE,79293,25882,9244,67,43988,112,32.64096452398068,11.658027820866911,55.47526263352377,67.13329045439067,0.08449673993921279,0.14124828168943035
2604106,Caruaru - PE,378048,168191,24406,560,184277,598,44.4893241069917,6.4557939732520735,48.74433934315219,55.20013331640426,0.14812933807347214,0.15818097172845777
2604155,Casinhas - PE,12967,5792,405,8,6758,4,44.66723220482764,3.123313025372098,52.11691216164109,55.24022518701319,0.06169507210611552,0.03084753605305776
2604205,Catende - PE,32156,10475,2527,40,19090,24,32.57556910063441,7.8585644980719,59.366836671227766,67.22540116929966,0.12439358129120537,0.07463614877472323
2604304,Cedro - PE,10518,2533,896,23,7053,13,24.082525194903972,8.518729796539265,67.05647461494581,75.57520441148507,0.2186727514736642,0.12359764213728845
2604403,Chã de Alegria - PE,12984,2896,1214,11,8863,0,22.30437461491066,9.349969192852742,68.26093653727665,77.61090573012939,0.08471965495995071,0.0
2604502,Chã Grande - PE,20546,8589,1014,5,10920,18,41.803757422369316,4.9352672052954345,53.14903144164314,58.08429864693857,0.02433563710697946,0.08760829358512606
2604601,Condado - PE,24587,6375,2864,22,15323,3,25.928336112579817,11.64843209826331,62.321552039695774,73.96998413795909,0.08947817952576564,0.012201569935331679
2604700,Correntes - PE,17131,6203,826,25,10055,22,36.209211371198414,4.821668320588407,58.69476387834919,63.5164321989376,0.1459342712042496,0.12842215865973966
2604809,Cortês - PE,10198,3407,829,7,5949,6,33.40851147283781,8.129044910766817,58.33496764071386,66.46401255148068,0.06864090998234948,0.0588350656991567
2604908,Cumaru - PE,15920,6899,1099,1,7920,1,43.335427135678394,6.903266331658291,49.74874371859296,56.652010050251256,0.00628140703517588,0.00628140703517588
2605004,Cupira - PE,23518,10053,1134,31,12272,26,42.74598180117357,4.821838591716983,52.18130793434816,57.003146526065144,0.13181392975593162,0.11055361850497492
2605103,Custódia - PE,37699,13136,3458,75,20995,35,34.84442558158041,9.172657099657815,55.69113239077959,64.86378949043741,0.1989442690787554,0.0928406589034192
2605152,Dormentes - PE,17188,7730,818,19,8598,18,44.973237142192225,4.759134279730044,50.02327205026763,54.78240632999767,0.11054223877123574,0.1047242262043286
2605202,Escada - PE,59891,17694,5158,67,36910,58,29.543671002320885,8.612312367467567,61.62862533602711,70.24093770349468,0.11186989697951279,0.09684259738524988
2605301,Exu - PE,31843,7293,3840,53,20635,22,22.90299280846654,12.0591652796533,64.80231134001194,76.86147661966524,0.1664416041202148,0.0690889677480137
2605400,Feira Nova - PE,21427,7213,1527,30,12635,22,33.663135296588415,7.126522611658189,58.96765762822607,66.09418023988425,0.14001026741961078,0.10267419610771457
2605459,Fernando de Noronha - PE,3167,1080,447,5,1626,9,34.10167350805178,14.114303757499211,51.34196400378907,65.45626776128829,0.15787811809283234,0.2841806125670982
2605509,Ferreiros - PE,15026,5122,1069,57,8774,4,34.08758152535605,7.114335152402503,58.392120324770396,65.50645547717289,0.37934247304671903,0.02662052442433116
2605608,Flores - PE,20347,6591,951,41,12751,13,32.39298176635376,4.673907701381039,62.667715142281416,67.34162284366245,0.2015039072099081,0.0638914827738733
2605707,Floresta - PE,30137,5160,2691,48,18270,3967,17.12181039917709,8.929223213989449,60.62315426220261,69.55237747619206,0.15927265487606596,13.163221289444868
2605806,Frei Miguelinho - PE,13636,7410,304,8,5911,2,54.34144910530947,2.229392783807568,43.34848929304781,45.57788207685538,0.05866823115283074,0.014667057788207686
2605905,Gameleira - PE,18214,5209,1957,43,10997,8,28.598879982431097,10.744482266388493,60.37663335895465,71.12111562534314,0.23608213462171956,0.043922257604040844
2606002,Garanhuns - PE,142506,54794,11901,200,75171,433,38.45031086410397,8.351227316744557,52.74935792177172,61.100585238516274,0.14034496793117482,0.3038468555709935
2606101,Glória do Goitá - PE,29347,8509,2726,47,18038,24,28.994445769584626,9.288854056632704,61.46454492793131,70.75339898456401,0.16015265614883975,0.08178007973557774
2606200,Goiana - PE,81055,21029,10016,96,49829,83,25.944112022700637,12.357041515020665,61.475541299117886,73.83258281413855,0.1184380975880575,0.10239960520634138
2606309,Granito - PE,6967,1316,394,31,5224,2,18.889048370891345,5.65523180709057,74.9820582747237,80.63729008181427,0.4449547868523037,0.02870676044208411
2606408,Gravatá - PE,86516,40924,4626,74,40776,116,47.302233112950205,5.346987840399463,47.13116648943548,52.47815432983494,0.0855333117573628,0.13407924545748764
2606507,Iati - PE,17165,5545,1062,16,10518,24,32.30410719487329,6.1870084474220794,61.27585202446839,67.46286047189047,0.09321293329449461,0.13981939994174192
2606606,Ibimirim - PE,26593,7140,1441,41,16646,1325,26.84917083443011,5.41871921182266,62.595419847328245,68.0141390591509,0.15417591095401045,4.982514195464972
2606705,Ibirajuba - PE,7140,3154,324,12,3648,2,44.173669467787114,4.53781512605042,51.09243697478992,55.63025210084034,0.16806722689075632,0.028011204481792718
2606804,Igarassu - PE,115196,30851,14421,94,69627,197,26.78131185110594,12.518663842494531,60.44220285426577,72.9608666967603,0.08160005555748463,0.17101288239174972
2606903,Iguaracy - PE,11081,3954,733,20,6365,9,35.68270011731793,6.614926450681346,57.44066419998195,64.0555906506633,0.1804891255301868,0.08122010648858406
2607000,Inajá - PE,25603,5216,1319,18,16191,2859,20.372612584462757,5.15174003046518,63.238682966839825,68.39042299730501,0.07030426121938835,11.16666015701285
2607109,Ingazeira - PE,4765,1941,293,7,2520,3,40.73452256033578,6.14900314795383,52.885624344176286,59.03462749213011,0.14690451206715635,0.06295907660020986
2607208,Ipojuca - PE,98932,24988,14498,220,59092,131,25.257752799902963,14.654510168600655,59.729915497513446,74.3844256661141,0.22237496462216472,0.13241418347956171
2607307,Ipubi - PE,29009,6195,1472,58,21248,36,21.35544141473336,5.074287290151332,73.24623392740185,78.32052121755318,0.1999379502912889,0.12409941742217932
2607406,Itacuruba - PE,4284,441,839,1,1804,1199,10.294117647058824,19.58450046685341,42.11017740429505,61.69467787114846,0.02334267040149393,27.987861811391223
2607505,Itaíba - PE,32650,9459,1357,9,21797,28,28.970903522205205,4.1562021439509955,66.75957120980092,70.91577335375192,0.027565084226646247,0.08575803981623277
2607604,Ilha de Itamaracá - PE,24540,5946,3795,15,14732,50,24.229828850855746,15.464547677261614,60.03259983700082,75.49714751426242,0.061124694376528114,0.20374898125509372
2607653,Itambé - PE,34935,9189,3271,9,22455,11,26.30313439244311,9.363102905395735,64.27651352511808,73.63961643051381,0.025762129669386003,0.031487047373694003
2607703,Itapetim - PE,13791,5521,671,19,7562,18,40.033355086650715,4.865491987528098,54.83286201145675,59.69835399898484,0.13777101007903705,0.13051990428540353
2607752,Itapissuma - PE,27749,5631,3859,30,18190,38,20.292623157591265,13.90680745252081,65.55191178060471,79.45871923312552,0.10811200403618149,0.13694187177916323
2607802,Itaquitinga - PE,16554,3375,2163,22,10983,11,20.387821674519753,13.066328379847771,66.34650235592606,79.41283073577384,0.13289839313761023,0.06644919656880512
2607901,Jaboatão dos Guararapes - PE,644037,210764,82059,1130,349062,1005,32.72544900370631,12.741348711331803,54.19905999189488,66.94040870322668,0.17545575797663798,0.15604693519161167
2607950,Jaqueira - PE,10247,2331,451,13,7451,1,22.74812140138577,4.401288181906899,72.71396506294525,77.11525324485214,0.12686639992192836,0.009758953840148335
2608008,Jataúba - PE,15843,5728,848,20,9233,14,36.154768667550336,5.352521618380357,58.27810389446443,63.63062551284479,0.12623871741463108,0.08836710219024174
2608057,Jatobá - PE,14020,2395,712,8,6175,4730,17.082738944365193,5.078459343794579,44.04422253922967,49.12268188302425,0.05706134094151213,33.737517831669045
2608107,João Alfredo - PE,27725,10439,1765,21,15485,15,37.65193868349865,6.36609558160505,55.85211902614969,62.21821460775474,0.0757439134355275,0.05410279531109107
2608206,Joaquim Nabuco - PE,13269,3654,1525,40,8031,19,27.53787022382998,11.49295350064059,60.524530861406284,72.01748436204687,0.3014545180495893,0.1431908960735549
2608255,Jucati - PE,11517,4430,783,27,6273,4,38.46487800642529,6.798645480593905,54.46730919510289,61.2659546756968,0.23443605105496224,0.034731266822957366
2608305,Jupi - PE,15329,5382,793,13,9117,24,35.10992236936526,5.173201122056233,59.47550394676757,64.6487050688238,0.08480657577141366,0.15656598603953292
2608404,Jurema - PE,13648,5096,564,10,7976,2,37.33880422039859,4.132473622508792,58.440797186400935,62.573270808909726,0.07327080890973037,0.014654161781946073
2608453,Lagoa do Carro - PE,17981,6251,1563,17,10125,22,34.76447361103387,8.69250875924587,56.3094377398365,65.00194649908236,0.09454424114342917,0.12235137089149659
2608503,Lagoa de Itaenga - PE,19003,5054,2056,34,11798,61,26.5958006630532,10.819344314055675,62.08493395779614,72.90427827185181,0.17891911803399463,0.3210019470609904
2608602,Lagoa do Ouro - PE,11933,4941,482,8,6499,3,41.40618453029414,4.039218972597,54.46241515126121,58.50163412385821,0.06704097879829045,0.02514036704935892
2608701,Lagoa dos Gatos - PE,14076,5675,1191,7,7197,6,40.31685137823245,8.461210571184996,51.129582267689685,59.59079283887468,0.049730036942313156,0.042625745950554135
2608750,Lagoa Grande - PE,24088,5240,2819,20,15754,255,21.753570242444372,11.70292261707074,65.40185984722683,77.10478246429757,0.08302889405513118,1.0586183992029226
2608800,Lajedo - PE,39582,15839,1816,43,21848,36,40.015663685513616,4.587944014956293,55.19680662927593,59.784750644232226,0.10863523823960386,0.09095043201455207
2608909,Limoeiro - PE,56510,21761,4435,30,30256,27,38.50822863210051,7.848168465758273,53.54096620067245,61.38913466643072,0.053087949035568925,0.04777915413201203
2609006,Macaparana - PE,23879,8485,2017,35,13317,24,35.53331379035973,8.446752376565183,55.768667029607606,64.21541940617278,0.14657230202269778,0.10050672138699275
2609105,Machados - PE,11333,4329,625,7,6368,4,38.1981822994794,5.514868084355422,56.18988793788053,61.70475602223595,0.06176652254478073,0.035295155739874705
2609154,Manari - PE,23763,4543,642,13,18548,17,19.11795648697555,2.7016790809241256,78.05411774607583,80.75579682699995,0.05470689727727981,0.07153978874721205
2609204,Maraial - PE,9359,3012,589,2,5755,1,32.182925526231436,6.29340741532215,61.49161235174698,67.78501976706913,0.021369804466289135,0.010684902233144567
2609303,Mirandiba - PE,14166,1254,2995,2,6592,3323,8.852181279119018,21.142171396301002,46.53395453903713,67.67612593533813,0.014118311449950585,23.457574474092898
2609402,Moreno - PE,55292,16213,6831,120,31995,133,29.32250596831368,12.354409317803661,57.86551399840845,70.21992331621212,0.21702958836721406,0.2405411271069956
2609501,Nazaré da Mata - PE,30648,8025,4803,47,17727,42,26.184416601409552,15.67149569303054,57.84064212999217,73.51213782302271,0.15335421560950144,0.1370399373531715
2609600,Olinda - PE,349976,117478,51718,622,179489,664,33.56744462477427,14.77758474866848,51.28608818890438,66.06367293757286,0.17772647267241182,0.18972729558598303
2609709,Orobó - PE,21808,8541,1097,7,12150,13,39.16452677916361,5.0302641232575205,55.713499633162144,60.74376375641967,0.03209831254585473,0.059611151870873076
2609808,Orocó - PE,13613,1701,2497,10,8484,921,12.495408800411372,18.34276059648865,62.32277969587894,80.6655402923676,0.07345919341805628,6.765591713802983
2609907,Ouricuri - PE,65245,17863,4229,83,42972,91,27.378343168058855,6.481722737374511,65.8625182006284,72.34424093800291,0.12721281324239406,0.13947428921756455
2610004,Palmares - PE,54584,17005,5844,86,31585,64,31.153817968635497,10.706434119888613,57.86494210757731,68.57137622746592,0.15755532756851826,0.1172504763300601
2610103,Palmeirina - PE,7031,2559,423,12,4019,18,36.39596074527094,6.016213909827905,57.1611435073247,63.177357417152606,0.17067273503057886,0.2560091025458683
2610202,Panelas - PE,22991,7955,1186,30,13811,8,34.60049584620069,5.158540298377626,60.07133226044974,65.22987255882737,0.13048584228611196,0.034796224609629854
2610301,Paranatama - PE,12199,4253,280,16,7634,16,34.86351340273793,2.295270104106894,62.57889990982868,64.87417001393557,0.13115829166325108,0.13115829166325108
2610400,Parnamirim - PE,18612,5135,935,6,12527,9,27.589727057812166,5.0236406619385345,67.30603911454975,72.32967977648828,0.032237266279819474,0.048355899419729204
2610509,Passira - PE,28340,11122,1595,8,15607,7,39.244883556810166,5.628087508821454,55.07057163020466,60.69865913902611,0.028228652081863093,0.024700070571630206
2610608,Paudalho - PE,56665,14841,6561,71,35144,47,26.190770316774024,11.578575840465897,62.02064766610783,73.59922350657372,0.1252978028765552,0.08294361598870555
2610707,Paulista - PE,342167,110884,46571,418,183579,711,32.40639804539889,13.610605347681103,53.651871746837074,67.26247709451818,0.12216256973933781,0.20779327053748609
2610806,Pedra - PE,22795,7239,1464,4,14037,51,31.756964246545294,6.422461066023251,61.57929370475981,68.00175477078307,0.01754770783066462,0.2237332748409739
2610905,Pesqueira - PE,62722,18579,3411,96,26687,13949,29.6211855489302,5.43828321800963,42.5480692579956,47.98635247600523,0.1530563438665859,22.239405631197986
2611002,Petrolândia - PE,34161,7105,1842,28,21854,3332,20.79857147039021,5.392113813998419,63.973537074441616,69.36565088844003,0.08196481367641463,9.75381282749334
2611101,Petrolina - PE,386791,108120,44021,871,232013,1760,27.953080604253977,11.381081772843732,59.98407408652218,71.36515585936591,0.22518621167503897,0.45502609936632443
2611200,Poção - PE,10500,3606,472,10,5894,518,34.34285714285714,4.495238095238095,56.13333333333333,60.628571428571426,0.09523809523809523,4.933333333333334
2611309,Pombos - PE,27552,10583,2099,38,14800,28,38.41100464576074,7.618321718931475,53.71660859465737,61.33493031358885,0.13792102206736354,0.1016260162601626
2611408,Primavera - PE,13838,4678,1050,11,8098,1,33.805463217227924,7.587801705448764,58.520017343546755,66.10781904899552,0.0794912559618442,0.007226477814713109
2611507,Quipapá - PE,17928,5600,1474,32,10810,12,31.236055332440873,8.22177599286033,60.29674252565819,68.51851851851852,0.178491744756805,0.06693440428380187
2611533,Quixaba - PE,6554,2337,408,2,3803,4,35.657613671040586,6.225205981080256,58.025633201098564,64.25083918217882,0.030515715593530668,0.061031431187061336
2611606,Recife - PE,1488920,578413,182546,2703,722555,2656,38.8478225828117,12.2602960535153,48.52879939822153,60.78909545173683,0.1815409827257341,0.17838433226768396
2611705,Riacho das Almas - PE,20639,10105,617,10,9899,8,48.96070546053588,2.9894859247056544,47.96259508697127,50.952081011676924,0.048451959881777217,0.038761567905421776
2611804,Ribeirão - PE,33507,10366,2815,16,20282,28,30.93681917211329,8.401229593816218,60.53063538962008,68.9318649834363,0.04775121616378667,0.08356462828662667
2611903,Rio Formoso - PE,20009,4690,3475,26,11797,21,23.43945224648908,17.367184766854916,58.95846868908991,76.32565345594483,0.12994152631315908,0.10495277125293617
2612000,Sairé - PE,10887,5394,605,25,4854,9,49.545329291815925,5.557086433360889,44.58528520253513,50.14237163589602,0.22963167080003674,0.08266740148801323
2612109,Salgadinho - PE,5727,2197,471,6,3053,0,38.362144229090276,8.22420115243583,53.308887724812294,61.533088877248126,0.10476689366160294,0.0
2612208,Salgueiro - PE,62372,14551,8232,181,36247,3160,23.32937856730584,13.198229974988777,58.114217918296674,71.31244789328545,0.2901943179631886,5.066375937920862
2612307,Saloá - PE,13836,4748,935,26,8096,29,34.31627638045678,6.757733448973692,58.51402139346632,65.27175484244002,0.18791558253830587,0.20959814975426425
2612406,Sanharó - PE,18624,7120,1109,12,10324,59,38.23024054982818,5.954682130584192,55.43384879725086,61.38853092783505,0.06443298969072164,0.3167955326460481
2612455,Santa Cruz - PE,13841,4120,595,10,9108,8,29.766635358716854,4.298822339426342,65.80449389494979,70.10331623437612,0.07224911494834188,0.057799291958673504
2612471,Santa Cruz da Baixa Verde - PE,11567,2945,792,20,7798,12,25.4603613728711,6.847064926082822,67.41592461312354,74.26298953920636,0.1729056799515864,0.10374340797095184
2612505,Santa Cruz do Capibaribe - PE,98254,40497,5636,364,51635,121,41.21664257943697,5.736153235491685,52.55256783438842,58.288721069880104,0.37046837787774545,0.1231502025362835
2612554,Santa Filomena - PE,12106,3207,435,27,8433,4,26.49099620023129,3.5932595407236083,69.6596728894763,73.2529324301999,0.22302990252767224,0.03304146704113663
2612604,Santa Maria da Boa Vista - PE,40578,5494,8502,10,26272,300,13.539356301444132,20.95224013011977,64.74444280151806,85.69668293163784,0.02464389570703337,0.739316871211001
2612703,Santa Maria do Cambucá - PE,14013,5587,476,18,7923,7,39.87012060229787,3.3968457860558052,56.54035538428602,59.93720117034183,0.12845215157353887,0.04995361450082066
2612802,Santa Terezinha - PE,10244,4017,622,15,5584,6,39.213197969543145,6.071846934791097,54.50995704802811,60.58180398281921,0.14642717688402968,0.05857087075361187
2612901,São Benedito do Sul - PE,13113,3432,1135,13,8529,4,26.1725005719515,8.655532677495614,65.04232441088996,73.69785708838558,0.09913825974224053,0.030504079920689393
2613008,São Bento do Una - PE,49449,18287,2700,47,28357,58,36.98153653258913,5.460171085360675,57.345952395397276,62.806123480757954,0.09504742259701915,0.11729256405589597
2613107,São Caitano - PE,37126,15841,2525,67,18626,67,42.668210957280614,6.80116360502074,50.16969239885794,56.97085600387868,0.1804665194203523,0.1804665194203523
2613206,São João - PE,23837,7986,1092,7,14745,5,33.50253807106599,4.581113395142006,61.85761631077736,66.43872970591937,0.02936611150732055,0.020975793933800394
2613305,São Joaquim do Monte - PE,20037,9422,821,10,9768,16,47.02300743624295,4.097419773419174,48.74981284623447,52.847232619653646,0.049907670809003345,0.07985227329440535
2613404,São José da Coroa Grande - PE,18825,4239,1629,9,12942,6,22.51792828685259,8.653386454183266,68.74900398406375,77.40239043824701,0.04780876494023904,0.03187250996015936
2613503,São José do Belmonte - PE,34843,7522,2746,21,24093,461,21.588267370777487,7.8810664982923395,69.14731796917602,77.02838446746836,0.06027035559509801,1.3230778061590562
2613602,São José do Egito - PE,31004,12231,1456,45,17234,38,39.449748419558766,4.696168236356599,55.58637595149013,60.28254418784673,0.14514256225003225,0.12256483034447169
2613701,São Lourenço da Mata - PE,111249,34135,15763,134,61112,103,30.683421873455043,14.169116126886534,54.9326286078976,69.10174473478413,0.12045052090355868,0.0925851018885563
2613800,São Vicente Férrer - PE,16677,5789,1513,10,9363,2,34.71247826347665,9.072375127421,56.143191221442706,65.2155663488637,0.05996282304970918,0.011992564609941836
2613909,Serra Talhada - PE,92228,29213,8052,76,54191,690,31.67476254499718,8.730537363924189,58.75764409940582,67.48818146333001,0.08240447586416273,0.7481458992930563
2614006,Serrita - PE,18207,3948,1257,27,12967,8,21.68396770472895,6.903938045806558,71.2198604932169,78.12379853902345,0.14829461196243204,0.043939144285165044
2614105,Sertânia - PE,32811,11137,2219,21,19381,51,33.94288500807656,6.762975831276097,59.06860504099235,65.83158087226845,0.06400292584803877,0.15543567705952271
2614204,Sirinhaém - PE,37596,9025,5270,18,23268,15,24.005213320566018,14.01744866475157,61.88956271943824,75.90701138418981,0.047877433769549956,0.03989786147462496
2614303,Moreilândia - PE,10540,2691,622,6,7214,7,25.531309297912713,5.901328273244782,68.44402277039848,74.34535104364326,0.056925996204933584,0.06641366223908918
2614402,Solidão - PE,5210,2782,184,7,2230,7,53.397312859884835,3.531669865642994,42.80230326295585,46.33397312859885,0.1343570057581574,0.1343570057581574
2614501,Surubim - PE,64120,29464,2934,48,31627,46,45.95134123518403,4.575795383655645,49.32470368059888,53.900499064254525,0.07485963817841547,0.07174048658764816
2614600,Tabira - PE,27681,12265,1294,18,14076,28,44.3083703623424,4.674686608142769,50.85076406199198,55.52545067013475,0.06502655250894115,0.10115241501390845
2614709,Tacaimbó - PE,13738,5379,480,24,7850,2,39.15417091279662,3.493958363662833,57.14077740573592,60.63473576939875,0.17469791818314165,0.014558159848595138
2614808,Tacaratu - PE,23902,3389,708,26,12749,7029,14.178729813404736,2.9620952221571417,53.33863275039746,56.3007279725546,0.10877750815831311,29.407580955568573
2614857,Tamandaré - PE,23561,5805,4079,32,13637,8,24.63817325240864,17.312507958066295,57.87954670854378,75.19205466661008,0.1358176647850261,0.033954416196256526
2615003,Taquaritinga do Norte - PE,24736,11675,1229,53,11750,29,47.198415265200516,4.968467011642949,47.501617076326,52.47008408796895,0.21426261319534282,0.11723803363518757
2615102,Terezinha - PE,6513,2292,359,7,3845,8,35.19115614923998,5.512052817442039,59.03577460463688,64.54782742207891,0.10747735298633503,0.12283126055581145
2615201,Terra Nova - PE,8920,2364,688,10,5846,12,26.50224215246637,7.713004484304933,65.53811659192826,73.25112107623319,0.11210762331838565,0.13452914798206278
2615300,Timbaúba - PE,46147,15462,4777,54,25831,18,33.50597005222441,10.351702169155091,55.975469694671375,66.32717186382646,0.11701735757470691,0.039005785858235636
2615409,Toritama - PE,41137,16724,2415,53,21859,84,40.654398716483946,5.870627415708486,53.13707854243139,59.00770595813987,0.12883778593480322,0.20419573619855605
2615508,Tracunhaém - PE,13867,3229,2079,3,8552,2,23.285497944760944,14.992428066633014,61.67159443282613,76.66402249945915,0.02163409533424677,0.014422730222831182
2615607,Trindade - PE,30321,7151,1949,31,21151,38,23.58431450150061,6.427888262260479,69.75693413805614,76.18482240031662,0.10223937205237295,0.1253256818706507
2615706,Triunfo - PE,14705,4983,1120,31,8513,58,33.88643318599116,7.616456987419245,57.89187351241075,65.50833049983,0.21081264875892552,0.3944236654199252
2615805,Tupanatinga - PE,26937,6066,1762,31,17175,1885,22.519211493484796,6.541188699558228,63.75988417418421,70.30107287374244,0.11508334261424806,6.997809704124439
2615904,Tuparetama - PE,8005,3171,517,12,4298,7,39.61274203622736,6.458463460337289,53.691442848219864,60.149906308557156,0.14990630855715179,0.08744534665833854
2616001,Venturosa - PE,17251,6351,934,61,9864,39,36.81525708654571,5.414178888180396,57.17929395397368,62.59347284215408,0.3536026896991479,0.22607385079125847
2616100,Verdejante - PE,9169,1512,684,36,6911,26,16.490347911440725,7.459919293270803,75.37354128040135,82.83346057367216,0.39262733122477916,0.2835641836623405
2616183,Vertente do Lério - PE,7558,3385,277,0,3895,1,44.7869806827203,3.664990738290553,51.53479756549352,55.199788303784075,0.0,0.013231013495633765
2616209,Vertentes - PE,21959,9093,1102,18,11715,30,41.408989480395284,5.018443462817068,53.349423926408306,58.367867389225374,0.08197094585363632,0.13661824308939388
2616308,Vicência - PE,26359,8389,2776,7,15175,11,31.825941803558557,10.531507265070754,57.57046928942676,68.10197655449751,0.02655639440039455,0.041731476914905724
2616407,Vitória de Santo Antão - PE,134084,47908,12973,186,72826,186,35.729840995197044,9.675278183825064,54.31371379135467,63.98899197517974,0.13871901196265027,0.13871901196265027
2616506,Xexéu - PE,11611,3056,946,9,7595,5,26.31986908965636,8.147446387046767,65.41210920678667,73.55955559383344,0.07751270347084661,0.04306261303935923
2700102,Água Branca - AL,19008,2625,1152,13,14861,357,13.809974747474747,6.0606060606060606,78.18287037037037,84.24347643097643,0.0683922558922559,1.8781565656565657
2700201,Anadia - AL,13966,4374,1444,34,8107,7,31.318917370757553,10.339395675211227,58.04811685521982,68.38751253043104,0.24344837462408705,0.05012172418731204
2700300,Arapiraca - AL,234696,76745,16482,285,140721,451,32.69974775880288,7.022701707741078,59.9588403722262,66.98154207996728,0.12143368442581041,0.19216347956505436
2700409,Atalaia - AL,37512,9909,4704,97,22784,16,26.415547024952016,12.53998720409469,60.73789720622734,73.27788441032203,0.2585839198123267,0.04265301770100235
2700508,Barra de Santo Antônio - AL,16365,4304,1672,10,10370,8,26.30003055300947,10.216926367247174,63.36694164375191,73.58386801099908,0.061106018942865874,0.048884815154292695
2700607,Barra de São Miguel - AL,7944,2134,848,19,4940,3,26.863041289023162,10.67472306143001,62.1852970795569,72.8600201409869,0.2391742195367573,0.0377643504531722
2700706,Batalha - AL,16448,4424,1392,4,10609,19,26.896887159533073,8.463035019455253,64.50024319066148,72.96327821011673,0.024319066147859923,0.11551556420233464
2700805,Belém - AL,4722,1145,496,1,3057,23,24.24819991529013,10.504023718763236,64.73951715374841,75.24354087251164,0.021177467174925878,0.4870817450232952
2700904,Belo Monte - AL,5936,1400,471,0,4063,2,23.58490566037736,7.934636118598383,68.4467654986523,76.38140161725067,0.0,0.03369272237196765
2701001,Boca da Mata - AL,21187,6007,1662,29,13481,7,28.352291499504414,7.844432906971256,63.62864020389862,71.47307311086988,0.13687638646339736,0.03303912776702695
2701100,Branquinha - AL,9603,2346,944,29,6280,4,24.42986566697907,9.830261376653128,65.39623034468396,75.22649172133708,0.30198896178277623,0.04165364990107258
2701209,Cacimbinhas - AL,10482,2923,962,5,6575,17,27.885899637473763,9.177637855371112,62.72657889715703,71.90421675252814,0.04770082045411181,0.16218278954398016
2701308,Cajueiro - AL,16024,4600,1483,11,9901,29,28.70693959061408,9.25486769845232,61.78856714927608,71.0434348477284,0.06864702945581627,0.18097853220169746
2701357,Campestre - AL,6665,1754,638,3,4267,3,26.316579144786196,9.572393098274569,64.02100525131283,73.5933983495874,0.0450112528132033,0.0450112528132033
2701407,Campo Alegre - AL,32106,8442,3626,33,19990,14,26.294150626051206,11.29383915778982,62.262505450694576,73.5563446084844,0.10278452625677444,0.043605556593783096
2701506,Campo Grande - AL,8143,1957,742,3,5434,7,24.03291170330345,9.112120839985263,66.7321625936387,75.84428343362397,0.036841458921773304,0.08596340415080438
2701605,Canapi - AL,15559,4216,853,9,10469,12,27.096857124493862,5.4823574779870174,67.2858152837586,72.76817276174562,0.057844334468796194,0.07712577929172826
2701704,Capela - AL,15032,4107,1926,19,8973,7,27.321713677488024,12.812666311868014,59.69265566790846,72.50532197977648,0.12639701969132516,0.04656732304417243
2701803,Carneiros - AL,8999,1915,925,3,6136,20,21.280142238026446,10.278919879986665,68.18535392821424,78.4642738082009,0.0333370374486054,0.222246916324036
2701902,Chã Preta - AL,5910,2171,335,1,3403,0,36.73434856175973,5.668358714043993,57.58037225042301,63.248730964467,0.01692047377326565,0.0
2702009,Coité do Nóia - AL,10810,3717,730,0,6360,0,34.38482886216466,6.753006475485662,58.83441258094357,65.58741905642923,0.0,0.0
2702108,Colônia Leopoldina - AL,15816,5012,1018,23,9737,26,31.68942842690946,6.436519979767324,61.5642387455741,68.00075872534143,0.14542235710672735,0.16439049064238745
2702207,Coqueiro Seco - AL,5581,1282,567,1,3729,2,22.970793764558323,10.159469629098728,66.81598279878158,76.9754524278803,0.017917935853789643,0.035835871707579285
2702306,Coruripe - AL,50414,14026,5249,138,30939,60,27.821636846907605,10.411790375689293,61.36985757924386,71.78164795493316,0.27373348672987663,0.11901455944777245
2702355,Craíbas - AL,25397,6913,1774,19,16678,12,27.219750364216246,6.985076977595779,65.66917352443203,72.6542505020278,0.07481198566759853,0.04724967515848329
2702405,Delmiro Gouveia - AL,51318,12521,3379,55,34947,415,24.398846408667524,6.584434311547605,68.09891266222378,74.68334697377139,0.1071748704158385,0.8086831131376905
2702504,Dois Riachos - AL,9805,2695,503,7,6591,9,27.485976542580318,5.130035696073432,67.22080571137175,72.35084140744519,0.07139214686384497,0.09178990311065782
2702553,Estrela de Alagoas - AL,15429,4164,798,14,10436,17,26.988139218355045,5.172078553373518,67.6388618834662,72.81094043683973,0.09073822023462311,0.11018212457061378
2702603,Feira Grande - AL,22712,6739,1106,1,14522,342,29.67153927439239,4.86967241986615,63.93976752377598,68.80943994364213,0.004402958788305741,1.5058119056005637
2702702,Feliz Deserto - AL,3963,844,520,5,2591,3,21.296997224325008,13.121372697451426,65.37976280595508,78.5011355034065,0.12616704516780217,0.0757002271006813
2702801,Flexeiras - AL,9618,2448,1104,7,6050,9,25.45227698066126,11.478477854023705,62.90289041380744,74.38136826783115,0.07278020378457059,0.09357454772301933
2702900,Girau do Ponciano - AL,36102,8159,2095,44,25782,21,22.599855963658523,5.803002603733865,71.41432607611766,77.21732867985152,0.1218769043266301,0.058168522519528004
2703007,Ibateguara - AL,13731,4816,1044,56,7790,23,35.073920326269025,7.603233559099847,56.732940062632004,64.33617362173185,0.4078362828635933,0.16750418760469013
2703106,Igaci - AL,23995,6843,1228,9,15880,35,28.51844134194624,5.117732861012711,66.18045426130443,71.29818712231715,0.03750781412794332,0.14586372160866848
2703205,Igreja Nova - AL,21372,5206,1923,10,14222,10,24.358974358974358,8.99775407074677,66.54501216545012,75.54276623619688,0.046790192775594236,0.046790192775594236
2703304,Inhapi - AL,15167,3154,671,21,10635,686,20.795147359398694,4.4240785916793035,70.11933803652667,74.54341662820597,0.13845849541768313,4.522977516977649
2703403,Jacaré dos Homens - AL,5083,863,830,0,3390,0,16.978162502459178,16.328939602596893,66.69289789494393,83.02183749754082,0.0,0.0
2703502,Jacuípe - AL,5352,1484,525,48,3285,9,27.727952167414053,9.809417040358744,61.37892376681614,71.18834080717488,0.8968609865470852,0.1681614349775785
2703601,Japaratinga - AL,9219,2081,1356,2,5778,2,22.572947174313917,14.70875366091767,62.6749105109014,77.38366417181906,0.021694326933506886,0.021694326933506886
2703700,Jaramataia - AL,4985,1227,378,0,3378,2,24.613841524573722,7.582748244734202,67.76328986960883,75.34603811434303,0.0,0.04012036108324975
2703759,Jequiá da Praia - AL,9470,2945,937,16,5567,5,31.09820485744456,9.89440337909187,58.78563885955649,68.68004223864835,0.1689545934530095,0.05279831045406547
2703809,Joaquim Gomes - AL,17150,4357,1791,20,9413,1569,25.40524781341108,10.443148688046648,54.886297376093296,65.32944606413994,0.11661807580174927,9.14868804664723
2703908,Jundiá - AL,4092,1069,206,21,2792,4,26.12414467253177,5.034213098729228,68.23069403714565,73.26490713587488,0.5131964809384164,0.09775171065493646
2704005,Junqueiro - AL,23907,6992,1805,33,15058,19,29.24666415694148,7.550089931819133,62.98573639519806,70.53582632701719,0.13803488518007279,0.07947463086125403
2704104,Lagoa da Canoa - AL,18457,5137,1291,21,11995,13,27.83225876361272,6.9946361813945925,64.98889310288779,71.98352928428238,0.11377797041772769,0.07043398168716476
2704203,Limoeiro de Anadia - AL,24740,7711,1690,73,15254,11,31.168148746968473,6.83104284559418,61.65723524656427,68.48827809215845,0.2950687146321746,0.0444624090541633
2704302,Maceió - AL,957916,325542,107251,2268,520808,2006,33.984399467176665,11.196284434125747,54.36885906488669,65.56514349901244,0.23676397512934327,0.20941293391069782
2704401,Major Isidoro - AL,17700,5158,1145,6,11380,11,29.141242937853107,6.468926553672317,64.29378531073446,70.76271186440678,0.03389830508474576,0.062146892655367235
2704500,Maragogi - AL,32174,7612,3746,57,20730,29,23.658854976067634,11.642941505563499,64.43090694349475,76.07384844905825,0.17716168334680177,0.0901348915273202
2704609,Maravilha - AL,9534,2406,643,13,6464,8,25.235997482693517,6.744283616530312,67.79945458359555,74.54373820012586,0.13635410111181037,0.08391021606880637
2704708,Marechal Deodoro - AL,60370,16913,7423,207,35712,114,28.015570647672686,12.295842305781017,59.155209541162826,71.45105184694384,0.34288553917508696,0.18883551432830875
2704807,Maribondo - AL,13679,4521,1288,11,7853,6,33.050661598070036,9.415892974632648,57.40916733679362,66.82506031142627,0.08041523503180056,0.04386285547189122
2704906,Mar Vermelho - AL,3155,1081,240,1,1832,1,34.26307448494453,7.606973058637084,58.06656101426307,65.67353407290015,0.03169572107765452,0.03169572107765452
2705002,Mata Grande - AL,21844,5614,1183,19,14660,367,25.700421168284198,5.415674784837941,67.11225050357078,72.52792528840872,0.08698040651895257,1.6800952206555575
2705101,Matriz de Camaragibe - AL,23857,5565,2721,22,15179,370,23.326486984952005,11.405457517709687,63.62493188581968,75.03038940352937,0.09221612105461709,1.5509074904640148
2705200,Messias - AL,15405,4013,2075,19,9281,17,26.04998377150276,13.469652710159039,60.24667315806556,73.7163258682246,0.12333657903278157,0.11035378123985719
2705309,Minador do Negrão - AL,4845,1471,178,1,3193,2,30.361197110423117,3.673890608875129,65.90299277605779,69.57688338493291,0.02063983488132095,0.0412796697626419
2705408,Monteirópolis - AL,7184,1233,953,1,4997,0,17.16314031180401,13.265590200445434,69.55734966592428,82.82293986636971,0.013919821826280624,0.0
2705507,Murici - AL,25187,6800,2962,47,15345,30,26.998054551951405,11.760034938658832,60.924286338190335,72.68432127684916,0.18660420057966412,0.1191090641997856
2705606,Novo Lino - AL,10020,2777,673,64,6464,37,27.714570858283434,6.716566866267465,64.51097804391217,71.22754491017965,0.6387225548902196,0.36926147704590817
2705705,Olho d'Água das Flores - AL,20695,4823,1618,31,14196,26,23.305146170572602,7.8183136023194,68.59627929451558,76.41459289683499,0.1497946363856004,0.12563421116211645
2705804,Olho d'Água do Casado - AL,8349,1652,707,7,5949,34,19.786800814468798,8.468080009581985,71.25404240028746,79.72212240986944,0.0838423763324949,0.407234399329261
2705903,Olho d'Água Grande - AL,4330,1222,220,23,2862,3,28.221709006928407,5.080831408775982,66.09699769053118,71.17782909930716,0.5311778290993071,0.06928406466512702
2706000,Olivença - AL,10812,2403,521,8,7867,13,22.225305216426193,4.818719940806512,72.76174620791713,77.58046614872364,0.07399186089530152,0.12023677395486497
2706109,Ouro Branco - AL,11446,3432,484,6,7518,6,29.98427398217718,4.228551459024987,65.68233443997903,69.91088589900401,0.052420059409400664,0.052420059409400664
2706208,Palestina - AL,4325,705,883,0,2735,2,16.30057803468208,20.416184971098264,63.23699421965318,83.65317919075144,0.0,0.046242774566473986
2706307,Palmeira dos Índios - AL,71574,21359,4310,48,42938,2918,29.841842009668316,6.021739737893649,59.991058205493616,66.01279794338727,0.0670634587978875,4.076899432754911
2706406,Pão de Açúcar - AL,23823,3660,2291,18,17783,71,15.363304369726734,9.616756915585778,74.64635016580615,84.26310708139194,0.07555723460521345,0.29803131427611973
2706422,Pariconha - AL,10573,1198,374,4,4199,4798,11.330748132034428,3.53731202118604,39.714366783315995,43.251678804502035,0.03783221413033198,45.37974084933321
2706448,Paripueira - AL,13835,3717,1435,25,8606,52,26.866642573183952,10.372244307914709,62.20455366823274,72.57679797614745,0.18070112034694616,0.375858330321648
2706505,Passo de Camaragibe - AL,13804,3377,1737,14,8637,39,24.463923500434657,12.583309185743262,62.56882063170096,75.15212981744422,0.10141987829614604,0.28252680382497825
2706604,Paulo Jacinto - AL,6576,2281,401,11,3873,10,34.6867396593674,6.097931873479319,58.89598540145985,64.99391727493918,0.16727493917274938,0.15206812652068127
2706703,Penedo - AL,58650,14959,6912,123,36478,176,25.505541346973573,11.785166240409207,62.19607843137255,73.98124467178175,0.20971867007672634,0.30008525149190113
2706802,Piaçabuçu - AL,15908,3866,1666,8,10349,19,24.302237867739503,10.472718129243148,65.05531807895399,75.52803620819714,0.050289162685441285,0.11943676137792306
2706901,Pilar - AL,35370,9632,4167,86,21455,26,27.232117613797,11.78117048346056,60.658750353406845,72.4399208368674,0.24314390726604468,0.07350862312694374
2707008,Pindoba - AL,2731,812,406,0,1513,0,29.732698645184914,14.866349322592457,55.40095203222263,70.26730135481509,0.0,0.0
2707107,Piranhas - AL,22609,4804,1999,25,15708,73,21.248175505329737,8.841611747534168,69.47675704365518,78.31836879118936,0.11057543456145782,0.32288026891945687
2707206,Poço das Trincheiras - AL,12518,2949,722,1,8827,19,23.558076370027162,5.767694519891356,70.51445917878256,76.28215369867391,0.007988496564946478,0.15178143473398306
2707305,Porto Calvo - AL,24071,5992,2861,59,15148,9,24.893024801628517,11.885671554983174,62.9304972788833,74.81616883386647,0.24510822151136222,0.0373893897220722
2707404,Porto de Pedras - AL,9295,1650,859,26,6752,8,17.75147928994083,9.241527703066165,72.64120494889725,81.88273265196342,0.27972027972027974,0.08606777837547068
2707503,Porto Real do Colégio - AL,20082,4652,1442,5,11621,2362,23.16502340404342,7.180559705208645,57.867742256747334,65.04830196195599,0.024897918534010556,11.761776715466587
2707602,Quebrangulo - AL,11080,3270,866,8,6911,25,29.512635379061372,7.815884476534296,62.37364620938628,70.18953068592057,0.07220216606498195,0.22563176895306858
2707701,Rio Largo - AL,93927,26716,10734,192,56189,93,28.44336559242816,11.428023890893993,59.821989417313446,71.25001330820744,0.20441406624293335,0.09901306333642083
2707800,Roteiro - AL,6474,1638,524,4,4306,2,25.301204819277107,8.093914118010504,66.51220265678097,74.60611677479147,0.06178560395427865,0.030892801977139325
2707909,Santa Luzia do Norte - AL,6919,1455,968,4,4480,12,21.029050440815148,13.990461049284578,64.74924121982946,78.73970226911403,0.05781182251770487,0.17343546755311462
2708006,Santana do Ipanema - AL,46220,13641,2638,71,29704,166,29.513197749891823,5.707485936823886,64.26655127650368,69.97403721332756,0.1536131544785807,0.35915188230203376
2708105,Santana do Mundaú - AL,11323,3605,818,7,6882,11,31.837852159321734,7.224233860284377,60.778945509140684,68.00317936942506,0.061821072154022785,0.09714739909917866
2708204,São Brás - AL,6555,1468,466,5,4547,69,22.395118230358506,7.109077040427155,69.36689549961861,76.47597254004576,0.07627765064836003,1.0526315789473684
2708303,São José da Laje - AL,20813,7009,1943,42,11790,29,33.676067842214,9.335511459184163,56.64728775284678,65.98279921203094,0.20179695382693508,0.13933599192812185
2708402,São José da Tapera - AL,30604,5164,1638,14,23717,65,16.873611292641485,5.35224153705398,77.49640569860149,82.84864723565548,0.04574565416285453,0.21239053718468173
2708501,São Luís do Quitunde - AL,30873,7712,3521,52,19568,20,24.979755773653356,11.404787354646455,63.38224338418683,74.78703073883328,0.1684319632040942,0.064781524309267
2708600,São Miguel dos Campos - AL,51990,13880,6447,196,31342,124,26.697441815733796,12.400461627236007,60.284670128870935,72.68513175610694,0.3769955760723216,0.23850740527024428
2708709,São Miguel dos Milagres - AL,8482,2157,1115,17,5168,25,25.43032303701957,13.145484555529356,60.92902617307239,74.07451072860174,0.200424428200896,0.2947418061777883
2708808,São Sebastião - AL,31786,11090,1769,34,17776,1114,34.889574026300885,5.565343232869817,55.92399169445668,61.489334927326496,0.10696533064871327,3.504687598313723
2708907,Satuba - AL,24278,6808,2832,39,14576,22,28.041848587198288,11.664881785979075,60.037894389982704,71.70277617596177,0.16063926188318642,0.09061701952384875
2708956,Senador Rui Palmeira - AL,12303,2657,885,3,8747,11,21.596358611720717,7.193367471348451,71.09648053320328,78.28984800455173,0.0243842965130456,0.08940908721450053
2709004,Tanque d'Arca - AL,5796,1746,453,8,3579,10,30.124223602484474,7.815734989648033,61.749482401656316,69.56521739130434,0.13802622498274672,0.1725327812284334
2709103,Taquarana - AL,19032,5202,1247,20,12497,66,27.332912988650694,6.552122740647331,65.66309373686423,72.21521647751156,0.10508617065994115,0.3467843631778058
2709152,Teotônio Vilela - AL,38053,9768,4267,98,23830,90,25.66946101490027,11.213307754973327,62.62318345465535,73.83649120962868,0.2575355425327832,0.2365122329382703
2709202,Traipu - AL,23565,5379,1682,19,16385,100,22.82622533418205,7.137704222363675,69.53108423509443,76.6687884574581,0.08062805007426267,0.42435815828559303
2709301,União dos Palmares - AL,59280,18452,6327,150,34287,63,31.126855600539812,10.673076923076923,57.83906882591093,68.51214574898785,0.25303643724696356,0.1062753036437247
2709400,Viçosa - AL,24092,6829,1798,6,15452,6,28.345508882616635,7.4630582766063425,64.13747302008966,71.600531296696,0.024904532624937737,0.024904532624937737
2800100,Amparo do São Francisco - SE,2170,449,484,2,1235,0,20.691244239631338,22.304147465437786,56.91244239631337,79.21658986175115,0.09216589861751152,0.0
2800209,Aquidabã - SE,20131,5539,1736,21,12818,17,27.514778202771843,8.62351597039392,63.672942228403954,72.29645819879788,0.10431672544831355,0.08444687298196811
2800308,Aracaju - SE,602757,179290,86557,1223,333766,1894,29.74498844476298,14.360181632067317,55.373226690025994,69.73340832209331,0.20290100322352125,0.31422281284165926
2800407,Arauá - SE,10318,1649,1587,5,7073,4,15.981779414615236,15.38088776894747,68.5501066098081,83.93099437875557,0.04845900368288428,0.03876720294630742
2800506,Areia Branca - SE,18081,3315,2905,10,11825,26,18.334162933466068,16.066589237320944,65.40014379735634,81.46673303467728,0.055306675515734746,0.14379735634091034
2800605,Barra dos Coqueiros - SE,41511,9955,6819,26,24606,105,23.981595239815952,16.426971164269712,59.27585459275855,75.70282575702826,0.06263400062634,0.25294500252945
2800670,Boquim - SE,24636,4962,2744,20,16889,21,20.141256697515832,11.1381717811333,68.5541484007144,79.69232018184769,0.08118201006656925,0.08524111056989771
2800704,Brejo Grande - SE,7841,1400,1903,9,4522,7,17.85486545083535,24.269863537814054,57.671215406198186,81.94107894401225,0.11478127789822727,0.08927432725417676
2801009,Campo do Brito - SE,18149,4891,1759,11,11484,4,26.949143203482286,9.691994049258913,63.276213565485705,72.96820761474461,0.06060939996694033,0.02203978180616012
2801108,Canhoba - SE,3791,874,408,1,2507,1,23.054603007122132,10.762331838565023,66.13030862569244,76.89264046425745,0.02637826431020839,0.02637826431020839
2801207,Canindé de São Francisco - SE,26834,6313,2279,31,18156,55,23.526123574569574,8.492956696728031,67.66043079675039,76.15338749347842,0.11552508012223299,0.2049638518297682
2801306,Capela - SE,31645,6095,4696,27,20798,29,19.260546689840417,14.839627113288039,65.7228630115342,80.56249012482223,0.08532153578764418,0.0916416495496919
2801405,Carira - SE,19939,5791,1091,12,13031,14,29.04358292793019,5.47168865038367,65.35433070866142,70.82601935904509,0.06018355985756557,0.07021415316715984
2801504,Carmópolis - SE,13853,2805,2476,10,8548,14,20.248321663177652,17.873384826391394,61.705045838446544,79.57843066483794,0.07218652999350321,0.10106114199090449
2801603,Cedro de São João - SE,5391,1983,319,1,3088,0,36.78352810239288,5.91726952327954,57.280652940085325,63.19792246336486,0.01854943424225561,0.0
2801702,Cristinápolis - SE,17100,2560,1785,15,12736,4,14.970760233918128,10.43859649122807,74.47953216374269,84.91812865497076,0.08771929824561403,0.023391812865497075
2801900,Cumbe - SE,3824,1039,363,1,2391,30,27.17050209205021,9.492677824267782,62.52615062761506,72.01882845188284,0.02615062761506276,0.7845188284518828
2802007,Divina Pastora - SE,4340,644,1260,6,2429,1,14.838709677419354,29.032258064516128,55.96774193548387,85.0,0.1382488479262673,0.02304147465437788
2802106,Estância - SE,65078,11935,10374,58,42570,139,18.33953102430929,15.940870954854175,65.41381111896493,81.3546820738191,0.08912382064599404,0.21358984603091674
2802205,Feira Nova - SE,5975,1369,414,0,4182,10,22.91213389121339,6.928870292887029,69.99163179916317,76.9205020920502,0.0,0.16736401673640167
2802304,Frei Paulo - SE,14530,3189,1234,16,10088,3,21.947694425326908,8.492773571920166,69.4287680660702,77.92154163799037,0.11011699931176876,0.02064693737095664
2802403,Gararu - SE,11096,2873,913,5,7295,10,25.892213410237925,8.22819033886085,65.74441240086517,73.97260273972603,0.04506128334534967,0.09012256669069935
2802502,General Maynard - SE,3037,471,620,1,1945,0,15.50872571616727,20.41488310833059,64.04346394468226,84.45834705301284,0.03292723081988805,0.0
2802601,Graccho Cardoso - SE,5834,1629,288,1,3910,6,27.922523140212547,4.93657867672266,67.02091189578334,71.957490572506,0.017140898183064794,0.10284538909838875
2802700,Ilha das Flores - SE,8321,1989,961,1,5362,8,23.903376997956975,11.549092657132556,64.43937026799664,75.9884629251292,0.012017786323759164,0.09614229059007331
2802809,Indiaroba - SE,16549,1782,3176,34,11523,34,10.768022236993172,19.191491933047313,69.62958486917638,88.8210768022237,0.20545048039156444,0.20545048039156444
2802908,Itabaiana - SE,103440,33565,7951,119,61693,111,32.448762567672084,7.686581593194123,59.641337973704566,67.32791956689869,0.11504253673627224,0.10730858468677494
2803005,Itabaianinha - SE,40678,9785,3425,22,27418,24,24.05477162102365,8.419784650179459,67.4025271645607,75.82231181474015,0.05408328826392644,0.0589999508333743
2803104,Itabi - SE,4745,1424,245,2,3068,6,30.01053740779768,5.163329820864067,64.65753424657534,69.8208640674394,0.04214963119072708,0.12644889357218125
2803203,Itaporanga d'Ajuda - SE,34411,5489,5502,33,23324,60,15.951294644154485,15.989073261457092,67.78065153584609,83.76972479730318,0.09589956699892477,0.1743628490889541
2803302,Japaratuba - SE,16209,2840,2633,7,10712,17,17.52113023628848,16.244061940897033,66.08674193349374,82.33080387439077,0.04318588438521809,0.10488000493552964
2803401,Japoatã - SE,13407,3100,1925,38,8331,13,23.122249571119564,14.358171104646827,62.13918102483777,76.4973521294846,0.2834340270008205,0.09696427239501752
2803500,Lagarto - SE,101579,27013,9372,58,65022,108,26.59309502948444,9.226316463048464,64.01126217033048,73.23757863337894,0.057098416011183414,0.1063211884346174
2803609,Laranjeiras - SE,23975,2755,6045,19,15125,30,11.491136600625651,25.21376433785193,63.08654848800834,88.30031282586027,0.07924921793534932,0.1251303441084463
2803708,Macambira - SE,6838,1467,503,1,4865,2,21.453641415618602,7.3559520327581165,71.14653407429073,78.50248610704884,0.014624159110851126,0.029248318221702253
2803807,Malhada dos Bois - SE,3579,825,492,3,2249,10,23.051131601005867,13.74685666387259,62.83878178262084,76.58563844649343,0.08382229673093043,0.2794076557697681
2803906,Malhador - SE,11533,2377,1166,10,7971,9,20.610422266539494,10.110118789560392,69.1147142981011,79.2248330876615,0.08670770831526922,0.07803693748374231
2804003,Maruim - SE,15719,3049,3455,17,9165,33,19.39690820026719,21.979769705452,58.30523570201667,80.28500540746867,0.10814937336980723,0.2099370188943317
2804102,Moita Bonita - SE,11050,3201,593,7,7247,2,28.968325791855204,5.366515837104072,65.58371040723982,70.9502262443439,0.06334841628959276,0.01809954751131222
2804201,Monte Alegre de Sergipe - SE,14336,4327,742,19,9246,2,30.182756696428573,5.17578125,64.49497767857143,69.67075892857143,0.13253348214285715,0.013950892857142858
2804300,Muribeca - SE,7822,1654,807,14,5344,2,21.145487087701355,10.317054461774482,68.3201227307594,78.63717719253387,0.17898235745333674,0.025568908207619534
2804409,Neópolis - SE,16426,3068,2019,8,11310,21,18.677706075733592,12.291489102642153,68.85425544867893,81.14574455132109,0.04870327529526361,0.12784609765006696
2804458,Nossa Senhora Aparecida - SE,9232,3019,371,7,5827,8,32.70147313691508,4.018630849220104,63.11741767764298,67.13604852686309,0.07582322357019064,0.08665511265164645
2804508,Nossa Senhora da Glória - SE,41212,13693,2282,18,25189,30,33.2257594875279,5.537222168300495,61.120547413374744,66.65776958167524,0.04367659904882073,0.07279433174803455
2804607,Nossa Senhora das Dores - SE,24996,6909,1914,45,16088,39,27.640422467594814,7.657225156024964,64.36229796767483,72.0195231236998,0.1800288046087374,0.15602496399423907
2804706,Nossa Senhora de Lourdes - SE,6268,1809,453,4,3985,17,28.860880663688576,7.227185705169113,63.57689853222718,70.8040842373963,0.06381620931716656,0.27121888959795787
2804805,Nossa Senhora do Socorro - SE,192330,40779,33687,304,117081,476,21.202620496022462,17.515208235844643,60.87505849321479,78.39026672905943,0.15806166484687775,0.2474912910102428
2804904,Pacatuba - SE,12502,2471,1388,7,8634,2,19.764837625979844,11.102223644216926,69.06095024796032,80.16317389217724,0.055991041433370664,0.015997440409534474
2805000,Pedra Mole - SE,2778,302,278,1,2197,0,10.871130309575234,10.007199424046076,79.08567314614831,89.09287257019439,0.03599712023038157,0.0
2805109,Pedrinhas - SE,7396,1423,978,4,4980,11,19.240129799891832,13.223363980530015,67.33369388858843,80.55705786911844,0.05408328826392644,0.14872904272579773
2805208,Pinhão - SE,5677,883,351,3,4439,1,15.553989783336268,6.182843050907169,78.19270741588868,84.37555046679584,0.05284481240091598,0.017614937466971993
2805307,Pirambu - SE,7913,1561,1191,20,5132,5,19.727031467205865,15.0511815998989,64.85530140275496,79.90648300265386,0.2527486414760521,0.06318716036901302
2805406,Poço Redondo - SE,33439,7947,2505,36,22938,12,23.765662848769402,7.491252728849547,68.59654893986064,76.08780166871018,0.10765872185173002,0.03588624061724334
2805505,Poço Verde - SE,21794,6524,1349,16,13889,15,29.934844452601634,6.18977700284482,63.72854914196568,69.9183261448105,0.07341470129393411,0.06882628246306323
2805604,Porto da Folha - SE,26576,9264,2090,16,14813,392,34.85851896447923,7.864238410596027,55.73826008428657,63.602498494882596,0.060204695966285374,1.4750150511739917
2805703,Propriá - SE,26618,7687,2716,77,16043,95,28.87895409121647,10.203621609437223,60.27124502216545,70.47486663160268,0.28927793222631304,0.35690134495454207
2805802,Riachão do Dantas - SE,18313,3176,1729,6,13401,1,17.342871184404522,9.441380440124501,73.17752416316279,82.61890460328729,0.032763610549882596,0.005460601758313766
2805901,Riachuelo - SE,8748,1267,1928,12,5530,10,14.483310470964792,22.039323273891174,63.21444901691815,85.25377229080932,0.13717421124828533,0.11431184270690443
2806008,Ribeirópolis - SE,17033,6083,661,12,10253,24,35.713027652204545,3.8807021663829038,60.194915751775966,64.07561791815887,0.07045147654552927,0.14090295309105855
2806107,Rosário do Catete - SE,9295,1684,2118,5,5482,6,18.117267348036577,22.78644432490586,58.97794513179129,81.76438945669715,0.05379236148466918,0.064550833781603
2806206,Salgado - SE,20279,4399,2375,37,13442,26,21.69239114354751,11.711622861087825,66.28531978894422,77.99694265003205,0.182454756151684,0.12821145026875091
2806305,Santa Luzia do Itanhy - SE,13616,1578,2731,51,9242,14,11.58930669800235,20.057285546415983,67.87602820211517,87.93331374853115,0.3745593419506463,0.1028202115158637
2806404,Santana do São Francisco - SE,7346,1308,764,0,5265,9,17.80560849441873,10.400217805608495,71.67165804519466,82.07187585080315,0.0,0.12251565477811054
2806503,Santa Rosa de Lima - SE,3937,666,844,0,2414,13,16.916433832867664,21.43764287528575,61.31572263144526,82.75336550673101,0.0,0.3302006604013208
2806602,Santo Amaro das Brotas - SE,11092,1941,2011,25,7102,13,17.499098449332852,18.130183916336097,64.028128380815,82.1583122971511,0.22538766678687341,0.11720158672917418
2806701,São Cristóvão - SE,95612,21104,16635,194,57416,251,22.072543195414802,17.398443709994563,60.051039618457935,77.4494833284525,0.20290340124670544,0.2625193490356859
2806800,São Domingos - SE,10327,2109,779,7,7428,4,20.42219424808754,7.543333010554856,71.92795584390433,79.47128885445919,0.06778348019754042,0.03873341725573739
2806909,São Francisco - SE,3243,739,350,0,2143,11,22.787542399013258,10.792476102374344,66.08078939253777,76.87326549491212,0.0,0.33919210607462225
2807006,São Miguel do Aleixo - SE,3434,908,264,1,2261,0,26.441467676179382,7.687827606290041,65.84158415841584,73.52941176470588,0.029120559114735003,0.0
2807105,Simão Dias - SE,42578,10929,3855,44,27709,36,25.668185447883882,9.05397153459533,65.07820940391751,74.13218093851285,0.10333975292404528,0.08455070693785523
2807204,Siriri - SE,7834,1277,1396,13,5092,56,16.300740362522337,17.819760020423793,64.99872351289252,82.81848353331631,0.1659433239724279,0.71483278018892
2807303,Telha - SE,3274,939,410,1,1910,14,28.680513133781307,12.522907758094075,58.338423946243125,70.8613317043372,0.030543677458766034,0.4276114844227245
2807402,Tobias Barreto - SE,50905,14466,3557,31,32797,54,28.4176407032708,6.987525783321874,64.42785580984186,71.41538159316373,0.060897750712110794,0.10607995285335428
2807501,Tomar do Geru - SE,12012,2936,954,31,8064,27,24.442224442224443,7.942057942057942,67.13286713286713,75.07492507492508,0.25807525807525805,0.22477522477522477
2807600,Umbaúba - SE,23917,4398,3020,26,16451,22,18.38859388719321,12.627001714261823,68.78371033156333,81.41071204582515,0.1087092862817243,0.09198478069992055
2900108,Abaíra - BA,7301,2974,572,5,3742,7,40.73414600739625,7.834543213258458,51.253252979043964,59.08779619230242,0.06848376934666484,0.09587727708533078
2900207,Abaré - BA,17639,2054,2527,16,10666,2376,11.644651057316175,14.326208968762401,60.46828051476841,74.79448948353081,0.09070809002777935,13.470151369125233
2900306,Acajutiba - BA,13795,2314,2489,2,8950,40,16.774193548387096,18.042769119246103,64.87857919536064,82.92134831460675,0.014498006524102935,0.2899601304820587
2900355,Adustina - BA,14201,4311,1215,41,8612,22,30.357017111471023,8.555735511583691,60.64361664671502,69.19935215829871,0.28871206253080767,0.15491866769945778
2900405,Água Fria - BA,14497,1127,4897,6,8411,56,7.774022211492033,33.779402635027935,58.01890046216459,91.79830309719253,0.04138787335310754,0.38628681796233705
2900504,Érico Cardoso - BA,10604,2621,1553,1,6427,2,24.71708789136175,14.64541682384006,60.609204073934364,75.25462089777443,0.00943040362127499,0.01886080724254998
2900603,Aiquara - BA,4447,581,1124,0,2739,2,13.064987632111535,25.275466606701148,61.59208455138295,86.8675511580841,0.0,0.04497413986957499
2900702,Alagoinhas - BA,151055,21773,42464,144,86349,320,14.413955181887392,28.111614974678098,57.16394690675582,85.27556188143392,0.09532951573930025,0.21184336830955613
2900801,Alcobaça - BA,24530,3452,7010,27,13842,199,14.072564207093356,28.577252344068487,56.42886261720342,85.0061149612719,0.11006930289441501,0.811251528740318
2900900,Almadina - BA,5218,861,1127,0,3216,14,16.500574932924494,21.598313530088156,61.63280950555769,83.23112303564585,0.0,0.2683020314296665
2901007,Amargosa - BA,36521,6816,10393,26,19212,74,18.66323485118151,28.45759973713754,52.605350346376056,81.0629500835136,0.0711919169792722,0.20262314832562087
2901106,Amélia Rodrigues - BA,24138,1596,9696,17,12807,20,6.611981108625404,40.169028088491174,53.05741983594333,93.2264479244345,0.07042837020465656,0.08285690612312537
2901155,América Dourada - BA,15137,2523,3653,41,8896,21,16.667767721477176,24.132919336724584,58.76990156569994,82.90282090242452,0.2708594833850829,0.13873290612406686
2901205,Anagé - BA,25438,6847,1867,6,16703,15,26.916424247189244,7.339413475902194,65.66160861702964,73.00102209293183,0.023586759965406084,0.05896689991351521
2901304,Andaraí - BA,13080,1001,3856,9,8164,50,7.652905198776758,29.480122324159023,62.415902140672785,91.89602446483181,0.06880733944954129,0.382262996941896
2901353,Andorinha - BA,15012,3775,1243,19,9903,72,25.146549427124967,8.280042632560619,65.96722621902478,74.2472688515854,0.1265654143351985,0.47961630695443647
2901403,Angical - BA,13732,3377,1856,3,8439,57,24.592193416836587,13.51587532770172,61.45499563064375,74.97087095834547,0.021846781240897173,0.41508884357704634
2901502,Anguera - BA,11031,788,3110,6,7118,9,7.143504668661046,28.193273501949054,64.52724141057021,92.72051491251926,0.054392167527875984,0.08158825129181398
2901601,Antas - BA,14206,5228,1363,5,7578,23,36.80135154160214,9.594537519358017,53.34365760946079,62.938195128818805,0.03519639588906096,0.16190342108968042
2901700,Antônio Cardoso - BA,11146,549,6139,1,4446,11,4.925533823793289,55.078054907590165,39.88874932711287,94.96680423470303,0.00897182845863987,0.09869011304503858
2901809,Antônio Gonçalves - BA,10862,1962,2163,8,6667,62,18.062971828392563,19.91345976799853,61.37911986742773,81.29257963542626,0.07365126127784938,0.5707972749033328
2901908,Aporá - BA,15922,3235,3033,1,9621,32,20.31779927144831,19.049114432860193,60.42582590126869,79.47494033412889,0.006280618012812461,0.20097977640999876
2901957,Apuarema - BA,6913,1338,1573,5,3943,54,19.35483870967742,22.754231158686533,57.037465644438015,79.79169680312455,0.07232749891508751,0.7811369882829452
2902005,Aracatu - BA,13936,4580,966,32,8351,7,32.86452353616533,6.931687715269804,59.92393800229621,66.85562571756601,0.2296211251435132,0.050229621125143516
2902054,Araçás - BA,11557,1124,4355,10,6013,55,9.72570736350264,37.68278965129359,52.02907328891581,89.7118629402094,0.0865276455827637,0.4759020507052003
2902104,Araci - BA,48294,9594,7971,45,30572,111,19.865821841222512,16.50515591999006,63.3039300948358,79.80908601482585,0.09317927692881103,0.22984221642440056
2902203,Aramari - BA,9833,702,4009,6,5103,13,7.139225058476558,40.77087358893522,51.89667446354114,92.66754805247635,0.06101901759381674,0.1322078714532696
2902252,Arataca - BA,10191,1386,2330,10,6402,63,13.600235501913453,22.863310764399962,62.820135413600234,85.6834461780002,0.09812579727210284,0.6181925228142479
2902302,Aratuípe - BA,8677,774,2319,0,5577,7,8.920133686758096,26.725826898697708,64.2733663708655,90.99919326956321,0.0,0.0806730436786908
2902401,Aurelino Leal - BA,11179,1342,3227,0,6568,42,12.004651578853206,28.866624921728242,58.75301905358261,87.61964397531085,0.0,0.37570444583594237
2902500,Baianópolis - BA,13614,3498,1039,3,9069,5,25.694138386954606,7.631849566622594,66.61524900837374,74.24709857499633,0.022036139268400177,0.03672689878066696
2902609,Baixa Grande - BA,18220,2632,2931,15,12631,9,14.445664105378706,16.086717892425906,69.32491767288694,85.41163556531285,0.08232711306256861,0.04939626783754116
2902658,Banzaê - BA,11958,2652,889,6,5554,2857,22.17762167586553,7.4343535708312425,46.44589396220104,53.88024753303228,0.050175614651279475,23.89195517645091
2902708,Barra - BA,51092,7583,11457,13,32003,35,14.841853910592656,22.424254286385345,62.63798637751507,85.06224066390041,0.02544429656306271,0.06850387536209192
2902807,Barra da Estiva - BA,26026,7254,2055,7,16694,15,27.872127872127873,7.895950203642512,64.14354875893338,72.03949896257589,0.02689618074233459,0.0576346730192884
2902906,Barra do Choça - BA,36539,9217,5318,24,21948,32,25.22510194586606,14.554311831194067,60.06732532362681,74.62163715482087,0.06568324256274118,0.08757765675032157
2903003,Barra do Mendes - BA,13836,3651,1516,16,8616,37,26.387684301821334,10.956923966464297,62.27233304423244,73.22925701069674,0.1156403584851113,0.2674183289968199
2903102,Barra do Rocha - BA,5775,614,1832,1,3324,4,10.632034632034632,31.72294372294372,57.55844155844156,89.28138528138528,0.017316017316017316,0.06926406926406926
2903201,Barreiras - BA,159734,41174,24721,453,92981,392,25.776603603490802,15.476354439255262,58.20989895701604,73.6862533962713,0.2835964791465812,0.24540799078467954
2903235,Barro Alto - BA,13453,3743,1393,21,8274,22,27.822790455660446,10.354567754404222,61.50301048093362,71.85757823533784,0.15609901137292798,0.1635322976287817
2903276,Barrocas - BA,15203,3344,3103,0,8751,5,21.995658751562193,20.410445306847333,57.561007695849504,77.97145300269683,0.0,0.032888245740972176
2903300,Barro Preto - BA,5833,711,1109,12,3950,51,12.189267958169038,19.012515000857192,67.71815532316133,86.73067032401852,0.20572604148808504,0.8743356763243614
2903409,Belmonte - BA,20121,2805,4933,20,12090,273,13.940659012971523,24.516674121564535,60.08647681526763,84.60315093683217,0.09939863823865613,1.3567914119576563
2903508,Belo Campo - BA,18412,4570,2018,21,11779,22,24.82076906365414,10.960243319574191,63.97458179448186,74.93482511405605,0.1140560504019118,0.11948729089724093
2903607,Biritinga - BA,15146,1767,3889,11,9478,1,11.666446586557507,25.676746335666184,62.57757823847881,88.25432457414499,0.07262643602271227,0.006602403274792024
2903706,Boa Nova - BA,13690,3367,1505,25,8711,82,24.594594594594593,10.993425858290722,63.630387143900656,74.62381300219138,0.18261504747991233,0.5989773557341125
2903805,Boa Vista do Tupim - BA,16873,2145,3713,25,10982,8,12.71261779173828,22.00557103064067,65.08623244236354,87.0918034730042,0.14816570852841818,0.04741302672909382
2903904,Bom Jesus da Lapa - BA,65550,13209,16203,51,35932,154,20.151029748283754,24.71853546910755,54.81617086193745,79.534706331045,0.07780320366132723,0.2349351639969489
2903953,Bom Jesus da Serra - BA,9730,2855,808,3,6047,17,29.34224049331963,8.30421377183967,62.147995889003084,70.45220966084275,0.030832476875642344,0.1747173689619733
2904001,Boninal - BA,13622,2253,2566,16,8780,7,16.539421524005284,18.837175157832917,64.45455880193803,83.29173395977095,0.11745705476435178,0.051387461459403906
2904050,Bonito - BA,15844,2515,2050,34,11177,68,15.873516788689725,12.938651855592022,70.54405453168391,83.48270638727594,0.2145922746781116,0.4291845493562232
2904100,Boquira - BA,19322,5390,1030,5,12891,6,27.895662974847323,5.330711106510713,66.7166959942035,72.04740710071422,0.025877238381119966,0.03105268605734396
2904209,Botuporã - BA,11024,2604,742,1,7674,3,23.621190130624093,6.730769230769231,69.61175616835995,76.34252539912917,0.009071117561683599,0.027213352685050797
2904308,Brejões - BA,12943,2201,3289,19,7416,18,17.005331066986017,25.411419300007726,57.29738082361122,82.70880012361894,0.1467974967163718,0.139071312678668
2904407,Brejolândia - BA,9108,2390,846,4,5864,4,26.24066754501537,9.288537549407115,64.38296003513395,73.67149758454106,0.04391743522178305,0.04391743522178305
2904506,Brotas de Macaúbas - BA,11765,3393,1006,12,7337,17,28.83977900552486,8.550786230344242,62.36294092647684,70.91372715682108,0.10199745006374841,0.14449638759031025
2904605,Brumado - BA,70510,27819,5354,53,37203,80,39.453978159126365,7.593249184512835,52.76272869096582,60.35597787547866,0.07516664302935754,0.11345908381789817
2904704,Buerarema - BA,14804,2487,2791,19,9108,399,16.799513644960822,18.85301269927047,61.52391245609295,80.37692515536342,0.12834369089435288,2.6952175087814103
2904753,Buritirama - BA,19589,3879,2742,18,12934,16,19.801929654397878,13.997651743325335,66.02685180458421,80.02450354790955,0.091888304660779,0.08167849303180356
2904803,Caatiba - BA,6205,1793,764,1,3628,19,28.896051571313457,12.312651087832393,58.46897663174859,70.78162771958098,0.016116035455278,0.30620467365028203
2904852,Cabaceiras do Paraguaçu - BA,16559,1334,6580,2,8620,23,8.056042031523642,39.73669907603116,52.05628359200435,91.7929826680355,0.01207802403526783,0.13889727640558006
2904902,Cachoeira - BA,29250,1825,15159,26,12182,58,6.239316239316239,51.825641025641026,41.64786324786325,93.47350427350428,0.08888888888888889,0.19829059829059828
2905008,Caculé - BA,22462,7656,2272,9,12521,3,34.084231145935355,10.114860653548215,55.74303267741074,65.85789333095896,0.0400676698424005,0.013355889947466833
2905107,Caém - BA,10384,1472,2763,8,6119,22,14.175654853620955,26.60824345146379,58.92719568567026,85.53543913713405,0.07704160246533127,0.211864406779661
2905156,Caetanos - BA,11266,3878,433,14,6933,7,34.42215515710989,3.843422687733002,61.53914432806675,65.38256701579975,0.12426770814841115,0.062133854074205574
2905206,Caetité - BA,52012,18358,6703,63,26844,44,35.29570099207875,12.88741059755441,51.61116665384911,64.49857725140352,0.1211258940244559,0.08459586249327078
2905305,Cafarnaum - BA,17466,2904,2268,9,12279,6,16.626588801099278,12.985228443833734,70.30230161456544,83.28753005839917,0.05152868430092752,0.034352456200618345
2905404,Cairu - BA,17761,2553,5466,31,9607,104,14.374190642418784,30.775294183886043,54.090422836551994,84.86571702043804,0.17453972186250774,0.5855526152806712
2905503,Caldeirão Grande - BA,13080,2033,2077,15,8917,38,15.542813455657493,15.87920489296636,68.17278287461774,84.0519877675841,0.11467889908256881,0.290519877675841
2905602,Camacan - BA,22579,3829,4874,17,12905,949,16.95823552858851,21.586429868461845,57.15487842685681,78.74130829531866,0.07529119978741308,4.2030205057797065
2905701,Camaçari - BA,300372,46813,83998,461,168067,1027,15.585007923508183,27.96465715845685,55.95295167325849,83.91760883171534,0.15347635598524495,0.3419093657198407
2905800,Camamu - BA,30469,3642,12735,13,13874,205,11.953132692244576,41.79658013062457,45.53480586825954,87.33138599888412,0.04266631658406905,0.6728149922872427
2905909,Campo Alegre de Lourdes - BA,30671,6875,3168,98,20474,55,22.41531087998435,10.328975253496788,66.75361090280721,77.082586156304,0.3195200678165042,0.1793224870398748
2906006,Campo Formoso - BA,71377,14929,13189,117,43008,132,20.915701136220353,18.477941073455035,60.254703896213066,78.7326449696681,0.16391834904801267,0.1849335220028861
2906105,Canápolis - BA,10225,3458,739,3,6017,8,33.81907090464548,7.227383863080685,58.84596577017115,66.07334963325184,0.029339853300733496,0.07823960880195599
2906204,Canarana - BA,24206,4984,3369,25,15804,24,20.589936379410062,13.918036850367677,65.28959762042469,79.20763447079236,0.1032801784681484,0.09914897132942246
2906303,Canavieiras - BA,32683,4732,6740,38,20981,191,14.478475048190191,20.62234189027935,64.19545329376129,84.81779518404065,0.11626839641403788,0.5844016767126641
2906402,Candeal - BA,7772,897,3016,0,3851,8,11.541430777148738,38.80597014925373,49.549665465774574,88.3556356150283,0.0,0.1029336078229542
2906501,Candeias - BA,72382,6952,26148,157,39028,97,9.604597828189329,36.12500345389738,53.919482744328704,90.04448619822608,0.21690475532590975,0.1340112182586831
2906600,Candiba - BA,13016,3634,1636,8,7735,3,27.919483712354026,12.569145666871544,59.426859250153655,71.9960049170252,0.06146281499692686,0.023048555623847573
2906709,Cândido Sales - BA,25247,6918,2300,17,15964,48,27.401275399057315,9.109993266526716,63.23127500297065,72.34126826949736,0.06733473283954529,0.19012159860577493
2906808,Cansanção - BA,37439,8188,3697,10,25462,82,21.870242260744146,9.874729560084404,68.00929512006196,77.88402468014637,0.02671011512059617,0.21902294398888858
2906824,Canudos - BA,16105,2776,1731,31,11559,8,17.23688295560385,10.748214840111766,71.77274138466315,82.52095622477492,0.19248680533995655,0.04967401428127911
2906857,Capela do Alto Alegre - BA,10744,2966,1244,16,6502,16,27.606105733432614,11.57855547282204,60.5174981384959,72.09605361131794,0.14892032762472077,0.14892032762472077
2906873,Capim Grosso - BA,33235,8926,4633,13,19575,88,26.85722882503385,13.940123363923574,58.89875131638333,72.8388746803069,0.03911539040168497,0.2647811042575598
2906899,Caraíbas - BA,9940,3715,650,5,5556,14,37.374245472837025,6.5392354124748495,55.8953722334004,62.43460764587525,0.05030181086519115,0.14084507042253522
2906907,Caravelas - BA,20580,3273,4277,20,12897,110,15.903790087463557,20.782312925170068,62.667638483965014,83.44995140913508,0.09718172983479106,0.5344995140913509
2907004,Cardeal da Silva - BA,8365,761,3459,13,4070,62,9.097429766885833,41.35086670651524,48.65511057979677,90.005977286312,0.15540944411237298,0.7411835026897788
2907103,Carinhanha - BA,28869,5792,3835,30,19182,30,20.06304340295819,13.284145623332988,66.44497557934116,79.72912120267415,0.10391769718383041,0.10391769718383041
2907202,Casa Nova - BA,72086,21362,8662,106,41715,240,29.63404822018145,12.016202868795606,57.86837943567406,69.88458230446966,0.14704658324778735,0.3329356601836695
2907301,Castro Alves - BA,24712,2964,7135,8,14586,18,11.994172871479444,28.872612495953383,59.02395597280673,87.89656846876011,0.03237293622531564,0.07283910650696018
2907400,Catolândia - BA,3434,917,433,0,2083,1,26.703552708211998,12.609202096680256,60.65812463599301,73.26732673267327,0.0,0.029120559114735003
2907509,Catu - BA,48148,6299,11304,30,30437,78,13.082578715626818,23.477610700340616,63.215502201545235,86.69311290188585,0.062307884024258534,0.16200049846307218
2907558,Caturama - BA,8841,3294,817,8,4720,2,37.25822870715982,9.241036081891188,53.387625834181655,62.62866191607284,0.09048750141386722,0.022621875353466804
2907608,Central - BA,16348,3820,2043,27,10421,37,23.36677269390751,12.496941521898703,63.74480058722779,76.24174210912649,0.16515781747002692,0.22632737949596282
2907707,Chorrochó - BA,10579,980,1439,5,8134,21,9.263635504300973,13.602419888458266,76.88817468569808,90.49059457415635,0.047263446450515174,0.1985064750921637
2907806,Cícero Dantas - BA,30907,11060,2899,19,16771,156,35.78477367586631,9.379752159704921,54.26278836509528,63.642540524800204,0.061474746821108484,0.5047400265312065
2907905,Cipó - BA,17230,4151,3194,7,9824,54,24.09170052234475,18.53743470690656,57.01683110853163,75.55426581543819,0.04062681369704005,0.3134068485200232
2908002,Coaraci - BA,17333,2943,3464,18,10849,53,16.979172676397624,19.984999711532915,62.591588299775,82.5765880113079,0.10384815092597935,0.3057751110598281
2908101,Cocos - BA,19151,6529,1408,46,11107,61,34.09221450576993,7.352096496266514,57.996971437522845,65.34906793378936,0.24019633439507077,0.3185212260456373
2908200,Conceição da Feira - BA,20800,1647,10457,12,8647,37,7.918269230769231,50.27403846153846,41.57211538461539,91.84615384615384,0.057692307692307696,0.1778846153846154
2908309,Conceição do Almeida - BA,15794,1590,6565,2,7634,3,10.06711409395973,41.566417626946944,48.33481068760289,89.90122831454983,0.012663036596175762,0.018994554894263646
2908408,Conceição do Coité - BA,67825,16552,13721,59,37361,131,24.40398083302617,20.230003685956504,55.08440840398083,75.31441208993733,0.08698857353483229,0.19314412089937338
2908507,Conceição do Jacuípe - BA,35308,2946,12363,25,19901,73,8.343718137532571,35.014727540500736,56.363996827914356,91.37872436841509,0.0708054831766172,0.2067520108757222
2908606,Conde - BA,23654,2656,6568,12,14291,126,11.228544854992814,27.76697387334066,60.416842817282486,88.18381669062315,0.05073137735689524,0.5326794622474
2908705,Condeúba - BA,17053,4296,925,12,11820,0,25.192048319943705,5.424265525127543,69.31331730487304,74.73758283000058,0.07036885005570867,0.0
2908804,Contendas do Sincorá - BA,4333,1015,718,4,2592,4,23.424878836833603,16.570505423494115,59.819986152780984,76.3904915762751,0.09231479344564966,0.09231479344564966
2908903,Coração de Maria - BA,26692,2146,10224,28,14208,85,8.039862130975573,38.30361156900944,53.22943203956242,91.53304360857186,0.10490034467256107,0.3184474748988461
2909000,Cordeiros - BA,7546,2317,307,2,4918,0,30.70500927643785,4.068380598992844,65.17360190829578,69.24198250728863,0.026504108136761198,0.0
2909109,Coribe - BA,13990,3846,1048,12,9080,4,27.49106504646176,7.491065046461759,64.90350250178699,72.39456754824874,0.08577555396711938,0.028591851322373123
2909208,Coronel João Sá - BA,17056,4195,1272,4,11583,1,24.59545028142589,7.457786116322701,67.91158536585365,75.36937148217635,0.02345215759849906,0.005863039399624765
2909307,Correntina - BA,32457,8356,3923,44,20025,108,25.744831623378623,12.086760945250639,61.69701451150753,73.78377545675818,0.13556397695412392,0.33274794343284964
2909406,Cotegipe - BA,13063,2660,1699,6,8636,62,20.362856924136874,13.00620071958968,66.11038811911506,79.11658883870474,0.045931256219857615,0.47462298093852867
2909505,Cravolândia - BA,4415,784,1036,4,2588,3,17.757644394110986,23.465458663646658,58.618346545866366,82.08380520951303,0.09060022650056625,0.06795016987542468
2909604,Crisópolis - BA,19729,4444,1931,7,13333,14,22.52521668609661,9.787622281920017,67.58071873891227,77.36834102083229,0.03548076435703786,0.07096152871407573
2909703,Cristópolis - BA,13993,3723,1121,3,9134,12,26.606160222968626,8.011148431358537,65.2754948903023,73.28664332166083,0.021439291074108482,0.08575716429643393
2909802,Cruz das Almas - BA,60348,7939,19945,47,32310,100,13.155365546496984,33.04997680121959,53.53947106780672,86.58944786902632,0.0778816199376947,0.16570557433552063
2909901,Curaçá - BA,34180,5253,4276,31,22903,1717,15.368636629607957,12.510239906377999,67.00702165008776,79.51726155646577,0.09069631363370392,5.023405500292569
2910008,Dário Meira - BA,10820,1882,1993,10,6929,6,17.393715341959336,18.419593345656192,64.03881700554528,82.45841035120148,0.09242144177449169,0.05545286506469501
2910057,Dias d'Ávila - BA,71485,9982,21125,144,40041,190,13.963768622787997,29.55165419318738,56.013149611806675,85.56480380499406,0.2014408617192418,0.26579002587955514
2910107,Dom Basílio - BA,11884,6054,427,3,5396,4,50.942443621676205,3.593066307640525,45.40558734432851,48.998653651969036,0.02524402558061259,0.03365870077415012
2910206,Dom Macedo Costa - BA,4407,692,1707,1,1978,29,15.702291808486498,38.73383253914228,44.883140458361694,83.61697299750398,0.02269117313365101,0.6580440208758793
2910305,Elísio Medrado - BA,7808,1677,1885,5,4227,14,21.47797131147541,24.141905737704917,54.13678278688525,78.27868852459017,0.06403688524590163,0.17930327868852458
2910404,Encruzilhada - BA,19107,3570,1813,8,13709,6,18.684251844873607,9.488669074161303,71.74857382111269,81.237242895274,0.041869471921285394,0.03140210394096404
2910503,Entre Rios - BA,38098,4363,11862,95,21640,138,11.45204472675731,31.135492676780935,56.80088193605964,87.93637461284058,0.24935692162318232,0.36222373877893854
2910602,Esplanada - BA,32554,5011,7624,75,19697,147,15.392885666891933,23.419549056951528,60.50562142901026,83.92517048596179,0.23038643484671623,0.4515574122995638
2910701,Euclides da Cunha - BA,61456,14114,5113,49,40704,1475,22.966024472793542,8.31977349648529,66.23275188752929,74.55252538401459,0.0797318406664931,2.400091122103619
2910727,Eunápolis - BA,113710,24498,17875,198,69105,2032,21.54427930700906,15.719813560812593,60.773019083633805,76.4928326444464,0.17412716559669333,1.7870020226892973
2910750,Fátima - BA,17895,5666,900,11,11295,23,31.66247555183012,5.029337803855825,63.11818943839061,68.14752724224644,0.06146968426934898,0.1285275216540933
2910776,Feira da Mata - BA,5631,1933,586,14,3064,34,34.327828094477,10.40667732196768,54.41307050257503,64.81974782454272,0.24862369028591724,0.6038003906943704
2910800,Feira de Santana - BA,616272,103932,180190,590,330451,1086,16.864631201806993,29.238712776176754,53.62096606693149,82.85967884310824,0.09573694732196174,0.17622088947737363
2910859,Filadélfia - BA,17897,2882,3957,9,11008,41,16.10325752919484,22.109850812985417,61.507515226015535,83.61736603900096,0.05028775772475834,0.22908867407945466
2910909,Firmino Alves - BA,4873,918,974,2,2971,8,18.838497845269853,19.98768725631028,60.968602503591214,80.9562897599015,0.04104247896572953,0.16416991586291813
2911006,Floresta Azul - BA,11059,2223,2177,6,6616,37,20.10127497965458,19.685324170358985,59.82457726738403,79.50990143774301,0.05425445338638213,0.33456912921602316
2911105,Formosa do Rio Preto - BA,25899,3699,5465,535,16171,28,14.2824047260512,21.101200818564422,62.43870419707324,83.53990501563766,2.0657168230433607,0.10811228232750299
2911204,Gandu - BA,32178,4917,7559,25,19649,28,15.280626515010255,23.491205171235006,61.06345950649512,84.55466467773013,0.07769283361302753,0.08701597364659083
2911253,Gavião - BA,4360,1043,430,1,2884,2,23.922018348623855,9.862385321100918,66.14678899082568,76.0091743119266,0.022935779816513763,0.045871559633027525
2911303,Gentio do Ouro - BA,10884,3910,1064,5,5898,7,35.92429253950753,9.775817714075707,54.1896361631753,63.96545387725101,0.04593899301727306,0.06431459022418229
2911402,Glória - BA,15524,3563,1079,7,8758,2117,22.9515588765782,6.950528214377738,56.41587219788714,63.36640041226488,0.045091471270291165,13.636949239886627
2911501,Gongogi - BA,5555,595,1661,1,3296,2,10.711071107110712,29.900990099009903,59.333933393339336,89.23492349234924,0.018001800180018002,0.036003600360036005
2911600,Governador Mangabeira - BA,20605,1752,8522,9,10248,74,8.502790584809512,41.35889347245814,49.73550109196797,91.09439456442611,0.04367871875758311,0.35913613200679445
2911659,Guajeru - BA,8050,1969,594,1,5470,16,24.459627329192546,7.37888198757764,67.95031055900621,75.32919254658385,0.012422360248447204,0.19875776397515527
2911709,Guanambi - BA,87817,28811,11084,127,47593,196,32.80799845132491,12.621701948369905,54.195656877369984,66.81735882573989,0.14461892344306912,0.22319140940820115
2911808,Guaratinga - BA,19049,3486,2161,16,13232,154,18.300173237440287,11.344427529004147,69.4629639351147,80.80739146411885,0.08399391044149299,0.80844138799937
2911857,Heliópolis - BA,12309,4044,674,4,7575,12,32.85400926151596,5.47566821025266,61.54033633926395,67.01600454951661,0.03249654724185555,0.09748964172556666
2911907,Iaçu - BA,24607,3838,5273,18,15439,39,15.597187792091681,21.428861706018612,62.74230909903686,84.17117080505547,0.07314991669037266,0.1584914861624741
2912004,Ibiassucê - BA,10429,3473,1087,6,5852,11,33.30137117652699,10.422859334547896,56.11276248921277,66.53562182376066,0.057531882251414326,0.10547511746092626
2912103,Ibicaraí - BA,21665,4563,3901,23,13039,139,21.06162012462497,18.00600046157397,60.1846295868913,78.19063004846527,0.10616201246249711,0.6415878144472652
2912202,Ibicoara - BA,20785,3888,3142,31,13682,42,18.705797450084194,15.116670675968246,65.82631705556892,80.94298773153717,0.1491460187635314,0.20206879961510704
2912301,Ibicuí - BA,13934,3809,1748,7,8332,38,27.336012630974594,12.544854313190756,59.7961820008612,72.34103631405196,0.05023683077364719,0.27271422419979907
2912400,Ibipeba - BA,16603,4043,2859,7,9663,31,24.35102089983738,17.21977955791122,58.20032524242607,75.42010480033728,0.042161055230982354,0.18671324459435043
2912509,Ibipitanga - BA,13863,5130,630,15,8073,15,37.00497727764553,4.544470893745943,58.234148452715864,62.77861934646181,0.10820168794633196,0.10820168794633196
2912608,Ibiquera - BA,3725,509,329,6,2874,5,13.664429530201343,8.832214765100671,77.15436241610739,85.98657718120806,0.1610738255033557,0.1342281879194631
2912707,Ibirapitanga - BA,25344,2767,7945,10,14580,41,10.917771464646465,31.34864267676768,57.52840909090909,88.87705176767678,0.039457070707070704,0.1617739898989899
2912806,Ibirapuã - BA,8896,1930,1537,22,5386,21,21.695143884892087,17.27742805755396,60.544064748201436,77.8214928057554,0.24730215827338128,0.2360611510791367
2912905,Ibirataia - BA,18792,2639,3092,10,13046,4,14.04320987654321,16.45381013197105,69.42315879097488,85.87696892294593,0.05321413367390379,0.021285653469561516
2913002,Ibitiara - BA,14637,2863,2834,8,8920,12,19.56001912960306,19.361891097902575,60.94144975063196,80.30334084853453,0.0546560087449614,0.08198401311744209
2913101,Ibititá - BA,16969,4710,3270,11,8945,32,27.756497141846896,19.270434321409628,52.71377217278567,71.98420649419529,0.06482409098945136,0.18857917378749484
2913200,Ibotirama - BA,26309,4597,3908,26,17162,615,17.473108061879966,14.854232391957124,65.23242996693146,80.08666235888859,0.09882549697822038,2.337603101600213
2913309,Ichu - BA,6190,1419,1986,3,2781,1,22.924071082390952,32.08400646203554,44.92730210016155,77.01130856219709,0.048465266558966075,0.01615508885298869
2913408,Igaporã - BA,15527,5779,2636,6,7103,3,37.21903780511367,16.97687898499388,45.74611966252335,62.72299864751723,0.03864236491273266,0.01932118245636633
2913457,Igrapiúna - BA,13151,1113,4641,0,7380,17,8.46323473500114,35.290092008212305,56.11740552049274,91.40749752870505,0.0,0.12926773629381796
2913507,Iguaí - BA,21491,5394,2176,33,13847,40,25.09887860034433,10.125168675259411,64.43162253966777,74.55679121492719,0.15355264994648923,0.1861244241775627
2913606,Ilhéus - BA,178649,30561,40755,264,99118,7944,17.10672883699321,22.81289008054901,55.48197862848379,78.2948687090328,0.14777580618979116,4.446708349892806
2913705,Inhambupe - BA,33790,4916,9183,69,19554,68,14.548683042320214,27.17667949097366,57.869192068659366,85.04587155963303,0.20420242675347736,0.20124297129328203
2913804,Ipecaetá - BA,13709,2099,3191,13,8385,21,15.311109490115982,23.276679553577942,61.164198701582905,84.44087825516084,0.0948282150412138,0.15318403968196076
2913903,Ipiaú - BA,40706,7437,8778,26,24376,83,18.270033901636122,21.564388542229647,59.883063921780575,81.44745246401023,0.06387264776691397,0.2039011447943792
2914000,Ipirá - BA,56876,10764,11564,55,34378,114,18.92538153175329,20.33195020746888,60.44377241718827,80.77572262465715,0.09670159645544693,0.20043603628947185
2914109,Ipupiara - BA,9935,4891,519,1,4520,4,49.22999496728737,5.223955712128838,45.495722194262704,50.71967790639154,0.010065425264217413,0.04026170105686965
2914208,Irajuba - BA,6101,1338,967,22,3763,11,21.93083101130962,15.849860678577283,61.67841337485658,77.52827405343386,0.36059662350434357,0.18029831175217179
2914307,Iramaia - BA,10752,1689,1942,3,7096,22,15.708705357142858,18.061755952380953,65.99702380952381,84.05877976190476,0.027901785714285716,0.20461309523809523
2914406,Iraquara - BA,23879,3284,2953,12,17608,22,13.752669709786842,12.3665145106579,73.73843125759035,86.10494576824826,0.050253360693496375,0.09213116127141002
2914505,Irará - BA,28043,1773,12338,39,13798,95,6.322433405841029,43.99671932389545,49.2030096637307,93.19972898762614,0.13907213921477732,0.3387654673180473
2914604,Irecê - BA,74507,21584,10723,76,41920,203,28.969090152603112,14.391936328130242,56.263169903499,70.65510623162925,0.10200383856550391,0.27245762143154334
2914653,Itabela - BA,28165,4818,3658,14,19271,404,17.10633765311557,12.987750754482514,68.42180010651518,81.4095508609977,0.04970708325936446,1.4344044026273743
2914703,Itaberaba - BA,65073,11737,13709,118,39352,154,18.0366665129931,21.067109246538504,60.47362193229143,81.54073117882993,0.1813348085995728,0.23665729257910348
2914802,Itabuna - BA,186708,38535,36602,211,110260,1096,20.639179895880197,19.603873428026652,59.05478072712471,78.65865415515137,0.11301069048996294,0.5870128757203762
2914901,Itacaré - BA,27704,3497,9311,37,14532,327,12.62272596015016,33.608865145827316,52.45451920300318,86.0633843488305,0.13355472133987872,1.1803349696794687
2915007,Itaeté - BA,13472,1711,3899,7,7799,56,12.70041567695962,28.94150831353919,57.89043942992874,86.83194774346794,0.05195961995249406,0.4156769596199525
2915106,Itagi - BA,13803,2096,2473,15,9189,30,15.1851046873868,17.916394986597115,66.57248424255597,84.48887922915308,0.10867202782003912,0.21734405564007825
2915205,Itagibá - BA,15310,2300,2822,0,10163,25,15.022860875244938,18.4323971260614,66.38145003265839,84.8138471587198,0.0,0.16329196603527107
2915304,Itagimirim - BA,6347,1171,967,8,4144,55,18.449661257286905,15.235544351662202,65.2906885142587,80.5262328659209,0.12604380022057665,0.8665511265164645
2915353,Itaguaçu da Bahia - BA,12311,2621,2353,7,7293,37,21.289903338477785,19.1129883843717,59.23970432946146,78.35269271383316,0.056859718950532046,0.30054422873852654
2915403,Itaju do Colônia - BA,6037,847,853,3,3178,1156,14.030147424217326,14.1295345370217,52.64204074871625,66.77157528573795,0.04969355640218651,19.14858373364254
2915502,Itajuípe - BA,18781,3096,4188,32,11405,60,16.484745221234228,22.299132101592033,60.72626590703371,83.02539800862574,0.17038496352696875,0.3194718066130664
2915601,Itamaraju - BA,59605,8190,6595,49,43555,1214,13.740458015267176,11.064508011072897,73.07272879791964,84.13723680899254,0.08220786846741045,2.0367418840701284
2915700,Itamari - BA,7051,1194,1420,4,4416,17,16.933768259821303,20.138987377676926,62.62941426747979,82.76840164515671,0.056729541908949084,0.2411005531130336
2915809,Itambé - BA,24394,4882,3875,12,15577,48,20.013117979831105,15.885053701729934,63.855866196605724,79.74091989833566,0.04919242436664754,0.19676969746659015
2915908,Itanagra - BA,5914,499,1894,2,3504,15,8.437605681433885,32.025701724721,59.249239093676024,91.27494081839703,0.033818058843422386,0.2536354413256679
2916005,Itanhém - BA,17813,4781,1881,25,11015,111,26.839948352326953,10.559703587267725,61.8368607196991,72.39656430696682,0.14034693762982092,0.6231404030764048
2916104,Itaparica - BA,19789,1340,6278,13,12121,37,6.771438678053464,31.72469553792511,61.251200161705995,92.97589569963111,0.06569306180201122,0.18697256051341654
2916203,Itapé - BA,10341,1440,1633,4,7227,37,13.92515230635335,15.791509525190987,69.88685813751088,85.67836766270187,0.038680978628759306,0.3577990523160236
2916302,Itapebi - BA,9174,1442,2092,13,5501,126,15.718334423370395,22.803575321560935,59.962938739917156,82.76651406147809,0.14170481796381076,1.3734466971877044
2916401,Itapetinga - BA,65897,15066,10434,66,40013,315,22.86295278996009,15.83380123526109,60.72051838475196,76.55431962001305,0.10015630453586657,0.47801872619390867
2916500,Itapicuru - BA,31679,5573,4503,5,21568,30,17.592095710091858,14.214463840399002,68.08295716405189,82.2974210044509,0.01578332649389185,0.09469995896335112
2916609,Itapitanga - BA,10279,2223,2344,0,5705,7,21.626617375231053,22.803774686253526,55.50150792878685,78.30528261504037,0.0,0.06810000972857282
2916708,Itaquara - BA,8153,1567,1345,3,5236,1,19.219919048203117,16.496994971176253,64.22175886176868,80.71875383294493,0.0367962713111738,0.012265423770391267
2916807,Itarantim - BA,17052,4529,2049,11,10399,64,26.55993431855501,12.016185784658692,60.98404879193057,73.00023457658926,0.06450856204550785,0.37532254281022753
2916856,Itatim - BA,15737,3453,1595,9,10657,23,21.941920315180784,10.135349812543687,67.71938743089534,77.85473724343902,0.057190061638177546,0.1461523797420093
2916906,Itiruçu - BA,10999,2381,2070,6,6529,13,21.647422492953904,18.819892717519775,59.35994181289208,78.17983453041185,0.05455041367397036,0.11819256296026912
2917003,Itiúba - BA,33872,6218,3735,64,23770,85,18.35734529995276,11.026806802078413,70.17595654227681,81.20276334435522,0.1889466225791214,0.2509447331128956
2917102,Itororó - BA,16617,3597,2642,18,10247,113,21.64650658963712,15.899380152855509,61.66576397665042,77.56514412950592,0.10832280194981043,0.6800264789071433
2917201,Ituaçu - BA,17914,5712,1444,6,10737,15,31.885676007591826,8.060734620966842,59.93636262141342,67.99709724238026,0.03349335715083175,0.08373339287707939
2917300,Ituberá - BA,21902,3510,6594,63,11715,20,16.025933704684505,30.10683955803123,53.48826591178888,83.59510546982011,0.2876449639302347,0.09131586156515387
2917334,Iuiu - BA,11118,2149,1378,11,7579,1,19.329016010073754,12.394315524374887,68.16873538406188,80.56305090843676,0.09893865803202015,0.008994423457456376
2917359,Jaborandi - BA,9275,1919,512,1,6839,4,20.6900269541779,5.520215633423181,73.73584905660377,79.25606469002695,0.01078167115902965,0.0431266846361186
2917409,Jacaraci - BA,14436,5663,645,18,8103,7,39.22831809365475,4.467996674979219,56.13050706566916,60.598503740648376,0.12468827930174564,0.048489886395123305
2917508,Jacobina - BA,82590,17328,16588,129,48210,334,20.980748274609518,20.084756023731686,58.37268434435162,78.4574403680833,0.15619324373410826,0.4044073132340477
2917607,Jaguaquara - BA,45964,9479,8504,90,27730,157,20.622661213123315,18.5014359063615,60.32982334000522,78.83125924636673,0.1958054129318597,0.34157166478113304
2917706,Jaguarari - BA,32703,7832,2984,36,21816,34,23.94887319206189,9.12454514876311,66.70947619484451,75.83402134360762,0.11008164388588203,0.10396599700333303
2917805,Jaguaripe - BA,17659,1504,6401,3,9736,15,8.5169035619231,36.24780565150915,55.133359759895804,91.38116541140495,0.01698850444532533,0.08494252222662665
2917904,Jandaíra - BA,9285,1051,1459,15,6735,25,11.31933225632741,15.713516424340334,72.53634894991923,88.24986537425957,0.16155088852988692,0.2692514808831449
2918001,Jequié - BA,158813,36354,31558,181,90432,276,22.891073148923578,19.871169236775327,56.942441739656076,76.8136109764314,0.11397051878624546,0.1737892993646616
2918100,Jeremoabo - BA,37626,8840,4319,25,24362,79,23.49439217562324,11.47876468399511,64.74778078987934,76.22654547387445,0.06644341678626482,0.20996119704459681
2918209,Jiquiriçá - BA,13629,1941,4077,1,7609,1,14.241690512876954,29.914153642967204,55.82948125321007,85.74363489617727,0.007337295472888693,0.007337295472888693
2918308,Jitaúna - BA,14355,2156,3107,3,9084,5,15.019157088122606,21.64402647161268,63.28108672936259,84.92511320097528,0.02089864158829676,0.034831069313827935
2918357,João Dourado - BA,24854,5312,4278,26,15209,28,21.372817252756096,17.212521123360425,61.1933692765752,78.40589039993563,0.1046109278184598,0.11265792226603363
2918407,Juazeiro - BA,237821,52067,38627,362,145772,986,21.89335676832576,16.24204759041464,61.29483939601633,77.53688698643097,0.15221532160742743,0.41459753343901506
2918456,Jucuruçu - BA,9655,1678,685,7,7278,7,17.379596064215434,7.09476954945624,75.38063179699637,82.47540134645261,0.07250129466597618,0.07250129466597618
2918506,Jussara - BA,16354,3814,1700,10,10812,18,23.321511556805675,10.395010395010395,66.11226611226611,76.50727650727652,0.06114711997064938,0.1100648159471689
2918555,Jussari - BA,5888,880,1318,16,3593,81,14.945652173913043,22.38451086956522,61.02241847826087,83.4069293478261,0.2717391304347826,1.375679347826087
2918605,Jussiape - BA,7379,3127,605,2,3633,12,42.37701585580702,8.198942946198672,49.23431359262773,57.4332565388264,0.027103943623797262,0.1626236617427836
2918704,Lafaiete Coutinho - BA,4075,803,747,8,2514,3,19.70552147239264,18.33128834355828,61.693251533742334,80.02453987730061,0.19631901840490798,0.0736196319018405
2918753,Lagoa Real - BA,14105,6135,988,1,6966,15,43.4952144629564,7.0046082949308754,49.3867422899681,56.39135058489897,0.007089684509039348,0.10634526763559021
2918803,Laje - BA,21052,2635,7220,13,11179,5,12.516625498764963,34.29602888086642,53.10184305529166,87.39787193615808,0.061751852555576664,0.02375071252137564
2918902,Lajedão - BA,3845,1018,427,14,2376,10,26.47594278283485,11.105331599479843,61.79453836150845,72.8998699609883,0.3641092327698309,0.26007802340702213
2919009,Lajedinho - BA,3527,543,631,1,2351,1,15.395520272185994,17.890558548341367,66.65721576410547,84.54777431244685,0.02835270768358378,0.02835270768358378
2919058,Lajedo do Tabocal - BA,7494,1799,1280,14,4384,17,24.005871363757674,17.080330931411797,58.5001334400854,75.5804643714972,0.18681611956231653,0.2268481451828129
2919108,Lamarão - BA,9015,592,2988,26,5364,45,6.566833056017749,33.14475873544093,59.500831946755405,92.64559068219634,0.28840820854132004,0.49916805324459235
2919157,Lapão - BA,25736,5416,4820,73,15363,57,21.044451352191484,18.72862915760025,59.69459123406901,78.42322039166926,0.2836493627603357,0.2214796394156046
2919207,Lauro de Freitas - BA,203331,40266,60760,394,101186,717,19.803178069256532,29.882310124870287,49.76417762171042,79.6464877465807,0.19377271542460323,0.35262699735898606
2919306,Lençóis - BA,10774,1248,3378,6,6111,31,11.583441618711714,31.353257842955262,56.71988119547058,88.07313903842584,0.05568962316688324,0.2877297196955634
2919405,Licínio de Almeida - BA,11834,3838,896,15,7072,12,32.43197566334291,7.571404427919554,59.76001352036505,67.33141794828461,0.12675342234240325,0.1014027378739226
2919504,Livramento de Nossa Senhora - BA,43903,16437,4719,28,22689,30,37.43935494157574,10.748695988884586,51.679839646493406,62.42853563537799,0.06377696284991914,0.06833246019634194
2919553,Luís Eduardo Magalhães - BA,107909,29869,15441,319,62031,249,27.679804279531826,14.309279114809701,57.48454716474066,71.79382627955036,0.29561945713517873,0.23074998378263167
2919603,Macajuba - BA,10454,1740,1655,7,7039,13,16.644346661564953,15.83126076143103,67.33307824756075,83.16433900899177,0.06696001530514635,0.12435431413812895
2919702,Macarani - BA,21599,5215,3140,14,13214,15,24.144636325755823,14.537710079170331,61.17875827584611,75.71646835501645,0.06481781563961295,0.06944765961387102
2919801,Macaúbas - BA,41859,14559,2737,69,24362,129,34.78105067010679,6.538617740509807,58.20014811629518,64.73876585680499,0.1648391027019279,0.30817745287751735
2919900,Macururé - BA,7256,1060,606,0,5577,13,14.608599779492833,8.351708930540243,76.86052921719956,85.2122381477398,0.0,0.17916207276736493
2919926,Madre de Deus - BA,18504,2024,4175,26,12238,40,10.938175529615219,22.56268914829226,66.1370514483355,88.69974059662776,0.14051015996541288,0.21616947686986598
2919959,Maetinga - BA,6973,2024,432,0,4511,6,29.026244084325256,6.195324824322387,64.69238491323676,70.88770973755915,0.0,0.08604617811558869
2920007,Maiquinique - BA,8731,2115,1533,2,5046,35,24.224029320810903,17.558126216928187,57.79406711716871,75.3521933340969,0.022906883518497307,0.4008704615737029
2920106,Mairi - BA,17674,3389,3165,21,10984,14,19.1750594093018,17.907660970917732,62.14778771076157,80.05544868167931,0.11881860359850628,0.07921240239900419
2920205,Malhada - BA,15398,1228,2618,0,11552,0,7.975061696324198,17.002208078971297,75.0227302247045,92.0249383036758,0.0,0.0
2920304,Malhada de Pedras - BA,8670,3253,401,0,5014,2,37.520184544406,4.625144175317185,57.831603229527104,62.45674740484429,0.0,0.02306805074971165
2920403,Manoel Vitorino - BA,13860,4271,1619,4,7963,3,30.815295815295816,11.681096681096681,57.45310245310245,69.13419913419914,0.02886002886002886,0.021645021645021644
2920452,Mansidão - BA,13919,687,1660,0,11567,5,4.935699403692794,11.926144119548818,83.10223435591638,95.0283784754652,0.0,0.035922120842014515
2920502,Maracás - BA,27620,6802,3680,45,16919,174,24.627081824764662,13.32367849384504,61.25633598841419,74.58001448225923,0.16292541636495295,0.6299782766111514
2920601,Maragogipe - BA,35859,5155,10470,26,20167,41,14.375749463175215,29.197690956245292,56.239716668061014,85.4374076243063,0.07250620485791573,0.11433670766055941
2920700,Maraú - BA,24527,3060,8107,20,13263,77,12.476046805561218,33.05336975577934,54.075100909202106,87.12847066498145,0.08154278957883149,0.31393973987850127
2920809,Marcionílio Souza - BA,9267,1273,1960,4,6016,14,13.736915938275601,21.15031833387288,64.91852811049962,86.0688464443725,0.04316391496708751,0.1510737023848063
2920908,Mascote - BA,13544,2305,3061,14,8025,139,17.018606024808033,22.600413467217955,59.251329001772,81.85174246898995,0.10336680448907265,1.0262847017129355
2921005,Mata de São João - BA,42566,4550,14417,64,23413,122,10.689282525959687,33.86975520368369,55.00399379786684,88.87374900155052,0.1503547432222901,0.28661372926749046
2921054,Matina - BA,10330,2743,1802,0,5783,2,26.55372700871249,17.44433688286544,55.98257502420135,73.4269119070668,0.0,0.01936108422071636
2921104,Medeiros Neto - BA,22194,5285,1881,10,15001,17,23.812742182571867,8.475263584752636,67.59033973145895,76.0656033162116,0.045057222672794446,0.07659727854375056
2921203,Miguel Calmon - BA,24661,4584,3512,33,16506,25,18.588054012408257,14.241109444061474,66.93159239284701,81.17270183690849,0.1338145249584364,0.10137464012002757
2921302,Milagres - BA,11071,2500,1683,2,6882,2,22.581519284617467,15.20187878240448,62.16240628669497,77.36428506909945,0.018065215427693977,0.018065215427693977
2921401,Mirangaba - BA,15734,2042,4040,17,9623,12,12.978263632896912,25.67687809838566,61.160544044743865,86.83742214312953,0.10804626922588026,0.07626795474768018
2921450,Mirante - BA,10187,3574,379,5,6215,14,35.083930499656425,3.7204279964660842,61.00912928241877,64.72955727888485,0.04908216354176892,0.13743005791695298
2921500,Monte Santo - BA,47780,17816,3442,9,26387,126,37.28756802009209,7.203850983675178,55.226035998325656,62.42988698200084,0.018836333193804938,0.26370866471326915
2921609,Morpará - BA,7996,1769,908,0,5317,2,22.123561780890444,11.35567783891946,66.49574787393696,77.85142571285643,0.0,0.02501250625312656
2921708,Morro do Chapéu - BA,33594,5873,7120,53,20434,112,17.482288503899508,21.19426087991903,60.82633803655415,82.02059891647318,0.15776626778591415,0.3333928677740073
2921807,Mortugaba - BA,11143,2750,638,36,7707,12,24.679170779861796,5.7255676209279365,69.16449789105268,74.89006551198061,0.32307278111819077,0.10769092703939694
2921906,Mucugê - BA,12137,2719,1971,11,7400,36,22.402570651726126,16.239597923704377,60.970585811979895,77.21018373568427,0.09063195188267281,0.29661366070692924
2922003,Mucuri - BA,37977,7597,7056,37,23134,153,20.004213076335677,18.57966664033494,60.91581746846776,79.4954841088027,0.09742739026252732,0.4028754245990995
2922052,Mulungu do Morro - BA,13152,2204,1047,40,9807,54,16.757907542579076,7.960766423357664,74.56660583941606,82.52737226277372,0.30413625304136255,0.41058394160583944
2922102,Mundo Novo - BA,17305,3284,3018,12,10972,17,18.977174227101994,17.440046229413465,63.403640566310315,80.84368679572378,0.06934412019647501,0.09823750361167292
2922201,Muniz Ferreira - BA,7190,898,2050,5,4236,1,12.489568845618916,28.51182197496523,58.915159944367176,87.4269819193324,0.06954102920723226,0.013908205841446454
2922250,Muquém do São Francisco - BA,10443,1266,2242,18,6685,232,12.12295317437518,21.468926553672315,64.0141721727473,85.48309872641961,0.17236426314277506,2.2215838360624343
2922300,Muritiba - BA,28707,3014,10075,3,15552,63,10.499181384331347,35.09596962413349,54.17493991012645,89.27090953425994,0.010450412791305257,0.2194586686174104
2922409,Mutuípe - BA,20037,3096,7619,14,9303,5,15.451414882467436,38.02465438937965,46.42910615361581,84.45376054299547,0.06987073913260468,0.024953835404501672
2922508,Nazaré - BA,27060,3133,8341,10,15544,31,11.577974870657798,30.82409460458241,57.442719881744274,88.26681448632668,0.03695491500369549,0.11456023651145603
2922607,Nilo Peçanha - BA,12063,1418,3849,14,6768,14,11.75495316256321,31.90748570007461,56.105446406366575,88.01293210644118,0.1160573654978032,0.1160573654978032
2922656,Nordestina - BA,18523,3320,1428,5,13760,10,17.923662473681368,7.709334341089456,74.28602278248664,81.9953571235761,0.026993467580845434,0.05398693516169087
2922706,Nova Canaã - BA,13715,3434,1522,16,8673,66,25.038279256288735,11.097338680277069,63.23733138899016,74.33467006926722,0.11666059059423989,0.4812249362012395
2922730,Nova Fátima - BA,7967,1649,980,8,5328,2,20.697878749843102,12.300740554788502,66.87586293460525,79.17660348939376,0.10041420861051839,0.025103552152629598
2922755,Nova Ibiá - BA,6501,907,1450,4,4138,2,13.95169973850177,22.304260882941087,63.651745885248424,85.95600676818951,0.06152899553914783,0.030764497769573913
2922805,Nova Itarana - BA,7780,1420,1248,0,5085,27,18.251928020565554,16.041131105398456,65.3598971722365,81.40102827763496,0.0,0.34704370179948585
2922854,Nova Redenção - BA,7538,735,1455,2,5338,8,9.75059697532502,19.302202175643405,70.81453966569381,90.11674184133722,0.026532236667551074,0.1061289466702043
2922904,Nova Soure - BA,24236,4570,3335,16,16240,75,18.856246905429938,13.760521538207625,67.00775705561973,80.76827859382736,0.06601749463607856,0.30945700610661825
2923001,Nova Viçosa - BA,39509,7200,8434,118,23630,127,18.223695866764533,21.347034852818346,59.809157407173046,81.1561922599914,0.2986661267053077,0.32144574653876334
2923035,Novo Horizonte - BA,11162,3634,1127,15,6378,8,32.55688944633578,10.096756853610463,57.14029743773517,67.23705429134563,0.13438451890342232,0.07167174341515857
2923050,Novo Triunfo - BA,10660,3707,1375,6,5563,9,34.77485928705441,12.898686679174483,52.185741088180116,65.0844277673546,0.05628517823639775,0.08442776735459662
2923100,Olindina - BA,22633,4863,3588,31,14131,20,21.48632527725003,15.85295807007467,62.435381964388284,78.28834003446295,0.13696814386073433,0.08836654442628021
2923209,Oliveira dos Brejinhos - BA,20715,4017,1944,8,14739,7,19.39174511223751,9.38450398262129,71.151339608979,80.5358435916003,0.038619357953174026,0.033791938209027275
2923308,Ouriçangas - BA,7716,375,4073,5,3251,12,4.8600311041990665,52.78641783307413,42.133229652669776,94.91964748574391,0.06480041472265423,0.15552099533437014
2923357,Ourolândia - BA,19243,3236,3216,4,12776,11,16.816504703008885,16.712570804968042,66.39297406849244,83.10554487346047,0.020786779608169204,0.05716364392246531
2923407,Palmas de Monte Alto - BA,20078,4492,3188,38,12259,101,22.372746289471063,15.87807550552844,61.05687817511704,76.93495368064548,0.18926187867317462,0.50303815121028
2923506,Palmeiras - BA,10339,1858,2408,27,5991,54,17.970790211819324,23.290453622207178,57.94564271206113,81.23609633426831,0.26114711287358544,0.5222942257471709
2923605,Paramirim - BA,20351,6595,2661,11,11072,12,32.406269962164025,13.07552454424844,54.40518893420471,67.48071347845315,0.05405139796570193,0.05896516141712938
2923704,Paratinga - BA,29252,4594,5615,26,18983,34,15.704909066046765,19.195268699576097,64.89470805415014,84.08997675372623,0.08888281143169698,0.11623136879529605
2923803,Paripiranga - BA,26604,8821,1609,28,16134,12,33.15666817019997,6.047962712374079,60.64501578709969,66.69297849947377,0.10524733122838671,0.04510599909788002
2923902,Pau Brasil - BA,9370,1226,1594,2,3945,2603,13.084311632870865,17.011739594450372,42.10245464247599,59.114194236926366,0.021344717182497332,27.78014941302028
2924009,Paulo Afonso - BA,112870,33638,8885,148,68367,1832,29.802427571542484,7.87188801275804,60.571453885000444,68.44334189775849,0.13112430229467528,1.623106228404359
2924058,Pé de Serra - BA,13243,2986,1701,2,8541,13,22.547761081325984,12.84452163407083,64.49444989805936,77.33897153213019,0.015102318205844597,0.09816506833798988
2924108,Pedrão - BA,6235,309,3097,1,2826,2,4.955894145950281,49.67121090617482,45.32477947072975,94.99599037690457,0.01603849238171612,0.03207698476343224
2924207,Pedro Alexandre - BA,13954,1609,653,5,11682,5,11.530743872724667,4.67966174573599,83.71793034255411,88.3975920882901,0.035832019492618605,0.035832019492618605
2924306,Piatã - BA,20086,5504,3150,20,11348,64,27.402170666135618,15.682564970626307,56.49706263068804,72.17962760131435,0.09957184108334163,0.31862989146669324
2924405,Pilão Arcado - BA,35357,7218,4156,15,23955,13,20.414627937890657,11.754390926832027,67.75178889611675,79.50617982294878,0.0424244138360155,0.03676782532454677
2924504,Pindaí - BA,14731,3425,1426,3,9861,16,23.25028850722965,9.68026610549182,66.94046568461069,76.62073179010251,0.020365216210712103,0.10861448645713122
2924603,Pindobaçu - BA,19083,3500,3512,6,12029,36,18.34093171933134,18.40381491379762,63.03516218623906,81.43897710003668,0.03144159723313945,0.18864958339883667
2924652,Pintadas - BA,10325,1728,1187,6,7401,3,16.736077481840194,11.49636803874092,71.68038740920097,83.1767554479419,0.05811138014527845,0.029055690072639227
2924678,Piraí do Norte - BA,10974,1352,2270,2,7345,5,12.32002915983233,20.685256059777657,66.93092764716603,87.61618370694369,0.01822489520685256,0.0455622380171314
2924702,Piripá - BA,9152,2226,481,6,6439,0,24.322552447552447,5.255681818181818,70.3562062937063,75.6118881118881,0.06555944055944056,0.0
2924801,Piritiba - BA,17566,3394,2641,1,11491,39,19.321416372537858,15.034726175566435,65.41614482523056,80.450871000797,0.005692815666628714,0.22201981099851986
2924900,Planaltino - BA,8022,2034,878,2,5101,7,25.35527299925206,10.944901520817751,63.587634006482176,74.53253552729993,0.024931438544003988,0.08726003490401396
2925006,Planalto - BA,23334,6755,2704,12,13822,41,28.949172880774835,11.5882403359904,59.23545041570241,70.82369075169281,0.05142710208279763,0.1757092654495586
2925105,Poções - BA,48293,13798,5539,90,28686,177,28.571428571428573,11.469571159381276,59.39991303087404,70.86948419025532,0.18636241277203736,0.36651274511834014
2925204,Pojuca - BA,32136,4209,9397,18,18440,72,13.097460791635548,29.24134926562111,57.38113019666418,86.6224794622853,0.05601194921583271,0.22404779686333084
2925253,Ponto Novo - BA,17938,3077,2348,103,12343,67,17.153528821496266,13.089530605418664,68.80923179841677,81.89876240383543,0.57420002229903,0.37350875236927195
2925303,Porto Seguro - BA,168326,34200,28221,255,94748,10892,20.31771681142545,16.765680881147297,56.288392761664866,73.05407364281217,0.15149174815536517,6.470776944738186
2925402,Potiraguá - BA,10274,1852,1473,1,6921,26,18.02608526377263,14.33716176756862,67.36422036207904,81.70138212964766,0.009733307377846992,0.2530659918240218
2925501,Prado - BA,35003,4674,6137,50,20276,3866,13.3531411593292,17.532782904322488,57.92646344599034,75.45924635031284,0.1428448990086564,11.044767591349313
2925600,Presidente Dutra - BA,15130,3295,1615,8,10200,12,21.777924653007272,10.674157303370787,67.41573033707866,78.08988764044945,0.05287508261731659,0.07931262392597488
2925709,Presidente Jânio Quadros - BA,12621,4149,495,10,7960,7,32.87378179225101,3.922034704064654,63.06948736233262,66.99152206639728,0.07923302432453846,0.05546311702717693
2925758,Presidente Tancredo Neves - BA,27734,3937,6293,1,17480,23,14.19557222182159,22.690560323069157,63.02733107377227,85.71789139684142,0.0036056825557077956,0.0829306987812793
2925808,Queimadas - BA,25988,5797,3320,37,16807,26,22.306449130367863,12.775126981683854,64.67215637986763,77.44728336155148,0.1423734031091273,0.10004617515776512
2925907,Quijingue - BA,25272,4302,1677,9,19162,121,17.02279202279202,6.635802469135802,75.82304526748972,82.45884773662551,0.03561253561253561,0.47879075656853437
2925931,Quixabeira - BA,9461,2193,1631,21,5606,10,23.1793679315083,17.23919247436846,59.25377867033083,76.49297114469928,0.22196385160131063,0.1056970721911003
2925956,Rafael Jambeiro - BA,19662,2753,3546,6,13344,12,14.001627504831655,18.034787915776626,67.8669514800122,85.90173939578884,0.030515715593530668,0.061031431187061336
2926004,Remanso - BA,40586,10220,5730,40,24567,29,25.181096929975855,14.118168826689006,60.530724880500664,74.64889370718967,0.09855615236781157,0.07145321046666338
2926103,Retirolândia - BA,13651,3588,2400,3,7654,5,26.28378873342612,17.581129587576,56.069152443044466,73.65028203062047,0.021976411984470003,0.036627353307450004
2926202,Riachão das Neves - BA,21642,3796,3271,38,14481,56,17.539968579613713,15.114129932538582,66.91156085389521,82.02569078643378,0.17558451159781904,0.2587561223546807
2926301,Riachão do Jacuípe - BA,33386,8222,6633,13,18492,23,24.627089199065477,19.86760917749955,55.38848619181693,75.25609536931648,0.038938477206014496,0.0688911519798718
2926400,Riacho de Santana - BA,30711,10255,4610,15,15786,45,33.391944254501645,15.01090814366188,51.401777864608775,66.41268600827065,0.04884243430692586,0.14652730292077756
2926509,Ribeira do Amparo - BA,13841,2658,1668,7,9498,9,19.203814753269274,12.051152373383426,68.62220937793512,80.67336175131855,0.050574380463839316,0.06502420345350769
2926608,Ribeira do Pombal - BA,54010,14805,4600,35,33883,686,27.411590446213665,8.51694130716534,62.734678763192,71.25162007035735,0.06480281429364933,1.2701351601555269
2926657,Ribeirão do Largo - BA,9740,1793,913,4,6791,239,18.408624229979466,9.373716632443532,69.72279260780287,79.0965092402464,0.04106776180698152,2.453798767967146
2926707,Rio de Contas - BA,13184,5130,2172,13,5780,89,38.91080097087379,16.474514563106798,43.84101941747573,60.31553398058253,0.09860436893203883,0.6750606796116505
2926806,Rio do Antônio - BA,13146,5386,863,3,6891,3,40.97063745626046,6.564734520006086,52.418986764034685,58.98372128404077,0.022820629849383843,0.022820629849383843
2926905,Rio do Pires - BA,10497,4451,581,3,5458,4,42.402591216538056,5.53491473754406,51.99580832618844,57.530723063732495,0.02857959416976279,0.03810612555968372
2927002,Rio Real - BA,35362,7347,3124,18,24848,25,20.776539788473503,8.834341948984786,70.26751880549743,79.10186075448222,0.0509020982976076,0.07069735874667722
2927101,Rodelas - BA,10308,2131,1110,10,5083,1974,20.6732634846721,10.768335273573923,49.31121459060923,60.07954986418316,0.09701202949165696,19.150174621653086
2927200,Ruy Barbosa - BA,28282,4652,5597,6,17979,48,16.448624566862314,19.789972420620888,63.57046884944488,83.36044127006576,0.02121490700799095,0.1697192560639276
2927309,Salinas da Margarida - BA,14987,746,7058,28,7150,5,4.977647294321746,47.094148261826916,47.70801361179689,94.80216187362382,0.18682858477347034,0.033362247280976844
2927408,Salvador - BA,2417678,398688,825509,2605,1186416,4395,16.49053347881728,34.14470413347021,49.07253985021992,83.21724398369014,0.10774801276265905,0.1817859946609929
2927507,Santa Bárbara - BA,20952,2307,5610,6,12991,37,11.010882016036655,26.77548682703322,62.00362733867888,88.7791141657121,0.0286368843069874,0.17659411989308896
2927606,Santa Brígida - BA,14965,3086,1366,6,10429,78,20.62145005011694,9.127965252255262,69.68927497494153,78.81724022719679,0.04009355162044771,0.5212161710658203
2927705,Santa Cruz Cabrália - BA,29185,4991,3966,33,14737,5458,17.101250642453316,13.589172520130203,50.49511735480555,64.08428987493575,0.1130717834504026,18.701387699160527
2927804,Santa Cruz da Vitória - BA,4681,887,839,0,2911,41,18.948942533646658,17.92352061525315,62.18756675923948,80.11108737449263,0.0,0.8758812219611194
2927903,Santa Inês - BA,10300,1905,3028,4,5312,50,18.49514563106796,29.398058252427184,51.57281553398058,80.97087378640776,0.038834951456310676,0.4854368932038835
2928000,Santaluz - BA,37834,7378,6152,19,24230,55,19.50097795633557,16.26050642279431,64.04292435375588,80.30343077655019,0.0502193793941957,0.14537188772004017
2928059,Santa Luzia - BA,13896,1953,2391,27,9435,90,14.05440414507772,17.206390328151986,67.8972366148532,85.10362694300518,0.19430051813471502,0.6476683937823834
2928109,Santa Maria da Vitória - BA,38604,10203,5159,131,22984,127,26.429903636928817,13.363900113977826,59.5378717231375,72.90177183711532,0.33934307325665736,0.32898145269920215
2928208,Santana - BA,24755,7261,2780,4,14648,62,29.331448192284387,11.230054534437487,59.17188446778429,70.40193900222178,0.016158351848111492,0.25045445364572816
2928307,Santanópolis - BA,8716,699,3287,1,4718,11,8.019733822854521,37.71225332721432,54.13033501606241,91.84258834327673,0.011473152822395595,0.12620468104635155
2928406,Santa Rita de Cássia - BA,27390,5478,3689,2,18137,84,20.0,13.468419131069734,66.2175976633808,79.68601679445054,0.007301935012778387,0.3066812705366922
2928505,Santa Terezinha - BA,10441,1669,2370,10,6362,30,15.985058902403985,22.69897519394694,60.93286083708457,83.63183603103151,0.09577626664112633,0.287328799923379
2928604,Santo Amaro - BA,56012,3232,28496,69,24143,70,5.770192101692494,50.87481254016996,43.10326358637435,93.97807612654431,0.12318788830964793,0.12497322002428052
2928703,Santo Antônio de Jesus - BA,103055,19680,30432,66,52724,151,19.096598903498133,29.5298626946776,51.16103051768473,80.69089321236233,0.06404347193246325,0.1465237009363932
2928802,Santo Estêvão - BA,52276,6265,15259,13,30697,41,11.984467059453669,29.189302930599126,58.721019205754075,87.9103221363532,0.024868008263830437,0.07842987221669599
2928901,São Desidério - BA,32828,7491,3588,37,21692,20,22.818935055440477,10.929694163518947,66.07773851590106,77.00743267942,0.11270866333617643,0.06092360180333861
2928950,São Domingos - BA,8426,1638,1002,0,5782,4,19.439829100403514,11.891763588891527,68.62093520056966,80.51269878946118,0.0,0.047472110135295516
2929008,São Félix - BA,11026,932,4535,10,5513,36,8.452748050063486,41.13005623072737,50.0,91.13005623072738,0.09069472156720479,0.32650099764193724
2929057,São Félix do Coribe - BA,15194,4617,1780,15,8702,80,30.38699486639463,11.715150717388443,57.27260760826642,68.98775832565487,0.09872318020271159,0.5265236277477952
2929107,São Felipe - BA,20283,2987,6331,12,10936,17,14.726618350342651,31.213331361238474,53.91707341123108,85.13040477246955,0.05916284573287975,0.08381403145491298
2929206,São Francisco do Conde - BA,38733,2224,19332,32,17080,65,5.741873854336096,49.91092866547905,44.096765032401315,94.00769369788037,0.08261688999044742,0.16781555779309631
2929255,São Gabriel - BA,18600,4475,2669,32,11381,42,24.059139784946236,14.349462365591398,61.18817204301075,75.53763440860214,0.17204301075268819,0.22580645161290322
2929305,São Gonçalo dos Campos - BA,39513,2899,18578,30,17972,32,7.336825854781971,47.01743729911674,45.48376483688912,92.50120213600587,0.07592437931819908,0.080986004606079
2929354,São José da Vitória - BA,5315,668,1339,17,3227,64,12.568203198494826,25.1928504233302,60.71495766698025,85.90780809031045,0.3198494825964252,1.2041392285983066
2929370,São José do Jacuípe - BA,10187,2438,1521,6,6218,0,23.932462942966527,14.930794149406106,61.03857858054383,75.96937272994994,0.058898596250122705,0.0
2929404,São Miguel das Matas - BA,10334,2002,4039,5,4277,11,19.372943681052835,39.08457518869751,41.38765240952197,80.47222759821948,0.04838397522740468,0.1064447455002903
2929503,São Sebastião do Passé - BA,40958,3534,15719,74,21555,75,8.628350993700865,38.37833878607354,52.627081400459005,91.00542018653255,0.1806728844181845,0.18311440988329508
2929602,Sapeaçu - BA,17963,1655,6431,8,9863,5,9.213383065189557,35.801369481712406,54.90730946946501,90.70867895117742,0.044535990647441966,0.027834994154651228
2929701,Sátiro Dias - BA,16008,3215,3209,10,9542,32,20.083708145927037,20.04622688655672,59.60769615192404,79.65392303848076,0.062468765617191405,0.19990004997501248
2929750,Saubara - BA,11438,701,4918,4,5815,0,6.128693827592237,42.99702745235181,50.83930757125371,93.83633502360553,0.03497114880223815,0.0
2929800,Saúde - BA,10478,1611,2407,6,6435,19,15.375071578545525,22.97194121015461,61.41439205955335,84.38633326970796,0.057262836419163965,0.18133231532735256
2929909,Seabra - BA,46160,10097,7299,40,28631,91,21.873916811091853,15.812391681109185,62.02556325823224,77.83795493934143,0.08665511265164645,0.19714038128249567
2930006,Sebastião Laranjeiras - BA,9360,1946,828,5,6581,0,20.79059829059829,8.846153846153847,70.30982905982906,79.15598290598291,0.053418803418803416,0.0
2930105,Senhor do Bonfim - BA,74523,17255,11745,123,45041,358,23.15392563369698,15.760235095205507,60.43905908243093,76.19929417763643,0.1650497161950002,0.4803886048602445
2930154,Serra do Ramalho - BA,34222,7175,6179,24,20513,331,20.966045234059962,18.0556367249138,59.94097364268599,77.99661036759979,0.0701303255215943,0.9672140728186547
2930204,Sento Sé - BA,38154,7357,6047,14,24615,121,19.28238192587933,15.848928028516013,64.51486082717409,80.3637888556901,0.03669340042983698,0.31713581800073387
2930303,Serra Dourada - BA,17066,3905,1273,7,11875,4,22.88175319348412,7.4592757529591,69.58279620297668,77.04207195593578,0.04101722723543889,0.023438415563107932
2930402,Serra Preta - BA,17996,1483,4653,4,11851,5,8.240720160035563,25.855745721271393,65.85352300511225,91.70926872638364,0.02222716159146477,0.027783951989330962
2930501,Serrinha - BA,80435,15252,20648,99,44247,182,18.961894697581897,25.670417106980793,55.0096351090943,80.6800522160751,0.12308074843040964,0.22626965873065208
2930600,Serrolândia - BA,13335,3151,2295,18,7814,57,23.62954630671166,17.210348706411697,58.597675290588676,75.80802399700038,0.13498312710911137,0.42744656917885265
2930709,Simões Filho - BA,114559,12326,35700,121,66026,382,10.759521294704038,31.16298152043925,57.63493047250762,88.79791199294687,0.10562243036339354,0.3334526313951763
2930758,Sítio do Mato - BA,13408,1848,3023,6,8527,4,13.782816229116944,22.54624105011933,63.59636038186157,86.1426014319809,0.04474940334128878,0.029832935560859187
2930766,Sítio do Quinto - BA,14773,3423,819,2,10526,3,23.170649157246327,5.543897651120287,71.25160766262776,76.79550531374805,0.013538211602247344,0.020307317403371015
2930774,Sobradinho - BA,25475,5626,3697,12,16022,117,22.08439646712463,14.512266928361138,62.893032384690876,77.40529931305201,0.047105004906771344,0.4592737978410206
2930808,Souto Soares - BA,17054,4073,1665,8,11305,3,23.882960009381964,9.763105429811189,66.28943356397326,76.05253899378445,0.04690981587897267,0.017591180954614753
2930907,Tabocas do Brejo Velho - BA,11979,3548,748,15,7625,43,29.618499039986645,6.2442607897153355,63.653059520828116,69.89732031054345,0.12521913348359628,0.3589615159863094
2931004,Tanhaçu - BA,21006,7128,1608,5,12231,34,33.933161953727506,7.654955726935161,58.22622107969152,65.88117680662668,0.023802723031514806,0.16185851661430067
2931053,Tanque Novo - BA,17158,5088,1559,3,10504,4,29.653805804872363,9.086140575824688,61.21925632358084,70.30539689940552,0.01748455530947663,0.023312740412635504
2931103,Tanquinho - BA,7717,624,3262,8,3818,4,8.086043799403914,42.270312297524946,49.475184657250225,91.74549695477518,0.10366722819748607,0.051833614098743035
2931202,Taperoá - BA,18044,1998,5250,87,10666,43,11.072932830857903,29.095544225227222,59.11106184881401,88.20660607404123,0.48215473287519395,0.2383063622256706
2931301,Tapiramutá - BA,15818,2321,2211,21,11232,33,14.673157162726008,13.977746870653686,71.00771273233026,84.98545960298395,0.1327601466683525,0.2086230876216968
2931350,Teixeira de Freitas - BA,145216,33054,21638,333,89558,630,22.761954605553107,14.900561921551343,61.67226751873072,76.57282944028206,0.22931357426178933,0.4338364918466285
2931400,Teodoro Sampaio - BA,7110,340,2402,1,4367,0,4.781997187060478,33.78340365682138,61.420534458509145,95.20393811533052,0.014064697609001406,0.0
2931509,Teofilândia - BA,21176,3005,5127,34,12943,67,14.19059312429165,24.211371363808084,61.121080468454856,85.33245183226293,0.16055912353607857,0.3163959199093313
2931608,Teolândia - BA,15332,1650,4805,5,8862,9,10.761805374380382,31.33968171145317,57.8006783198539,89.14036003130707,0.03261153143751631,0.05870075658752935
2931707,Terra Nova - BA,10798,407,4639,5,5745,2,3.76921652157807,42.961659566586405,53.204297092054084,96.16595665864048,0.04630487127245786,0.018521948508983144
2931806,Tremedal - BA,16296,4684,1312,1,10292,7,28.743249877270497,8.051055473735886,63.1566028473245,71.20765832106039,0.006136475208640157,0.0429553264604811
2931905,Tucano - BA,48736,14453,5323,22,28714,224,29.65569599474721,10.922110965200263,58.91743269862114,69.8395436638214,0.04514116874589626,0.4596191726854892
2932002,Uauá - BA,24665,7580,1430,14,15620,21,30.73180620312183,5.797689033042773,63.32860328400567,69.12629231704845,0.05676059193188729,0.08514088789783093
2932101,Ubaíra - BA,18626,3367,4912,15,10322,10,18.076881778159564,26.3717384301514,55.41715881026522,81.78889724041662,0.0805325888542897,0.05368839256952647
2932200,Ubaitaba - BA,17596,2154,5516,8,9854,64,12.241418504205502,31.348033644010002,56.00136394635145,87.34939759036145,0.04546487838145033,0.36371902705160264
2932309,Ubatã - BA,16094,2205,3470,4,10395,20,13.700758046476947,21.560830123027216,64.58928793339133,86.15011805641855,0.024853982850751834,0.12426991425375916
2932408,Uibaí - BA,13432,3609,2348,49,7401,25,26.868671828469328,17.480643240023824,55.09976176295414,72.58040500297795,0.3648004764740917,0.18612269207861823
2932457,Umburanas - BA,13642,3187,1564,27,8804,60,23.36167717343498,11.464594634217857,64.53599179006011,76.00058642427797,0.19791819381322387,0.4398182084738308
2932507,Una - BA,18131,1652,3170,95,12621,593,9.111466549004467,17.4838674094093,69.61006011802989,87.09392752743919,0.5239644807236226,3.2706414428327175
2932606,Urandi - BA,15355,4290,1143,5,9907,10,27.938782155649626,7.443829371540215,64.51970042331489,71.9635297948551,0.0325626831650928,0.0651253663301856
2932705,Uruçuca - BA,21420,3533,5465,17,12315,90,16.49393090569561,25.513538748832868,57.49299719887955,83.00653594771242,0.07936507936507936,0.42016806722689076
2932804,Utinga - BA,16277,2770,2082,10,11332,83,17.017877987344104,12.791054862689684,69.61970879154636,82.41076365423604,0.06143638262579099,0.5099219757940653
2932903,Valença - BA,85655,12567,24359,161,48216,350,14.671647889790439,28.43850329811453,56.290934563072796,84.72943786118732,0.1879633413110735,0.4086159593718989
2933000,Valente - BA,24362,7342,3137,7,13849,24,30.137098760364502,12.876611115671949,56.846728511616455,69.7233396272884,0.02873327313028487,0.09851407930383384
2933059,Várzea da Roça - BA,13800,3977,1183,12,8608,20,28.818840579710145,8.572463768115941,62.3768115942029,70.94927536231884,0.08695652173913043,0.14492753623188406
2933109,Várzea do Poço - BA,8101,2276,1109,1,4713,2,28.095296876928774,13.689667942229354,58.17800271571411,71.86767065794346,0.012344155042587335,0.02468831008517467
2933158,Várzea Nova - BA,13377,2616,2579,14,8132,36,19.5559542498318,19.279360095686627,60.79090977050161,80.07026986618823,0.10465724751439037,0.26911863646557527
2933174,Varzedo - BA,9913,1540,3080,2,5281,10,15.535155855946737,31.070311711893474,53.27347926964592,84.3437909815394,0.02017552708564511,0.10087763542822556
2933208,Vera Cruz - BA,42529,3811,16465,26,22134,93,8.96094429683275,38.71475934068518,52.04448729102495,90.75924663171013,0.06113475510827906,0.21867431634884432
2933257,Vereda - BA,6003,1466,601,10,3923,3,24.42112277194736,10.011660836248542,65.35065800433117,75.3623188405797,0.16658337497917708,0.04997501249375312
2933307,Vitória da Conquista - BA,370879,109419,51546,387,208824,701,29.50261406011125,13.898333418716078,56.305156129087926,70.203489547804,0.1043467006759617,0.18901043197377043
2933406,Wagner - BA,9503,1175,1350,0,6966,12,12.364516468483636,14.206040197832264,73.30316742081448,87.50920761864674,0.0,0.12627591286962012
2933455,Wanderley - BA,12968,3028,1875,8,8056,1,23.34978408389883,14.458667489204196,62.1221468229488,76.580814312153,0.061690314620604564,0.0077112893275755705
2933505,Wenceslau Guimarães - BA,24474,2574,6450,5,15403,42,10.51728364795293,26.3544986516303,62.93617716760644,89.29067581923674,0.020429843915992483,0.17161068889433684
2933604,Xique-Xique - BA,44757,8109,8775,30,27803,40,18.117836316106978,19.60587170721898,62.119891860491094,81.72576356771008,0.06702862122126148,0.08937149496168197
3100104,Abadia dos Dourados - MG,6272,3620,248,0,2404,0,57.71683673469388,3.954081632653061,38.329081632653065,42.28316326530613,0.0,0.0
3100203,Abaeté - MG,22675,10286,1801,10,10567,11,45.36273428886439,7.942668136714444,46.601984564498345,54.54465270121279,0.044101433296582136,0.04851157662624035
3100302,Abre Campo - MG,13927,5172,1497,3,7252,3,37.13649745099447,10.748905004667193,52.0715157607525,62.82042076541969,0.021540891792920226,0.021540891792920226
3100401,Acaiaca - MG,3909,690,911,0,2303,5,17.651573292402148,23.305193144026607,58.915323612177026,82.22051675620364,0.0,0.12790995139421846
3100500,Açucena - MG,8943,1765,1448,3,5662,65,19.736106451973612,16.191434641619143,63.31208766633121,79.50352230795035,0.03354579000335458,0.7268254500726825
3100609,Água Boa - MG,12589,2212,1316,6,9049,6,17.570895225990945,10.453570577488284,71.88021288426404,82.33378346175232,0.047660656128366036,0.047660656128366036
3100708,Água Comprida - MG,2108,1050,170,2,885,1,49.81024667931689,8.064516129032258,41.98292220113852,50.04743833017078,0.09487666034155598,0.04743833017077799
3100807,Aguanil - MG,4357,2498,329,2,1523,5,57.333027312370895,7.551067248106495,34.955244434243745,42.506311682350244,0.04590314436538903,0.11475786091347258
3100906,Águas Formosas - MG,18448,4361,1131,10,12940,4,23.639418907198614,6.130745880312229,70.14310494362533,76.27385082393756,0.054206418039895926,0.02168256721595837
3101003,Águas Vermelhas - MG,14037,3635,1336,14,9047,5,25.895846690888366,9.517703212937237,64.45109353850538,73.96879675144261,0.09973641091401296,0.035620146755004634
3101102,Aimorés - MG,25269,8564,2041,10,14618,35,33.89132929676679,8.077090506153786,57.849538960781985,65.92662946693576,0.03957418180379121,0.13850963631326924
3101201,Aiuruoca - MG,6233,3917,499,18,1776,23,62.842932777153855,8.005775709931012,28.49350232632761,36.49927803625862,0.2887854965506177,0.36900369003690037
3101300,Alagoa - MG,2749,1887,87,2,773,0,68.64314296107676,3.164787195343761,28.11931611495089,31.284103310294654,0.07275372862859221,0.0
3101409,Albertina - MG,2952,2235,87,0,630,0,75.71138211382114,2.9471544715447155,21.341463414634145,24.288617886178862,0.0,0.0
3101508,Além Paraíba - MG,30717,11745,7814,30,11119,9,38.23615587459713,25.438682162971645,36.198196438454275,61.63687860142592,0.09766578767457759,0.02929973630237328
3101607,Alfenas - MG,78970,48445,6386,198,23854,66,61.34608079017348,8.086615170317842,30.206407496517667,38.29302266683551,0.2507281246042801,0.08357604153476003
3101631,Alfredo Vasconcelos - MG,6931,3684,452,13,2782,0,53.15250324628481,6.521425479728755,40.13850815178185,46.659933631510604,0.1875631222045881,0.0
3101706,Almenara - MG,40364,10769,4382,18,25164,31,26.67971459716579,10.856208502626103,62.342681597463084,73.19889010008919,0.0445941928451095,0.0768011098999108
3101805,Alpercata - MG,6903,1852,705,28,4304,14,26.828914964508186,10.212950890916993,62.34970302766913,72.56265391858612,0.40562074460379544,0.20281037230189772
3101904,Alpinópolis - MG,18300,11752,1052,8,5482,6,64.21857923497268,5.748633879781421,29.956284153005466,35.704918032786885,0.04371584699453552,0.03278688524590164
3102001,Alterosa - MG,13915,10141,522,15,3224,13,72.87818900467121,3.7513474667624864,23.169241825368307,26.920589292130792,0.10779734099892202,0.09342436219906576
3102050,Alto Caparaó - MG,5795,3318,381,3,2093,0,57.25625539257981,6.574633304572908,36.11734253666954,42.691975841242446,0.05176876617773943,0.0
3102100,Alto Rio Doce - MG,10891,4987,797,8,5097,1,45.790101919015704,7.317968965200625,46.80011018271968,54.118079147920305,0.07345514645119823,0.009181893306399779
3102209,Alvarenga - MG,3975,1567,208,6,2192,2,39.42138364779874,5.232704402515723,55.144654088050316,60.37735849056604,0.1509433962264151,0.050314465408805034
3102308,Alvinópolis - MG,15059,5070,2319,13,7653,4,33.66757420811475,15.399428912942426,50.82010757686433,66.21953648980676,0.08632711335414038,0.026562188724350885
3102407,Alvorada de Minas - MG,4159,512,554,1,3092,0,12.310651598942053,13.320509737917769,74.344794421736,87.66530415965377,0.024044241404183698,0.0
3102506,Amparo do Serra - MG,4541,1430,1140,0,1971,0,31.490861043822946,25.10460251046025,43.4045364457168,68.50913895617705,0.0,0.0
3102605,Andradas - MG,40553,28974,1664,56,9832,17,71.44724188099524,4.103272260991789,24.24481542672552,28.34808768771731,0.13809089339876213,0.04192044978176707
3102704,Cachoeira de Pajeú - MG,9110,1906,660,11,6533,0,20.92206366630077,7.244785949506038,71.71240395170143,78.95718990120747,0.1207464324917673,0.0
3102803,Andrelândia - MG,11927,7013,1393,10,3506,5,58.799362790307704,11.67938291271904,29.395489226125598,41.07487213884464,0.08384338056510439,0.041921690282552194
3102852,Angelândia - MG,7718,1404,1023,1,5286,4,18.191241254210937,13.254729204457114,68.48924591863177,81.74397512308889,0.012956724540036279,0.051826898160145116
3102902,Antônio Carlos - MG,11095,5468,1026,10,4584,7,49.28346101847679,9.247408742676882,41.31590806669671,50.56331680937359,0.09013068949977468,0.06309148264984227
3103009,Antônio Dias - MG,9219,2116,1304,5,5790,4,22.95259789565029,14.144701160646491,62.80507647250244,76.94977763314893,0.05423581733376722,0.04338865386701377
3103108,Antônio Prado de Minas - MG,1538,780,197,5,555,1,50.71521456436931,12.808842652795839,36.085825747724314,48.89466840052015,0.3250975292587776,0.06501950585175553
3103207,Araçaí - MG,2181,566,228,7,1379,1,25.951398441082073,10.45392022008253,63.22787712058689,73.68179734066942,0.32095369096744614,0.04585052728106373
3103306,Aracitaba - MG,2049,1072,283,0,694,0,52.318204001952175,13.81161542215715,33.87018057589068,47.68179599804783,0.0,0.0
3103405,Araçuaí - MG,34297,6814,5103,15,22138,225,19.867626906143393,14.878852377758987,64.54791964311747,79.42677202087646,0.04373560369711636,0.6560340554567455
3103504,Araguari - MG,117808,62649,8940,443,45708,68,53.17890126307212,7.5886187695232925,38.79872334646204,46.387342115985334,0.3760355833220155,0.057721037620535105
3103603,Arantina - MG,2915,1897,272,7,737,2,65.07718696397941,9.331046312178387,25.28301886792453,34.61406518010291,0.24013722126929674,0.0686106346483705
3103702,Araponga - MG,8048,2135,773,8,5099,33,26.528330019880716,9.604870775347912,63.35735586481113,72.96222664015905,0.09940357852882704,0.4100397614314115
3103751,Araporã - MG,8479,3290,774,10,4405,0,38.80174548885482,9.128434956952471,51.95188111805638,61.08031607500885,0.11793843613633684,0.0
3103801,Arapuá - MG,2631,1874,114,5,637,1,71.22767008741923,4.3329532497149374,24.211326491828203,28.54427974154314,0.19004180919802358,0.03800836183960471
3103900,Araújos - MG,9199,4987,535,2,3661,13,54.21241439286879,5.815849548864007,39.7978041091423,45.61365365800631,0.021741493640613112,0.14131970866398522
3104007,Araxá - MG,111691,56048,12042,283,43239,77,50.18130377559517,10.781531188726039,38.713056557824714,49.49458774655075,0.2533776221897915,0.06894020109050863
3104106,Arceburgo - MG,9177,5767,426,8,2976,0,62.84188732701318,4.6420398823144815,32.42889833278849,37.07093821510297,0.08717445788384004,0.0
3104205,Arcos - MG,41416,22249,3593,21,15510,43,53.720784237975664,8.675391153177516,37.449294958470155,46.12468611164767,0.050705041529843536,0.10382460884682249
3104304,Areado - MG,13881,8956,901,5,4017,2,64.5198472732512,6.49088682371587,28.93883725956343,35.429724083279304,0.03602045962106477,0.014408183848425906
3104403,Argirita - MG,2688,1133,603,0,952,0,42.15029761904762,22.433035714285715,35.416666666666664,57.84970238095238,0.0,0.0
3104452,Aricanduva - MG,4719,1202,282,11,3223,1,25.471498198770927,5.975842339478703,68.2983682983683,74.274210637847,0.2331002331002331,0.02119093028183937
3104502,Arinos - MG,17272,3558,2231,21,11453,9,20.599814729041224,12.916859657248727,66.30963408985642,79.22649374710514,0.12158406669754517,0.05210745715609078
3104601,Astolfo Dutra - MG,14138,7586,1461,2,5085,4,53.65681143018814,10.333852029990098,35.966897722450135,46.30074975244023,0.014146272457207525,0.02829254491441505
3104700,Ataléia - MG,13736,2208,1646,28,9846,8,16.074548631333723,11.983110075713453,71.6802562609202,83.66336633663366,0.203843913803145,0.05824111822947001
3104809,Augusto de Lima - MG,4538,801,532,9,3192,4,17.65094755398854,11.723226090788893,70.33935654473336,82.06258263552226,0.1983252534156016,0.08814455707360071
3104908,Baependi - MG,18366,13258,1154,11,3939,4,72.18773821191331,6.283349667864532,21.447239464227376,27.730589132091907,0.059893281062833495,0.021779374931939453
3105004,Baldim - MG,7492,1667,705,11,5108,1,22.250400427122266,9.410037373198078,68.17939135077415,77.58942872397223,0.14682327816337426,0.013347570742124934
3105103,Bambuí - MG,23546,12310,1640,12,9577,7,52.280642147286166,6.9650896118236645,40.67357512953368,47.638664741357346,0.050964070330417055,0.029729041026076614
3105202,Bandeira - MG,4741,1167,303,8,3263,0,24.61506011390002,6.391056739084581,68.82514237502636,75.21619911411094,0.16874077198903184,0.0
3105301,Bandeira do Sul - MG,5943,3764,359,2,1817,1,63.33501598519266,6.040720174995793,30.573784284031635,36.61450445902743,0.03365303718660609,0.016826518593303044
3105400,Barão de Cocais - MG,30778,7977,4153,22,18612,14,25.917863408928454,13.493404379751771,60.47176554681916,73.96516992657092,0.07147962830593281,0.04548703619468451
3105509,Barão do Monte Alto - MG,4964,1789,1195,2,1978,0,36.03948428686543,24.073327961321514,39.84689766317486,63.92022562449637,0.040290088638195005,0.0
3105608,Barbacena - MG,125317,71108,11606,150,42323,125,56.742501017419826,9.261313309447242,33.77275230016678,43.03406560961402,0.11969644980329884,0.09974704150274903
3105707,Barra Longa - MG,5666,1514,1165,0,2985,1,26.72079068125662,20.561242499117544,52.682668549241086,73.24391104835863,0.0,0.017649135192375574
3105905,Barroso - MG,20080,9221,2456,8,8387,8,45.92131474103586,12.231075697211155,41.76792828685259,53.99900398406374,0.0398406374501992,0.0398406374501992
3106002,Bela Vista de Minas - MG,10167,2442,2454,1,5267,3,24.01888462673355,24.136913543818235,51.80485885708665,75.94177240090488,0.009835743090390479,0.029507229271171435
3106101,Belmiro Braga - MG,3244,1271,819,1,1150,3,39.18002466091245,25.246609124537606,35.450061652281136,60.69667077681874,0.030826140567200986,0.09247842170160296
3106200,Belo Horizonte - MG,2315560,1008878,312920,4881,986302,2486,43.56950370536717,13.513793639551556,42.594534367496415,56.10832800704797,0.2107913420511669,0.1073606384632659
3106309,Belo Oriente - MG,23928,4872,2941,10,16092,13,20.361083249749246,12.29103978602474,67.25175526579739,79.54279505182213,0.041792042795051824,0.05432965563356737
3106408,Belo Vale - MG,8627,3631,1093,3,3894,6,42.08879100498435,12.66952590703605,45.13735945288049,57.806885359916535,0.03477454503303582,0.06954909006607164
3106507,Berilo - MG,9826,1283,2317,29,6180,17,13.057195196417668,23.580297170771424,62.89436189700794,86.47465906777936,0.29513535518013434,0.17301038062283736
3106606,Bertópolis - MG,4451,812,389,0,2557,693,18.243091440125813,8.739609076611996,57.44776454729274,66.18737362390473,0.0,15.569534935969445
3106655,Berizal - MG,4201,1175,505,3,2517,1,27.969531064032374,12.020947393477744,59.91430611759105,71.9352535110688,0.07141156867412521,0.023803856224708403
3106705,Betim - MG,411846,124376,60402,615,226010,425,30.199637728665568,14.666161623519471,54.87730850852017,69.54347013203964,0.1493276613102956,0.10319391228760265
3106804,Bias Fortes - MG,3361,1821,552,1,987,0,54.18030348110681,16.423683427551325,29.366260041654268,45.789943469205596,0.02975304968759298,0.0
3106903,Bicas - MG,13978,7673,1762,18,4513,10,54.89340392044642,12.60552296465875,32.286450135927886,44.89197310058664,0.12877378738016884,0.07154099298898269
3107000,Biquinhas - MG,2383,1199,111,0,1072,1,50.314729332773815,4.657994125052455,44.98531263113722,49.64330675618967,0.0,0.0419639110365086
3107109,Boa Esperança - MG,39848,19810,4881,63,15078,16,49.71391286890183,12.249046376229673,37.83878739208994,50.08783376831961,0.15810078297530616,0.04015257980325236
3107208,Bocaina de Minas - MG,5348,3582,287,0,1470,9,66.97830964846672,5.366492146596858,27.486910994764397,32.853403141361255,0.0,0.1682872101720269
3107307,Bocaiúva - MG,48032,11126,5233,41,31621,11,23.163724183877417,10.894820119920054,65.83319453697536,76.72801465689541,0.08535976015989341,0.022901399067288473
3107406,Bom Despacho - MG,51737,26139,3614,50,21899,31,50.52283665461855,6.985329648027524,42.32754121808377,49.3128708661113,0.09664263486479695,0.05991843361617411
3107505,Bom Jardim de Minas - MG,6783,4435,506,6,1835,1,65.38404835618458,7.459826035677429,27.052926433731386,34.51275246940882,0.08845643520566121,0.014742739200943536
3107604,Bom Jesus da Penha - MG,4474,2721,208,2,1534,9,60.818059901654,4.64908359409924,34.2869915064819,38.936075100581135,0.044702726866338846,0.20116227089852481
3107703,Bom Jesus do Amparo - MG,5631,1332,1130,1,3167,1,23.654768247202984,20.067483573077606,56.24223050967856,76.30971408275617,0.01775883502042266,0.01775883502042266
3107802,Bom Jesus do Galho - MG,14536,4638,1465,6,8418,9,31.906989543203082,10.078425976884976,57.91139240506329,67.98981838194827,0.04127682993946065,0.061915244909190974
3107901,Bom Repouso - MG,12649,9887,285,22,2448,7,78.16428176140407,2.253142540912325,19.353308561941656,21.60645110285398,0.17392679263182861,0.05534034311012728
3108008,Bom Sucesso - MG,17151,6433,2452,19,8224,23,37.50801702524634,14.296542475657397,47.95055681884438,62.24709929450178,0.11078071249489825,0.1341029677569821
3108107,Bonfim - MG,7434,3844,463,2,3119,6,51.70836696260425,6.2281409739036855,41.955878396556365,48.18401937046005,0.026903416733925208,0.08071025020177562
3108206,Bonfinópolis de Minas - MG,5528,1373,639,4,3500,12,24.837192474674385,11.559334298118669,63.31403762662808,74.87337192474675,0.0723589001447178,0.2170767004341534
3108255,Bonito de Minas - MG,10204,1647,740,6,7804,3,16.14072912583301,7.252058016464131,76.47981183849471,83.73186985495884,0.05880047040376323,0.029400235201881616
3108305,Borda da Mata - MG,17404,12722,655,20,4000,7,73.09813835899793,3.7635026430705585,22.983222247759137,26.746724890829697,0.11491611123879568,0.04022063893357849
3108404,Botelhos - MG,14828,8716,762,25,5318,7,58.78068519018074,5.138926355543566,35.86458052333423,41.0035068788778,0.16859994604801726,0.04720798489344483
3108503,Botumirim - MG,5790,1140,537,0,4113,0,19.689119170984455,9.27461139896373,71.03626943005182,80.31088082901555,0.0,0.0
3108552,Brasilândia de Minas - MG,15020,3429,2633,25,8921,12,22.829560585885485,17.529960053262318,59.39414114513981,76.92410119840213,0.16644474034620507,0.07989347536617843
3108602,Brasília de Minas - MG,32025,7061,3378,42,21514,29,22.04839968774395,10.548009367681498,67.17876658860266,77.72677595628416,0.13114754098360656,0.09055425448868072
3108701,Brás Pires - MG,4260,1517,594,12,2137,0,35.610328638497656,13.943661971830986,50.16431924882629,64.10798122065728,0.28169014084507044,0.0
3108800,Braúnas - MG,4441,1171,387,8,2872,3,26.36793514974105,8.714253546498536,64.67011934249042,73.38437288898896,0.18013960819635216,0.06755235307363207
3108909,Brazópolis - MG,14246,10963,497,14,2765,7,76.95493471851748,3.4886985820581216,19.408956900182506,22.897655482240626,0.09827319949459497,0.049136599747297484
3109006,Brumadinho - MG,38915,15970,3901,24,18907,113,41.038160092509315,10.024412180393165,48.585378388796094,58.60979056918926,0.061672876782731596,0.2903764615186946
3109105,Bueno Brandão - MG,10911,8847,300,20,1736,8,81.08331042067638,2.7495188342040144,15.910548987260563,18.66006782146458,0.18330125561360094,0.07332050224544039
3109204,Buenópolis - MG,9150,2072,1183,12,5873,10,22.6448087431694,12.92896174863388,64.18579234972678,77.11475409836066,0.13114754098360656,0.1092896174863388
3109253,Bugre - MG,4041,1339,338,0,2363,1,33.13536253402623,8.364266270725068,58.47562484533531,66.83989111606039,0.0,0.024746349913387776
3109303,Buritis - MG,24030,6217,2978,53,14763,19,25.871826883062838,12.39284228048273,61.43570536828964,73.82854764877237,0.22055763628797337,0.07906783187682064
3109402,Buritizeiro - MG,23910,3754,4358,62,15701,33,15.700543705562525,18.22668339606859,65.66708490171476,83.89376829778335,0.2593057298201589,0.13801756587202008
3109451,Cabeceira Grande - MG,6627,1982,793,19,3816,17,29.90795231628188,11.966198883355968,57.58261656858307,69.54881545193903,0.28670590010562846,0.25652633167345706
3109501,Cabo Verde - MG,11410,6960,710,5,3735,0,60.99912357581069,6.222611744084137,32.73444347063979,38.95705521472392,0.04382120946538125,0.0
3109600,Cachoeira da Prata - MG,3693,980,505,3,2203,2,26.53669103709721,13.674519360953155,59.65339832114812,73.32791768210127,0.08123476848090982,0.05415651232060655
3109709,Cachoeira de Minas - MG,11883,9409,438,19,2013,4,79.18034166456282,3.685937894471093,16.94016662458975,20.626104519060842,0.1598922830934949,0.033661533282841036
3109808,Cachoeira Dourada - MG,2315,1067,273,1,965,9,46.090712742980564,11.792656587473003,41.68466522678186,53.477321814254864,0.04319654427645788,0.38876889848812096
3109907,Caetanópolis - MG,11435,3156,1238,2,7022,17,27.59947529514648,10.826410144293835,61.40795802361172,72.23436816790556,0.0174901617839965,0.14866637516397027
3110004,Caeté - MG,38776,11407,4731,12,22615,8,29.417681039818444,12.200845884051992,58.3221580358985,70.52300391995048,0.030946977511863007,0.020631318341242006
3110103,Caiana - MG,5304,2801,642,14,1844,3,52.80920060331825,12.104072398190045,34.76621417797888,46.87028657616892,0.26395173453996984,0.05656108597285068
3110202,Cajuri - MG,4088,1301,603,3,2177,4,31.82485322896282,14.750489236790607,53.25342465753425,68.00391389432485,0.07338551859099804,0.09784735812133072
3110301,Caldas - MG,14217,10152,759,25,3116,165,71.40746993036505,5.338679046212281,21.917422803685728,27.25610184989801,0.17584581838643876,1.160582401350496
3110400,Camacho - MG,2838,1583,278,1,976,0,55.77871740662438,9.795630725863283,34.390415785764624,44.18604651162791,0.035236081747709654,0.0
3110509,Camanducaia - MG,26097,17385,1191,91,7403,27,66.61685251178297,4.5637429589608,28.367245277234932,32.93098823619573,0.34869908418592177,0.10346016783538338
3110608,Cambuí - MG,29536,20907,1437,107,7072,12,70.78480498374864,4.865249187432286,23.943661971830984,28.80891115926327,0.3622697724810401,0.040628385698808236
3110707,Cambuquira - MG,12313,5740,1568,18,4981,5,46.61739624786811,12.734508243320068,40.45317956631203,53.187687809632095,0.14618695687484773,0.04060748802079103
3110806,Campanário - MG,2923,561,364,2,1961,35,19.192610331850837,12.452959288402326,67.0886075949367,79.54156688333903,0.06842285323297982,1.1973999315771469
3110905,Campanha - MG,15935,9301,1458,29,5140,7,58.368371509256356,9.149670536554753,32.25604016316285,41.4057106997176,0.18198933165986822,0.043928459366175086
3111002,Campestre - MG,20696,15586,753,12,4342,3,75.30923850019327,3.63838422883649,20.979899497487438,24.618283726323927,0.05798221878623889,0.014495554696559722
3111101,Campina Verde - MG,18011,9364,1708,25,6896,18,51.99045028038421,9.48309366498251,38.287713064238524,47.770806729221036,0.1388040641829993,0.09993892621175948
3111150,Campo Azul - MG,3714,767,582,4,2360,1,20.65158858373721,15.67043618739903,63.54334948842219,79.21378567582121,0.10770059235325795,0.026925148088314487
3111200,Campo Belo - MG,52277,28863,5480,66,17847,21,55.21166095988676,10.482621420509975,34.13929644011707,44.62191786062705,0.12625054995504714,0.040170629531151365
3111309,Campo do Meio - MG,11377,5816,894,12,4648,7,51.12068207787642,7.857959040168762,40.85435527819285,48.71231431836161,0.10547596027072163,0.06152764349125429
3111408,Campo Florido - MG,8466,3499,1035,5,3912,14,41.33002598629813,12.22537207654146,46.20836286321757,58.433734939759034,0.059059768485707535,0.1653673517599811
3111507,Campos Altos - MG,12979,6093,1456,36,5382,12,46.94506510516989,11.218121581015486,41.466985129825105,52.68510671084059,0.27737113799214114,0.09245704599738039
3111606,Campos Gerais - MG,26105,15294,1539,23,9218,31,58.586477686266996,5.895422332886421,35.31124305688565,41.20666538977207,0.0881057268722467,0.11875119708868033
3111705,Canaã - MG,4715,1958,500,20,2237,0,41.527041357370095,10.604453870625663,47.444326617179215,58.048780487804876,0.4241781548250265,0.0
3111804,Canápolis - MG,10608,5278,780,12,4534,3,49.754901960784316,7.352941176470588,42.74132730015083,50.094268476621416,0.11312217194570136,0.02828054298642534
3111903,Cana Verde - MG,5272,2600,752,1,1918,1,49.317147192716234,14.264036418816389,36.38088012139605,50.64491654021244,0.01896813353566009,0.01896813353566009
3112000,Candeias - MG,14001,8809,1187,13,3982,9,62.91693450467824,8.477965859581458,28.440825655310334,36.918791514891794,0.09285051067780872,0.0642811227769445
3112059,Cantagalo - MG,3974,783,459,12,2711,9,19.703069954705587,11.550075490689482,68.21841972823351,79.768495218923,0.3019627579265224,0.2264720684448918
3112109,Caparaó - MG,5048,2369,418,5,2256,0,46.92947702060222,8.280507131537242,44.69096671949287,52.97147385103011,0.09904912836767037,0.0
3112208,Capela Nova - MG,4362,2712,165,1,1483,1,62.17331499312242,3.782668500687758,33.99816597890876,37.780834479596514,0.022925263640531865,0.022925263640531865
3112307,Capelinha - MG,39626,9369,3321,34,26876,23,23.64356735476707,8.380861050825215,67.82415585726544,76.20501690809066,0.08580225104729218,0.058042699237874126
3112406,Capetinga - MG,6562,4100,381,3,2078,0,62.480950929594634,5.806156659555014,31.667174641877477,37.47333130143249,0.04571776897287412,0.0
3112505,Capim Branco - MG,10663,2710,1247,11,6682,13,25.414986401575543,11.694645034230517,62.665291193847885,74.3599362280784,0.10316046140860921,0.12191690893744725
3112604,Capinópolis - MG,14655,6858,1272,43,6455,27,46.796315250767655,8.679631525076765,44.04640054588877,52.72603207096554,0.2934152166496076,0.1842374616171955
3112653,Capitão Andrade - MG,4585,1699,521,14,2351,0,37.0556161395856,11.363140676117775,51.275899672846236,62.63904034896401,0.3053435114503817,0.0
3112703,Capitão Enéas - MG,14108,2629,1934,4,9529,12,18.63481712503544,13.70853416501276,67.54323787921747,81.25177204423024,0.02835270768358378,0.08505812305075135
3112802,Capitólio - MG,10380,6506,636,8,3228,2,62.678227360308284,6.127167630057803,31.09826589595376,37.225433526011564,0.07707129094412331,0.019267822736030827
3112901,Caputira - MG,8936,3066,1181,9,4679,1,34.31065353625783,13.21620411817368,52.36123545210385,65.57743957027753,0.10071620411817368,0.011190689346463742
3113008,Caraí - MG,19548,2554,1731,13,15239,10,13.065275219971353,8.85512584407612,77.95682422754246,86.81195007161858,0.06650296705545325,0.0511561285041948
3113107,Caranaíba - MG,2933,967,482,2,1482,0,32.96965564268667,16.433685646096148,50.528469144220935,66.96215479031709,0.06818956699624958,0.0
3113206,Carandaí - MG,23812,11738,1843,60,10156,11,49.29447337476903,7.7397950613136235,42.65076432051067,50.39055938182429,0.2519737947253486,0.04619519569964724
3113305,Carangola - MG,31240,15616,3758,61,11756,48,49.98719590268886,12.02944942381562,37.63124199743918,49.6606914212548,0.19526248399487836,0.15364916773367476
3113404,Caratinga - MG,87360,35289,9363,145,42517,42,40.394917582417584,10.717719780219781,48.66872710622711,59.38644688644689,0.16597985347985347,0.04807692307692308
3113503,Carbonita - MG,8512,2328,595,3,5583,3,27.349624060150376,6.990131578947368,65.58975563909775,72.57988721804512,0.03524436090225564,0.03524436090225564
3113602,Careaçu - MG,6816,4495,388,8,1923,2,65.94776995305165,5.692488262910798,28.213028169014084,33.90551643192488,0.11737089201877934,0.029342723004694836
3113701,Carlos Chagas - MG,18615,4448,2388,7,11762,6,23.89470856835885,12.828364222401289,63.185603008326616,76.0139672307279,0.037604082728982004,0.032232070910556
3113800,Carmésia - MG,2605,637,234,4,1273,457,24.452975047984644,8.982725527831095,48.867562380038386,57.85028790786948,0.15355086372360843,17.543186180422264
3113909,Carmo da Cachoeira - MG,11547,4160,1765,19,5602,0,36.026673594873124,15.285355503594007,48.51476574001905,63.800121243613056,0.16454490343812245,0.0
3114006,Carmo da Mata - MG,11019,5596,1368,5,4038,8,50.78500771394864,12.414919684181868,36.64579362918595,49.06071331336782,0.04537616843633724,0.07260186949813957
3114105,Carmo de Minas - MG,13797,7498,1032,8,5257,1,54.34514749583243,7.479886931941726,38.10248604769153,45.582372979633256,0.05798361962745524,0.007247952453431905
3114204,Carmo do Cajuru - MG,23479,12194,2666,38,8566,15,51.935772392350614,11.354827718386643,36.48366625495123,47.838493973337876,0.1618467566761787,0.0638868776353337
3114303,Carmo do Paranaíba - MG,29011,16654,2101,69,10183,3,57.405811588707735,7.242080590120988,35.10047912860639,42.34255971872737,0.23784081899968978,0.010340905173899555
3114402,Carmo do Rio Claro - MG,20954,14446,827,27,5620,34,68.94149088479527,3.9467404791447933,26.82065476758614,30.767395246730935,0.12885367948840318,0.16226018898539657
3114501,Carmópolis de Minas - MG,18003,8874,1283,31,7805,10,49.29178470254958,7.126590012775648,43.35388546353386,50.48047547630951,0.17219352330167195,0.05554629783924901
3114550,Carneirinho - MG,9422,4794,717,29,3874,6,50.880917002759496,7.609849288898323,41.11653576735301,48.72638505625133,0.30779027807259607,0.06368074718743366
3114600,Carrancas - MG,4049,1715,720,4,1609,1,42.35613731785626,17.782168436651023,39.73820696468264,57.520375401333666,0.09878982464806126,0.024697456162015314
3114709,Carvalhópolis - MG,3341,2404,165,2,767,2,71.95450463932954,4.938641125411554,22.957198443579767,27.89583956899132,0.059862316671655195,0.059862316671655195
3114808,Carvalhos - MG,4422,3102,197,3,1101,19,70.14925373134328,4.454997738579828,24.898236092265943,29.35323383084577,0.06784260515603799,0.42966983265490727
3114907,Casa Grande - MG,2214,984,141,0,1089,0,44.44444444444444,6.368563685636857,49.1869918699187,55.55555555555556,0.0,0.0
3115003,Cascalho Rico - MG,2712,1468,127,0,1116,1,54.12979351032448,4.682890855457227,41.150442477876105,45.83333333333333,0.0,0.03687315634218289
3115102,Cássia - MG,17155,9869,1267,21,5991,7,57.52841737102885,7.3856018653453805,34.92276304284465,42.30836490819003,0.12241329058583503,0.040804430195278345
3115201,Conceição da Barra de Minas - MG,3560,1622,376,1,1561,0,45.561797752808985,10.561797752808989,43.848314606741575,54.41011235955057,0.028089887640449437,0.0
3115300,Cataguases - MG,66261,34939,10700,33,20547,38,52.729358144308115,16.148262175336924,31.009190926789515,47.15745310212644,0.04980305156879612,0.05734896847315917
3115359,Catas Altas - MG,5473,1733,787,10,2942,1,31.664534989950667,14.379682075644071,53.754796272611,68.13447834825507,0.1827151470856934,0.01827151470856934
3115409,Catas Altas da Noruega - MG,3110,723,511,1,1875,0,23.2475884244373,16.430868167202572,60.28938906752411,76.72025723472669,0.03215434083601286,0.0
3115458,Catuji - MG,7030,958,1127,2,4935,7,13.627311522048364,16.031294452347083,70.19914651493599,86.23044096728307,0.02844950213371266,0.09957325746799431
3115474,Catuti - MG,4739,1000,479,0,3259,1,21.101498206372653,10.107617640852501,68.76978265456847,78.87740029542097,0.0,0.02110149820637265
3115508,Caxambu - MG,21056,12177,2353,25,6494,7,57.83149696048632,11.174962006079028,30.841565349544073,42.0165273556231,0.11873100303951367,0.03324468085106383
3115607,Cedro do Abaeté - MG,1081,446,118,0,516,1,41.25809435707678,10.91581868640148,47.733580018501385,58.649398704902865,0.0,0.09250693802035152
3115706,Central de Minas - MG,6171,2052,537,4,3577,1,33.252309188138064,8.701993193971804,57.96467347269486,66.66666666666667,0.06481931615621456,0.01620482903905364
3115805,Centralina - MG,10207,4101,1016,7,5080,3,40.17830900362496,9.953953169393554,49.769765846967765,59.723719016361315,0.06858038600960126,0.029391594004114823
3115904,Chácara - MG,3075,1688,333,5,1048,1,54.89430894308943,10.829268292682928,34.08130081300813,44.91056910569105,0.16260162601626016,0.032520325203252036
3116001,Chalé - MG,6075,2902,363,3,2806,1,47.76954732510288,5.9753086419753085,46.18930041152263,52.16460905349794,0.04938271604938271,0.01646090534979424
3116100,Chapada do Norte - MG,10337,989,2848,3,6492,2,9.567572796749541,27.55151397891071,62.803521331140566,90.35503531005128,0.02902195994969527,0.019347973299796845
3116159,Chapada Gaúcha - MG,12355,2256,1391,10,8692,6,18.259813840550386,11.258599757183326,70.35208417644678,81.6106839336301,0.08093889113719142,0.04856333468231485
3116209,Chiador - MG,2800,1359,530,0,910,1,48.535714285714285,18.928571428571427,32.5,51.42857142857143,0.0,0.03571428571428571
3116308,Cipotânea - MG,5581,3175,583,1,1822,0,56.88944633578212,10.446156602759363,32.64647912560473,43.09263572836409,0.017917935853789643,0.0
3116407,Claraval - MG,4658,2515,139,7,1997,0,53.99313009875483,2.9841133533705455,42.87247745813654,45.85659081150708,0.15027908973808501,0.0
3116506,Claro dos Poções - MG,7166,1632,833,16,4674,10,22.774211554563216,11.624337147641642,65.22467206251744,76.84900921015908,0.22327658386826682,0.13954786491766677
3116605,Cláudio - MG,30159,15450,2705,32,11960,11,51.22848900825624,8.969130276202792,39.65648728406114,48.62561756026393,0.10610431380350807,0.036473357869955904
3116704,Coimbra - MG,7117,3558,734,8,2814,3,49.99297456793593,10.31333427005761,39.53913165659688,49.85246592665449,0.11240691302515105,0.04215259238443164
3116803,Coluna - MG,8163,1535,506,4,6110,8,18.804361141737107,6.1987014577973785,74.84993262281024,81.04863408060763,0.049001592551757935,0.09800318510351587
3116902,Comendador Gomes - MG,2773,1451,279,5,1038,0,52.32600072124053,10.06130544536603,37.432383699963935,47.49368914532997,0.18031013342949873,0.0
3117009,Comercinho - MG,6660,1559,341,13,4744,2,23.40840840840841,5.12012012012012,71.23123123123123,76.35135135135135,0.19519519519519518,0.03003003003003003
3117108,Conceição da Aparecida - MG,10371,7388,342,8,2630,3,71.23710346157554,3.29765692797223,25.359174621540834,28.656831549513065,0.07713817375373638,0.028926815157651144
3117207,Conceição das Pedras - MG,2772,2195,70,2,505,0,79.18470418470419,2.525252525252525,18.217893217893216,20.743145743145742,0.07215007215007214,0.0
3117306,Conceição das Alagoas - MG,28381,12328,2508,118,13361,66,43.43751101088757,8.836897924667912,47.07727000458053,55.914167929248435,0.41577111447799586,0.2325499453859977
3117405,Conceição de Ipanema - MG,4409,2186,331,4,1885,3,49.580403719664325,7.507371286005897,42.75345883420277,50.26083012020867,0.09072352007257882,0.06804264005443411
3117504,Conceição do Mato Dentro - MG,23163,5009,3316,10,14813,15,21.62500539653758,14.315934896170617,63.95112895566205,78.26706385183266,0.04317230065190174,0.06475845097785261
3117603,Conceição do Pará - MG,5415,2534,434,3,2438,3,46.795937211449676,8.01477377654663,45.02308402585411,53.03785780240074,0.055401662049861494,0.055401662049861494
3117702,Conceição do Rio Verde - MG,12541,6180,1368,7,4982,4,49.27836695638307,10.908221035005184,39.7256997049677,50.633920739972886,0.05581692050075752,0.03189538314329001
3117801,Conceição dos Ouros - MG,10880,8331,279,8,2261,1,76.5716911764706,2.5643382352941178,20.78125,23.345588235294116,0.07352941176470588,0.009191176470588236
3117836,Cônego Marinho - MG,7237,1050,961,8,5176,42,14.508774354014093,13.278983004007186,71.52134862512091,84.8003316291281,0.11054304269725024,0.5803509741605638
3117876,Confins - MG,7350,2020,1045,6,4274,5,27.482993197278912,14.217687074829932,58.14965986394558,72.36734693877551,0.08163265306122448,0.06802721088435375
3117900,Congonhal - MG,11083,7475,412,21,3165,10,67.44563746278084,3.7174050347378866,28.557249842100514,32.2746548768384,0.18947938283858162,0.09022827754218173
3118007,Congonhas - MG,52890,18376,6831,53,27601,29,34.74380790319531,12.915484968803176,52.18566836831159,65.10115333711477,0.10020797882397428,0.0548307808659482
3118106,Congonhas do Norte - MG,4831,901,470,12,3447,1,18.650382943489962,9.728834609811633,71.35168702132064,81.08052163113227,0.24839577727178638,0.0206996481059822
3118205,Conquista - MG,6694,3853,459,5,2369,8,57.55900806692561,6.856886764266507,35.38990140424261,42.24678816850911,0.07469375560203168,0.11951000896325067
3118304,Conselheiro Lafaiete - MG,131621,57353,17170,101,56939,54,43.57435363657775,13.045030808153713,43.25981416339338,56.30484497154709,0.07673547534208067,0.04102688780665699
3118403,Conselheiro Pena - MG,20824,7090,2248,17,11418,50,34.0472531694199,10.7952362658471,54.83096427199386,65.62620053784096,0.08163657318478679,0.24010756819054938
3118502,Consolação - MG,1563,1183,44,0,333,3,75.68777991042866,2.815099168266155,21.30518234165067,24.120281509916826,0.0,0.19193857965451055
3118601,Contagem - MG,621863,220571,87539,726,312376,634,35.469387952008724,14.076894750129851,50.232285889335756,64.30918063946561,0.11674597137954823,0.10195171605321429
3118700,Coqueiral - MG,9023,5171,922,6,2923,1,57.30909896930068,10.218330932062507,32.394990579629834,42.61332151169234,0.06649673057741327,0.01108278842956888
3118809,Coração de Jesus - MG,25377,5112,3053,28,17172,11,20.14422508570753,12.030578870630887,67.66757299917248,79.69815186980337,0.11033613114237302,0.043346337234503686
3118908,Cordisburgo - MG,7547,1867,823,6,4851,0,24.738306611898768,10.904995362395654,64.27719623691533,75.18219159931098,0.07950178879024777,0.0
3119005,Cordislândia - MG,3200,1530,281,7,1381,1,47.8125,8.78125,43.15625,51.9375,0.21875,0.03125
3119104,Corinto - MG,23532,5080,2845,23,15571,12,21.587625361210268,12.089920108788034,66.1694713581506,78.25939146693864,0.09773924868264491,0.05099439061703213
3119203,Coroaci - MG,10884,2288,898,2,7678,18,21.021683204704154,8.250643145902242,70.54391767732452,78.79456082322676,0.018375597206909223,0.16538037486218302
3119302,Coromandel - MG,28894,16409,1636,35,10812,0,56.79033709420641,5.662075171315844,37.41953346715581,43.08160863847165,0.12113241503426317,0.0
3119401,Coronel Fabriciano - MG,104736,34481,13016,125,57076,38,32.92182248701497,12.427436602505347,54.49511151848457,66.92254812098992,0.11934769324778491,0.03628169874732661
3119500,Coronel Murta - MG,8200,1852,1379,22,4432,515,22.585365853658537,16.817073170731707,54.048780487804876,70.86585365853658,0.2682926829268293,6.280487804878049
3119609,Coronel Pacheco - MG,2762,1232,486,6,1032,6,44.605358435916,17.595944967414916,37.364228819695875,54.96017378711079,0.2172338884866039,0.2172338884866039
3119708,Coronel Xavier Chaves - MG,3486,1528,743,9,1202,4,43.8324727481354,21.313826735513484,34.48078026391279,55.79460699942628,0.25817555938037867,0.11474469305794607
3119807,Córrego Danta - MG,2960,1448,226,1,1285,0,48.91891891891892,7.635135135135135,43.41216216216216,51.0472972972973,0.033783783783783786,0.0
3119906,Córrego do Bom Jesus - MG,4272,3333,123,14,799,3,78.01966292134831,2.8792134831460676,18.70318352059925,21.582397003745317,0.32771535580524347,0.0702247191011236
3119955,Córrego Fundo - MG,6133,3966,296,0,1869,2,64.6665579651068,4.826349258111854,30.47448230882113,35.300831566932985,0.0,0.03261046796021523
3120003,Córrego Novo - MG,2875,912,225,26,1712,0,31.721739130434784,7.826086956521739,59.54782608695652,67.37391304347825,0.9043478260869565,0.0
3120102,Couto de Magalhães de Minas - MG,4245,702,958,1,2575,9,16.537102473498233,22.567726737338045,60.65959952885748,83.22732626619552,0.023557126030624265,0.21201413427561838
3120151,Crisólita - MG,5265,1059,450,4,3752,0,20.113960113960115,8.547008547008547,71.2630579297246,79.81006647673314,0.07597340930674264,0.0
3120201,Cristais - MG,12197,6670,1140,14,4370,3,54.68557842092318,9.346560629663031,35.82848241370829,45.17504304337132,0.11478232352217758,0.02459621218332377
3120300,Cristália - MG,5121,765,573,1,3782,0,14.938488576449911,11.189220855301699,73.85276313220074,85.04198398750243,0.019527436047646944,0.0
3120409,Cristiano Otoni - MG,4667,2274,430,7,1956,0,48.72509106492394,9.213627598028712,41.911292050567816,51.12491964859653,0.1499892864795372,0.0
3120508,Cristina - MG,10374,7382,878,9,2105,0,71.158665895508,8.4634663582032,20.291112396375553,28.754578754578752,0.08675534991324466,0.0
3120607,Crucilândia - MG,5434,3098,359,10,1966,1,57.01140964298859,6.606551343393448,36.17960986382039,42.78616120721384,0.1840264998159735,0.01840264998159735
3120706,Cruzeiro da Fortaleza - MG,3521,1714,335,6,1466,0,48.67935245668844,9.514342516330588,41.635898892360125,51.15024140869071,0.17040613462084636,0.0
3120805,Cruzília - MG,15362,9386,1842,25,4106,3,61.098815258429894,11.9906262205442,26.72829058716313,38.71891680770733,0.1627392266631949,0.019528707199583387
3120839,Cuparaque - MG,3983,1322,329,7,2317,8,33.19106201355762,8.260105448154658,58.17223198594024,66.4323374340949,0.1757469244288225,0.20085362791865427
3120870,Curral de Dentro - MG,7406,1887,670,2,4845,2,25.479341074804214,9.046718876586551,65.41992978665947,74.46664866324602,0.027005130974885227,0.027005130974885227
3120904,Curvelo - MG,80665,20763,8257,85,51523,37,25.73978801214901,10.236161904171574,63.87280728940681,74.10896919357839,0.1053740779768177,0.045868716295791236
3121001,Datas - MG,5465,907,1173,4,3380,1,16.596523330283624,21.463860933211343,61.848124428179325,83.31198536139067,0.07319304666056725,0.018298261665141813
3121100,Delfim Moreira - MG,7952,5431,218,8,2295,0,68.29728370221328,2.7414486921529173,28.86066398390342,31.60211267605634,0.1006036217303823,0.0
3121209,Delfinópolis - MG,8393,4739,563,22,3064,4,56.46371976647206,6.707970928154414,36.506612653401646,43.21458358155606,0.2621231979030144,0.04765876325509353
3121258,Delta - MG,10494,3741,1048,3,5699,1,35.64894225271584,9.986659043262817,54.307223175147705,64.29388221841052,0.02858776443682104,0.00952925481227368
3121308,Descoberto - MG,4928,2564,521,3,1839,1,52.02922077922078,10.57224025974026,37.31737012987013,47.88961038961039,0.060876623376623376,0.020292207792207792
3121407,Desterro de Entre Rios - MG,7653,4881,340,13,2413,6,63.77891023128185,4.442702208284333,31.53011890761793,35.97282111590226,0.16986802561087155,0.07840062720501764
3121506,Desterro do Melo - MG,2994,1942,165,1,886,0,64.8630594522378,5.511022044088176,29.59251837007348,35.10354041416166,0.033400133600534405,0.0
3121605,Diamantina - MG,47702,11960,8436,105,27136,63,25.07232401157184,17.68479309043646,56.886503710536246,74.5712968009727,0.22011655695777954,0.13206993417466772
3121704,Diogo de Vasconcelos - MG,3549,924,780,16,1829,0,26.035502958579883,21.978021978021978,51.53564384333615,73.51366582135813,0.4508312200619893,0.0
3121803,Dionísio - MG,6847,2027,1009,1,3806,4,29.604206221702935,14.7363808967431,55.586388199211335,70.32276909595444,0.014604936468526362,0.05841974587410545
3121902,Divinésia - MG,4226,1871,303,0,2051,1,44.27354472314245,7.169900615238997,48.53289162328443,55.70279223852342,0.0,0.023663038334122102
3122009,Divino - MG,20706,8972,1748,52,9893,40,43.330435622524874,8.441997488650633,47.77842171351299,56.220419202163626,0.251134936733314,0.1931807205640877
3122108,Divino das Laranjeiras - MG,4178,1201,497,3,2475,2,28.74581139301101,11.895643848731451,59.238870272857824,71.13451412158928,0.07180469123982768,0.04786979415988511
3122207,Divinolândia de Minas - MG,6516,1645,666,3,4197,4,25.245549416820136,10.220994475138122,64.41068139963167,74.6316758747698,0.04604051565377532,0.061387354205033766
3122306,Divinópolis - MG,231091,124563,21927,352,84066,177,53.90214244604939,9.488469910121987,36.37787711334496,45.86634702346694,0.15232094715934416,0.07659320354319295
3122355,Divisa Alegre - MG,6321,1349,713,0,4258,1,21.34155987976586,11.279860781521911,67.36275905711122,78.64261983863312,0.0,0.0158202816010125
3122405,Divisa Nova - MG,5851,3047,371,2,2431,0,52.07656810801572,6.340796445052128,41.5484532558537,47.88924970090583,0.03418219107844813,0.0
3122454,Divisópolis - MG,10213,2407,938,19,6832,17,23.568001566630766,9.184372858122002,66.89513365318712,76.07950651130912,0.1860374033095075,0.16645451875061196
3122470,Dom Bosco - MG,3697,1160,373,3,2159,2,31.37679199350825,10.089261563429808,58.39870164998648,68.4879632134163,0.08114687584527995,0.054097917230186636
3122504,Dom Cavati - MG,4904,1876,343,0,2680,5,38.25448613376835,6.994290375203915,54.64926590538336,61.643556280587276,0.0,0.10195758564437195
3122603,Dom Joaquim - MG,4899,787,660,0,3451,1,16.064502959787713,13.472137170851195,70.44294754031435,83.91508471116555,0.0,0.020412329046744233
3122702,Dom Silvério - MG,5228,2250,669,10,2297,2,43.03749043611324,12.796480489671003,43.936495791889826,56.73297628156083,0.19127773527161437,0.03825554705432287
3122801,Dom Viçoso - MG,3095,2551,134,5,404,1,82.4232633279483,4.329563812600969,13.053311793214863,17.382875605815833,0.16155088852988692,0.03231017770597738
3122900,Dona Euzébia - MG,6093,2880,745,6,2461,1,47.267355982274744,12.227145905137043,40.39061217790908,52.61775808304612,0.09847365829640571,0.016412276382734285
3123007,Dores de Campos - MG,10007,6068,651,31,3248,9,60.63755371240132,6.505446187668632,32.45727990406715,38.96272609173578,0.3097831517937444,0.0899370440691516
3123106,Dores de Guanhães - MG,5029,1160,612,30,3222,5,23.066215947504475,12.169417379200636,64.0684032610857,76.23782064028634,0.5965400676078744,0.09942334460131239
3123205,Dores do Indaiá - MG,12630,6934,865,7,4819,5,54.901029295328584,6.848772763262074,38.155186064924784,45.00395882818686,0.055423594615993665,0.0395882818685669
3123304,Dores do Turvo - MG,4987,2385,328,13,2252,9,47.824343292560656,6.577100461199118,45.157409264086624,51.73450972528574,0.2606777621816723,0.180469219971927
3123403,Doresópolis - MG,1461,940,113,0,408,0,64.33949349760438,7.734428473648186,27.926078028747433,35.66050650239562,0.0,0.0
3123502,Douradoquara - MG,1829,1120,99,0,610,0,61.235647895024606,5.41279387643521,33.351558228540185,38.764352104975394,0.0,0.0
3123528,Durandé - MG,7817,3312,712,7,3783,3,42.369195343482154,9.10835358833312,48.39452475374185,57.502878342074965,0.08954842011001662,0.038377894332864274
3123601,Elói Mendes - MG,26336,14150,2026,54,10088,18,53.72873633049818,7.6928918590522475,38.30498177399757,45.997873633049814,0.20504252733900363,0.06834750911300122
3123700,Engenheiro Caldas - MG,13622,3855,1708,4,8052,3,28.299809132286008,12.538540596094553,59.11026281016004,71.64880340625459,0.029364263691087945,0.02202319776831596
3123809,Engenheiro Navarro - MG,6354,1193,700,1,4455,5,18.775574441296822,11.016682404784389,70.11331444759207,81.12999685237646,0.015738117721120555,0.07869058860560277
3123858,Entre Folhas - MG,5179,1886,540,9,2744,0,36.416296582351805,10.426723305657463,52.98320139022977,63.409924695887234,0.1737787217609577,0.0
3123908,Entre Rios de Minas - MG,14746,6492,987,8,7234,23,44.025498440254985,6.693340566933406,49.057371490573715,55.75071205750712,0.05425200054252,0.15597450155974502
3124005,Ervália - MG,20255,8673,1549,12,9993,28,42.819057022957296,7.647494445815848,49.33596642804246,56.983460873858306,0.05924463095531968,0.13823747222907923
3124104,Esmeraldas - MG,85598,20386,15477,129,49472,133,23.815977008808616,18.081029930605855,57.79574289118904,75.8767728217949,0.15070445571158206,0.15537746209023576
3124203,Espera Feliz - MG,24102,12743,2202,14,9132,11,52.871131026470835,9.136171272093602,37.888971869554396,47.025143141648,0.05808646585345614,0.04563936602771554
3124302,Espinosa - MG,30443,8263,2491,27,19648,14,27.14252866011891,8.182505009361758,64.54028840784417,72.72279341720593,0.0886903393226686,0.045987583352494824
3124401,Espírito Santo do Dourado - MG,6611,4112,353,3,2130,13,62.19936469520496,5.33958553925276,32.21902889124187,37.55861443049463,0.04537891393132658,0.19664196036908183
3124500,Estiva - MG,11502,8536,380,24,2560,2,74.2131803164667,3.3037732568249,22.25699878282038,25.56077203964528,0.20865936358894105,0.01738828029907842
3124609,Estrela Dalva - MG,2186,886,446,4,850,0,40.530649588289116,20.40256175663312,38.88380603842635,59.28636779505947,0.18298261665141813,0.0
3124708,Estrela do Indaiá - MG,2772,1307,333,0,1130,2,47.15007215007215,12.012987012987013,40.76479076479077,52.77777777777778,0.0,0.07215007215007214
3124807,Estrela do Sul - MG,6840,3290,558,4,2982,6,48.099415204678365,8.157894736842104,43.59649122807018,51.75438596491228,0.05847953216374269,0.08771929824561403
3124906,Eugenópolis - MG,10801,4889,1045,6,4851,10,45.264327377094716,9.6750300898065,44.91250810110175,54.58753819090825,0.05555041199888899,0.09258401999814832
3125002,Ewbank da Câmara - MG,3875,1493,651,5,1724,2,38.52903225806452,16.8,44.49032258064516,61.29032258064517,0.12903225806451613,0.05161290322580645
3125101,Extrema - MG,53482,29165,3938,248,20078,53,54.532366029692234,7.363225010283834,37.541602782244496,44.90482779252833,0.46370741557907336,0.09909876220036648
3125200,Fama - MG,2578,1645,128,1,804,0,63.80915438324283,4.965089216446858,31.186966640806826,36.152055857253686,0.038789759503491075,0.0
3125309,Faria Lemos - MG,3188,1252,694,3,1238,1,39.272271016311166,21.76913425345044,38.833124215809285,60.60225846925972,0.09410288582183186,0.03136762860727729
3125408,Felício dos Santos - MG,5133,1114,781,2,3235,1,21.702707968049875,15.215273719072668,63.02357295928307,78.23884667835574,0.03896356906292616,0.01948178453146308
3125507,São Gonçalo do Rio Preto - MG,3032,655,475,0,1891,11,21.602902374670183,15.66622691292876,62.36807387862797,78.03430079155673,0.0,0.3627968337730871
3125606,Felisburgo - MG,6489,1407,668,2,4400,11,21.68284789644013,10.294344274926798,67.80705809832024,78.10140237324704,0.030821390044691015,0.1695176452458006
3125705,Felixlândia - MG,13978,3340,1125,40,9465,8,23.894691658320216,8.048361711260553,67.7135498640721,75.76191157533266,0.28616397195593074,0.05723279439118615
3125804,Fernandes Tourinho - MG,2789,840,299,6,1639,5,30.118321979204016,10.720688418788097,58.76658300466117,69.48727142344927,0.2151308712800287,0.17927572606669057
3125903,Ferros - MG,9590,2409,1098,2,6072,8,25.119916579770596,11.449426485922837,63.315954118873826,74.76538060479666,0.020855057351407715,0.08342022940563086
3125952,Fervedouro - MG,10445,4416,598,21,5405,4,42.27860220201053,5.725227381522259,51.7472474868358,57.47247486835806,0.20105313547151749,0.03829583532790809
3126000,Florestal - MG,8045,3419,675,8,3932,8,42.49844623990056,8.39030453697949,48.87507768800497,57.265382224984464,0.09944064636420137,0.09944064636420137
3126109,Formiga - MG,68248,40753,4847,83,22535,26,59.71310514593834,7.102039620208651,33.019282616340405,40.121322236549055,0.12161528542960966,0.038096354471925914
3126208,Formoso - MG,7949,1479,809,3,5655,3,18.60611397660083,10.177380802616682,71.14102402817964,81.31840483079633,0.03774059630142156,0.03774059630142156
3126307,Fortaleza de Minas - MG,3477,2111,182,2,1182,0,60.713258556226634,5.234397469082542,33.994823123382226,39.22922059246477,0.057520851308599366,0.0
3126406,Fortuna de Minas - MG,3093,729,568,2,1793,1,23.569350145489814,18.364047849983834,57.969608794051084,76.33365664403492,0.06466214031684449,0.032331070158422244
3126505,Francisco Badaró - MG,7366,880,938,1,5545,2,11.946782514254684,12.734184089057834,75.27830572902525,88.01248981808308,0.013575889220743959,0.027151778441487917
3126604,Francisco Dumont - MG,4503,1090,517,1,2894,1,24.206084832334,11.481234732400623,64.26826560071063,75.74950033311126,0.02220741727737064,0.02220741727737064
3126703,Francisco Sá - MG,23476,5202,2554,34,15674,12,22.158800477082977,10.879195774407906,66.76605895382518,77.64525472823308,0.14482876128812405,0.05111603339580849
3126752,Franciscópolis - MG,5034,738,709,13,3573,1,14.66030989272944,14.084227254668257,70.97735399284863,85.0615812475169,0.25824394119984106,0.01986491855383393
3126802,Frei Gaspar - MG,5640,1004,846,4,3785,1,17.80141843971631,15.0,67.10992907801419,82.10992907801419,0.07092198581560284,0.01773049645390071
3126901,Frei Inocêncio - MG,8226,1456,1111,9,5646,4,17.699975686846585,13.50595672258692,68.63603209336252,82.14198881594943,0.10940919037199125,0.04862630683199611
3126950,Frei Lagonegro - MG,3391,648,114,0,2629,0,19.1094072544972,3.361840165143026,77.52875258035978,80.8905927455028,0.0,0.0
3127008,Fronteira - MG,14540,6533,1080,29,6888,10,44.9312242090784,7.4277854195323245,47.372764786795045,54.80055020632737,0.19944979367262725,0.0687757909215956
3127057,Fronteira dos Vales - MG,4345,1095,433,0,2814,3,25.20138089758343,9.96547756041427,64.76409666283084,74.72957422324511,0.0,0.06904487917146145
3127073,Fruta de Leite - MG,4647,989,221,3,3434,0,21.282547880352915,4.755756401979772,73.89713793845492,78.65289434043468,0.0645577792123951,0.0
3127107,Frutal - MG,58588,31071,4627,167,22689,34,53.0330443094149,7.8975216767938825,38.7263603468287,46.623882023622585,0.28504130538676864,0.0580323615757493
3127206,Funilândia - MG,4686,1073,599,5,3004,5,22.89799402475459,12.782757148954332,64.10584720443876,76.88860435339309,0.10670081092616304,0.10670081092616304
3127305,Galiléia - MG,6222,1655,640,3,3914,10,26.59916425586628,10.286081645773063,62.90581806493089,73.19189971070395,0.048216007714561235,0.1607200257152041
3127339,Gameleiras - MG,4793,1511,297,12,2967,6,31.525140830377634,6.196536615898185,61.902774880033384,68.09931149593157,0.25036511579386606,0.12518255789693303
3127354,Glaucilândia - MG,2928,564,247,0,2117,0,19.262295081967213,8.435792349726777,72.30191256830601,80.73770491803279,0.0,0.0
3127370,Goiabeira - MG,2830,930,216,0,1683,1,32.86219081272085,7.6325088339222615,59.46996466431096,67.10247349823322,0.0,0.0353356890459364
3127388,Goianá - MG,4053,1752,656,1,1638,6,43.22723908216136,16.18554157414261,40.41450777202073,56.60004934616334,0.02467308166790032,0.14803849000740193
3127404,Gonçalves - MG,4727,3742,151,30,800,4,79.16225936111698,3.1944150624074465,16.924053310767928,20.118468373175375,0.6346519991537973,0.08462026655383964
3127503,Gonzaga - MG,5230,1120,618,1,3490,1,21.414913957934992,11.816443594646271,66.73040152963671,78.54684512428298,0.019120458891013385,0.019120458891013385
3127602,Gouveia - MG,11331,2762,1582,12,6958,17,24.375606742564646,13.961697996646368,61.40676021533845,75.36845821198482,0.10590415673815197,0.15003088871238196
3127701,Governador Valadares - MG,257171,76563,31213,344,148806,241,29.771241702991396,12.137060555039254,57.862667252528475,69.99972780756772,0.1337631381454363,0.09371196596816904
3127800,Grão Mogol - MG,13901,2609,1253,4,10030,5,18.76843392561686,9.01374001870369,72.1530825120495,81.16682253075318,0.028774908279979857,0.03596863534997482
3127909,Grupiara - MG,1392,775,142,2,473,0,55.67528735632184,10.201149425287356,33.979885057471265,44.18103448275862,0.14367816091954022,0.0
3128006,Guanhães - MG,32244,8853,3647,22,19660,62,27.45627093412728,11.310631435305794,60.972584046644336,72.28321548195012,0.0682297481702022,0.19228383575238805
3128105,Guapé - MG,13772,8241,964,4,4549,13,59.83880336915481,6.9997095556200986,33.030787104269535,40.030496659889636,0.02904443799012489,0.0943944234679059
3128204,Guaraciaba - MG,9753,2221,1435,7,6084,5,22.772480262483338,14.713421511329848,62.380805905875114,77.09422741720496,0.0717727878601456,0.05126627704296114
3128253,Guaraciama - MG,5051,981,366,2,3702,0,19.421896654127895,7.2460898831914475,73.29241734310038,80.53850722629183,0.039596119580281135,0.0
3128303,Guaranésia - MG,19150,11470,1213,19,6438,10,59.89556135770235,6.33420365535248,33.61879895561358,39.95300261096606,0.09921671018276762,0.05221932114882506
3128402,Guarani - MG,7714,3200,1676,3,2835,0,41.48301788955146,21.726730619652578,36.7513611615245,58.47809178117708,0.0388903292714545,0.0
3128501,Guarará - MG,3149,1402,543,0,1200,4,44.522070498570976,17.24356938710702,38.107335662114956,55.35090504922198,0.0,0.12702445220704986
3128600,Guarda-Mor - MG,6539,2250,617,8,3658,6,34.408931029209356,9.435693531120966,55.94127542437682,65.37696895549779,0.12234286588163328,0.09175714941122495
3128709,Guaxupé - MG,50911,32987,3098,131,14668,25,64.79346310227652,6.085128950521498,28.81106244230127,34.89619139282277,0.25731177937970184,0.049105301408340046
3128808,Guidoval - MG,7131,3534,1001,23,2571,2,49.55826672275978,14.037301921189174,36.05384938998738,50.09115131117655,0.32253540877857245,0.028046557285093254
3128907,Guimarânia - MG,8478,4157,503,14,3786,18,49.03279075253597,5.933003066761029,44.65675866949752,50.58976173625855,0.16513328615239442,0.21231422505307856
3129004,Guiricema - MG,7778,4577,519,0,2679,3,58.84546155824119,6.672666495242993,34.443301619953715,41.11596811519671,0.0,0.038570326562098224
3129103,Gurinhatã - MG,5192,2742,406,1,2043,0,52.81201848998459,7.819722650231125,39.34899845916795,47.16872110939907,0.01926040061633282,0.0
3129202,Heliodora - MG,6134,4358,337,5,1433,1,71.04662536680796,5.4939680469514185,23.36159113139876,28.85555917835018,0.0815128790348875,0.016302575806977502
3129301,Iapu - MG,12030,5966,900,2,5157,4,49.59268495428096,7.4812967581047385,42.86783042394015,50.34912718204489,0.01662510390689942,0.03325020781379884
3129400,Ibertioga - MG,5198,2624,376,10,2185,3,50.48095421315891,7.233551365909966,42.0353982300885,49.268949595998464,0.19238168526356292,0.057714505579068875
3129509,Ibiá - MG,22229,9818,2363,94,9940,14,44.16752890368438,10.630257771379728,44.71636150973953,55.34661928111926,0.42287102433757706,0.06298079085878806
3129608,Ibiaí - MG,6286,1098,988,34,4160,6,17.467387846007,15.717467387846007,66.17881005408844,81.89627744193444,0.5408845052497614,0.09545020680878141
3129657,Ibiracatu - MG,5081,1501,212,0,3368,0,29.541428852588073,4.172407006494785,66.28616414091714,70.45857114741192,0.0,0.0
3129707,Ibiraci - MG,10948,5759,819,15,4352,3,52.60321519912313,7.4808184143222505,39.75155279503105,47.2323712093533,0.1370113262696383,0.02740226525392766
3129806,Ibirité - MG,170537,47794,29357,186,93057,140,28.025589754715984,17.21444613192445,54.56704410186646,71.7814902337909,0.10906724054017604,0.08209362191196046
3129905,Ibitiúra de Minas - MG,3365,2403,128,1,833,0,71.41158989598812,3.803863298662704,24.75482912332838,28.558692421991086,0.029717682020802376,0.0
3130002,Ibituruna - MG,2698,1089,356,1,1250,2,40.363232023721274,13.194959229058561,46.330615270570796,59.52557449962936,0.037064492216456635,0.07412898443291327
3130051,Icaraí de Minas - MG,10677,1864,1292,10,7509,2,17.458087477755925,12.100777371920952,70.3287440292217,82.42952140114265,0.09365926758452749,0.018731853516905497
3130101,Igarapé - MG,45847,14203,5622,87,25869,66,30.979126224180426,12.262525356075644,56.42462974676642,68.68715510284207,0.1897615983597618,0.14395707461775034
3130200,Igaratinga - MG,10830,4630,746,16,5438,0,42.75161588180979,6.888273314866113,50.2123730378578,57.10064635272391,0.14773776546629733,0.0
3130309,Iguatama - MG,6826,2894,922,7,3002,1,42.39671842953413,13.507178435394081,43.97890418986229,57.48608262525637,0.10254907705830647,0.01464986815118664
3130408,Ijaci - MG,7003,2642,852,10,3494,5,37.726688562044835,12.166214479508781,49.89290304155362,62.059117521062404,0.1427959445951735,0.07139797229758675
3130507,Ilicínea - MG,12741,7492,1204,7,4037,0,58.80229181382937,9.449807707401304,31.685111058786596,41.1349187661879,0.054940742484891295,0.0
3130556,Imbé de Minas - MG,6986,2315,428,0,4241,2,33.13770397938735,6.126538791869454,60.707128542799886,66.83366733466934,0.0,0.0286286859433152
3130606,Inconfidentes - MG,7301,5596,200,11,1489,5,76.64703465278728,2.7393507738665934,20.39446651143679,23.133817285303383,0.15066429256266264,0.06848376934666484
3130655,Indaiabira - MG,6346,1809,365,1,4170,1,28.50614560352978,5.751654585565711,65.71068389536715,71.46233848093287,0.01575795776867318,0.01575795776867318
3130705,Indianópolis - MG,6171,2627,408,22,3112,2,42.570085885593905,6.6115702479338845,50.42942796953492,57.040998217468804,0.35650623885918004,0.03240965807810728
3130804,Ingaí - MG,2580,1162,388,4,1026,0,45.03875968992248,15.03875968992248,39.76744186046512,54.8062015503876,0.15503875968992248,0.0
3130903,Inhapim - MG,22692,8483,1639,11,12550,7,37.38321875550855,7.222809800810858,55.305834655385155,62.52864445619601,0.048475233562488985,0.03084787590340208
3131000,Inhaúma - MG,6239,1454,991,4,3787,3,23.305016829620133,15.883955762141369,60.698829940695624,76.58278570283699,0.06411283859592884,0.04808462894694662
3131109,Inimutaba - MG,7371,1567,678,4,5121,1,21.25898792565459,9.198209198209199,69.47496947496947,78.67317867317867,0.0542667209333876,0.0135666802333469
3131158,Ipaba - MG,17136,4491,2282,58,10300,2,26.20798319327731,13.316993464052288,60.107376283846875,73.42436974789916,0.338468720821662,0.011671335200746966
3131208,Ipanema - MG,19522,9206,1892,9,8374,41,47.15705358057576,9.691629955947137,42.89519516442987,52.58682512037701,0.04610183382850118,0.21001946521872758
3131307,Ipatinga - MG,227731,84207,24469,477,118388,185,36.97652054397513,10.744694398215438,51.985895640031444,62.73059003824688,0.20945764959535593,0.08123619533572504
3131406,Ipiaçu - MG,3775,1767,232,0,1775,1,46.80794701986755,6.145695364238411,47.019867549668874,53.16556291390729,0.0,0.026490066225165563
3131505,Ipuiúna - MG,9135,6122,692,3,2317,1,67.01696770662288,7.575259989053093,25.3639846743295,32.939244663382595,0.03284072249589491,0.010946907498631636
3131604,Iraí de Minas - MG,7180,3696,698,8,2776,2,51.476323119777156,9.721448467966574,38.66295264623955,48.38440111420613,0.11142061281337047,0.027855153203342618
3131703,Itabira - MG,113343,29780,18061,122,65292,84,26.274229551008883,15.934817324404683,57.60567481008973,73.54049213449441,0.10763787794570463,0.07411132579868188
3131802,Itabirinha - MG,10362,3043,1000,28,6280,11,29.36691758347809,9.650646593321753,60.60606060606061,70.25670719938236,0.27021810461300905,0.10615711252653928
3131901,Itabirito - MG,53365,20214,6643,54,26425,29,37.878759486554856,12.448233861144946,49.51747399981261,61.96570786095755,0.10118991848589899,0.0543427340016865
3132008,Itacambira - MG,4252,1088,203,17,2944,0,25.587958607714018,4.774223894637817,69.23800564440263,74.01222953904045,0.39981185324553153,0.0
3132107,Itacarambi - MG,17208,2604,2867,21,10824,890,15.13249651324965,16.660855416085543,62.90097629009763,79.56183170618317,0.12203626220362622,5.1720130172013015
3132206,Itaguara - MG,13846,8232,1492,41,4072,9,59.45399393326593,10.775675285280947,29.409215657951755,40.1848909432327,0.29611440127112526,0.065000722230247
3132305,Itaipé - MG,10463,2283,1113,10,7040,17,21.81974577081143,10.637484469081526,67.28471757622097,77.9222020453025,0.09557488292076842,0.16247730096530633
3132404,Itajubá - MG,93073,65585,5233,199,22017,34,70.4661932031846,5.622468385031104,23.655625154448657,29.278093539479762,0.21381066474702654,0.036530465333662825
3132503,Itamarandiba - MG,32948,8894,2630,29,21381,14,26.99405123224475,7.982275100157825,64.89316498725265,72.87544008741047,0.08801748209299502,0.0424911982517907
3132602,Itamarati de Minas - MG,3690,1636,645,1,1408,0,44.33604336043361,17.479674796747968,38.15718157181572,55.636856368563684,0.02710027100271003,0.0
3132701,Itambacuri - MG,21042,3821,3134,19,14047,21,18.15892025472864,14.894021480847828,66.7569622659443,81.65098374679212,0.09029559927763521,0.0998003992015968
3132800,Itambé do Mato Dentro - MG,2142,542,112,0,1487,1,25.30345471521942,5.228758169934641,69.42110177404295,74.64985994397759,0.0,0.04668534080298786
3132909,Itamogi - MG,10770,6454,548,9,3755,4,59.92571959145776,5.088207985143918,34.86536675951718,39.9535747446611,0.08356545961002786,0.03714020427112349
3133006,Itamonte - MG,14786,10594,619,4,3567,2,71.64885702691736,4.186392533477614,24.12417151359394,28.31056404707155,0.027052617340727714,0.013526308670363857
3133105,Itanhandu - MG,15236,11714,904,21,2592,4,76.88369650826989,5.933315830926753,17.012339196639537,22.94565502756629,0.1378314518246259,0.026253609871357313
3133204,Itanhomi - MG,11128,3671,832,22,6599,4,32.98885693745507,7.4766355140186915,59.30086268871315,66.77749820273185,0.19769949676491733,0.035945363048166784
3133303,Itaobim - MG,19151,4655,1762,5,12726,2,24.306824708892485,9.200563939219885,66.45083807634066,75.65140201556055,0.026108297216855515,0.010443318886742207
3133402,Itapagipe - MG,13690,8272,920,9,4485,4,60.42366691015339,6.7202337472607745,32.761139517896275,39.481373265157046,0.06574141709276844,0.029218407596785977
3133501,Itapecerica - MG,21046,12031,1710,22,7238,45,57.16525705597263,8.125059393709018,34.391333269980045,42.51639266368906,0.10453292787227977,0.2138173524660268
3133600,Itapeva - MG,12692,7499,728,14,4447,4,59.08446265364009,5.735896627797038,35.03781909864482,40.77371572644186,0.11030570438071226,0.03151591553734636
3133709,Itatiaiuçu - MG,12966,4557,1261,40,7095,13,35.14576584914391,9.725435755051674,54.72003701989819,64.44547277494986,0.30849915162733305,0.10026222427888323
3133758,Itaú de Minas - MG,14406,9475,797,21,4105,8,65.77120644176038,5.532417048452034,28.49507149798695,34.02748854643898,0.1457725947521866,0.055532417048452035
3133808,Itaúna - MG,97669,49690,7918,72,39948,40,50.875917640192895,8.106973553532852,40.901411911660816,49.00838546519367,0.07371837532891706,0.04095465296050948
3133907,Itaverava - MG,5642,2218,658,1,2765,0,39.31230060262318,11.662531017369727,49.007444168734494,60.669975186104224,0.01772421127259837,0.0
3134004,Itinga - MG,13745,3560,1372,2,8795,11,25.900327391778827,9.981811567842852,63.986904328846855,73.9687158966897,0.014550745725718442,0.08002910149145144
3134103,Itueta - MG,6055,2753,459,1,2819,23,45.46655656482246,7.5805119735755575,46.55656482246078,54.13707679603634,0.016515276630883566,0.37985136251032203
3134202,Ituiutaba - MG,102217,51214,9954,172,40805,71,50.10321179451559,9.738106185859495,39.9199741725936,49.65808035845309,0.1682694659401078,0.06946007024271893
3134301,Itumirim - MG,6638,2834,990,5,2809,0,42.693582404338656,14.914130762277795,42.31696294064477,57.231093702922564,0.07532389273877674,0.0
3134400,Iturama - MG,38295,18081,3568,96,16526,24,47.21504112808461,9.317143230186709,43.15445880663272,52.47160203681943,0.25068546807677244,0.06267136701919311
3134509,Itutinga - MG,4217,2095,612,9,1500,0,49.67986720417358,14.5126867441309,35.57031064737966,50.08299739151056,0.21342186388427792,0.0
3134608,Jaboticatubas - MG,20406,5220,2820,27,12326,13,25.580711555424877,13.819464863275508,60.40380280309713,74.22326766637264,0.13231402528668038,0.06370675291580907
3134707,Jacinto - MG,11042,2752,956,16,7311,7,24.923021191813078,8.657851838435066,66.21083137112842,74.86868320956349,0.14490128599891325,0.06339431262452454
3134806,Jacuí - MG,7495,5227,295,6,1966,1,69.73982655103403,3.9359573048699135,26.230820547031353,30.166777851901266,0.0800533689126084,0.0133422281521014
3134905,Jacutinga - MG,25525,17254,1143,25,7077,26,67.59647404505387,4.47796278158668,27.725759059745346,32.203721841332026,0.0979431929480901,0.10186092066601371
3135001,Jaguaraçu - MG,3092,963,593,16,1518,2,31.14489003880983,19.178525226390686,49.09443725743855,68.27296248382923,0.517464424320828,0.0646830530401035
3135050,Jaíba - MG,37660,8321,5318,23,23903,94,22.09506107275624,14.121083377588954,63.47052575677111,77.59160913436007,0.061072756240042485,0.2496016994158258
3135076,Jampruca - MG,4296,664,817,2,2812,1,15.456238361266294,19.017690875232773,65.4562383612663,84.47392923649907,0.04655493482309125,0.023277467411545624
3135100,Janaúba - MG,70699,16047,13035,100,41358,158,22.697633629895755,18.437318773957198,58.498705780845555,76.93602455480276,0.1414447163326214,0.2234826518055418
3135209,Januária - MG,65150,11143,10953,138,42644,272,17.10360706062932,16.811972371450498,65.45510360706064,82.26707597851113,0.21181887950882577,0.4174980813507291
3135308,Japaraíba - MG,4506,2301,286,2,1917,0,51.065246338215715,6.347092765201953,42.543275632490015,48.89036839769197,0.04438526409232135,0.0
3135357,Japonvar - MG,8127,2306,294,7,5512,8,28.374553955949306,3.6175710594315245,67.82330503260737,71.44087609203889,0.08613264427217916,0.09843730773963331
3135407,Jeceaba - MG,6197,2482,529,7,3174,4,40.051637889301276,8.536388575116993,51.21833145070195,59.75472002581895,0.11295788284653865,0.06454736162659351
3135456,Jenipapo de Minas - MG,6100,816,1117,3,4157,7,13.37704918032787,18.311475409836067,68.14754098360656,86.45901639344262,0.04918032786885246,0.11475409836065574
3135506,Jequeri - MG,12419,4006,1355,9,7046,3,32.25702552540462,10.910701344713745,56.73564699251148,67.64634833722522,0.07246960302761897,0.024156534342539657
3135605,Jequitaí - MG,6484,1153,1061,8,4258,4,17.782233189389267,16.36335595311536,65.66933991363356,82.03269586674892,0.12338062924120913,0.061690314620604564
3135704,Jequitibá - MG,5883,1409,701,4,3763,6,23.95036545979942,11.91568927417984,63.96396396396396,75.8796532381438,0.0679925208227095,0.10198878123406425
3135803,Jequitinhonha - MG,24007,5391,2606,14,15960,36,22.45595034781522,10.855167242887491,66.48060982213521,77.3357770650227,0.058316324405381766,0.14995626275669596
3135902,Jesuânia - MG,5138,3432,253,1,1445,7,66.79641884001558,4.924094978590891,28.123783573374855,33.047878551965745,0.01946282600233554,0.1362397820163488
3136009,Joaíma - MG,13888,2869,1265,12,9729,12,20.65812211981567,9.108582949308756,70.05328341013825,79.161866359447,0.08640552995391705,0.08640552995391705
3136108,Joanésia - MG,4329,1233,416,2,2678,0,28.482328482328484,9.60960960960961,61.86186186186186,71.47147147147147,0.0462000462000462,0.0
3136207,João Monlevade - MG,80187,27637,14004,81,38386,74,34.465686457904646,17.464177485128513,47.870602466734006,65.33477995186252,0.10101388005537057,0.09228428548268422
3136306,João Pinheiro - MG,46801,14179,5134,69,27401,18,30.296361188863486,10.9698510715583,58.54789427576334,69.51774534732164,0.14743274716352214,0.0384607166513536
3136405,Joaquim Felício - MG,3854,699,448,0,2707,0,18.13700051894136,11.624286455630514,70.23871302542813,81.86299948105864,0.0,0.0
3136504,Jordânia - MG,10304,2675,1018,0,6598,13,25.960791925465838,9.879658385093167,64.0333850931677,73.91304347826086,0.0,0.12616459627329193
3136520,José Gonçalves de Minas - MG,3969,752,438,9,2770,0,18.94683799445704,11.035525321239607,69.79087931468884,80.82640463592844,0.22675736961451248,0.0
3136553,José Raydan - MG,4268,815,425,0,3026,2,19.095595126522962,9.957825679475164,70.89971883786316,80.85754451733833,0.0,0.046860356138706656
3136579,Josenópolis - MG,3630,729,116,0,2785,0,20.082644628099175,3.1955922865013773,76.72176308539945,79.91735537190083,0.0,0.0
3136603,Nova União - MG,5909,1646,795,0,3468,0,27.855813166356405,13.454053139279067,58.690133694364526,72.14418683364359,0.0,0.0
3136652,Juatuba - MG,30716,8421,4576,34,17609,76,27.415679124886054,14.897773147545253,57.3284281807527,72.22620132829796,0.11069149628857924,0.24742805052741243
3136702,Juiz de Fora - MG,540756,286197,91844,837,161339,514,52.92534895590617,16.984370030106,29.835822441174948,46.82019247128095,0.15478330337527463,0.0950521122280659
3136801,Juramento - MG,3768,728,264,0,2773,3,19.32059447983015,7.006369426751593,73.59341825902335,80.59978768577494,0.0,0.07961783439490445
3136900,Juruaia - MG,11084,8585,294,7,2196,2,77.45398773006134,2.652472031757488,19.812342114760014,22.4648141465175,0.06315409599422592,0.01804402742692169
3136959,Juvenília - MG,5789,1472,548,0,3769,0,25.427534980134737,9.466229055104508,65.10623596476076,74.57246501986526,0.0,0.0
3137007,Ladainha - MG,14383,2451,2000,25,9741,166,17.040951122853368,13.905304873809358,67.72578738788847,81.63109226169783,0.17381631092261698,1.1541403045261767
3137106,Lagamar - MG,6631,3384,296,1,2946,4,51.033026692806516,4.463881767455889,44.427688131503544,48.89156989895943,0.015080681646810435,0.06032272658724174
3137205,Lagoa da Prata - MG,51412,24966,5128,74,21196,45,48.5606473196919,9.974325060297208,41.22772893487902,51.20205399517623,0.14393526803080992,0.08752820353224929
3137304,Lagoa dos Patos - MG,3313,661,409,1,2242,0,19.951705402958044,12.345306368849984,67.67280410504075,80.01811047389074,0.03018412315122246,0.0
3137403,Lagoa Dourada - MG,12769,7375,1224,10,4153,7,57.757067898817446,9.585715404495263,32.524081760513745,42.109797165009006,0.07831466833737959,0.05482026783616571
3137502,Lagoa Formosa - MG,18904,9453,834,25,8568,7,50.00528988573847,4.411764705882353,45.32374100719424,49.7355057130766,0.13224714346170122,0.03702920016927634
3137536,Lagoa Grande - MG,8969,3206,730,3,5025,5,35.74534507748913,8.139145947151299,56.02631285539079,64.16545880254209,0.03344854498829301,0.05574757498048835
3137601,Lagoa Santa - MG,75145,27292,8724,104,38950,73,36.31911637500832,11.609554860602834,51.8331226295828,63.44267749018564,0.13839909508283985,0.09714551866391642
3137700,Lajinha - MG,20835,8881,1860,3,10091,0,42.625389968802494,8.92728581713463,48.432925365970725,57.360211183105356,0.014398848092152628,0.0
3137809,Lambari - MG,20414,13264,1252,29,5867,2,64.9750171450965,6.133045948858626,28.74008033702361,34.873126285882236,0.1420593710198883,0.009797198001371608
3137908,Lamim - MG,3184,1401,418,10,1351,4,44.00125628140704,13.128140703517587,42.43090452261306,55.55904522613065,0.314070351758794,0.12562814070351758
3138005,Laranjal - MG,5963,3920,891,2,1148,2,65.73872211973838,14.94214321650176,19.25205433506624,34.194197551568,0.0335401643468053,0.0335401643468053
3138104,Lassance - MG,7124,1346,996,22,4760,0,18.89387984278495,13.980909601347557,66.81639528354857,80.79730488489614,0.308815272318922,0.0
3138203,Lavras - MG,104761,51955,15855,252,36629,68,49.593837401323015,15.134448888422218,34.964347419364074,50.098796307786294,0.24054753200141274,0.06490965149244471
3138302,Leandro Ferreira - MG,3199,1468,294,7,1430,0,45.8893404188809,9.190371991247265,44.70146920912785,53.89184120037511,0.2188183807439825,0.0
3138351,Leme do Prado - MG,4341,1174,483,2,2681,1,27.044459801888966,11.126468555632343,61.75996314213315,72.88643169776549,0.046072333563695,0.0230361667818475
3138401,Leopoldina - MG,51145,22613,10857,25,17616,27,44.21351060709747,21.227881513344414,34.44324958451462,55.67113109785903,0.04888063349301007,0.052791084172450875
3138500,Liberdade - MG,4737,3063,361,5,1306,2,64.66117796073465,7.6208570825416935,27.570192104707623,35.19104918724932,0.10555203715431707,0.04222081486172683
3138609,Lima Duarte - MG,17221,9006,2156,28,6028,3,52.29661459845538,12.519598165031066,35.00377446141339,47.523372626444456,0.16259218396144243,0.017420591138725974
3138625,Limeira do Oeste - MG,8687,3822,638,39,4186,0,43.996776792908946,7.344307586048118,48.18694601128122,55.53125359732934,0.4489467019684586,0.0
3138658,Lontra - MG,8790,2708,432,3,5642,5,30.80773606370876,4.914675767918089,64.18657565415245,69.10125142207053,0.034129692832764506,0.05688282138794084
3138674,Luisburgo - MG,6956,3046,393,4,3506,7,43.789534215066126,5.649798734905118,50.402530189764235,56.052328924669354,0.05750431282346176,0.10063254744105808
3138682,Luislândia - MG,6210,1137,991,3,4065,14,18.309178743961354,15.958132045088567,65.45893719806763,81.41706924315619,0.04830917874396135,0.22544283413848631
3138708,Luminárias - MG,5586,3102,519,4,1958,1,55.53168635875403,9.29108485499463,35.051915503043325,44.343000358037955,0.07160759040458288,0.01790189760114572
3138807,Luz - MG,17875,8264,1583,20,8001,7,46.23216783216783,8.855944055944056,44.76083916083916,53.61678321678322,0.11188811188811189,0.039160839160839164
3138906,Machacalis - MG,6487,1417,345,1,4721,3,21.8436873747495,5.318328965623555,72.77632187451827,78.09465084014182,0.015415446277169724,0.04624633883150917
3139003,Machado - MG,37684,20354,4128,32,13150,20,54.01231291794926,10.954251141067827,34.89544634327566,45.84969748434349,0.0849166755121537,0.05307292219509606
3139102,Madre de Deus de Minas - MG,5191,2953,594,12,1631,1,56.88691966865729,11.442881910999807,31.419764977846274,42.86264688884608,0.23116933153534963,0.019264110961279137
3139201,Malacacheta - MG,17516,2895,2056,21,12539,5,16.527746060744462,11.73783968942681,71.58597853391186,83.32381822333866,0.11989038593286139,0.028545329984014614
3139250,Mamonas - MG,5997,2577,430,20,2966,4,42.97148574287144,7.170251792562948,49.45806236451559,56.62831415707854,0.33350008337502085,0.06670001667500416
3139300,Manga - MG,18886,3328,3763,15,11644,136,17.621518585195382,19.924812030075188,61.65413533834587,81.57894736842105,0.07942391189240708,0.7201101344911575
3139409,Manhuaçu - MG,91886,38287,8781,37,44755,23,41.66793635591929,9.556406851968744,48.707093572470235,58.26350042443898,0.04026728772609538,0.02503101669459983
3139508,Manhumirim - MG,20613,9595,2393,30,8585,7,46.54829476543929,11.609178673652549,41.6484742638141,53.25765293746665,0.14553922282055015,0.0339591519914617
3139607,Mantena - MG,26535,8410,2107,30,15958,30,31.693989071038253,7.940456001507443,60.13943847748257,68.07989447899001,0.11305822498586772,0.11305822498586772
3139706,Maravilhas - MG,7333,2830,656,0,3847,0,38.592663302877405,8.945861175507977,52.46147552161462,61.407336697122595,0.0,0.0
3139805,Mar de Espanha - MG,12721,6493,2487,8,3727,6,51.04158478107067,19.550349815266095,29.298011162644446,48.848360977910545,0.06288813772502162,0.047166103293766214
3139904,Maria da Fé - MG,14247,9854,697,65,3629,2,69.1654383378957,4.892258019232119,25.47202919912964,30.36428721836176,0.45623640064575,0.014038043096792307
3140001,Mariana - MG,61387,16282,13618,84,31337,65,26.523531040774106,22.183850000814505,51.04826754850375,73.23211754931826,0.1368367895482757,0.10588561095997524
3140100,Marilac - MG,4224,581,613,5,3022,3,13.754734848484848,14.512310606060606,71.54356060606061,86.05587121212122,0.11837121212121213,0.07102272727272728
3140159,Mário Campos - MG,15900,4739,1963,8,9178,11,29.80503144654088,12.345911949685535,57.723270440251575,70.06918238993711,0.050314465408805034,0.06918238993710692
3140209,Maripá de Minas - MG,3387,1736,448,5,1198,0,51.254797756126365,13.227044582226158,35.37053439622085,48.597578978447004,0.14762326542663123,0.0
3140308,Marliéria - MG,4592,1223,779,5,2582,3,26.63327526132404,16.964285714285715,56.228222996515676,73.19250871080139,0.10888501742160278,0.06533101045296168
3140407,Marmelópolis - MG,3200,2416,74,5,705,0,75.5,2.3125,22.03125,24.34375,0.15625,0.0
3140506,Martinho Campos - MG,14003,6772,978,9,6125,119,48.361065485967295,6.984217667642648,43.74062700849818,50.724844676140826,0.06427194172677284,0.8498178961651075
3140530,Martins Soares - MG,8396,3507,822,3,4063,1,41.769890424011436,9.790376369699857,48.392091472129586,58.18246784182944,0.03573130061934254,0.011910433539780848
3140555,Mata Verde - MG,9112,2080,605,2,6424,1,22.8270412642669,6.639596136962248,70.50043898156278,77.14003511852503,0.021949078138718173,0.010974539069359086
3140605,Materlândia - MG,3963,479,725,22,2737,0,12.086802927075448,18.294221549331315,69.06384052485491,87.35806207418622,0.5551349987383295,0.0
3140704,Mateus Leme - MG,37841,12155,4782,41,20829,27,32.1212441531672,12.63708675774953,55.04347136703576,67.68055812478529,0.10834808805264132,0.07135117993710526
3140803,Matias Barbosa - MG,14121,6241,2306,4,5566,4,44.19658664400538,16.330288223213653,39.41647192125203,55.74676014446568,0.028326605764464274,0.028326605764464274
3140852,Matias Cardoso - MG,8895,1195,2358,6,5325,11,13.4345137717819,26.50927487352445,59.86509274873524,86.3743676222597,0.06745362563237774,0.12366498032602585
3140902,Matipó - MG,18552,6463,2576,11,9482,20,34.83721431651574,13.885295385942216,51.110392410521776,64.995687796464,0.059292798620094865,0.10780508840017249
3141009,Mato Verde - MG,12038,4182,1124,2,6718,12,34.739990031566705,9.337099185911281,55.8066123940854,65.14371157999668,0.01661405549094534,0.09968433294567204
3141108,Matozinhos - MG,37618,10119,4928,55,22485,26,26.899356690945822,13.100111648678824,59.771917698973894,72.87202934765271,0.14620660322186188,0.06911584879578925
3141207,Matutina - MG,3814,2475,181,0,1158,0,64.89250131095962,4.745673833245936,30.361824855794442,35.107498689040376,0.0,0.0
3141306,Medeiros - MG,3900,2174,280,2,1444,0,55.743589743589745,7.17948717948718,37.02564102564103,44.20512820512821,0.05128205128205128,0.0
3141405,Medina - MG,20156,4269,1262,8,14616,1,21.1797975788847,6.26116292915261,72.51438777535225,78.77555070450485,0.03969041476483429,0.004961301845604287
3141504,Mendes Pimentel - MG,5606,1686,496,3,3420,1,30.074919728861932,8.847663217980735,61.00606493043168,69.85372814841242,0.053514092044238314,0.01783803068141277
3141603,Mercês - MG,10373,5146,998,1,4219,6,49.60956328930878,9.621131784440374,40.672900800154245,50.29403258459462,0.009640412609659694,0.05784247565795816
3141702,Mesquita - MG,5040,1432,631,0,2972,5,28.41269841269841,12.51984126984127,58.96825396825397,71.48809523809524,0.0,0.0992063492063492
3141801,Minas Novas - MG,24405,4766,3295,12,16330,2,19.52878508502356,13.501331694324934,66.91251792665437,80.4138496209793,0.049170251997541485,0.008195041999590248
3141900,Minduri - MG,3741,1414,785,6,1536,0,37.79738037957765,20.98369419941192,41.05854049719326,62.042234696605185,0.16038492381716118,0.0
3142007,Mirabela - MG,13651,3193,1556,16,8867,19,23.39022782213757,11.39843234927844,64.95494835543184,76.35338070471028,0.11720753058384001,0.13918394256831002
3142106,Miradouro - MG,8968,4327,653,6,3981,1,48.249330954504906,7.281445138269403,44.39116859946476,51.67261373773417,0.06690454950936664,0.011150758251561105
3142205,Miraí - MG,13633,7906,1574,5,4146,2,57.99163793735788,11.545514560258198,30.411501503704248,41.95701606396244,0.03667571334262451,0.014670285337049806
3142254,Miravânia - MG,3985,1140,347,7,2403,88,28.607277289836887,8.707653701380176,60.30112923462986,69.00878293601004,0.17565872020075282,2.208281053952321
3142304,Moeda - MG,5125,1934,741,2,2446,2,37.73658536585366,14.458536585365854,47.72682926829268,62.18536585365854,0.03902439024390244,0.03902439024390244
3142403,Moema - MG,7548,4005,555,24,2959,5,53.060413354531,7.352941176470588,39.2024377318495,46.55537890832009,0.3179650238473768,0.06624271330153683
3142502,Monjolos - MG,2169,353,231,2,1580,1,16.27478100507146,10.650069156293222,72.84462886122637,83.4946980175196,0.09220839096357769,0.046104195481788846
3142601,Monsenhor Paulo - MG,8340,4829,538,11,2957,5,57.90167865707434,6.45083932853717,35.455635491606714,41.906474820143885,0.13189448441247004,0.05995203836930456
3142700,Montalvânia - MG,14060,3776,1876,45,8348,14,26.856330014224753,13.342816500711237,59.37411095305832,72.71692745376956,0.3200568990042674,0.09957325746799431
3142809,Monte Alegre de Minas - MG,20170,10118,1985,47,8001,19,50.163609320773425,9.841348537431829,39.66782350024789,49.50917203767972,0.2330193356470005,0.09419930589985126
3142908,Monte Azul - MG,20328,7220,1192,21,11883,12,35.51751279024006,5.86383313656041,58.45631641086187,64.32014954742228,0.10330578512396695,0.0590318772136954
3143005,Monte Belo - MG,13046,9812,417,23,2789,2,75.21079258010118,3.1963820328069907,21.378200214625174,24.574582247432165,0.17629924881189638,0.015330369461904032
3143104,Monte Carmelo - MG,47692,24160,3967,129,19408,26,50.658391344460284,8.317956890044451,40.69445609326512,49.01241298330957,0.2704856160362325,0.05451648075148872
3143153,Monte Formoso - MG,4381,1022,219,4,3136,0,23.328007304268432,4.998858708057521,71.58183063227574,76.58068934033327,0.09130335539831089,0.0
3143203,Monte Santo de Minas - MG,20890,12744,965,22,7150,8,61.005265677357585,4.619435136428914,34.226902824317854,38.846337960746766,0.10531354715174725,0.03829583532790809
3143302,Montes Claros - MG,414240,119362,45347,417,248666,442,28.814696794129006,10.947035534955582,60.029451525685595,70.97648706064118,0.10066628041714948,0.10670142912321359
3143401,Monte Sião - MG,24089,17330,951,80,5725,3,71.94155008510108,3.947860019095853,23.766034289509733,27.713894308605585,0.3321017891983893,0.012453817094939599
3143450,Montezuma - MG,6888,2089,377,1,4418,2,30.328106852497097,5.473286875725901,64.14053426248549,69.61382113821139,0.014518002322880372,0.029036004645760744
3143500,Morada Nova de Minas - MG,9067,3983,750,1,4327,6,43.92853203926326,8.271754714900187,47.722510201830815,55.994264916731,0.011029006286533583,0.0661740377192015
3143609,Morro da Garça - MG,2411,466,219,0,1723,3,19.328079635006223,9.083367897138118,71.46412277063459,80.5474906677727,0.0,0.1244296972210701
3143708,Morro do Pilar - MG,3133,450,441,2,2240,0,14.363230130864986,14.075965528247686,71.49696776252793,85.57293329077561,0.06383657835939993,0.0
3143807,Munhoz - MG,7451,4972,306,20,2145,8,66.72929808079452,4.106831297812374,28.788082136625956,32.89491343443833,0.2684203462622467,0.10736813850489867
3143906,Muriaé - MG,104108,52114,10993,67,40885,48,50.057632458600686,10.55922695662197,39.27171783148269,49.83094478810466,0.06435624543743036,0.046105966880547126
3144003,Mutum - MG,27635,9732,1797,14,16078,12,35.21621132621675,6.502623484711417,58.179844400217114,64.68246788492853,0.05066039442735661,0.04342319522344853
3144102,Muzambinho - MG,21891,16119,953,22,4787,8,73.63299986295738,4.353387236763967,21.867434105340095,26.220821342104063,0.10049792152025946,0.03654469873463981
3144201,Nacip Raydan - MG,2459,501,394,8,1553,3,20.374135827572182,16.022773485156566,63.155754371695814,79.17852785685238,0.32533550223668156,0.12200081333875559
3144300,Nanuque - MG,35038,8522,4298,29,22115,69,24.32216450710657,12.26668188823563,63.1171870540556,75.38386894229123,0.08276728123751356,0.1969290484616702
3144359,Naque - MG,6303,1230,1054,1,4013,5,19.51451689671585,16.722195779787402,63.66809455814691,80.39029033793432,0.015865460891638903,0.07932730445819451
3144375,Natalândia - MG,3520,1014,276,0,2230,0,28.806818181818183,7.840909090909091,63.35227272727273,71.19318181818181,0.0,0.0
3144409,Natércia - MG,4691,3735,225,1,727,3,79.62054998934128,4.796418674056705,15.49776167128544,20.294180345342145,0.021317416329140908,0.06395224898742273
3144508,Nazareno - MG,8179,3560,1005,4,3610,0,43.526103435627824,12.287565717080328,44.13742511309451,56.424990830174835,0.048905734197334634,0.0
3144607,Nepomuceno - MG,25018,11240,3558,28,10184,6,44.927652090494846,14.221760332560557,40.706691182348706,54.92845151490926,0.1119194180190263,0.023982732432648493
3144656,Ninheira - MG,10588,2827,538,13,7210,0,26.700037778617304,5.081224027200604,68.09595768794863,73.17718171514923,0.12278050623347185,0.0
3144672,Nova Belém - MG,3151,754,264,1,2131,1,23.928911456680417,8.378292605522056,67.62932402411933,76.00761662964138,0.031735956839098696,0.031735956839098696
3144706,Nova Era - MG,17438,4072,3472,10,9868,16,23.351301754788395,19.91054019956417,56.589058378254386,76.49959857781856,0.05734602592040371,0.09175364147264595
3144805,Nova Lima - MG,111697,48987,13442,176,49009,81,43.8570418184911,12.034342909836433,43.87673796073305,55.911080870569485,0.15756913793566524,0.07251761461811866
3144904,Nova Módica - MG,3663,614,564,0,2484,1,16.762216762216763,15.397215397215398,67.81326781326781,83.2104832104832,0.0,0.0273000273000273
3145000,Nova Ponte - MG,14598,6804,1585,46,6150,12,46.60912453760789,10.857651733114125,42.129058775174684,52.98671050828881,0.3151116591313879,0.08220304151253596
3145059,Nova Porteirinha - MG,6706,1614,850,6,4231,5,24.067998807038474,12.675216224276767,63.092752758723535,75.7679689830003,0.08947211452430659,0.07456009543692216
3145109,Nova Resende - MG,16387,11600,400,13,4369,5,70.78781961310796,2.4409592970037224,26.661377921523158,29.10233721852688,0.07933117715262097,0.03051199121254653
3145208,Nova Serrana - MG,105552,35784,10265,173,59243,87,33.90177353342428,9.725064423222676,56.12683795664696,65.85190237986964,0.1639002576928907,0.08242382901318782
3145307,Novo Cruzeiro - MG,26975,4181,3849,40,18889,15,15.499536607970343,14.268767377201112,70.02409638554217,84.29286376274328,0.14828544949026876,0.05560704355885079
3145356,Novo Oriente de Minas - MG,10275,1989,873,19,7372,21,19.357664233576642,8.496350364963504,71.74695863746959,80.2433090024331,0.18491484184914841,0.20437956204379562
3145372,Novorizonte - MG,4571,1238,210,2,3111,10,27.083789105228615,4.594180704441041,68.059505578648,72.65368628308904,0.04375410194705753,0.2187705097352877
3145406,Olaria - MG,1945,1099,219,0,623,4,56.50385604113111,11.259640102827763,32.030848329048844,43.29048843187661,0.0,0.20565552699228792
3145455,Olhos-d'Água - MG,5385,1034,731,3,3613,3,19.201485608170845,13.574744661095636,67.09377901578459,80.66852367688023,0.055710306406685235,0.055710306406685235
3145505,Olímpio Noronha - MG,2555,1442,271,4,836,2,56.43835616438356,10.606653620352251,32.720156555772995,43.32681017612525,0.15655577299412915,0.07827788649706457
3145604,Oliveira - MG,39262,19658,5964,24,13599,17,50.068768784066016,15.190260302582649,34.63654424125108,49.82680454383373,0.061127808058682696,0.04329886404156691
3145703,Oliveira Fortes - MG,2027,1165,158,3,699,2,57.47409965466206,7.794770596941293,34.48445979279724,42.27923038973853,0.1480019733596448,0.0986679822397632
3145802,Onça de Pitangui - MG,2969,1224,273,0,1471,1,41.226002020882454,9.19501515661839,49.54530144829909,58.74031660491748,0.0,0.033681374200067365
3145851,Oratórios - MG,4917,1093,1210,8,2583,23,22.229001423632297,24.60850111856823,52.5320317266626,77.14053284523084,0.16270083384177345,0.4677648972950986
3145877,Orizânia - MG,8437,3089,633,6,4691,17,36.61254000237051,7.502666824700723,55.600331871518314,63.10299869621904,0.07111532535261349,0.20149342183240487
3145901,Ouro Branco - MG,38724,15362,4567,71,18704,17,39.670488585889885,11.79371965706022,48.300795372378886,60.09451502943911,0.1833488276004545,0.04390042350996798
3146008,Ouro Fino - MG,32094,22495,1240,45,8296,18,70.09098273820652,3.8636505265781764,25.849068361687543,29.71271888826572,0.14021312394840157,0.056085249579360626
3146107,Ouro Preto - MG,74821,21783,14552,116,38281,82,29.1134841822483,19.449085149891072,51.163443418291656,70.61252856818273,0.15503668756097888,0.10959489982758851
3146206,Ouro Verde de Minas - MG,5757,977,1145,2,3629,3,16.97064443286434,19.888830988361995,63.03630363036304,82.92513461872502,0.03474031613687684,0.05211047420531527
3146255,Padre Carvalho - MG,5058,1108,230,5,3715,0,21.905891656781336,4.547251878212732,73.44800316330566,77.99525504151839,0.09885330170027679,0.0
3146305,Padre Paraíso - MG,17334,3546,1448,11,12325,4,20.456905503634477,8.353524864428291,71.10303449867313,79.45655936310142,0.0634590977270105,0.023076035537094728
3146404,Paineiras - MG,4224,2331,233,28,1631,0,55.18465909090909,5.516098484848484,38.61268939393939,44.128787878787875,0.6628787878787878,0.0
3146503,Pains - MG,8142,4235,1087,4,2814,2,52.01424711373127,13.350528125767624,34.56153279292557,47.91206091869319,0.04912797838368951,0.024563989191844757
3146552,Pai Pedro - MG,5551,928,923,10,3679,11,16.71770852098721,16.627634660421545,66.27634660421546,82.90398126463701,0.18014772113132768,0.19816249324446045
3146602,Paiva - MG,1474,717,104,1,652,0,48.64314789687924,7.055630936227951,44.23337856173677,51.28900949796472,0.06784260515603799,0.0
3146701,Palma - MG,5707,2735,1187,10,1760,15,47.92360259330646,20.799018748904853,30.839320133169792,51.63833888207465,0.17522340984755563,0.2628351147713335
3146750,Palmópolis - MG,6301,1275,799,0,4225,2,20.234883351848914,12.680526900491985,67.052848754166,79.73337565465799,0.0,0.03174099349309634
3146909,Papagaios - MG,13920,5196,1625,4,7091,4,37.327586206896555,11.673850574712644,50.94109195402299,62.61494252873563,0.028735632183908046,0.028735632183908046
3147006,Paracatu - MG,94023,22090,17360,326,54134,113,23.494251406570733,18.46356742499176,57.57527413505206,76.03884156004382,0.34672367399466086,0.12018335939078736
3147105,Pará de Minas - MG,97139,44421,8490,107,44067,50,45.72931572283017,8.740052913865698,45.364889488259095,54.10494240212479,0.1101514324833486,0.051472632001564766
3147204,Paraguaçu - MG,21723,13608,1405,19,6689,1,62.64328131473553,6.467799106937347,30.792247847903145,37.26004695484049,0.08746489895502463,0.00460341573447498
3147303,Paraisópolis - MG,20445,15812,876,23,3716,18,77.339202739056,4.284666177549523,18.175593054536563,22.460259232086088,0.11249694301785278,0.0880410858400587
3147402,Paraopeba - MG,24107,6026,3538,50,14485,8,24.996888870452565,14.67623511843033,60.086281992782176,74.7625171112125,0.2074086364956237,0.03318538183929979
3147501,Passabém - MG,1600,342,216,0,1042,0,21.375,13.5,65.125,78.625,0.0,0.0
3147600,Passa Quatro - MG,15515,12266,778,26,2441,3,79.05897518530455,5.014502094747019,15.73316145665485,20.74766355140187,0.1675797615211086,0.019336126329358685
3147709,Passa Tempo - MG,8473,5778,931,3,1761,0,68.19308391360794,10.987843738935442,20.7836657618317,31.77150950076714,0.03540658562492623,0.0
3147808,Passa Vinte - MG,2233,1355,179,2,697,0,60.68069861173309,8.016121809225258,31.21361397223466,39.22973578145992,0.08956560680698612,0.0
3147907,Passos - MG,111939,61704,11090,190,38886,67,55.12287942540134,9.90718158997311,34.738562967330424,44.64574455730353,0.1697353022628396,0.05985402764005396
3147956,Patis - MG,4837,738,221,5,3869,4,15.257390944800497,4.568947694852181,79.98759561711805,84.55654331197023,0.10336985734959686,0.08269588587967748
3148004,Patos de Minas - MG,159235,82306,10461,283,65949,233,51.688385091217384,6.569535592049487,41.41614594781298,47.98568153986247,0.17772474644393507,0.14632461456338117
3148103,Patrocínio - MG,89826,46318,8261,235,34967,44,51.564135105648695,9.196669115846191,38.92748202079576,48.12415113664195,0.2616169037917752,0.04898359049718344
3148202,Patrocínio do Muriaé - MG,5576,2410,627,1,2536,2,43.220946915351504,11.244619799139167,45.48063127690101,56.72525107604017,0.017934002869440458,0.035868005738880916
3148301,Paula Cândido - MG,8659,3416,1498,5,3728,12,39.450282942603074,17.299919159256266,43.05347037764176,60.35338953689802,0.057743388382030254,0.13858413211687262
3148400,Paulistas - MG,4389,501,421,2,3463,2,11.4149008885851,9.592162223741171,78.90179995443154,88.49396217817271,0.0455684666210982,0.0455684666210982
3148509,Pavão - MG,8047,1555,886,12,5585,9,19.32397166645955,11.010314402883061,69.4047471107245,80.41506151360755,0.149123897104511,0.11184292282838325
3148608,Peçanha - MG,17446,3660,1907,8,11870,1,20.97902097902098,10.930872406282242,68.03851885819098,78.96939126447323,0.04585578356070159,0.005731972945087699
3148707,Pedra Azul - MG,24410,4085,1584,13,18726,2,16.734944694797214,6.489143793527243,76.71446128635804,83.20360507988529,0.05325686194182712,0.00819336337566571
3148756,Pedra Bonita - MG,7320,3345,401,10,3564,0,45.69672131147541,5.478142076502732,48.68852459016394,54.16666666666667,0.1366120218579235,0.0
3148806,Pedra do Anta - MG,3311,1102,555,6,1646,1,33.282996073693745,16.76230745998188,49.713077620054364,66.47538508003625,0.1812141347025068,0.030202355783751134
3148905,Pedra do Indaiá - MG,4112,2577,253,1,1275,6,62.67023346303502,6.152723735408561,31.0068093385214,37.159533073929964,0.024319066147859923,0.14591439688715954
3149002,Pedra Dourada - MG,2757,933,317,4,1502,1,33.8411316648531,11.498005077983315,54.47950671019224,65.97751178817555,0.14508523757707653,0.03627130939426913
3149101,Pedralva - MG,10760,7548,468,3,2728,13,70.14869888475836,4.349442379182156,25.353159851301115,29.702602230483272,0.027881040892193308,0.120817843866171
3149150,Pedras de Maria da Cruz - MG,10433,2491,1559,10,6356,17,23.876162177705357,14.942969423943257,60.92207418767373,75.86504361161698,0.09584970765839164,0.1629445030192658
3149200,Pedrinópolis - MG,3344,1697,240,0,1406,1,50.74760765550239,7.177033492822966,42.04545454545455,49.22248803827751,0.0,0.029904306220095694
3149309,Pedro Leopoldo - MG,62580,17671,8075,76,36705,49,28.237456056248003,12.903483541067434,58.6529242569511,71.55640779801854,0.12144455097475232,0.07829977628635347
3149408,Pedro Teixeira - MG,1810,1067,190,1,551,1,58.950276243093924,10.497237569060774,30.441988950276244,40.93922651933702,0.055248618784530384,0.055248618784530384
3149507,Pequeri - MG,3351,1584,569,0,1198,0,47.26947179946285,16.980005968367653,35.7505222321695,52.73052820053715,0.0,0.0
3149606,Pequi - MG,4155,1586,374,2,2178,15,38.170878459687124,9.001203369434416,52.418772563176894,61.41997593261131,0.048134777376654635,0.36101083032490977
3149705,Perdigão - MG,12268,5197,967,18,6079,7,42.36224323443104,7.8822954026736225,49.551679165308116,57.433974567981736,0.1467231822627975,0.05705901532442126
3149804,Perdizes - MG,17151,8401,1274,46,7416,14,48.98256661419159,7.428138300973704,43.23946125590344,50.66759955687715,0.2682059355139642,0.08162789341729346
3149903,Perdões - MG,21384,10631,2888,6,7853,6,49.71473999251777,13.505424616535727,36.723718668163116,50.22914328469884,0.028058361391694726,0.028058361391694726
3149952,Periquito - MG,6553,1005,1174,15,4322,37,15.336487105142682,17.915458568594538,65.95452464520068,83.86998321379522,0.2289027926140699,0.5646268884480391
3150000,Pescador - MG,3570,580,649,6,2331,4,16.246498599439775,18.179271708683473,65.29411764705883,83.4733893557423,0.16806722689075632,0.11204481792717087
3150109,Piau - MG,2796,1494,437,3,861,1,53.433476394849784,15.629470672389127,30.793991416309012,46.42346208869814,0.1072961373390558,0.0357653791130186
3150158,Piedade de Caratinga - MG,8529,3339,500,3,4685,2,39.148786493141046,5.862351975612616,54.93023801149021,60.79258998710283,0.035174111853675694,0.023449407902450464
3150208,Piedade de Ponte Nova - MG,3976,1048,852,0,2076,0,26.358148893360163,21.428571428571427,52.21327967806841,73.64185110663983,0.0,0.0
3150307,Piedade do Rio Grande - MG,4604,2456,483,7,1655,3,53.34491746307559,10.490877497827976,35.947002606429194,46.43788010425717,0.1520417028670721,0.06516072980017376
3150406,Piedade dos Gerais - MG,5019,2766,307,4,1940,2,55.110579796772264,6.116756325961346,38.6531181510261,44.76987447698745,0.07969715082685794,0.03984857541342897
3150505,Pimenta - MG,8563,4971,629,10,2944,9,58.05208454980731,7.345556463856125,34.38047413289735,41.726030596753475,0.11678150181011328,0.10510335162910195
3150539,Pingo-d'Água - MG,4706,1144,705,7,2841,9,24.30939226519337,14.980875478113047,60.369740756481086,75.35061623459413,0.1487462813429664,0.19124521886952825
3150570,Pintópolis - MG,7084,1230,743,14,5096,1,17.3630717108978,10.488424618859401,71.93675889328063,82.42518351214002,0.1976284584980237,0.014116318464144552
3150604,Piracema - MG,6700,3411,651,8,2630,0,50.91044776119403,9.716417910447761,39.25373134328358,48.97014925373134,0.11940298507462686,0.0
3150703,Pirajuba - MG,5537,2626,528,6,2368,9,47.426404189994585,9.53584973812534,42.766841249774245,52.30269098789958,0.1083619288423334,0.16254289326350008
3150802,Piranga - MG,17018,4914,2910,11,9179,4,28.87530849688565,17.09954166176989,53.93700787401575,71.03654953578564,0.06463744270772123,0.02350452462098954
3150901,Piranguçu - MG,6041,4486,178,5,1371,1,74.25922860453568,2.9465320311206753,22.694918059923854,25.64145009104453,0.08276775368316504,0.01655355073663301
3151008,Piranguinho - MG,9120,5926,342,3,2846,3,64.9780701754386,3.75,31.20614035087719,34.95614035087719,0.03289473684210526,0.03289473684210526
3151107,Pirapetinga - MG,11077,5502,1697,6,3866,5,49.670488399386116,15.320032499774307,34.90114651981583,50.22117901959014,0.05416629051187145,0.04513857542655954
3151206,Pirapora - MG,55606,11625,8978,142,34819,42,20.906017336258678,16.14573966838111,62.617343452145455,78.76308312052657,0.25536812574182643,0.07553141747293457
3151305,Piraúba - MG,11610,5330,1686,13,4576,5,45.90869939707149,14.521963824289406,39.41429801894918,53.93626184323859,0.1119724375538329,0.04306632213608958
3151404,Pitangui - MG,26685,13127,2926,20,10602,10,49.19243020423459,10.964961588907626,39.73018549747049,50.695147086378114,0.07494847292486416,0.03747423646243208
3151503,Piumhi - MG,36062,20208,3006,49,12770,28,56.03682546725084,8.335644168376685,35.41123620431479,43.74688037269148,0.1358771005490544,0.07764405745660252
3151602,Planura - MG,11145,5106,917,16,5093,13,45.814266487214,8.22790489008524,45.697622252131,53.92552714221624,0.14356213548676536,0.11664423508299686
3151701,Poço Fundo - MG,16390,11867,808,4,3706,5,72.4039048200122,4.929835265405735,22.611348383160465,27.5411836485662,0.024405125076266018,0.03050640634533252
3151800,Poços de Caldas - MG,163742,106557,12581,573,43926,94,65.07615639237336,7.683428808735694,26.826348768184094,34.50977757691979,0.3499407604646334,0.057407384788264466
3151909,Pocrane - MG,8350,3372,595,6,4376,1,40.383233532934135,7.125748502994012,52.40718562874252,59.53293413173653,0.0718562874251497,0.011976047904191617
3152006,Pompéu - MG,31047,9464,4947,112,16418,105,30.482816375173126,15.933906657648082,52.88111572776758,68.81502238541566,0.36074338905530323,0.3381969272393468
3152105,Ponte Nova - MG,57776,20059,10700,43,26941,31,34.71856826363888,18.519800609249515,46.63008861811133,65.14988922736084,0.07442536693436722,0.05365549709221822
3152131,Ponto Chique - MG,3747,560,644,5,2538,0,14.945289564985321,17.18708299973312,67.7341873498799,84.92127034961302,0.13344008540165467,0.0
3152170,Ponto dos Volantes - MG,10883,2308,751,3,7821,0,21.207387668841314,6.900670770927134,71.8643756317192,78.76504640264633,0.027565928512358725,0.0
3152204,Porteirinha - MG,37438,10327,3418,28,23633,30,27.58427266413804,9.129761205192585,63.12570115924996,72.25546236444254,0.07479031999572627,0.08013248570970671
3152303,Porto Firme - MG,10569,4199,1234,16,5105,15,39.72939729397294,11.675655218090643,48.30163686252247,59.97729208061311,0.15138612924590783,0.1419244961680386
3152402,Poté - MG,13666,2504,1862,8,9283,5,18.32284501683009,13.625054880725889,67.92770379042881,81.55275867115469,0.05853944094833894,0.03658715059271184
3152501,Pouso Alegre - MG,152217,98588,10823,527,42185,91,64.76806138604755,7.110243928076365,27.71372448543855,34.82396841351492,0.3462162570540741,0.05978307284994449
3152600,Pouso Alto - MG,6566,4574,306,5,1680,1,69.6618946085897,4.6603716113311,25.586353944562898,30.246725555894,0.07614986293024673,0.015229972586049346
3152709,Prados - MG,9048,4001,745,10,4286,6,44.21971706454465,8.233863837312112,47.36958443854996,55.60344827586207,0.11052166224580018,0.06631299734748011
3152808,Prata - MG,28342,12383,3007,38,12891,22,43.691341472020326,10.609695857737632,45.48373438712864,56.093430244866276,0.13407663538211842,0.07762331522122645
3152907,Pratápolis - MG,8406,5671,663,2,2069,1,67.46371639305258,7.887223411848679,24.61337140137997,32.500594813228645,0.023792529145848205,0.011896264572924102
3153004,Pratinha - MG,3559,2183,204,1,1170,1,61.337454341107055,5.731947176173082,32.874402922169146,38.606350098342226,0.028097780275358246,0.028097780275358246
3153103,Presidente Bernardes - MG,4850,2149,658,1,2041,1,44.30927835051546,13.56701030927835,42.08247422680412,55.649484536082475,0.020618556701030927,0.020618556701030927
3153202,Presidente Juscelino - MG,3465,570,423,0,2472,0,16.450216450216452,12.207792207792208,71.34199134199135,83.54978354978356,0.0,0.0
3153301,Presidente Kubitschek - MG,3071,499,534,1,2033,3,16.24877889938131,17.388472810159556,66.19993487463367,83.58840768479322,0.0325626831650928,0.09768804949527841
3153400,Presidente Olegário - MG,18765,8371,1081,21,9218,74,44.60964561683986,5.760724753530509,49.12336797228883,54.88409272581934,0.11191047162270183,0.3943511857180922
3153509,Alto Jequitibá - MG,8397,5077,528,2,2790,0,60.46206978682863,6.287959985709182,33.22615219721329,39.51411218292247,0.023818030248898416,0.0
3153608,Prudente de Morais - MG,11466,2778,1542,37,7097,12,24.22815279958137,13.448456305599162,61.89604046746904,75.3444967730682,0.32269317983603696,0.10465724751439037
3153707,Quartel Geral - MG,3179,1494,350,2,1333,0,46.99591066373073,11.00975149418056,41.931424976407676,52.94117647058823,0.06291286568103177,0.0
3153806,Queluzito - MG,1770,1048,156,2,561,3,59.2090395480226,8.813559322033898,31.694915254237287,40.50847457627118,0.11299435028248588,0.1694915254237288
3153905,Raposos - MG,16279,4251,2688,7,9328,5,26.113397628846982,16.51207076601757,57.30081700350144,73.81288776951901,0.04300018428650409,0.03071441734750292
3154002,Raul Soares - MG,23423,8816,2407,20,12166,13,37.63821884472527,10.276224224053282,51.94040046108526,62.21662468513854,0.08538615890364172,0.055501003287367116
3154101,Recreio - MG,11007,5950,2295,0,2762,0,54.05650949395839,20.850367947669664,25.093122558371945,45.94349050604161,0.0,0.0
3154150,Reduto - MG,7848,3187,715,2,3940,4,40.60907237512742,9.110601427115188,50.203873598369015,59.3144750254842,0.0254841997961264,0.0509683995922528
3154200,Resende Costa - MG,11230,6586,1338,26,3270,10,58.64648263579697,11.914514692787177,29.118432769367764,41.032947462154944,0.2315227070347284,0.08904719501335707
3154309,Resplendor - MG,17226,5518,1541,9,9594,564,32.03297341228376,8.945779635434809,55.69487983281087,64.64065946824567,0.0522466039707419,3.274120515499826
3154408,Ressaquinha - MG,4548,2363,285,5,1882,11,51.956904133685136,6.266490765171504,41.38082673702726,47.64731750219877,0.10993843447669305,0.2418645558487247
3154457,Riachinho - MG,6863,1521,829,5,4506,2,22.162319685268834,12.079265627276701,65.65641847588518,77.73568410316187,0.07285443683520326,0.029141774734081305
3154507,Riacho dos Machados - MG,8756,2046,739,9,5955,7,23.366834170854272,8.43992690726359,68.01050708085884,76.45043398812243,0.1027866605756053,0.07994518044769301
3154606,Ribeirão das Neves - MG,329794,79707,61690,264,187741,362,24.168723506188712,18.70561623316373,56.92674821252054,75.63236444568427,0.0800499705877002,0.1097654899725283
3154705,Ribeirão Vermelho - MG,4080,1824,655,4,1596,1,44.705882352941174,16.05392156862745,39.11764705882353,55.17156862745098,0.09803921568627451,0.024509803921568627
3154804,Rio Acima - MG,10261,2510,1913,14,5806,18,24.461553454828962,18.643407075333787,56.58317902738524,75.22658610271903,0.1364389435727512,0.17542149887925154
3154903,Rio Casca - MG,12789,3481,2410,26,6858,14,27.218703573383376,18.844319336930173,53.62420830401126,72.46852764094143,0.20329971068887326,0.10946907498631636
3155009,Rio Doce - MG,2484,786,409,5,1280,4,31.642512077294686,16.465378421900162,51.529790660225444,67.99516908212561,0.20128824476650564,0.1610305958132045
3155108,Rio do Prado - MG,4639,1066,456,2,3111,4,22.97909032118991,9.82970467773227,67.06186678163397,76.89157145936623,0.04311273981461522,0.08622547962923044
3155207,Rio Espera - MG,5429,2841,603,3,1974,8,52.330079204273346,11.1070178670105,36.36028734573586,47.46730521274636,0.05525879535826119,0.14735678762202983
3155306,Rio Manso - MG,5568,2747,379,5,2435,1,49.33548850574713,6.806752873563219,43.73204022988506,50.53879310344828,0.08979885057471264,0.017959770114942528
3155405,Rio Novo - MG,8518,4477,1447,14,2580,0,52.55928621742193,16.987555764263913,30.28880018783752,47.27635595210143,0.1643578304766377,0.0
3155504,Rio Paranaíba - MG,14532,7274,1264,31,5961,0,50.05505092210294,8.698045692265346,41.01981833195706,49.71786402422241,0.21332232314891275,0.0
3155603,Rio Pardo de Minas - MG,28271,8138,956,14,19156,7,28.78568144034523,3.3815570726185844,67.75848042163348,71.14003749425207,0.049520710268472996,0.024760355134236498
3155702,Rio Piracicaba - MG,14631,4549,2849,7,7219,7,31.09151800970542,19.472353222609527,49.34044152826191,68.81279475087143,0.04784361971157132,0.04784361971157132
3155801,Rio Pomba - MG,17443,8985,2305,5,6136,12,51.51063463853695,13.214469987960786,35.177435074241814,48.391905062202596,0.02866479390013186,0.06879550536031646
3155900,Rio Preto - MG,5141,2730,500,3,1906,2,53.10250923944758,9.725734292939118,37.07449912468391,46.800233417623026,0.0583544057576347,0.03890293717175647
3156007,Rio Vermelho - MG,12641,1961,1518,2,9159,1,15.513013210980144,12.008543627877541,72.45471086148248,84.46325448936003,0.015821533106558025,0.007910766553279013
3156106,Ritápolis - MG,4994,2756,148,0,2090,0,55.18622346816179,2.9635562675210254,41.85022026431718,44.81377653183821,0.0,0.0
3156205,Rochedo de Minas - MG,2291,991,357,1,942,0,43.256219991270186,15.58271497162811,41.117415975556526,56.70013094718463,0.04364906154517678,0.0
3156304,Rodeiro - MG,8664,3820,968,8,3867,1,44.09048938134811,11.172668513388736,44.63296398891967,55.805632502308406,0.09233610341643583,0.011542012927054479
3156403,Romaria - MG,3386,1839,268,2,1276,1,54.31187241582989,7.914943886591849,37.68458357944477,45.59952746603662,0.05906674542232723,0.029533372711163616
3156452,Rosário da Limeira - MG,4734,2209,255,0,2270,0,46.6624419095902,5.386565272496831,47.95099281791297,53.3375580904098,0.0,0.0
3156502,Rubelita - MG,5679,1346,324,2,4001,6,23.701355872512767,5.705229793977813,70.45254446205318,76.15777425603099,0.035217467864060575,0.10565240359218173
3156601,Rubim - MG,10298,2396,894,5,6994,4,23.266653719168772,8.681297339289182,67.91610021363371,76.5973975529229,0.04855311711011847,0.038842493688094774
3156700,Sabará - MG,129380,34243,25906,112,68997,117,26.466996444581852,20.02318750966146,53.32895347039728,73.35214098005875,0.08656670273612614,0.0904312876797032
3156809,Sabinópolis - MG,14240,2496,2160,9,9572,3,17.528089887640448,15.168539325842696,67.21910112359551,82.38764044943821,0.06320224719101124,0.021067415730337078
3156908,Sacramento - MG,26670,14283,2303,33,10005,45,53.554555680539934,8.63517060367454,37.514060742407196,46.149231346081734,0.12373453318335208,0.1687289088863892
3157005,Salinas - MG,40178,11770,2588,68,25710,41,29.294638857085967,6.441336054557221,63.99024341679526,70.43157947135248,0.16924685151077704,0.10204589576385087
3157104,Salto da Divisa - MG,6110,1225,952,11,3921,1,20.04909983633388,15.5810147299509,64.1734860883797,79.7545008183306,0.18003273322422259,0.016366612111292964
3157203,Santa Bárbara - MG,30466,8469,5258,34,16670,33,27.798201273550845,17.258583338803913,54.71673340773321,71.97531674653712,0.11159981618853804,0.10831746865358104
3157252,Santa Bárbara do Leste - MG,8458,2925,658,19,4849,7,34.58264365098132,7.7796169307164815,57.33033814140459,65.10995507212107,0.22463939465594704,0.0827618822416647
3157278,Santa Bárbara do Monte Verde - MG,3095,1483,432,1,1176,3,47.91599353796446,13.957996768982229,37.996768982229405,51.95476575121163,0.03231017770597738,0.09693053311793215
3157302,Santa Bárbara do Tugúrio - MG,4208,2033,256,1,1918,0,48.31273764258555,6.083650190114068,45.57984790874525,51.66349809885932,0.02376425855513308,0.0
3157336,Santa Cruz de Minas - MG,8109,3592,860,16,3640,1,44.29646072265384,10.605500061659884,44.88839560981626,55.49389567147614,0.19731162905413738,0.012331976815883586
3157377,Santa Cruz de Salinas - MG,3910,1181,252,3,2470,4,30.20460358056266,6.445012787723785,63.171355498721226,69.61636828644501,0.07672634271099744,0.10230179028132992
3157401,Santa Cruz do Escalvado - MG,4673,770,346,1,3555,1,16.477637491975177,7.4042371067836505,76.07532634282046,83.47956344960411,0.02139952921035737,0.02139952921035737
3157500,Santa Efigênia de Minas - MG,4039,934,317,11,2769,8,23.124535776182224,7.848477345877693,68.55657340925971,76.40505075513741,0.27234463976231743,0.19806882891804903
3157609,Santa Fé de Minas - MG,3522,480,533,4,2502,3,13.62862010221465,15.133446905167519,71.03918228279387,86.17262918796139,0.1135718341851221,0.08517887563884156
3157658,Santa Helena de Minas - MG,5938,889,599,1,3215,1234,14.971370831929942,10.087571572920176,54.14280902660828,64.23038059952846,0.016840687100033683,20.781407881441563
3157708,Santa Juliana - MG,15734,6918,883,29,7899,5,43.968475912037626,5.6120503368501335,50.20338121266048,55.81543154951061,0.18431422397356045,0.03177831447820008
3157807,Santa Luzia - MG,219132,56540,42743,203,119430,211,25.801799828413923,19.505594801306973,54.50139641859701,74.00699121990398,0.09263822718726612,0.09628899476114854
3157906,Santa Margarida - MG,16395,6007,1522,2,8861,3,36.63921927416895,9.283318084781946,54.04696553827387,63.33028362305581,0.012198841110094541,0.018298261665141813
3158003,Santa Maria de Itabira - MG,10485,2140,2702,0,5642,1,20.410109680495946,25.770147830233668,53.810205054840246,79.58035288507392,0.0,0.009537434430138292
3158102,Santa Maria do Salto - MG,4755,1242,354,1,3155,3,26.1198738170347,7.444794952681388,66.35120925341745,73.79600420609884,0.02103049421661409,0.06309148264984227
3158201,Santa Maria do Suaçuí - MG,12788,2637,1341,21,8781,6,20.620894588676883,10.486393493900533,68.66593681576478,79.15233030966532,0.16421645292461684,0.046918986549890525
3158300,Santana da Vargem - MG,6691,3294,704,5,2686,2,49.23030937079659,10.521596173965028,40.14347631146316,50.66507248542819,0.0747272455537289,0.029890898221491557
3158409,Santana de Cataguases - MG,3489,1846,449,1,1193,0,52.9091430209229,12.869016910289481,34.19317856119232,47.0621954714818,0.028661507595299514,0.0
3158508,Santana de Pirapama - MG,7030,1666,541,15,4807,0,23.698435277382647,7.695590327169275,68.37837837837837,76.07396870554764,0.21337126600284495,0.0
3158607,Santana do Deserto - MG,3747,1289,847,27,1582,2,34.40085401654657,22.604750467040297,42.22044302108353,64.82519348812383,0.7205764611689351,0.05337603416066186
3158706,Santana do Garambéu - MG,2137,962,206,23,938,8,45.016378100140386,9.639681796911558,43.893308376228354,53.532990173139915,1.0762751520823584,0.37435657463734207
3158805,Santana do Jacaré - MG,4214,1761,490,1,1954,8,41.78927384907451,11.627906976744185,46.36924537256763,57.99715234931182,0.023730422401518746,0.18984337921214997
3158904,Santana do Manhuaçu - MG,8987,2542,794,4,5645,2,28.28530099031935,8.83498386558362,62.81295204183821,71.64793590742183,0.044508734839212194,0.022254367419606097
3158953,Santana do Paraíso - MG,44800,13150,5417,48,26169,16,29.352678571428573,12.091517857142858,58.41294642857143,70.50446428571429,0.10714285714285714,0.03571428571428571
3159001,Santana do Riacho - MG,5313,1433,435,3,3437,5,26.97157914549219,8.187464709203839,64.69038208168642,72.87784679089026,0.05646527385657821,0.09410878976096368
3159100,Santana dos Montes - MG,3469,1420,447,2,1597,3,40.93398673969444,12.885557797636206,46.036321706543674,58.921879504179884,0.057653502450273855,0.08648025367541078
3159209,Santa Rita de Caldas - MG,8460,6667,391,16,1382,4,78.80614657210401,4.621749408983452,16.335697399527188,20.95744680851064,0.18912529550827423,0.04728132387706856
3159308,Santa Rita de Jacutinga - MG,4755,2939,407,1,1408,0,61.808622502628815,8.559411146161935,29.61093585699264,38.170347003154575,0.02103049421661409,0.0
3159357,Santa Rita de Minas - MG,6773,2179,608,2,3984,0,32.171858851321424,8.976819725380187,58.82179241104385,67.79861213642404,0.029529012254540087,0.0
3159407,Santa Rita de Ibitipoca - MG,3301,1863,309,2,1124,2,56.4374431990306,9.360799757649197,34.05028779157831,43.41108754922751,0.060587700696758555,0.060587700696758555
3159506,Santa Rita do Itueto - MG,5826,2271,471,5,3053,26,38.98043254376931,8.084449021627188,52.40302094061106,60.487469962238244,0.08582217645039478,0.44627531754205285
3159605,Santa Rita do Sapucaí - MG,40635,25452,2855,69,12231,26,62.63565891472868,7.025962839916328,30.099667774086377,37.1256306140027,0.16980435585086748,0.06398425003076166
3159704,Santa Rosa da Serra - MG,3382,1595,309,0,1470,8,47.161442933175636,9.136605558840923,43.46540508574808,52.602010644589,0.0,0.23654642223536368
3159803,Santa Vitória - MG,20973,8761,1563,9,10622,17,41.772755447480094,7.452438849949935,50.64606875506604,58.098507605015975,0.04291231583464454,0.0810565965765508
3159902,Santo Antônio do Amparo - MG,17285,5841,2803,15,8618,7,33.79230546716806,16.216372577379232,49.85825860572751,66.07463118310673,0.08678044547295342,0.0404975412207116
3160009,Santo Antônio do Aventureiro - MG,3769,2065,603,6,1094,1,54.78906871849297,15.998938710533299,29.026266914300876,45.02520562483417,0.15919342000530645,0.026532236667551074
3160108,Santo Antônio do Grama - MG,4229,1324,540,1,2364,0,31.3076377394183,12.76897611728541,55.89973989122724,68.66871600851265,0.023646252069047056,0.0
3160207,Santo Antônio do Itambé - MG,3915,332,680,3,2900,0,8.480204342273307,17.369093231162196,74.07407407407408,91.44316730523627,0.07662835249042145,0.0
3160306,Santo Antônio do Jacinto - MG,10327,2468,843,18,6968,30,23.898518446789968,8.163067686646654,67.47361285949452,75.63668054614118,0.17430037765081824,0.2905006294180304
3160405,Santo Antônio do Monte - MG,27295,16965,1758,22,8542,4,62.154240703425536,6.44074006228247,31.295108994321303,37.735849056603776,0.08060084264517312,0.014654698662758746
3160454,Santo Antônio do Retiro - MG,6629,2269,406,0,3954,0,34.22839040579273,6.124604012671594,59.64700558153568,65.77160959420728,0.0,0.0
3160504,Santo Antônio do Rio Abaixo - MG,1808,495,265,1,1047,0,27.378318584070797,14.6570796460177,57.90929203539823,72.56637168141593,0.05530973451327434,0.0
3160603,Santo Hipólito - MG,2717,449,458,0,1810,0,16.52557968347442,16.856827383143173,66.61759293338241,83.47442031652558,0.0,0.0
3160702,Santos Dumont - MG,42406,20530,6342,30,15490,13,48.41296043012781,14.955430835259161,36.527849832570865,51.48328066783003,0.07074470593783899,0.030656039239730228
3160801,São Bento Abade - MG,4713,1458,681,6,2567,1,30.93570973901973,14.449395289624443,54.46636961595587,68.91576490558032,0.1273074474856779,0.021217907914279653
3160900,São Brás do Suaçuí - MG,3989,1365,578,2,2043,1,34.219102531962896,14.489847079468538,51.215843569817,65.70569064928553,0.05013787916771121,0.025068939583855605
3160959,São Domingos das Dores - MG,5626,2079,334,3,3205,5,36.95343050124422,5.93672236046925,56.9676501955208,62.904372555990044,0.053323853537148955,0.08887308922858159
3161007,São Domingos do Prata - MG,17392,5292,2960,18,9104,18,30.42778288868445,17.01931922723091,52.34590616375345,69.36522539098436,0.10349586016559338,0.10349586016559338
3161056,São Félix de Minas - MG,3200,893,229,7,2069,2,27.90625,7.15625,64.65625,71.8125,0.21875,0.0625
3161106,São Francisco - MG,52762,9106,8095,127,35288,146,17.258633107160456,15.342481331261135,66.88146772298245,82.22394905424359,0.24070353663621546,0.2767143019597438
3161205,São Francisco de Paula - MG,6187,3034,740,4,2408,1,49.03830612574753,11.960562469694521,38.92031679327622,50.880879262970744,0.06465168902537578,0.016162922256343946
3161304,São Francisco de Sales - MG,5732,2542,397,13,2778,2,44.34752267969295,6.9260293091416605,48.46475924633636,55.39078855547802,0.22679692951849267,0.034891835310537335
3161403,São Francisco do Glória - MG,4800,2171,599,15,2014,1,45.229166666666664,12.479166666666666,41.958333333333336,54.4375,0.3125,0.020833333333333332
3161502,São Geraldo - MG,10282,4661,1211,8,4392,8,45.33164753938922,11.777864228749271,42.715425014588604,54.49328924333788,0.07780587434351294,0.07780587434351294
3161601,São Geraldo da Piedade - MG,3305,559,594,3,2149,0,16.91376701966717,17.972768532526477,65.02269288956127,82.99546142208774,0.0907715582450832,0.0
3161650,São Geraldo do Baixio - MG,3143,989,256,0,1896,2,31.46675151129494,8.145084314349347,60.324530703149854,68.4696150174992,0.0,0.06363347120585428
3161700,São Gonçalo do Abaeté - MG,7375,2168,853,0,4350,4,29.396610169491524,11.566101694915254,58.983050847457626,70.54915254237288,0.0,0.05423728813559322
3161809,São Gonçalo do Pará - MG,11770,5579,1142,8,5030,11,47.400169923534406,9.702633814783347,42.735768903993204,52.43840271877655,0.06796941376380629,0.09345794392523364
3161908,São Gonçalo do Rio Abaixo - MG,11850,2618,2431,14,6776,10,22.09282700421941,20.514767932489452,57.18143459915612,77.69620253164557,0.11814345991561181,0.08438818565400844
3162005,São Gonçalo do Sapucaí - MG,23959,13590,1833,59,8466,11,56.72189991235027,7.650569723277266,35.33536458115948,42.985934304436746,0.24625401727951918,0.04591176593346968
3162104,São Gotardo - MG,40910,16571,3482,394,20435,28,40.505988755805426,8.511366414079687,49.951112197506724,58.46247861158641,0.9630897091175752,0.0684429234905891
3162203,São João Batista do Glória - MG,7652,4959,350,12,2329,1,64.80658651332985,4.573967590172504,30.43648719289075,35.01045478306325,0.15682174594877157,0.013068478829064296
3162252,São João da Lagoa - MG,4822,973,393,10,3443,3,20.178349232683534,8.15014516798009,71.40190792202405,79.55205309000414,0.20738282870178348,0.06221484861053505
3162302,São João da Mata - MG,2914,2428,98,1,385,2,83.32189430336308,3.3630748112560056,13.212079615648593,16.575154426904597,0.03431708991077557,0.06863417982155114
3162401,São João da Ponte - MG,23930,5043,3022,23,15834,8,21.073965733389052,12.62849979105725,66.16798997074801,78.79648976180526,0.0961136648558295,0.03343083994985374
3162450,São João das Missões - MG,13024,788,342,0,2525,9369,6.0503685503685505,2.6259213759213758,19.387285012285012,22.013206388206388,0.0,71.93642506142506
3162500,São João del Rei - MG,90225,46774,10068,109,33184,55,51.84150734275423,11.15876974231089,36.77916320310335,47.93793294541424,0.12080908839013577,0.06095871432529787
3162559,São João do Manhuaçu - MG,11246,4518,735,1,5990,1,40.1742841899342,6.535657122532456,53.263382536012806,59.79903965854526,0.008892050506846879,0.008892050506846879
3162575,São João do Manteninha - MG,5331,1613,423,2,3293,0,30.2569874320015,7.934721440630276,61.77077471393735,69.70549615456763,0.03751641343087601,0.0
3162609,São João do Oriente - MG,7070,2791,420,20,3838,1,39.47666195190948,5.9405940594059405,54.285714285714285,60.22630834512022,0.2828854314002829,0.014144271570014143
3162658,São João do Pacuí - MG,3972,757,580,0,2635,0,19.05840886203424,14.602215508559919,66.33937562940584,80.94159113796576,0.0,0.0
3162708,São João do Paraíso - MG,23910,7307,1026,21,15542,14,30.56043496445002,4.291091593475533,65.00209117524048,69.29318276871601,0.08782936010037641,0.05855290673358427
3162807,São João Evangelista - MG,15315,3361,1487,14,10446,5,21.945804766568724,9.709435194253999,68.20763956904995,77.91707476330394,0.09141364675155077,0.0326477309826967
3162906,São João Nepomuceno - MG,25565,13132,3897,12,8513,11,51.36710346176413,15.243496968511637,33.29943281830628,48.542929786817915,0.04693917465284569,0.043027576765108544
3162922,São Joaquim de Bicas - MG,34348,9149,5087,65,19792,255,26.636194247117736,14.81017817631303,57.62198672411785,72.43216490043088,0.18923954815418656,0.7424013042971934
3162948,São José da Barra - MG,7793,4789,556,16,2424,8,61.452585653791864,7.134607981521879,31.104837674836393,38.23944565635827,0.20531245989991018,0.10265622994995509
3162955,São José da Lapa - MG,26090,7161,4359,30,14503,37,27.44729781525489,16.707550785741663,55.58834802606363,72.29589881180529,0.11498658489842851,0.14181678804139516
3163003,São José da Safira - MG,3806,634,616,5,2548,3,16.657908565423018,16.184971098265898,66.94692590646348,83.13189700472938,0.13137151865475566,0.0788229111928534
3163102,São José da Varginha - MG,4536,1764,407,5,2353,7,38.888888888888886,8.972663139329805,51.87389770723104,60.84656084656084,0.11022927689594356,0.15432098765432098
3163201,São José do Alegre - MG,4133,3009,181,5,936,2,72.80425840793612,4.379385434309219,22.646987660295185,27.026373094604402,0.12097749818533753,0.04839099927413501
3163300,São José do Divino - MG,3464,849,349,1,2263,2,24.509237875288683,10.075057736720554,65.32909930715935,75.4041570438799,0.028868360277136258,0.057736720554272515
3163409,São José do Goiabal - MG,5396,1322,1103,3,2968,0,24.499629355077836,20.441067457375834,55.003706449221646,75.44477390659748,0.05559673832468495,0.0
3163508,São José do Jacuri - MG,6197,1300,480,9,4397,11,20.97789252864289,7.745683395191222,70.95368726803292,78.69937066322414,0.14523156365983542,0.17750524447313215
3163607,São José do Mantimento - MG,2753,1188,189,2,1374,0,43.15292408281874,6.865237922266618,49.909189974573195,56.77442789683981,0.0726480203414457,0.0
3163706,São Lourenço - MG,44798,29841,3267,79,11576,35,66.61234876556989,7.292736282869771,25.840439305326132,33.133175588195904,0.17634715835528372,0.07812848787892317
3163805,São Miguel do Anta - MG,6334,2514,849,3,2964,4,39.69055888853805,13.403852226081465,46.795074202715504,60.198926428796966,0.0473634354278497,0.06315124723713293
3163904,São Pedro da União - MG,4885,3624,181,7,1073,0,74.18628454452406,3.7052200614124873,21.965199590583417,25.670419651995903,0.14329580348004095,0.0
3164001,São Pedro dos Ferros - MG,7166,2025,1590,31,3520,0,28.258442645827518,22.188110521909014,49.1208484510187,71.30895897292771,0.43259838124476696,0.0
3164100,São Pedro do Suaçuí - MG,5103,1008,551,0,3542,2,19.753086419753085,10.797570056829317,69.41015089163237,80.20772094846168,0.0,0.03919263178522438
3164209,São Romão - MG,10315,1169,1977,21,7139,9,11.33301017935046,19.166262724188076,69.2098885118759,88.37615123606398,0.2035870092098885,0.08725157537566651
3164308,São Roque de Minas - MG,7129,4526,491,6,2103,3,63.48716510029457,6.887361481273671,29.499228503296393,36.386589984570065,0.0841632767569084,0.0420816383784542
3164407,São Sebastião da Bela Vista - MG,6387,3746,355,16,2269,1,58.65038359167058,5.558165022702364,35.52528573665258,41.08345075935494,0.25050884609362767,0.01565680288085173
3164431,São Sebastião da Vargem Alegre - MG,3113,2158,175,0,780,0,69.32219723739158,5.621586893671699,25.056215868936718,30.677802762608415,0.0,0.0
3164472,São Sebastião do Anta - MG,6194,1990,341,3,3856,4,32.12786567646109,5.505327736519212,62.25379399418792,67.75912173070714,0.048433968356474004,0.06457862447529868
3164506,São Sebastião do Maranhão - MG,10079,2100,468,2,7508,1,20.835400337335052,4.64331778946324,74.49151701557695,79.13483480504019,0.019843238416509576,0.009921619208254788
3164605,São Sebastião do Oeste - MG,8815,4347,589,6,3873,0,49.31366988088485,6.681792399319342,43.936471922858765,50.618264322178106,0.06806579693703914,0.0
3164704,São Sebastião do Paraíso - MG,71796,44029,4342,104,23281,40,61.32514346203131,6.047690679146471,32.426597582038,38.47428826118447,0.14485486656638252,0.05571341021783943
3164803,São Sebastião do Rio Preto - MG,1259,393,194,0,672,0,31.215250198570295,15.409054805401112,53.37569499602859,68.78474980142971,0.0,0.0
3164902,São Sebastião do Rio Verde - MG,2300,1814,110,0,376,0,78.8695652173913,4.782608695652174,16.347826086956523,21.130434782608695,0.0,0.0
3165008,São Tiago - MG,11192,6119,1270,1,3795,7,54.67298070050036,11.347390993566833,33.908148677626876,45.25553967119371,0.008934953538241601,0.06254467476769121
3165107,São Tomás de Aquino - MG,6740,3603,475,4,2657,1,53.45697329376855,7.0474777448071215,39.4213649851632,46.46884272997032,0.05934718100890208,0.01483679525222552
3165206,São Tomé das Letras - MG,6904,3785,646,13,2438,22,54.82329084588644,9.356894553881808,35.31286210892237,44.669756662804176,0.18829663962920046,0.3186558516801854
3165305,São Vicente de Minas - MG,6804,2851,1196,14,2737,5,41.90182245737801,17.577895355673135,40.22633744855967,57.804232804232804,0.205761316872428,0.07348618459729571
3165404,Sapucaí-Mirim - MG,6311,4546,204,13,1548,0,72.0329583267311,3.232451275550626,24.528600855648868,27.761052131199495,0.20598954206940262,0.0
3165503,Sardoá - MG,5104,1145,438,5,3515,1,22.433385579937305,8.581504702194357,68.86755485893417,77.44905956112852,0.09796238244514106,0.019592476489028215
3165537,Sarzedo - MG,36844,10659,5665,37,20468,15,28.930083595700793,15.375637824340462,55.55314298121811,70.92878080555857,0.10042340679622191,0.040712191944414285
3165552,Setubinha - MG,9917,1096,1571,13,7235,2,11.051729353635173,15.841484319854795,72.95553090652415,88.79701522637895,0.13108803065443178,0.020167389331451045
3165560,Sem-Peixe - MG,2433,685,360,10,1375,3,28.154541718043568,14.796547472256474,56.51459103986848,71.31113851212496,0.41101520756267984,0.12330456226880394
3165578,Senador Amaral - MG,6206,4243,318,74,1569,2,68.36932001289075,5.124073477280051,25.281985175636482,30.406058652916535,1.192394456977119,0.03222687721559781
3165602,Senador Cortes - MG,2240,897,636,4,702,1,40.044642857142854,28.392857142857142,31.339285714285715,59.73214285714286,0.17857142857142858,0.044642857142857144
3165701,Senador Firmino - MG,7716,4129,523,7,3044,12,53.51218247796786,6.778123379989632,39.45049248315189,46.22861586314152,0.09072058061171591,0.15552099533437014
3165800,Senador José Bento - MG,2068,1550,108,1,409,0,74.95164410058027,5.222437137330754,19.777562862669246,25.0,0.048355899419729204,0.0
3165909,Senador Modestino Gonçalves - MG,4008,956,511,0,2541,0,23.852295409181636,12.749500998003992,63.39820359281437,76.14770459081836,0.0,0.0
3166006,Senhora de Oliveira - MG,5483,2642,625,7,2208,1,48.18530001823819,11.398869232172169,40.269925223417836,51.66879445559,0.1276673354003283,0.018238190771475468
3166105,Senhora do Porto - MG,3067,709,542,4,1811,1,23.1170524942941,17.671992174763613,59.04792957287251,76.71992174763612,0.13042060645582002,0.032605151613955004
3166204,Senhora dos Remédios - MG,10384,5862,756,19,3745,1,56.452234206471495,7.280431432973806,36.065100154083204,43.34553158705701,0.1829738058551618,0.00963020030816641
3166303,Sericita - MG,7345,2802,590,5,3941,7,38.148400272294076,8.032675289312458,53.65554799183118,61.688223281143635,0.06807351940095303,0.09530292716133425
3166402,Seritinga - MG,1819,1172,107,1,539,0,64.43100604727873,5.882352941176471,29.631665750412314,35.51401869158879,0.05497526113249038,0.0
3166501,Serra Azul de Minas - MG,3792,447,330,3,3010,2,11.787974683544304,8.70253164556962,79.37763713080169,88.08016877637131,0.07911392405063292,0.052742616033755275
3166600,Serra da Saudade - MG,833,399,77,0,357,0,47.89915966386555,9.243697478991596,42.857142857142854,52.10084033613445,0.0,0.0
3166709,Serra dos Aimorés - MG,6944,1668,885,13,4375,3,24.02073732718894,12.744815668202765,63.00403225806452,75.74884792626729,0.18721198156682028,0.043202764976958526
3166808,Serra do Salitre - MG,11801,4857,1443,14,5485,2,41.157529022964155,12.22777730700788,46.47911193966613,58.70688924667401,0.11863401406660452,0.016947716295229218
3166907,Serrania - MG,7621,4078,832,12,2692,7,53.51003805274898,10.917202466867865,35.32344836635612,46.24065083322398,0.15745965096444037,0.0918514630625902
3166956,Serranópolis de Minas - MG,4399,1115,519,1,2764,0,25.34666969765856,11.798135939986361,62.83246192316435,74.63059786315071,0.022732439190725165,0.0
3167004,Serranos - MG,1990,1221,96,3,664,6,61.35678391959799,4.824120603015075,33.36683417085427,38.19095477386934,0.1507537688442211,0.3015075376884422
3167103,Serro - MG,21952,3231,3608,11,15093,8,14.71847667638484,16.43586005830904,68.754555393586,85.19041545189503,0.05010932944606414,0.03644314868804665
3167202,Sete Lagoas - MG,227397,66545,26587,190,133950,117,29.263798554950153,11.691886876256063,58.905790313856386,70.59767719011245,0.08355431250192395,0.051451866119605796
3167301,Silveirânia - MG,2323,1265,165,0,892,1,54.45544554455446,7.102884201463625,38.39862247094275,45.50150667240637,0.0,0.04304778303917348
3167400,Silvianópolis - MG,6179,4208,312,28,1625,6,68.10163456870043,5.049360737983492,26.298753843664024,31.348114581647515,0.4531477585369801,0.09710309111506717
3167509,Simão Pereira - MG,2947,1103,493,1,1348,2,37.42789277231083,16.7288768238887,45.741431964709875,62.47030878859857,0.0339328130302002,0.0678656260604004
3167608,Simonésia - MG,19750,6805,1310,40,11581,14,34.45569620253165,6.632911392405063,58.63797468354431,65.27088607594936,0.20253164556962025,0.07088607594936709
3167707,Sobrália - MG,5137,1699,444,4,2976,14,33.07377846992408,8.64317695152813,57.9326455129453,66.57582246447343,0.07786645902277593,0.2725326065797158
3167806,Soledade de Minas - MG,5613,3847,326,0,1436,4,68.53732406912525,5.807945840014253,25.583466951719224,31.391412791733476,0.0,0.07126313914127917
3167905,Tabuleiro - MG,4014,2128,532,4,1346,3,53.01444942700548,13.25361235675137,33.53263577478824,46.78624813153961,0.09965122072745392,0.07473841554559044
3168002,Taiobeiras - MG,33050,10046,2472,28,20486,18,30.396369137670195,7.4795763993948565,61.98487140695915,69.464447806354,0.08472012102874432,0.05446293494704992
3168051,Taparuba - MG,3387,1408,307,0,1672,0,41.57071154413936,9.064068497195159,49.365219958665485,58.42928845586064,0.0,0.0
3168101,Tapira - MG,4118,2450,166,0,1499,3,59.49490043710539,4.031083050024284,36.40116561437591,40.4322486644002,0.0,0.07285089849441477
3168200,Tapiraí - MG,1690,963,105,0,622,0,56.98224852071006,6.21301775147929,36.80473372781065,43.01775147928994,0.0,0.0
3168309,Taquaraçu de Minas - MG,4224,1249,526,8,2440,1,29.56912878787879,12.452651515151516,57.765151515151516,70.21780303030303,0.1893939393939394,0.023674242424242424
3168408,Tarumirim - MG,14709,5151,1162,26,8362,8,35.01937589231083,7.899925215854239,56.84954789584608,64.74947311170033,0.17676252634441497,0.05438846964443538
3168507,Teixeiras - MG,12255,5294,1680,27,5251,3,43.198694410444716,13.708690330477356,42.84781721746226,56.55650754793962,0.22031823745410037,0.02447980416156671
3168606,Teófilo Otoni - MG,137418,34026,18616,124,84176,476,24.760948347378072,13.546988021947634,61.255439607620545,74.80242762956817,0.09023563143110801,0.3463883916226404
3168705,Timóteo - MG,81579,28095,12393,121,40893,72,34.43901003934836,15.19140955392932,50.12687088588975,65.31828043981908,0.14832248495323552,0.08825800757547898
3168804,Tiradentes - MG,7744,3929,635,9,3160,11,50.73605371900826,8.199896694214877,40.80578512396694,49.00568181818182,0.11621900826446281,0.14204545454545456
3168903,Tiros - MG,7883,4789,469,8,2612,5,60.75098312825067,5.949511607256121,33.13459342889763,39.08410503615375,0.10148420652036026,0.06342762907522517
3169000,Tocantins - MG,16185,7634,1920,6,6623,2,47.16713005869632,11.862835959221501,40.92060549891875,52.78344145814025,0.03707136237256719,0.01235712079085573
3169059,Tocos do Moji - MG,3826,3279,76,6,465,0,85.70308416100366,1.9864087820177732,12.153685311029797,14.14009409304757,0.15682174594877157,0.0
3169109,Toledo - MG,7214,5225,212,18,1756,3,72.42861103410036,2.938730246742445,24.34155808150818,27.280288328250624,0.24951483227058496,0.04158580537843083
3169208,Tombos - MG,8609,3879,1396,5,3329,0,45.057497967243584,16.215588337786038,38.66883494017888,54.88442327796492,0.05807875479149727,0.0
3169307,Três Corações - MG,75485,33107,10960,110,31281,24,43.85904484334636,14.519440948532822,41.440021196264155,55.95946214479697,0.14572431608928926,0.031794396237663114
3169356,Três Marias - MG,28895,8532,3058,34,17243,23,29.52759993078387,10.583145872988407,59.674684201418934,70.25783007440734,0.11766741650804638,0.07959854646132548
3169406,Três Pontas - MG,55255,25734,6544,60,22897,20,46.57316079992761,11.843272102072211,41.438783820468736,53.28205592254095,0.10858745814858384,0.03619581938286128
3169505,Tumiritinga - MG,5886,1463,772,6,3624,21,24.855589534488615,13.115868161739721,61.569826707441386,74.6856948691811,0.1019367991845056,0.3567787971457696
3169604,Tupaciguara - MG,25470,12688,2079,44,10646,8,49.81546917942678,8.162544169611307,41.79819395367099,49.9607381232823,0.17275225755791127,0.031409501374165684
3169703,Turmalina - MG,20000,5710,1250,18,13017,5,28.55,6.25,65.085,71.335,0.09,0.025
3169802,Turvolândia - MG,4935,3086,303,50,1495,1,62.532928064842956,6.139817629179332,30.293819655521784,36.43363728470111,1.0131712259371835,0.020263424518743668
3169901,Ubá - MG,103365,48657,13956,114,40531,103,47.07299375997678,13.501668843418953,39.21153194988633,52.71320079330528,0.11028878246988826,0.09964688240700431
3170008,Ubaí - MG,11708,1953,2308,102,7345,0,16.680901947386403,19.713016740690126,62.73488213187564,82.44789887256577,0.8711991800478306,0.0
3170057,Ubaporanga - MG,13017,4872,972,31,7108,34,37.427978796957824,7.467158331412768,54.60551586387032,62.07267419528309,0.23815011139279404,0.26119689636629023
3170107,Uberaba - MG,337836,176480,37856,1124,122134,240,52.23836417670112,11.20543695757705,36.151860666122026,47.357297623699075,0.33270580991960597,0.07104038645970234
3170206,Uberlândia - MG,713224,348400,78280,2000,283808,693,48.84860857178109,10.975514004015569,39.79226722600473,50.767781230020304,0.280416811548686,0.09716442520161969
3170305,Umburatiba - MG,2684,556,209,12,1903,4,20.715350223546945,7.786885245901639,70.90163934426229,78.68852459016394,0.44709388971684055,0.14903129657228018
3170404,Unaí - MG,86619,30202,8590,178,47617,32,34.86763873976841,9.916992807582632,54.972927417772084,64.88992022535471,0.20549763908611274,0.03694339579076184
3170438,União de Minas - MG,3828,1656,332,9,1828,2,43.260188087774296,8.672936259143155,47.7533960292581,56.426332288401255,0.23510971786833856,0.0522466039707419
3170479,Uruana de Minas - MG,3282,774,338,0,2170,0,23.583180987202926,10.298598415600244,66.11822059719682,76.41681901279706,0.0,0.0
3170503,Urucânia - MG,10600,2289,2213,5,6089,4,21.59433962264151,20.87735849056604,57.443396226415096,78.32075471698113,0.04716981132075472,0.03773584905660377
3170529,Urucuia - MG,17479,2439,1605,6,13427,2,13.953887522169461,9.182447508438697,76.81789576062704,86.00034326906574,0.03432690657360261,0.011442302191200869
3170578,Vargem Alegre - MG,5780,1747,605,7,3415,6,30.224913494809687,10.46712802768166,59.083044982698965,69.55017301038063,0.12110726643598616,0.10380622837370242
3170602,Vargem Bonita - MG,2158,1378,106,0,674,0,63.855421686746986,4.911955514365153,31.23262279888786,36.144578313253014,0.0,0.0
3170651,Vargem Grande do Rio Pardo - MG,4633,1394,110,0,3128,1,30.088495575221238,2.3742715303259225,67.51564860781352,69.88992013813944,0.0,0.021584286639326572
3170701,Varginha - MG,136467,73543,15870,343,46630,79,53.89068419471374,11.629185077711094,34.169432903192714,45.798617980903806,0.2513428154792001,0.057889453127862416
3170750,Varjão de Minas - MG,6969,2320,569,5,4017,58,33.29028555029416,8.164729516429905,57.640981489453296,65.8057110058832,0.07174630506528913,0.832257138757354
3170800,Várzea da Palma - MG,33744,7668,5199,64,20800,13,22.72403982930299,15.407183499288763,61.64058795637743,77.0477714556662,0.1896633475580844,0.0385253674727359
3170909,Varzelândia - MG,18840,4828,2427,17,11558,9,25.626326963906582,12.882165605095542,61.34819532908705,74.23036093418258,0.09023354564755838,0.04777070063694268
3171006,Vazante - MG,19975,7172,2094,27,10669,12,35.90488110137672,10.483103879849812,53.411764705882355,63.89486858573217,0.13516896120150187,0.060075093867334166
3171030,Verdelândia - MG,7672,1156,2223,10,4265,18,15.067778936392076,28.975495307612096,55.59176225234619,84.56725755995829,0.13034410844629823,0.2346193952033368
3171071,Veredinha - MG,5181,1368,233,1,3578,1,26.404169079328316,4.497201312487936,69.06002702181046,73.55722833429839,0.019301293186643507,0.019301293186643507
3171105,Veríssimo - MG,3411,1797,358,1,1254,1,52.682497801231314,10.49545587804163,36.76341248900616,47.25886836704779,0.02931691586045148,0.02931691586045148
3171154,Vermelho Novo - MG,4899,1739,286,14,2859,1,35.49704021228822,5.837926107368851,58.35884874464176,64.1967748520106,0.2857726066544193,0.020412329046744233
3171204,Vespasiano - MG,129246,32944,24046,148,71996,112,25.489376847252526,18.604831097287345,55.70462528821008,74.30945638549743,0.11451031366541324,0.08665645358463706
3171303,Viçosa - MG,76430,34552,12686,161,28895,133,45.207379301321474,16.598194426272407,37.805835404945704,54.40402983121811,0.21065026821928562,0.17401543896375768
3171402,Vieiras - MG,3700,2012,260,6,1419,3,54.37837837837838,7.027027027027027,38.351351351351354,45.37837837837838,0.16216216216216217,0.08108108108108109
3171501,Mathias Lobato - MG,3038,446,529,2,2058,3,14.68071099407505,17.412771560236997,67.74193548387096,85.15470704410797,0.06583278472679395,0.09874917709019092
3171600,Virgem da Lapa - MG,11804,2124,2331,2,7341,6,17.993900372754997,19.747543205692985,62.190782785496445,81.93832599118943,0.016943409013893594,0.05083022704168079
3171709,Virgínia - MG,8908,7498,294,11,1105,0,84.17153120790302,3.3004041311180963,12.404580152671755,15.704984283789852,0.12348450830713965,0.0
3171808,Virginópolis - MG,10314,2942,739,9,6621,3,28.524335854178787,7.165018421562924,64.19429901105293,71.35931743261585,0.08726003490401396,0.029086678301337987
3171907,Virgolândia - MG,4552,1000,663,3,2883,2,21.968365553602812,14.565026362038664,63.33479789103691,77.89982425307556,0.06590509666080843,0.043936731107205626
3172004,Visconde do Rio Branco - MG,39160,16794,5477,27,16836,25,42.885597548518895,13.986210418794688,42.992849846782434,56.97906026557712,0.06894790602655772,0.06384065372829417
3172103,Volta Grande - MG,4443,1422,1217,1,1800,3,32.00540175557056,27.391402205716858,40.51316677920324,67.9045689849201,0.022507314877335136,0.0675219446320054
3172202,Wenceslau Braz - MG,2356,1789,84,0,481,2,75.93378607809848,3.565365025466893,20.41595925297114,23.98132427843803,0.0,0.08488964346349745
3200102,Afonso Cláudio - ES,30684,15300,2170,5,13202,7,49.86312084473993,7.072089688436971,43.025681136748794,50.09777082518576,0.016295137530960763,0.022813192543345066
3200136,Águia Branca - ES,9711,3344,545,3,5803,16,34.4351766038513,5.612192359180311,59.7569766244465,65.3691689836268,0.030892801977139325,0.1647616105447431
3200169,Água Doce do Norte - ES,12042,3270,1139,21,7606,6,27.15495764823119,9.458561700714167,63.16226540441787,72.62082710513204,0.17438963627304435,0.04982561036372696
3200201,Alegre - ES,29177,14733,3255,64,11103,22,50.49525311032663,11.15604757171745,38.05394660177537,49.209994173492824,0.21935085855296982,0.07540185762758338
3200300,Alfredo Chaves - ES,13836,8496,585,5,4748,2,61.4050303555941,4.228100607111882,34.31627638045678,38.54437698756866,0.03613761202659728,0.014455044810638912
3200359,Alto Rio Novo - ES,7434,2464,759,14,4195,2,33.145009416195855,10.209846650524616,56.42991659940812,66.63976324993274,0.18832391713747645,0.026903416733925208
3200409,Anchieta - ES,29984,11860,2596,24,15232,271,39.55442902881537,8.65795090715048,50.80042689434365,59.45837780149413,0.08004268943436499,0.9038153681963714
3200508,Apiacá - ES,7223,2939,1142,23,3109,10,40.68946421154645,15.810605011767963,43.04305690156445,58.85366191333241,0.31842724629655267,0.1384466288245881
3200607,Aracruz - ES,94765,29221,8735,76,51574,5158,30.83522397509629,9.217538120614151,54.423046483406324,63.640584604020475,0.08019838547987126,5.442937793489158
3200706,Atílio Vivácqua - ES,10540,4309,1464,2,4762,3,40.88235294117647,13.889943074003796,45.180265654648956,59.07020872865275,0.018975332068311195,0.028462998102466792
3200805,Baixo Guandu - ES,30674,11929,2373,8,16332,31,38.88961335332855,7.736193518941123,53.24378952859099,60.97998304753211,0.02608071982786725,0.10106278933298558
3200904,Barra de São Francisco - ES,42498,12845,2958,60,26602,33,30.22495176243588,6.960327544825639,62.59588686526425,69.5562144100899,0.14118311449950585,0.07765071297472823
3201001,Boa Esperança - ES,13608,4068,1366,8,8157,7,29.894179894179896,10.038212815990594,59.94268077601411,69.9808935920047,0.058788947677836566,0.051440329218107
3201100,Bom Jesus do Norte - ES,10254,5030,1424,7,3790,3,49.054027696508676,13.887263506924127,36.96118587868149,50.84844938560562,0.0682660425199922,0.029256875365710942
3201159,Brejetuba - ES,12985,4849,972,17,7137,10,37.34308817866769,7.485560261840585,54.96341932999615,62.44897959183673,0.13092029264536004,0.07701193685021178
3201209,Cachoeiro de Itapemirim - ES,185786,82889,21779,126,80886,103,44.615310087950654,11.72262710860883,43.53718794742338,55.25981505603221,0.06781996490585943,0.05544013004209144
3201308,Cariacica - ES,353491,103482,46818,218,202610,360,29.274295526618783,13.244467327315265,57.316876525852145,70.56134385316741,0.061670594159398684,0.10184134815313545
3201407,Castelo - ES,36930,21648,3054,18,12194,14,58.61900893582453,8.26969943135662,33.01922556187382,41.28892499323044,0.048740861088545896,0.037909558624424584
3201506,Colatina - ES,120033,51593,9922,47,58403,67,42.98234652137329,8.266060166787467,48.65578632542717,56.92184649221464,0.03915589879449818,0.055817983387901664
3201605,Conceição da Barra - ES,27458,5714,5851,17,15693,182,20.809964309126666,21.308908150630053,57.15274237016534,78.46165052079539,0.06191273945662466,0.6628305047709229
3201704,Conceição do Castelo - ES,11937,6035,1012,6,4876,8,50.55709139649828,8.477842003853565,40.847784200385355,49.32562620423892,0.05026388539834129,0.06701851386445505
3201803,Divino de São Lourenço - ES,5083,2832,508,11,1715,17,55.71512886090891,9.994097973637615,33.73991737163092,43.73401534526854,0.21640763328742868,0.33444816053511706
3201902,Domingos Martins - ES,35416,23279,1590,12,10517,18,65.7301784504179,4.489496272871019,29.69561779986447,34.18511407273549,0.0338829907386492,0.0508244861079738
3202009,Dores do Rio Preto - ES,6596,3639,645,13,2290,9,55.16979987871437,9.778653729533051,34.718010915706486,44.496664645239534,0.19708914493632504,0.13644633110976348
3202108,Ecoporanga - ES,21992,4645,1896,14,15433,4,21.121316842488177,8.621316842488177,70.17551837031648,78.79683521280467,0.06365951255001819,0.018188432157148052
3202207,Fundão - ES,18014,6072,1789,13,10110,30,33.707116687021205,9.931164649716887,56.123015432441434,66.05418008215833,0.07216609303874764,0.16653713778172533
3202256,Governador Lindenberg - ES,11009,4986,619,1,5403,0,45.290217095104005,5.622672358979017,49.07802706876192,54.700699427740936,0.009083477155054955,0.0
3202306,Guaçuí - ES,29358,14528,3732,25,11037,36,49.48565978608897,12.712037604741468,37.59452278765583,50.3065603923973,0.08515566455480618,0.12262415695892091
3202405,Guarapari - ES,124656,45864,13514,140,64841,296,36.79245283018868,10.841034527018355,52.015947888589395,62.856982415607746,0.11230907457322552,0.23745347195481967
3202454,Ibatiba - ES,25380,12480,1505,33,11337,25,49.1725768321513,5.929866036249015,44.66903073286052,50.59889676910954,0.13002364066193853,0.09850275807722617
3202504,Ibiraçu - ES,11723,4343,1180,5,6124,70,37.04683101595155,10.065682845687963,52.23918792118059,62.30487076686855,0.042651198498677816,0.5971167789814894
3202553,Ibitirama - ES,9520,5062,546,3,3905,4,53.17226890756302,5.735294117647059,41.01890756302521,46.75420168067227,0.031512605042016806,0.04201680672268908
3202603,Iconha - ES,12326,7920,464,3,3933,6,64.25442154794743,3.7644004543241927,31.908161609605713,35.6725620639299,0.024338796040889177,0.048677592081778354
3202652,Irupi - ES,13710,6788,1140,8,5772,2,49.51130561633844,8.315098468271335,42.10065645514223,50.415754923413566,0.058351568198395334,0.014587892049598834
3202702,Itaguaçu - ES,13589,6652,960,1,5971,5,48.951357715799546,7.064537493560969,43.939951431304735,51.004488924865704,0.007358893222459342,0.03679446611229671
3202801,Itapemirim - ES,39832,17336,2837,23,19585,51,43.52279574211689,7.122414139385419,49.169009841333605,56.291423980719024,0.057742518578027716,0.12803775858606145
3202900,Itarana - ES,10597,6257,509,2,3827,2,59.04501273945456,4.803246201755214,36.113994526752855,40.91724072850807,0.018873266018684533,0.018873266018684533
3203007,Iúna - ES,28590,14486,1723,17,12352,12,50.668065757257786,6.0265827212311995,43.20391745365512,49.23050017488632,0.059461350122420424,0.04197271773347324
3203056,Jaguaré - ES,28931,8824,4186,28,15825,68,30.500155542497666,14.468908782966368,54.69911167951332,69.16802046247969,0.09678199854827002,0.23504199647437005
3203106,Jerônimo Monteiro - ES,11575,5470,1456,22,4608,18,47.25701943844492,12.578833693304535,39.809935205183585,52.388768898488124,0.1900647948164147,0.15550755939524838
3203130,João Neiva - ES,14079,6307,1186,5,6547,34,44.797215711343135,8.423893742453298,46.501882235954255,54.92577597840756,0.035513885929398394,0.24149442431990908
3203163,Laranja da Terra - ES,11094,7477,557,2,3050,8,67.39679105822967,5.020731927167838,27.492338200829277,32.51307012799712,0.01802776275464215,0.0721110510185686
3203205,Linhares - ES,166786,52173,19735,133,94132,602,31.28140251579869,11.83252791001643,56.43878982648424,68.27131773650066,0.07974290408067823,0.3609415658388594
3203304,Mantenópolis - ES,12770,3364,1099,24,8275,8,26.34299138606108,8.60610806577917,64.80031323414252,73.40642129992169,0.18794048551292092,0.06264682850430697
3203320,Marataízes - ES,41929,20603,2771,28,18499,28,49.13782823344225,6.608791051539507,44.11982160318634,50.72861265472584,0.06677955591595316,0.06677955591595316
3203346,Marechal Floriano - ES,17641,9670,1090,14,6855,12,54.815486650416645,6.178788050564027,38.85834136386826,45.037129414432286,0.07936058046595998,0.06802335468510855
3203353,Marilândia - ES,12387,7069,815,8,4480,15,57.06789375958666,6.579478485509001,36.166949220957456,42.746427706466456,0.06458383789456688,0.1210946960523129
3203403,Mimoso do Sul - ES,24475,10903,2979,17,10558,18,44.54749744637385,12.171603677221654,43.13789581205312,55.30949948927477,0.06945863125638406,0.0735444330949949
3203502,Montanha - ES,18900,4739,1871,14,12252,24,25.074074074074073,9.899470899470899,64.82539682539682,74.72486772486772,0.07407407407407407,0.12698412698412698
3203601,Mucurici - ES,5466,1305,664,1,3495,1,23.874862788144895,12.147822905232346,63.94072447859495,76.08854738382729,0.018294914013904134,0.018294914013904134
3203700,Muniz Freire - ES,18153,8483,1230,9,8418,13,46.73056795020107,6.775739547182284,46.37250041315485,53.148239960337136,0.0495785820525533,0.07161350740924365
3203809,Muqui - ES,13745,5660,1858,5,6215,7,41.178610403783196,13.517642779192434,45.216442342670064,58.7340851218625,0.036376864314296105,0.05092761004001455
3203908,Nova Venécia - ES,49065,19161,4000,24,25826,54,39.05227759095078,8.152450830530928,52.636298787322936,60.78874961785387,0.04891470498318557,0.11005808621216753
3204005,Pancas - ES,18893,6968,1412,27,10467,19,36.88138463981369,7.473667495897952,55.40147144445032,62.87513894034827,0.1429100725136294,0.10056634732440586
3204054,Pedro Canário - ES,21522,4635,3180,12,13606,89,21.536102592695848,14.775578477836632,63.219031688504785,77.99461016634142,0.05575689991636465,0.41353034104637115
3204104,Pinheiros - ES,23915,5265,2835,19,15782,14,22.015471461425882,11.854484633075476,65.992055195484,77.84653982855947,0.07944804515994146,0.058540664854693704
3204203,Piúma - ES,22300,9897,1775,28,10570,29,44.38116591928251,7.959641255605381,47.399103139013455,55.35874439461884,0.12556053811659193,0.13004484304932734
3204252,Ponto Belo - ES,6497,1474,711,5,4296,11,22.68739418193012,10.943512390334,66.12282591965523,77.06633830998922,0.07695859627520395,0.16930891180544866
3204302,Presidente Kennedy - ES,13696,4980,1786,14,6909,6,36.36098130841121,13.040303738317757,50.44538551401869,63.48568925233644,0.1022196261682243,0.04380841121495327
3204351,Rio Bananal - ES,19274,8855,1283,9,9115,12,45.94272076372315,6.656635882536059,47.29168828473591,53.94832416727197,0.04669502957351873,0.062260039431358306
3204401,Rio Novo do Sul - ES,11069,5982,597,4,4475,10,54.04282229650375,5.393441141927907,40.42822296503749,45.8216641069654,0.036136959074893844,0.09034239768723462
3204500,Santa Leopoldina - ES,13106,7274,854,6,4966,6,55.50129711582481,6.516099496413856,37.8910422707157,44.40714176712956,0.04578055852281398,0.04578055852281398
3204559,Santa Maria de Jetibá - ES,41636,31529,1151,10,8924,22,75.72533384571044,2.764434623883178,21.433374963973485,24.197809587856664,0.024017677010279567,0.05283888942261505
3204609,Santa Teresa - ES,22808,13842,1363,8,7561,34,60.68923184847422,5.9759733426867765,33.15064889512452,39.1266222378113,0.035075412136092596,0.14907050157839355
3204658,São Domingos do Norte - ES,8589,3392,648,2,4543,4,39.49237396670159,7.544533705902899,52.89323553382233,60.43776923972523,0.023285597857724997,0.046571195715449994
3204708,São Gabriel da Palha - ES,32252,13853,1813,22,16544,20,42.95237504650874,5.621356815081235,51.29604365620737,56.9174004712886,0.06821282401091405,0.062011658191740045
3204807,São José do Calçado - ES,10878,4988,1653,8,4221,6,45.854017282588714,15.19580805295091,38.803088803088805,53.998896856039714,0.07354293068578782,0.05515719801434087
3204906,São Mateus - ES,123752,32068,22469,213,68522,480,25.913116555692028,18.156474238800183,55.370418255866575,73.52689249466675,0.17211843040920552,0.38787251923201244
3204955,São Roque do Canaã - ES,10886,6415,525,3,3940,2,58.92889950395003,4.8227080654051075,36.193275767040234,41.01598383244534,0.0275583318023149,0.018372221201543266
3205002,Serra - ES,520653,148810,76079,849,293582,1326,28.58141602948605,14.61222733759337,56.387267527508726,70.9994948651021,0.16306445943843598,0.2546801804656844
3205010,Sooretama - ES,26502,6440,4132,42,15861,27,24.300052826201796,15.591276130103388,59.84831333484265,75.43958946494604,0.15847860538827258,0.10187910346388952
3205036,Vargem Alta - ES,19563,10122,1710,14,7709,8,51.74053059346726,8.740990645606502,39.40602157133364,48.14701221694014,0.07156366610438072,0.04089352348821755
3205069,Venda Nova do Imigrante - ES,23831,13319,1536,11,8949,15,55.88938777222945,6.445386261592044,37.55192816079896,43.997314422391,0.046158365154630523,0.06294322521085981
3205101,Viana - ES,73423,21894,9487,94,41794,150,29.818994048186536,12.9210192991297,56.92221783364886,69.84323713277855,0.12802527818258583,0.2042956566743391
3205150,Vila Pavão - ES,8911,4251,555,1,4097,7,47.70508360453372,6.228257210189653,45.976882504769385,52.20513971495904,0.011222085063404781,0.07855459544383346
3205176,Vila Valério - ES,13728,5685,774,0,7263,6,41.41171328671329,5.638111888111888,52.90646853146853,58.54458041958042,0.0,0.043706293706293704
3205200,Vila Velha - ES,467722,195811,50790,652,219601,860,41.86482568705342,10.859014542826722,46.951180402033685,57.810194944860406,0.1393990447316996,0.18386990562770192
3205309,Vitória - ES,322869,147131,39989,788,134305,642,45.56987508865825,12.385518584936925,41.59736611443031,53.98288469936723,0.24406183312736746,0.19884225490833743
3300100,Angra dos Reis - RJ,167434,75184,18832,329,72545,542,44.903663533093635,11.24741689262635,43.32752009747124,54.57493699009759,0.19649533547547093,0.32370964081369374
3300159,Aperibé - RJ,11034,6518,869,3,3636,8,59.07195939822367,7.875657059996374,32.95269168026101,40.82834874025738,0.027188689505165852,0.0725031720137756
3300209,Araruama - RJ,129671,50427,20530,87,58465,162,38.88841761072252,15.832375781786213,45.08718217643112,60.91955795821733,0.06709287350294206,0.12493155755720246
3300225,Areal - RJ,11828,5926,1862,7,4025,8,50.10145417653027,15.742306391613122,34.02942171119378,49.7717281028069,0.05918160297598918,0.06763611768684477
3300233,Armação dos Búzios - RJ,40006,18116,6031,54,15699,105,45.28320751887217,15.07523871419287,39.24161375793631,54.31685247212918,0.13497975303704443,0.2624606309053642
3300258,Arraial do Cabo - RJ,30986,14812,4009,37,12064,62,47.80223326663655,12.93810107790615,38.933711998967276,51.87181307687342,0.11940876524882205,0.20009036338991804
3300308,Barra do Piraí - RJ,92883,35649,20650,105,36389,84,38.38054326410646,22.23227070615721,39.177244490380374,61.40951519653758,0.11304544426859597,0.09043635541487678
3300407,Barra Mansa - RJ,169894,77274,27773,205,64565,75,45.48365451399108,16.34725181583811,38.00310782017022,54.350359636008335,0.12066347251815839,0.04414517287249697
3300456,Belford Roxo - RJ,483087,131359,95577,237,255660,242,27.191582468582265,19.7846350657335,52.922144458451584,72.70677952418508,0.04905948617950804,0.05009449643645968
3300506,Bom Jardim - RJ,28102,17762,2991,28,7298,19,63.205465803145685,10.643370578606504,25.969681873176285,36.61305245178279,0.09963703650985695,0.06761084620311722
3300605,Bom Jesus do Itabapoana - RJ,35173,17258,5237,34,12611,33,49.06604497768174,14.889261649560742,35.85420635146277,50.743468001023516,0.09666505558240696,0.09382196571233617
3300704,Cabo Frio - RJ,222161,92970,34249,271,94313,351,41.84802913202587,15.416297189875811,42.45254567633383,57.86884286620964,0.12198360648358623,0.15799352721674823
3300803,Cachoeiras de Macacu - RJ,56943,20410,6977,230,29282,44,35.84286040426392,12.252603480673656,51.423353177739145,63.6759566584128,0.403912684614439,0.0772702527088492
3300902,Cambuci - RJ,14616,6821,1891,2,5898,4,46.668035030103994,12.937876299945266,40.35303776683087,53.29091406677614,0.013683634373289545,0.02736726874657909
3300936,Carapebus - RJ,13847,4380,1879,9,7563,16,31.6314003033148,13.569726294504225,54.61832887990178,68.188055174406,0.06499602802050986,0.11554849425868419
3300951,Comendador Levy Gasparian - RJ,8741,2869,1977,20,3870,5,32.82233154101361,22.617549479464593,44.274110513671204,66.89165999313579,0.22880677268047134,0.057201693170117834
3301009,Campos dos Goytacazes - RJ,483540,203487,85408,360,193892,363,42.08276461099392,17.663068205319107,40.09844066674939,57.7615088720685,0.0744509244323117,0.07507134880258097
3301108,Cantagalo - RJ,19390,8463,4725,8,6186,7,43.64620938628159,24.36823104693141,31.903042805569882,56.271273852501295,0.041258380608561115,0.036101083032490974
3301157,Cardoso Moreira - RJ,12958,6361,1567,7,5013,9,49.08936564284612,12.092915573390956,38.68652569841025,50.779441271801204,0.05402068220404383,0.06945516283377064
3301207,Carmo - RJ,17198,8413,3333,16,5430,5,48.91847889289452,19.380160483777182,31.573438771950226,50.95359925572741,0.09303407372950342,0.029073148040469822
3301306,Casimiro de Abreu - RJ,46110,19404,7095,22,19531,57,42.081977878985036,15.38711776187378,42.3574062025591,57.74452396443288,0.04771199306007374,0.1236174365647365
3301405,Conceição de Macabu - RJ,21104,7360,3868,29,9828,19,34.874905231235786,18.32827899924185,46.56937073540561,64.89764973464746,0.1374147081122062,0.0900303260045489
3301504,Cordeiro - RJ,20783,10234,4082,5,6458,4,49.242169080498485,19.641052783524998,31.073473512005005,50.71452629553001,0.024058124428619546,0.019246499542895635
3301603,Duas Barras - RJ,10980,5870,1827,2,3281,0,53.4608378870674,16.639344262295083,29.8816029143898,46.520947176684885,0.018214936247723135,0.0
3301702,Duque de Caxias - RJ,808161,250538,154153,803,401986,668,31.001001038159476,19.074540840253366,49.74083134424947,68.81537218450283,0.09936138962409719,0.08265679734607337
3301801,Engenheiro Paulo de Frontin - RJ,12242,5352,1611,15,5252,10,43.71834667537984,13.159614442084626,42.90148668518216,56.06110112726678,0.12252899852965202,0.08168599901976802
3301850,Guapimirim - RJ,51696,18859,8955,51,23788,43,36.48057876818323,17.32242339832869,46.015165583410706,63.3375889817394,0.09865366759517177,0.08317858248220365
3301876,Iguaba Grande - RJ,27920,12575,3764,23,11524,34,45.039398280802295,13.48137535816619,41.27507163323782,54.75644699140401,0.08237822349570201,0.12177650429799428
3301900,Itaboraí - RJ,224267,69570,37576,134,116727,252,31.021059718995662,16.755028604297557,52.04822822796042,68.80325683225797,0.05975020845688398,0.1123660636651848
3302007,Itaguaí - RJ,116841,40814,17474,428,57950,171,34.93123133146755,14.955366694910177,49.59731601064695,64.55268270555713,0.36630977139873844,0.14635273576912214
3302056,Italva - RJ,14073,7335,1257,8,5473,0,52.12108292474952,8.93199744191004,38.89007318979606,47.822070631706104,0.056846443544375756,0.0
3302106,Itaocara - RJ,22919,14508,2509,12,5884,5,63.301191151446396,10.947249007373795,25.67302238317553,36.62027139054933,0.05235830533618395,0.021815960556743313
3302205,Itaperuna - RJ,101041,45059,15149,84,40664,75,44.594768460327984,14.992923664650982,40.24504903949882,55.2379727041498,0.08313456913530151,0.07422729387080491
3302254,Itatiaia - RJ,30908,14326,3975,67,12468,72,46.350459427979814,12.860748026400932,40.33907079073379,53.19981881713473,0.21677235667141193,0.2329493982140546
3302270,Japeri - RJ,96289,22391,20811,129,52918,40,23.25395424191756,21.613060681905512,54.957471777669305,76.57053245957482,0.13397168939338866,0.04154160911422904
3302304,Laje do Muriaé - RJ,7336,2507,1651,6,3170,2,34.17393675027263,22.50545256270447,43.21155943293348,65.71701199563795,0.08178844056706652,0.027262813522355506
3302403,Macaé - RJ,246391,92211,42838,444,110556,337,37.424662426793184,17.386186995466556,44.87014541927262,62.25633241473918,0.18020138722599446,0.13677447634045076
3302452,Macuco - RJ,5415,2178,1588,0,1649,0,40.22160664819945,29.32594644506002,30.452446906740537,59.77839335180056,0.0,0.0
3302502,Magé - RJ,228127,70228,44083,352,113249,212,30.784606819885415,19.323885379635026,49.642962034305455,68.96684741394049,0.15430001709574054,0.09293069211448009
3302601,Mangaratiba - RJ,41220,15401,5621,33,20093,68,37.36293061620572,13.63658418243571,48.74575448811257,62.38233867054828,0.08005822416302766,0.16496846191169334
3302700,Maricá - RJ,197277,84905,25281,171,86566,350,43.03846875205929,12.814975896835413,43.880432082807424,56.69540797964284,0.08668015024559377,0.17741551219858373
3302809,Mendes - RJ,17502,7940,3053,16,6469,24,45.366243857844815,17.44372071763227,36.96149011541538,54.40521083304765,0.09141812364301223,0.13712718546451835
3302858,Mesquita - RJ,167127,52493,32291,81,82143,115,31.409048208847164,19.321234749621546,49.150047568615484,68.47128231823703,0.04846613653090165,0.06880994692658876
3302908,Miguel Pereira - RJ,26582,12247,3653,47,10611,21,46.07253028365059,13.742382063050185,39.91798961703408,53.66037168008427,0.17681137611917838,0.079000827627718
3303005,Miracema - RJ,26881,9848,6436,9,10573,13,36.63554183252111,23.942561660652505,39.33261411405826,63.27517577471076,0.03348089728804732,0.04836129608273502
3303104,Natividade - RJ,15074,6291,2210,12,6535,25,41.734111715536685,14.66100570518774,43.35279288841714,58.01379859360488,0.0796072707973995,0.16584848082791562
3303203,Nilópolis - RJ,146774,50782,26163,136,69588,103,34.59877089947811,17.82536416531538,47.411666916483846,65.23703108179923,0.09265946284764331,0.07017591671549457
3303302,Niterói - RJ,481749,275336,60286,1161,144324,625,57.153413914714925,12.513985498672545,29.958339301171357,42.4723247998439,0.2409968676634513,0.1297356092072843
3303401,Nova Friburgo - RJ,189939,125897,18825,301,44773,132,66.282859233754,9.911076714102949,23.572304792591307,33.48338150669426,0.15847193046188512,0.06949599608295295
3303500,Nova Iguaçu - RJ,785867,255892,145899,856,382631,563,32.561743908320366,18.565355206415337,48.68902753264865,67.25438273906398,0.10892428362560078,0.07164062112291265
3303609,Paracambi - RJ,41375,16346,6502,33,18462,32,39.50694864048339,15.714803625377643,44.62114803625378,60.33595166163142,0.0797583081570997,0.07734138972809668
3303708,Paraíba do Sul - RJ,42063,17472,7994,25,16557,12,41.537693459810285,19.004826094192044,39.36238499393767,58.36721108812971,0.059434657537503266,0.02852863561800157
3303807,Paraty - RJ,45243,19607,4618,124,20420,470,43.33709082067944,10.20710386137082,45.13405388678912,55.34115774815994,0.27407554759852354,1.0388347368653714
3303856,Paty do Alferes - RJ,29619,12067,3935,28,13552,36,40.74074074074074,13.285391134069348,45.75441439616463,59.03980553023398,0.09453391404166245,0.12154360376785171
3303906,Petrópolis - RJ,278881,163706,36835,318,77843,177,58.70102301698574,13.20814254108383,27.912622229553108,41.12076477063694,0.11402712985108343,0.06346793076616908
3303955,Pinheiral - RJ,24298,10360,4427,30,9469,12,42.63725409498724,18.219606551979588,38.970285620215655,57.18989217219524,0.12346695201251132,0.049386780805004526
3304003,Piraí - RJ,27474,11692,5076,20,10661,23,42.556598966295404,18.4756497051758,38.80396010773823,57.27960981291403,0.07279609812914027,0.08371551284851132
3304102,Porciúncula - RJ,17288,6818,3194,65,7193,18,39.43776029615918,18.475242943081906,41.60689495603887,60.08213789912078,0.3759833410458121,0.10411846367422489
3304110,Porto Real - RJ,20373,8431,3600,37,8288,17,41.38320325921563,17.670446178766014,40.68129386933687,58.35174004810288,0.18161291905953958,0.08344377362195061
3304128,Quatis - RJ,13682,5666,2220,14,5772,10,41.412074258149396,16.225697997368805,42.186814793158895,58.4125127905277,0.1023242216050285,0.0730887297178775
3304144,Queimados - RJ,140523,39084,30387,128,70825,95,27.81324053713627,21.624218099528193,50.40100197120756,72.02522007073576,0.09108829159639348,0.06760459141919828
3304151,Quissamã - RJ,22393,6934,3508,28,11896,26,30.96503371589336,15.665609788773278,53.12374402715134,68.78935381592461,0.12503907471084713,0.11610771223150092
3304201,Resende - RJ,129612,62587,17439,336,49107,138,48.28796716353424,13.454772706230905,37.88769558374224,51.34246828997315,0.2592352559948153,0.10647162299787057
3304300,Rio Bonito - RJ,56276,21434,9108,86,25597,48,38.08728409979387,16.184519155590305,45.484753713838934,61.669272869429236,0.15281825289643897,0.08529390859336129
3304409,Rio Claro - RJ,17401,9275,1941,13,6159,11,53.30153439457502,11.154531348773059,35.394517556462276,46.54904890523534,0.07470835009482214,0.0632147577725418
3304508,Rio das Flores - RJ,8954,3173,2221,36,3523,1,35.43667634576725,24.804556622738442,39.345543890998435,64.15010051373687,0.40205494750949294,0.011168192986374805
3304524,Rio das Ostras - RJ,156491,68535,21002,173,66520,260,43.794850822092,13.42058009725799,42.507236837901225,55.927816935159214,0.11054948846898544,0.16614373989558506
3304557,Rio de Janeiro - RJ,6211223,2821619,968428,10514,2403895,6531,45.42775231222579,15.591583171301368,38.702442337040544,54.29402550834191,0.16927423149997994,0.10514837416077316
3304607,Santa Maria Madalena - RJ,10232,4549,1912,1,3762,8,44.45856137607506,18.686473807662235,36.767005473025804,55.45347928068804,0.009773260359655981,0.07818608287724785
3304706,Santo Antônio de Pádua - RJ,41325,21015,6590,9,13691,18,50.8529945553539,15.946763460375076,33.13006654567453,49.076830006049605,0.021778584392014518,0.043557168784029036
3304755,São Francisco de Itabapoana - RJ,45059,19451,4940,14,20630,20,43.167846601122974,10.963403537584057,45.78441598792694,56.747819525511,0.031070374398011497,0.044386249140016425
3304805,São Fidélis - RJ,38961,21317,4751,21,12856,16,54.71368804702138,12.194245527578861,32.99709966376633,45.19134519134519,0.0539000539000539,0.0410667077333744
3304904,São Gonçalo - RJ,896744,331250,152326,490,411987,661,36.939193348380364,16.986564727503055,45.94254324534092,62.92910797284398,0.05464212751911359,0.07371111487782467
3305000,São João da Barra - RJ,36573,20994,2568,7,12996,8,57.40300221474858,7.0215732917726195,35.53441063079321,42.55598392256583,0.019139802586607607,0.021874060098980123
3305109,São João de Meriti - RJ,440962,129089,84669,315,226641,234,29.27440459722153,19.200974233607432,51.39694576856963,70.59792000217706,0.07143472680185595,0.05306579705280727
3305133,São José de Ubá - RJ,7070,2900,795,1,3374,0,41.018387553041016,11.244695898161245,47.722772277227726,58.96746817538897,0.014144271570014143,0.0
3305158,São José do Vale do Rio Preto - RJ,22080,14205,2064,16,5773,22,64.33423913043478,9.347826086956522,26.145833333333332,35.49365942028985,0.07246376811594203,0.09963768115942029
3305208,São Pedro da Aldeia - RJ,104029,44306,14056,50,45468,148,42.59004700612329,13.511616952965039,43.70704322833056,57.218660181295604,0.048063520749021905,0.14226802141710485
3305307,São Sebastião do Alto - RJ,7750,3993,1478,2,2277,0,51.52258064516129,19.070967741935483,29.38064516129032,48.45161290322581,0.025806451612903226,0.0
3305406,Sapucaia - RJ,17729,8617,2886,24,6196,6,48.60398217609566,16.278413898133003,34.948389644085964,51.22680354221897,0.1353714253482994,0.03384285633707485
3305505,Saquarema - RJ,89559,36473,12192,67,40726,95,40.72510858763496,13.613372190399625,45.473933384696124,59.08730557509575,0.07481101843477485,0.10607532464632254
3305554,Seropédica - RJ,80596,27789,12901,120,39685,96,34.47937862921237,16.006997865899052,49.239416348205864,65.24641421410492,0.14889076380961835,0.11911261104769467
3305604,Silva Jardim - RJ,21352,6814,3822,22,10675,13,31.912701386286997,17.899962532783814,49.99531659797677,67.89527913076058,0.10303484451105283,0.06088422630198576
3305703,Sumidouro - RJ,15206,9890,1518,4,3791,3,65.04011574378535,9.982901486255425,24.93094830987768,34.91384979613311,0.026305405760883863,0.019729054320662895
3305752,Tanguá - RJ,31086,8362,4948,45,17700,31,26.8995689377855,15.917133114585344,56.93881490059834,72.85594801518369,0.1447596988998263,0.09972334813099144
3305802,Teresópolis - RJ,165123,97870,16860,399,49854,135,59.27096770286393,10.210570302138406,30.19203866208826,40.402608964226665,0.2416380516342363,0.08175723551534311
3305901,Trajano de Moraes - RJ,10302,4830,1561,9,3894,8,46.88410017472336,15.152397592700446,37.79848573092603,52.95088332362648,0.08736167734420501,0.07765482430596
3306008,Três Rios - RJ,78346,31070,16281,74,30881,35,39.65741709851173,20.780895004212084,39.416179511398155,60.19707451561024,0.09445281188573762,0.044673627243254285
3306107,Valença - RJ,68088,30635,12516,143,24746,47,44.99324403712842,18.382093761015156,36.34414287392786,54.726236634943014,0.2100223240512278,0.0690283162965574
3306156,Varre-Sai - RJ,10207,5043,1151,28,3973,12,49.40726952091702,11.276574899578721,38.9242676594494,50.20084255902812,0.27432154403840503,0.11756637601645929
3306206,Vassouras - RJ,33976,13911,7155,28,12860,22,40.943607252178005,21.05898281139628,37.85024723334118,58.909230044737456,0.08241111372733695,0.06475158935719331
3306305,Volta Redonda - RJ,261563,127912,41527,454,91499,165,48.90294116522597,15.876481000753165,34.98162966474616,50.858110665499325,0.17357195016114665,0.06308231668852246
3500105,Adamantina - SP,34687,23357,1337,721,9254,17,67.33646611122323,3.8544699743419724,26.67858275434601,30.533052728687984,2.0785885201948857,0.04900971545535791
3500204,Adolfo - SP,4351,2596,187,13,1548,7,59.66444495518272,4.297862560330959,35.57802803953114,39.8758905998621,0.2987818892208688,0.16088255573431395
3500303,Aguaí - SP,32072,20190,2085,117,9675,5,62.95210775754552,6.500997755051135,30.166500374158144,36.66749812920928,0.36480419057121477,0.015589922673983536
3500402,Águas da Prata - SP,7369,5287,317,29,1736,0,71.74650563170037,4.301804858189714,23.558149002578368,27.85995386076808,0.39354050753155106,0.0
3500501,Águas de Lindóia - SP,17930,13288,636,56,3942,5,74.11042944785277,3.54712771890686,21.985499163413273,25.532626882320134,0.3123257110987172,0.02788622420524261
3500550,Águas de Santa Bárbara - SP,7177,4586,363,59,2165,4,63.89856485996935,5.057823603176815,30.165807440434723,35.22363104361154,0.8220705029956806,0.05573359342343598
3500600,Águas de São Pedro - SP,2780,2224,91,51,413,1,80.0,3.273381294964029,14.856115107913668,18.1294964028777,1.8345323741007193,0.03597122302158273
3500709,Agudos - SP,37680,22272,2422,159,12773,52,59.10828025477707,6.427813163481953,33.89861995753716,40.32643312101911,0.42197452229299365,0.13800424628450106
3500758,Alambari - SP,6141,4183,235,13,1707,3,68.1159420289855,3.826738316235141,27.796775769418662,31.623514085653802,0.211691906855561,0.048851978505129456
3500808,Alfredo Marcondes - SP,4445,2519,234,71,1618,3,56.67041619797525,5.264341957255343,36.40044994375703,41.66479190101238,1.5973003374578179,0.06749156355455568
3500907,Altair - SP,3451,1669,278,7,1496,1,48.362793393219356,8.055636047522457,43.34975369458128,51.405389742103736,0.2028397565922921,0.028977108084613155
3501004,Altinópolis - SP,16818,10278,1041,37,5454,6,61.113093114520154,6.189796646450232,32.42953977880842,38.61933642525865,0.22000237840409084,0.03567606136282554
3501103,Alto Alegre - SP,3841,2524,155,27,1134,1,65.71205415256443,4.03540744597761,29.52356157250716,33.55896901848477,0.7029419422025515,0.026034886748242645
3501152,Alumínio - SP,17301,8944,1334,63,6951,7,51.69643373215421,7.710536963181319,40.17686838911045,47.88740535229177,0.36414080110976244,0.040460089012195825
3501202,Álvares Florence - SP,3915,2534,187,19,1174,1,64.72541507024266,4.776500638569604,29.98722860791826,34.76372924648786,0.48531289910600256,0.02554278416347382
3501301,Álvares Machado - SP,27255,14618,1856,646,10112,23,53.63419556044762,6.809759677123464,37.10144927536232,43.91120895248579,2.370207301412585,0.08438818565400844
3501400,Álvaro de Carvalho - SP,4808,2154,488,8,2157,1,44.80033277870216,10.149750415973378,44.86272878535774,55.01247920133112,0.16638935108153077,0.020798668885191347
3501509,Alvinlândia - SP,2885,1490,237,6,1150,2,51.646447140381284,8.214904679376083,39.86135181975737,48.07625649913345,0.20797227036395147,0.06932409012131716
3501608,Americana - SP,237240,167758,10855,1568,56832,215,70.71235879278368,4.575535322879785,23.955488113302984,28.531023436182767,0.6609340751981116,0.09062552689259822
3501707,Américo Brasiliense - SP,33019,16490,2836,51,13626,16,49.940943093370485,8.58899421545171,41.26714921711742,49.85614343256913,0.15445652503104274,0.04845694902934674
3501806,Américo de Campos - SP,5870,3994,267,36,1567,6,68.04088586030664,4.54855195911414,26.69505962521295,31.243611584327088,0.6132879045996593,0.10221465076660988
3501905,Amparo - SP,68008,49363,3208,147,15259,31,72.58410775202917,4.717092106810964,22.437066227502648,27.15415833431361,0.21615104105399366,0.04558287260322315
3502002,Analândia - SP,4589,2923,276,14,1370,6,63.69579429069514,6.014382218348224,29.853998692525604,35.868380910873825,0.3050773589017215,0.13074743952930923
3502101,Andradina - SP,59783,31450,3672,1031,23606,21,52.606928391014165,6.142214341869762,39.48614154525534,45.6283558871251,1.724570530083803,0.03512704280481073
3502200,Angatuba - SP,24022,17660,781,65,5504,12,73.51594371825826,3.251186412455249,22.912330363833153,26.163516776288404,0.27058529681125637,0.04995420864207809
3502309,Anhembi - SP,5674,3435,299,12,1924,4,60.53930207966162,5.269651039830808,33.90905886499824,39.17870990482904,0.21149101163200565,0.07049700387733521
3502408,Anhumas - SP,4023,2179,166,36,1641,1,54.16355953268705,4.126273924931643,40.790454884414615,44.91672880934626,0.8948545861297539,0.024857071836937607
3502507,Aparecida - SP,32569,20874,2007,81,9567,38,64.09162086646812,6.162301575117443,29.37455862937149,35.53686020448893,0.24870275415272192,0.1166753661457214
3502606,Aparecida d'Oeste - SP,4086,2673,185,22,1205,1,65.41850220264317,4.527655408712677,29.490944689182573,34.01860009789525,0.5384238864415076,0.024473813020068527
3502705,Apiaí - SP,24585,11359,1276,77,11847,22,46.20296929021761,5.190156599552573,48.18791946308725,53.37807606263982,0.3131991051454139,0.0894854586129754
3502754,Araçariguama - SP,21522,9978,1834,58,9631,21,46.36186228045721,8.521512870551064,44.749558591208995,53.27107146176006,0.2694916829290958,0.09757457485363814
3502804,Araçatuba - SP,200124,117740,13235,4406,64598,137,58.83352321560633,6.613399692190842,32.278987028042614,38.89238672023345,2.2016349863084885,0.06845755631508464
3502903,Araçoiaba da Serra - SP,32443,22666,1325,348,8065,33,69.86406929075609,4.0840859353327374,24.858983447893227,28.943069383225964,1.0726504947138058,0.10171685725734365
3503000,Aramina - SP,5420,2898,516,11,1995,0,53.46863468634686,9.52029520295203,36.808118081180815,46.32841328413284,0.2029520295202952,0.0
3503109,Arandu - SP,6885,3842,482,15,2545,1,55.80246913580247,7.000726216412491,36.964415395787945,43.96514161220043,0.2178649237472767,0.014524328249818447
3503158,Arapeí - SP,2330,1166,284,9,865,6,50.042918454935624,12.188841201716738,37.1244635193133,49.313304721030036,0.38626609442060084,0.2575107296137339
3503208,Araraquara - SP,242228,157275,19158,1714,63921,146,64.92849711841735,7.909077398153806,26.388774212725203,34.29785161087901,0.7075978004194395,0.060273791634327986
3503307,Araras - SP,130866,86684,8394,439,35261,81,66.23874803233842,6.414194672413003,26.94435529472896,33.35854996714196,0.3354576436966057,0.061895373893906744
3503356,Arco-Íris - SP,2044,1028,56,11,713,236,50.29354207436399,2.73972602739726,34.88258317025441,37.62230919765167,0.538160469667319,11.545988258317026
3503406,Arealva - SP,8130,5929,360,28,1812,1,72.92742927429275,4.428044280442805,22.28782287822878,26.715867158671585,0.34440344403444034,0.012300123001230012
3503505,Areias - SP,3577,1903,260,4,1407,3,53.20100642996925,7.268660889013139,39.33463796477495,46.60329885378809,0.11182555213866369,0.08386916410399776
3503604,Areiópolis - SP,10130,5535,658,14,3920,2,54.63968410661402,6.495557749259625,38.6969397828233,45.192497532082925,0.13820335636722605,0.019743336623889437
3503703,Ariranha - SP,7602,5486,289,7,1818,2,72.16521967903184,3.801631149697448,23.914759273875298,27.716390423572747,0.09208103130755065,0.026308866087871613
3503802,Artur Nogueira - SP,51456,29123,2818,261,19222,31,56.59787002487562,5.476523631840796,37.35618781094527,42.83271144278607,0.5072294776119403,0.060245646766169156
3503901,Arujá - SP,86678,44602,7203,1396,33364,111,51.45711714621934,8.310067145065645,38.49188952213941,46.801956667205054,1.6105586192574817,0.1280601767461178
3503950,Aspásia - SP,1842,1056,93,15,675,3,57.328990228013026,5.04885993485342,36.644951140065146,41.693811074918564,0.8143322475570033,0.16286644951140064
3504008,Assis - SP,101409,71594,4362,582,24799,72,70.59925647624964,4.301393367452593,24.45443698291079,28.755830350363382,0.5739135579682276,0.07099961541874981
3504107,Atibaia - SP,158647,101568,9018,3367,44523,161,64.02138080140186,5.684318014207643,28.064192830623963,33.74851084483161,2.1223218844352556,0.10148316703120765
3504206,Auriflama - SP,13692,9087,526,83,3992,4,66.3672217353199,3.8416593631317557,29.15571136430032,32.99737072743208,0.6061933976044406,0.029214139643587496
3504305,Avaí - SP,4483,2331,194,21,1262,675,51.99643096140977,4.3274592906535805,28.150791880437207,32.47825117109079,0.4684363149676556,15.056881552531786
3504404,Avanhandava - SP,11263,5831,748,38,4642,4,51.771286513362334,6.641214596466305,41.2145964663056,47.855811062771906,0.33738790730711177,0.03551451655864334
3504503,Avaré - SP,92805,62119,4657,870,25080,76,66.93497117612198,5.018048596519584,27.02440601260708,32.042454609126665,0.9374494908679489,0.08189213943214267
3504602,Bady Bassitt - SP,27260,17540,1431,116,8150,21,64.34336023477623,5.2494497432135,29.897285399853263,35.14673514306676,0.425531914893617,0.07703595011005136
3504701,Balbinos - SP,3887,1905,381,7,1590,4,49.009518909184465,9.801903781836891,40.905582711602776,50.70748649343967,0.18008747105737072,0.10290712631849755
3504800,Bálsamo - SP,9596,7099,419,8,2069,1,73.97874114214255,4.366402667778241,21.561067111296374,25.927469779074613,0.08336807002917883,0.010421008753647354
3504909,Bananal - SP,9969,5149,1034,4,3780,2,51.650115357608584,10.372153676396831,37.917544387601566,48.2896980639984,0.04012438559534557,0.020062192797672785
3505005,Barão de Antonina - SP,3531,2616,75,18,706,116,74.08666100254885,2.1240441801189465,19.99433588218635,22.118380062305295,0.5097706032285472,3.285188331917304
3505104,Barbosa - SP,5640,2759,462,34,2383,2,48.91843971631206,8.191489361702128,42.251773049645394,50.44326241134752,0.6028368794326241,0.03546099290780142
3505203,Bariri - SP,31595,22946,1622,55,6961,11,72.6254154138313,5.133723690457351,22.031967083399273,27.165690773856625,0.17407817692672892,0.03481563538534578
3505302,Barra Bonita - SP,34346,24069,1731,58,8465,23,70.07802946485762,5.0398881965876665,24.646247015664123,29.68613521225179,0.1688697373784429,0.06696558551214116
3505351,Barra do Chapéu - SP,5179,2107,287,19,2763,3,40.68352963892644,5.541610349488318,53.35006758061402,58.89167793010233,0.36686619038424406,0.0579262405869859
3505401,Barra do Turvo - SP,6876,2829,514,26,3479,28,41.14310645724258,7.475276323443863,50.596276905177426,58.07155322862129,0.37812681791739383,0.4072134962187318
3505500,Barretos - SP,122485,75224,11187,963,35051,59,61.41486712658693,9.133363268971712,28.616565293709435,37.74992856268115,0.7862187206596726,0.048169163571049514
3505609,Barrinha - SP,32092,12646,3544,196,15656,50,39.405459304499566,11.04325065436869,48.78474386139848,59.82799451576717,0.6107441106817899,0.155802069051477
3505708,Barueri - SP,316473,165549,26018,2178,122495,217,52.31062365509854,8.22123846268086,38.70630353932247,46.92754200200333,0.6882103686570419,0.06856825068805238
3505807,Bastos - SP,21503,9236,744,2221,9285,16,42.95214621215644,3.459982328047249,43.180021392363855,46.6400037204111,10.328791331442124,0.07440822210854299
3505906,Batatais - SP,58402,38750,3619,105,15914,13,66.35046744974487,6.196705592274237,27.249066812780384,33.44577240505462,0.1797883634122119,0.02225951166055957
3506003,Bauru - SP,379146,242551,26645,5260,104160,515,63.97298138447986,7.027635792016795,27.472266620246554,34.49990241226335,1.3873283642712833,0.13583157939158003
3506102,Bebedouro - SP,76373,49965,4899,274,21209,25,65.4223351184319,6.414570594319982,27.770285310253623,34.1848559045736,0.358765532321632,0.032734081416207296
3506201,Bento de Abreu - SP,2606,1135,214,11,1246,0,43.55333844973139,8.211818879508826,47.812739831158865,56.02455871066769,0.42210283960092093,0.0
3506300,Bernardino de Campos - SP,11607,8595,476,14,2511,11,74.05014215559576,4.1009735504436975,21.633497027655725,25.734470578099423,0.120616869130697,0.09477039717411907
3506359,Bertioga - SP,64188,27757,6178,455,29482,314,43.243285349286474,9.624851997258055,45.9307035582975,55.55555555555556,0.7088552377391413,0.4891880102199788
3506409,Bilac - SP,7319,4803,345,109,2055,7,65.62371908730701,4.713758710206313,28.07760623035934,32.79136494056565,1.4892744910506899,0.09564148107664981
3506508,Birigui - SP,118979,74896,5663,1132,37163,124,62.94892375965507,4.759663470024122,31.234923810084133,35.994587280108256,0.9514284033316803,0.10422007244976005
3506607,Biritiba Mirim - SP,29683,16903,1804,1072,9877,26,56.94505272378129,6.077552808004581,33.27493851699626,39.35249132500084,3.6114947950005054,0.08759222450560927
3506706,Boa Esperança do Sul - SP,12978,7218,774,15,4966,5,55.617198335644936,5.9639389736477115,38.2647557404839,44.22869471413161,0.1155802126675913,0.03852673755586377
3506805,Bocaina - SP,11259,7578,435,6,3225,15,67.30615507593924,3.8635758060218492,28.6437516653344,32.50732747135625,0.05329070077271516,0.1332267519317879
3506904,Bofete - SP,10460,6519,555,32,3346,8,62.32313575525813,5.305927342256214,31.988527724665392,37.29445506692161,0.30592734225621415,0.07648183556405354
3507001,Boituva - SP,61081,39530,3351,390,17740,69,64.71734254514497,5.48615772498813,29.043401385046085,34.529559110034214,0.6384964227828621,0.11296475172312176
3507100,Bom Jesus dos Perdões - SP,22006,13036,1312,213,7435,9,59.238389530128146,5.962010360810688,33.78624011633191,39.7482504771426,0.9679178405889303,0.04089793692629283
3507159,Bom Sucesso de Itararé - SP,3555,2311,207,7,1030,0,65.0070323488045,5.822784810126582,28.973277074542896,34.79606188466948,0.19690576652601968,0.0
3507209,Borá - SP,907,512,50,2,342,1,56.449834619625136,5.512679162072767,37.70672546857773,43.219404630650494,0.2205071664829107,0.11025358324145534
3507308,Boracéia - SP,4715,2961,289,1,1458,6,62.799575821845174,6.129374337221633,30.922587486744433,37.05196182396607,0.021208907741251327,0.12725344644750794
3507407,Borborema - SP,14226,10344,553,53,3274,2,72.71193589202868,3.887248699564178,23.01419935329678,26.90144805286096,0.3725572894699845,0.014058765640376775
3507456,Borebi - SP,2713,1495,143,8,1054,13,55.105049760412825,5.270917803169922,38.84998157021747,44.120899373387395,0.2948765204570586,0.4791743457427202
3507506,Botucatu - SP,145155,101105,7954,973,34992,125,69.65312941338568,5.479659674141435,24.10664462126692,29.586304295408354,0.6703179359994489,0.08611484275429714
3507605,Bragança Paulista - SP,176811,122125,8555,1835,44111,169,69.07092884492481,4.838499867089717,24.948108432167682,29.7866082992574,1.0378313566463624,0.0955822884322808
3507704,Braúna - SP,5356,2884,299,42,1971,160,53.84615384615385,5.58252427184466,36.79985063480209,42.38237490664675,0.784167289021658,2.9873039581777445
3507753,Brejo Alegre - SP,2565,1131,170,46,1218,0,44.09356725146199,6.627680311890838,47.485380116959064,54.113060428849906,1.793372319688109,0.0
3507803,Brodowski - SP,25201,17049,1283,52,6811,6,67.6520772985199,5.091067814769255,27.02670528947264,32.1177731042419,0.20634101821356296,0.02380857902464188
3507902,Brotas - SP,23898,16132,1210,58,6472,23,67.5035567829944,5.063185203782743,27.081764164365218,32.14494936814796,0.2426981337350406,0.0962423633776885
3508009,Buri - SP,20250,13220,722,40,6264,4,65.28395061728395,3.565432098765432,30.933333333333334,34.498765432098764,0.19753086419753085,0.019753086419753086
3508108,Buritama - SP,17210,10306,835,102,5947,20,59.88378849506101,4.851830331202789,34.555490993608366,39.40732132481116,0.5926786751888437,0.11621150493898896
3508207,Buritizal - SP,4356,2919,199,10,1221,7,67.01101928374656,4.568411386593205,28.03030303030303,32.598714416896236,0.2295684113865932,0.16069788797061524
3508306,Cabrália Paulista - SP,4299,2738,176,12,1372,1,63.689230053500815,4.093975343103047,31.91439869737148,36.00837404047453,0.2791346824842987,0.023261223540358224
3508405,Cabreúva - SP,47011,25086,3216,355,18261,89,53.36197911127183,6.8409521175895005,38.8441003169471,45.6850524345366,0.7551424134776967,0.1893173938014507
3508504,Caçapava - SP,96202,60842,5629,445,29240,39,63.24400740109353,5.8512297041641546,30.39437849524958,36.24560819941374,0.46256834577243716,0.04053969771938214
3508603,Cachoeira Paulista - SP,31564,19800,2145,62,9542,13,62.72969205423901,6.795716639209226,30.230642504118617,37.026359143327845,0.1964263084526676,0.04118616144975288
3508702,Caconde - SP,17101,11483,802,31,4781,4,67.14811999298287,4.689784223144845,27.957429390094145,32.64721361323899,0.18127594877492545,0.023390445003216187
3508801,Cafelândia - SP,16654,9440,1012,251,5948,3,56.68307914014651,6.07661822985469,35.71514350906689,41.79176173892158,1.5071454305272007,0.01801369040470758
3508900,Caiabu - SP,3712,1841,164,55,1652,0,49.595905172413794,4.418103448275862,44.50431034482759,48.92241379310345,1.4816810344827587,0.0
3509007,Caieiras - SP,95032,50989,9066,260,34581,136,53.654558464517216,9.539944439767657,36.388795353144204,45.92873979291186,0.27359205320313157,0.1431096893677919
3509106,Caiuá - SP,5466,2408,412,21,2618,7,44.05415294548116,7.537504573728503,47.89608488840103,55.43358946212953,0.38419319429198684,0.12806439809732895
3509205,Cajamar - SP,92689,46505,8053,306,37749,74,50.17315970611399,8.688193852560714,40.72651555200725,49.414709404567965,0.33013626212387664,0.07983687384695055
3509254,Cajati - SP,28515,13312,1289,156,13735,23,46.68420129756269,4.520427844993863,48.167631071365946,52.68805891635981,0.5470804839558128,0.08065930212169034
3509304,Cajobi - SP,9133,5844,438,7,2836,8,63.98773677871455,4.795795466987847,31.052228183510348,35.84802365049819,0.07664513303405233,0.08759443775320268
3509403,Cajuru - SP,23830,15300,1099,34,7385,12,64.20478388585816,4.6118338229122955,30.9903483004616,35.60218212337389,0.14267729752412925,0.05035669324381032
3509452,Campina do Monte Alegre - SP,5954,4092,169,27,1654,12,68.72690628149144,2.8384279475982535,27.779643936849176,30.61807188444743,0.4534766543500168,0.20154517971111857
3509502,Campinas - SP,1139047,677979,104770,11923,342975,1313,59.5216000744482,9.198040115991702,30.110697802636764,39.308737918628466,1.0467522411278902,0.11527180177815315
3509601,Campo Limpo Paulista - SP,77632,44999,6082,356,26117,70,57.964499175597695,7.834398186314922,33.6420548227535,41.47645300906842,0.4585737840065952,0.09016900247320693
3509700,Campos do Jordão - SP,46974,34269,1559,232,10876,35,72.9531230042151,3.3188572401754164,23.15323370375101,26.472090943926425,0.4938902371524673,0.07450930301869119
3509809,Campos Novos Paulista - SP,4888,3127,188,8,1563,2,63.97299509001637,3.8461538461538463,31.976268412438625,35.82242225859247,0.16366612111292964,0.04091653027823241
3509908,Cananéia - SP,12289,6571,760,93,4682,183,53.47058344861258,6.18439254617951,38.09911302791114,44.28350557409065,0.7567743510456506,1.489136626251119
3509957,Canas - SP,4931,2604,286,10,2030,1,52.808760900425874,5.800040559724194,41.168120056783614,46.96816061650781,0.2027986209693774,0.020279862096937742
3510005,Cândido Mota - SP,29449,20841,1066,47,7473,21,70.76980542633027,3.6198173112839145,25.376073890454684,28.995891201738598,0.15959794899657034,0.07130972189208462
3510104,Cândido Rodrigues - SP,2889,2069,101,15,703,1,71.61647628937348,3.496019383869851,24.33367947386639,27.82969885773624,0.5192107995846313,0.034614053305642094
3510153,Canitar - SP,6283,3321,491,17,2442,12,52.856915486232694,7.814738182396944,38.86678338373388,46.681521566130826,0.27057138309724654,0.19099156453923286
3510203,Capão Bonito - SP,46337,31348,1309,691,12943,43,67.65220018559683,2.824956298422427,27.932321902583247,30.757278201005676,1.4912488939724196,0.09279841163648919
3510302,Capela do Alto - SP,22866,16120,705,45,5985,11,70.49768214816758,3.083180267646287,26.174232484912096,29.257412752558384,0.19679874048806087,0.048106358785970436
3510401,Capivari - SP,50068,31388,4637,88,13930,21,62.6907405927938,9.261404489893744,27.822161859870576,37.08356634976432,0.175760965087481,0.04194295757769433
3510500,Caraguatatuba - SP,134873,76327,9775,986,47517,265,56.591756689626536,7.247558814588539,35.230920940440264,42.4784797550288,0.7310581065150178,0.1964811341039348
3510609,Carapicuíba - SP,386984,177357,42943,1131,165080,421,45.83057697475865,11.096841213073409,42.65809439149939,53.7549356045728,0.29226014512227894,0.10879002749467678
3510708,Cardoso - SP,11345,5907,750,78,4597,13,52.06698986337594,6.610841780520053,40.52005288673424,47.130894667254296,0.6875275451740855,0.11458792419568092
3510807,Casa Branca - SP,28083,18029,1945,55,8035,18,64.19898159028594,6.925898230246056,28.611615568137307,35.537513798383365,0.19584802193497847,0.06409571626962932
3510906,Cássia dos Coqueiros - SP,2799,1922,162,1,713,1,68.66738120757414,5.787781350482315,25.473383351196855,31.26116470167917,0.03572704537334762,0.03572704537334762
3511003,Castilho - SP,19977,8994,1309,139,9513,22,45.021775041297495,6.552535415728087,47.619762727136205,54.17229814286429,0.695800170195725,0.11012664564248886
3511102,Catanduva - SP,115791,80036,6769,575,28328,82,69.12108885837414,5.8458774861604095,24.46476841896175,30.310645905122158,0.49658436320612137,0.07081724831809036
3511201,Catiguá - SP,7003,4356,261,5,2377,4,62.201913465657576,3.7269741539340284,33.94259603027274,37.66957018420677,0.07139797229758675,0.0571183778380694
3511300,Cedral - SP,12618,8379,725,22,3478,14,66.40513552068474,5.745760025360596,27.563797749247108,33.309557774607704,0.17435409732128704,0.11095260738627358
3511409,Cerqueira César - SP,21469,14552,887,51,5973,6,67.78145232661046,4.1315384973682985,27.821510084307608,31.95304858167591,0.23755181890167218,0.027947272811961434
3511508,Cerquilho - SP,44695,32155,1728,140,10635,34,71.94317037699966,3.8662042734086586,23.794607897975165,27.660812171383824,0.31323414252153486,0.07607114889808704
3511607,Cesário Lange - SP,19048,13763,610,55,4610,10,72.25430491390172,3.2024359512809744,24.202015959680807,27.404451910961782,0.2887442251154977,0.05249895002099958
3511706,Charqueada - SP,15535,10185,767,13,4564,6,65.56163501770196,4.937238493723849,29.37882201480528,34.31606050852913,0.08368200836820083,0.03862246540070808
3511904,Clementina - SP,6982,3632,452,49,2834,15,52.01947865940991,6.473789745058722,40.59008879977084,47.063878544829564,0.7018046405041536,0.21483815525637354
3512001,Colina - SP,18486,10444,1091,64,6861,25,56.49680839554257,5.901763496700205,37.114573190522556,43.01633668722276,0.34620794114465,0.1352374770096289
3512100,Colômbia - SP,6629,2808,725,113,2980,3,42.35933021571881,10.936792879770705,44.95399004374717,55.890782923517875,1.7046311660883995,0.04525569467491326
3512209,Conchal - SP,28101,16253,1769,175,9892,12,57.837799366570586,6.295149638802889,35.20159424931497,41.49674388811786,0.6227536386605459,0.04270310665100886
3512308,Conchas - SP,15232,11692,580,52,2906,2,76.7594537815126,3.8077731092436973,19.07825630252101,22.886029411764707,0.34138655462184875,0.013130252100840336
3512407,Cordeirópolis - SP,24514,15726,1750,35,6997,6,64.15109733213674,7.138777841233581,28.542873460063635,35.681651301297215,0.1427755568246716,0.024475809741372277
3512506,Coroados - SP,5400,3286,310,25,1768,11,60.851851851851855,5.7407407407407405,32.74074074074074,38.48148148148148,0.46296296296296297,0.2037037037037037
3512605,Coronel Macedo - SP,4280,2756,165,39,1316,4,64.39252336448598,3.8551401869158877,30.747663551401867,34.60280373831775,0.9112149532710281,0.09345794392523364
3512704,Corumbataí - SP,4195,2761,201,2,1226,5,65.81644815256257,4.791418355184744,29.225268176400476,34.01668653158522,0.04767580452920143,0.11918951132300358
3512803,Cosmópolis - SP,59773,31663,5195,214,22673,27,52.97207769394208,8.691215097117428,37.93184213608151,46.623057233198935,0.3580211801314975,0.04517089655864688
3512902,Cosmorama - SP,8719,5552,535,15,2611,6,63.67702718201629,6.136024773483197,29.94609473563482,36.082119509118016,0.17203807776121116,0.06881523110448445
3513009,Cotia - SP,274413,138654,24896,3011,107518,316,50.527489586863595,9.072456479831494,39.181088359516494,48.25354483934799,1.0972512235207517,0.11515489426521339
3513108,Cravinhos - SP,33281,21789,2013,109,9353,17,65.46978756647937,6.048496138938133,28.103121901385176,34.15161804032331,0.3275141972897449,0.05108019590757489
3513207,Cristais Paulista - SP,9272,5127,726,36,3374,9,55.29551337359793,7.8300258843830886,36.38912855910267,44.21915444348576,0.3882657463330457,0.09706643658326143
3513306,Cruzália - SP,2108,1337,45,10,715,1,63.42504743833017,2.1347248576850095,33.918406072106265,36.05313092979127,0.47438330170777987,0.04743833017077799
3513405,Cruzeiro - SP,74961,50530,5159,128,19105,35,67.40838569389416,6.882245434292499,25.486586358239617,32.36883179253211,0.17075545950560958,0.04669094595856512
3513504,Cubatão - SP,112476,44281,12394,145,55553,101,39.369287670258544,11.019239660016359,49.390981187097694,60.410220847114054,0.1289163910523134,0.08979693445712864
3513603,Cunha - SP,22110,14521,664,61,6856,6,65.67616463138852,3.003165988240615,31.008593396653097,34.011759384893715,0.27589326096788785,0.027137042062415198
3513702,Descalvado - SP,31756,22172,1433,73,8055,21,69.81987655876055,4.51253306461771,25.36528530041567,29.87781836503338,0.22987781836503338,0.06612923542007809
3513801,Diadema - SP,393237,178838,42413,2126,169554,288,45.4784264959808,10.785607661537444,43.11750928829179,53.90311694982924,0.5406408857762621,0.07323827615407502
3513850,Dirce Reis - SP,1620,985,47,13,573,2,60.80246913580247,2.9012345679012346,35.370370370370374,38.27160493827161,0.8024691358024691,0.12345679012345678
3513900,Divinolândia - SP,11158,8725,315,4,2105,9,78.19501702814124,2.823086574654956,18.86538806237677,21.688474637031725,0.0358487184083169,0.08065961641871303
3514007,Dobrada - SP,8759,3966,623,5,4148,17,45.279141454503936,7.112684096358032,47.35700422422651,54.46968832058454,0.05708414202534536,0.1940860828861742
3514106,Dois Córregos - SP,24510,16366,1242,30,6849,20,66.77274581803346,5.067319461444308,27.943696450428398,33.011015911872704,0.12239902080783353,0.08159934720522236
3514205,Dolcinópolis - SP,2207,1383,120,13,691,0,62.66425011327594,5.437245129134572,31.30946986859991,36.74671499773448,0.5890348889895786,0.0
3514304,Dourado - SP,8096,5873,391,7,1825,0,72.54199604743083,4.829545454545454,22.54199604743083,27.37154150197628,0.08646245059288538,0.0
3514403,Dracena - SP,45474,28660,1798,965,14027,22,63.025025289176234,3.9539077274926333,30.846197827329902,34.80010555482254,2.1220917447332543,0.04837929366231253
3514502,Duartina - SP,12328,7767,708,156,3661,36,63.0029201817002,5.743024010382868,29.696625567813108,35.439649578195976,1.2654120700843607,0.2920181700194679
3514601,Dumont - SP,9471,5138,597,11,3722,3,54.24981522542498,6.303452644916059,39.29891246964418,45.602365114560236,0.11614401858304298,0.031675641431738996
3514700,Echaporã - SP,6205,3725,289,12,2178,1,60.03223207091055,4.657534246575342,35.10072522159549,39.758259468170834,0.19339242546333602,0.016116035455278
3514809,Eldorado - SP,13069,4847,1705,50,6356,111,37.087764939934196,13.046139719947968,48.63417246920193,61.680312189149895,0.38258474252046826,0.8493381283954395
3514908,Elias Fausto - SP,17699,10454,865,54,6325,1,59.065483925645516,4.887281767331488,35.73648228713487,40.623764054466356,0.30510198316289056,0.005650036725238714
3514924,Elisiário - SP,3138,2172,116,6,843,1,69.21606118546845,3.6966220522625877,26.864244741873804,30.56086679413639,0.19120458891013384,0.03186743148502231
3514957,Embaúba - SP,2323,1599,95,0,628,1,68.8334050796384,4.089539388721481,27.034007748600946,31.123547137322426,0.0,0.04304778303917348
3515004,Embu das Artes - SP,250691,95673,33681,952,120126,246,38.163715490384575,13.435264927739727,47.91795477300741,61.35321970074713,0.37975036997738254,0.0981287720739875
3515103,Embu-Guaçu - SP,66970,31653,5852,459,28912,93,47.2644467672092,8.738241003434373,43.17156935941466,51.909810362849036,0.6853815141107958,0.13886814991787366
3515129,Emilianópolis - SP,3014,1623,153,62,1176,0,53.84870603848706,5.076310550763106,39.01791639017917,44.09422694094227,2.05706702057067,0.0
3515152,Engenheiro Coelho - SP,19566,9648,1426,41,8433,18,49.31002759889604,7.288152918327711,43.10027598896044,50.38842890728815,0.2095471736686088,0.09199632014719411
3515186,Espírito Santo do Pinhal - SP,39816,30477,2025,64,7227,18,76.54460518384569,5.085895117540687,18.150994575045207,23.236889692585894,0.16073940124573036,0.045207956600361664
3515194,Espírito Santo do Turvo - SP,4157,2524,210,12,1410,1,60.71686312244407,5.051719990377676,33.9186913639644,38.970411354342076,0.2886697137358672,0.024055809477988934
3515202,Estrela d'Oeste - SP,9417,6140,442,49,2781,5,65.20123181480301,4.693639163215462,29.531697992991397,34.22533715620686,0.5203355633428906,0.053095465647233726
3515301,Estrela do Norte - SP,2703,1296,119,30,1256,2,47.94672586015538,4.40251572327044,46.46688864224935,50.86940436551979,1.1098779134295227,0.07399186089530152
3515350,Euclides da Cunha Paulista - SP,7924,2668,613,20,4619,3,33.6698637051994,7.735991923271075,58.29126703685007,66.02725896012115,0.2523977788995457,0.03785966683493185
3515400,Fartura - SP,16641,12835,489,65,3245,7,77.12877831861066,2.93852532900667,19.50003004627126,22.43855537527793,0.3906015263505799,0.04206477976083168
3515509,Fernandópolis - SP,71186,48381,3197,656,18901,51,67.96420644508751,4.491051611271879,26.551569128761273,31.04262074003315,0.9215295142303261,0.07164330064900402
3515608,Fernando Prestes - SP,5942,4326,241,26,1344,5,72.80376977448671,4.05587344328509,22.61864692022888,26.67452036351397,0.43756311006395154,0.0841467519353753
3515657,Fernão - SP,1656,991,54,20,590,1,59.84299516908212,3.260869565217391,35.628019323671495,38.888888888888886,1.2077294685990339,0.06038647342995169
3515707,Ferraz de Vasconcelos - SP,179198,76790,21411,394,80375,222,42.85204075938348,11.948236029419972,44.85262112300361,56.80085715242358,0.21986852531836293,0.1238853112199913
3515806,Flora Rica - SP,1487,727,67,10,683,0,48.89038332212508,4.5057162071284464,45.93140551445864,50.43712172158708,0.6724949562878278,0.0
3515905,Floreal - SP,2733,2028,102,7,595,1,74.20417124039517,3.7321624588364433,21.77094767654592,25.503110135382364,0.2561287961946579,0.03658982802780827
3516002,Flórida Paulista - SP,12958,6951,716,140,5147,4,53.642537428615526,5.5255440654421975,39.72063590060195,45.246179966044146,1.0804136440808767,0.03086896125945362
3516101,Florínea - SP,3851,2047,249,6,1546,3,53.155024668917164,6.465853025188263,40.14541677486367,46.61126980005193,0.15580368735393405,0.07790184367696702
3516200,Franca - SP,352536,225551,26353,759,99611,236,63.97956520752491,7.475264937481562,28.255554042707693,35.730818980189255,0.21529716114098985,0.06694351782512992
3516309,Francisco Morato - SP,165139,62193,21695,186,80918,140,37.661000732716076,13.137417569441501,48.999933389447676,62.13735095888918,0.11263238847274115,0.0847770665923858
3516408,Franco da Rocha - SP,144849,65386,15996,246,63113,106,45.14080180049569,11.043224323260775,43.571581439982324,54.6148057632431,0.16983203197812896,0.07317965605561653
3516507,Gabriel Monteiro - SP,2763,1710,112,57,884,0,61.88925081433225,4.053564965617083,31.99420919290626,36.047774158523346,2.0629750271444083,0.0
3516606,Gália - SP,6380,3589,396,65,2327,3,56.2539184952978,6.206896551724138,36.47335423197492,42.68025078369906,1.0188087774294672,0.047021943573667714
3516705,Garça - SP,42110,24690,2838,563,13991,28,58.6321538826882,6.739491807171693,33.224887200189976,39.96437900736167,1.3369745903585846,0.06649251959154595
3516804,Gastão Vidigal - SP,3252,1831,204,5,1211,1,56.30381303813038,6.273062730627307,37.23862238622386,43.51168511685117,0.15375153751537515,0.03075030750307503
3516853,Gavião Peixoto - SP,4702,2433,317,7,1945,0,51.74393874946831,6.741811994895789,41.365376435559334,48.107188430455125,0.14887282007656316,0.0
3516903,General Salgado - SP,10312,6242,527,21,3516,6,60.53141970519783,5.11055081458495,34.09619860356866,39.206749418153606,0.20364623739332816,0.05818463925523662
3517000,Getulina - SP,10232,4684,799,121,4627,1,45.77795152462862,7.808835027365129,45.220875684128224,53.02971071149335,1.1825645035183738,0.009773260359655981
3517109,Glicério - SP,4138,2403,242,20,1473,0,58.07153214113098,5.8482358627356215,35.59690671822136,41.44514258095698,0.4833252779120348,0.0
3517208,Guaiçara - SP,11239,5797,765,150,4516,11,51.57932200373699,6.806655396387579,40.18151081057034,46.988166206957914,1.3346383130171724,0.09787347628792598
3517307,Guaimbê - SP,5512,2319,354,146,2693,0,42.07184325108853,6.422351233671988,48.85703918722787,55.27939042089986,2.648766328011611,0.0
3517406,Guaíra - SP,39279,21753,2935,790,13780,16,55.3807377988238,7.472186155452023,35.08235953053795,42.55454568598997,2.011252832302248,0.040734234578273375
3517505,Guapiaçu - SP,21711,12742,1282,55,7608,24,58.689143752015106,5.904840864078117,35.04214453502833,40.946985399106445,0.2533278061811985,0.11054304269725024
3517604,Guapiara - SP,17071,8459,395,193,8022,1,49.5518715951028,2.3138656200574075,46.99197469392537,49.30584031398278,1.1305723156229863,0.0058578876457149555
3517703,Guará - SP,18606,9053,2228,80,7240,5,48.65634741481242,11.974631839191659,38.91217886703214,50.8868107062238,0.42996882726002367,0.02687305170375148
3517802,Guaraçaí - SP,7441,3951,346,252,2892,0,53.097701921784704,4.649912646149711,38.86574385163284,43.51565649778255,3.3866415804327374,0.0
3517901,Guaraci - SP,10350,5410,837,38,4056,9,52.270531400966185,8.08695652173913,39.18840579710145,47.275362318840585,0.3671497584541063,0.08695652173913043
3518008,Guarani d'Oeste - SP,1968,1293,126,9,540,0,65.70121951219512,6.402439024390244,27.4390243902439,33.84146341463415,0.4573170731707317,0.0
3518107,Guarantã - SP,6427,3432,343,50,2599,3,53.39971993153882,5.336860121363,40.43877392251439,45.775634043877396,0.7779679477205539,0.046678076863233234
3518206,Guararapes - SP,31043,16579,1733,555,12156,18,53.406565087137196,5.582579003317978,39.15858647682247,44.74116548014045,1.7878426698450536,0.05798408658956931
3518305,Guararema - SP,31236,18378,1979,379,10446,54,58.835958509412215,6.335638365987963,33.44218209757972,39.77782046356768,1.2133435779229094,0.17287744909719555
3518404,Guaratinguetá - SP,118044,76371,6925,405,34286,56,64.69706211243265,5.866456575514215,29.045101826437598,34.911558401951815,0.34309240622140896,0.04743993765036766
3518503,Guareí - SP,15013,9602,610,30,4718,17,63.95790315060281,4.063145274095784,31.4260973822687,35.48924265636448,0.19982681675880903,0.11323519616332511
3518602,Guariba - SP,37498,16002,3513,71,17896,16,42.67427596138461,9.368499653314844,47.72521201130727,57.09371166462211,0.18934343164968798,0.042668942343591656
3518701,Guarujá - SP,287634,120376,27414,778,138564,479,41.850407114597026,9.530862137299485,48.173720770145394,57.70458290744488,0.27048262722765737,0.16653107768900755
3518800,Guarulhos - SP,1291771,628337,123048,12088,526650,1580,48.641516182047745,9.525527357403131,40.769610093429876,50.29513745083301,0.935769575257534,0.1223127009353825
3518859,Guatapará - SP,7320,3576,524,256,2959,5,48.85245901639344,7.158469945355192,40.423497267759565,47.58196721311476,3.4972677595628414,0.06830601092896176
3518909,Guzolândia - SP,4246,2145,329,16,1756,0,50.51813471502591,7.748469147432878,41.35657089024965,49.10504003768253,0.3768252472915685,0.0
3519006,Herculândia - SP,9125,4474,440,44,4154,13,49.03013698630137,4.821917808219178,45.52328767123288,50.345205479452055,0.4821917808219178,0.14246575342465753
3519055,Holambra - SP,15094,9150,581,61,5298,4,60.62011395256393,3.8492116072611635,35.100039750894396,38.94925135815556,0.4041340930170929,0.026500596263415926
3519071,Hortolândia - SP,236641,114463,22507,933,98480,247,48.36989363635211,9.511031478061705,41.61578086637565,51.126812344437354,0.39426811076694235,0.10437751699832236
3519105,Iacanga - SP,10437,6955,431,50,2993,8,66.6379227747437,4.129539139599502,28.676822841812783,32.80636198141229,0.4790648653827728,0.07665037846124365
3519204,Iacri - SP,6131,3277,248,101,2498,7,53.44968194421791,4.045017126080574,40.74376121350514,44.78877833958571,1.6473658457021694,0.11417387049420975
3519253,Iaras - SP,8010,3866,580,8,3547,9,48.26466916354557,7.240948813982522,44.282147315855184,51.523096129837704,0.09987515605493133,0.11235955056179775
3519303,Ibaté - SP,32178,17257,2376,42,12479,24,53.62980918640065,7.383926906582137,38.78115482627882,46.16508173286096,0.13052396046988626,0.07458512026850643
3519402,Ibirá - SP,11690,8326,396,44,2918,5,71.22326775021386,3.3875106928999146,24.961505560307955,28.34901625320787,0.3763900769888794,0.0427715996578272
3519501,Ibirarema - SP,6385,4380,284,18,1697,3,68.59827721221613,4.447924823805795,26.577916992952233,31.025841816758028,0.28191072826938135,0.04698512137823023
3519600,Ibitinga - SP,60033,40151,3169,187,16475,49,66.88154848166842,5.2787633468259125,27.443239551579964,32.722002898405876,0.31149534422734165,0.08162177469058685
3519709,Ibiúna - SP,75605,44179,3798,1777,25765,75,58.43396600753918,5.023477283248463,34.07843396600754,39.101911249256,2.350373652536208,0.0991997883737848
3519808,Icém - SP,7819,3961,595,43,3213,7,50.658652001534726,7.609668755595345,41.09221128021486,48.701880035810206,0.549942447883361,0.08952551477170993
3519907,Iepê - SP,7619,5216,238,29,2136,0,68.46042787767423,3.123769523559522,28.035175219845122,31.158944743404646,0.38062737892111825,0.0
3520004,Igaraçu do Tietê - SP,23106,13189,1734,32,8135,16,57.080412014195446,7.504544274214489,35.20730546178482,42.71184973599931,0.13849216653683025,0.06924608326841512
3520103,Igarapava - SP,26212,13530,2056,65,10558,2,51.61757973447276,7.843735693575462,40.279261406989164,48.122997100564625,0.24797802533190905,0.007630093087135663
3520202,Igaratá - SP,10605,6510,644,34,3396,21,61.386138613861384,6.072607260726072,32.02263083451202,38.095238095238095,0.3206034889203206,0.19801980198019803
3520301,Iguape - SP,29115,14681,1428,335,12359,311,50.42417997595741,4.904688304997424,42.44890949682294,47.353597801820364,1.1506096513824489,1.0681779151640047
3520400,Ilhabela - SP,34934,17871,2641,147,14163,112,51.156466479647335,7.559970229575772,40.54216522585447,48.10213545543024,0.4207934963073224,0.3206045686151028
3520426,Ilha Comprida - SP,13419,7465,867,122,4939,26,55.63007675683732,6.460988151128996,36.80602131306357,43.26700946419256,0.9091586556375288,0.19375512333258813
3520442,Ilha Solteira - SP,25549,13372,1598,398,10163,18,52.338643391130766,6.254647931425888,39.77846491056401,46.0331128419899,1.5577909115816666,0.07045285529766332
3520509,Indaiatuba - SP,255748,163860,13956,3352,74382,187,64.07088227473919,5.456934169573174,29.084098409371727,34.5410325789449,1.3106651860425107,0.07311885136931667
3520608,Indiana - SP,5090,3106,311,16,1654,3,61.02161100196464,6.110019646365423,32.4950884086444,38.60510805500982,0.3143418467583497,0.05893909626719057
3520707,Indiaporã - SP,4035,2278,190,13,1553,1,56.45600991325898,4.708798017348204,38.48822800495663,43.19702602230483,0.322180916976456,0.024783147459727387
3520806,Inúbia Paulista - SP,3615,1966,172,39,1433,5,54.38450899031812,4.7579529737206085,39.64038727524205,44.398340248962654,1.0788381742738589,0.13831258644536654
3520905,Ipaussu - SP,13712,8842,781,21,4059,9,64.48366394399066,5.695740956826138,29.60180863477246,35.297549591598596,0.1531505250875146,0.06563593932322054
3521002,Iperó - SP,36459,20378,2611,78,13373,19,55.892920815162235,7.161469047423132,36.67955785951342,43.841026906936555,0.21393894511643216,0.05211333278477193
3521101,Ipeúna - SP,6831,4078,440,15,2293,5,59.69843361147709,6.4412238325281805,33.567559654516174,40.008783487044354,0.21958717610891523,0.0731957253696384
3521150,Ipiguá - SP,6761,4252,313,37,2149,10,62.89010501405117,4.629492678597841,31.785238869989648,36.41473154858749,0.5472563230291377,0.14790711433219939
3521200,Iporanga - SP,4046,892,658,8,2475,13,22.04646564508156,16.262975778546714,61.17152743450321,77.43450321304992,0.1977261492832427,0.3213049925852694
3521309,Ipuã - SP,14454,7454,969,25,6004,2,51.570499515704995,6.704026567040265,41.538674415386744,48.24270098242701,0.17296250172962502,0.013837000138370002
3521408,Iracemápolis - SP,21967,14012,1360,53,6535,7,63.786588974370645,6.191104839076797,29.74916920835799,35.940274047434784,0.2412709974051987,0.031865980789365866
3521507,Irapuã - SP,6867,4582,235,3,2045,2,66.72491626620067,3.422163972622688,29.780107761759137,33.202271734381824,0.043687199650502405,0.0291247997670016
3521606,Irapuru - SP,7085,3559,531,172,2822,1,50.23288637967537,7.49470712773465,39.83062808750882,47.32533521524347,2.427664079040226,0.014114326040931546
3521705,Itaberá - SP,17983,12686,498,50,4746,3,70.54440304732248,2.7692820997608854,26.391592059166992,29.16087415892788,0.2780403714619363,0.016682422287716176
3521804,Itaí - SP,25180,16063,985,243,7880,4,63.79269261318507,3.9118347895154884,31.294678316123907,35.206513105639395,0.9650516282764099,0.015885623510722795
3521903,Itajobi - SP,16989,12169,602,46,4164,7,71.62870092412737,3.5434693036670786,24.509977043969627,28.053446347636704,0.2707634351639296,0.04120313143798929
3522000,Itaju - SP,3618,2354,146,5,1108,5,65.0635710337203,4.035378662244334,30.62465450525152,34.660033167495854,0.13819789939192925,0.13819789939192925
3522109,Itanhaém - SP,112476,58198,9840,582,43348,500,51.74259397560368,8.74853302037768,38.53977737472883,47.28831039510651,0.5174437213272165,0.4445392794907358
3522158,Itaoca - SP,3422,1046,217,7,2152,0,30.566919929865577,6.341320864991233,62.88720046756283,69.22852133255407,0.20455873758036236,0.0
3522208,Itapecerica da Serra - SP,158522,66536,18710,879,72130,252,41.972723028980205,11.80277816328333,45.50157075989453,57.304348923177855,0.5544971675855718,0.15896847125320146
3522307,Itapetininga - SP,157790,110048,5472,1610,40529,127,69.74332974206223,3.4679003739146967,25.68540465175233,29.153305025667024,1.0203434945180303,0.0804867228594968
3522406,Itapeva - SP,89728,62294,3074,482,23841,35,69.42537446504993,3.4259094151212555,26.570301355206848,29.996210770328105,0.537179029957204,0.03900677603423681
3522505,Itapevi - SP,232297,90405,24790,421,116575,100,38.91785085472477,10.671683233102451,50.18360116574902,60.85528439885147,0.18123350710512834,0.043048338979840464
3522604,Itapira - SP,72022,51723,3928,184,16156,30,71.81555635777957,5.453889089444892,22.43203465607731,27.885923745522202,0.25547749298825356,0.04165393907417178
3522653,Itapirapuã Paulista - SP,4306,2174,112,2,2018,0,50.487691593125874,2.601021830004645,46.86483975847654,49.46586158848119,0.046446818392940084,0.0
3522703,Itápolis - SP,39493,28352,1452,122,9559,8,71.78993745727091,3.676600916618135,24.204289367736056,27.88089028435419,0.3089155040133695,0.020256754361532424
3522802,Itaporanga - SP,14085,10401,381,187,3046,68,73.84451544195953,2.7050053248136314,21.625843095491657,24.330848420305287,1.3276535321263756,0.4827831025914093
3522901,Itapuí - SP,13659,8489,937,16,4216,1,62.149498499158064,6.8599458232667105,30.866095614613076,37.726041437879786,0.11713888278790541,0.007321180174244088
3523008,Itapura - SP,3979,1510,275,20,2174,0,37.949233475747675,6.911284242271928,54.636843427996986,61.54812767026891,0.5026388539834129,0.0
3523107,Itaquaquecetuba - SP,369275,147012,39455,996,181280,494,39.810980976237225,10.684449258682553,49.0907859995938,59.77523525827635,0.2697176900683772,0.13377564145961682
3523206,Itararé - SP,44438,32907,1443,162,9877,49,74.05148746568253,3.247220847022818,22.22647283856159,25.473693685584408,0.3645528601647239,0.11026598856834241
3523305,Itariri - SP,15528,6750,1126,352,7216,84,43.469860896445134,7.2514167954662545,46.470891293147865,53.72230808861412,2.2668727460072127,0.5409582689335394
3523404,Itatiba - SP,121590,76794,8257,822,35659,54,63.15815445349124,6.790854511061765,29.32724730652192,36.118101817583685,0.6760424377004688,0.04441154700222058
3523503,Itatinga - SP,19070,12019,1143,16,5878,13,63.025694808599894,5.9937073938122705,30.8232826428946,36.81699003670687,0.08390141583639224,0.0681699003670687
3523602,Itirapina - SP,16148,9460,1194,38,5448,8,58.583106267029976,7.394104533069111,33.73792420113946,41.13202873420857,0.2353232598464206,0.04954173891503592
3523701,Itirapuã - SP,5779,2979,497,15,2285,3,51.548710849627966,8.600103824191036,39.53971275307146,48.1398165772625,0.25956047759127876,0.051912095518255756
3523800,Itobi - SP,8046,4863,467,10,2705,1,60.43997017151379,5.804126273924932,33.619189659458115,39.423315933383044,0.12428535918468804,0.012428535918468804
3523909,Itu - SP,168240,104964,11034,793,51327,115,62.38944365192582,6.55848787446505,30.508202567760343,37.066690442225394,0.4713504517356158,0.0683547313361864
3524006,Itupeva - SP,70616,39398,4673,603,25893,43,55.791888523847284,6.617480457686643,36.667327517842985,43.28480797552963,0.8539141271100034,0.06089271553189079
3524105,Ituverava - SP,37571,21892,2807,315,12536,20,58.26834526629581,7.471187884272444,33.366160070266965,40.83734795453941,0.8384126054669825,0.053232546378856035
3524204,Jaborandi - SP,6221,3251,530,18,2402,20,52.25847934415689,8.519530622086481,38.61115576273911,47.130686384825594,0.28934254942935217,0.3214917215881691
3524303,Jaboticabal - SP,71821,46705,4774,627,19692,18,65.02972668161122,6.6470809373303075,27.41816460366745,34.06524554099776,0.8730037175756394,0.025062307681597305
3524402,Jacareí - SP,240275,154729,14861,2090,68403,177,64.39662886276142,6.1849963583394025,28.468629695140983,34.65362605348039,0.8698366455103527,0.07366559150972844
3524501,Jaci - SP,7613,4636,454,20,2498,5,60.89583606988047,5.963483515040063,32.81229475896493,38.77577827400499,0.2627085248916327,0.06567713122290818
3524600,Jacupiranga - SP,16097,8229,665,61,7128,14,51.121326955333295,4.1312045722805495,44.281543144685344,48.412747716965896,0.3789525998633286,0.08697272783748525
3524709,Jaguariúna - SP,59347,38280,3201,296,17539,31,64.50199673109003,5.3937014507894245,29.55330513758067,34.947006588370094,0.4987615212226397,0.052235159317235914
3524808,Jales - SP,48776,33764,1662,886,12453,11,69.22256847629981,3.4074134820403477,25.530998851894374,28.93841233393472,1.8164671149745777,0.022552074790880762
3524907,Jambeiro - SP,6397,4252,286,34,1821,4,66.46865718305456,4.470845708926059,28.466468657183054,32.93731436610911,0.5314991402219791,0.06252931061435048
3525003,Jandira - SP,118045,54901,12172,491,50393,83,46.50853488076581,10.311321953492312,42.689652251260114,53.000974204752424,0.4159430725570757,0.07031216908805964
3525102,Jardinópolis - SP,45282,25916,3593,142,15611,20,57.232454396890596,7.934720197871119,34.47506735568217,42.409787553553286,0.3135903891170885,0.04416766043902654
3525201,Jarinu - SP,37535,20502,2103,213,14682,35,54.621020380977754,5.602770747302517,39.11549220727321,44.71826295457573,0.5674703609964034,0.09324630345011323
3525300,Jaú - SP,133497,95343,7600,328,30159,55,71.41958246252725,5.693011827981153,22.591518910537314,28.284530738518466,0.24569840520760766,0.041199427702495184
3525409,Jeriquara - SP,3863,1777,395,13,1672,4,46.00051773233238,10.225213564587108,43.282422987315556,53.507636551902664,0.3365260160497023,0.10354646647683148
3525508,Joanópolis - SP,12815,8920,447,47,3393,8,69.60593055013656,3.4880998829496686,26.47678501755755,29.96488490050722,0.3667577058134998,0.06242684354272337
3525607,João Ramalho - SP,4371,2246,363,13,1746,3,51.38412262640128,8.304735758407688,39.94509265614276,48.24982841455045,0.29741477922672155,0.06863417982155114
3525706,José Bonifácio - SP,36633,25027,1513,80,10005,7,68.31818305899053,4.130155870390086,27.31144050446319,31.441596374853276,0.2183823328692709,0.0191084541260612
3525805,Júlio Mesquita - SP,4254,1849,195,25,2184,1,43.464974141984015,4.58392101551481,51.33991537376587,55.92383638928068,0.5876821814762576,0.023507287259050307
3525854,Jumirim - SP,3056,1970,189,1,895,1,64.46335078534031,6.18455497382199,29.286649214659686,35.47120418848168,0.032722513089005235,0.032722513089005235
3525904,Jundiaí - SP,443221,309111,24925,4045,104824,281,69.74195717260689,5.6236053797089935,23.65050392467866,29.274109304387654,0.912637262223586,0.06339952303704022
3526001,Junqueirópolis - SP,20448,11660,934,352,7491,11,57.0226917057903,4.567683881064163,36.634389671361504,41.20207355242567,1.7214397496087637,0.053794992175273865
3526100,Juquiá - SP,17154,7767,1012,266,8081,27,45.27806925498426,5.89949865920485,47.10854611169407,53.00804477089892,1.5506587384866504,0.15739769150052466
3526209,Juquitiba - SP,27404,15179,1667,138,10386,34,55.38972412786455,6.08305356882207,37.89957670413079,43.98263027295286,0.5035761202744125,0.12406947890818859
3526308,Lagoinha - SP,5083,3648,180,8,1244,3,71.76864056659453,3.5412158174306514,24.47373598268739,28.01495180011804,0.1573873696635845,0.05902026362384419
3526407,Laranjal Paulista - SP,26261,17622,1714,81,6841,3,67.10330908952439,6.526788774227943,26.05003617531701,32.57682494954496,0.3084421766117056,0.011423784318952059
3526506,Lavínia - SP,9689,4507,1041,111,4018,7,46.516668386830425,10.744142842398597,41.46970791619362,52.213850758592216,1.145629063886882,0.07224687790277634
3526605,Lavrinhas - SP,7171,4451,397,19,2303,1,62.06944638125785,5.536187421559057,32.11546506763352,37.65165248919258,0.26495607307209595,0.013945056477478734
3526704,Leme - SP,98161,63969,5316,262,28562,51,65.16742901967176,5.415592750685099,29.09709558786076,34.51268833854586,0.2669084463279714,0.05195546092643718
3526803,Lençóis Paulista - SP,66505,44649,3100,159,18564,31,67.13630554093677,4.661303661378843,27.913690699947374,32.57499436132622,0.23907976843846326,0.04661303661378844
3526902,Limeira - SP,291869,190372,19733,1094,80503,161,65.2251523800061,6.760909860245521,27.58189461710562,34.34280447735114,0.37482569234827956,0.05516173351743419
3527009,Lindóia - SP,7014,5142,286,31,1555,0,73.31052181351582,4.077559167379527,22.169945822640432,26.24750499001996,0.4419731964642144,0.0
3527108,Lins - SP,74779,43496,5357,1338,24549,39,58.16606266465184,7.163775926396448,32.8287353401356,39.99251126653205,1.7892723893071585,0.05215367950895305
3527207,Lorena - SP,84855,53139,5831,338,25484,62,62.62329856814566,6.871722349890991,30.03240822579695,36.904130575687944,0.3983265570679394,0.07306581816039126
3527256,Lourdes - SP,1950,1206,131,9,604,0,61.84615384615385,6.717948717948718,30.974358974358974,37.69230769230769,0.46153846153846156,0.0
3527306,Louveira - SP,51847,27832,3446,176,20356,35,53.68102301001022,6.6464790633980755,39.261673770902846,45.90815283430092,0.339460335217081,0.0675063166624877
3527405,Lucélia - SP,20061,11642,1035,209,7171,4,58.03299935197647,5.15926424405563,35.74597477693036,40.90523902098599,1.0418224415532626,0.019939185484272967
3527504,Lucianópolis - SP,2372,1416,111,12,832,1,59.6964586846543,4.679595278246206,35.07588532883643,39.75548060708263,0.5059021922428331,0.04215851602023609
3527603,Luís Antônio - SP,12265,6118,1037,34,5068,8,49.8817774154097,8.454953118630248,41.32083163473298,49.77578475336323,0.27721157766000815,0.06522625356706074
3527702,Luiziânia - SP,4701,2206,284,6,2198,7,46.92618591788981,6.0412678153584345,46.7560093597107,52.79727717506914,0.1276324186343331,0.14890448840672196
3527801,Lupércio - SP,3981,1929,297,12,1742,1,48.45516201959307,7.46043707611153,43.75784978648581,51.21828686259734,0.30143180105501133,0.025119316754584276
3527900,Lutécia - SP,2661,1483,130,7,1039,2,55.730928222472755,4.885381435550545,39.04547162720782,43.93085306275836,0.26305900037579855,0.0751597143930853
3528007,Macatuba - SP,16829,10191,1059,10,5561,8,60.556182779725475,6.292709014201676,33.044149979202565,39.33685899340424,0.059421237150157465,0.047536989720125974
3528106,Macaubal - SP,7481,5478,284,26,1691,2,73.22550461168294,3.7962839192621307,22.60392995588825,26.40021387515038,0.3475471193690683,0.02673439379762064
3528205,Macedônia - SP,3963,2563,148,22,1229,1,64.67322735301539,3.7345445369669443,31.011859702245772,34.746404239212715,0.5551349987383295,0.025233409033560434
3528304,Magda - SP,3165,2162,104,2,894,3,68.30963665086888,3.2859399684044233,28.246445497630333,31.532385466034757,0.0631911532385466,0.0947867298578199
3528403,Mairinque - SP,50027,26346,3560,498,19572,51,52.663561676694584,7.116157275071461,39.122873648229955,46.239030923301414,0.9954624502768505,0.10194494972714734
3528502,Mairiporã - SP,93853,52692,6219,696,34144,99,56.14311742831875,6.626319883221634,36.380296847197215,43.00661673041885,0.7415852450108148,0.10548410812653831
3528601,Manduri - SP,9871,7197,339,12,2321,2,72.91054604396717,3.4343025022794045,23.513321851889373,26.947624354168777,0.12156823016918246,0.020261371694863743
3528700,Marabá Paulista - SP,4573,1829,330,12,2398,4,39.99562650338946,7.216269407391209,52.43822436037612,59.65449376776733,0.2624097966324076,0.08746993221080254
3528809,Maracaí - SP,12673,8164,564,16,3922,7,64.42042136826323,4.4504063757594885,30.947684052710486,35.39809042846997,0.12625266314211314,0.055235540124674506
3528858,Marapoama - SP,3292,2432,137,6,717,0,73.8760631834751,4.161603888213852,21.78007290400972,25.941676792223575,0.1822600243013366,0.0
3528908,Mariápolis - SP,3513,2148,123,20,1222,0,61.14432109308284,3.5012809564474807,34.78508397381156,38.28636493025904,0.569313976658127,0.0
3529005,Marília - SP,237627,142400,14136,5681,75198,210,59.92585017695801,5.9488189473418425,31.645393831509047,37.59421277885089,2.390721593084961,0.08837379590703076
3529104,Marinópolis - SP,1860,1099,99,12,649,1,59.086021505376344,5.32258064516129,34.89247311827957,40.21505376344086,0.6451612903225806,0.053763440860215055
3529203,Martinópolis - SP,24881,13968,1425,141,9332,11,56.13922270005225,5.7272617660061895,37.50653108797878,43.233792853984966,0.566697480004823,0.04421044170250392
3529302,Matão - SP,79033,49446,4759,356,24456,14,62.56373919755039,6.021535308035884,30.944036035580073,36.965571343615956,0.450444750926828,0.017714119418470765
3529401,Mauá - SP,418261,210661,37885,1635,167697,374,50.36591984430774,9.057741458084784,40.09386483559309,49.15160629367787,0.3909042440007555,0.08941785153289453
3529500,Mendonça - SP,6159,4023,314,13,1805,3,65.31904529956162,5.098230232180549,29.3067056340315,34.40493586621205,0.21107322617308005,0.04870920603994155
3529609,Meridiano - SP,4572,2974,190,18,1389,1,65.04811898512686,4.15573053368329,30.38057742782152,34.53630796150481,0.3937007874015748,0.021872265966754154
3529658,Mesópolis - SP,1952,1123,144,2,683,0,57.53073770491803,7.377049180327869,34.989754098360656,42.36680327868852,0.10245901639344263,0.0
3529708,Miguelópolis - SP,19441,10399,1275,148,7606,12,53.49004680829175,6.558304613960187,39.12350187747544,45.68180649143563,0.7612777120518491,0.06172521989609588
3529807,Mineiros do Tietê - SP,11230,7471,454,7,3295,3,66.52715939447907,4.042742653606411,29.341050756901158,33.38379341050757,0.06233303650934995,0.026714158504007122
3529906,Miracatu - SP,18553,8678,1102,197,8432,144,46.77410661348569,5.939740203740635,45.44817549722417,51.387915700964804,1.0618228857866652,0.7761547997628416
3530003,Mira Estrela - SP,3126,2016,149,11,950,0,64.49136276391555,4.766474728087013,30.390275111964172,35.156749840051184,0.35188739603326935,0.0
3530102,Mirandópolis - SP,27983,15120,1464,1024,10357,18,54.032805631990854,5.231747846907051,37.01175713826252,42.243504985169565,3.659364614230068,0.06432476860951292
3530201,Mirante do Paranapanema - SP,15917,7397,804,244,7462,10,46.47232518690708,5.051203116165106,46.880693598039834,51.93189671420494,1.5329521894829428,0.06282590940503864
3530300,Mirassol - SP,63337,42962,3294,200,16824,57,67.83080979522238,5.200751535437422,26.562672687370732,31.763424222808155,0.31577119219413613,0.08999478977532879
3530409,Mirassolândia - SP,4669,3043,282,3,1341,0,65.17455557935318,6.03983722424502,28.72135360890983,34.76119083315485,0.0642535874919683,0.0
3530508,Mococa - SP,67681,44617,3698,134,19202,30,65.92248932492132,5.463867259644509,28.37133021084204,33.83519747048655,0.19798761838625314,0.04432558620587757
3530607,Mogi das Cruzes - SP,451505,248044,38256,16603,148050,538,54.93715462730202,8.472995869370218,32.79033454779017,41.26333041716038,3.677257173231747,0.11915704145026079
3530706,Mogi Guaçu - SP,153658,111663,6720,351,34856,66,72.66982519621497,4.3733486053443364,22.684142706530086,27.057491311874422,0.22842936911843184,0.04295253094534616
3530805,Mogi Mirim - SP,92558,67372,4498,419,20142,121,72.78895395319691,4.859655567319951,21.761490092698633,26.621145660018584,0.45268912465697186,0.1307288402947341
3530904,Mombuca - SP,3722,2138,251,1,1332,0,57.442235357334766,6.743686190220312,35.78721117678668,42.530897367006986,0.026867275658248254,0.0
3531001,Monções - SP,1937,1392,123,1,421,0,71.86370676303562,6.350025813113062,21.734641197728447,28.084667010841507,0.05162622612287042,0.0
3531100,Mongaguá - SP,61951,27516,9429,185,24334,487,44.4157479298155,15.220093299543187,39.27943051766719,54.499523817210374,0.29862310535745995,0.7861051476166648
3531209,Monte Alegre do Sul - SP,8627,6432,384,35,1774,2,74.55662455082879,4.451141764228585,20.56334762953518,25.014489393763764,0.40570302538541786,0.02318303002202388
3531308,Monte Alto - SP,47574,33686,2364,391,11107,24,70.80758397443982,4.969100769327784,23.346786059612395,28.31588682894018,0.8218774961113213,0.05044772354647496
3531407,Monte Aprazível - SP,22280,14969,1222,61,6008,13,67.18581687612209,5.484739676840215,26.96588868940754,32.450628366247756,0.2737881508078995,0.05834829443447038
3531506,Monte Azul Paulista - SP,18151,12810,804,19,4516,2,70.57462398765908,4.429508016087268,24.880171891355847,29.309679907443115,0.10467742824086827,0.011018676656933502
3531605,Monte Castelo - SP,4222,2590,240,16,1376,0,61.345333964945524,5.684509711037423,32.59118900994789,38.27569872098531,0.3789673140691615,0.0
3531704,Monteiro Lobato - SP,4138,2694,248,16,1178,2,65.10391493475109,5.993233446109231,28.46785886901885,34.461092315128084,0.3866602223296278,0.04833252779120348
3531803,Monte Mor - SP,64662,31626,5338,150,27501,47,48.90971513408184,8.255234913859763,42.530388790943675,50.78562370480344,0.23197550338684236,0.07268565772787727
3531902,Morro Agudo - SP,27933,12718,2463,145,12602,5,45.530376257473236,8.817527655461282,45.115096838864424,53.93262449432571,0.5190992732610175,0.017899974940035084
3532009,Morungaba - SP,13720,8344,723,49,4595,8,60.816326530612244,5.269679300291545,33.49125364431487,38.76093294460641,0.35714285714285715,0.05830903790087463
3532058,Motuca - SP,4034,2094,383,4,1550,3,51.9087754090233,9.494298463063956,38.4234010907288,47.91769955379276,0.0991571641051066,0.07436787307882994
3532108,Murutinga do Sul - SP,3737,2270,179,40,1245,3,60.74391222906075,4.7899384533047895,33.315493711533314,38.105432164838106,1.0703773080010703,0.08027829810008028
3532157,Nantes - SP,2660,1209,205,9,1236,1,45.45112781954887,7.706766917293233,46.46616541353384,54.17293233082707,0.3383458646616541,0.03759398496240601
3532207,Narandiba - SP,5713,2400,382,48,2882,1,42.00945212672851,6.6865044635042885,50.44635042884649,57.13285489235078,0.8401890425345703,0.01750393838613688
3532306,Natividade da Serra - SP,6999,4818,253,14,1910,4,68.83840548649808,3.6148021145877984,27.289612801828834,30.904414916416634,0.20002857551078726,0.057151021574510644
3532405,Nazaré Paulista - SP,18217,11661,882,70,5591,13,64.01163748147334,4.84163144315749,30.691112696931437,35.53274414008893,0.384256463742658,0.07136191469506505
3532504,Neves Paulista - SP,9699,6859,516,10,2311,3,70.71863078667904,5.320136096504794,23.827198680276318,29.14733477678111,0.10310341272296113,0.03093102381688834
3532603,Nhandeara - SP,9852,6972,392,13,2473,2,70.7673568818514,3.978887535525782,25.10150223304913,29.08038976857491,0.1319529029638652,0.020300446609825416
3532702,Nipoã - SP,4750,2630,273,5,1839,3,55.36842105263158,5.747368421052632,38.71578947368421,44.463157894736845,0.10526315789473684,0.06315789473684211
3532801,Nova Aliança - SP,6693,4521,453,16,1692,11,67.54818467055132,6.768265351860152,25.28014343343792,32.04840878529807,0.23905572986702525,0.16435081428357987
3532827,Nova Campina - SP,8497,5490,275,13,2714,5,64.61103919030246,3.2364363893138757,31.940684947628576,35.17712133694245,0.15299517476756502,0.05884429798752501
3532843,Nova Canaã Paulista - SP,2032,1258,109,7,658,0,61.90944881889764,5.3641732283464565,32.381889763779526,37.746062992125985,0.34448818897637795,0.0
3532868,Nova Castilho - SP,1062,680,20,2,360,0,64.030131826742,1.8832391713747645,33.898305084745765,35.781544256120526,0.18832391713747645,0.0
3532900,Nova Europa - SP,9311,4913,742,51,3601,4,52.76554612823542,7.969068843303619,38.674685855439805,46.64375469874342,0.5477392331650736,0.0429599398560842
3533007,Nova Granada - SP,19419,11351,1354,36,6655,23,58.45306143467738,6.972552654616613,34.270559761058756,41.24311241567537,0.18538544724239148,0.11844070240486122
3533106,Nova Guataporanga - SP,2156,1411,139,11,595,0,65.4452690166976,6.447124304267161,27.5974025974026,34.04452690166976,0.5102040816326531,0.0
3533205,Nova Independência - SP,4609,2118,338,8,2144,1,45.9535691039271,7.333477977869386,46.51768279453243,53.85116077240182,0.17357344326318072,0.02169668040789759
3533254,Novais - SP,4412,2127,407,10,1868,0,48.20942883046238,9.224841341795104,42.33907524932004,51.563916591115145,0.22665457842248413,0.0
3533304,Nova Luzitânia - SP,2837,1550,187,7,1093,0,54.635178004934794,6.591469862530842,38.526612618963696,45.11808248149454,0.24673951357067325,0.0
3533403,Nova Odessa - SP,62019,40578,3670,206,17500,65,65.42833647753108,5.917541398603654,28.21715925764685,34.1347006562505,0.33215627469001435,0.10480659152840259
3533502,Novo Horizonte - SP,38324,26608,1603,107,9981,25,69.42907838430226,4.182757540966496,26.043732387015968,30.226489927982463,0.2791984135267717,0.06523327418849807
3533601,Nuporanga - SP,7391,5026,413,9,1933,10,68.00162359626573,5.58787714788256,26.15342984711135,31.741306994993913,0.12176971992964417,0.13529968881071575
3533700,Ocauçu - SP,4331,2555,223,14,1539,0,58.993304086815975,5.148926344954976,35.534518586931426,40.6834449318864,0.3232509812976218,0.0
3533809,Óleo - SP,2512,1833,86,2,590,1,72.96974522292993,3.4235668789808917,23.487261146496817,26.91082802547771,0.07961783439490445,0.03980891719745223
3533908,Olímpia - SP,55074,35634,3295,183,15939,23,64.70203725896067,5.982859425500236,28.94106111776882,34.923920543269055,0.3322802048153394,0.04176199295493336
3534005,Onda Verde - SP,4771,2585,411,31,1727,17,54.181513309578705,8.614546216726053,36.19786208342067,44.81240830014672,0.6497589603856634,0.3563194298889122
3534104,Oriente - SP,6085,3284,468,35,2298,0,53.96877567789647,7.691043549712408,37.764995891536564,45.456039441248976,0.5751848808545604,0.0
3534203,Orindiúva - SP,6024,3083,453,49,2439,0,51.178618857901725,7.5199203187251,40.48804780876494,48.00796812749004,0.8134130146082338,0.0
3534302,Orlândia - SP,38319,21903,2711,77,13614,14,57.15963360212949,7.074819280252616,35.52806701636264,42.60288629661526,0.20094470106213627,0.036535400193115686
3534401,Osasco - SP,728615,377631,69458,5840,275098,539,51.82860632844506,9.532880876731882,37.756291045339445,47.289171922071326,0.8015206933702984,0.07397596810386829
3534500,Oscar Bressane - SP,2470,1596,76,67,727,4,64.61538461538461,3.076923076923077,29.4331983805668,32.51012145748988,2.7125506072874495,0.16194331983805668
3534609,Osvaldo Cruz - SP,31272,19176,1310,500,10269,14,61.32003069838834,4.189050908160655,32.837682271680734,37.026733179841386,1.5988743924277309,0.04476848298797646
3534708,Ourinhos - SP,103970,70140,5700,1223,26806,94,67.46176781763971,5.482350678080215,25.782437241511975,31.26478791959219,1.1763008560161585,0.0904106953929018
3534757,Ouroeste - SP,10294,6020,554,106,3613,1,58.480668350495435,5.381775791723334,35.09811540703323,40.47989119875656,1.0297260540120459,0.009714396735962697
3534807,Ouro Verde - SP,7779,3493,498,21,3757,10,44.90294382311351,6.4018511376783644,48.296696233449026,54.69854737112739,0.2699575780948708,0.1285512276642242
3534906,Pacaembu - SP,14877,6731,955,346,6833,12,45.24433689587955,6.419304967399341,45.92995899710963,52.34926396450897,2.325737715937353,0.08066142367412785
3535002,Palestina - SP,11476,6690,648,23,4106,9,58.29557337051237,5.646566747995817,35.779017079121644,41.425583827117464,0.20041826420355524,0.07842453816660858
3535101,Palmares Paulista - SP,9650,4714,909,12,4006,9,48.84974093264249,9.419689119170984,41.512953367875646,50.93264248704663,0.12435233160621761,0.09326424870466321
3535200,Palmeira d'Oeste - SP,8903,5864,399,162,2476,1,65.86543861619678,4.481635403796473,27.810850275188137,32.29248567898461,1.819611366954959,0.011232168931820734
3535309,Palmital - SP,19594,14795,701,29,4058,10,75.50780851281004,3.577625803817495,20.71042155761968,24.288047361437172,0.14800449117076656,0.051036031438195364
3535408,Panorama - SP,14964,7767,703,67,6427,0,51.90457097032879,4.697941726811013,42.94974605720395,47.64768778401496,0.4477412456562416,0.0
3535507,Paraguaçu Paulista - SP,41120,23533,2076,298,15169,44,57.23005836575876,5.04863813229572,36.889591439688715,41.93822957198444,0.7247081712062257,0.10700389105058365
3535606,Paraibuna - SP,17667,11857,610,47,5134,19,67.11382804098037,3.4527650421690157,29.05982905982906,32.512594101998076,0.2660327163638422,0.10754514065772344
3535705,Paraíso - SP,6099,4333,322,16,1415,13,71.04443351369076,5.279554025250041,23.20052467617642,28.480078701426464,0.26233808821118215,0.2131496966715855
3535804,Paranapanema - SP,19395,12877,635,46,5828,9,66.39340036091777,3.274039700953854,30.048981696313483,33.32302139726734,0.23717452951791698,0.04640371229698376
3535903,Paranapuã - SP,4031,2198,237,107,1489,0,54.52741255271645,5.879434383527661,36.938724882163235,42.818159265690895,2.6544281815926567,0.0
3536000,Parapuã - SP,10580,5837,484,165,4080,14,55.17013232514178,4.574669187145558,38.56332703213611,43.13799621928167,1.559546313799622,0.1323251417769376
3536109,Pardinho - SP,7153,4701,399,21,2030,2,65.72067663917238,5.578079127638753,28.379700824828742,33.9577799524675,0.293583111980987,0.02796029637914162
3536208,Pariquera-Açu - SP,19233,10062,1017,152,7854,148,52.31633130556855,5.287786616752457,40.83606301669006,46.12384963344252,0.7903083242343888,0.7695107367545365
3536257,Parisi - SP,2892,1856,90,1,944,1,64.17704011065007,3.112033195020747,32.6417704011065,35.75380359612725,0.034578146611341634,0.034578146611341634
3536307,Patrocínio Paulista - SP,14512,7557,1394,12,5541,7,52.07414553472988,9.605843439911798,38.182194046306506,47.7880374862183,0.08269018743109151,0.048235942668136716
3536406,Paulicéia - SP,7955,3818,338,50,3748,1,47.99497171590195,4.248900062853552,47.11502199874293,51.36392206159648,0.6285355122564424,0.01257071024512885
3536505,Paulínia - SP,110537,69553,7136,1164,32626,54,62.922822222423264,6.455756895881017,29.515908700254215,35.97166559613523,1.053041063173417,0.04885242045649873
3536570,Paulistânia - SP,2090,1316,84,3,686,1,62.96650717703349,4.019138755980861,32.822966507177036,36.8421052631579,0.14354066985645933,0.04784688995215311
3536604,Paulo de Faria - SP,7400,3614,889,45,2851,1,48.83783783783784,12.013513513513514,38.527027027027025,50.54054054054054,0.6081081081081081,0.013513513513513514
3536703,Pederneiras - SP,44827,27628,2853,62,14265,17,61.63249827113124,6.364467843041024,31.822339215205123,38.186807058246146,0.1383095009703973,0.03792357284672184
3536802,Pedra Bela - SP,6557,4778,170,24,1577,8,72.8686899496721,2.592649077321946,24.050632911392405,26.64328198871435,0.3660210462101571,0.1220070154033857
3536901,Pedranópolis - SP,2787,1967,122,6,688,4,70.57768209544312,4.377466810190168,24.686042339433083,29.06350914962325,0.21528525296017223,0.14352350197344815
3537008,Pedregulho - SP,15525,8800,1336,19,5358,12,56.68276972624799,8.605475040257648,34.51207729468599,43.11755233494364,0.12238325281803543,0.07729468599033816
3537107,Pedreira - SP,43112,28979,1770,56,12277,28,67.21794395991836,4.105585451846354,28.476990165151236,32.58257561699759,0.12989422898496938,0.06494711449248469
3537156,Pedrinhas Paulista - SP,2804,1917,75,6,805,1,68.36661911554921,2.674750356633381,28.708987161198287,31.38373751783167,0.21398002853067047,0.03566333808844508
3537206,Pedro de Toledo - SP,11281,6017,688,143,4411,22,53.3374700824395,6.09875011080578,39.101143515645774,45.199893626451555,1.2676181189610851,0.19501817214785924
3537305,Penápolis - SP,61679,40435,2832,503,17878,31,65.55715883850257,4.591514129606511,28.98555424050325,33.577068370109764,0.8155125731610434,0.05026021822662494
3537404,Pereira Barreto - SP,24095,10565,1621,1008,10887,14,43.84727121809504,6.727536833367918,45.183648059763435,51.911184893131356,4.1834405478315,0.05810334094210417
3537503,Pereiras - SP,8737,5857,436,10,2419,15,67.0367402998741,4.990271260157949,27.686849032848805,32.67712029300675,0.11445576284765938,0.17168364427148908
3537602,Peruíbe - SP,68352,35802,5103,596,26312,538,52.37886235955056,7.465765449438202,38.49485018726592,45.96061563670412,0.8719569288389513,0.7871020599250936
3537701,Piacatu - SP,5519,2967,256,42,2247,7,53.75973908316724,4.638521471281029,40.713897445189346,45.35241891647038,0.7610074288820439,0.12683457148034064
3537800,Piedade - SP,52970,37961,1277,1186,12521,23,71.66509344912214,2.4107985652255994,23.637908249952805,26.048706815178406,2.2390032093637906,0.04342080422880876
3537909,Pilar do Sul - SP,27619,17968,913,831,7897,10,65.05666389079981,3.3056953546471632,28.592635504543974,31.898330859191137,3.0087982910315363,0.036206958977515476
3538006,Pindamonhangaba - SP,165428,99855,10656,1106,53685,116,60.36160746669246,6.441473027540682,32.45218463621636,38.89365766375704,0.668568803346471,0.07012114031481974
3538105,Pindorama - SP,14542,9992,533,26,3985,6,68.71131893824783,3.665245495805254,27.40338330353459,31.068628799339844,0.17879246321001238,0.04125979920231055
3538204,Pinhalzinho - SP,15224,11528,553,60,3079,4,75.72254335260115,3.6324224908039935,20.22464529689963,23.857067787703624,0.3941145559642669,0.02627430373095113
3538303,Piquerobi - SP,3264,1716,159,14,1375,0,52.5735294117647,4.8713235294117645,42.12622549019608,46.997549019607845,0.42892156862745096,0.0
3538501,Piquete - SP,12490,7757,942,16,3764,11,62.10568454763811,7.542033626901521,30.13610888710969,37.67814251401121,0.12810248198558846,0.08807045636509207
3538600,Piracaia - SP,26029,17193,1257,288,7259,32,66.0532482999731,4.829228936954935,27.888124783894888,32.71735372084982,1.1064581812593646,0.12293979791770718
3538709,Piracicaba - SP,423323,272080,33333,2095,115484,320,64.2724349964448,7.874129211027986,27.280350937700053,35.15448014872804,0.4948939698528074,0.07559239634983216
3538808,Piraju - SP,29436,23116,935,119,5246,19,78.52969153417584,3.1763826606875933,17.8217149069167,20.998097567604294,0.4042668840875119,0.06454681342573719
3538907,Pirajuí - SP,22431,13653,1524,98,7139,17,60.86665775043467,6.794168784271767,31.82649012527306,38.62065890954483,0.4368953680174758,0.07578797200303151
3539004,Pirangi - SP,10885,7701,409,20,2753,2,70.74873679375287,3.757464400551217,25.29168580615526,29.04915020670648,0.18373909049150206,0.018373909049150206
3539103,Pirapora do Bom Jesus - SP,18370,7588,1819,49,8879,34,41.30647795318454,9.902014153511159,48.334240609689715,58.236254763200876,0.2667392487751769,0.18508437670114317
3539202,Pirapozinho - SP,25348,13068,1657,460,10132,30,51.55436326337384,6.537004891904687,39.97159539214139,46.508600284046075,1.8147388354110778,0.11835253274420073
3539301,Pirassununga - SP,73545,50072,4284,223,18899,57,68.08348630090421,5.825005098919029,25.697192195254605,31.522197294173633,0.30321571826772725,0.07750356924332041
3539400,Piratininga - SP,15108,10506,742,140,3700,20,69.53931691818904,4.911305268731797,24.490336245697645,29.401641514429443,0.9266613714588298,0.13238019592268996
3539509,Pitangueiras - SP,33674,17593,2426,41,13596,18,52.245055532458274,7.204371325057908,40.375363782146465,47.57973510720437,0.12175565718358378,0.05345370315376849
3539608,Planalto - SP,4389,2338,243,16,1785,5,53.269537480063796,5.536568694463432,40.66985645933014,46.206425153793575,0.3645477329687856,0.1139211665527455
3539707,Platina - SP,3025,1844,159,10,1010,2,60.95867768595041,5.256198347107438,33.388429752066116,38.64462809917355,0.3305785123966942,0.06611570247933884
3539806,Poá - SP,103765,51053,12184,523,39916,79,49.20059750397533,11.741916831301499,38.467691418108224,50.209608249409726,0.5040235146725774,0.07613357104996868
3539905,Poloni - SP,5592,3503,357,11,1716,5,62.64306151645207,6.384120171673819,30.686695278969957,37.07081545064378,0.19670958512160228,0.08941344778254649
3540002,Pompéia - SP,20196,11066,1197,484,7428,21,54.79302832244009,5.926916221033868,36.77956030897207,42.70647653000594,2.396514161220044,0.10398098633392751
3540101,Pongaí - SP,3395,2579,103,7,704,2,75.96465390279823,3.0338733431516935,20.73637702503682,23.770250368188513,0.20618556701030927,0.05891016200294551
3540200,Pontal - SP,37607,15467,3622,35,18452,28,41.12798149280719,9.631185683516367,49.06533358151408,58.696519265030446,0.09306777993458665,0.07445422394766932
3540259,Pontalinda - SP,4127,1989,364,4,1770,0,48.19481463532833,8.81996607705355,42.88829658347468,51.70826266052823,0.0969227041434456,0.0
3540309,Pontes Gestal - SP,2387,1397,149,12,829,0,58.525345622119815,6.242144951822371,34.72978634268957,40.97193129451194,0.5027230833682447,0.0
3540408,Populina - SP,4127,2470,263,13,1381,0,59.84976980857766,6.372667797431548,33.46256360552459,39.83523140295614,0.3149987884661982,0.0
3540507,Porangaba - SP,10451,7244,497,25,2682,3,69.31394124964119,4.755525787006028,25.66261601760597,30.418141804612,0.2392115587025165,0.02870538704430198
3540606,Porto Feliz - SP,56497,36432,3942,184,15925,14,64.4848399030037,6.977361629821052,28.18733738074588,35.164699010566935,0.3256810096111298,0.024780076818238135
3540705,Porto Ferreira - SP,52649,32624,3519,54,16431,21,61.965089555357174,6.683887633193413,31.208569963342132,37.89245759653554,0.10256605063723907,0.03988679747003742
3540754,Potim - SP,20392,11186,1347,29,7816,11,54.85484503726952,6.605531581012162,38.32875637504904,44.9342879560612,0.14221263240486465,0.053942722636327975
3540804,Potirendaba - SP,18496,12828,580,38,5036,14,69.35553633217994,3.135813148788927,27.22750865051903,30.363321799307958,0.2054498269896194,0.07569204152249134
3540853,Pracinha - SP,2578,1022,283,3,1270,0,39.64313421256788,10.977501939487976,49.26299456943367,60.24049650892165,0.11636927851047324,0.0
3540903,Pradópolis - SP,17078,9971,898,12,6193,4,58.385056798219935,5.258226958660265,36.26302845766483,41.5212554163251,0.07026583909122848,0.023421946363742827
3541000,Praia Grande - SP,349935,182320,32104,1794,133181,508,52.10110449083401,9.174275222541329,38.0587823452927,47.233057567834024,0.512666638089931,0.14516981725177533
3541059,Pratânia - SP,5126,2924,334,10,1852,6,57.04252828716348,6.515801794771752,36.12953570035115,42.6453374951229,0.19508388607101054,0.11705033164260632
3541109,Presidente Alves - SP,3804,2342,239,5,1215,3,61.56677181913775,6.2828601472134595,31.94006309148265,38.22292323869611,0.13144058885383805,0.07886435331230283
3541208,Presidente Bernardes - SP,14490,8830,791,225,4638,6,60.93857832988268,5.458937198067633,32.00828157349896,37.46721877156659,1.5527950310559007,0.041407867494824016
3541307,Presidente Epitácio - SP,39505,18393,2588,478,18004,41,46.558663460321476,6.551069484875332,45.57397797747121,52.125047462346544,1.2099734210859385,0.10378433109732946
3541406,Presidente Prudente - SP,225668,133716,14486,5611,71650,201,59.25341652338834,6.419164436251484,31.7501816828261,38.16934611907758,2.4863959444848183,0.08906889767268732
3541505,Presidente Venceslau - SP,35201,19564,1825,725,13075,12,55.57796653504162,5.184511803641942,37.14383114116076,42.3283429448027,2.0596005795289907,0.03408994062668674
3541604,Promissão - SP,35131,20641,1708,427,12348,7,58.754376476616095,4.861802966041388,35.1484443938402,40.01024735988159,1.215450741510347,0.019925421991972902
3541653,Quadra - SP,3405,2275,148,17,949,16,66.81350954478708,4.34654919236417,27.87077826725404,32.21732745961821,0.49926578560939794,0.4698972099853157
3541703,Quatá - SP,13163,6860,770,28,5502,3,52.115779077717846,5.849730304641799,41.798981994985944,47.648712299627746,0.21271746562333815,0.022791157031071943
3541802,Queiroz - SP,3265,1290,184,5,1785,1,39.50995405819295,5.6355283307810105,54.67075038284839,60.306278713629396,0.15313935681470137,0.030627871362940276
3541901,Queluz - SP,9159,5214,637,11,3291,6,56.927612184736326,6.954907741019762,35.93187029151654,42.8867780325363,0.12010044764712305,0.06550933508024893
3542008,Quintana - SP,7038,3697,442,75,2815,9,52.529127593066214,6.280193236714976,39.9971582836033,46.27735152031828,1.0656436487638534,0.1278772378516624
3542107,Rafard - SP,8965,5816,649,15,2482,2,64.8745119910764,7.2392638036809815,27.685443390964863,34.92470719464585,0.16731734523145567,0.022308979364194088
3542206,Rancharia - SP,28588,16556,1445,265,10301,21,57.91241080173499,5.054568350356793,36.032601091367006,41.0871694417238,0.9269623618301385,0.07345739471106758
3542305,Redenção da Serra - SP,4494,3009,178,20,1286,1,66.95594125500668,3.960836671117045,28.615932354250113,32.576769025367156,0.44503782821539833,0.022251891410769914
3542404,Regente Feijó - SP,20145,11627,1022,336,7150,8,57.71655497642095,5.073219161082155,35.49267808389178,40.56589724497394,1.6679076693968726,0.03971208736659221
3542503,Reginópolis - SP,7662,4601,500,10,2549,2,60.04959540589924,6.525711302531976,33.26807622030801,39.793787522839985,0.13051422605063953,0.026102845210127904
3542602,Registro - SP,59947,31790,3091,2013,22977,75,53.03017665604617,5.156221328840476,38.32885715715549,43.48507848599596,3.3579662034797404,0.12511051428762074
3542701,Restinga - SP,6404,3380,466,10,2545,3,52.77951280449719,7.276702061211743,39.74078700811992,47.01748906933167,0.1561524047470331,0.046845721424109935
3542800,Ribeira - SP,3132,1373,138,2,1619,0,43.83780332056194,4.406130268199234,51.69220945083014,56.098339719029376,0.06385696040868455,0.0
3542909,Ribeirão Bonito - SP,10989,5571,1137,36,4236,9,50.696150696150696,10.346710346710347,38.54763854763855,48.894348894348894,0.3276003276003276,0.0819000819000819
3543006,Ribeirão Branco - SP,18627,11307,565,77,6660,18,60.70220647447254,3.0332313308637997,35.7545498469963,38.7877811778601,0.4133784291619692,0.09663391850539539
3543105,Ribeirão Corrente - SP,4608,2088,524,19,1972,5,45.3125,11.371527777777779,42.795138888888886,54.166666666666664,0.4123263888888889,0.10850694444444445
3543204,Ribeirão do Sul - SP,4677,3526,170,13,968,0,75.39020739790465,3.634808638015822,20.69702800940774,24.331836647423565,0.2779559546717982,0.0
3543238,Ribeirão dos Índios - SP,2025,1224,64,1,736,0,60.44444444444444,3.1604938271604937,36.34567901234568,39.50617283950617,0.04938271604938271,0.0
3543253,Ribeirão Grande - SP,7450,5264,123,29,2029,5,70.65771812080537,1.651006711409396,27.23489932885906,28.88590604026846,0.38926174496644295,0.06711409395973154
3543303,Ribeirão Pires - SP,115559,65501,8336,1145,40382,194,56.68186813662285,7.2136311321489455,34.94491991104111,42.15855104319006,0.9908358500852379,0.1678796112808176
3543402,Ribeirão Preto - SP,698642,444608,56201,5498,191693,594,63.638888014176075,8.044320267032328,27.43794389687422,35.48226416390655,0.7869552646419768,0.08502208570340747
3543501,Riversul - SP,5599,3840,154,6,1597,2,68.5836756563672,2.75049115913556,28.5229505268798,31.27344168601536,0.10716199321307376,0.03572066440435792
3543600,Rifaina - SP,4049,2626,180,2,1240,1,64.85551988145221,4.445542109162756,30.624845640898986,35.07038775006174,0.04939491232403063,0.024697456162015314
3543709,Rincão - SP,9098,5083,645,25,3342,3,55.86942185095626,7.089470213233677,36.733347988568916,43.82281820180259,0.2747856671795999,0.03297428006155199
3543808,Rinópolis - SP,9259,5218,355,116,3565,4,56.35597796738308,3.83410735500594,38.50307808618641,42.337185441192354,1.2528350793822227,0.043201209633869746
3543907,Rio Claro - SP,201418,136235,13263,787,50989,128,67.63794695608138,6.584813671072099,25.315016532782572,31.89983020385467,0.39072972624095165,0.06354943450932886
3544004,Rio das Pedras - SP,31328,17862,2043,37,11373,13,57.01608784473953,6.52132277834525,36.30298774259448,42.82431052093973,0.11810520939734423,0.041496424923391215
3544103,Rio Grande da Serra - SP,44170,18924,4734,175,20290,46,42.843558976681,10.717681684401176,45.9361557618293,56.653837446230476,0.39619651347068147,0.10414308354086484
3544202,Riolândia - SP,10309,4418,818,85,4985,3,42.855757105441846,7.93481423998448,48.35580560675138,56.290619846735865,0.8245222621010767,0.029100785721214474
3544251,Rosana - SP,17440,7691,1186,98,8429,36,44.09977064220183,6.8004587155963305,48.331422018348626,55.13188073394495,0.5619266055045872,0.20642201834862386
3544301,Roseira - SP,10832,6214,572,34,4006,6,57.36706056129985,5.280649926144756,36.98301329394387,42.263663220088624,0.31388478581979323,0.055391432791728215
3544400,Rubiácea - SP,2700,1315,146,23,1205,11,48.7037037037037,5.407407407407407,44.629629629629626,50.03703703703703,0.8518518518518519,0.4074074074074074
3544509,Rubinéia - SP,3833,2220,170,35,1408,0,57.91807983302896,4.4351682755022175,36.73362901121837,41.16879728672059,0.9131228802504565,0.0
3544608,Sabino - SP,5112,3163,181,15,1751,2,61.87402190923318,3.5406885758998436,34.2527386541471,37.793427230046944,0.2934272300469484,0.03912363067292645
3544707,Sagres - SP,2474,1102,149,19,1200,4,44.54324979789814,6.022635408245756,48.504446240905416,54.52708164915117,0.7679870654810024,0.16168148746968472
3544806,Sales - SP,6437,4280,243,6,1906,2,66.4906012117446,3.7750504893583967,29.610066801304956,33.38511729066335,0.09321112319403449,0.031070374398011497
3544905,Sales Oliveira - SP,11411,8144,483,34,2747,3,71.36973096135308,4.232757865217772,24.073262641311015,28.30602050652879,0.29795811059503985,0.026290421523091755
3545001,Salesópolis - SP,15202,11369,395,107,3327,4,74.78621234048151,2.598342323378503,21.885278252861465,24.483620576239968,0.703854755953164,0.026312327325351926
3545100,Salmourão - SP,4808,2048,270,8,2482,0,42.59567387687188,5.615640599001664,51.62229617304492,57.23793677204659,0.16638935108153077,0.0
3545159,Saltinho - SP,8161,6368,277,5,1506,4,78.02965322877098,3.394191888248989,18.453620879794144,21.847812768043134,0.061267001592942044,0.049013601274353634
3545209,Salto - SP,134319,84794,9218,623,39605,75,63.128820196695926,6.86276699498954,29.485776397977947,36.348543392967485,0.46382120176594527,0.05583722332655842
3545308,Salto de Pirapora - SP,43748,28028,2274,248,13164,34,64.0669287738868,5.197951906372863,30.09051842369937,35.28847033007223,0.5668830575112005,0.07771783852976136
3545407,Salto Grande - SP,9050,5898,448,39,2659,6,65.17127071823204,4.9502762430939224,29.38121546961326,34.331491712707184,0.430939226519337,0.06629834254143646
3545506,Sandovalina - SP,3645,1420,319,8,1896,2,38.95747599451303,8.751714677640603,52.016460905349795,60.768175582990395,0.2194787379972565,0.05486968449931413
3545605,Santa Adélia - SP,14018,9397,616,38,3958,9,67.03524040519332,4.394350121272649,28.235126266229134,32.62947638750178,0.27108003994863744,0.06420316735625624
3545704,Santa Albertina - SP,6393,3920,337,71,2053,12,61.317065540434854,5.271390583450649,32.11324886594713,37.384639449397774,1.11058970749257,0.18770530267480057
3545803,Santa Bárbara d'Oeste - SP,183347,119959,10253,525,52531,77,65.42730451002744,5.592128586778077,28.651136915248134,34.24326550202621,0.28634229084740953,0.041996869324286736
3546009,Santa Branca - SP,13975,9104,737,31,4098,5,65.14490161001788,5.273703041144902,29.323792486583184,34.597495527728086,0.22182468694096602,0.03577817531305903
3546108,Santa Clara d'Oeste - SP,2598,1533,129,6,930,0,59.006928406466514,4.965357967667437,35.79676674364896,40.762124711316396,0.23094688221709006,0.0
3546207,Santa Cruz da Conceição - SP,4277,3379,111,7,776,4,79.0039747486556,2.5952770633621696,18.143558569090484,20.738835632452652,0.16366612111292964,0.09352349777881692
3546256,Santa Cruz da Esperança - SP,2116,1348,139,4,625,0,63.705103969754255,6.568998109640832,29.53686200378072,36.10586011342155,0.1890359168241966,0.0
3546306,Santa Cruz das Palmeiras - SP,28864,15810,2152,41,10842,19,54.77411308203991,7.455654101995566,37.562361419068736,45.0180155210643,0.14204545454545456,0.0658259423503326
3546405,Santa Cruz do Rio Pardo - SP,46442,33923,1952,232,10311,24,73.04379656345549,4.203092028767064,22.201886223676844,26.404978252443907,0.49954782309116746,0.05167736100943112
3546504,Santa Ernestina - SP,6118,2875,437,7,2794,5,46.99248120300752,7.142857142857143,45.6685191238967,52.81137626675385,0.11441647597254005,0.08172605426610004
3546603,Santa Fé do Sul - SP,34794,23022,1357,524,9861,30,66.1665804449043,3.900097717997356,28.341093291946887,32.241191009944245,1.50600678277864,0.0862217623728229
3546702,Santa Gertrudes - SP,23611,13564,1520,21,8488,16,57.447799754351784,6.437677353775783,35.9493456439795,42.38702299775528,0.08894159501927068,0.06776502477658719
3546801,Santa Isabel - SP,53174,32652,3117,496,16873,36,61.405950276450895,5.861887388573363,31.73167337420544,37.5935607627788,0.9327867002670478,0.06770226050325347
3546900,Santa Lúcia - SP,7149,3907,615,12,2614,1,54.651000139879706,8.602601762484264,36.5645544831445,45.16715624562876,0.1678556441460344,0.013987970345502868
3547007,Santa Maria da Serra - SP,5243,2958,328,9,1944,4,56.41808125119206,6.255960328056457,37.078008773602896,43.33396910165935,0.17165744802593935,0.07629219912263971
3547106,Santa Mercedes - SP,2956,1548,175,24,1208,1,52.368064952638704,5.920162381596753,40.8660351826793,46.78619756427605,0.8119079837618404,0.03382949932341001
3547205,Santana da Ponte Pensa - SP,1670,1195,46,13,416,0,71.55688622754491,2.754491017964072,24.910179640718564,27.664670658682635,0.7784431137724551,0.0
3547304,Santana de Parnaíba - SP,154105,84689,11178,1484,56579,166,54.95538756042958,7.253495992991791,36.71457772298108,43.96807371597288,0.9629797865091982,0.10771876318094806
3547403,Santa Rita d'Oeste - SP,2733,1999,92,44,598,0,73.14306622758873,3.3662641785583607,21.880717160629345,25.246981339187705,1.6099524332235637,0.0
3547502,Santa Rita do Passa Quatro - SP,24833,17620,1465,45,5688,15,70.95397253654411,5.899408045745581,22.905005436314582,28.804413482060163,0.18121048604679257,0.06040349534893086
3547601,Santa Rosa de Viterbo - SP,23411,13814,1654,35,7894,14,59.006449959420785,7.065054888727521,33.719191832899064,40.78424672162659,0.14950237068044936,0.059800948272179744
3547650,Santa Salete - SP,1645,1269,34,6,336,0,77.14285714285714,2.066869300911854,20.425531914893618,22.492401215805472,0.364741641337386,0.0
3547700,Santo Anastácio - SP,17963,10955,865,259,5876,8,60.98647219284084,4.815453988754663,32.71168513054612,37.527139119300784,1.4418526972109336,0.044535990647441966
3547809,Santo André - SP,748919,487984,48132,9779,202332,630,65.15844837692728,6.42686325223422,27.01653983942189,33.44340309165611,1.3057486857724268,0.08412124675699241
3547908,Santo Antônio da Alegria - SP,6775,4385,313,2,2073,0,64.72324723247233,4.619926199261992,30.59778597785978,35.21771217712177,0.02952029520295203,0.0
3548005,Santo Antônio de Posse - SP,23244,14196,1225,59,7761,2,61.07382550335571,5.270177250043022,33.38926174496644,38.65943899500946,0.2538289451041129,0.008604371020478403
3548054,Santo Antônio do Aracanguá - SP,8379,3674,586,55,4055,9,43.84771452440626,6.993674662847595,48.39479651509727,55.388471177944865,0.6564029120420097,0.10741138560687433
3548104,Santo Antônio do Jardim - SP,6126,4560,252,5,1307,2,74.43682664054849,4.113614103819785,21.335292197192295,25.44890630101208,0.08161932745674176,0.0326477309826967
3548203,Santo Antônio do Pinhal - SP,7133,5686,157,85,1197,8,79.71400532735174,2.201037431655685,16.78115799803729,18.982195429692975,1.1916444693677275,0.11215477358755083
3548302,Santo Expedito - SP,3000,1482,157,24,1330,7,49.4,5.233333333333333,44.333333333333336,49.56666666666667,0.8,0.23333333333333334
3548401,Santópolis do Aguapeí - SP,3899,1641,317,79,1857,5,42.087714798666326,8.130289817902026,47.62759681969736,55.757886637599384,2.026160553988202,0.12823800974608873
3548500,Santos - SP,418608,282641,28016,4290,103273,364,67.51925429041012,6.692657569850552,24.67057485762336,31.363232427473914,1.0248251347322554,0.08695485991667622
3548609,São Bento do Sapucaí - SP,11674,9309,279,19,2065,2,79.7413054651362,2.3899263320198734,17.688881274627377,20.07880760664725,0.16275483981497343,0.01713208840157615
3548708,São Bernardo do Campo - SP,810729,477984,58608,11702,261363,1043,58.95730879245716,7.229049411085579,32.23802281650219,39.467072227587764,1.4433923049502362,0.12864964741609095
3548807,São Caetano do Sul - SP,165655,131449,6056,3326,24631,186,79.35106093990522,3.6557906492408923,14.86885394343666,18.524644592677554,2.0077872687211373,0.11228154900244484
3548906,São Carlos - SP,254857,170822,18125,1977,63589,322,67.02660707769455,7.111831340712635,24.95085479308004,32.062686133792674,0.7757291343773175,0.12634536230121204
3549003,São Francisco - SP,2602,1781,103,5,710,3,68.44734819369715,3.9584934665641813,27.286702536510376,31.245196003074557,0.1921598770176787,0.11529592621060722
3549102,São João da Boa Vista - SP,92547,69103,5195,182,18040,27,74.6680065264136,5.613364020443666,19.4927982538602,25.106162274303866,0.19665683382497542,0.0291743654575513
3549201,São João das Duas Pontes - SP,2580,1445,101,2,1032,0,56.007751937984494,3.9147286821705425,40.0,43.91472868217054,0.07751937984496124,0.0
3549250,São João de Iracema - SP,1846,850,148,2,846,0,46.04550379198267,8.017334777898158,45.82881906825569,53.84615384615385,0.10834236186348863,0.0
3549300,São João do Pau d'Alho - SP,2242,1473,123,6,640,0,65.70026761819804,5.486173059768064,28.545941123996432,34.0321141837645,0.26761819803746656,0.0
3549409,São Joaquim da Barra - SP,48558,26405,5004,160,16959,29,54.378269286214426,10.305202026442604,34.92524403805758,45.230446064500185,0.32950286255611844,0.05972239383829647
3549508,São José da Bela Vista - SP,7626,3891,601,16,3117,1,51.0228166797797,7.880933648046158,40.87332808811959,48.75426173616575,0.2098085496984002,0.013113034356150013
3549607,São José do Barreiro - SP,3853,2389,198,1,1264,1,62.003633532312485,5.138852841941344,32.80560602128212,37.94445886322346,0.025953802232026993,0.025953802232026993
3549706,São José do Rio Pardo - SP,52205,35477,3046,89,13584,9,67.95709223254478,5.834690163777416,26.0204961210612,31.855186284838616,0.17048175462120488,0.01723972799540274
3549805,São José do Rio Preto - SP,480393,324417,28265,4079,123316,309,67.53158351599627,5.883724367340906,25.669816171343047,31.553540538683954,0.8490964689327279,0.0643223360873285
3549904,São José dos Campos - SP,697054,462603,43136,9008,181647,629,66.36544657946156,6.1883297420285945,26.059243616706883,32.24757335873548,1.2922958623004817,0.09023691134402786
3549953,São Lourenço da Serra - SP,16067,8762,982,211,6100,11,54.534138295885974,6.1119063919835686,37.96601730254559,44.077923694529154,1.3132507624323146,0.06846330988983632
3550001,São Luiz do Paraitinga - SP,10337,7697,297,22,2312,6,74.46067524426816,2.8731740350198316,22.366257134565153,25.239431169584986,0.21282770629776532,0.05804391989939054
3550100,São Manuel - SP,37289,24374,2252,96,10558,9,65.36512108128403,6.039314543162863,28.313979994100137,34.353294537263,0.2574485773284347,0.02413580412454075
3550209,São Miguel Arcanjo - SP,32039,21320,720,898,9067,34,66.54389962233527,2.2472611504728612,28.299884515746434,30.547145666219297,2.8028340460064296,0.10612066543899622
3550308,São Paulo - SP,11451999,6214422,1160073,238603,3820326,17727,54.26495409229428,10.129873395902322,33.35946850851105,43.48934190441337,2.083505246551279,0.15479393597571917
3550407,São Pedro - SP,38256,27103,1408,265,9452,25,70.84640317858637,3.6804684232538687,24.70723546633208,28.38770388958595,0.6927017984107068,0.06534922626516101
3550506,São Pedro do Turvo - SP,7217,5037,262,13,1905,0,69.79354302341693,3.6303173063599834,26.39600942219759,30.026326728557574,0.18013024802549535,0.0
3550605,São Roque - SP,79484,47907,5132,653,25693,95,60.27250767450053,6.456645362588697,32.32474460268733,38.78138996527603,0.8215489909918977,0.11952090986865281
3550704,São Sebastião - SP,81595,38747,7492,448,34443,457,47.4869783687726,9.181935167596054,42.21214535204363,51.39408051963968,0.549053250811937,0.5600833384398554
3550803,São Sebastião da Grama - SP,10441,7148,631,2,2655,5,68.4608753950771,6.043482425055071,25.42859879321904,31.472081218274113,0.019155253328225267,0.047888133320563166
3550902,São Simão - SP,13442,8480,1118,26,3815,3,63.08585031989287,8.317214700193423,28.381193274810297,36.69840797500372,0.19342359767891681,0.022318107424490405
3551009,São Vicente - SP,329911,152308,35674,1149,140333,427,46.16639032951311,10.813219322787054,42.53662351361428,53.349842836401336,0.34827574709542874,0.12942884596148657
3551108,Sarapuí - SP,10369,7208,321,43,2786,9,69.5149001832385,3.095766226251326,26.868550487028642,29.964316713279967,0.41469765647603435,0.08679718391358858
3551207,Sarutaiá - SP,3704,2709,117,5,869,4,73.13714902807776,3.1587473002159827,23.46112311015119,26.61987041036717,0.13498920086393087,0.1079913606911447
3551306,Sebastianópolis do Sul - SP,3130,2080,175,2,872,1,66.45367412140575,5.5910543130990416,27.859424920127797,33.45047923322684,0.06389776357827476,0.03194888178913738
3551405,Serra Azul - SP,12746,6222,1177,15,5329,3,48.81531460850463,9.234269574768556,41.809195041581674,51.04346461635023,0.11768397928761964,0.02353679585752393
3551504,Serrana - SP,43909,20377,4088,60,19371,13,46.40734245826596,9.310164203238516,44.116240406294835,53.42640460953335,0.13664624564440092,0.029606686556286867
3551603,Serra Negra - SP,29894,22776,1012,94,5993,19,76.18920184652438,3.3852947079681543,20.047501170803507,23.43279587877166,0.3144443701077139,0.06355790459624004
3551702,Sertãozinho - SP,126887,65404,10870,345,50186,78,51.54507553965339,8.566677437404936,39.55172712728648,48.11840456469142,0.27189546604459086,0.06147201841008141
3551801,Sete Barras - SP,12730,5788,708,129,5984,118,45.467399842890806,5.56166535742341,47.007069913589945,52.56873527101335,1.0133542812254517,0.9269442262372348
3551900,Severínia - SP,14576,7260,924,7,6383,2,49.80790340285401,6.339187705817783,43.79116355653129,50.13035126234907,0.048024149286498355,0.013721185510428101
3552007,Silveiras - SP,6186,3905,351,2,1927,1,63.12641448431943,5.6741028128031035,31.150986097639834,36.825088910442936,0.032331070158422244,0.016165535079211122
3552106,Socorro - SP,40122,31952,1023,170,6959,18,79.63710682418623,2.5497233438014058,17.344598973131948,19.894322316933355,0.42370769154080057,0.04486316733961418
3552205,Sorocaba - SP,723682,481744,43713,7887,189652,635,66.56846515458447,6.040360268736821,26.206538230880415,32.24689849961724,1.0898433289759868,0.08774572256875257
3552304,Sud Mennucci - SP,7355,3765,329,30,3231,0,51.18966689326989,4.473147518694765,43.9292997960571,48.40244731475187,0.4078857919782461,0.0
3552403,Sumaré - SP,279545,146872,22720,1367,108383,188,52.539662666118154,8.127492890232341,38.77121751417482,46.89871040440716,0.48900892521776457,0.06725214187340142
3552502,Suzano - SP,307429,143734,29917,6824,126648,293,46.75355935842097,9.731352604991722,41.19585335150555,50.92720595649727,2.219699507853846,0.09530655858751126
3552551,Suzanápolis - SP,3408,1587,161,15,1645,0,46.566901408450704,4.724178403755869,48.26877934272301,52.99295774647888,0.44014084507042256,0.0
3552601,Tabapuã - SP,11323,7612,452,18,3236,5,67.22600017663163,3.991874944802614,28.578998498631105,32.57087344343372,0.15896847125320146,0.04415790868144485
3552700,Tabatinga - SP,14769,9267,587,41,4868,6,62.74629291082673,3.9745412688739927,32.96093168122419,36.93547295009818,0.27760850429954637,0.040625634775543366
3552809,Taboão da Serra - SP,273542,127274,33985,2434,109494,336,46.528138274926704,12.424051882343479,40.02822235707862,52.452274239422096,0.8898085120383707,0.12283305671523934
3552908,Taciba - SP,6260,3364,305,14,2561,16,53.73801916932907,4.872204472843451,40.91054313099041,45.78274760383386,0.22364217252396165,0.25559105431309903
3553005,Taguaí - SP,12669,9548,261,32,2810,18,75.36506433025495,2.0601468150603837,22.180124713868498,24.240271528928883,0.2525850501223459,0.14207909069381955
3553104,Taiaçu - SP,5677,3483,290,14,1887,3,61.35282719746345,5.108331865421878,33.23938700017615,38.347718865598026,0.2466091245376079,0.05284481240091598
3553203,Taiúva - SP,6548,4276,345,46,1876,5,65.30238240684179,5.268784361637141,28.64996945632254,33.91875381795968,0.7025045815516188,0.07635919364691508
3553302,Tambaú - SP,21435,13395,1243,27,6751,18,62.491252624212734,5.798926988570096,31.495218101236297,37.29414508980639,0.12596221133659902,0.08397480755773268
3553401,Tanabi - SP,25265,16819,1246,70,7120,9,66.57035424500297,4.931723728478132,28.181278448446466,33.113002176924596,0.2770631308133782,0.03562240253314863
3553500,Tapiraí - SP,7996,4456,457,160,2776,147,55.727863931965985,5.715357678839419,34.71735867933967,40.432716358179086,2.001000500250125,1.8384192096048024
3553609,Tapiratiba - SP,11816,7026,714,10,4060,6,59.46174678402166,6.042654028436019,34.360189573459714,40.40284360189573,0.08463100880162491,0.05077860528097495
3553658,Taquaral - SP,2619,1581,155,17,866,0,60.36655211912944,5.918289423444063,33.066055746468116,38.98434516991218,0.649102710958381,0.0
3553708,Taquaritinga - SP,52260,32260,2969,409,16588,34,61.729812476081136,5.681209337925756,31.741293532338307,37.42250287026406,0.7826253348641409,0.06505931879066207
3553807,Taquarituba - SP,24350,16456,762,124,6985,23,67.58110882956879,3.1293634496919918,28.68583162217659,31.81519507186858,0.5092402464065708,0.0944558521560575
3553856,Taquarivaí - SP,6876,4556,150,35,2125,10,66.25945317044794,2.181500872600349,30.90459569517161,33.08609656777196,0.5090168702734148,0.14543339150668994
3553906,Tarabai - SP,6536,2856,476,117,3085,2,43.696450428396574,7.282741738066095,47.200122399020806,54.4828641370869,1.7900856793145654,0.030599755201958383
3553955,Tarumã - SP,14882,8356,788,19,5714,5,56.14836715495229,5.294987232898804,38.39537696546163,43.690364198360435,0.12767101196075797,0.03359763472651525
3554003,Tatuí - SP,123942,87508,5122,582,30597,133,70.60399218989528,4.132578141388714,24.68654693324297,28.819125074631682,0.46957447838505106,0.10730825708799277
3554102,Taubaté - SP,310739,217190,15384,1949,75966,242,69.89467044690238,4.950778627722944,24.4468830755071,29.397661703230042,0.6272144790322425,0.07787886296860067
3554201,Tejupá - SP,4127,2905,108,7,1103,4,70.39011388417737,2.6169130118730313,26.726435667555126,29.343348679428157,0.1696147322510298,0.0969227041434456
3554300,Teodoro Sampaio - SP,22173,9804,1390,162,10804,13,44.2159383033419,6.268885581563162,48.72592793036576,54.994813511928925,0.7306183195778649,0.058629865151310155
3554409,Terra Roxa - SP,7904,4891,416,67,2526,4,61.88006072874494,5.2631578947368425,31.958502024291498,37.22165991902834,0.8476720647773279,0.05060728744939271
3554508,Tietê - SP,37663,26061,2191,104,9293,12,69.19523139420652,5.817380452964448,24.6740833178451,30.491463770809546,0.27613307490109656,0.03186150864243422
3554607,Timburi - SP,2464,1866,73,1,522,2,75.73051948051948,2.9626623376623376,21.185064935064936,24.147727272727273,0.040584415584415584,0.08116883116883117
3554656,Torre de Pedra - SP,2046,1489,89,8,460,0,72.7761485826002,4.349951124144672,22.482893450635387,26.83284457478006,0.39100684261974583,0.0
3554706,Torrinha - SP,9335,7050,257,6,2021,0,75.52222817354044,2.75307980717729,21.649705409748258,24.402785216925547,0.06427423674343867,0.0
3554755,Trabiju - SP,1682,850,117,2,709,4,50.535077288941736,6.956004756242568,42.15219976218787,49.10820451843044,0.11890606420927467,0.23781212841854935
3554805,Tremembé - SP,51173,33113,2682,298,14868,57,64.70795145877709,5.241045082367655,29.054384147890488,34.295429230258144,0.582338342485295,0.11138686416665038
3554904,Três Fronteiras - SP,6804,4169,390,50,2188,7,61.27278071722516,5.731922398589065,32.1575543797766,37.88947677836566,0.7348618459729571,0.102880658436214
3554953,Tuiuti - SP,6778,4470,222,47,2037,2,65.94865742106816,3.2753024491000295,30.053113012688108,33.32841546178814,0.6934198878725287,0.029507229271171435
3555000,Tupã - SP,63928,37891,2802,1543,21604,88,59.271367788762355,4.3830559379301715,33.79426855212114,38.17732449005131,2.4136528594669002,0.13765486171943436
3555109,Tupi Paulista - SP,15854,10718,576,192,4363,5,67.60439005929103,3.6331525167150245,27.519868802825787,31.153021319540812,1.2110508389050083,0.03153778226315126
3555208,Turiúba - SP,1818,1244,111,5,456,2,68.42684268426842,6.105610561056106,25.082508250825082,31.18811881188119,0.27502750275027504,0.11001100110011001
3555307,Turmalina - SP,1669,1249,66,3,351,0,74.83523067705212,3.9544637507489515,21.030557219892152,24.985020970641102,0.17974835230677053,0.0
3555356,Ubarana - SP,5365,2823,286,10,2242,4,52.618825722273996,5.3308480894687795,41.78937558247903,47.12022367194781,0.1863932898415657,0.07455731593662628
3555406,Ubatuba - SP,92981,49447,7364,698,34925,546,53.17968187048967,7.919897613490928,37.56143728288575,45.48133489637668,0.7506910013873802,0.5872167432056011
3555505,Ubirajara - SP,5132,3181,145,10,1796,0,61.98363211223695,2.8254091971940762,34.99610288386594,37.821512081060014,0.19485580670303976,0.0
3555604,Uchoa - SP,10394,6898,480,11,3004,1,66.3652106984799,4.6180488743505865,28.901289205310757,33.519338079661345,0.10583028670386761,0.009620935154897056
3555703,União Paulista - SP,1603,890,141,4,568,0,55.520898315658144,8.796007485963818,35.433562071116654,44.229569557080474,0.2495321272613849,0.0
3555802,Urânia - SP,8833,5855,224,137,2615,2,66.28552020830975,2.535944752632175,29.60489075059436,32.14083550322653,1.5510019246009283,0.022642363862787274
3555901,Uru - SP,1387,1002,58,0,327,0,72.2422494592646,4.18168709444845,23.576063446286952,27.7577505407354,0.0,0.0
3556008,Urupês - SP,13744,10060,389,20,3256,19,73.19557625145518,2.830325960419092,23.69033760186263,26.520663562281722,0.14551804423748546,0.13824214202561116
3556107,Valentim Gentil - SP,14098,8618,629,64,4779,8,61.12923818981416,4.461625762519506,33.89842530855441,38.36005107107391,0.45396510143282737,0.05674563767910342
3556206,Valinhos - SP,126373,91590,5496,1153,28051,83,72.47592444588638,4.349030251715161,22.196988280724522,26.546018532439682,0.912378435267027,0.06567858640690653
3556305,Valparaíso - SP,24241,10502,1938,141,11654,5,43.32329524359556,7.994719689781775,48.07557443999835,56.07029412978012,0.581659172476383,0.02062621178994266
3556354,Vargem - SP,10512,7243,440,56,2773,0,68.90220700152207,4.185692541856925,26.37937595129376,30.565068493150683,0.532724505327245,0.0
3556404,Vargem Grande do Sul - SP,40133,27659,1953,69,10439,12,68.9183464978945,4.866319487703386,26.011013380509805,30.87733286821319,0.17192833827523485,0.02990058056960606
3556453,Vargem Grande Paulista - SP,50415,28637,3538,1053,17152,34,56.80253892690668,7.017752652980263,34.02162054943965,41.03937320241992,2.0886640880690273,0.06744024595854409
3556503,Várzea Paulista - SP,115771,62915,9124,240,43426,59,54.344352212557546,7.88107557160256,37.510257318326694,45.39133288992925,0.20730580197113266,0.050962676317903445
3556602,Vera Cruz - SP,10176,5535,520,62,4055,4,54.39268867924528,5.110062893081761,39.84866352201258,44.95872641509434,0.6092767295597484,0.03930817610062893
3556701,Vinhedo - SP,76540,52274,4248,725,19247,44,68.2963156519467,5.550039195192056,25.146328717010714,30.69636791220277,0.9472171413639927,0.05748628168278024
3556800,Viradouro - SP,17414,10968,815,96,5522,12,62.98380613299644,4.680142414149535,31.71011829562421,36.39026070977374,0.5512805788446078,0.06891007235557597
3556909,Vista Alegre do Alto - SP,8109,4235,609,20,3244,1,52.225921815266986,7.510173880873104,40.00493279072635,47.515106671599455,0.24663953631767171,0.012331976815883586
3556958,Vitória Brasil - SP,1794,1033,110,9,642,0,57.58082497212932,6.131549609810479,35.785953177257525,41.917502787068,0.5016722408026756,0.0
3557006,Votorantim - SP,127923,87490,6353,746,33247,80,68.3927049865935,4.96626877105759,25.9898532711084,30.95612204216599,0.5831633091781775,0.06253762028720403
3557105,Votuporanga - SP,96634,64359,4999,881,26340,50,66.60078233334023,5.1731274706625,27.257487012852618,32.430614483515114,0.9116873978102945,0.05174162303123124
3557154,Zacarias - SP,2692,1616,99,37,940,0,60.0297176820208,3.677563150074294,34.91827637444279,38.59583952451708,1.37444279346211,0.0
3557204,Chavantes - SP,12211,7461,784,35,3928,3,61.10064695766113,6.4204405863565635,32.1677176316436,38.58815821800016,0.28662681189091804,0.024568012447792973
3557303,Estiva Gerbi - SP,11295,7994,433,28,2829,11,70.77467906153166,3.8335546702080565,25.046480743691898,28.880035413899954,0.2478972996901284,0.09738822487826472
4100103,Abatiá - PR,7241,4473,277,45,2339,107,61.77323574091976,3.825438475348709,32.30216820881094,36.12760668415965,0.6214611241541224,1.4776964507664687
4100202,Adrianópolis - PR,6256,2686,475,7,3062,26,42.93478260869565,7.592710997442455,48.94501278772378,56.537723785166236,0.1118925831202046,0.4156010230179028
4100301,Agudos do Sul - PR,10233,6714,276,7,3225,11,65.61125769569041,2.6971562591615363,31.51568454998534,34.212840809146876,0.06840613700772012,0.10749535815498876
4100400,Almirante Tamandaré - PR,119825,74721,5229,268,39536,70,62.358439390778216,4.3638639682870854,32.994784060087625,37.35864802837471,0.22365950344252034,0.05841852701856875
4100459,Altamira do Paraná - PR,3590,1612,141,14,1822,1,44.9025069637883,3.9275766016713094,50.75208913649025,54.67966573816156,0.38997214484679665,0.027855153203342618
4100509,Altônia - PR,18742,11032,626,87,6980,17,58.86244797780386,3.3400917724895955,37.242556824245014,40.58264859673461,0.4641980578380109,0.09070536762351937
4100608,Alto Paraná - PR,13909,7383,789,117,5609,11,53.08073908979797,5.672586095333957,40.32640736213962,45.998993457473574,0.8411819685095981,0.0790854842188511
4100707,Alto Piquiri - PR,9727,4328,679,19,4693,8,44.494705459031564,6.980569548678935,48.24714711627429,55.22771666495323,0.19533257941811452,0.08224529659710085
4100806,Alvorada do Sul - PR,10326,6021,637,87,3572,9,58.30912260313771,6.168894053844664,34.59229130350571,40.76118535735037,0.84253341080767,0.08715862870424172
4100905,Amaporã - PR,4762,1737,459,10,2554,2,36.47627047459051,9.638807223855522,53.63292734145317,63.27173456530869,0.20999580008399832,0.041999160016799666
4101002,Ampére - PR,19620,14588,355,5,4666,6,74.35270132517839,1.8093781855249744,23.781855249745156,25.59123343527013,0.0254841997961264,0.03058103975535168
4101051,Anahy - PR,2918,1548,176,12,1182,0,53.05003427004798,6.031528444139822,40.50719671007539,46.538725154215214,0.41124057573680606,0.0
4101101,Andirá - PR,19878,13249,930,171,5507,21,66.65157460509106,4.67853908843948,27.703994365630344,32.38253345406982,0.86024750980984,0.1056444310292786
4101150,Ângulo - PR,3235,2065,131,5,1034,0,63.83307573415765,4.049459041731066,31.962905718701702,36.01236476043277,0.1545595054095827,0.0
4101200,Antonina - PR,18091,11152,685,60,6157,36,61.64391133712896,3.786413133602344,34.033497319108946,37.81991045271129,0.3316566248410812,0.1989939749046487
4101309,Antônio Olinto - PR,7018,5384,117,0,1507,10,76.71701339412938,1.6671416357936735,21.473354231974923,23.140495867768596,0.0,0.14249073810202337
4101408,Apucarana - PR,130134,79366,6712,1567,42402,86,60.98790477507799,5.157760462292714,32.583337175526765,37.74109763781948,1.2041434213964068,0.06608572701984108
4101507,Arapongas - PR,119138,79415,4737,1613,33304,66,66.65799325152345,3.9760613742047037,27.954137219023316,31.93019859322802,1.353892125098625,0.05539794188252279
4101606,Arapoti - PR,25777,15676,1108,46,8924,21,60.813903867789115,4.2984055553400315,34.62001008651123,38.91841564185126,0.17845366023974862,0.08146797532684176
4101655,Arapuã - PR,3527,1983,113,26,1403,2,56.22341933654664,3.203855968244967,39.77884888006805,42.98270484831301,0.7371703997731783,0.05670541536716756
4101705,Araruna - PR,14485,9043,525,20,4882,15,62.430100103555404,3.6244390749050743,33.70383154987918,37.32827062478426,0.1380738695201933,0.10355540214014498
4101804,Araucária - PR,151666,94668,7698,439,48728,124,62.41873590653146,5.075626706051455,32.128492872496146,37.204119578547605,0.2894518217662495,0.0817586011367083
4101853,Ariranha do Ivaí - PR,2329,1376,105,7,836,5,59.081150708458566,4.508372692142551,35.895234006011165,40.403606698153716,0.30055817947617003,0.21468441391155002
4101903,Assaí - PR,13797,6273,778,1581,5164,1,45.46640574037834,5.638907008770023,37.42842646952236,43.06733347829238,11.459012828875842,0.007247952453431905
4102000,Assis Chateaubriand - PR,36808,21362,1597,411,13396,39,58.03629645729189,4.338730710715062,36.3942621169311,40.732992827646164,1.116605085850902,0.10595522712453814
4102109,Astorga - PR,25475,16483,1015,251,7718,5,64.702649656526,3.984298331697743,30.296368989205103,34.28066732090284,0.985279685966634,0.019627085377821395
4102208,Atalaia - PR,3980,2514,188,19,1257,2,63.165829145728644,4.723618090452261,31.582914572864322,36.30653266331658,0.47738693467336685,0.05025125628140704
4102307,Balsa Nova - PR,13395,9388,368,25,3584,29,70.08585293019783,2.74729376633072,26.75625233296006,29.50354609929078,0.1866368047779022,0.21649869354236656
4102406,Bandeirantes - PR,31273,18647,2413,538,9651,22,59.62651488504461,7.715921082083587,30.860486681802193,38.57640776388578,1.7203338342979566,0.07034822370735139
4102505,Barbosa Ferraz - PR,10795,5158,791,36,4797,13,47.78138026864289,7.327466419638721,44.43723946271422,51.76470588235294,0.333487725798981,0.12042612320518759
4102604,Barracão - PR,9759,6259,290,11,3181,18,64.13566963828261,2.9716159442565835,32.59555282303515,35.56716876729173,0.1127164668511118,0.18444512757454656
4102703,Barra do Jacaré - PR,2814,1911,121,16,763,3,67.91044776119404,4.299928926794599,27.114427860696516,31.414356787491116,0.5685856432125089,0.10660980810234541
4102752,Bela Vista da Caroba - PR,4031,2864,90,3,1072,2,71.04936740262961,2.232696601339618,26.59389729595634,28.826593897295957,0.07442322004465393,0.04961548002976929
4102802,Bela Vista do Paraíso - PR,14833,8688,1002,81,5060,2,58.572102743881885,6.755207982201847,34.113126137666015,40.86833411986786,0.5460796871839817,0.013483449066271152
4102901,Bituruna - PR,15533,9500,327,11,5683,12,61.16011073198996,2.1051953904590226,36.58662203051568,38.6918174209747,0.07081697032125153,0.07725487671409258
4103008,Boa Esperança - PR,4558,2714,139,18,1687,0,59.5436594997806,3.049583150504607,37.011847301448,40.06143045195261,0.39491004826678366,0.0
4103024,Boa Esperança do Iguaçu - PR,2455,1751,21,1,682,0,71.32382892057026,0.8553971486761711,27.780040733197556,28.635437881873727,0.04073319755600815,0.0
4103040,Boa Ventura de São Roque - PR,6378,4090,203,4,2078,3,64.12668548134211,3.182815929758545,32.58074631545939,35.76356224521794,0.06271558482282848,0.047036688617121354
4103057,Boa Vista da Aparecida - PR,7924,4900,252,13,2746,13,61.83745583038869,3.1802120141342756,34.65421504290762,37.8344270570419,0.1640585562847047,0.1640585562847047
4103107,Bocaiúva do Sul - PR,13299,8190,352,27,4715,15,61.58357771260997,2.6468155500413566,35.453793518309645,38.100609068351005,0.20302278366794496,0.11279043537108054
4103156,Bom Jesus do Sul - PR,3980,2462,83,1,1433,1,61.85929648241206,2.0854271356783918,36.005025125628144,38.09045226130654,0.02512562814070352,0.02512562814070352
4103206,Bom Sucesso - PR,6581,3108,499,8,2961,5,47.22686521805197,7.582434280504483,44.99316213341437,52.57559641391886,0.1215620726333384,0.0759762953958365
4103222,Bom Sucesso do Sul - PR,3202,2278,64,0,860,0,71.14303560274828,1.9987507807620237,26.858213616489692,28.856964397251716,0.0,0.0
4103305,Borrazópolis - PR,7735,4786,324,107,2512,6,61.87459599224305,4.188752424046542,32.47575953458306,36.6645119586296,1.383322559793148,0.07756948933419522
4103354,Braganey - PR,4854,3153,124,11,1565,1,64.95673671199012,2.554594149155336,32.241450350226614,34.79604449938195,0.22661722290894107,0.020601565718994644
4103370,Brasilândia do Sul - PR,3708,1395,200,21,2092,0,37.62135922330097,5.393743257820928,56.418554476806904,61.81229773462783,0.5663430420711975,0.0
4103404,Cafeara - PR,2627,699,48,6,1874,0,26.608298439284354,1.8271792919680243,71.33612485725162,73.16330414921964,0.22839741149600304,0.0
4103453,Cafelândia - PR,18997,11082,1021,72,6809,12,58.33552666210454,5.374532820971733,35.84250144759699,41.21703426856872,0.37900721166499973,0.06316786861083329
4103479,Cafezal do Sul - PR,4473,2158,201,42,2068,4,48.24502570981444,4.493628437290409,46.232953275206796,50.72658171249721,0.9389671361502347,0.0894254415381176
4103503,Califórnia - PR,8710,5343,372,58,2932,5,61.343283582089555,4.270952927669345,33.662456946039036,37.933409873708385,0.6659012629161883,0.0574052812858783
4103602,Cambará - PR,23212,14807,1548,178,6672,6,63.790280889195245,6.66896432879545,28.743753231087368,35.41271755988282,0.7668447354816474,0.025848698948819575
4103701,Cambé - PR,107208,64147,6730,785,35430,112,59.834154167599436,6.277516603238564,33.047906872621446,39.32542347586001,0.732221476009253,0.10446981568539661
4103800,Cambira - PR,9460,5603,385,27,3442,3,59.22832980972516,4.069767441860465,36.38477801268499,40.45454545454545,0.2854122621564482,0.03171247357293869
4103909,Campina da Lagoa - PR,15723,9275,593,83,5767,5,58.99001462825161,3.771544870571774,36.67875087451504,40.45029574508681,0.5278890796921707,0.03180054696940787
4103958,Campina do Simão - PR,3936,2254,58,1,1621,2,57.266260162601625,1.4735772357723578,41.1839430894309,42.65752032520326,0.02540650406504065,0.0508130081300813
4104006,Campina Grande do Sul - PR,47825,29190,2398,152,16003,82,61.03502352326189,5.01411395713539,33.46157867224255,38.475692629377946,0.3178254051228437,0.17145844223732357
4104055,Campo Bonito - PR,4027,2444,134,5,1444,0,60.690340203625524,3.327539111000745,35.85795877824683,39.18549788924758,0.12416190712689347,0.0
4104105,Campo do Tenente - PR,7508,4975,182,23,2327,1,66.26265316995205,2.4240809802876933,30.99360681939265,33.417687799680344,0.3063399041022909,0.013319126265316995
4104204,Campo Largo - PR,136327,94866,4899,196,36235,130,69.58709573305362,3.593565471256611,26.579474352109266,30.173039823365876,0.14377196006660456,0.09535895310540099
4104253,Campo Magro - PR,30160,18501,1791,46,9801,21,61.34283819628647,5.938328912466844,32.496684350132625,38.43501326259947,0.15251989389920426,0.06962864721485411
4104303,Campo Mourão - PR,99432,60087,4060,877,34272,126,60.430243784697076,4.083192533590796,34.46777697320782,38.550969506798616,0.8820098157534798,0.12671976828385229
4104402,Cândido de Abreu - PR,15244,9991,293,7,4319,634,65.54054054054055,1.9220676987667278,28.332458672264497,30.254526371031226,0.045919706113880875,4.159013382314353
4104428,Candói - PR,14973,7678,565,31,6678,20,51.27896881052561,3.773458892673479,44.60028050490884,48.37373939758232,0.2070393374741201,0.13357376611233554
4104451,Cantagalo - PR,10933,6046,279,9,4592,7,55.30046647763651,2.5519070703375104,42.00128052684533,44.55318759718284,0.08231958291411323,0.06402634226653252
4104501,Capanema - PR,20481,15998,338,12,4123,10,78.11142034080368,1.6503100434549094,20.13085298569406,21.781163029148967,0.058590889116742345,0.04882574093061862
4104600,Capitão Leônidas Marques - PR,14648,9667,529,28,4409,15,65.99535772801748,3.611414527580557,30.099672310213,33.71108683779356,0.19115237575095576,0.10240305843801202
4104659,Carambeí - PR,23283,15623,721,19,6913,7,67.10045956277112,3.0966799811020915,29.691190997723663,32.78787097882575,0.08160460421766955,0.0300648541854572
4104709,Carlópolis - PR,16905,12905,433,347,3203,17,76.33836143152914,2.5613723750369712,18.947057083703047,21.508429458740018,2.0526471458148476,0.10056196391600118
4104808,Cascavel - PR,348051,218931,14410,1725,112730,240,62.901988501685096,4.140197844568756,32.38893150716418,36.529129351732934,0.49561702164337984,0.06895541170690503
4104907,Castro - PR,73075,45971,3004,274,23765,59,62.9093397194663,4.110845022237427,32.52138214163531,36.632227163872734,0.3749572357167294,0.08073896681491619
4105003,Catanduvas - PR,10446,6006,288,15,4135,0,57.49569213095922,2.7570361860999424,39.58452996362244,42.34156614972238,0.14359563469270534,0.0
4105102,Centenário do Sul - PR,10832,5113,825,41,4847,6,47.20273264401772,7.616322008862629,44.74704579025111,52.36336779911374,0.37850812407680945,0.055391432791728215
4105201,Cerro Azul - PR,16134,9988,255,4,5883,4,61.90653278790133,1.5805132019338044,36.46336928226106,38.04388248419487,0.024792363951902815,0.024792363951902815
4105300,Céu Azul - PR,11087,7338,447,33,3251,18,66.18562280147921,4.031748895102372,29.322630107332913,33.35437900243529,0.29764589158473886,0.16235230450076665
4105409,Chopinzinho - PR,21085,13334,490,23,6284,954,63.23926962295471,2.3239269622954706,29.803177614417834,32.12710457671331,0.10908228598529761,4.524543514346692
4105508,Cianorte - PR,79527,51065,3085,739,24587,49,64.21089692808732,3.879185685364719,30.916544066794923,34.795729752159644,0.9292441560727803,0.061614294516327786
4105607,Cidade Gaúcha - PR,11467,4808,689,37,5921,12,41.92901369146246,6.0085462631900235,51.63512688584634,57.64367314903636,0.3226650388070114,0.10464812069416586
4105706,Clevelândia - PR,15070,8586,383,15,5959,124,56.974120769741205,2.5414731254147314,39.54213669542137,42.0836098208361,0.099535500995355,0.822826808228268
4105805,Colombo - PR,232212,140862,12482,577,78030,254,60.660947754638,5.375260537784438,33.602914578057984,38.97817511584242,0.24847983738997123,0.109382805367509
4105904,Colorado - PR,22896,12742,1085,202,8854,12,55.65164220824598,4.738819007686932,38.67051013277428,43.40932914046122,0.8822501747030049,0.05241090146750524
4106001,Congonhinhas - PR,8320,5074,336,37,2869,4,60.98557692307692,4.038461538461538,34.48317307692308,38.52163461538462,0.44471153846153844,0.04807692307692308
4106100,Conselheiro Mairinck - PR,3461,2014,194,16,1225,12,58.19127419820861,5.605316382548397,35.39439468361745,40.999711066165844,0.4622941346431667,0.34672060098237506
4106209,Contenda - PR,19128,13778,378,22,4930,20,72.03053115851108,1.9761606022584692,25.773734838979507,27.749895441237978,0.1150146382266834,0.10455876202425764
4106308,Corbélia - PR,17470,12238,551,27,4647,7,70.05151688609044,3.1539782484258727,26.59988551803091,29.75386376645678,0.15455065827132228,0.04006868918145392
4106407,Cornélio Procópio - PR,45206,28817,2789,953,12617,30,63.74596292527541,6.169535017475557,27.91001194531699,34.07954696279255,2.108127239746936,0.06636287218510817
4106456,Coronel Domingos Soares - PR,5649,2674,194,3,2777,1,47.33581164807931,3.434236147990795,49.15914321118782,52.59337935917861,0.053106744556558685,0.017702248185519562
4106506,Coronel Vivida - PR,23331,15241,643,20,7228,199,65.32510393896533,2.755989884702756,30.98024088123098,33.73623076593373,0.08572285800008572,0.8529424371008529
4106555,Corumbataí do Sul - PR,3760,1659,278,10,1805,8,44.12234042553192,7.3936170212765955,48.005319148936174,55.39893617021277,0.26595744680851063,0.2127659574468085
4106571,Cruzeiro do Iguaçu - PR,4133,2839,114,0,1179,1,68.69102346963464,2.7582869586256957,28.52649407210259,31.284781030728286,0.0,0.024195499637067505
4106605,Cruzeiro do Oeste - PR,23831,11546,1449,224,10591,21,48.44949855230582,6.080315555369057,44.44211321388108,50.52242876925013,0.9399521631488398,0.08812051529520373
4106704,Cruzeiro do Sul - PR,4494,2045,249,128,2071,1,45.50511793502448,5.540720961281709,46.08366711170449,51.6243880729862,2.848242100578549,0.022251891410769914
4106803,Cruz Machado - PR,15978,13426,321,7,2219,5,84.02803855301039,2.009012392039054,13.887845787958442,15.896858179997496,0.04381023907873326,0.0312930279133809
4106852,Cruzmaltina - PR,2892,1803,154,8,926,1,62.344398340248965,5.325034578146611,32.01936376210235,37.344398340248965,0.2766251728907331,0.034578146611341634
4106902,Curitiba - PR,1773718,1320252,71948,23635,355834,1976,74.43415469651883,4.056338155219714,20.06147538673002,24.117813541949733,1.3325117070470052,0.11140440588639232
4107009,Curiúva - PR,13647,8805,657,44,4109,32,64.51967465377005,4.8142448889865905,30.109181505092696,34.923426394079286,0.3224151828240639,0.23448376932659193
4107108,Diamante do Norte - PR,5142,2408,345,150,2236,3,46.830027226760016,6.709451575262544,43.48502528199144,50.19447685725398,2.9171528588098017,0.058343057176196034
4107124,Diamante do Sul - PR,3171,1839,118,10,1199,5,57.994323557237465,3.7212235887732574,37.81141595711132,41.53263954588458,0.315357931251971,0.1576789656259855
4107157,Diamante D'Oeste - PR,4557,2158,219,19,1690,471,47.355716480140444,4.805793285055958,37.085802062760585,41.89159534781654,0.41694096993636165,10.33574720210665
4107207,Dois Vizinhos - PR,44869,31873,935,63,11980,18,71.03568165102855,2.083844079431233,26.699948739664357,28.78379281909559,0.14040874545900286,0.04011678441685797
4107256,Douradina - PR,9161,4973,416,106,3663,3,54.2844667612706,4.540988975002729,39.98471782556489,44.52570680056762,1.1570789215151185,0.0327475166466543
4107306,Doutor Camargo - PR,6327,4162,295,41,1829,0,65.78157104472893,4.662557294136241,28.9078552236447,33.57041251778094,0.6480164374901217,0.0
4107405,Enéas Marques - PR,5999,4221,121,3,1647,7,70.36172695449241,2.017002833805634,27.454575762627105,29.47157859643274,0.050008334722453744,0.11668611435239207
4107504,Engenheiro Beltrão - PR,12454,7005,698,121,4621,8,56.24698891922274,5.604625020073872,37.104544724586475,42.70916974466034,0.9715753974626626,0.06423638991488678
4107520,Esperança Nova - PR,1849,1134,63,1,651,0,61.33044889129259,3.407247160627366,35.208220659816114,38.61546782044348,0.05408328826392644,0.0
4107538,Entre Rios do Oeste - PR,4575,3525,110,5,932,3,77.04918032786885,2.4043715846994536,20.371584699453553,22.775956284153008,0.1092896174863388,0.06557377049180328
4107546,Espigão Alto do Iguaçu - PR,4797,2886,75,3,1497,336,60.16260162601626,1.5634771732332708,31.207004377736084,32.77048155096936,0.06253908692933083,7.004377736085053
4107553,Farol - PR,3039,1672,98,1,1267,1,55.0180980585719,3.2247449819019414,41.691345837446526,44.91609081934847,0.03290556103981573,0.03290556103981573
4107603,Faxinal - PR,16389,10470,568,80,5205,66,63.88431264872781,3.465739215327354,31.759106717920556,35.22484593324791,0.48813228384892304,0.4027091341753615
4107652,Fazenda Rio Grande - PR,148873,87895,9064,375,51335,197,59.04025578849086,6.0884109274347935,34.482411182685915,40.57082211012071,0.2518925527127149,0.13232755435841287
4107702,Fênix - PR,4492,2220,334,18,1919,1,49.42119323241318,7.4354407836153165,42.72039180765806,50.15583259127338,0.40071237756010686,0.02226179875333927
4107736,Fernandes Pinheiro - PR,6255,4099,123,2,2029,2,65.53157474020783,1.9664268585131894,32.43804956035172,34.40447641886491,0.0319744204636291,0.0319744204636291
4107751,Figueira - PR,8062,4688,433,50,2890,1,58.1493425948896,5.370875713222525,35.84718432150831,41.21806003473083,0.6201935003721161,0.012403870007442322
4107801,Floraí - PR,4792,2988,228,66,1507,3,62.353923205342234,4.757929883138564,31.448247078464107,36.20617696160267,1.3772954924874792,0.06260434056761269
4107850,Flor da Serra do Sul - PR,4364,2889,124,3,1344,4,66.20073327222731,2.841429880843263,30.7974335472044,33.638863428047664,0.06874427131072411,0.09165902841429881
4107900,Floresta - PR,10458,5828,573,170,3881,6,55.72767259514247,5.479059093516925,37.11034614649073,42.58940524000765,1.6255498183209027,0.05737234652897304
4108007,Florestópolis - PR,11446,5159,756,5,5523,3,45.07251441551634,6.604927485584484,48.25266468635331,54.857592171937796,0.04368338284116722,0.026210029704700332
4108106,Flórida - PR,2652,1780,161,6,705,0,67.11915535444948,6.070889894419306,26.58371040723982,32.65460030165913,0.22624434389140272,0.0
4108205,Formosa do Oeste - PR,7635,5578,191,48,1817,0,73.05828421741978,2.501637197118533,23.798297314996727,26.29993451211526,0.6286836935166994,0.0
4108304,Foz do Iguaçu - PR,285415,162990,14705,1987,105256,473,57.1063188690153,5.152146873850358,36.8782299458683,42.030376819718654,0.6961792477620308,0.1657235954662509
4108320,Francisco Alves - PR,8116,3856,403,20,3824,12,47.511089206505666,4.965500246426811,47.11680630852637,52.082306554953185,0.2464268112370626,0.14785608674223755
4108403,Francisco Beltrão - PR,96666,68914,2058,119,25521,52,71.2908364885275,2.1289801998634474,26.401216560114207,28.530196759977656,0.12310429727101566,0.05379347443775474
4108452,Foz do Jordão - PR,4926,2303,155,2,2459,7,46.75192854242793,3.1465692245229393,49.9187982135607,53.06536743808364,0.04060089321965083,0.1421031262687779
4108502,General Carneiro - PR,11062,5981,483,3,4561,34,54.06798047369372,4.3662990417645995,41.231242090037966,45.597541131802565,0.027119869824624842,0.30735852467908154
4108551,Godoy Moreira - PR,2977,1594,136,4,1236,7,53.54383607658717,4.5683574067853545,41.518307020490425,46.08666442727578,0.13436345314074571,0.235136042996305
4108601,Goioerê - PR,28437,14328,1515,554,12005,35,50.38506171537082,5.327566198966136,42.216126876956075,47.543693075922214,1.948166121602138,0.12307908710482822
4108650,Goioxim - PR,6566,3368,270,22,2893,13,51.29454766981419,4.112092598233323,44.060310691440755,48.17240328967408,0.3350593968930856,0.1979896436186415
4108700,Grandes Rios - PR,5641,3018,180,12,2428,3,53.5011522779649,3.1909235951072503,43.04201382733558,46.23293742244283,0.2127282396738167,0.05318205991845418
4108809,Guaíra - PR,32097,15983,1308,473,12944,1389,49.79593108390192,4.075147210019628,40.32775648814531,44.40290369816494,1.4736579742655076,4.3275072436676325
4108908,Guairaçá - PR,6587,3138,336,33,3080,0,47.6392895096402,5.100956429330499,46.75876726886291,51.85972369819341,0.5009867921663883,0.0
4108957,Guamiranga - PR,7856,4544,109,2,3200,1,57.84114052953157,1.3874745417515275,40.73319755600814,42.12067209775967,0.025458248472505093,0.012729124236252547
4109005,Guapirama - PR,4626,2954,220,68,1351,33,63.85646346735841,4.755728491137051,29.204496325118892,33.960224816255945,1.4699524427150887,0.7133592736705577
4109104,Guaporema - PR,2191,1061,116,1,1012,1,48.42537654039251,5.294386125057051,46.1889548151529,51.48334094020995,0.045641259698767686,0.045641259698767686
4109203,Guaraci - PR,4748,2430,242,15,2057,4,51.17944397641112,5.096882898062342,43.32350463352991,48.42038753159225,0.3159224936815501,0.08424599831508003
4109302,Guaraniaçu - PR,13735,8560,178,4,4993,0,62.32253367309792,1.295959228248999,36.35238441936658,37.648343647615576,0.029122679286494358,0.0
4109401,Guarapuava - PR,182093,119282,5310,388,56940,170,65.50608754867018,2.916092326448573,31.269735794346843,34.185828120795414,0.2130779327047168,0.09335888804072644
4109500,Guaraqueçaba - PR,7430,3778,197,6,3384,65,50.847913862718706,2.6514131897711977,45.54508748317631,48.19650067294751,0.08075370121130551,0.8748317631224765
4109609,Guaratuba - PR,42062,26749,1581,160,13500,72,63.59421805905568,3.758737102372688,32.0954781037516,35.854215206124294,0.380390851600019,0.17117588322000857
4109658,Honório Serpa - PR,4941,2444,177,4,2316,0,49.463671321594816,3.5822707953855493,46.87310261080753,50.455373406193075,0.08095527221210282,0.0
4109708,Ibaiti - PR,28830,18521,1295,161,8808,45,64.24210891432536,4.491848768643774,30.551508844953172,35.043357613596946,0.5584460631286854,0.15608740894901144
4109757,Ibema - PR,6218,3552,85,0,2581,0,57.12447732389836,1.3669990350595047,41.50852364104214,42.875522676101646,0.0,0.0
4109807,Ibiporã - PR,51603,32526,2366,1035,15632,44,63.03121911516772,4.585004747785981,30.292812433385656,34.877817181171636,2.0056973431777223,0.08526636048291766
4109906,Icaraíma - PR,8991,4266,457,30,4222,16,47.447447447447445,5.082860638416194,46.9580691802914,52.040929818707596,0.333667000333667,0.17795573351128907
4110003,Iguaraçu - PR,5338,2767,360,20,2185,6,51.83589359310603,6.74409891345073,40.93293368302735,47.67703259647808,0.37467216185837393,0.11240164855751218
4110052,Iguatu - PR,2144,1132,97,11,901,3,52.798507462686565,4.524253731343284,42.024253731343286,46.54850746268657,0.5130597014925373,0.13992537313432835
4110078,Imbaú - PR,14249,8688,481,9,5056,15,60.972699838585164,3.3756754859990177,35.48319180293354,38.85886728893256,0.0631623271808548,0.10527054530142466
4110102,Imbituva - PR,29924,21485,676,30,7728,5,71.79855634273493,2.259056275898944,25.825424408501537,28.084480684400482,0.1002539767410774,0.016708996123512898
4110201,Inácio Martins - PR,9670,6090,408,1,3050,121,62.978283350568766,4.21923474663909,31.540847983453983,35.760082730093075,0.010341261633919338,1.2512926577042398
4110300,Inajá - PR,2536,993,166,19,1353,5,39.15615141955836,6.545741324921136,53.35173501577287,59.897476340694006,0.749211356466877,0.1971608832807571
4110409,Indianópolis - PR,4448,2556,161,1,1730,0,57.46402877697842,3.6196043165467624,38.893884892086334,42.513489208633096,0.022482014388489208,0.0
4110508,Ipiranga - PR,14142,10395,309,9,3424,5,73.50445481544337,2.1849809079338143,24.211568377881488,26.3965492858153,0.06364022061943148,0.035355678121906375
4110607,Iporã - PR,15746,8377,635,102,6625,7,53.200812904864726,4.03277022735933,42.074177568906386,46.106947796265715,0.6477835640797663,0.044455734789787885
4110656,Iracema do Oeste - PR,2343,1440,99,10,794,0,61.45966709346991,4.225352112676056,33.88817755014938,38.113529662825435,0.42680324370465217,0.0
4110706,Irati - PR,59250,46738,1073,70,11348,19,78.88270042194092,1.810970464135021,19.152742616033755,20.963713080168777,0.11814345991561181,0.032067510548523206
4110805,Iretama - PR,10684,5012,489,29,5153,1,46.9112691875702,4.576937476600524,48.23099962560838,52.80793710220891,0.27143391988019466,0.009359790340696368
4110904,Itaguajé - PR,4481,1981,198,16,2286,0,44.2088819459942,4.41865654987726,51.015398348582906,55.43405489846017,0.3570631555456371,0.0
4110953,Itaipulândia - PR,11485,7373,365,28,3507,212,64.19677840661733,3.1780583369612536,30.535481062255116,33.71353939921637,0.24379625598606877,1.845885938180235
4111001,Itambaracá - PR,5908,3662,331,103,1809,3,61.98375084631009,5.602572782667569,30.619498984427896,36.222071767095464,1.7433987813134733,0.05077860528097495
4111100,Itambé - PR,6111,3490,362,45,2214,0,57.11012927507773,5.923744068073965,36.22974963181149,42.15349369988545,0.7363770250368189,0.0
4111209,Itapejara d'Oeste - PR,12344,8846,346,11,3133,8,71.66234607906675,2.8029812054439405,25.380751782242385,28.183732987686327,0.08911211924821776,0.06480881399870382
4111258,Itaperuçu - PR,31217,18462,719,53,11963,13,59.14085274049396,2.303232213217157,38.322068103917736,40.625300317134894,0.1697792869269949,0.041643976038696864
4111308,Itaúna do Sul - PR,3572,1286,272,37,1977,0,36.00223964165733,7.61478163493841,55.347144456886895,62.961926091825305,1.0358342665173572,0.0
4111407,Ivaí - PR,13229,9331,438,3,3454,3,70.53443192985108,3.3109078539572154,26.109305314082697,29.42021316803991,0.022677451054501474,0.022677451054501474
4111506,Ivaiporã - PR,32720,20388,1326,163,10812,31,62.31051344743276,4.052567237163815,33.044009779951104,37.09657701711492,0.49816625916870416,0.09474327628361859
4111555,Ivaté - PR,6831,3204,326,23,3277,1,46.9038208168643,4.772361294100425,47.972478407261015,52.74483970136144,0.3367003367003367,0.014639145073927683
4111605,Ivatuba - PR,2708,1670,168,1,867,2,61.669128508124075,6.203840472673559,32.0162481536189,38.220088626292466,0.03692762186115214,0.07385524372230429
4111704,Jaboti - PR,5427,3795,166,21,1444,1,69.92813709231619,3.0587801732080337,26.60770222959278,29.666482402800813,0.3869541182974019,0.018426386585590565
4111803,Jacarezinho - PR,40375,23484,3510,136,13192,52,58.16470588235294,8.693498452012383,32.67368421052632,41.3671826625387,0.3368421052631579,0.12879256965944272
4111902,Jaguapitã - PR,15122,8069,990,37,6014,12,53.359344002116124,6.546753074990081,39.76987171009126,46.31662478508134,0.24467663007538684,0.0793545827271525
4112009,Jaguariaíva - PR,35141,23299,1259,106,10455,20,66.30147121595857,3.582709655388293,29.75157223755727,33.33428189294556,0.3016419566887681,0.056913576733729834
4112108,Jandaia do Sul - PR,21408,14175,969,184,6074,6,66.21356502242152,4.526345291479821,28.37257100149477,32.89891629297459,0.85949177877429,0.028026905829596414
4112207,Janiópolis - PR,5870,2935,281,29,2623,2,50.0,4.787052810902896,44.68483816013629,49.47189097103919,0.4940374787052811,0.034071550255536626
4112306,Japira - PR,4972,3316,221,13,1419,3,66.6934835076428,4.444891391794046,28.539823008849556,32.984714400643604,0.2614641995172969,0.06033789219629927
4112405,Japurá - PR,9144,6523,229,42,2350,0,71.33639545056867,2.5043744531933507,25.699912510936134,28.204286964129484,0.45931758530183725,0.0
4112504,Jardim Alegre - PR,12004,6950,511,28,4508,7,57.89736754415195,4.256914361879374,37.55414861712762,41.811062979007,0.2332555814728424,0.0583138953682106
4112603,Jardim Olinda - PR,1343,509,61,12,760,1,37.90022338049144,4.542069992553984,56.589724497393895,61.13179448994788,0.8935219657483247,0.07446016381236038
4112702,Jataizinho - PR,11813,7126,610,162,3908,7,60.32337255565902,5.163802590366545,33.082197578938455,38.246000169305,1.3713705239989842,0.05925675103699314
4112751,Jesuítas - PR,10506,6906,350,113,3135,2,65.73386636207881,3.3314296592423376,29.84009137635637,33.17152103559871,1.0755758614125261,0.019036740909956214
4112801,Joaquim Távora - PR,11945,8773,427,58,2677,10,73.44495604855588,3.574717455002093,22.41105064880703,25.985768103809125,0.48555881121808286,0.08371703641691085
4112900,Jundiaí do Sul - PR,3333,1661,165,2,1505,0,49.834983498349835,4.9504950495049505,45.15451545154515,50.1050105010501,0.060006000600060005,0.0
4112959,Juranda - PR,7771,4310,340,40,3075,5,55.462617423754985,4.375241281688329,39.570196885857676,43.945438167546,0.514734268433921,0.06434178355424013
4113007,Jussara - PR,6690,3774,186,38,2689,3,56.412556053811656,2.780269058295964,40.19431988041853,42.9745889387145,0.5680119581464873,0.04484304932735426
4113106,Kaloré - PR,4582,3177,146,4,1255,0,69.33653426451332,3.186381492797905,27.38978611959843,30.576167612396336,0.08729812309035356,0.0
4113205,Lapa - PR,45003,29536,1426,48,13946,45,65.63118014354599,3.1686776437126416,30.989045174766126,34.15772281847877,0.10665955602959802,0.09999333377774815
4113254,Laranjal - PR,5600,2616,195,0,2784,1,46.714285714285715,3.482142857142857,49.714285714285715,53.19642857142857,0.0,0.017857142857142856
4113304,Laranjeiras do Sul - PR,32227,21250,670,44,10153,110,65.93849877431967,2.079002079002079,31.504638967325533,33.583641046327614,0.13653147981506192,0.34132869953765477
4113403,Leópolis - PR,3752,2034,232,29,1455,2,54.211087420042645,6.183368869936034,38.779317697228144,44.96268656716418,0.7729211087420043,0.053304904051172705
4113429,Lidianópolis - PR,3938,2201,217,12,1508,0,55.891315388522095,5.510411376333164,38.2935500253936,43.80396140172677,0.3047232097511427,0.0
4113452,Lindoeste - PR,5175,2928,182,1,2062,2,56.57971014492754,3.5169082125603865,39.84541062801932,43.36231884057971,0.01932367149758454,0.03864734299516908
4113502,Loanda - PR,23225,11531,1296,196,10189,10,49.64908503767492,5.580193756727664,43.870828848223894,49.45102260495156,0.8439181916038752,0.04305705059203445
4113601,Lobato - PR,4601,2492,160,28,1918,1,54.1621386655075,3.477504890241252,41.686589871767005,45.164094762008254,0.6085633557922191,0.021734405564007825
4113700,Londrina - PR,555965,356965,31870,18026,148247,832,64.20637989801516,5.732375239448526,26.664808036477115,32.39718327592564,3.2422904319516515,0.14964970816508233
4113734,Luiziana - PR,6690,3111,322,19,3234,4,46.502242152466366,4.813153961136024,48.34080717488789,53.153961136023916,0.28400597907324365,0.059790732436472344
4113759,Lunardelli - PR,4872,2975,199,11,1685,2,61.0632183908046,4.084564860426929,34.585385878489326,38.669950738916256,0.2257799671592775,0.041050903119868636
4113809,Lupionópolis - PR,4813,2560,292,28,1933,0,53.18927903594432,6.066902140037398,40.162061084562644,46.228963224600044,0.581757739455641,0.0
4113908,Mallet - PR,13428,11590,162,3,1661,8,86.3121834971701,1.2064343163538873,12.369675305332143,13.57610962168603,0.022341376228775692,0.05957700327673518
4114005,Mamborê - PR,13452,8359,266,16,4801,10,62.13945881653286,1.9774011299435028,35.68986024382991,37.667261373773414,0.11894142134998513,0.07433838834374071
4114104,Mandaguaçu - PR,31457,16912,1848,125,12551,21,53.76227866611565,5.874686079409988,39.8989096226595,45.77359570206949,0.3973678354579267,0.06675779635693169
4114203,Mandaguari - PR,36716,21971,2336,237,12160,12,59.84039655735919,6.362348839742891,33.119076152086286,39.48142499182918,0.6454951519773395,0.032683298834295674
4114302,Mandirituba - PR,27439,19300,650,52,7424,13,70.33784030030249,2.368890994569773,27.05637960567076,29.425270600240534,0.18951127956558184,0.04737781989139546
4114351,Manfrinópolis - PR,2770,1720,55,2,990,3,62.09386281588448,1.9855595667870036,35.74007220216607,37.72563176895307,0.07220216606498195,0.10830324909747292
4114401,Mangueirinha - PR,16603,8930,351,13,6381,928,53.7854604589532,2.114075769439258,38.43281334698548,40.546889116424744,0.07829910257182437,5.5893513220502316
4114500,Manoel Ribas - PR,14240,8503,262,20,3564,1891,59.712078651685395,1.8398876404494382,25.028089887640448,26.867977528089884,0.1404494382022472,13.279494382022472
4114609,Marechal Cândido Rondon - PR,55836,41259,1732,111,12648,82,73.89318719105952,3.1019413998137404,22.652052439286482,25.75399383910022,0.19879647539222006,0.14685865749695537
4114708,Maria Helena - PR,5865,2784,426,64,2582,9,47.468030690537084,7.263427109974424,44.02387041773231,51.287297527706734,1.091219096334186,0.1534526854219949
4114807,Marialva - PR,41851,25349,2189,897,13369,45,60.56963991302478,5.230460443000167,31.944278511863516,37.174738954863685,2.143317961339036,0.10752431244175767
4114906,Marilândia do Sul - PR,8677,5881,441,116,2234,5,67.77688141062579,5.08240175175752,25.74622565402789,30.828627405785408,1.3368675809611617,0.05762360262763628
4115002,Marilena - PR,7253,2876,490,18,3866,3,39.652557562387976,6.755825175789329,53.30208189714601,60.057907072935336,0.2481731697228733,0.041362194953812215
4115101,Mariluz - PR,9847,4358,496,70,4916,7,44.257134152533766,5.03706712704377,49.92383467045801,54.960901797501776,0.7108764090585965,0.07108764090585966
4115200,Maringá - PR,409657,274733,18560,13465,102581,294,67.06415367002151,4.530619518279927,25.040704784734547,29.571324303014475,3.2868961106486645,0.07176735659344281
4115309,Mariópolis - PR,6371,3964,146,5,2245,11,62.21943180034531,2.2916339664102967,35.23779626432271,37.529430230733006,0.07848061528802386,0.17265735363365248
4115358,Maripá - PR,6555,5167,118,9,1241,20,78.82532418001526,1.8001525553012967,18.93211289092296,20.732265446224254,0.13729977116704806,0.30511060259344014
4115408,Marmeleiro - PR,15901,11371,479,11,4007,33,71.5112257090749,3.0123891579145967,25.199672976542356,28.212062134456954,0.06917803911703667,0.20753411735111
4115457,Marquinho - PR,4504,2583,255,3,1658,5,57.349023090586144,5.661634103019538,36.81172291296625,42.47335701598579,0.06660746003552398,0.11101243339253997
4115507,Marumbi - PR,4699,3040,228,10,1420,1,64.69461587571824,4.852096190678868,30.21919557352628,35.07129176420515,0.21281123643328367,0.02128112364332837
4115606,Matelândia - PR,18450,12107,612,48,5679,2,65.62059620596206,3.317073170731707,30.78048780487805,34.09756097560976,0.2601626016260163,0.01084010840108401
4115705,Matinhos - PR,39259,24919,1661,181,12423,75,63.4733436918923,4.230876996357523,31.643699533864847,35.87457653022237,0.46104078045798413,0.1910389974273415
4115739,Mato Rico - PR,3267,1979,128,7,1152,1,60.57545148454239,3.9179675543311907,35.26170798898072,39.17967554331191,0.21426385062748698,0.030609121518212427
4115754,Mauá da Serra - PR,9383,5957,283,122,3019,2,63.48715762549291,3.016092934029628,32.17521048705105,35.191303421080676,1.300223809016306,0.02131514441010338
4115804,Medianeira - PR,54369,37310,1546,128,15342,43,68.62366422041973,2.8435321598705143,28.218286155713734,31.061818315584247,0.235428277143225,0.07908918685280215
4115853,Mercedes - PR,5931,4686,147,6,1090,2,79.00859888720284,2.4785027819929186,18.378013825661778,20.856516607654697,0.10116337885685382,0.03372112628561794
4115903,Mirador - PR,2238,951,148,12,1120,7,42.493297587131366,6.613047363717605,50.044682752457554,56.65773011617516,0.5361930294906166,0.3127792672028597
4116000,Miraselva - PR,1966,1134,107,7,718,0,57.68056968463886,5.442522889114954,36.52085452695829,41.96337741607324,0.3560528992878942,0.0
4116059,Missal - PR,11064,8628,156,9,2268,3,77.9826464208243,1.4099783080260304,20.498915401301517,21.908893709327547,0.08134490238611713,0.027114967462039046
4116109,Moreira Sales - PR,11175,5321,608,42,5200,4,47.615212527964204,5.440715883668904,46.5324384787472,51.97315436241611,0.37583892617449666,0.035794183445190156
4116208,Morretes - PR,18309,10041,655,114,7414,84,54.84188104211044,3.577475558468513,40.49374624501611,44.071221803484626,0.6226446010158938,0.45879075864329016
4116307,Munhoz de Melo - PR,3951,2348,212,27,1364,0,59.427992913186536,5.36573019488737,34.522905593520626,39.888635788407996,0.683371298405467,0.0
4116406,Nossa Senhora das Graças - PR,3669,1716,142,8,1801,2,46.77023712183156,3.8702643772145,49.08694467157264,52.957209048787135,0.21804306350504224,0.05451076587626056
4116505,Nova Aliança do Ivaí - PR,1323,623,108,8,580,4,47.08994708994709,8.16326530612245,43.839758125472414,52.00302343159486,0.6046863189720333,0.30234315948601664
4116604,Nova América da Colina - PR,3280,2019,142,123,994,2,61.55487804878049,4.329268292682927,30.304878048780488,34.63414634146341,3.75,0.06097560975609756
4116703,Nova Aurora - PR,13765,8814,471,101,4376,3,64.03196512895023,3.4217217580820924,31.790773701416636,35.212495459498726,0.7337450054486016,0.02179440610243371
4116802,Nova Cantu - PR,6790,3891,186,9,2700,4,57.304860088365245,2.739322533136966,39.76435935198822,42.50368188512518,0.1325478645066274,0.05891016200294551
4116901,Nova Esperança - PR,26585,15536,1173,526,9339,11,58.43896934361482,4.412262554071845,35.12883204814745,39.541094602219296,1.9785593379725408,0.04137671619334211
4116950,Nova Esperança do Sudoeste - PR,5597,3878,75,0,1643,1,69.2871180989816,1.3400035733428624,29.3550116133643,30.695015186707163,0.0,0.017866714311238163
4117008,Nova Fátima - PR,7225,4161,394,99,2569,2,57.5916955017301,5.453287197231834,35.55709342560554,41.010380622837374,1.3702422145328719,0.02768166089965398
4117057,Nova Laranjeiras - PR,12074,6079,191,1,2936,2867,50.347854894815306,1.5819115454696042,24.316713599469935,25.89862514493954,0.008282259400364419,23.74523770084479
4117107,Nova Londrina - PR,12923,5735,899,126,6158,5,44.37824034666873,6.956589027315639,47.65147411591736,54.608063143233,0.9750058036059739,0.03869070649230055
4117206,Nova Olímpia - PR,5833,3079,274,8,2472,0,52.78587347848448,4.697411280644609,42.37956454654552,47.076975827190125,0.13715069432539,0.0
4117214,Nova Santa Bárbara - PR,4184,2222,180,96,1676,10,53.107074569789674,4.3021032504780115,40.05736137667304,44.359464627151056,2.294455066921606,0.2390057361376673
4117222,Nova Santa Rosa - PR,8322,6653,194,7,1459,8,79.94472482576303,2.3311703917327566,17.53184330689738,19.863013698630134,0.08411439557798606,0.09613073780341264
4117255,Nova Prata do Iguaçu - PR,12699,8909,259,9,3516,2,70.15513032522246,2.0395306717064337,27.687219466099695,29.72675013780613,0.07087172218284904,0.015749271596188677
4117271,Nova Tebas - PR,6848,4135,171,2,2534,6,60.382593457943926,2.4970794392523366,37.00350467289719,39.50058411214953,0.029205607476635514,0.08761682242990654
4117297,Novo Itacolomi - PR,3125,2157,140,3,812,13,69.024,4.48,25.984,30.464000000000002,0.096,0.416
4117305,Ortigueira - PR,24192,15363,712,46,7254,817,63.504464285714285,2.943121693121693,29.985119047619047,32.92824074074074,0.19014550264550265,3.3771494708994707
4117404,Ourizona - PR,3187,1792,220,26,1149,0,56.22842798870411,6.903043614684656,36.05271415123941,42.95575776592406,0.815814245371823,0.0
4117453,Ouro Verde do Oeste - PR,6785,3510,417,24,2833,1,51.73176123802506,6.145910095799558,41.75386882829772,47.899778924097276,0.3537214443625645,0.014738393515106854
4117503,Paiçandu - PR,45962,23635,3194,194,18905,33,51.4229145816109,6.949218919977373,41.13180453418041,48.08102345415779,0.4220878116705104,0.07179844219137549
4117602,Palmas - PR,48247,28019,1735,92,17481,920,58.074077144692936,3.5960785126536363,36.232304599249694,39.82838311190333,0.19068543121852136,1.9068543121852135
4117701,Palmeira - PR,33855,24805,1046,35,7954,12,73.26835031753065,3.0896470240732534,23.494313986117266,26.58396101019052,0.10338207059518535,0.03544528134692069
4117800,Palmital - PR,13033,8791,265,33,3935,9,67.45185298856748,2.0333000844011355,30.19258804573007,32.2258881301312,0.2532034067367452,0.06905547456456687
4117909,Palotina - PR,35011,22107,1848,144,10838,74,63.14301219616692,5.278341092799406,30.95598526177487,36.23432635457428,0.41129930593242126,0.21136214332638315
4118006,Paraíso do Norte - PR,13245,6834,742,105,5560,4,51.59682899207248,5.602114005285014,41.978104945262366,47.580218950547376,0.7927519818799547,0.03020007550018875
4118105,Paranacity - PR,9557,3880,644,64,4957,12,40.59851417808936,6.738516270796275,51.86774092288375,58.60625719368002,0.6696662132468347,0.1255624149837815
4118204,Paranaguá - PR,145829,83541,5795,789,55469,204,57.28695938393598,3.973832365304569,38.03701595704558,42.01084832235015,0.5410446481838318,0.1398898710133101
4118303,Paranapoema - PR,2398,832,182,15,1368,1,34.69557964970809,7.589658048373645,57.04753961634695,64.6371976647206,0.6255212677231026,0.041701417848206836
4118402,Paranavaí - PR,92001,49158,5793,1492,35500,54,53.43202791274008,6.296670688362083,38.58653710285758,44.88320779121966,1.621721503027141,0.05869501418462843
4118451,Pato Bragado - PR,5733,4467,95,3,1165,3,77.91732077446363,1.6570730856445142,20.320948892377462,21.978021978021978,0.052328623757195186,0.052328623757195186
4118501,Pato Branco - PR,91836,61981,2288,179,27299,86,67.49096214991943,2.4913977089594495,29.725815584302453,32.2172132932619,0.1949126704124744,0.0936451936059933
4118600,Paula Freitas - PR,5666,4342,102,2,1218,1,76.63254500529474,1.8002117896223084,21.49664666431345,23.29685845393576,0.03529827038475115,0.017649135192375574
4118709,Paulo Frontin - PR,6343,5373,76,3,889,2,84.70755163172001,1.198171212360082,14.01545010247517,15.213621314835251,0.04729623206684534,0.031530821377896895
4118808,Peabiru - PR,13346,7386,660,123,5158,19,55.34242469653829,4.945301963135022,38.648284130076426,43.59358609321145,0.9216244567660722,0.14236475348419003
4118857,Perobal - PR,7189,3366,439,23,3355,6,46.821532897482264,6.10655167617193,46.66852135206565,52.775073028237586,0.3199332313256364,0.08346084295451384
4118907,Pérola - PR,11878,6996,426,46,4398,12,58.8988045125442,3.5864623674019196,37.026435426839534,40.612897794241455,0.3872705842734467,0.10102710894089914
4119004,Pérola d'Oeste - PR,6221,4649,114,2,1455,1,74.7307506831699,1.8325028130525638,23.3885227455393,25.221025558591865,0.03214917215881691,0.016074586079408454
4119103,Piên - PR,13655,10224,259,7,3158,7,74.87367264738191,1.8967411204686928,23.127059685097034,25.023800805565728,0.05126327352618089,0.05126327352618089
4119152,Pinhais - PR,127019,82537,7000,702,36673,103,64.98004235586802,5.510986545319992,28.872058510931435,34.383045056251426,0.5526732221163763,0.08109023059542274
4119202,Pinhalão - PR,6566,4569,349,9,1634,5,69.58574474565945,5.315260432531222,24.88577520560463,30.201035638135853,0.1370697532744441,0.07614986293024673
4119251,Pinhal de São Bento - PR,2761,1751,93,1,916,0,63.419051068453456,3.368344802607751,33.176385367620426,36.54473017022818,0.036218761318362915,0.0
4119301,Pinhão - PR,29886,15708,805,50,13297,25,52.55972696245734,2.6935688951348458,44.49240447032055,47.185973365455396,0.16730241584688482,0.08365120792344241
4119400,Piraí do Sul - PR,23651,16951,740,98,5849,12,71.671388101983,3.128831761870534,24.730455371865883,27.859287133736416,0.414358800896368,0.05073781235465731
4119509,Piraquara - PR,118730,68073,7961,263,42090,340,57.33428788006401,6.705129284932199,35.45018108312979,42.15531036806199,0.22151099132485472,0.28636401920323423
4119608,Pitanga - PR,33567,23603,512,49,9372,31,70.31608424941163,1.5253075937676885,27.920278845294487,29.445586439062176,0.1459767033097983,0.09235260821640301
4119657,Pitangueiras - PR,3046,1677,180,12,1176,1,55.05581089954038,5.909389363099146,38.60801050558109,44.517399868680236,0.3939592908732764,0.03282994090610637
4119707,Planaltina do Paraná - PR,4070,1830,239,12,1987,2,44.96314496314496,5.872235872235872,48.82063882063882,54.69287469287469,0.29484029484029484,0.04914004914004914
4119806,Planalto - PR,14374,11794,221,12,2305,41,82.05092528175874,1.5374982607485739,16.035898149436484,17.573396410185058,0.08348406845693614,0.2852372338945318
4119905,Ponta Grossa - PR,358371,257676,13382,1254,85748,298,71.90202332219962,3.734119111200404,23.92715928465194,27.661278395852342,0.3499167064299288,0.08315404985336425
4119954,Pontal do Paraná - PR,30425,18643,1434,107,10113,128,61.275267050123254,4.713229252259655,33.23911257189811,37.95234182415777,0.35168447000821695,0.42070665571076415
4120002,Porecatu - PR,11624,5327,847,39,5405,6,45.82759807295251,7.286648313833448,46.4986235375086,53.785271851342046,0.3355127322780454,0.051617343427391604
4120101,Porto Amazonas - PR,4098,2518,179,4,1395,2,61.44460712542704,4.3679843826256715,34.04099560761347,38.40897999023914,0.09760858955588092,0.04880429477794046
4120150,Porto Barreiro - PR,3110,2288,41,1,780,0,73.56913183279742,1.3183279742765273,25.080385852090032,26.39871382636656,0.03215434083601286,0.0
4120200,Porto Rico - PR,3182,1498,136,22,1521,5,47.07730986800754,4.274041483343809,47.80012570710245,52.07416719044626,0.6913890634820867,0.1571338780641106
4120309,Porto Vitória - PR,3562,2599,33,0,926,4,72.96462661426165,0.9264458169567659,25.99663110612016,26.923076923076923,0.0,0.11229646266142616
4120333,Prado Ferreira - PR,3709,1803,357,24,1523,0,48.61148557562685,9.625235912644918,41.06228093825829,50.68751685090321,0.6470746832030196,0.0
4120358,Pranchita - PR,5737,4080,122,1,1533,1,71.11730869792575,2.126546975771309,26.72128290047063,28.84782987624194,0.017430712916158272,0.017430712916158272
4120408,Presidente Castelo Branco - PR,4336,2181,342,19,1794,0,50.299815498154985,7.887453874538745,41.374538745387454,49.2619926199262,0.4381918819188192,0.0
4120507,Primeiro de Maio - PR,10082,6018,394,164,3503,3,59.69053759174767,3.907954770878794,34.74509025986907,38.65304503074787,1.62666137671097,0.029756000793493356
4120606,Prudentópolis - PR,49393,38221,754,27,10378,12,77.38141032130059,1.5265320996902394,21.01107444374709,22.53760654343733,0.05466361630190513,0.0242949405786245
4120655,Quarto Centenário - PR,4201,1812,252,28,2108,1,43.132587479171626,5.998571768626517,50.17852892168531,56.17710069031183,0.6665079742918353,0.023803856224708403
4120705,Quatiguá - PR,8099,6172,134,53,1737,3,76.20693912828744,1.654525250030868,21.447092233609087,23.101617483639956,0.6544017779972836,0.03704161007531794
4120804,Quatro Barras - PR,24191,15650,1029,97,7370,45,64.69348104667024,4.253648050928031,30.465875738911166,34.719523789839194,0.40097556942664625,0.18601959406390806
4120853,Quatro Pontes - PR,4480,3873,71,2,532,2,86.45089285714286,1.5848214285714286,11.875,13.459821428571429,0.044642857142857144,0.044642857142857144
4120903,Quedas do Iguaçu - PR,30738,18628,588,22,11475,25,60.60251154922246,1.9129416357602966,37.33164161624048,39.24458325200078,0.07157264623592947,0.08133255254082894
4121000,Querência do Norte - PR,10685,4632,835,15,5200,3,43.35049134300421,7.814693495554516,48.66635470285447,56.481048198408985,0.14038371548900327,0.028076743097800654
4121109,Quinta do Sol - PR,5001,2218,445,69,2266,3,44.35112977404519,8.898220355928814,45.310937812437516,54.20915816836633,1.3797240551889622,0.059988002399520096
4121208,Quitandinha - PR,18398,13085,455,24,4819,15,71.12186107185563,2.473094901619741,26.193064463528643,28.666159365148385,0.13044896184367866,0.08153060115229917
4121257,Ramilândia - PR,4221,2138,221,1,1856,5,50.65150438284767,5.235726131248519,43.97062307510069,49.20634920634921,0.02369106846718787,0.11845534233593935
4121307,Rancho Alegre - PR,3512,2027,239,65,1180,1,57.716400911161735,6.805239179954442,33.59908883826879,40.40432801822323,1.8507972665148065,0.02847380410022779
4121356,Rancho Alegre D'Oeste - PR,2618,1010,197,24,1385,1,38.5790679908327,7.524828113063407,52.90297937356761,60.42780748663102,0.9167303284950343,0.03819709702062643
4121406,Realeza - PR,19247,13485,574,22,5140,26,70.06286694030238,2.98228295318751,26.705460591260977,29.687743544448487,0.11430352782251779,0.13508598742661193
4121505,Rebouças - PR,14514,9997,231,14,4266,6,68.8783243764641,1.5915667631252584,29.392310872261266,30.983877635386524,0.09645859170456111,0.0413393964448119
4121604,Renascença - PR,6845,4635,165,2,2043,0,67.7136596055515,2.410518626734843,29.846603360116873,32.257121986851715,0.029218407596785977,0.0
4121703,Reserva - PR,24573,14117,497,46,9906,7,57.44923289789607,2.022545069792048,40.31253815162984,42.33508322142188,0.18719733040328815,0.028486550278761243
4121752,Reserva do Iguaçu - PR,6553,3197,350,34,2950,22,48.78681519914543,5.341065160994964,45.01754921410041,50.35861437509538,0.5188463299252251,0.33572409583396917
4121802,Ribeirão Claro - PR,12364,9570,499,13,2279,3,77.40213523131672,4.035910708508573,18.43254610158525,22.468456810093823,0.10514396635393077,0.024263992235522485
4121901,Ribeirão do Pinhal - PR,13060,7907,730,84,4326,13,60.54364471669219,5.5895865237366005,33.12404287901991,38.71362940275651,0.6431852986217458,0.0995405819295559
4122008,Rio Azul - PR,14025,11192,243,9,2573,8,79.80035650623886,1.732620320855615,18.345811051693406,20.078431372549023,0.06417112299465241,0.0570409982174688
4122107,Rio Bom - PR,3197,2033,119,21,1023,1,63.59086643728495,3.7222395996246482,31.998748827025338,35.72098842664999,0.6568658116984674,0.03127932436659368
4122156,Rio Bonito do Iguaçu - PR,13929,7219,125,3,6582,0,51.82712326800201,0.8974082848732859,47.25393064828774,48.15133893316103,0.021537798836958864,0.0
4122172,Rio Branco do Ivaí - PR,3808,2131,101,6,1564,6,55.96113445378151,2.652310924369748,41.07142857142857,43.72373949579832,0.15756302521008403,0.15756302521008403
4122206,Rio Branco do Sul - PR,37558,24032,1168,12,12343,3,63.98636775121146,3.1098567548857767,32.863837265030085,35.97369401991586,0.03195058309814154,0.007987645774535385
4122305,Rio Negro - PR,31324,23512,554,34,7211,13,75.06065636572596,1.768611926956966,23.020687013152855,24.78929894010982,0.10854297024645639,0.04150172391776274
4122404,Rolândia - PR,71670,40322,4540,819,25948,37,56.26063904004465,6.334589088879587,36.204827682433375,42.539416771312965,1.142737547090833,0.05162550579042835
4122503,Roncador - PR,11251,6573,271,17,4389,1,58.42147364678695,2.4086747844636034,39.00986578970758,41.41854057417119,0.1510976802062039,0.008888098835659053
4122602,Rondon - PR,9097,4876,374,39,3802,6,53.60008794107948,4.111245465538089,41.79399802132571,45.9052434868638,0.42871276244915907,0.06595580960756293
4122651,Rosário do Ivaí - PR,5435,3508,234,9,1684,0,64.54461821527138,4.305427782888684,30.984360625574976,35.28978840846366,0.1655933762649494,0.0
4122701,Sabáudia - PR,8822,5673,300,27,2817,5,64.30514622534572,3.4005894355021535,31.931534799365224,35.33212423486738,0.3060530491951938,0.056676490591702565
4122800,Salgado Filho - PR,4075,2874,93,4,1103,1,70.52760736196319,2.2822085889570554,27.067484662576685,29.34969325153374,0.09815950920245399,0.024539877300613498
4122909,Salto do Itararé - PR,5192,3562,190,6,1433,1,68.60554699537751,3.6594761171032357,27.60015408320493,31.259630200308166,0.11556240369799692,0.01926040061633282
4123006,Salto do Lontra - PR,15223,11311,197,7,3707,1,74.30204296130854,1.2940944623267425,24.351310516980885,25.645404979307628,0.04598305196084872,0.006569007422978388
4123105,Santa Amélia - PR,3394,2127,231,40,768,228,62.6694166175604,6.80612846199175,22.62816735415439,29.43429581614614,1.1785503830288744,6.7177371832645845
4123204,Santa Cecília do Pavão - PR,3365,1722,162,115,1364,2,51.1738484398217,4.814264487369985,40.53491827637444,45.34918276374442,3.4175334323922733,0.05943536404160475
4123303,Santa Cruz de Monte Castelo - PR,8613,3781,524,49,4249,10,43.89875769186114,6.083826773481946,49.3324045048183,55.416231278300245,0.5689074654591896,0.11610356437942645
4123402,Santa Fé - PR,11378,6761,523,76,4017,1,59.421690982597994,4.596589910353313,35.30497451221656,39.90156442256988,0.6679557039901565,0.008788890841975743
4123501,Santa Helena - PR,25492,18201,556,41,6368,326,71.39887023379885,2.181076416130551,24.980386003452065,27.161462419582616,0.1608347716930802,1.2788325749254668
4123600,Santa Inês - PR,1748,797,101,4,846,0,45.59496567505721,5.778032036613272,48.39816933638444,54.17620137299771,0.2288329519450801,0.0
4123709,Santa Isabel do Ivaí - PR,8912,4793,360,60,3693,6,53.78141831238779,4.039497307001795,41.43850987432675,45.47800718132854,0.6732495511669659,0.06732495511669659
4123808,Santa Izabel do Oeste - PR,14070,9352,259,12,4446,1,66.46766169154229,1.8407960199004976,31.599147121535182,33.43994314143568,0.08528784648187633,0.007107320540156361
4123824,Santa Lúcia - PR,3644,2919,103,2,620,0,80.10428100987926,2.826564215148189,17.014270032930845,19.840834248079034,0.054884742041712405,0.0
4123857,Santa Maria do Oeste - PR,9934,6251,197,3,3482,0,62.92530702637407,1.983088383329978,35.05133883631971,37.034427219649686,0.030199315482182403,0.0
4123907,Santa Mariana - PR,11066,5946,756,125,4216,23,53.732152539309595,6.831736851617567,38.09868064341225,44.930417495029815,1.1295861196457617,0.20784384601482017
4123956,Santa Mônica - PR,3356,1283,174,15,1884,0,38.2300357568534,5.184743742550656,56.13825983313468,61.32300357568534,0.4469606674612634,0.0
4124004,Santana do Itararé - PR,5514,4023,113,45,1327,6,72.95973884657236,2.049328980776206,24.06601378309757,26.115342763873777,0.8161044613710555,0.1088139281828074
4124020,Santa Tereza do Oeste - PR,13174,7806,408,20,4922,15,59.253074237133745,3.097009260664946,37.361469561257024,40.45847882192197,0.1518141794443601,0.11386063458327007
4124053,Santa Terezinha de Itaipu - PR,24262,15553,1101,32,7570,6,64.10436072871157,4.53796059681807,31.201055147968017,35.73901574478609,0.1318934960019784,0.02473003050037095
4124103,Santo Antônio da Platina - PR,44369,30473,2305,173,11402,16,68.68083571863238,5.195068628997723,25.698122563050777,30.8931911920485,0.3899118754085059,0.03606121391061327
4124202,Santo Antônio do Caiuá - PR,2493,1050,202,4,1237,0,42.1179302045728,8.102687525070197,49.618933012434816,57.72162053750501,0.16044925792218212,0.0
4124301,Santo Antônio do Paraíso - PR,2125,1214,86,46,773,6,57.129411764705885,4.047058823529412,36.37647058823529,40.423529411764704,2.164705882352941,0.2823529411764706
4124400,Santo Antônio do Sudoeste - PR,23673,15750,485,16,7406,16,66.53149157267774,2.0487475182697588,31.284585815063576,33.333333333333336,0.06758754699446627,0.06758754699446627
4124509,Santo Inácio - PR,6181,3209,244,17,2711,0,51.917165507199485,3.9475812975246725,43.860216793399125,47.8077980909238,0.27503640187671896,0.0
4124608,São Carlos do Ivaí - PR,6587,3514,395,22,2651,5,53.34750265674814,5.9966600880522245,40.24593897069986,46.242599058752084,0.3339911947775922,0.07590708972218005
4124707,São Jerônimo da Serra - PR,10830,5832,390,87,3347,1174,53.850415512465375,3.601108033240997,30.90489381348107,34.506001846722064,0.8033240997229917,10.840258541089566
4124806,São João - PR,11886,8307,186,9,3382,2,69.8889449772842,1.5648662291771833,28.45364294127545,30.018509170452635,0.0757193336698637,0.016826518593303044
4124905,São João do Caiuá - PR,5586,2297,281,10,2996,2,41.12065878983172,5.030433225921947,53.634085213032584,58.66451843895453,0.17901897601145722,0.03580379520229144
4125001,São João do Ivaí - PR,10667,5968,600,61,4035,3,55.94825161713696,5.624824224242992,37.82694290803413,43.45176713227712,0.5718571294647042,0.028124121121214964
4125100,São João do Triunfo - PR,13726,9754,313,11,3638,10,71.06221768905726,2.280343872941862,26.504444120646948,28.78478799358881,0.08013988051872359,0.07285443683520326
4125209,São Jorge d'Oeste - PR,9378,6524,220,5,2622,7,69.56707187033483,2.345915973555129,27.959053103007037,30.304969076562166,0.05331627212625293,0.0746427809767541
4125308,São Jorge do Ivaí - PR,5168,3372,322,93,1379,2,65.24767801857585,6.230650154798762,26.68343653250774,32.9140866873065,1.7995356037151702,0.03869969040247678
4125357,São Jorge do Patrocínio - PR,6504,3679,194,14,2613,3,56.56519065190652,2.9827798277982778,40.17527675276753,43.158056580565805,0.21525215252152521,0.046125461254612546
4125407,São José da Boa Vista - PR,6040,4617,143,17,1263,0,76.44039735099338,2.3675496688741724,20.910596026490065,23.278145695364238,0.2814569536423841,0.0
4125456,São José das Palmeiras - PR,3957,1794,250,2,1911,0,45.33737680060652,6.317917614354309,48.29416224412434,54.612079858478644,0.05054334091483447,0.0
4125506,São José dos Pinhais - PR,329628,213728,14361,1244,100014,255,64.83915201378524,4.356729404055481,30.34147584549856,34.69820524955404,0.37739512420061405,0.07735993301539917
4125555,São Manoel do Paraná - PR,2138,1070,111,2,955,0,50.046772684752106,5.191768007483629,44.66791393826006,49.85968194574369,0.09354536950420954,0.0
4125605,São Mateus do Sul - PR,42366,33070,749,44,8496,7,78.0578765991597,1.7679271113628854,20.05381673983855,21.821743851201433,0.10385686635509607,0.016522683283765282
4125704,São Miguel do Iguaçu - PR,29122,18916,1006,56,8380,764,64.95433005974864,3.454433074651466,28.775496188448596,32.22992926310006,0.1922944852688689,2.6234461918824254
4125753,São Pedro do Iguaçu - PR,5784,2978,295,20,2490,1,51.48686030428769,5.10027662517289,43.04979253112033,48.15006915629322,0.3457814661134163,0.017289073305670817
4125803,São Pedro do Ivaí - PR,8690,5194,747,74,2670,5,59.7698504027618,8.59608745684695,30.724971231300344,39.321058688147296,0.8515535097813579,0.05753739930955121
4125902,São Pedro do Paraná - PR,2661,1213,110,9,1329,0,45.58436677940624,4.133784291619691,49.943630214205186,54.077414505824876,0.3382187147688839,0.0
4126009,São Sebastião da Amoreira - PR,8063,4189,366,391,3099,18,51.95336723303981,4.539253379635372,38.43482574724048,42.97407912687585,4.849311670594072,0.22324196949026417
4126108,São Tomé - PR,5232,3121,292,5,1813,1,59.65214067278288,5.581039755351682,34.65214067278288,40.23318042813456,0.095565749235474,0.0191131498470948
4126207,Sapopema - PR,6695,4437,273,16,1961,8,66.27333831217327,4.077669902912621,29.290515309932786,33.368185212845404,0.23898431665421957,0.11949215832710978
4126256,Sarandi - PR,118455,59140,8035,661,50541,78,49.92613228652231,6.783166603351484,42.666835507154616,49.4500021105061,0.5580178126714787,0.06584779030011396
4126272,Saudade do Iguaçu - PR,6108,3555,150,9,2386,8,58.20235756385069,2.4557956777996073,39.06352324819908,41.51931892599869,0.14734774066797643,0.13097576948264572
4126306,Sengés - PR,17270,11347,427,29,5433,34,65.70353213665315,2.472495657209033,31.459177764910248,33.93167342211928,0.1679212507237985,0.19687319050376376
4126355,Serranópolis do Iguaçu - PR,5007,4090,76,2,838,1,81.68564010385461,1.5178749750349512,16.736568803674857,18.254443778709806,0.039944078290393446,0.019972039145196723
4126405,Sertaneja - PR,5616,3213,305,188,1900,10,57.21153846153846,5.430911680911681,33.831908831908834,39.26282051282051,3.3475783475783474,0.17806267806267806
4126504,Sertanópolis - PR,15930,10176,602,53,5091,8,63.879472693032014,3.779033270558694,31.958568738229754,35.73760200878845,0.33270558694287505,0.050219711236660386
4126603,Siqueira Campos - PR,22811,16987,537,52,5214,21,74.46845819999123,2.3541273946780064,22.857393362851255,25.21152075752926,0.22796019464293543,0.09206084783657008
4126652,Sulina - PR,3440,2536,43,0,861,0,73.72093023255815,1.25,25.02906976744186,26.27906976744186,0.0,0.0
4126678,Tamarana - PR,10707,5940,264,145,2689,1669,55.477724852899975,2.4656766601288878,25.114411132903708,27.580087793032597,1.3542542262071542,15.587933127860278
4126702,Tamboara - PR,4880,2861,225,18,1776,0,58.627049180327866,4.610655737704918,36.39344262295082,41.00409836065574,0.36885245901639346,0.0
4126801,Tapejara - PR,15869,7911,647,71,7233,6,49.85191253387107,4.077131514273111,45.579431596193835,49.65656311046695,0.44741319553847125,0.0378095658201525
4126900,Tapira - PR,5745,3060,288,29,2363,5,53.26370757180157,5.013054830287206,41.13141862489121,46.144473455178414,0.504786771105309,0.08703220191470844
4127007,Teixeira Soares - PR,9547,6558,206,9,2769,5,68.69173562375616,2.1577458887608674,29.003875563004087,31.161621451764955,0.0942704514507175,0.05237247302817639
4127106,Telêmaco Borba - PR,75042,49873,2390,139,22607,33,66.46011566855894,3.1848831321126836,30.125796220783027,33.31067935289571,0.1852296047546707,0.04397537379067722
4127205,Terra Boa - PR,17568,9726,901,123,6815,3,55.362021857923494,5.1286429872495445,38.79212204007286,43.9207650273224,0.700136612021858,0.01707650273224044
4127304,Terra Rica - PR,14842,6929,872,144,6883,14,46.68508287292818,5.875218973184207,46.37515159681983,52.25037057000404,0.9702196469478507,0.09432691011992993
4127403,Terra Roxa - PR,18119,10760,753,184,5713,709,59.38517578232794,4.155858491086705,31.530437662122633,35.68629615320934,1.0155085821513328,3.9130194823113857
4127502,Tibagi - PR,19961,12947,785,32,6189,8,64.86147988577727,3.932668703972747,31.005460648264116,34.938129352236864,0.16031260958869797,0.040078152397174494
4127601,Tijucas do Sul - PR,17621,12179,513,25,4887,17,69.11639521026048,2.9112990182169,27.733953805118894,30.645252823335795,0.14187617047840645,0.09647579592531638
4127700,Toledo - PR,150470,93351,6490,694,49822,103,62.039609224430116,4.313152123346846,33.11091912009039,37.42407124343723,0.4612215059480295,0.06845218315943377
4127809,Tomazina - PR,8426,5841,229,42,2198,116,69.32114882506528,2.7177783052456683,26.085924519344886,28.803702824590555,0.4984571564206029,1.37669119392357
4127858,Três Barras do Paraná - PR,11135,7836,266,4,3026,3,70.37269869779973,2.3888639425235745,27.17557251908397,29.564436461607546,0.03592276605298608,0.02694207453973956
4127882,Tunas do Paraná - PR,6219,3337,181,7,2672,20,53.65814439620518,2.910435761376427,42.96510693037466,45.875542691751086,0.11255828911400546,0.32159511175430133
4127908,Tuneiras do Oeste - PR,8067,3774,379,21,3884,9,46.78319077724061,4.698152968885584,48.14677079459526,52.84492376348085,0.26031982149497956,0.11156563778356267
4127957,Tupãssi - PR,8077,5542,240,26,2263,6,68.6145846230036,2.971400272378358,28.01782840163427,30.989228674012626,0.3219016961743221,0.07428500680945896
4127965,Turvo - PR,14231,8940,278,16,4486,511,62.82060290914201,1.9534818354296957,31.52273206380437,33.47621389923407,0.11243060923336379,3.590752582390556
4128005,Ubiratã - PR,24749,14365,1042,411,8893,38,58.04274920198796,4.210271122065538,35.93276496020041,40.143036082265944,1.660673158511455,0.15354155723463575
4128104,Umuarama - PR,117095,66829,5543,1626,43036,55,57.07246253042401,4.733763183739699,36.753063751654636,41.48682693539433,1.3886160809599044,0.04697040864255519
4128203,União da Vitória - PR,55033,39069,1120,85,14705,51,70.99195028437482,2.0351425508331364,26.720331437501137,28.755473988334273,0.1544527828757291,0.09267166972543746
4128302,Uniflor - PR,2136,1116,53,4,963,0,52.247191011235955,2.4812734082397006,45.08426966292135,47.56554307116105,0.18726591760299627,0.0
4128401,Uraí - PR,10406,5853,622,612,3311,8,56.24639630982126,5.977320776475111,31.818181818181817,37.795502594656924,5.881222371708629,0.0768787238131847
4128500,Wenceslau Braz - PR,19188,13732,532,177,4729,18,71.56556180946424,2.7725661872003333,24.645611840733793,27.418178027934125,0.9224515322076298,0.09380863039399624
4128534,Ventania - PR,9681,5600,269,41,3770,1,57.84526391901663,2.7786385703956205,38.942258031195124,41.720896601590745,0.4235099679785146,0.010329511414110112
4128559,Vera Cruz do Oeste - PR,8215,4518,327,60,3304,6,54.996956786366404,3.9805234327449788,40.21911138161899,44.19963481436397,0.7303712720632989,0.07303712720632989
4128609,Verê - PR,7932,5498,141,3,2289,1,69.31417044881492,1.7776096822995462,28.857791225416037,30.63540090771558,0.037821482602118005,0.012607160867372668
4128625,Alto Paraíso - PR,3055,1051,143,7,1854,0,34.40261865793781,4.680851063829787,60.687397708674304,65.36824877250409,0.22913256955810146,0.0
4128633,Doutor Ulysses - PR,5697,4010,158,3,1526,0,70.38792346849219,2.7733895032473233,26.786027733895033,29.559417237142355,0.0526592943654555,0.0
4128658,Virmond - PR,3811,2711,139,1,960,0,71.13618472841773,3.647336657045395,25.19023878247179,28.837575439517188,0.026239832065074783,0.0
4128708,Vitorino - PR,9706,6278,171,14,3204,39,64.68164022254275,1.761796826705131,33.01050896352771,34.77230579023284,0.1442406758705955,0.40181331135380177
4128807,Xambrê - PR,5798,2978,285,10,2522,3,51.36253880648499,4.915488099344602,43.497757847533634,48.413245946878234,0.17247326664367024,0.05174197999310107
4200051,Abdon Batista - SC,2598,1772,74,0,752,0,68.20631254811393,2.8483448806774443,28.945342571208624,31.79368745188607,0.0,0.0
4200101,Abelardo Luz - SC,17392,9994,750,6,6283,359,57.46320147194112,4.312327506899724,36.12580496780129,40.43813247470101,0.03449862005519779,2.064167433302668
4200200,Agrolândia - SC,10990,9245,84,4,1655,2,84.12192902638762,0.7643312101910829,15.059144676979072,15.823475887170154,0.036396724294813464,0.018198362147406732
4200309,Agronômica - SC,6055,5250,78,4,723,0,86.70520231213872,1.2881915772089183,11.940545004128818,13.228736581337737,0.06606110652353427,0.0
4200408,Água Doce - SC,6508,4341,166,3,1997,1,66.70251997541487,2.5507068223724647,30.685310387215736,33.2360172095882,0.046097111247695145,0.015365703749231715
4200507,Águas de Chapecó - SC,6036,4180,265,3,1584,4,69.25115970841617,4.390324718356528,26.242544731610337,30.632869449966865,0.04970178926441352,0.06626905235255136
4200556,Águas Frias - SC,2839,2197,41,0,599,2,77.38640366326172,1.4441704825642832,21.098978513561114,22.543148996125396,0.0,0.07044734061289186
4200606,Águas Mornas - SC,6743,5935,123,3,676,6,88.01720302535963,1.8241138958920362,10.025211330268426,11.849325226160463,0.04449058282663503,0.08898116565327006
4200705,Alfredo Wagner - SC,10481,8928,252,4,1284,13,85.18271157332316,2.404350729892186,12.250739433260184,14.65509016315237,0.038164297299875964,0.12403396622459689
4200754,Alto Bela Vista - SC,1856,1677,15,1,160,3,90.35560344827586,0.8081896551724138,8.620689655172415,9.42887931034483,0.05387931034482758,0.16163793103448276
4200804,Anchieta - SC,5943,4472,155,2,1313,1,75.24819114925123,2.608110381961972,22.0932189130069,24.701329294968872,0.03365303718660609,0.016826518593303044
4200903,Angelina - SC,5358,5144,31,6,177,0,96.0059723777529,0.5785740948114968,3.303471444568869,3.882045539380366,0.11198208286674133,0.0
4201000,Anita Garibaldi - SC,8285,5282,173,37,2766,27,63.753771876885935,2.088111044055522,33.385636692818345,35.47374773687387,0.44659022329511167,0.3258901629450815
4201109,Anitápolis - SC,3593,3147,59,1,381,5,87.58697467297523,1.642081825772335,10.603952129139994,12.24603395491233,0.027831895352073477,0.13915947676036738
4201208,Antônio Carlos - SC,11224,9812,255,4,1150,3,87.41981468282252,2.2719173200285105,10.245901639344263,12.517818959372773,0.03563791874554526,0.026728439059158945
4201257,Apiúna - SC,9811,8349,203,12,1237,10,85.09835898481296,2.069106105391907,12.608296809703393,14.6774029150953,0.12231169095912751,0.10192640913260625
4201273,Arabutã - SC,4378,3979,80,3,316,0,90.886249428963,1.8273184102329831,7.217907720420283,9.045226130653266,0.06852444038373687,0.0
4201307,Araquari - SC,45283,29403,2861,45,12614,360,64.93165205485502,6.318044299185124,27.855928273303448,34.17397257248857,0.09937504140626725,0.795000331250138
4201406,Araranguá - SC,71922,61020,1971,74,8775,78,84.84191207141069,2.740468841244682,12.200717443897556,14.941186285142237,0.10288924112232696,0.10845082172353383
4201505,Armazém - SC,8834,7655,134,0,1038,7,86.65383744623047,1.5168666515734661,11.750056599501924,13.26692325107539,0.0,0.07923930269413629
4201604,Arroio Trinta - SC,3556,3099,55,4,398,0,87.14848143982002,1.546681664791901,11.192350956130484,12.739032620922385,0.1124859392575928,0.0
4201653,Arvoredo - SC,2510,2018,91,2,375,24,80.39840637450199,3.6254980079681274,14.9402390438247,18.565737051792826,0.0796812749003984,0.9561752988047809
4201703,Ascurra - SC,8319,6856,306,5,1143,9,82.41375165284289,3.678326721961774,13.739632167327803,17.41795888928958,0.060103377809832916,0.10818608005769924
4201802,Atalanta - SC,3227,2838,14,1,373,1,87.9454601797335,0.43383947939262474,11.558723272389216,11.99256275178184,0.030988534242330338,0.030988534242330338
4201901,Aurora - SC,6780,6155,157,3,458,7,90.78171091445428,2.3156342182890857,6.755162241887906,9.070796460176991,0.04424778761061947,0.10324483775811209
4201950,Balneário Arroio do Silva - SC,15820,12617,542,13,2624,24,79.7534766118837,3.4260429835651074,16.586599241466498,20.012642225031605,0.08217446270543616,0.15170670037926676
4202008,Balneário Camboriú - SC,139155,109722,5383,597,23269,179,78.84876576479465,3.868348244763034,16.721641335201753,20.589989579964787,0.42901800150910857,0.128633538140922
4202057,Balneário Barra do Sul - SC,14912,11440,407,37,2964,64,76.71673819742489,2.729345493562232,19.876609442060087,22.605954935622318,0.24812231759656653,0.4291845493562232
4202073,Balneário Gaivota - SC,15669,12836,547,10,2264,11,81.91971408513626,3.490969430084881,14.448911864190439,17.93988129427532,0.06382028208564682,0.0702023102942115
4202081,Bandeirante - SC,3144,2383,120,2,639,0,75.79516539440203,3.816793893129771,20.32442748091603,24.1412213740458,0.06361323155216285,0.0
4202099,Barra Bonita - SC,1668,1361,26,0,281,0,81.5947242206235,1.5587529976019185,16.84652278177458,18.4052757793765,0.0,0.0
4202107,Barra Velha - SC,45369,32611,1460,69,11181,48,71.87947717604531,3.218056382111133,24.644581101633275,27.862637483744408,0.15208622627785492,0.10579911393242082
4202131,Bela Vista do Toldo - SC,5872,4461,89,8,1313,0,75.97070844686648,1.5156675749318802,22.36035422343324,23.87602179836512,0.1362397820163488,0.0
4202156,Belmonte - SC,2658,2096,92,6,464,0,78.85628291948834,3.4612490594431904,17.45673438675696,20.91798344620015,0.22573363431151242,0.0
4202206,Benedito Novo - SC,10520,9125,127,6,1242,19,86.73954372623574,1.2072243346007605,11.806083650190114,13.013307984790874,0.057034220532319393,0.1806083650190114
4202305,Biguaçu - SC,76773,56174,5033,66,15072,428,73.16895262657445,6.555690151485548,19.631901840490798,26.187591991976348,0.0859677230276269,0.5574876584215805
4202404,Blumenau - SC,361261,285354,13272,580,61684,367,78.98832146287587,3.6737981680834633,17.074635789636854,20.748433957720316,0.16054874453649853,0.10158860214637062
4202438,Bocaina do Sul - SC,3515,2454,80,2,979,0,69.81507823613087,2.275960170697013,27.852062588904694,30.128022759601706,0.05689900426742532,0.0
4202453,Bombinhas - SC,25058,17880,1094,106,5899,79,71.3544576582329,4.365871178865033,23.54138398914518,27.907255168010217,0.4230185968552957,0.3152685769015883
4202503,Bom Jardim da Serra - SC,4026,2487,183,1,1354,1,61.77347242921014,4.545454545454546,33.63139592647789,38.17685047193244,0.024838549428713365,0.024838549428713365
4202537,Bom Jesus - SC,2777,1643,75,1,1017,41,59.16456607850198,2.700756211739287,36.62225423118473,39.32301044292402,0.036010082823190494,1.4764133957508103
4202578,Bom Jesus do Oeste - SC,2187,1976,10,0,201,0,90.35208047553726,0.45724737082761774,9.190672153635116,9.647919524462734,0.0,0.0
4202602,Bom Retiro - SC,8418,6221,318,2,1876,1,73.90116417201236,3.7776193870277974,22.2855785222143,26.0631979092421,0.023758612497030172,0.011879306248515086
4202701,Botuverá - SC,5363,4519,91,2,750,1,84.26253962334515,1.6968114861085213,13.984710050344956,15.681521536453477,0.037292560134253215,0.018646280067126608
4202800,Braço do Norte - SC,33773,26379,1427,20,5941,6,78.10677168152074,4.225268705770882,17.59097503923252,21.816243745003405,0.059218902673733455,0.017765670802120038
4202859,Braço do Trombudo - SC,4026,3402,51,0,573,0,84.50074515648286,1.2667660208643816,14.232488822652757,15.499254843517138,0.0,0.0
4202875,Brunópolis - SC,2489,1682,46,0,759,2,67.57734029730815,1.8481317798312575,30.49417436721575,32.342306147047005,0.0,0.08035355564483729
4202909,Brusque - SC,141385,103617,6129,213,31226,195,73.28712381087102,4.334971885277787,22.085794108285885,26.420765993563673,0.15065247374191038,0.13792127877780527
4203006,Caçador - SC,73720,47728,1823,124,24027,15,64.74226804123711,2.4728703201302227,32.59224091155724,35.06511123168746,0.16820401519262074,0.020347259902333152
4203105,Caibi - SC,6304,4916,108,1,1279,0,77.98223350253807,1.7131979695431472,20.288705583756347,22.001903553299492,0.015862944162436547,0.0
4203154,Calmon - SC,3443,1606,77,2,1739,19,46.64536741214057,2.236421725239617,50.50827766482718,52.7446993900668,0.05808887598024978,0.551844321812373
4203204,Camboriú - SC,103074,74790,4297,140,23685,159,72.55952034460678,4.168849564390632,22.978636707608125,27.14748627199876,0.1358247472689524,0.15425810582688165
4203253,Capão Alto - SC,2625,1737,105,2,781,0,66.17142857142858,4.0,29.752380952380953,33.75238095238095,0.0761904761904762,0.0
4203303,Campo Alegre - SC,12501,10042,142,14,2291,12,80.32957363410927,1.1359091272698185,18.326533877289815,19.462443004559635,0.11199104071674267,0.09599232061435085
4203402,Campo Belo do Sul - SC,7257,4389,208,4,2651,4,60.47953699875982,2.866198153506959,36.53024665839879,39.396444811905745,0.05511919525974921,0.05511919525974921
4203501,Campo Erê - SC,9623,6380,287,6,2947,3,66.2994908032838,2.9824379091759328,30.62454536007482,33.606983269250755,0.06235061831029824,0.03117530915514912
4203600,Campos Novos - SC,36932,26868,1240,33,8771,20,72.74991876963067,3.3575219321997185,23.749052312357847,27.106574244557564,0.0893534062601538,0.05415357955160836
4203709,Canelinha - SC,12821,9923,359,5,2530,4,77.39645893456048,2.800093596443335,19.733250136494814,22.53334373293815,0.03899851805631386,0.031198814445051088
4203808,Canoinhas - SC,55016,43159,979,106,10750,22,78.4480878289952,1.7794823324123892,19.539770248654936,21.319252581067325,0.19267122291696961,0.039988367020503124
4203907,Capinzal - SC,23314,16321,802,13,6159,19,70.005147121901,3.4399931371707986,26.417603156901432,29.85759629407223,0.05576048726087329,0.08149609676589174
4203956,Capivari de Baixo - SC,23975,18155,2578,12,3214,16,75.72471324296141,10.752867570385819,13.40563086548488,24.158498435870698,0.05005213764337852,0.0667361835245047
4204004,Catanduvas - SC,10566,6741,330,5,3483,7,63.79897785349233,3.1232254400908577,32.96422487223169,36.087450312322545,0.0473215975771342,0.06625023660798789
4204103,Caxambu do Sul - SC,4614,3104,60,2,1444,4,67.27351538794971,1.3003901170351104,31.29605548331166,32.59644560034677,0.043346337234503686,0.08669267446900737
4204152,Celso Ramos - SC,2805,2139,89,0,577,0,76.2566844919786,3.1729055258467023,20.570409982174688,23.74331550802139,0.0,0.0
4204178,Cerro Negro - SC,3317,1782,63,10,1462,0,53.72324389508592,1.8993066023515224,44.07597226409406,45.975278866445585,0.3014772384684956,0.0
4204194,Chapadão do Lageado - SC,2950,2532,30,0,387,1,85.83050847457628,1.0169491525423728,13.11864406779661,14.135593220338983,0.0,0.03389830508474576
4204202,Chapecó - SC,254785,176060,10572,339,65512,2293,69.10139921894931,4.149380850521028,25.712659693467042,29.86204054398807,0.13305335871421,0.8999744882940518
4204251,Cocal do Sul - SC,17240,15039,460,7,1725,9,87.23317865429235,2.668213457076566,10.005800464037122,12.674013921113689,0.04060324825986079,0.052204176334106726
4204301,Concórdia - SC,81646,63549,2958,52,15055,32,77.8347990103618,3.6229576464248097,18.439360164613085,22.062317811037893,0.06368958675256596,0.0391935918477329
4204350,Cordilheira Alta - SC,4781,3689,123,1,957,11,77.15959004392387,2.5726835390085756,20.01673290106672,22.589416440075297,0.020916126333403055,0.2300773896674336
4204400,Coronel Freitas - SC,10388,7930,291,4,2161,2,76.33808240277243,2.8013092029264537,20.802849441663458,23.604158644589912,0.03850596842510589,0.019252984212552945
4204459,Coronel Martins - SC,2065,1533,38,0,491,3,74.23728813559322,1.8401937046004844,23.777239709443098,25.61743341404358,0.0,0.14527845036319612
4204509,Corupá - SC,15267,12763,255,7,2236,6,83.59861138403092,1.6702692080958932,14.645968428636928,16.316237636732822,0.04585052728106373,0.039300451955197484
4204558,Correia Pinto - SC,15727,10424,472,41,4783,7,66.28091816621098,3.001208113435493,30.41266611559738,33.41387422903287,0.2606981623958797,0.04450944236027214
4204608,Criciúma - SC,214493,172992,14557,189,26530,215,80.6515830353438,6.786701663923765,12.368702008923368,19.155403672847132,0.08811476365196066,0.10023637135011398
4204707,Cunha Porã - SC,10953,9764,224,4,958,3,89.14452661371314,2.0451017985939925,8.746462156486807,10.7915639550808,0.036519674974892724,0.027389756231169543
4204756,Cunhataí - SC,1968,1887,10,0,71,0,95.88414634146342,0.508130081300813,3.6077235772357725,4.115853658536586,0.0,0.0
4204806,Curitibanos - SC,40045,26935,1007,176,11911,16,67.26183044075415,2.514670995130478,29.74403795729804,32.25870895242852,0.4395055562492196,0.03995505056811088
4204905,Descanso - SC,8530,7343,108,1,1072,6,86.08440797186401,1.2661195779601406,12.567409144196953,13.833528722157093,0.011723329425556858,0.07033997655334115
4205001,Dionísio Cerqueira - SC,15008,10039,279,11,4670,9,66.89099147121536,1.8590085287846483,31.116737739872068,32.975746268656714,0.07329424307036247,0.059968017057569295
4205100,Dona Emma - SC,4221,3594,75,0,550,2,85.14570007107321,1.7768301350390903,13.030087656953329,14.806917791992419,0.0,0.04738213693437574
4205159,Doutor Pedrinho - SC,3637,3066,45,5,393,128,84.30024745669508,1.2372834753918065,10.805609018421777,12.042892493813582,0.13747594171020072,3.5193841077811383
4205175,Entre Rios - SC,3402,1628,31,1,580,1162,47.854203409758966,0.9112286890064668,17.048794826572603,17.96002351557907,0.029394473838918283,34.15637860082305
4205191,Ermo - SC,2269,1905,32,0,329,3,83.95769061260467,1.4103129131776113,14.499779638607317,15.910092551784928,0.0,0.13221683561040107
4205209,Erval Velho - SC,4885,3885,108,2,888,2,79.52917093142273,2.210849539406346,18.178096212896623,20.38894575230297,0.04094165813715456,0.04094165813715456
4205308,Faxinal dos Guedes - SC,11192,7439,224,2,3508,15,66.46711937097928,2.0014295925661187,31.343817012151536,33.34524660471766,0.017869907076483203,0.134024303073624
4205357,Flor do Sertão - SC,1783,1234,119,0,430,0,69.20919798093101,6.6741446999439145,24.11665731912507,30.790802019068984,0.0,0.0
4205407,Florianópolis - SC,537211,410298,35813,2398,87542,1148,76.37557682177022,6.6664681102955825,16.29564547263552,22.962113582931103,0.44637954174430533,0.21369629437967577
4205431,Formosa do Sul - SC,2682,1957,88,0,637,0,72.96793437733035,3.2811334824757643,23.750932140193886,27.03206562266965,0.0,0.0
4205456,Forquilhinha - SC,31431,23386,1315,35,6681,14,74.40425058063695,4.183767617956795,21.256084757086953,25.43985237504375,0.11135503165664472,0.044542012662657886
4205506,Fraiburgo - SC,33481,21450,947,19,10964,101,64.06618679250919,2.828469878438517,32.74693109524805,35.57540097368657,0.05674860368567247,0.3016636301185747
4205555,Frei Rogério - SC,2411,1637,46,45,683,0,67.89713811696392,1.907922024056408,28.328494400663626,30.236416424720034,1.8664454583160515,0.0
4205605,Galvão - SC,3210,2165,68,1,970,6,67.44548286604362,2.1183800623052957,30.218068535825545,32.33644859813084,0.03115264797507788,0.18691588785046728
4205704,Garopaba - SC,29959,24934,1254,38,3681,52,83.22707700524049,4.185720484662372,12.286791948996962,16.472512433659332,0.12684001468673856,0.1735705464134317
4205803,Garuva - SC,18545,12792,688,44,4954,67,68.9781612294419,3.7098948503639795,26.71339983823133,30.42329468859531,0.23726071717444056,0.36128336478835266
4205902,Gaspar - SC,72570,54757,3050,98,14580,85,75.45404437095219,4.202838638555877,20.090946672178585,24.293785310734464,0.13504202838638557,0.11712828992696707
4206009,Governador Celso Ramos - SC,16915,14444,416,20,2013,22,85.39166420336979,2.4593556015370974,11.900679869937925,14.360035471475022,0.1182382500738989,0.1300620750812888
4206108,Grão-Pará - SC,6277,5544,114,2,615,2,88.32244702883543,1.8161542137963995,9.797674048112155,11.613828261908555,0.03186235462800701,0.03186235462800701
4206207,Gravatal - SC,12435,10731,740,7,951,6,86.29674306393245,5.950944913550463,7.647768395657419,13.59871330920788,0.05629272215520708,0.04825090470446321
4206306,Guabiruba - SC,24543,18958,767,11,4786,21,77.24402069836613,3.1251273275475695,19.500468565375055,22.625595892922625,0.04481929674448926,0.08556411196675223
4206405,Guaraciaba - SC,10796,9372,173,1,1250,0,86.80992960355687,1.6024453501296776,11.578362356428308,13.180807706557985,0.009262689885142646,0.0
4206504,Guaramirim - SC,46711,33341,1650,47,11644,29,71.37719166791548,3.5323585450964443,24.92774721157757,28.460105756674015,0.10061869795123204,0.06208387745927083
4206603,Guarujá do Sul - SC,4829,3999,69,1,760,0,82.81217643404432,1.42886726030234,15.738248084489543,17.16711534479188,0.02070822116380203,0.0
4206652,Guatambú - SC,8425,5409,319,6,2687,4,64.20178041543026,3.7863501483679527,31.893175074183976,35.67952522255193,0.0712166172106825,0.04747774480712166
4206702,Herval d'Oeste - SC,21724,15469,839,22,5385,9,71.20696004419075,3.862088013257227,24.78825262382618,28.65034063708341,0.10127048425704291,0.041428834468790275
4206751,Ibiam - SC,2008,1864,8,0,136,0,92.82868525896414,0.398406374501992,6.772908366533865,7.171314741035856,0.0,0.0
4206801,Ibicaré - SC,3269,2670,38,1,559,1,81.67635362496176,1.1624349954114408,17.100030590394617,18.26246558580606,0.030590394616090547,0.030590394616090547
4206900,Ibirama - SC,19862,17186,266,8,2362,40,86.52703655221025,1.3392407612526431,11.892055180747155,13.231295941999798,0.040277917631658444,0.20138958815829222
4207007,Içara - SC,59035,50774,2172,17,6040,21,86.00660625052934,3.6791733717286355,10.231218768527144,13.91039214025578,0.02879647666638435,0.03557211823494537
4207106,Ilhota - SC,17046,12588,564,28,3817,49,73.84723688841957,3.3086941217881027,22.3923501114631,25.701044233251203,0.16426141030153701,0.2874574680276898
4207205,Imaruí - SC,11881,10361,202,7,1120,191,87.20646410234829,1.7001935863984514,9.426815924585473,11.127009510983925,0.0589175995286592,1.6076087871391298
4207304,Imbituba - SC,52579,44192,2024,64,6217,82,84.04876471595124,3.8494455961505545,11.824112288175888,15.673557884326442,0.1217215998782784,0.1559557998440442
4207403,Imbuia - SC,5982,5278,85,2,617,0,88.2313607489134,1.420929455031762,10.314276161818789,11.735205616850552,0.03343363423604146,0.0
4207502,Indaial - SC,71549,56073,1933,57,13433,53,78.37006806524201,2.7016450264853455,18.774546115249688,21.476191141735033,0.0796656836573537,0.07407510936560958
4207577,Iomerê - SC,2877,2658,16,0,201,2,92.38790406673618,0.5561348627042058,6.986444212721585,7.542579075425791,0.0,0.06951685783802572
4207601,Ipira - SC,4578,3940,55,0,582,1,86.06378331148973,1.2013979903888161,12.7129750982962,13.914373088685016,0.0,0.021843599825251202
4207650,Iporã do Oeste - SC,9335,8522,69,3,741,0,91.29084092126406,0.7391537225495447,7.937868237814676,8.677021960364222,0.032137118371719335,0.0
4207684,Ipuaçu - SC,7730,2603,63,0,847,4217,33.67399741267788,0.815006468305304,10.957309184993532,11.772315653298836,0.0,54.55368693402328
4207700,Ipumirim - SC,7816,6359,150,3,1301,2,81.35875127942681,1.9191402251791199,16.6453428863869,18.56448311156602,0.0383828045035824,0.0255885363357216
4207759,Iraceminha - SC,3986,3356,30,2,596,2,84.19468138484696,0.7526342197691922,14.952333166081285,15.704967385850477,0.050175614651279475,0.050175614651279475
4207809,Irani - SC,10195,7031,274,5,2879,6,68.96517900931829,2.687591956841589,28.239333006375674,30.926924963217264,0.04904364884747425,0.058852378616969105
4207858,Irati - SC,2069,1601,66,2,400,0,77.38037699371677,3.1899468342194295,19.33301111648139,22.52295795070082,0.09666505558240696,0.0
4207908,Irineópolis - SC,10285,7877,280,2,2118,8,76.5872630043753,2.7224112785610113,20.593096742829363,23.315508021390375,0.019445794846864366,0.07778317938745746
4208005,Itá - SC,7067,5695,171,5,1189,7,80.58582142351776,2.41969718409509,16.824678081222583,19.24437526531767,0.07075137965190322,0.09905193151266449
4208104,Itaiópolis - SC,22051,17356,306,14,4311,63,78.70844859643553,1.3876921681556391,19.550133780780918,20.937825948936556,0.0634891841639835,0.2857013287379257
4208203,Itajaí - SC,264054,183894,16785,687,62424,259,69.64257311004567,6.356654320707128,23.640618964302757,29.997273285009886,0.26017405530686905,0.09808599756110492
4208302,Itapema - SC,75940,56358,3421,156,15906,98,74.21385304187517,4.504872267579668,20.94548327627074,25.450355543850407,0.20542533579141428,0.1290492494074269
4208401,Itapiranga - SC,16638,13819,336,3,2455,25,83.0568577954081,2.019473494410386,14.75537925231398,16.774852746724367,0.018031013342949875,0.15025844452458229
4208450,Itapoá - SC,30750,21077,1078,67,8484,42,68.54308943089431,3.5056910569105693,27.590243902439024,31.09593495934959,0.21788617886178863,0.13658536585365855
4208500,Ituporanga - SC,26525,22176,938,24,3361,26,83.60414703110273,3.536286522148916,12.671065032987748,16.207351555136665,0.09048067860508954,0.09802073515551367
4208609,Jaborá - SC,4310,3284,97,2,927,0,76.19489559164734,2.2505800464037122,21.50812064965197,23.758700696055683,0.04640371229698376,0.0
4208708,Jacinto Machado - SC,10624,8711,112,4,1787,10,81.99359939759036,1.0542168674698795,16.820406626506024,17.874623493975903,0.03765060240963856,0.09412650602409639
4208807,Jaguaruna - SC,20375,17386,1015,17,1936,20,85.33006134969325,4.9815950920245395,9.501840490797546,14.483435582822086,0.0834355828220859,0.09815950920245399
4208906,Jaraguá do Sul - SC,182660,140181,6151,368,35861,95,76.74422424176065,3.3674586663746853,19.632650826672506,23.00010949304719,0.20146720683236616,0.05200919741596409
4208955,Jardinópolis - SC,1776,1282,87,1,403,3,72.18468468468468,4.898648648648648,22.69144144144144,27.59009009009009,0.05630630630630631,0.16891891891891891
4209003,Joaçaba - SC,30146,23374,822,32,5903,13,77.53599150799442,2.7267299144165063,19.581370662774496,22.308100577191002,0.10615006966098321,0.043123465799774434
4209102,Joinville - SC,616317,468401,25532,1599,120284,463,76.00001298033317,4.1426733320677505,19.516579941815657,23.659253273883408,0.25944440928937545,0.07512367823701115
4209151,José Boiteux - SC,5985,4025,112,9,466,1373,67.25146198830409,1.871345029239766,7.7861319966583125,9.657477025898078,0.15037593984962405,22.940685045948204
4209177,Jupiá - SC,2555,1891,76,1,586,1,74.01174168297456,2.974559686888454,22.93542074363992,25.909980430528375,0.03913894324853229,0.03913894324853229
4209201,Lacerdópolis - SC,2248,1925,28,0,295,0,85.63167259786476,1.2455516014234875,13.122775800711743,14.36832740213523,0.0,0.0
4209300,Lages - SC,164981,114559,7124,250,42947,100,69.43769282523442,4.318072990223117,26.03148241312636,30.349555403349477,0.1515326007237197,0.06061304028948788
4209409,Laguna - SC,42785,36535,1776,39,4410,25,85.39207666238167,4.150987495617623,10.30735070702349,14.458338202641112,0.09115344162673834,0.058431693350473296
4209458,Lajeado Grande - SC,1702,1229,7,0,466,0,72.20916568742656,0.4112808460634548,27.37955346650999,27.790834312573445,0.0,0.0
4209508,Laurentino - SC,7932,7137,127,5,662,1,89.97730711043873,1.601109430156329,8.345940494200706,9.947049924357035,0.06303580433686334,0.012607160867372668
4209607,Lauro Müller - SC,14381,12226,315,2,1835,3,85.01495028162158,2.190390098046033,12.759891523538002,14.950281621584034,0.01390723871775259,0.020860858076628887
4209706,Lebon Régis - SC,11472,6776,277,19,4399,1,59.06555090655509,2.4145746164574615,38.3455369595537,40.76011157601116,0.16562064156206416,0.008716875871687587
4209805,Leoberto Leal - SC,3330,3076,30,0,224,0,92.37237237237237,0.9009009009009009,6.726726726726727,7.627627627627628,0.0,0.0
4209854,Lindóia do Sul - SC,4549,3605,82,0,857,5,79.24818641459662,1.8025939766981753,18.83930534183337,20.641899318531546,0.0,0.10991426687183996
4209904,Lontras - SC,12873,11615,191,4,1054,9,90.22760817214325,1.483725627281908,8.18767963955566,9.671405266837567,0.03107278800590383,0.06991377301328362
4210001,Luiz Alves - SC,11684,9628,175,9,1869,3,82.40328654570352,1.4977747346799042,15.996234166381376,17.494008901061278,0.07702841492639508,0.025676138308798356
4210035,Luzerna - SC,5794,5100,62,1,627,4,88.02209181912323,1.070072488781498,10.82153952364515,11.891612012426648,0.01725923369002416,0.06903693476009665
4210050,Macieira - SC,1778,1324,18,0,436,0,74.46569178852643,1.0123734533183353,24.52193475815523,25.534308211473565,0.0,0.0
4210100,Mafra - SC,55286,45040,731,75,9362,75,81.46727923886698,1.3222153890677568,16.93376261621387,18.255978005281627,0.13565821365264263,0.13565821365264263
4210209,Major Gercino - SC,3214,2723,57,0,288,146,84.72308649657748,1.7734909769757312,8.9607965152458,10.734287492221531,0.0,4.542626011200996
4210308,Major Vieira - SC,7425,5840,155,4,1424,1,78.65319865319866,2.0875420875420874,19.17845117845118,21.265993265993266,0.05387205387205387,0.013468013468013467
4210407,Maracajá - SC,7815,6815,167,2,814,17,87.20409468969929,2.1369161868202173,10.415866922584772,12.55278310940499,0.025591810620601407,0.21753039027511195
4210506,Maravilha - SC,28251,22688,703,14,4841,2,80.30866164029592,2.488407490000354,17.135676613217232,19.624084103217587,0.049555767937418144,0.007079395419631164
4210555,Marema - SC,2184,1844,59,0,252,29,84.43223443223444,2.7014652014652016,11.538461538461538,14.23992673992674,0.0,1.3278388278388278
4210605,Massaranduba - SC,17162,14447,283,18,2389,25,84.18016548187857,1.64899195897914,13.920289010604824,15.569280969583964,0.1048828807831255,0.14567066775434098
4210704,Matos Costa - SC,2761,1677,81,0,1003,0,60.7388627308946,2.933719666787396,36.327417602318,39.2611372691054,0.0,0.0
4210803,Meleiro - SC,7006,6381,101,2,522,0,91.07907507850413,1.441621467313731,7.450756494433342,8.892377961747073,0.028546959748786755,0.0
4210852,Mirim Doce - SC,2511,1962,45,0,503,1,78.13620071684588,1.7921146953405018,20.031859816806055,21.823974512146556,0.0,0.039824771007566706
4210902,Modelo - SC,4080,3415,34,3,628,0,83.70098039215686,0.8333333333333334,15.392156862745098,16.225490196078432,0.07352941176470588,0.0
4211009,Mondaí - SC,10066,8590,167,1,1299,9,85.33677727001788,1.6590502682296842,12.904828134313531,14.563878402543216,0.009934432743890324,0.08940989469501291
4211058,Monte Carlo - SC,9117,5296,353,14,3446,7,58.089283755621366,3.871887682351651,37.79752111440167,41.669408796753316,0.1535592848524734,0.0767796424262367
4211108,Monte Castelo - SC,7736,5258,136,15,2327,0,67.96794208893485,1.7580144777662874,30.080144777662873,31.83815925542916,0.1938986556359876,0.0
4211207,Morro da Fumaça - SC,18537,15594,799,8,2127,8,84.12364460268653,4.31029832227437,11.474348600097104,15.784646922371474,0.043156929384474296,0.043156929384474296
4211256,Morro Grande - SC,3010,2764,36,0,210,0,91.82724252491694,1.196013289036545,6.976744186046512,8.172757475083056,0.0,0.0
4211306,Navegantes - SC,86401,57698,4153,127,24300,122,66.77931968379995,4.806657330354973,28.124674482934225,32.9313318132892,0.14698903947870973,0.14120206942049282
4211405,Nova Erechim - SC,5155,3740,226,0,1189,0,72.55092143549952,4.384093113482057,23.06498545101843,27.449078564500486,0.0,0.0
4211454,Nova Itaberaba - SC,4536,3294,129,0,1106,7,72.61904761904762,2.8439153439153437,24.382716049382715,27.22663139329806,0.0,0.15432098765432098
4211504,Nova Trento - SC,13727,11825,231,12,1609,50,86.14409557805784,1.6828148903620601,11.721424928972098,13.404239819334158,0.08741895534348365,0.3642456472645152
4211603,Nova Veneza - SC,13664,11714,374,5,1569,2,85.72892271662764,2.73711943793911,11.482728337236534,14.219847775175644,0.036592505854800936,0.014637002341920375
4211652,Novo Horizonte - SC,2643,1971,46,2,624,0,74.57434733257662,1.7404464623533864,23.609534619750285,25.34998108210367,0.07567158531971245,0.0
4211702,Orleans - SC,23661,20173,746,6,2730,6,85.25844216220786,3.1528675880140313,11.537973881070116,14.690841469084146,0.025358184354000255,0.025358184354000255
4211751,Otacílio Costa - SC,17312,11964,386,4,4951,7,69.10813308687615,2.229667282809612,28.59865988909427,30.828327171903883,0.02310536044362292,0.04043438077634011
4211801,Ouro - SC,7032,5612,178,1,1240,1,79.806598407281,2.5312855517633674,17.633674630261662,20.16496018202503,0.01422070534698521,0.01422070534698521
4211850,Ouro Verde - SC,2181,1319,52,1,809,0,60.47684548372306,2.384227418615314,37.09307657038056,39.47730398899587,0.04585052728106373,0.0
4211876,Paial - SC,1927,1471,22,0,424,10,76.33627400103788,1.141670991177997,22.003113648157758,23.144784639335754,0.0,0.5189413596263622
4211892,Painel - SC,2215,1392,124,0,699,0,62.84424379232506,5.598194130925508,31.557562076749434,37.15575620767494,0.0,0.0
4211900,Palhoça - SC,222598,159431,15208,394,46926,629,71.62283578468809,6.832047008508612,21.081051941167487,27.913098949676098,0.17700069183011527,0.2825721704597526
4212007,Palma Sola - SC,7605,5318,243,8,2035,1,69.92767915844838,3.195266272189349,26.758711374095988,29.953977646285338,0.1051939513477975,0.013149243918474688
4212056,Palmeira - SC,2561,1698,75,3,784,1,66.30222569308864,2.9285435376805937,30.61304178055447,33.541585318235065,0.11714174150722374,0.03904724716907458
4212106,Palmitos - SC,15626,13081,222,12,2302,9,83.71304236528862,1.4207090746192244,14.731857161141686,16.15256623576091,0.07679508511455267,0.0575963138359145
4212205,Papanduva - SC,19150,13842,303,43,4956,6,72.28198433420366,1.5822454308093994,25.879895561357703,27.462140992167104,0.2245430809399478,0.031331592689295036
4212239,Paraíso - SC,4267,3490,76,0,701,0,81.79048511835013,1.781110850714788,16.428404030935084,18.209514881649874,0.0,0.0
4212254,Passo de Torres - SC,12897,10611,418,9,1843,16,82.27494766224703,3.2410638132899123,14.290144994960068,17.53120880824998,0.06978367062107467,0.12405985888191053
4212270,Passos Maia - SC,4034,2213,172,0,1638,11,54.858701041150226,4.263758056519584,40.60485870104115,44.86861675756074,0.0,0.27268220128904314
4212304,Paulo Lopes - SC,9063,7817,373,3,860,10,86.25179300452389,4.115634999448306,9.489131634116738,13.604766633565045,0.033101621979477,0.11033873993158998
4212403,Pedras Grandes - SC,4245,4047,37,0,160,1,95.33568904593639,0.8716136631330977,3.7691401648998824,4.64075382803298,0.0,0.023557126030624265
4212502,Penha - SC,33663,26624,1151,46,5791,51,79.08980185960847,3.4191842675935002,17.202863678222382,20.622047945815883,0.1366485458812346,0.15150164869441227
4212601,Peritiba - SC,2992,2674,28,0,290,0,89.3716577540107,0.9358288770053476,9.692513368983958,10.628342245989305,0.0,0.0
4212650,Pescaria Brava - SC,10190,8710,549,1,923,7,85.47595682041216,5.387634936211972,9.057899901864573,14.445534838076545,0.009813542688910697,0.06869479882237488
4212700,Petrolândia - SC,6716,6000,99,2,614,1,89.33889219773675,1.4740917212626563,9.142346634901727,10.616438356164384,0.029779630732578916,0.014889815366289458
4212809,Balneário Piçarras - SC,27127,20222,1033,54,5759,58,74.54565561986213,3.808014155638294,21.229771076786964,25.037785232425257,0.19906366350868138,0.21380912006488
4212908,Pinhalzinho - SC,21972,16595,688,18,4658,13,75.52794465683597,3.131257964682323,21.19970872018933,24.330966684871655,0.0819224467504096,0.0591662115419625
4213005,Pinheiro Preto - SC,3473,2570,66,0,832,5,73.9994241289951,1.9003743161531816,23.95623380362799,25.85660811978117,0.0,0.14396775122372588
4213104,Piratuba - SC,5769,4570,82,15,1099,3,79.21650199341308,1.4213901889408909,19.050095337146818,20.471485526087708,0.26001040041601664,0.052002080083203325
4213153,Planalto Alegre - SC,2946,2025,67,1,853,0,68.73727087576374,2.2742701968771217,28.954514596062456,31.228784792939578,0.03394433129667346,0.0
4213203,Pomerode - SC,34289,27562,850,45,5802,29,80.3814634430867,2.478929102627665,16.920878415818486,19.39980751844615,0.13123742308028813,0.08457522820729681
4213302,Ponte Alta - SC,4437,2808,126,22,1480,1,63.28600405679513,2.839756592292089,33.35587108406581,36.1956276763579,0.49583051611449175,0.022537750732476897
4213351,Ponte Alta do Norte - SC,3210,1914,43,1,1252,0,59.626168224299064,1.3395638629283488,39.00311526479751,40.34267912772586,0.03115264797507788,0.0
4213401,Ponte Serrada - SC,10649,6161,353,10,4107,18,57.85519767114283,3.3148652455629635,38.56700159639403,41.88186684195699,0.093905531035778,0.16902995586440042
4213500,Porto Belo - SC,27688,21192,1228,37,5210,20,76.5385726668593,4.435134354232881,18.816815949147646,23.251950303380525,0.13363189829529037,0.0722334585379948
4213609,Porto União - SC,32970,24921,695,36,7278,40,75.58689717925387,2.10797694874128,22.074613284804368,24.182590233545646,0.1091901728844404,0.12132241431604489
4213708,Pouso Redondo - SC,17123,13362,319,23,3385,34,78.03539099456871,1.8629912982538106,19.768732114699528,21.63172341295334,0.13432225661391112,0.1985633358640425
4213807,Praia Grande - SC,8270,7002,181,0,1077,10,84.66747279322854,2.18863361547763,13.022974607013301,15.21160822249093,0.0,0.12091898428053205
4213906,Presidente Castello Branco - SC,1689,1502,26,0,161,0,88.92835997631735,1.5393724097098875,9.532267613972765,11.071640023682653,0.0,0.0
4214003,Presidente Getúlio - SC,20010,15742,623,8,3573,64,78.67066466766617,3.1134432783608195,17.856071964017993,20.96951524237881,0.0399800099950025,0.31984007996002
4214102,Presidente Nereu - SC,2301,2074,20,0,203,4,90.13472403302912,0.8691873098652759,8.822251195132552,9.691438504997828,0.0,0.1738374619730552
4214151,Princesa - SC,2964,2367,27,3,565,2,79.8582995951417,0.9109311740890689,19.062078272604587,19.973009446693656,0.10121457489878542,0.06747638326585695
4214201,Quilombo - SC,11022,8218,505,6,2290,3,74.5599709671566,4.581745599709672,20.7766285610597,25.358374160769372,0.05443658138268917,0.027218290691344585
4214300,Rancho Queimado - SC,3279,2997,62,1,213,5,91.39981701738334,1.890820372064654,6.495882891125343,8.386703263189997,0.030497102775236352,0.15248551387618176
4214409,Rio das Antas - SC,6253,4383,115,20,1731,4,70.09435470973932,1.8391172237326083,27.682712298096913,29.52182952182952,0.31984647369262753,0.06396929473852551
4214508,Rio do Campo - SC,6452,5361,102,7,953,29,83.09051456912586,1.5809051456912586,14.77061376317421,16.35151890886547,0.10849349039057657,0.4494730316181029
4214607,Rio do Oeste - SC,7747,7260,83,9,395,0,93.71369562411256,1.0713824706337938,5.098747902413837,6.170130373047631,0.11617400283980896,0.0
4214706,Rio dos Cedros - SC,10865,9029,225,3,1602,6,83.10170271514036,2.0708697653014267,14.744592728946158,16.815462494247583,0.02761159687068569,0.05522319374137138
4214805,Rio do Sul - SC,72587,59424,2050,108,10890,111,81.86589885241159,2.824197170292201,15.002686431454668,17.826883601746868,0.14878697287393058,0.15291994434265088
4214904,Rio Fortuna - SC,4847,4582,42,0,222,1,94.53270063957086,0.8665153703321642,4.580152671755725,5.4466680420878895,0.0,0.020631318341242006
4215000,Rio Negrinho - SC,39261,29576,666,57,8922,40,75.33175415807035,1.6963398792695041,22.724841445709483,24.42118132497899,0.14518224191946205,0.10188227503120145
4215059,Rio Rufino - SC,2397,1581,146,1,669,0,65.95744680851064,6.090947017104714,27.909887359198997,34.000834376303715,0.041718815185648725,0.0
4215075,Riqueza - SC,4768,3549,149,3,1066,1,74.43372483221476,3.125,22.357382550335572,25.482382550335572,0.06291946308724833,0.02097315436241611
4215109,Rodeio - SC,12757,10781,167,2,1800,7,84.51046484283138,1.3090852081210316,14.109900446813514,15.418985654934545,0.015677667163126126,0.05487183507094144
4215208,Romelândia - SC,4823,3740,170,5,907,1,77.54509641302094,3.5247771096827702,18.805722579307485,22.330499688990255,0.1036699149906697,0.02073398299813394
4215307,Salete - SC,7489,6397,32,1,1059,0,85.41861396715183,0.4272933635999466,14.140739751635733,14.56803311523568,0.01335291761249833,0.0
4215356,Saltinho - SC,3632,2341,151,1,1139,0,64.45484581497797,4.157488986784141,31.360132158590307,35.51762114537445,0.02753303964757709,0.0
4215406,Salto Veloso - SC,4390,3217,172,4,993,3,73.28018223234623,3.917995444191344,22.619589977220958,26.537585421412302,0.09111617312072894,0.0683371298405467
4215455,Sangão - SC,12882,10500,763,0,1619,0,81.5090824406148,5.92299332401801,12.56792423536718,18.49091755938519,0.0,0.0
4215505,Santa Cecília - SC,15546,10199,244,9,5093,1,65.60530039881641,1.56953557185128,32.760838800977744,34.33037437282903,0.057892705519104595,0.006432522835456066
4215554,Santa Helena - SC,2425,2074,34,4,313,0,85.52577319587628,1.402061855670103,12.907216494845361,14.309278350515465,0.16494845360824742,0.0
4215604,Santa Rosa de Lima - SC,2088,1980,17,0,90,1,94.82758620689656,0.814176245210728,4.310344827586207,5.124521072796935,0.0,0.04789272030651341
4215653,Santa Rosa do Sul - SC,9792,8411,239,0,1138,4,85.89665032679738,2.440767973856209,11.62173202614379,14.0625,0.0,0.04084967320261438
4215679,Santa Terezinha - SC,8066,7021,50,2,990,3,87.04438383337465,0.6198859409868585,12.273741631539796,12.893627572526654,0.024795437639474338,0.03719315645921151
4215687,Santa Terezinha do Progresso - SC,2576,1887,143,2,544,0,73.2531055900621,5.551242236024844,21.11801242236025,26.669254658385093,0.07763975155279502,0.0
4215695,Santiago do Sul - SC,1651,1240,131,6,274,0,75.10599636583889,7.93458509993943,16.596002422774077,24.530587522713507,0.3634161114476075,0.0
4215703,Santo Amaro da Imperatriz - SC,27272,23485,1252,25,2474,33,86.11396303901438,4.590789087709005,9.071575242006453,13.662364329715459,0.09166911117629803,0.12100322675271341
4215752,São Bernardino - SC,2684,1809,112,4,757,2,67.39940387481371,4.172876304023845,28.204172876304025,32.37704918032787,0.14903129657228018,0.07451564828614009
4215802,São Bento do Sul - SC,83277,66613,1423,60,15133,48,79.98967301896081,1.708755118460079,18.171884193714952,19.88063931217503,0.07204870492452899,0.057638963939623186
4215901,São Bonifácio - SC,2946,2797,35,0,114,0,94.94229463679565,1.1880515953835709,3.869653767820774,5.057705363204345,0.0,0.0
4216008,São Carlos - SC,10282,8877,162,5,1235,3,86.33534331842054,1.575568955456137,12.01128185177981,13.586850807235948,0.048628671464695586,0.02917720287881735
4216057,São Cristóvão do Sul - SC,6084,3701,210,5,2162,6,60.83168967784352,3.4516765285996054,35.53583168967784,38.98750821827745,0.08218277449046679,0.09861932938856016
4216107,São Domingos - SC,9226,6152,272,1,2753,48,66.68111857793193,2.9481898981140255,29.83958378495556,32.78777368306959,0.010838933448948623,0.5202688055495339
4216206,São Francisco do Sul - SC,52674,38559,2258,95,11545,217,73.20309830276797,4.2867448836238,21.917834225614154,26.204579109237955,0.1803546341648631,0.41196795382921364
4216255,São João do Oeste - SC,6295,5977,22,1,294,1,94.94837172359016,0.3494837172359015,4.670373312152502,5.019857029388403,0.015885623510722795,0.015885623510722795
4216305,São João Batista - SC,32687,26707,1159,28,4752,41,81.70526509009699,3.545752133875853,14.537889680912901,18.083641814788756,0.08566096613332518,0.12543212898094044
4216354,São João do Itaperiú - SC,4463,3657,47,4,752,3,81.94039883486444,1.0531032937485996,16.849652699977593,17.902755993726192,0.08962581223392337,0.06721935917544253
4216404,São João do Sul - SC,8668,7804,193,5,658,8,90.03230272265806,2.2265805260729117,7.5911398246423625,9.817720350715273,0.05768343331795108,0.09229349330872173
4216503,São Joaquim - SC,25939,16032,1410,172,8317,8,61.80654612745287,5.435830217047688,32.063687883110376,37.49951810015806,0.6630941825051081,0.030841589883958517
4216602,São José - SC,270299,199523,19167,531,50768,307,73.81566339498112,7.091036222849511,18.782163456024623,25.873199678874133,0.19644911745881413,0.11357792666639537
4216701,São José do Cedro - SC,14167,11846,215,1,2104,1,83.61685607397473,1.517611350321169,14.851415260817392,16.369026611138562,0.007058657443354274,0.007058657443354274
4216800,São José do Cerrito - SC,8708,6593,197,5,1907,6,75.71198897565458,2.262287551676619,21.8994028479559,24.16169039963252,0.0574184657785944,0.06890215893431327
4216909,São Lourenço do Oeste - SC,24791,18211,694,30,5838,17,73.45810979791054,2.7994030091565487,23.548868541002783,26.348271550159332,0.12101165745633496,0.0685732725585898
4217006,São Ludgero - SC,13509,10545,576,9,2368,11,78.05907172995781,4.263824117255163,17.52905470427123,21.792878821526394,0.06662225183211193,0.08142719668369236
4217105,São Martinho - SC,3405,3231,25,0,149,0,94.8898678414097,0.7342143906020558,4.375917767988253,5.110132158590309,0.0,0.0
4217154,São Miguel da Boa Vista - SC,1781,1393,20,0,368,0,78.21448624368333,1.1229646266142617,20.662549129702413,21.785513756316675,0.0,0.0
4217204,São Miguel do Oeste - SC,44330,36359,1249,33,6653,28,82.01894879314234,2.8175050755695916,15.007895330475975,17.825400406045567,0.07444168734491315,0.0631626438078051
4217253,São Pedro de Alcântara - SC,5776,4903,197,7,663,6,84.88573407202216,3.410664819944598,11.478531855955678,14.889196675900276,0.12119113573407202,0.1038781163434903
4217303,Saudades - SC,10265,8669,309,2,1277,8,84.45202143205066,3.0102289332683876,12.440331222601072,15.45056015586946,0.01948368241597662,0.07793472966390648
4217402,Schroeder - SC,20061,15544,568,15,3915,19,77.48367479188475,2.8313643387667615,19.515477792732167,22.346842131498928,0.07477194556602362,0.09471113105029659
4217501,Seara - SC,18620,14187,626,11,3677,118,76.1922663802363,3.3619763694951663,19.747583243823847,23.109559613319014,0.05907626208378088,0.6337271750805585
4217550,Serra Alta - SC,3303,2798,32,0,473,0,84.71086890705419,0.9688162276718135,14.320314865273993,15.289131092945807,0.0,0.0
4217600,Siderópolis - SC,13714,10835,943,2,1929,5,79.00685430946479,6.876184920519178,14.065918039959167,20.942102960478344,0.01458363715910748,0.036459092897768705
4217709,Sombrio - SC,29991,25844,666,17,3449,14,86.17251842219332,2.220666199859958,11.50011670167717,13.720782901537127,0.05668367176819713,0.04668067086792704
4217758,Sul Brasil - SC,2832,2182,65,0,585,0,77.04802259887006,2.2951977401129944,20.656779661016948,22.95197740112994,0.0,0.0
4217808,Taió - SC,18310,15609,354,6,2328,13,85.24849808847624,1.9333697433096668,12.714363735663571,14.647733478973239,0.03276897870016385,0.070999453850355
4217907,Tangará - SC,8143,6468,95,0,1580,0,79.43018543534323,1.1666461991894879,19.403168365467273,20.56981456465676,0.0,0.0
4217956,Tigrinhos - SC,2329,1925,14,0,390,0,82.65349935594676,0.6011163589523401,16.7453842851009,17.34650064405324,0.0,0.0
4218004,Tijucas - SC,51592,38020,2930,36,10422,181,73.69359590634207,5.67917506590169,20.200806326562258,25.879981392463947,0.06977826019537912,0.35082958598232283
4218103,Timbé do Sul - SC,5386,4650,134,4,594,4,86.3349424433717,2.487931674712217,11.028592647604901,13.516524322317117,0.07426661715558856,0.07426661715558856
4218202,Timbó - SC,46099,37696,1008,50,7325,20,81.7718388685221,2.186598407774572,15.889715612052322,18.076314019826896,0.10846222260786569,0.043384889043146274
4218251,Timbó Grande - SC,7342,3810,178,3,3339,12,51.8932171070553,2.4244075183873606,45.478071370198855,47.90247888858622,0.040860800871697085,0.16344320348678834
4218301,Três Barras - SC,19746,14326,600,23,4775,22,72.55140281576016,3.038590094196293,24.18211283297883,27.220702927175125,0.11647928694419123,0.11141497012053074
4218350,Treviso - SC,3782,3296,87,0,399,0,87.14965626652565,2.300370174510841,10.549973558963512,12.850343733474352,0.0,0.0
4218400,Treze de Maio - SC,7362,6828,116,0,411,6,92.74653626731866,1.5756587883727249,5.582722086389568,7.158380874762293,0.0,0.08149959250203749
4218509,Treze Tílias - SC,8787,6809,191,13,1768,6,77.48947308523955,2.1736656424263114,20.120632752930465,22.294298395356776,0.1479458290656652,0.06828269033799932
4218608,Trombudo Central - SC,7274,6084,119,4,1063,4,83.64036293648611,1.6359637063513885,14.613692603794336,16.249656310145724,0.054990376684080286,0.054990376684080286
4218707,Tubarão - SC,110088,95172,5060,95,9716,45,86.45083932853717,4.596322941646683,8.825666739335803,13.421989680982486,0.08629460068308989,0.04087638979725311
4218756,Tunápolis - SC,4916,4529,56,5,326,0,92.12774613506916,1.1391375101708707,6.6314076484947115,7.770545158665582,0.10170870626525631,0.0
4218806,Turvo - SC,13043,11393,260,3,1387,0,87.34953614965882,1.9934064249022465,10.634056582074676,12.627463006976923,0.02300084336425669,0.0
4218855,União do Oeste - SC,2774,2037,87,1,649,0,73.43186733958183,3.1362653208363374,23.39581831290555,26.532083633741887,0.03604902667627974,0.0
4218905,Urubici - SC,10834,7624,479,8,2714,9,70.37105408897914,4.421266383607163,25.050766106701126,29.472032490308287,0.07384160974709249,0.08307181096547905
4218954,Urupema - SC,2656,1654,215,7,779,1,62.274096385542165,8.09487951807229,29.329819277108435,37.424698795180724,0.2635542168674699,0.03765060240963856
4219002,Urussanga - SC,20919,18450,602,6,1857,4,88.19733256847842,2.8777666236435775,8.877097375591568,11.754863999235145,0.0286820593718629,0.019121372914575267
4219101,Vargeão - SC,3634,2492,101,0,1041,0,68.5745734727573,2.7793065492570173,28.64611997798569,31.42542652724271,0.0,0.0
4219150,Vargem - SC,2627,1710,25,1,891,0,65.09326227636087,0.951655881233346,33.91701560715645,34.86867148838979,0.03806623524933384,0.0
4219176,Vargem Bonita - SC,4576,2869,168,34,1500,5,62.69667832167832,3.6713286713286712,32.77972027972028,36.45104895104895,0.743006993006993,0.10926573426573427
4219200,Vidal Ramos - SC,6189,5737,80,0,372,0,92.69671998707383,1.2926159314913557,6.010664081434804,7.30328001292616,0.0,0.0
4219309,Videira - SC,55466,40698,1650,25,13080,10,73.37467998413443,2.9747953701366603,23.582014206901526,26.556809577038187,0.04507265712328273,0.018029062849313094
4219358,Vitor Meireles - SC,5370,4495,35,4,377,459,83.70577281191807,0.6517690875232774,7.02048417132216,7.672253258845437,0.074487895716946,8.547486033519553
4219408,Witmarsum - SC,4255,3660,37,0,550,8,86.01645123384253,0.8695652173913043,12.925969447708578,13.795534665099883,0.0,0.18801410105757932
4219507,Xanxerê - SC,51607,36281,1401,52,13708,165,70.30247834596082,2.7147479993024204,26.562288061697057,29.277036060999478,0.10076152459937605,0.31972406844032786
4219606,Xavantina - SC,3653,3192,38,0,417,6,87.38023542294005,1.0402408978921434,11.415275116342732,12.455516014234876,0.0,0.16424856282507527
4219705,Xaxim - SC,31918,21534,1709,22,8601,52,67.46663324769722,5.354345510370324,26.947177141424902,32.301522651795224,0.06892662447521775,0.16291747603233286
4219853,Zortéa - SC,3930,2739,188,1,1002,0,69.69465648854961,4.783715012722646,25.49618320610687,30.279898218829516,0.02544529262086514,0.0
4220000,Balneário Rincão - SC,15981,13113,912,3,1945,8,82.05368875539703,5.7067767974469685,12.170702709467493,17.87747950691446,0.018772292096865026,0.05005944559164007
4300034,Aceguá - RS,4170,3310,376,5,460,19,79.37649880095923,9.016786570743406,11.031175059952039,20.047961630695447,0.11990407673860912,0.4556354916067146
4300059,Água Santa - RS,3912,3070,49,3,390,399,78.47648261758691,1.252556237218814,9.969325153374234,11.221881390593047,0.07668711656441718,10.199386503067485
4300109,Agudo - RS,16041,13646,508,7,1879,1,85.0695093822081,3.1668848575525215,11.713733557758244,14.880618415310765,0.04363817717099931,0.006234025310142759
4300208,Ajuricaba - RS,6720,5704,123,4,888,1,84.88095238095238,1.8303571428571428,13.214285714285714,15.044642857142856,0.05952380952380952,0.01488095238095238
4300307,Alecrim - RS,6123,5083,70,2,968,0,83.01486199575372,1.1432304425934998,15.809243834721542,16.95247427731504,0.03266372693124286,0.0
4300406,Alegrete - RS,72409,49491,6454,22,16383,59,68.34923835434822,8.913256639368035,22.625640459058957,31.538897098426993,0.0303829634437708,0.0814815837810217
4300455,Alegria - RS,3651,2918,55,0,678,0,79.92330868255273,1.5064365927143248,18.57025472473295,20.076691317447278,0.0,0.0
4300471,Almirante Tamandaré do Sul - RS,1969,1747,54,0,168,0,88.72524123920772,2.7425088877602843,8.532249873031995,11.27475876079228,0.0,0.0
4300505,Alpestre - RS,7117,5829,163,4,1112,9,81.90248700295068,2.2902908528874524,15.624560910495996,17.91485176338345,0.05620345651257552,0.12645777715329493
4300554,Alto Alegre - RS,1800,1555,39,0,206,0,86.38888888888889,2.1666666666666665,11.444444444444445,13.61111111111111,0.0,0.0
4300570,Alto Feliz - RS,3072,2818,60,1,193,0,91.73177083333333,1.953125,6.282552083333333,8.235677083333332,0.032552083333333336,0.0
4300604,Alvorada - RS,187315,124902,27839,111,34228,234,66.68019112190694,14.862130635560419,18.272962656487735,33.135093292048154,0.05925846835544404,0.12492325761417933
4300638,Amaral Ferrador - RS,5310,4216,541,7,545,1,79.39736346516007,10.188323917137476,10.263653483992467,20.451977401129945,0.1318267419962335,0.018832391713747645
4300646,Ametista do Sul - RS,7650,5402,196,9,2031,12,70.61437908496733,2.5620915032679736,26.54901960784314,29.111111111111114,0.11764705882352941,0.1568627450980392
4300661,André da Rocha - RS,1135,800,68,5,256,6,70.48458149779735,5.991189427312776,22.555066079295155,28.54625550660793,0.44052863436123346,0.5286343612334802
4300703,Anta Gorda - RS,5957,5598,61,1,296,1,93.97347658217224,1.0240053718314588,4.968944099378882,5.99294947121034,0.016786973308712438,0.016786973308712438
4300802,Antônio Prado - RS,13045,11085,438,2,1513,7,84.97508623993868,3.3576082790341126,11.598313530088156,14.955921809122268,0.015331544653123802,0.053660406285933306
4300851,Arambaré - RS,4112,3308,408,5,387,4,80.44747081712062,9.922178988326849,9.41147859922179,19.333657587548636,0.12159533073929961,0.09727626459143969
4300877,Araricá - RS,8525,6929,147,2,1443,4,81.27859237536657,1.7243401759530792,16.926686217008797,18.651026392961874,0.02346041055718475,0.0469208211143695
4300901,Aratiba - RS,6483,5740,148,1,594,0,88.53925651704458,2.2828937220422643,9.16242480333179,11.445318525374054,0.01542495758136665,0.0
4301008,Arroio do Meio - RS,21958,19260,644,4,2043,7,87.71290645778303,2.9328718462519356,9.304126058839604,12.236997905091538,0.018216595318335003,0.031879041807086256
4301057,Arroio do Sal - RS,11057,9184,362,0,1501,10,83.06050465768291,3.2739441078050104,13.575110789545084,16.849054897350094,0.0,0.09044044496698923
4301073,Arroio do Padre - RS,2599,2405,85,0,108,1,92.53559061177376,3.2704886494805696,4.155444401692959,7.425933051173528,0.0,0.038476337052712584
4301107,Arroio dos Ratos - RS,14601,11846,965,2,1779,9,81.13142935415382,6.609136360523252,12.184096979658927,18.793233340182177,0.013697691938908295,0.06163961372508732
4301206,Arroio do Tigre - RS,12058,10195,292,8,1561,2,84.54967656327749,2.4216287941615526,12.945762149610218,15.36739094377177,0.06634599436059048,0.01658649859014762
4301305,Arroio Grande - RS,17558,14390,1247,6,1891,23,81.95694270418043,7.102175646428978,10.770019364392299,17.872195010821276,0.03417245699965828,0.13099441849869006
4301404,Arvorezinha - RS,10322,9166,217,0,939,0,88.80062003487696,2.1023057546987016,9.097074210424337,11.199379965123038,0.0,0.0
4301503,Augusto Pestana - RS,7149,6015,174,2,953,5,84.13764162819975,2.433906840117499,13.330535739264233,15.764442579381733,0.027975940691005736,0.06993985172751434
4301552,Áurea - RS,3396,3188,43,0,165,0,93.87514723203769,1.266195524146054,4.858657243816254,6.124852767962309,0.0,0.0
4301602,Bagé - RS,117938,82964,12984,96,21793,101,70.34543573742135,11.009174311926605,18.478353032949517,29.48752734487612,0.08139870101239634,0.08563821669012532
4301636,Balneário Pinhal - RS,14955,11244,1252,4,2406,49,75.18555667001003,8.37178201270478,16.08826479438315,24.46004680708793,0.026746907388833167,0.32764961551320626
4301651,Barão - RS,6461,5832,91,2,535,1,90.26466491255223,1.408450704225352,8.280451942423774,9.688902646649126,0.030954960532425323,0.015477480266212661
4301701,Barão de Cotegipe - RS,7144,6322,84,0,686,52,88.49384098544233,1.1758118701007838,9.602463605823068,10.778275475923852,0.0,0.7278835386338186
4301750,Barão do Triunfo - RS,5889,4932,151,0,805,1,83.7493632195619,2.5641025641025643,13.669553404652742,16.233655968755308,0.0,0.016980811682798438
4301800,Barracão - RS,4831,3584,126,1,1117,3,74.1875388118402,2.608155661353757,23.121506934382115,25.72966259573587,0.0206996481059822,0.062098944317946596
4301859,Barra do Guarita - RS,3161,2419,105,0,636,1,76.52641569123695,3.321733628598545,20.1202151217969,23.441948750395444,0.0,0.03163555836760519
4301875,Barra do Quaraí - RS,4241,2795,269,0,1176,1,65.90426786135346,6.342843668946004,27.72930912520632,34.07215279415232,0.0,0.02357934449422306
4301909,Barra do Ribeiro - RS,12225,9586,911,0,1465,263,78.41308793456032,7.451942740286299,11.98364008179959,19.43558282208589,0.0,2.1513292433537834
4301925,Barra do Rio Azul - RS,1696,1597,25,0,74,0,94.1627358490566,1.474056603773585,4.363207547169812,5.837264150943397,0.0,0.0
4301958,Barra Funda - RS,2498,2127,69,0,298,4,85.14811849479584,2.762209767814251,11.929543634907926,14.691753402722178,0.0,0.16012810248198558
4302006,Barros Cassal - RS,9296,6779,233,1,2277,6,72.92383820998279,2.5064543889845097,24.494406196213426,27.000860585197934,0.010757314974182444,0.06454388984509467
4302055,Benjamin Constant do Sul - RS,2082,940,53,0,137,952,45.14889529298751,2.5456292026897214,6.580211335254563,9.125840537944285,0.0,45.725264169068204
4302105,Bento Gonçalves - RS,123151,99591,5109,76,18262,108,80.86901446192073,4.14856558209028,14.828949825823582,18.977515407913863,0.061712856574449255,0.08769721723737525
4302154,Boa Vista das Missões - RS,1933,1269,11,0,653,0,65.64924987066736,0.5690636316606311,33.78168649767201,34.350750129332646,0.0,0.0
4302204,Boa Vista do Buricá - RS,6966,6185,78,4,699,0,88.78840080390468,1.119724375538329,10.034453057708872,11.1541774332472,0.05742176284811944,0.0
4302220,Boa Vista do Cadeado - RS,2229,1981,71,0,177,0,88.87393449977569,3.1852848811126067,7.94078061911171,11.126065500224316,0.0,0.0
4302238,Boa Vista do Incra - RS,2271,2003,20,0,247,1,88.19903126376046,0.8806693086745927,10.87626596213122,11.756935270805812,0.0,0.044033465433729636
4302253,Boa Vista do Sul - RS,2779,2566,44,1,166,2,92.3353724361281,1.583303346527528,5.973371716444764,7.5566750629722925,0.035984166966534725,0.07196833393306945
4302303,Bom Jesus - RS,11202,7425,420,9,3330,18,66.28280664167113,3.7493304767005893,29.726834493840386,33.47616497054098,0.08034279592929834,0.16068559185859668
4302352,Bom Princípio - RS,13142,11906,237,1,989,9,90.5950388068787,1.803378481205296,7.525490792877797,9.328869274083093,0.0076091919038198145,0.06848272713437834
4302378,Bom Progresso - RS,2096,1647,48,0,401,0,78.57824427480917,2.2900763358778624,19.13167938931298,21.42175572519084,0.0,0.0
4302402,Bom Retiro do Sul - RS,12294,10491,643,2,1146,12,85.33430941922889,5.230193590369286,9.321620302586627,14.551813892955913,0.016268098259313486,0.09760858955588092
4302451,Boqueirão do Leão - RS,6247,4799,138,1,1305,4,76.82087401952937,2.2090603489675043,20.890027213062268,23.099087562029773,0.01600768368817032,0.06403073475268128
4302501,Bossoroca - RS,5890,4070,247,4,1569,0,69.10016977928693,4.193548387096774,26.6383701188455,30.831918505942276,0.06791171477079797,0.0
4302584,Bozano - RS,2151,1812,17,1,320,1,84.23988842398884,0.7903300790330079,14.876801487680149,15.667131566713158,0.046490004649000466,0.046490004649000466
4302600,Braga - RS,3268,2084,94,1,1082,7,63.76988984088127,2.876376988984088,33.10893512851897,35.98531211750306,0.030599755201958383,0.2141982864137087
4302659,Brochier - RS,4966,4550,133,0,279,4,91.62303664921465,2.6782118405155053,5.618203785743053,8.296415626258558,0.0,0.08054772452678212
4302709,Butiá - RS,19084,14699,1579,42,2753,11,77.02263676378118,8.273946761685181,14.42569691888493,22.699643680570112,0.2200796478725634,0.05763990777614756
4302808,Caçapava do Sul - RS,32515,25629,3932,14,2872,68,78.82208211594649,12.092880209134245,8.832846378594494,20.92572658772874,0.04305705059203445,0.20913424573273873
4302907,Cacequi - RS,11157,8398,674,4,2080,1,75.27113023214126,6.041050461593619,18.643004391861613,24.68405485345523,0.03585193152281079,0.008962982880702698
4303004,Cachoeira do Sul - RS,80070,64639,6396,62,8837,134,80.72811290121145,7.988010490820532,11.036592981141501,19.02460347196203,0.07743224678406395,0.1673535656300737
4303103,Cachoeirinha - RS,136258,107048,11001,124,17950,135,78.5627265922001,8.073654390934845,13.173538434440546,21.247192825375393,0.09100383096772299,0.0990767514567952
4303202,Cacique Doble - RS,4603,2921,55,0,641,986,63.45861394742559,1.1948729089724093,13.925700630023897,15.120573538996306,0.0,21.420812513578102
4303301,Caibaté - RS,4704,3554,73,1,1075,1,75.55272108843538,1.5518707482993197,22.852891156462587,24.404761904761905,0.021258503401360544,0.021258503401360544
4303400,Caiçara - RS,4836,3908,46,0,879,3,80.81058726220016,0.9511993382961125,18.17617866004963,19.127377998345743,0.0,0.062034739454094295
4303509,Camaquã - RS,62200,51570,3945,19,6459,207,82.90996784565917,6.342443729903537,10.384244372990354,16.726688102893892,0.03054662379421222,0.3327974276527331
4303558,Camargo - RS,2981,2500,55,0,426,0,83.86447500838645,1.845018450184502,14.290506541429052,16.135524991613554,0.0,0.0
4303608,Cambará do Sul - RS,6361,5085,260,1,1013,2,79.94026096525704,4.087407640308128,15.925168998585129,20.012576638893258,0.015720798616569723,0.03144159723313945
4303673,Campestre da Serra - RS,3242,2661,76,0,505,0,82.07896360271437,2.3442319555829734,15.576804441702652,17.921036397285626,0.0,0.0
4303707,Campina das Missões - RS,5882,5457,47,1,376,1,92.77456647398844,0.7990479428765725,6.39238354301258,7.191431485889153,0.017001020061203673,0.017001020061203673
4303806,Campinas do Sul - RS,5284,4380,145,1,757,1,82.89174867524602,2.7441332323996974,14.326267978803937,17.070401211203635,0.018925056775170326,0.018925056775170326
4303905,Campo Bom - RS,62886,53678,1940,47,7189,31,85.35763126928092,3.0849473650733072,11.431797220367013,14.516744585440321,0.07473841554559044,0.049295550679006456
4304002,Campo Novo - RS,4975,3380,75,1,1519,0,67.93969849246231,1.5075376884422111,30.532663316582916,32.040201005025125,0.020100502512562814,0.0
4304101,Campos Borges - RS,3613,3048,34,3,527,1,84.36202601716026,0.941046221976197,14.586216440631054,15.527262662607251,0.08303349017437033,0.027677830058123444
4304200,Candelária - RS,28906,24305,1446,9,3142,4,84.08288936552965,5.002421642565557,10.869715629973015,15.872137272538573,0.031135404414308447,0.013837957517470422
4304309,Cândido Godói - RS,6294,5965,49,0,279,1,94.77279949157928,0.7785192246584048,4.4327931363203055,5.21131236097871,0.0,0.01588814744200826
4304358,Candiota - RS,10710,7281,874,6,2518,31,67.98319327731092,8.160597572362278,23.51073762838469,31.671335200746967,0.056022408963585436,0.28944911297852477
4304408,Canela - RS,48946,36931,2375,31,9478,131,75.45253953336329,4.8522861929473295,19.364197278633597,24.216483471580926,0.06333510399215463,0.26764189106362113
4304507,Canguçu - RS,49680,44254,2785,10,2598,33,89.07809983896941,5.605877616747182,5.229468599033816,10.835346215780998,0.020128824476650563,0.06642512077294686
4304606,Canoas - RS,347657,273200,26717,415,46969,344,78.5832012587119,7.684873309037356,13.510155124159732,21.195028433197088,0.11937052899840934,0.09894810114566945
4304614,Canudos do Vale - RS,1656,1590,25,0,41,0,96.01449275362319,1.5096618357487923,2.475845410628019,3.9855072463768115,0.0,0.0
4304622,Capão Bonito do Sul - RS,1733,1205,31,0,497,0,69.53260242354298,1.788805539526832,28.67859203693018,30.46739757645701,0.0,0.0
4304630,Capão da Canoa - RS,63594,52051,3870,46,7572,55,81.84891656445576,6.085479762241721,11.906783658835739,17.99226342107746,0.07233386797496619,0.0864861464918074
4304655,Capão do Cipó - RS,3119,2507,93,0,519,0,80.3783263866624,2.9817249118307148,16.639948701506892,19.621673613337606,0.0,0.0
4304663,Capão do Leão - RS,26487,20335,2366,21,3726,39,76.77351153396006,8.932683958168157,14.067278287461773,22.99996224562993,0.07928417714350436,0.1472420432665081
4304671,Capivari do Sul - RS,3991,2917,471,0,579,24,73.08945126534704,11.80155349536457,14.507642194938612,26.309195690303184,0.0,0.601353044349787
4304689,Capela de Santana - RS,11159,9540,396,10,1122,91,85.49153149923828,3.548705081100457,10.054664396451296,13.603369477551752,0.08961376467425397,0.8154852585357111
4304697,Capitão - RS,2921,2644,58,4,215,0,90.51694625128381,1.9856213625470729,7.360492981855529,9.346114344402602,0.13693940431359122,0.0
4304705,Carazinho - RS,61804,48903,2464,29,10276,132,79.12594654067698,3.986796971069834,16.626755549802603,20.613552520872435,0.046922529286130346,0.21357840916445536
4304713,Caraá - RS,7394,6873,131,2,358,30,92.95374628076819,1.7717067892886125,4.841763592101704,6.613470381390316,0.027048958615093318,0.40573437922639977
4304804,Carlos Barbosa - RS,30420,26688,707,10,2995,20,87.73175542406311,2.324128862590401,9.845496383957922,12.169625246548323,0.03287310979618672,0.06574621959237344
4304853,Carlos Gomes - RS,1368,1278,9,0,76,5,93.42105263157895,0.6578947368421053,5.555555555555555,6.213450292397661,0.0,0.3654970760233918
4304903,Casca - RS,9465,8106,216,0,1142,1,85.6418383518225,2.282091917591125,12.065504490227152,14.347596407818276,0.0,0.010565240359218173
4304952,Caseiros - RS,3000,2370,42,1,583,4,79.0,1.4,19.433333333333334,20.833333333333332,0.03333333333333333,0.13333333333333333
4305009,Catuípe - RS,8674,6953,194,0,1527,0,80.15909614941204,2.23656905695181,17.604334793636156,19.840903850587967,0.0,0.0
4305108,Caxias do Sul - RS,463501,354450,21980,359,86265,437,76.47232692054602,4.742168841059674,18.611610330937797,23.35377917199747,0.07745398607554245,0.09428242873262409
4305116,Centenário - RS,2721,2612,33,0,75,1,95.99411980889379,1.2127894156560088,2.7563395810363835,3.969128996692392,0.0,0.036751194413818446
4305124,Cerrito - RS,5808,4801,441,0,564,2,82.66184573002755,7.5929752066115705,9.710743801652892,17.303719008264462,0.0,0.03443526170798898
4305132,Cerro Branco - RS,3802,3274,157,2,365,4,86.11257233035245,4.129405576012625,9.600210415570752,13.729615991583376,0.052603892688058915,0.10520778537611783
4305157,Cerro Grande - RS,2379,1618,72,0,687,2,68.01176965111391,3.0264817150063053,28.87767969735183,31.904161412358135,0.0,0.08406893652795293
4305173,Cerro Grande do Sul - RS,9178,7296,483,4,1392,3,79.49444323382001,5.262584441054696,15.16670298539987,20.429287426454565,0.043582479843103074,0.03268685988232731
4305207,Cerro Largo - RS,13705,10671,233,8,2788,5,77.8620941262313,1.7001094491061657,20.342940532652317,22.043049981758482,0.058372856621670924,0.036483035388544326
4305306,Chapada - RS,9540,8311,133,11,1085,0,87.11740041928721,1.3941299790356394,11.373165618448636,12.767295597484276,0.11530398322851153,0.0
4305355,Charqueadas - RS,35012,27845,2183,31,4804,149,79.52987547126699,6.235005141094482,13.721009939449331,19.956015080543814,0.08854107163258311,0.4255683765566092
4305371,Charrua - RS,2768,1574,8,0,77,1109,56.86416184971098,0.28901734104046245,2.781791907514451,3.070809248554913,0.0,40.0650289017341
4305405,Chiapetta - RS,3913,3096,51,0,766,0,79.12087912087912,1.303347814975722,19.575773064145157,20.87912087912088,0.0,0.0
4305439,Chuí - RS,6262,5010,230,3,1003,16,80.00638773554775,3.672947939955286,16.01724688597892,19.690194825934206,0.047908016608112426,0.2555094219099329
4305447,Chuvisca - RS,4597,4143,180,0,274,0,90.12399390907113,3.915597128562106,5.960408962366761,9.876006090928866,0.0,0.0
4305454,Cidreira - RS,17071,12836,1433,11,2769,22,75.19184582039716,8.39435299630953,16.22049089098471,24.614843887294242,0.0644367641028645,0.128873528205729
4305504,Ciríaco - RS,4149,3180,141,1,827,0,76.64497469269703,3.398409255242227,19.932513858761148,23.330923114003376,0.024102193299590263,0.0
4305587,Colinas - RS,2423,2258,30,0,133,2,93.19026000825423,1.2381345439537763,5.489063144861742,6.727197688815519,0.0,0.08254230293025175
4305603,Colorado - RS,3258,2601,259,0,397,1,79.8342541436464,7.949662369551873,12.185389809699203,20.135052179251076,0.0,0.030693677102516883
4305702,Condor - RS,6406,4938,207,0,1261,0,77.08398376522011,3.2313456134873557,19.68467062129254,22.916016234779896,0.0,0.0
4305801,Constantina - RS,10385,8065,204,2,1712,402,77.66008666345691,1.9643716899374097,16.485315358690418,18.449687048627826,0.019258545979778528,3.870967741935484
4305835,Coqueiro Baixo - RS,1290,1185,49,0,56,0,91.86046511627907,3.798449612403101,4.341085271317829,8.13953488372093,0.0,0.0
4305850,Coqueiros do Sul - RS,2211,1895,51,0,264,1,85.70782451379466,2.306648575305292,11.940298507462687,14.24694708276798,0.0,0.045228403437358664
4305871,Coronel Barros - RS,2822,2321,50,5,441,5,82.24663359319632,1.7717930545712262,15.627214741318214,17.39900779588944,0.1771793054571226,0.1771793054571226
4305900,Coronel Bicaco - RS,6144,4086,183,3,1852,20,66.50390625,2.978515625,30.143229166666668,33.12174479166667,0.048828125,0.3255208333333333
4305934,Coronel Pilar - RS,1607,1485,18,0,104,0,92.40821406347231,1.120099564405725,6.471686372121966,7.591785936527691,0.0,0.0
4305959,Cotiporã - RS,3846,3560,29,1,255,1,92.56370254810193,0.7540301612064483,6.6302652106084246,7.384295371814873,0.026001040041601663,0.026001040041601663
4305975,Coxilha - RS,2667,1934,84,3,641,5,72.51593550806149,3.1496062992125986,24.034495688038994,27.184101987251594,0.1124859392575928,0.18747656542932134
4306007,Crissiumal - RS,12886,11196,268,7,1409,6,86.88499146360391,2.0797765016296754,10.934347353717213,13.014123855346888,0.054322520564954214,0.04656216048424647
4306056,Cristal - RS,7299,5794,641,0,830,34,79.38073708727222,8.782024934922593,11.371420742567475,20.15344567749007,0.0,0.4658172352377038
4306072,Cristal do Sul - RS,2692,2019,50,2,620,1,75.0,1.8573551263001487,23.031203566121842,24.88855869242199,0.07429420505200594,0.03714710252600297
4306106,Cruz Alta - RS,58913,46933,2540,29,9377,33,79.6649296420145,4.311442296267377,15.916690713424881,20.228133009692257,0.049225128579430684,0.05601480148693837
4306130,Cruzaltense - RS,1635,1450,24,0,161,0,88.68501529051987,1.4678899082568808,9.84709480122324,11.314984709480122,0.0,0.0
4306205,Cruzeiro do Sul - RS,11600,9938,395,0,1236,31,85.67241379310344,3.4051724137931036,10.655172413793103,14.060344827586206,0.0,0.2672413793103448
4306304,David Canabarro - RS,4321,3749,122,1,440,9,86.76232353621847,2.8234205045128444,10.182828049062717,13.006248553575562,0.023142791020597082,0.20828511918537376
4306320,Derrubadas - RS,2751,2268,45,1,437,0,82.44274809160305,1.6357688113413305,15.885132679025808,17.520901490367137,0.03635041802980734,0.0
4306353,Dezesseis de Novembro - RS,2507,2159,19,1,328,0,86.11886717191862,0.7578779417630634,13.083366573593937,13.841244515357,0.03988831272437176,0.0
4306379,Dilermando de Aguiar - RS,2806,2146,104,0,555,1,76.47897362794014,3.706343549536707,19.77904490377762,23.48538845331433,0.0,0.03563791874554526
4306403,Dois Irmãos - RS,30709,27373,466,19,2832,19,89.1367351590739,1.5174704484027484,9.222052167117132,10.739522615519881,0.06187111270311635,0.06187111270311635
4306429,Dois Irmãos das Missões - RS,2090,1220,87,1,779,3,58.3732057416268,4.162679425837321,37.27272727272727,41.43540669856459,0.04784688995215311,0.14354066985645933
4306452,Dois Lajeados - RS,3097,2885,32,1,179,0,93.15466580561834,1.0332579916047788,5.779786890539231,6.81304488214401,0.03228931223764934,0.0
4306502,Dom Feliciano - RS,13051,10464,1079,2,1505,1,80.17776415600338,8.267565703777489,11.53168339590836,19.79924909968585,0.01532449620718719,0.007662248103593595
4306551,Dom Pedro de Alcântara - RS,2562,2414,51,0,95,2,94.22326307572209,1.990632318501171,3.708040593286495,5.698672911787666,0.0,0.078064012490242
4306601,Dom Pedrito - RS,36981,28423,3570,16,4959,11,76.85838673913631,9.653605905735377,13.409588707714773,23.06319461345015,0.043265460641951276,0.0297450041913415
4306700,Dona Francisca - RS,3079,2303,250,1,521,4,74.7970120168886,8.119519324455991,16.921078272166287,25.040597596622277,0.03247807729782397,0.12991230919129587
4306734,Doutor Maurício Cardoso - RS,4470,3643,141,0,686,0,81.49888143176734,3.1543624161073827,15.34675615212528,18.501118568232663,0.0,0.0
4306759,Doutor Ricardo - RS,1888,1644,55,1,188,0,87.07627118644068,2.913135593220339,9.957627118644067,12.870762711864407,0.05296610169491525,0.0
4306767,Eldorado do Sul - RS,39559,29445,3165,19,6872,58,74.43312520538942,8.000707803533961,17.37152101923709,25.37222882277105,0.04802952551884527,0.14661644632068555
4306809,Encantado - RS,22962,18842,1336,9,2766,8,82.05731208082919,5.818308509711698,12.045989025346223,17.864297535057922,0.03919519205644108,0.03484017071683651
4306908,Encruzilhada do Sul - RS,23819,17740,2300,7,3756,15,74.47835761366976,9.65615684957387,15.768923968260632,25.425080817834502,0.02938830345522482,0.06297493597548176
4306924,Engenho Velho - RS,1296,805,28,0,75,388,62.114197530864196,2.1604938271604937,5.787037037037037,7.947530864197531,0.0,29.938271604938272
4306932,Entre-Ijuís - RS,9158,6749,286,0,2100,23,73.69512994103516,3.122952609740118,22.930770910679186,26.053723520419304,0.0,0.251146538545534
4306957,Entre Rios do Sul - RS,2685,1921,107,0,655,2,71.54562383612662,3.985102420856611,24.394785847299815,28.379888268156424,0.0,0.074487895716946
4306973,Erebango - RS,3054,1859,69,0,675,451,60.870988867059594,2.2593320235756384,22.102161100196465,24.361493123772103,0.0,14.767518009168304
4307005,Erechim - RS,105705,84006,3171,57,18311,154,79.47211579395487,2.9998580956435363,17.322737808050707,20.322595903694243,0.053923655456222505,0.14568847263610993
4307054,Ernestina - RS,3034,2647,21,0,366,0,87.24456163480554,0.6921555702043507,12.063282794990112,12.755438365194463,0.0,0.0
4307104,Herval - RS,6191,4654,537,9,991,0,75.17363915361008,8.673881440801162,16.007107090938458,24.680988531739622,0.14537231465029882,0.0
4307203,Erval Grande - RS,4930,3769,270,0,891,0,76.45030425963489,5.476673427991886,18.073022312373226,23.549695740365113,0.0,0.0
4307302,Erval Seco - RS,6787,4622,181,2,1957,25,68.1007809046707,2.6668631206718727,28.83453661411522,31.501399734787093,0.02946810078090467,0.3683512597613084
4307401,Esmeralda - RS,3195,2424,74,4,690,3,75.86854460093896,2.316118935837246,21.5962441314554,23.912363067292645,0.12519561815336464,0.09389671361502347
4307450,Esperança do Sul - RS,3226,2794,65,0,367,0,86.60880347179169,2.014879107253565,11.376317420954743,13.391196528208308,0.0,0.0
4307500,Espumoso - RS,15173,12708,306,2,2155,2,83.75403677585184,2.0167402623080473,14.202860344032162,16.219600606340208,0.013181308903974164,0.013181308903974164
4307559,Estação - RS,5582,4595,246,1,736,4,82.31816553206735,4.40702257255464,13.185238265854533,17.592260838409175,0.01791472590469366,0.07165890361877464
4307609,Estância Velha - RS,47924,40522,1548,28,5784,42,84.55471162674235,3.230114347717219,12.069109423253485,15.299223770970704,0.058425840914781736,0.08763876137217261
4307708,Esteio - RS,76137,60277,5810,55,9930,65,79.16912933265036,7.630980994785715,13.042279049607943,20.673260044393658,0.07223820218816082,0.08537242076782642
4307807,Estrela - RS,32183,27696,1360,14,3008,102,86.05785663238356,4.225833514588447,9.346549420501507,13.572382935089955,0.04350122735605755,0.3169375135941335
4307815,Estrela Velha - RS,3070,2760,47,0,233,30,89.90228013029316,1.5309446254071661,7.58957654723127,9.120521172638437,0.0,0.9771986970684039
4307831,Eugênio de Castro - RS,2633,2003,77,1,551,1,76.07292062286365,2.924420812761109,20.9266995822256,23.851120394986708,0.0379794910748196,0.0379794910748196
4307864,Fagundes Varela - RS,2566,2241,44,0,281,0,87.33437256430241,1.71473109898675,10.950896336710834,12.665627435697584,0.0,0.0
4307906,Farroupilha - RS,70286,57299,2117,23,10733,113,81.52263608684518,3.0119796260990808,15.270466380217966,18.28244600631705,0.03272344421364141,0.1607717041800643
4308003,Faxinal do Soturno - RS,6702,5053,433,2,1201,13,75.39540435690839,6.460757982691733,17.920023873470605,24.380781856162336,0.029841838257236644,0.1939719486720382
4308052,Faxinalzinho - RS,2520,1641,69,1,514,295,65.11904761904762,2.738095238095238,20.396825396825395,23.134920634920633,0.03968253968253968,11.706349206349206
4308078,Fazenda Vilanova - RS,4291,3550,215,1,523,2,82.73129806571895,5.010487065951993,12.188301095315778,17.19878816126777,0.02330459100442787,0.04660918200885574
4308102,Feliz - RS,13764,12385,268,12,1096,3,89.98111014240047,1.947108398721302,7.962801511188608,9.90990990990991,0.08718395815170009,0.021795989537925022
4308201,Flores da Cunha - RS,30892,26523,676,9,3677,7,85.85717985238897,2.1882688074582415,11.902757995597566,14.091026803055808,0.029133756312313866,0.022659588242910787
4308250,Floriano Peixoto - RS,1668,1561,6,2,99,0,93.58513189448442,0.3597122302158273,5.9352517985611515,6.294964028776979,0.11990407673860912,0.0
4308300,Fontoura Xavier - RS,9550,6970,155,1,2422,1,72.98429319371728,1.6230366492146597,25.361256544502616,26.984293193717278,0.010471204188481676,0.010471204188481676
4308409,Formigueiro - RS,6413,4854,952,1,578,28,75.69000467799782,14.844846405738345,9.012942460626851,23.857788866365198,0.01559332605644784,0.43661312958053955
4308433,Forquetinha - RS,2393,2325,25,0,43,0,97.15837860426244,1.0447137484329294,1.7969076473046386,2.841621395737568,0.0,0.0
4308458,Fortaleza dos Valos - RS,4477,3750,143,4,574,6,83.76144739781104,3.194103194103194,12.821085548358276,16.01518874246147,0.08934554389099844,0.13401831583649765
4308508,Frederico Westphalen - RS,32627,26913,588,18,5098,10,82.48689735495142,1.8021883715940785,15.625095779569069,17.427284151163146,0.0551690317834922,0.03064946210194011
4308607,Garibaldi - RS,34335,30079,883,9,3341,23,87.60448521916412,2.5717198194262414,9.730595602155235,12.302315421581476,0.02621231979030144,0.06698703946410368
4308656,Garruchos - RS,2688,1746,50,0,891,1,64.95535714285714,1.8601190476190477,33.14732142857143,35.00744047619048,0.0,0.03720238095238095
4308706,Gaurama - RS,5665,5020,124,3,516,2,88.61429832303618,2.1888790820829658,9.10856134157105,11.297440423654017,0.0529567519858782,0.0353045013239188
4308805,General Câmara - RS,7612,6725,324,10,551,2,88.34734629532318,4.256437204414083,7.2385706778770365,11.49500788229112,0.13137151865475566,0.02627430373095113
4308854,Gentil - RS,1744,1216,52,0,318,158,69.72477064220183,2.981651376146789,18.23394495412844,21.21559633027523,0.0,9.059633027522937
4308904,Getúlio Vargas - RS,16602,13605,446,8,2529,13,81.94795807734008,2.686423322491266,15.23310444524756,17.919527767738828,0.04818696542585231,0.07830381881701
4309001,Giruá - RS,16013,12152,371,8,3481,0,75.88834072316243,2.31686754511959,21.738587397739337,24.055454942858926,0.049959407981015426,0.0
4309050,Glorinha - RS,7658,6411,427,8,803,9,83.7163750326456,5.575868372943328,10.485766518673282,16.06163489161661,0.10446591799425438,0.11752415774353617
4309100,Gramado - RS,40134,33697,1208,21,5164,44,83.96122987990233,3.00991677879105,12.866895898739223,15.876812677530273,0.05232471221408282,0.10963273035331639
4309126,Gramado dos Loureiros - RS,2014,1390,102,11,430,81,69.01688182720953,5.06454816285998,21.350546176762663,26.41509433962264,0.5461767626613704,4.021847070506455
4309159,Gramado Xavier - RS,3304,2504,71,4,725,0,75.78692493946731,2.148910411622276,21.94309927360775,24.092009685230025,0.12106537530266344,0.0
4309209,Gravataí - RS,265074,210244,21344,220,33024,240,79.31521009227612,8.052091114179436,12.458407840829354,20.510498955008792,0.0829956917690909,0.09054075465719007
4309258,Guabiju - RS,1417,1226,28,0,163,0,86.52081863091037,1.9760056457304165,11.50317572335921,13.479181369089627,0.0,0.0
4309308,Guaíba - RS,92924,71916,8507,58,12350,93,77.39227756015669,9.154793164306314,13.290430889759373,22.445224054065687,0.06241659851061082,0.1000817872670139
4309407,Guaporé - RS,25268,20887,721,3,3650,7,82.66186480924489,2.853411429476017,14.445148013297452,17.298559442773467,0.011872724394491056,0.027703023587145797
4309506,Guarani das Missões - RS,7415,6348,101,0,966,0,85.61024949426837,1.3621038435603507,13.027646662171275,14.389750505731627,0.0,0.0
4309555,Harmonia - RS,5378,4768,229,4,376,1,88.65749349200446,4.258088508739308,6.991446634436594,11.249535143175901,0.07437709185570844,0.01859427296392711
4309571,Herveiras - RS,2565,1916,49,0,600,0,74.69785575048734,1.9103313840155944,23.391812865497077,25.302144249512672,0.0,0.0
4309605,Horizontina - RS,18851,15552,358,12,2924,5,82.49960214312237,1.8991034958357647,15.511113468781497,17.410216964617263,0.06365710041907591,0.02652379184128163
4309654,Hulha Negra - RS,5976,4075,321,1,1546,33,68.18942436412316,5.371485943775101,25.870147255689425,31.241633199464523,0.01673360107095047,0.5522088353413654
4309704,Humaitá - RS,4681,3963,115,0,596,7,84.6613971373638,2.456740012817774,12.73232215338603,15.189062166203803,0.0,0.14954069643238624
4309753,Ibarama - RS,3732,3141,72,1,518,0,84.16398713826366,1.9292604501607717,13.879957127545552,15.809217577706324,0.02679528403001072,0.0
4309803,Ibiaçá - RS,4527,3968,103,1,451,4,87.65186657830793,2.275237464104263,9.962447537000221,12.237685001104484,0.02208968411751712,0.08835873647006848
4309902,Ibiraiaras - RS,6776,5035,115,5,1172,449,74.30637544273908,1.6971664698937425,17.29634002361275,18.99350649350649,0.07378984651711924,6.626328217237308
4309951,Ibirapuitã - RS,3723,2888,85,0,748,2,77.57185065807145,2.2831050228310503,20.091324200913242,22.374429223744293,0.0,0.05372011818426001
4310009,Ibirubá - RS,21583,17676,626,5,3272,4,81.89778992725756,2.9004308946856323,15.160079692350461,18.06051058703609,0.02316638094796831,0.018533104758374646
4310108,Igrejinha - RS,32808,26352,922,27,5485,17,80.3218727139722,2.810290173128505,16.71848329675689,19.528773469885394,0.0822970007315289,0.051816630090221895
4310207,Ijuí - RS,84780,66486,2207,80,15941,62,78.42179759377211,2.6032083038452467,18.80278367539514,21.405991979240387,0.09436187780136825,0.0731304552960604
4310306,Ilópolis - RS,4157,3622,59,0,475,1,87.13014192927592,1.4192927592013471,11.426509502044745,12.845802261246092,0.0,0.024055809477988934
4310330,Imbé - RS,26824,22583,1084,19,3099,39,84.18953176260065,4.0411571726811815,11.553086787951088,15.59424396063227,0.07083209066507605,0.14539218610199822
4310363,Imigrante - RS,3080,2849,47,0,184,0,92.5,1.525974025974026,5.974025974025974,7.5,0.0,0.0
4310405,Independência - RS,6427,5241,142,2,1042,0,81.54660028006846,2.209428971526373,16.212852030496343,18.422281002022714,0.031118717908822157,0.0
4310413,Inhacorá - RS,2014,1293,50,0,671,0,64.20059582919563,2.4826216484607744,33.316782522343594,35.799404170804365,0.0,0.0
4310439,Ipê - RS,5399,4551,129,1,717,1,84.2933876643823,2.3893313576588255,13.280237080940916,15.669568438599741,0.018521948508983144,0.018521948508983144
4310462,Ipiranga do Sul - RS,1720,1419,49,0,251,1,82.5,2.8488372093023258,14.593023255813954,17.441860465116278,0.0,0.05813953488372093
4310504,Iraí - RS,7482,5463,147,0,1095,776,73.01523656776263,1.9647153167602245,14.635124298315958,16.59983961507618,0.0,10.37155840684309
4310538,Itaara - RS,5572,4633,180,0,756,3,83.14788226848529,3.230437903804738,13.5678391959799,16.798277099784638,0.0,0.05384063173007897
4310553,Itacurubi - RS,2995,2175,156,0,664,0,72.62103505843072,5.208681135225375,22.170283806343907,27.378964941569283,0.0,0.0
4310579,Itapuca - RS,1937,1468,39,0,430,0,75.78729994837377,2.0134228187919465,22.19927723283428,24.21270005162623,0.0,0.0
4310603,Itaqui - RS,35768,23545,1878,8,10316,20,65.82699619771863,5.250503243122344,28.84142250055916,34.0919257436815,0.02236636099306643,0.05591590248266607
4310652,Itati - RS,2638,2375,64,23,174,2,90.0303260045489,2.4260803639120545,6.595905989385899,9.021986353297953,0.8718726307808946,0.0758150113722517
4310702,Itatiba do Sul - RS,3208,2634,39,0,532,3,82.1072319201995,1.21571072319202,16.58354114713217,17.79925187032419,0.0,0.09351620947630923
4310751,Ivorá - RS,1929,1617,31,0,281,0,83.8258164852255,1.6070502851218247,14.56713322965267,16.174183514774494,0.0,0.0
4310801,Ivoti - RS,22983,20609,309,111,1945,8,89.67062611495453,1.3444720010442501,8.462776835051995,9.807248836096246,0.4829656702780316,0.03480833659661489
4310850,Jaboticaba - RS,3779,2825,55,1,898,0,74.75522625033078,1.4554114845197141,23.76290023815824,25.218311722677957,0.02646202699126753,0.0
4310876,Jacuizinho - RS,2040,1407,68,5,557,3,68.97058823529412,3.3333333333333335,27.30392156862745,30.637254901960784,0.24509803921568626,0.14705882352941177
4310900,Jacutinga - RS,3338,2778,156,0,404,0,83.22348711803475,4.673457159976033,12.103055721989215,16.776512881965246,0.0,0.0
4311007,Jaguarão - RS,26603,22057,1719,6,2775,46,82.91170168777957,6.461677254444988,10.43115438108484,16.892831635529827,0.02255384731045371,0.1729128293801451
4311106,Jaguari - RS,10579,8803,218,1,1552,5,83.212023820777,2.0606862652424613,14.670573778239909,16.731260043482372,0.009452689290103034,0.047263446450515174
4311122,Jaquirana - RS,3690,2530,163,7,987,3,68.56368563685636,4.417344173441735,26.747967479674795,31.16531165311653,0.1897018970189702,0.08130081300813008
4311130,Jari - RS,3349,2821,171,0,356,1,84.23409973126306,5.106001791579576,10.63003881755748,15.736040609137056,0.0,0.029859659599880562
4311155,Jóia - RS,7184,4840,299,2,2042,1,67.37193763919822,4.162026726057906,28.424276169265035,32.586302895322945,0.02783964365256125,0.013919821826280624
4311205,Júlio de Castilhos - RS,18226,13491,1100,2,3626,7,74.02062986941732,6.0353341380445515,19.89465598595413,25.92999012399868,0.010973334796444639,0.03840667178755624
4311239,Lagoa Bonita do Sul - RS,2251,1858,59,0,331,3,82.54109284762328,2.621057307863172,14.704575744113727,17.3256330519769,0.0,0.1332741003998223
4311254,Lagoão - RS,5341,3965,169,13,1192,2,74.23703426324658,3.164201460400674,22.317917992885228,25.4821194532859,0.24340011233851339,0.03744617112900206
4311270,Lagoa dos Três Cantos - RS,1738,1616,27,5,90,0,92.98043728423475,1.5535097813578826,5.178365937859609,6.731875719217491,0.28768699654775604,0.0
4311304,Lagoa Vermelha - RS,27659,21466,707,4,5457,24,77.60945804259012,2.556130011931017,19.72956361401352,22.28569362594454,0.014461838822806319,0.08677103293683792
4311403,Lajeado - RS,93646,78637,3965,79,10774,191,83.97262029344553,4.234030284262008,11.50502957948017,15.739059863742177,0.08436025030433761,0.20395959250795548
4311429,Lajeado do Bugre - RS,2601,1566,25,0,920,90,60.207612456747405,0.9611687812379854,35.371011149557866,36.33217993079585,0.0,3.4602076124567476
4311502,Lavras do Sul - RS,7157,5334,832,3,985,3,74.52843370127148,11.624982534581529,13.762749755484142,25.38773229006567,0.04191700433142378,0.04191700433142378
4311601,Liberato Salzano - RS,4781,3358,129,1,1007,286,70.23635222756745,2.698180297008994,21.062539217736877,23.760719514745873,0.020916126333403055,5.982012131353273
4311627,Lindolfo Collor - RS,6248,5240,133,1,870,4,83.86683738796415,2.1286811779769526,13.924455825864277,16.05313700384123,0.016005121638924456,0.06402048655569782
4311643,Linha Nova - RS,1683,1519,15,1,142,6,90.25549613784908,0.8912655971479501,8.43731431966726,9.32857991681521,0.059417706476530004,0.35650623885918004
4311700,Machadinho - RS,5735,4478,149,6,1098,4,78.0819529206626,2.5980819529206625,19.14559721011334,21.743679163034002,0.1046207497820401,0.06974716652136007
4311718,Maçambará - RS,4425,2801,215,0,1406,3,63.29943502824859,4.858757062146893,31.774011299435028,36.632768361581924,0.0,0.06779661016949153
4311734,Mampituba - RS,3131,2802,82,0,246,1,89.492175023954,2.6189715745768125,7.856914723730438,10.47588629830725,0.0,0.031938677738741615
4311759,Manoel Viana - RS,6801,5235,256,4,1302,4,76.97397441552712,3.7641523305396265,19.14424349360388,22.908395824143508,0.058814880164681664,0.058814880164681664
4311775,Maquiné - RS,7418,6118,482,0,710,108,82.47506066325155,6.497708277163656,9.571313022378,16.069021299541657,0.0,1.4559180372067944
4311791,Maratá - RS,2470,2317,36,2,115,0,93.80566801619433,1.45748987854251,4.65587044534413,6.11336032388664,0.08097165991902834,0.0
4311809,Marau - RS,45124,35411,1604,22,8071,16,78.47486924918003,3.5546494105132522,17.886268947788317,21.44091835830157,0.04875454303696481,0.03545784948142895
4311908,Marcelino Ramos - RS,4320,3664,53,5,597,1,84.81481481481481,1.2268518518518519,13.819444444444445,15.046296296296296,0.11574074074074074,0.023148148148148147
4311981,Mariana Pimentel - RS,3916,3434,101,1,301,79,87.69152196118488,2.5791624106230846,7.686414708886619,10.265577119509704,0.02553626149131767,2.017364657814096
4312005,Mariano Moro - RS,1858,1631,18,0,209,0,87.78256189451022,0.9687836383207751,11.248654467168999,12.217438105489773,0.0,0.0
4312054,Marques de Souza - RS,3969,3691,47,0,224,7,92.99571680524062,1.184177374653565,5.64373897707231,6.827916351725875,0.0,0.1763668430335097
4312104,Mata - RS,4698,3814,144,1,738,1,81.18348233290762,3.0651340996168583,15.708812260536398,18.773946360153257,0.021285653469561516,0.021285653469561516
4312138,Mato Castelhano - RS,2553,2053,17,15,245,223,80.41519780650215,0.6658832745789267,9.596553074813944,10.262436349392871,0.5875440658049353,8.73482177830004
4312153,Mato Leitão - RS,4859,4310,131,1,416,1,88.70137888454414,2.6960279892982095,8.561432393496604,11.257460382794815,0.020580366330520683,0.020580366330520683
4312179,Mato Queimado - RS,1795,1451,29,0,315,0,80.83565459610028,1.615598885793872,17.54874651810585,19.164345403899723,0.0,0.0
4312203,Maximiliano de Almeida - RS,4191,3193,120,0,878,0,76.1870675256502,2.863278453829635,20.949654020520164,23.8129324743498,0.0,0.0
4312252,Minas do Leão - RS,7505,5859,651,4,989,2,78.06795469686875,8.674217188540974,13.17788141239174,21.852098600932713,0.05329780146568954,0.02664890073284477
4312302,Miraguaí - RS,4427,3463,110,0,690,164,78.22453128529479,2.484752654167608,15.58617573977863,18.07092839394624,0.0,3.704540320758979
4312351,Montauri - RS,1499,1427,14,0,58,0,95.1967978652435,0.933955970647098,3.8692461641094065,4.803202134756504,0.0,0.0
4312377,Monte Alegre dos Campos - RS,3180,2050,401,0,724,5,64.46540880503144,12.61006289308176,22.767295597484278,35.37735849056604,0.0,0.15723270440251572
4312385,Monte Belo do Sul - RS,2557,2459,30,0,65,3,96.16738365271803,1.173249902229175,2.542041454829879,3.715291357059054,0.0,0.11732499022291748
4312401,Montenegro - RS,64322,52668,3905,33,7657,57,81.88178228288922,6.071017692235938,11.904169646466217,17.975187338702156,0.05130437486396567,0.08861664749230434
4312427,Mormaço - RS,2756,2329,76,0,351,0,84.50653120464442,2.7576197387518144,12.735849056603774,15.49346879535559,0.0,0.0
4312443,Morrinhos do Sul - RS,3071,2992,25,1,52,1,97.42754802995766,0.8140670791273201,1.6932595245848259,2.507326603712146,0.0325626831650928,0.0325626831650928
4312450,Morro Redondo - RS,6046,5407,346,0,288,5,89.43102877935826,5.7227919285478,4.763479986768111,10.48627191531591,0.0,0.08269930532583526
4312476,Morro Reuter - RS,6029,5580,69,1,377,2,92.55266213302372,1.1444684027201857,6.253109968485653,7.397578371205839,0.01658649859014762,0.03317299718029524
4312500,Mostardas - RS,12090,8981,1251,2,1840,14,74.28453267162945,10.347394540942927,15.2191894127378,25.566583953680727,0.016542597187758478,0.11579818031430934
4312609,Muçum - RS,4601,3886,153,3,557,2,84.4599000217344,3.3253640512931972,12.106063899152359,15.431427950445556,0.06520321669202347,0.04346881112801565
4312617,Muitos Capões - RS,2879,2044,266,0,567,2,70.99687391455366,9.239319208058353,19.69433831191386,28.933657519972215,0.0,0.06946856547412296
4312625,Muliterno - RS,1721,1297,13,0,146,265,75.36316095293434,0.7553747821034282,8.483439860546195,9.238814642649624,0.0,15.398024404416038
4312658,Não-Me-Toque - RS,17898,15173,518,7,2194,6,84.77483517711477,2.8941781204603867,12.258352888590904,15.152531009051291,0.03911051514135658,0.03352329869259135
4312674,Nicolau Vergueiro - RS,1932,1583,32,0,317,0,81.93581780538302,1.6563146997929608,16.407867494824018,18.06418219461698,0.0,0.0
4312708,Nonoai - RS,13719,8752,278,2,3111,1576,63.794737225745315,2.0263867628835923,22.676579925650557,24.70296668853415,0.014578322035133756,11.4877177636854
4312757,Nova Alvorada - RS,3163,2666,84,0,413,0,84.28706923806513,2.655706607650964,13.057224154283908,15.712930761934873,0.0,0.0
4312807,Nova Araçá - RS,4954,3624,173,19,1137,1,73.15300767056924,3.492127573677836,22.951150585385548,26.443278159063382,0.3835284618490109,0.020185708518368994
4312906,Nova Bassano - RS,9649,8538,136,0,975,0,88.48585345631672,1.4094724841952533,10.10467405948803,11.514146543683283,0.0,0.0
4312955,Nova Boa Vista - RS,2042,1924,15,0,102,1,94.22135161606268,0.7345739471106758,4.995102840352596,5.729676787463271,0.0,0.04897159647404505
4313003,Nova Bréscia - RS,3044,2849,64,0,131,0,93.5939553219448,2.102496714848883,4.303547963206308,6.40604467805519,0.0,0.0
4313011,Nova Candelária - RS,3061,2910,16,1,134,0,95.06697157791571,0.5227049983665468,4.37765436131983,4.900359359686377,0.03266906239790918,0.0
4313037,Nova Esperança do Sul - RS,4865,3978,142,2,739,4,81.7677286742035,2.9188078108941418,15.190133607399794,18.108941418293934,0.041109969167523124,0.08221993833504625
4313060,Nova Hartz - RS,20088,15730,599,5,3741,10,78.30545599362803,2.981879729191557,18.623058542413382,21.60493827160494,0.02489048187972919,0.04978096375945838
4313086,Nova Pádua - RS,2343,2198,14,0,111,20,93.81135296628254,0.597524541186513,4.7375160051216385,5.335040546308152,0.0,0.8536064874093043
4313102,Nova Palma - RS,5586,4665,264,2,654,1,83.51235230934479,4.726100966702471,11.707841031149302,16.433941997851772,0.03580379520229144,0.01790189760114572
4313201,Nova Petrópolis - RS,23300,20737,325,19,2203,16,89.0,1.3948497854077253,9.454935622317597,10.849785407725323,0.0815450643776824,0.06866952789699571
4313300,Nova Prata - RS,25692,20457,977,11,4230,17,79.6240074731434,3.8027401525766775,16.464269033162076,20.267009185738754,0.04281488401058695,0.06616845710727075
4313334,Nova Ramada - RS,2163,1912,36,0,215,0,88.39574664817383,1.6643550624133148,9.939898289412852,11.604253351826166,0.0,0.0
4313359,Nova Roma do Sul - RS,3466,3187,66,1,203,9,91.95037507212926,1.9042123485285631,5.856895556837854,7.761107905366417,0.028851702250432775,0.259665320253895
4313375,Nova Santa Rita - RS,29024,23429,1270,4,4306,15,80.7228500551268,4.375689084895259,14.835997794928335,19.211686879823596,0.013781697905181918,0.051681367144432194
4313391,Novo Cabrais - RS,3568,3142,220,1,203,2,88.06053811659193,6.165919282511211,5.689461883408072,11.855381165919283,0.028026905829596414,0.05605381165919283
4313409,Novo Hamburgo - RS,227646,192718,8866,216,25719,123,84.65687954104179,3.8946434376180563,11.297804485912337,15.192447923530393,0.09488416225191745,0.05403125906011966
4313425,Novo Machado - RS,3198,2856,30,0,312,0,89.30581613508443,0.9380863039399625,9.75609756097561,10.694183864915573,0.0,0.0
4313441,Novo Tiradentes - RS,2146,1556,67,1,519,3,72.50698974836907,3.1220876048462256,24.18452935694315,27.306616961789373,0.046598322460391424,0.13979496738117428
4313466,Novo Xingu - RS,1646,1427,27,1,176,15,86.69501822600243,1.640340218712029,10.69258809234508,12.33292831105711,0.060753341433778855,0.9113001215066828
4313490,Novo Barreiro - RS,4272,3233,79,1,959,0,75.67883895131087,1.849250936329588,22.448501872659175,24.297752808988765,0.023408239700374533,0.0
4313508,Osório - RS,47396,39051,3148,12,5018,167,82.39302894759051,6.641910709764537,10.587391341041439,17.229302050805977,0.025318592286268884,0.352350409317242
4313607,Paim Filho - RS,3629,2971,65,0,592,1,81.8682832736291,1.7911270322402866,16.31303389363461,18.104160925874897,0.0,0.02755580049600441
4313656,Palmares do Sul - RS,12844,9641,1259,3,1901,40,75.06228589224541,9.802242292120834,14.8006851448147,24.602927436935534,0.023357209592027407,0.3114294612270321
4313706,Palmeira das Missões - RS,33216,24437,1258,31,7480,8,73.56996628131022,3.78733140655106,22.51926782273603,26.30659922928709,0.09332851637764933,0.024084778420038536
4313805,Palmitinho - RS,7839,6272,138,2,1408,19,80.01020538333971,1.760428626100268,17.96147467789259,19.721903303992857,0.025513458349279244,0.2423778543181528
4313904,Panambi - RS,43515,35027,817,20,7640,11,80.49408250028726,1.8775135010915776,17.557164196254167,19.434677697345744,0.04596116281741928,0.025278639549580605
4313953,Pantano Grande - RS,10212,7563,983,1,1655,9,74.05992949471211,9.62593027810419,16.206423815119468,25.832354093223657,0.009792401096748922,0.0881316098707403
4314001,Paraí - RS,7194,6398,120,1,673,1,88.93522379760911,1.6680567139282736,9.3550180706144,11.023074784542674,0.013900472616068946,0.013900472616068946
4314027,Paraíso do Sul - RS,6519,5306,399,0,814,0,81.3928516643657,6.120570639668661,12.48657769596564,18.6071483356343,0.0,0.0
4314035,Pareci Novo - RS,4319,4003,79,0,234,3,92.68349154896967,1.8291271127575828,5.417920815003473,7.247047927761056,0.0,0.06946052326927529
4314050,Parobé - RS,52058,41435,1811,24,8744,44,79.59391448000308,3.47881209420262,16.796649890506743,20.275461984709363,0.04610242421914019,0.08452111106842368
4314068,Passa Sete - RS,3983,3410,66,2,504,1,85.61385890032639,1.6570424303288978,12.653778558875219,14.310820989204117,0.05021340697966357,0.025106703489831784
4314076,Passo do Sobrado - RS,6025,5334,307,1,383,0,88.5311203319502,5.095435684647303,6.356846473029045,11.452282157676347,0.016597510373443983,0.0
4314100,Passo Fundo - RS,206215,161007,7261,117,37490,331,78.07724947263777,3.521082365492326,18.180054797177704,21.70113716267003,0.05673690080740974,0.1605120868995951
4314134,Paulo Bento - RS,2144,1901,18,0,223,2,88.6660447761194,0.8395522388059702,10.401119402985074,11.240671641791044,0.0,0.09328358208955224
4314159,Paverama - RS,7978,7170,162,2,637,7,89.87214840812234,2.030584106292304,7.9844572574580095,10.015041363750314,0.025068939583855605,0.08774128854349461
4314175,Pedras Altas - RS,2061,1378,254,0,423,6,66.86074721009219,12.32411450752062,20.524017467248907,32.84813197476953,0.0,0.29112081513828236
4314209,Pedro Osório - RS,7484,5794,695,5,980,10,77.41849278460717,9.286477819347942,13.094601817210048,22.381079636557992,0.06680919294494922,0.13361838588989844
4314308,Pejuçara - RS,3745,3026,74,6,636,3,80.80106809078772,1.9759679572763684,16.9826435246996,18.958611481975968,0.1602136181575434,0.0801068090787717
4314407,Pelotas - RS,325685,247257,38691,264,39107,363,75.91906289819919,11.879883936932925,12.007614719744538,23.887498656677465,0.08105991986121559,0.11145738980917144
4314423,Picada Café - RS,5351,4792,80,2,477,0,89.55335451317511,1.4950476546439917,8.914221640814802,10.409269295458794,0.03737619136609979,0.0
4314456,Pinhal - RS,2959,2219,58,0,680,2,74.99155119972964,1.960121662723893,22.980736735383577,24.94085839810747,0.0,0.06759040216289287
4314464,Pinhal da Serra - RS,2248,1682,40,1,524,1,74.8220640569395,1.7793594306049823,23.309608540925268,25.088967971530252,0.04448398576512456,0.04448398576512456
4314472,Pinhal Grande - RS,3805,3002,68,2,731,2,78.89618922470433,1.7871222076215505,19.21156373193167,20.99868593955322,0.052562417871222074,0.052562417871222074
4314498,Pinheirinho do Vale - RS,4540,3357,124,2,1057,0,73.94273127753304,2.7312775330396475,23.281938325991188,26.013215859030836,0.04405286343612335,0.0
4314506,Pinheiro Machado - RS,11214,8021,1445,10,1719,19,71.5266630996968,12.885678616015694,15.329052969502408,28.214731585518102,0.08917424647761726,0.16943106830747282
4314548,Pinto Bandeira - RS,2723,2468,23,1,210,21,90.63532868160118,0.8446566287183254,7.712082262210797,8.556738890929122,0.03672420124862284,0.7712082262210797
4314555,Pirapó - RS,2260,1535,69,2,654,0,67.92035398230088,3.0530973451327434,28.938053097345133,31.991150442477878,0.08849557522123894,0.0
4314605,Piratini - RS,17504,13713,1570,4,2164,53,78.34209323583181,8.969378427787934,12.362888482632542,21.332266910420476,0.022851919561243144,0.30278793418647165
4314704,Planalto - RS,10406,7921,210,3,1011,1261,76.1195464155295,2.0180665000960984,9.715548721891217,11.733615221987316,0.028829521429944265,12.11800884105324
4314753,Poço das Antas - RS,2171,1974,73,0,122,2,90.92584062643942,3.3625057577153386,5.619530170428374,8.982035928143713,0.0,0.09212344541685859
4314779,Pontão - RS,3296,2508,104,1,672,11,76.09223300970874,3.1553398058252426,20.388349514563107,23.54368932038835,0.03033980582524272,0.3337378640776699
4314787,Ponte Preta - RS,1575,1473,17,0,84,1,93.52380952380952,1.0793650793650793,5.333333333333333,6.412698412698412,0.0,0.06349206349206349
4314803,Portão - RS,34071,28454,1212,49,4344,12,83.51383874849579,3.557277450030818,12.749845910011446,16.307123360042265,0.1438173226497608,0.03522056881218632
4314902,Porto Alegre - RS,1332845,981251,168196,2306,178354,2708,73.62078861382982,12.619321826618998,13.381450956412786,26.000772783031785,0.17301336614535073,0.20317441262862523
4315008,Porto Lucena - RS,4360,3588,71,0,701,0,82.29357798165138,1.628440366972477,16.077981651376145,17.706422018348622,0.0,0.0
4315057,Porto Mauá - RS,2142,1800,51,0,291,0,84.03361344537815,2.380952380952381,13.585434173669467,15.966386554621849,0.0,0.0
4315073,Porto Vera Cruz - RS,1560,1340,20,0,200,0,85.8974358974359,1.2820512820512822,12.820512820512821,14.102564102564104,0.0,0.0
4315107,Porto Xavier - RS,9938,6827,200,8,2903,0,68.69591467095995,2.0124773596297043,29.211108875025158,31.22358623465486,0.08049909438518817,0.0
4315131,Pouso Novo - RS,1739,1400,19,0,320,0,80.50603795284647,1.0925819436457733,18.401380103507762,19.493962047153534,0.0,0.0
4315149,Presidente Lucena - RS,3077,2733,40,0,303,1,88.82027949301268,1.2999675008124796,9.847253818654533,11.147221319467013,0.0,0.032499187520311994
4315156,Progresso - RS,5340,4875,46,0,419,0,91.29213483146067,0.8614232209737828,7.846441947565543,8.707865168539326,0.0,0.0
4315172,Protásio Alves - RS,2025,1744,38,1,242,0,86.12345679012346,1.876543209876543,11.950617283950617,13.82716049382716,0.04938271604938271,0.0
4315206,Putinga - RS,3747,3427,50,0,270,0,91.4598345342941,1.3344008540165466,7.205764611689352,8.540165465705899,0.0,0.0
4315305,Quaraí - RS,23500,18492,1218,11,3729,46,78.68936170212766,5.182978723404255,15.86808510638298,21.051063829787235,0.04680851063829787,0.19574468085106383
4315313,Quatro Irmãos - RS,1552,1060,69,0,423,0,68.29896907216495,4.445876288659794,27.25515463917526,31.701030927835053,0.0,0.0
4315321,Quevedos - RS,2507,2061,58,0,388,0,82.2098125249302,2.313522138013562,15.476665337056243,17.790187475069807,0.0,0.0
4315354,Quinze de Novembro - RS,3910,3499,46,4,361,0,89.48849104859335,1.1764705882352942,9.232736572890026,10.40920716112532,0.10230179028132992,0.0
4315404,Redentora - RS,9738,4136,114,0,1385,4103,42.47278701992195,1.170671595810228,14.222632984185664,15.393304579995892,0.0,42.133908400082156
4315453,Relvado - RS,1796,1643,54,0,99,0,91.48106904231626,3.0066815144766146,5.512249443207127,8.518930957683741,0.0,0.0
4315503,Restinga Sêca - RS,14939,11710,1666,9,1542,12,78.38543409866791,11.152018207376665,10.321976035879242,21.47399424325591,0.06024499631836134,0.08032666175781511
4315552,Rio dos Índios - RS,2835,2072,41,5,535,182,73.08641975308642,1.4462081128747795,18.871252204585538,20.317460317460316,0.1763668430335097,6.419753086419753
4315602,Rio Grande - RS,191900,142488,19372,139,29536,365,74.25117248566961,10.094841063053673,15.391349661281918,25.486190724335593,0.07243355914538822,0.19020323084940072
4315701,Rio Pardo - RS,34654,27814,2629,26,4180,5,80.26201881456686,7.586425809430369,12.062099613320251,19.64852542275062,0.07502741386275755,0.014428348819761067
4315750,Riozinho - RS,4473,3794,88,0,572,19,84.82003129890454,1.967359713838587,12.787838139950816,14.755197853789403,0.0,0.4247708473060586
4315800,Roca Sales - RS,10418,8820,354,1,1236,7,84.6611633710885,3.3979650604722598,11.86408139758111,15.26204645805337,0.00959877135726627,0.06719139950086389
4315909,Rodeio Bonito - RS,6654,5285,116,0,1241,12,79.42590922753232,1.743312293357379,18.650435828073338,20.39374812143072,0.0,0.18034265103697025
4315958,Rolador - RS,2291,1708,55,5,520,2,74.55259711916194,2.400698384984723,22.697512003491926,25.098210388476648,0.21824530772588388,0.08729812309035356
4316006,Rolante - RS,21253,17762,379,6,3095,11,83.57408365877758,1.7832776549193055,14.562649978826519,16.345927633745823,0.028231308521149957,0.05175739895544158
4316105,Ronda Alta - RS,9777,7172,223,3,1421,958,73.35583512324844,2.280863250485834,14.534110667894037,16.81497391837987,0.03068425897514575,9.798506699396542
4316204,Rondinha - RS,4991,4698,61,1,231,0,94.12943297936285,1.2221999599278701,4.628330995792426,5.850530955720297,0.02003606491685033,0.0
4316303,Roque Gonzales - RS,6576,4673,148,1,1754,0,71.06143552311435,2.2506082725060828,26.672749391727493,28.923357664233574,0.015206812652068127,0.0
4316402,Rosário do Sul - RS,36630,27807,2796,13,5988,25,75.91318591318591,7.633087633087633,16.347256347256348,23.98034398034398,0.03549003549003549,0.06825006825006825
4316428,Sagrada Família - RS,2480,1696,34,0,750,0,68.38709677419355,1.3709677419354838,30.241935483870968,31.612903225806452,0.0,0.0
4316436,Saldanha Marinho - RS,2575,2173,92,1,308,1,84.3883495145631,3.5728155339805827,11.96116504854369,15.533980582524272,0.038834951456310676,0.038834951456310676
4316451,Salto do Jacuí - RS,10203,7286,431,2,2053,431,71.41036949916692,4.224247770263648,20.121532882485543,24.34578065274919,0.019602077820248948,4.224247770263648
4316477,Salvador das Missões - RS,2877,2628,41,0,208,0,91.3451511991658,1.4250955856795273,7.229753215154675,8.654848800834202,0.0,0.0
4316501,Salvador do Sul - RS,6879,6202,158,4,506,9,90.15845326355574,2.2968454717255415,7.355720308184329,9.652565779909871,0.05814798662596308,0.13083296990841692
4316600,Sananduva - RS,16399,13834,166,7,2372,20,84.35880236599793,1.0122568449295688,14.46429660345143,15.476553448380999,0.04268552960546375,0.1219586560156107
4316709,Santa Bárbara do Sul - RS,8122,5957,321,4,1839,1,73.34400393991628,3.952228515144053,22.642206353114997,26.59443486825905,0.04924895345973898,0.012312238364934745
4316733,Santa Cecília do Sul - RS,1674,1368,44,0,257,5,81.72043010752688,2.6284348864994027,15.352449223416965,17.980884109916367,0.0,0.2986857825567503
4316758,Santa Clara do Sul - RS,6887,6422,142,0,321,2,93.24814868593002,2.0618556701030926,4.660955423261217,6.722811093364309,0.0,0.029040220705677362
4316808,Santa Cruz do Sul - RS,133230,110368,7693,70,15043,52,82.84020115589581,5.774225024393905,11.29100052540719,17.065225549801095,0.05254071905726938,0.03903024844254297
4316907,Santa Maria - RS,271735,212405,18112,196,40517,496,78.16622812666752,6.665317312823155,14.910482639336118,21.575799952159272,0.07212909636226471,0.1825307744677719
4316956,Santa Maria do Herval - RS,6340,6041,53,0,244,2,95.28391167192429,0.8359621451104101,3.8485804416403786,4.684542586750789,0.0,0.031545741324921134
4316972,Santa Margarida do Sul - RS,2596,2073,97,0,426,0,79.85362095531588,3.736517719568567,16.409861325115564,20.14637904468413,0.0,0.0
4317004,Santana da Boa Vista - RS,7024,5917,374,7,722,2,84.23974943052391,5.324601366742597,10.279043280182233,15.60364464692483,0.09965831435079726,0.02847380410022779
4317103,Sant'Ana do Livramento - RS,84421,63279,7570,54,13412,106,74.95646817734924,8.966963196361094,15.887042323592471,24.854005519953567,0.06396512716030371,0.12556117553689247
4317202,Santa Rosa - RS,76963,61461,1733,37,13697,34,79.85785377389135,2.2517313514286084,17.79686342788093,20.04859477930954,0.04807504904954329,0.04417707209958032
4317251,Santa Tereza - RS,1505,1421,23,0,61,0,94.4186046511628,1.5282392026578073,4.053156146179402,5.5813953488372094,0.0,0.0
4317301,Santa Vitória do Palmar - RS,30983,24240,2545,21,4135,39,78.23645224800697,8.214181970758158,13.346028467223961,21.56021043798212,0.06777910467030307,0.12587548010199143
4317400,Santiago - RS,48938,39973,1330,14,7578,42,81.68090236625935,2.7177244676938166,15.484899260288529,18.202623727982346,0.028607625975724384,0.08582287792717316
4317509,Santo Ângelo - RS,76917,59465,1881,52,15329,190,77.31060753799551,2.445493193962323,19.929274412678602,22.374767606640926,0.06760534082192493,0.24701951454164878
4317558,Santo Antônio do Palma - RS,2091,1804,34,0,253,0,86.27450980392157,1.6260162601626016,12.09947393591583,13.725490196078432,0.0,0.0
4317608,Santo Antônio da Patrulha - RS,42947,36671,2656,16,3580,24,85.38663934617087,6.184366777656181,8.335855822292594,14.520222599948774,0.03725522155214567,0.0558828323282185
4317707,Santo Antônio das Missões - RS,10300,7382,347,0,2570,1,71.66990291262135,3.3689320388349513,24.95145631067961,28.320388349514563,0.0,0.009708737864077669
4317756,Santo Antônio do Planalto - RS,2089,1871,31,0,186,1,89.56438487314504,1.4839636189564385,8.903781713738631,10.38774533269507,0.0,0.04786979415988511
4317806,Santo Augusto - RS,13902,10737,252,5,2901,7,77.23349158394475,1.8126888217522659,20.86750107898144,22.68018990073371,0.035966048050640194,0.050352467270896276
4317905,Santo Cristo - RS,15320,13829,233,0,1250,3,90.26762402088772,1.5208877284595301,8.159268929503916,9.680156657963447,0.0,0.0195822454308094
4317954,Santo Expedito do Sul - RS,2349,1943,30,0,373,3,82.71604938271605,1.277139208173691,15.87909748829289,17.156236696466582,0.0,0.1277139208173691
4318002,São Borja - RS,59676,45569,2340,42,11706,18,76.36068101079161,3.9211743414437965,19.615926000402172,23.53710034184597,0.07038005228232455,0.030162879549567666
4318051,São Domingos do Sul - RS,2754,2477,29,0,248,0,89.94190268700072,1.0530137981118373,9.005083514887437,10.058097312999275,0.0,0.0
4318101,São Francisco de Assis - RS,17618,14788,503,6,2299,22,83.93688273356794,2.855034623680327,13.049154274037916,15.904188897718242,0.0340560790101033,0.12487228970371211
4318200,São Francisco de Paula - RS,21893,16290,1235,27,4280,61,74.40734481341067,5.6410724889234,19.549627734892432,25.19070022381583,0.12332709085095693,0.2786278719225323
4318309,São Gabriel - RS,58487,43279,4454,48,10650,56,73.99764050130798,7.615367517568006,18.20917468839229,25.8245422059603,0.08206951972233145,0.09574777300938671
4318408,São Jerônimo - RS,21028,17027,1294,45,2648,13,80.97298839642382,6.153699828799696,12.592733498192885,18.74643332699258,0.2140003804451208,0.06182233212859045
4318424,São João da Urtiga - RS,4461,4191,52,0,218,0,93.94754539340956,1.165657924232235,4.886796682358216,6.052454606590451,0.0,0.0
4318432,São João do Polêsine - RS,2649,1960,232,2,455,0,73.99018497546244,8.758021895054737,17.176292940732353,25.93431483578709,0.07550018875047187,0.0
4318440,São Jorge - RS,2912,2510,62,0,330,10,86.19505494505495,2.129120879120879,11.332417582417582,13.461538461538462,0.0,0.3434065934065934
4318457,São José das Missões - RS,2362,1807,50,0,505,0,76.50296359017781,2.116850127011008,21.380186282811177,23.497036409822186,0.0,0.0
4318465,São José do Herval - RS,1902,1385,22,3,492,0,72.81808622502629,1.1566771819137749,25.86750788643533,27.024185068349105,0.15772870662460567,0.0
4318481,São José do Hortêncio - RS,4447,4134,51,0,261,1,92.96154711041152,1.1468405666741623,5.869125252979536,7.015965819653699,0.0,0.022487069934787496
4318499,São José do Inhacorá - RS,2406,2246,23,4,133,0,93.34995843724023,0.9559434746467166,5.527847049044056,6.483790523690773,0.1662510390689942,0.0
4318507,São José do Norte - RS,25443,18658,2109,8,4653,13,73.33254726250836,8.289116849428133,18.28793774319066,26.577054592618794,0.03144283299925323,0.051094603623786504
4318606,São José do Ouro - RS,6834,5735,57,0,1013,29,83.91864208369915,0.8340649692712906,14.82294410301434,15.65700907228563,0.0,0.42434884401521805
4318614,São José do Sul - RS,2380,2168,45,2,163,1,91.09243697478992,1.8907563025210083,6.848739495798319,8.739495798319327,0.08403361344537816,0.04201680672268908
4318622,São José dos Ausentes - RS,4172,3116,171,0,885,0,74.68839884947268,4.09875359539789,21.212847555129436,25.311601150527327,0.0,0.0
4318705,São Leopoldo - RS,217409,170577,13011,248,33145,420,78.45903343467842,5.984572855769541,15.2454590196358,21.23003187540534,0.114070714643828,0.19318427480003128
4318804,São Lourenço do Sul - RS,41989,36444,2902,1,2619,23,86.7941603753364,6.911333920788778,6.237347876824883,13.14868179761366,0.002381576127080902,0.05477625092286075
4318903,São Luiz Gonzaga - RS,34752,26371,823,17,7522,19,75.88340239410681,2.368209023941068,21.644797421731123,24.01300644567219,0.04891804788213628,0.054673112338858194
4319000,São Marcos - RS,21084,18138,545,4,2371,26,86.02731929425157,2.5848985012331624,11.245494213621704,13.830392714854867,0.01897173211914248,0.1233162587744261
4319109,São Martinho - RS,5481,4596,78,1,806,0,83.85331143951834,1.4230979748221126,14.705345739828498,16.12844371465061,0.01824484583105273,0.0
4319125,São Martinho da Serra - RS,2860,2528,40,0,287,5,88.39160839160839,1.3986013986013985,10.034965034965035,11.433566433566433,0.0,0.17482517482517482
4319158,São Miguel das Missões - RS,7056,4948,94,10,1899,105,70.12471655328798,1.3321995464852607,26.913265306122447,28.245464852607707,0.1417233560090703,1.4880952380952381
4319208,São Nicolau - RS,5118,3279,142,3,1692,2,64.06799531066822,2.77452129738179,33.05978898007034,35.834310277452126,0.05861664712778429,0.039077764751856196
4319307,São Paulo das Missões - RS,5846,4880,81,1,884,0,83.47588094423537,1.3855627779678412,15.121450564488539,16.50701334245638,0.017105713308244955,0.0
4319356,São Pedro da Serra - RS,3548,3264,51,0,232,1,91.99549041713641,1.4374295377677564,6.538895152198422,7.976324689966178,0.0,0.02818489289740699
4319364,São Pedro das Missões - RS,1757,1295,23,0,439,0,73.70517928286853,1.3090495162208309,24.985771200910644,26.294820717131476,0.0,0.0
4319372,São Pedro do Butiá - RS,3070,2700,29,1,340,0,87.94788273615636,0.9446254071661238,11.074918566775244,12.019543973941367,0.03257328990228013,0.0
4319406,São Pedro do Sul - RS,15577,13270,463,11,1833,0,85.18970276689991,2.9723310008345636,11.767349297040509,14.739680297875072,0.07061693522501124,0.0
4319505,São Sebastião do Caí - RS,24428,20750,993,12,2655,18,84.94350745046668,4.065007368593418,10.868675290650074,14.933682659243491,0.04912395611593254,0.0736859341738988
4319604,São Sepé - RS,21219,16369,2403,10,2428,9,77.14312644328196,11.32475611480277,11.442575050662143,22.767331165464913,0.04712757434374853,0.042414816909373675
4319703,São Valentim - RS,3264,2816,33,0,409,6,86.27450980392157,1.0110294117647058,12.530637254901961,13.541666666666668,0.0,0.18382352941176472
4319711,São Valentim do Sul - RS,2207,1985,15,0,207,0,89.94109651110104,0.6796556411418215,9.379247847757137,10.058903488898958,0.0,0.0
4319737,São Valério do Sul - RS,2543,1222,28,0,67,1226,48.05348014156508,1.1010617381046008,2.634683444750295,3.735745182854896,0.0,48.210774675580026
4319752,São Vendelino - RS,2251,2019,24,0,207,1,89.6934695690804,1.0661928031985783,9.195912927587738,10.262105730786317,0.0,0.0444247001332741
4319802,São Vicente do Sul - RS,8097,6134,367,3,1592,1,75.75645300728665,4.532542917129801,19.66160306286279,24.19414597999259,0.037050759540570584,0.012350253180190195
4319901,Sapiranga - RS,75648,60808,1953,19,12839,25,80.38282571912013,2.5816941624365484,16.97202834179357,19.55372250423012,0.025116328257191203,0.033047800338409476
4320008,Sapucaia do Sul - RS,132107,104160,9021,94,18745,80,78.84517852952531,6.828555640503531,14.189255679108602,21.017811319612132,0.07115444298939497,0.06055697275693188
4320107,Sarandi - RS,22851,17988,853,8,3970,32,78.7186556387029,3.7328782110192114,17.37341910638484,21.106297317404053,0.03500940877860925,0.140037635114437
4320206,Seberi - RS,11950,9679,385,0,1878,8,80.99581589958159,3.221757322175732,15.715481171548117,18.93723849372385,0.0,0.06694560669456066
4320230,Sede Nova - RS,2704,2085,75,0,541,3,77.10798816568047,2.7736686390532546,20.007396449704142,22.781065088757398,0.0,0.11094674556213018
4320263,Segredo - RS,6009,4379,110,3,1517,0,72.8740222998835,1.8305874521551007,25.24546513562989,27.07605258778499,0.04992511233150274,0.0
4320305,Selbach - RS,5107,4162,95,0,850,0,81.49598590170355,1.8601918934795378,16.643822204816917,18.504014098296455,0.0,0.0
4320321,Senador Salgado Filho - RS,2673,2339,33,0,301,0,87.50467639356528,1.2345679012345678,11.26075570520015,12.495323606434718,0.0,0.0
4320354,Sentinela do Sul - RS,5306,4152,378,0,765,11,78.25103656238221,7.124010554089709,14.417640407086317,21.541650961176025,0.0,0.20731247644176404
4320404,Serafina Corrêa - RS,16961,14190,659,5,2097,10,83.66251989859089,3.8853841165025647,12.363657803195567,16.249041919698133,0.02947939390366134,0.05895878780732268
4320453,Sério - RS,1941,1818,23,0,100,0,93.66306027820711,1.184956208140134,5.151983513652756,6.3369397217928904,0.0,0.0
4320503,Sertão - RS,5541,4642,234,1,593,71,83.77549178848584,4.223064428803465,10.702039343078866,14.92510377188233,0.01804728388377549,1.2813571557480599
4320552,Sertão Santana - RS,5863,5050,221,4,586,2,86.13337881630565,3.7694013303769403,9.994883165614873,13.764284495991813,0.06822445846836091,0.034112229234180454
4320578,Sete de Setembro - RS,1830,1604,22,0,204,0,87.65027322404372,1.2021857923497268,11.147540983606557,12.349726775956285,0.0,0.0
4320602,Severiano de Almeida - RS,3406,3167,32,0,206,1,92.98297122724604,0.9395184967704052,6.048150322959483,6.987668819729888,0.0,0.029359953024075163
4320651,Silveira Martins - RS,2028,1697,45,0,285,1,83.6785009861933,2.2189349112426036,14.053254437869823,16.272189349112427,0.0,0.04930966469428008
4320677,Sinimbu - RS,8578,7090,144,0,1344,0,82.65329913732805,1.6787129867101889,15.667987875961762,17.346700862671952,0.0,0.0
4320701,Sobradinho - RS,14226,11148,637,5,2429,7,78.36355967946014,4.4777168564600025,17.074370870237594,21.552087726697597,0.03514691410094194,0.04920567974131871
4320800,Soledade - RS,29991,23998,682,22,5283,6,80.0173385348938,2.2740155379947318,17.615284585375612,19.889300123370344,0.07335533993531393,0.02000600180054016
4320859,Tabaí - RS,4461,3986,101,0,343,30,89.35216319210939,2.264066352835687,7.688859000224165,9.952925353059852,0.0,0.6724949562878278
4320909,Tapejara - RS,24557,18967,789,20,4696,84,77.23663313922711,3.212933175876532,19.122857026509752,22.335790202386285,0.0814431730260211,0.34206132670928857
4321006,Tapera - RS,10592,8277,310,0,1994,11,78.14388217522658,2.926737160120846,18.825528700906343,21.75226586102719,0.0,0.10385196374622356
4321105,Tapes - RS,14695,10859,1567,1,2250,18,73.89588295338551,10.663490983327662,15.311330384484519,25.974821367812183,0.006805035726437564,0.12249064307587615
4321204,Taquara - RS,53242,43251,2671,45,7219,56,81.23473949137899,5.016716126366402,13.558844521242628,18.57556064760903,0.08451974005484392,0.1051801209571391
4321303,Taquari - RS,25198,22634,812,5,1738,7,89.82458925311532,3.222477974442416,6.897372807365664,10.11985078180808,0.019842844670211923,0.02777998253829669
4321329,Taquaruçu do Sul - RS,3119,2558,37,0,521,3,82.01346585444053,1.1862776530939403,16.70407181789035,17.89034947098429,0.0,0.09618467457518436
4321352,Tavares - RS,5212,3896,460,2,840,14,74.75057559478127,8.825786646201074,16.116653875671528,24.9424405218726,0.03837298541826554,0.2686108979278588
4321402,Tenente Portela - RS,14497,10146,208,2,2037,2104,69.98689384010486,1.4347796095743948,14.05118300338001,15.485962612954404,0.01379595778436918,14.513347589156377
4321436,Terra de Areia - RS,10334,9012,415,3,873,31,87.2072769498742,4.015869943874589,8.447842074704857,12.463712018579447,0.02903038513644281,0.299980646409909
4321451,Teutônia - RS,32797,28616,1021,8,3135,15,87.251882794158,3.113089611854743,9.558801109857608,12.671890721712352,0.02439247492148672,0.0457358904777876
4321469,Tio Hugo - RS,3267,2707,53,2,505,0,82.85889194980103,1.6222834404652586,15.457606366697275,17.079889807162534,0.061218243036424855,0.0
4321477,Tiradentes do Sul - RS,5129,4197,47,0,883,2,81.82881653343732,0.9163579645155001,17.21583154611035,18.132189510625853,0.0,0.03899395593682979
4321493,Toropi - RS,2554,2365,44,0,145,0,92.59984338292874,1.7227877838684416,5.677368833202819,7.400156617071261,0.0,0.0
4321501,Torres - RS,41751,35268,1671,23,4615,174,84.47222821010276,4.002299346123446,11.053627458024957,15.055926804148402,0.055088500874230555,0.4167564848746138
4321600,Tramandaí - RS,54387,44428,2635,27,7215,82,81.68863882913196,4.844907790464633,13.266037839924982,18.110945630389615,0.049644216448783716,0.15077132402963944
4321626,Travesseiro - RS,2152,2039,20,2,91,0,94.74907063197026,0.929368029739777,4.228624535315985,5.157992565055762,0.09293680297397769,0.0
4321634,Três Arroios - RS,2591,2487,18,0,86,0,95.98610575067542,0.6947124662292551,3.31918178309533,4.013894249324585,0.0,0.0
4321667,Três Cachoeiras - RS,10962,10049,166,21,720,5,91.67122787812443,1.5143222039773765,6.568144499178982,8.082466703156358,0.19157088122605365,0.04561211457763182
4321709,Três Coroas - RS,24425,19568,838,25,3961,33,80.11463664278403,3.430910951893552,16.216990788126918,19.64790174002047,0.1023541453428864,0.13510747185261002
4321808,Três de Maio - RS,24916,21208,349,2,3354,3,85.11799646813293,1.4007063734146734,13.46122973189918,14.861936105313854,0.008026970621287526,0.01204045593193129
4321832,Três Forquilhas - RS,2760,2436,184,2,136,2,88.26086956521739,6.666666666666667,4.927536231884058,11.594202898550725,0.07246376811594203,0.07246376811594203
4321857,Três Palmeiras - RS,4716,3153,90,8,837,628,66.85750636132316,1.9083969465648856,17.748091603053435,19.65648854961832,0.16963528413910092,13.316369804919423
4321907,Três Passos - RS,25436,21908,436,8,3057,27,86.12989463752162,1.7141059915080987,12.01839911935839,13.732505110866489,0.03145148608271741,0.10614876552917125
4321956,Trindade do Sul - RS,7556,4996,311,27,2201,21,66.11964002117523,4.115934356802541,29.12916887241927,33.24510322922181,0.35733192165166755,0.27792482795129697
4322004,Triunfo - RS,27498,22754,1443,5,3270,25,82.74783620626955,5.247654374863626,11.89177394719616,17.139428322059786,0.018183140592043057,0.09091570296021528
4322103,Tucunduva - RS,5542,4603,74,2,862,1,83.05665824612053,1.335258029592205,15.553951642006496,16.8892096715987,0.03608805485384338,0.01804402742692169
4322152,Tunas - RS,3681,2936,169,0,576,0,79.76093452866068,4.591143710948112,15.647921760391197,20.23906547133931,0.0,0.0
4322186,Tupanci do Sul - RS,1374,1281,18,0,74,1,93.23144104803494,1.3100436681222707,5.385735080058224,6.695778748180495,0.0,0.07278020378457059
4322202,Tupanciretã - RS,20005,15124,922,3,3947,8,75.60109972506874,4.608847788052986,19.73006748312922,24.338915271182206,0.014996250937265684,0.039990002499375156
4322251,Tupandi - RS,5029,4582,91,0,355,1,91.11155299264267,1.8095048717438855,7.059057466693179,8.868562338437066,0.0,0.01988466892026248
4322301,Tuparendi - RS,8363,7267,122,1,973,0,86.89465502809996,1.4588066483319384,11.634580892024394,13.093387540356332,0.011957431543704412,0.0
4322327,Turuçu - RS,3419,2966,155,2,293,3,86.75051184556888,4.533489324363849,8.56975723895876,13.103246563322609,0.058496636443404505,0.08774495466510676
4322343,Ubiretama - RS,1994,1900,6,0,85,3,95.28585757271816,0.30090270812437314,4.262788365095286,4.563691073219659,0.0,0.15045135406218657
4322350,União da Serra - RS,1170,1078,14,0,78,0,92.13675213675214,1.1965811965811965,6.666666666666667,7.863247863247864,0.0,0.0
4322376,Unistalda - RS,1995,1567,88,1,339,0,78.54636591478696,4.4110275689223055,16.992481203007518,21.403508771929822,0.05012531328320802,0.0
4322400,Uruguaiana - RS,117210,81593,7128,57,28326,102,69.6126610357478,6.081392372664449,24.16687995904786,30.24827233171231,0.04863066291272076,0.08702329152802663
4322509,Vacaria - RS,64197,44591,2782,27,16672,125,69.45963207003443,4.333535835007867,25.970060906272877,30.303596741280742,0.04205804009533156,0.19471314858949795
4322525,Vale Verde - RS,3150,2751,112,0,287,0,87.33333333333333,3.5555555555555554,9.11111111111111,12.666666666666666,0.0,0.0
4322533,Vale do Sol - RS,9897,8211,325,2,1351,7,82.96453470748712,3.2838233808224713,13.650601192280488,16.93442457310296,0.020208143881984438,0.07072850358694555
4322541,Vale Real - RS,6058,5139,153,3,763,0,84.82997689006272,2.5255860019808516,12.594915813799934,15.120501815780786,0.04952129415648729,0.0
4322558,Vanini - RS,2004,1677,66,0,261,0,83.68263473053892,3.2934131736526946,13.023952095808383,16.317365269461078,0.0,0.0
4322608,Venâncio Aires - RS,68763,58782,3642,26,6290,21,85.48492648662798,5.296453034335325,9.147361226240855,14.44381426057618,0.03781103209574917,0.030539679769643557
4322707,Vera Cruz - RS,26710,21834,1733,0,3137,6,81.74466491950581,6.488206664170723,11.744664919505803,18.232871583676527,0.0,0.022463496817671284
4322806,Veranópolis - RS,24021,20703,622,17,2662,17,86.18708629948794,2.589400940843429,11.081969942966571,13.67137088381,0.07077140835102619,0.07077140835102619
4322855,Vespasiano Corrêa - RS,1818,1735,8,0,75,0,95.43454345434543,0.44004400440044006,4.125412541254126,4.565456545654566,0.0,0.0
4322905,Viadutos - RS,4769,4189,87,2,491,0,87.83812119941288,1.8242818200880688,10.295659467393584,12.119941287481653,0.04193751310547285,0.0
4323002,Viamão - RS,224112,153662,29146,173,40207,920,68.56482473049189,13.005104590561862,17.940583279788676,30.94568787035054,0.07719354608410081,0.41050903119868637
4323101,Vicente Dutra - RS,4665,3204,89,0,1190,182,68.68167202572347,1.9078242229367632,25.509110396570204,27.416934619506968,0.0,3.9013933547695605
4323200,Victor Graeff - RS,2780,2449,37,1,293,0,88.09352517985612,1.330935251798561,10.53956834532374,11.870503597122301,0.03597122302158273,0.0
4323309,Vila Flores - RS,3646,3165,121,0,355,5,86.80746023038947,3.3187054306088863,9.736697750959957,13.055403181568844,0.0,0.13713658804168952
4323358,Vila Lângaro - RS,2079,1824,31,0,222,2,87.73448773448773,1.491101491101491,10.678210678210679,12.16931216931217,0.0,0.0962000962000962
4323408,Vila Maria - RS,4413,3806,83,0,523,1,86.24518468162248,1.880806707455246,11.851348289145706,13.732154996600952,0.0,0.022660321776569226
4323457,Vila Nova do Sul - RS,3863,3084,321,1,455,2,79.83432565363707,8.309603934765725,11.77841056173958,20.088014496505306,0.02588661661920787,0.05177323323841574
4323507,Vista Alegre - RS,2660,2046,51,0,563,0,76.9172932330827,1.9172932330827068,21.165413533834588,23.082706766917294,0.0,0.0
4323606,Vista Alegre do Prata - RS,1590,1444,40,0,106,0,90.81761006289308,2.5157232704402515,6.666666666666667,9.182389937106919,0.0,0.0
4323705,Vista Gaúcha - RS,2783,2203,19,0,560,1,79.15918074020841,0.6827164929931728,20.12217031979878,20.804886812791953,0.0,0.035932446999640676
4323754,Vitória das Missões - RS,3260,2638,64,0,558,0,80.920245398773,1.9631901840490797,17.116564417177916,19.079754601226995,0.0,0.0
4323770,Westfália - RS,3098,2884,46,0,168,0,93.09231762427372,1.4848289218850872,5.422853453841188,6.907682375726274,0.0,0.0
4323804,Xangri-lá - RS,16463,13857,798,8,1787,11,84.17056429569337,4.8472331895766265,10.854643746583248,15.701876936159874,0.04859381643685841,0.06681649760068031
5000203,Água Clara - MS,16741,5470,1332,32,9859,48,32.674272743563705,7.9565139477928435,58.89134460307031,66.84785855086315,0.1911474822292575,0.2867212233438863
5000252,Alcinópolis - MS,4537,1810,230,9,2481,7,39.894203217985456,5.069429138197046,54.68371170376901,59.75314084196606,0.19836896627727574,0.15428697377121445
5000609,Amambai - MS,39325,18421,1007,42,10139,9716,46.84297520661157,2.5607120152574696,25.782581055308327,28.343293070565796,0.10680228862047043,24.706929434202163
5000708,Anastácio - MS,24114,7843,1313,100,13230,1628,32.52467446296757,5.444969727129468,54.86439412789251,60.30936385502198,0.414696856597827,6.7512648254126235
5000807,Anaurilândia - MS,7653,3043,396,39,4164,11,39.76218476414478,5.174441395531164,54.410035280282244,59.584476675813406,0.5096040768326147,0.14373448320919902
5000856,Angélica - MS,10729,4355,522,10,5818,24,40.590921800727,4.865318296206543,54.226861776493614,59.09218007270016,0.09320533134495293,0.22369279522788704
5000906,Antônio João - MS,9303,3879,232,30,3694,1468,41.69622702354079,2.4938191981081372,39.70762119746318,42.20144039557132,0.32247662044501774,15.779855960442868
5001003,Aparecida do Taboado - MS,27674,13550,1974,129,12002,19,48.96292548962926,7.133049071330491,43.369227433692274,50.50227650502276,0.4661415046614151,0.06865650068656501
5001102,Aquidauana - MS,46803,13877,2975,212,22710,7019,29.649808772941906,6.356430143366878,48.52253060701237,54.87896075037925,0.4529624169390851,14.996901907997351
5001243,Aral Moreira - MS,10748,4155,255,27,5080,1230,38.65835504279866,2.372534425009304,47.264607368812804,49.63714179382211,0.2512095273539263,11.443989579456643
5001508,Bandeirantes - MS,7940,3428,451,23,4010,28,43.17380352644836,5.680100755667507,50.503778337531486,56.183879093198996,0.28967254408060455,0.3526448362720403
5001904,Bataguassu - MS,23031,9069,1596,95,12193,78,39.37736094828709,6.929790282662498,52.941687291042506,59.87147757370501,0.4124875168251487,0.33867396118275367
5002001,Batayporã - MS,10712,4187,756,37,5712,20,39.08700522778193,7.057505601194921,53.32337565347274,60.380881254667656,0.3454070201643017,0.18670649738610903
5002100,Bela Vista - MS,21613,10254,576,51,10358,374,47.44366816267987,2.6650626937491326,47.92486003794013,50.58992273168926,0.23596909267570443,1.7304400129551658
5002159,Bodoquena - MS,8567,2880,488,17,4657,524,33.61736897396988,5.69627640947823,54.35975253881172,60.05602894828995,0.19843585852690557,6.1164935216528535
5002209,Bonito - MS,23659,9523,1208,99,12431,395,40.2510672471364,5.105879369373177,52.54237288135593,57.64825225072911,0.4184454118939938,1.6695549262437128
5002308,Brasilândia - MS,11579,4614,744,25,6097,99,39.84800069090595,6.425425338975732,52.655669746955695,59.08109508593142,0.21590810950859315,0.8549961136540288
5002407,Caarapó - MS,30612,11686,1408,124,12182,5212,38.174572063243176,4.5995034626943685,39.79485169214687,44.394355154841236,0.40506990722592445,17.026002874689663
5002605,Camapuã - MS,13583,5222,708,26,7612,15,38.445115217551354,5.212397850253994,56.04063903408672,61.253036884340716,0.19141574026356475,0.11043215784436428
5002704,Campo Grande - MS,898100,405400,64997,10239,407905,9538,45.13973944994989,7.237167353301414,45.41866161897339,52.655828972274804,1.140073488475671,1.0620198196191961
5002803,Caracol - MS,5036,2173,142,10,2693,18,43.14932486100079,2.8196981731532964,53.47498014297061,56.29467831612391,0.19857029388403494,0.3574265289912629
5002902,Cassilândia - MS,20988,10217,1392,77,9281,21,48.680198208500094,6.632361349342482,44.22050695635601,50.85286830569849,0.3668763102725367,0.10005717552887364
5002951,Chapadão do Sul - MS,30993,14386,2185,106,14268,48,46.41693285580615,7.049979027522344,46.0362017229697,53.08618075049205,0.3420127125479947,0.15487368115380892
5003108,Corguinho - MS,4783,1546,515,15,2689,18,32.32280995191302,10.767300857202592,56.219945640811204,66.9872464980138,0.31361070457871626,0.37633284549445956
5003157,Coronel Sapucaia - MS,14289,5464,493,61,4705,3566,38.23920498285394,3.4502064525159213,32.92742669186087,36.377633144376794,0.4269018125831059,24.956260060186157
5003207,Corumbá - MS,96268,24954,9388,266,61139,520,25.921386130386004,9.751942493871276,63.509161922965056,73.26110441683633,0.2763119624381934,0.5401587235633856
5003256,Costa Rica - MS,26037,11180,2041,47,12745,24,42.93889464992127,7.838844720973999,48.949571763259975,56.78841648423398,0.18051234781272804,0.09217651803203133
5003306,Coxim - MS,32151,10194,2601,93,19170,82,31.706634319305778,8.089950545861715,59.624895026593265,67.71484557245498,0.289260054119623,0.25504649933128054
5003454,Deodápolis - MS,13663,5772,552,117,7192,30,42.24548049476689,4.040108321744858,52.63851277171924,56.6786210934641,0.8563273073263559,0.21957110444265535
5003488,Dois Irmãos do Buriti - MS,11100,3008,615,147,5193,2137,27.0990990990991,5.54054054054054,46.78378378378378,52.32432432432432,1.3243243243243243,19.25225225225225
5003504,Douradina - MS,5578,2533,286,7,2016,736,45.41054141269272,5.1272857655073505,36.141986375044816,41.26927214055217,0.1254930082466834,13.194693438508425
5003702,Dourados - MS,243367,121119,13685,2640,96193,9722,49.768045790924816,5.623194599103412,39.52590121092835,45.14909581003177,1.084781420652759,3.9947897619644404
5003751,Eldorado - MS,11386,4555,571,23,5475,762,40.0052696293694,5.0149306165466365,48.085367995784296,53.10029861233093,0.20200245916037238,6.6924292991392935
5003801,Fátima do Sul - MS,20609,9391,1282,176,9745,15,45.56747052258722,6.2205832403318935,47.28516667475375,53.50574991508564,0.853995827065845,0.07278373526129361
5003900,Figueirão - MS,3539,1373,264,1,1890,11,38.79627013280588,7.459734388245267,53.40491664311953,60.864651031364794,0.028256569652444195,0.31082226617688613
5004007,Glória de Dourados - MS,10444,4610,491,127,5177,38,44.14017617770969,4.7012638835695135,49.569130601302184,54.2703944848717,1.2160091918805056,0.36384527001148986
5004106,Guia Lopes da Laguna - MS,9940,4689,402,44,4664,141,47.17303822937626,4.044265593561368,46.9215291750503,50.96579476861167,0.4426559356136821,1.4185110663983904
5004304,Iguatemi - MS,13808,7317,499,26,5341,625,52.991019698725374,3.6138470451911937,38.68047508690614,42.294322132097335,0.18829663962920046,4.526361529548088
5004403,Inocência - MS,8404,3906,608,29,3842,19,46.477867682056164,7.23465016658734,45.7163255592575,52.95097572584484,0.3450737743931461,0.22608281770585437
5004502,Itaporã - MS,24137,10666,992,139,6148,6191,44.18941873472262,4.10987280937979,25.471268177486845,29.581140986866636,0.5758793553465633,25.649417906119236
5004601,Itaquiraí - MS,19423,7250,1018,39,10975,141,37.32688050249704,5.241208876074757,56.50517427791793,61.74638315399269,0.20079287442722546,0.7259434690830459
5004700,Ivinhema - MS,27821,12812,1448,196,13308,57,46.05154379785054,5.204701484490133,47.83436972071457,53.039071205204706,0.7045037920994932,0.20488120484526076
5004809,Japorã - MS,8148,1597,211,2,1659,4679,19.599901816396663,2.5895925380461464,20.36082474226804,22.950417280314188,0.024545900834560628,57.42513500245459
5004908,Jaraguari - MS,7139,2702,730,13,3611,83,37.848438156604566,10.225521781762152,50.58131390951114,60.80683569127329,0.18209833309987394,1.162627819022272
5005004,Jardim - MS,23981,10192,960,77,12532,220,42.50031274759184,4.003169175597348,52.25803761311038,56.26120678870773,0.32108752762603726,0.9173929360743922
5005103,Jateí - MS,3586,1386,226,12,1939,23,38.65030674846626,6.30228667038483,54.07138873396542,60.37367540435025,0.33463469046291133,0.64138315672058
5005152,Juti - MS,6729,2634,317,4,3087,687,39.144003566651804,4.710952593253084,45.87605884975479,50.587011443007874,0.05944419676029128,10.209540793580027
5005202,Ladário - MS,21522,4897,2236,59,14276,54,22.75346157420314,10.38936901774928,66.33212526716848,76.72149428491775,0.2741380912554595,0.25090604962364094
5005251,Laguna Carapã - MS,6799,2923,177,14,2787,898,42.99161641417856,2.603324018237976,40.99132225327254,43.59464627151052,0.20591263421091338,13.207824680100014
5005400,Maracaju - MS,45047,19939,1970,102,22409,627,44.26265900059937,4.373210202677204,49.745821031367235,54.11903123404444,0.2264301729304948,1.3918795924256888
5005608,Miranda - MS,25536,5768,1115,79,10637,7937,22.587719298245613,4.366384711779449,41.65491854636591,46.02130325814536,0.3093671679197995,31.081610275689222
5005681,Mundo Novo - MS,19193,8724,1025,124,9261,59,45.45407179700933,5.340488719845777,48.25196686291877,53.59245558276455,0.6460688792789038,0.30740374094722034
5005707,Naviraí - MS,50457,20174,3137,439,26097,608,39.98255940701984,6.217175020314327,51.721267614007964,57.93844263432229,0.8700477634421389,1.2049864240838735
5005806,Nioaque - MS,13220,4188,711,19,6566,1736,31.67927382753404,5.37821482602118,49.66717095310136,55.04538577912254,0.1437216338880484,13.131618759455371
5006002,Nova Alvorada do Sul - MS,21822,8223,1353,78,12034,134,37.68215562276602,6.200164971130052,55.146182751351844,61.346347722481894,0.35743744844652187,0.6140592063055632
5006200,Nova Andradina - MS,48563,19705,3531,382,24907,38,40.576158804027756,7.270967609085106,51.28801762658814,58.55898523567325,0.7866070877005127,0.07824887259848032
5006259,Novo Horizonte do Sul - MS,4721,1984,231,12,2474,20,42.024994704511755,4.893031137470875,52.404151662783306,57.297182800254184,0.25418343571277274,0.4236390595212879
5006275,Paraíso das Águas - MS,5510,2347,369,10,2773,11,42.595281306715066,6.696914700544465,50.32667876588022,57.023593466424686,0.18148820326678766,0.1996370235934664
5006309,Paranaíba - MS,40957,22175,3437,161,15165,19,54.142149083184805,8.391727909759016,37.026637693190416,45.418365602949436,0.3930951974021535,0.046390116463608175
5006358,Paranhos - MS,12921,3609,381,10,3403,5518,27.931274669143257,2.9486881820292545,26.336970822691743,29.285659004720998,0.07739339060444238,42.705672935531304
5006408,Pedro Gomes - MS,6941,2324,681,7,3926,3,33.48220717475868,9.811266388128512,56.56245497766892,66.37372136579744,0.10085002161071892,0.04322143783316525
5006606,Ponta Porã - MS,92017,44077,3027,575,43658,680,47.900931349641915,3.2896095286740494,47.44558070791267,50.73519023658672,0.6248845322060054,0.7389938815653629
5006903,Porto Murtinho - MS,12859,4151,359,20,7137,1192,32.28089275993467,2.79181895948363,55.50198304689323,58.29380200637686,0.15553308966482618,9.26977214402364
5007109,Ribas do Rio Pardo - MS,23150,8409,2070,65,12469,137,36.323974082073434,8.941684665226783,53.861771058315334,62.803455723542115,0.28077753779697623,0.591792656587473
5007208,Rio Brilhante - MS,37601,16129,2181,73,18852,366,42.89513576766576,5.800377649530597,50.136964442435044,55.93734209196564,0.19414377277200073,0.9733783675966065
5007307,Rio Negro - MS,4841,1941,389,33,2456,22,40.09502168973353,8.03552984920471,50.73331956207395,58.768849411278666,0.6816773393926875,0.45445155959512495
5007406,Rio Verde de Mato Grosso - MS,19818,6593,1544,37,11590,54,33.26773640125139,7.790897164194167,58.48218790998082,66.27308507417499,0.1866989605409224,0.2724795640326976
5007505,Rochedo - MS,5199,1772,390,12,2984,41,34.083477591844584,7.501442585112522,57.395653010194266,64.8970955953068,0.2308136180034622,0.7886131948451626
5007554,Santa Rita do Pardo - MS,7027,2766,556,24,3667,14,39.3624590863811,7.912338124377402,52.18443147858261,60.09676960296001,0.34153977515298134,0.1992315355059058
5007695,São Gabriel do Oeste - MS,29579,13509,1665,60,14217,128,45.67091517630752,5.628993542716116,48.064505223300316,53.69349876601643,0.20284661415193211,0.43273944352412186
5007703,Sete Quedas - MS,10994,5185,475,16,5094,224,47.16208841186101,4.320538475532109,46.33436419865381,50.65490267418592,0.14553392759687103,2.0374749863561945
5007802,Selvíria - MS,8142,3105,668,15,4341,13,38.13559322033898,8.204372390076148,53.31613854089904,61.52051093097519,0.18422991893883567,0.1596659297469909
5007901,Sidrolândia - MS,47118,17870,3048,167,23322,2711,37.92605798208753,6.468865401757291,49.49700751305234,55.96587291480963,0.3544293051487754,5.753639797954072
5007935,Sonora - MS,14516,4324,1359,16,8807,10,29.787820336180765,9.362083218517498,60.67098374207771,70.0330669605952,0.11022320198401764,0.06888950124001102
5007950,Tacuru - MS,10808,2997,367,6,3233,4205,27.729459659511473,3.3956328645447815,29.91302738712065,33.30866025166543,0.05551443375277572,38.90636565507032
5007976,Taquarussu - MS,3625,1363,213,6,2040,3,37.6,5.875862068965517,56.275862068965516,62.15172413793103,0.16551724137931034,0.08275862068965517
5008008,Terenos - MS,17652,6644,1148,156,9455,249,37.638794470881486,6.503512349875368,53.56333559936551,60.06684794924088,0.8837525492861998,1.4106050305914344
5008305,Três Lagoas - MS,132152,57624,11881,932,61496,216,43.60433440280889,8.990404988195412,46.53429384345299,55.52469883164841,0.7052485017252861,0.16344815061444398
5008404,Vicentina - MS,6336,2676,325,47,3253,35,42.234848484848484,5.129419191919192,51.3415404040404,56.47095959595959,0.7417929292929293,0.55239898989899
5100102,Acorizal - MT,5014,832,329,6,3835,12,16.59353809333865,6.561627443159154,76.48583964898285,83.047467092142,0.11966493817311527,0.23932987634623054
5100201,Água Boa - MT,29219,10622,2284,54,15897,362,36.35305794175023,7.816831513741059,54.40637941065745,62.22321092439851,0.1848112529518464,1.2389198808994148
5100250,Alta Floresta - MT,58613,22932,4542,334,30683,122,39.12442632180574,7.749134151126883,52.348455120877624,60.097589272004505,0.5698394554109156,0.20814495077883746
5100300,Alto Araguaia - MT,17193,6659,1617,14,8888,15,38.730878846041996,9.404990403071018,51.69545745361484,61.10044785668586,0.0814284883382772,0.08724480893386843
5100359,Alto Boa Vista - MT,5715,1291,585,9,2838,992,22.589676290463693,10.236220472440944,49.658792650918635,59.895013123359576,0.15748031496062992,17.3578302712161
5100409,Alto Garças - MT,13052,4680,1076,24,7259,13,35.85657370517928,8.24394728777199,55.61599754826847,63.859944836040455,0.18387986515476556,0.099601593625498
5100508,Alto Paraguai - MT,8009,1253,605,13,6136,2,15.644899488075914,7.554001748033462,76.6138094643526,84.16781121238606,0.16231739293295044,0.024971906605069295
5100607,Alto Taquari - MT,10904,4479,835,28,5559,3,41.07666911225238,7.657740278796772,50.98129126925899,58.63903154805576,0.25678650036683787,0.027512839325018343
5100805,Apiacás - MT,8590,2705,864,13,4541,463,31.490104772991852,10.058207217694994,52.86379511059371,62.922002328288706,0.15133876600698487,5.389988358556461
5101001,Araguaiana - MT,3795,974,291,11,2517,2,25.665349143610012,7.66798418972332,66.32411067193677,73.99209486166009,0.2898550724637681,0.052700922266139656
5101209,Araguainha - MT,1010,395,76,0,538,1,39.10891089108911,7.524752475247524,53.26732673267327,60.79207920792079,0.0,0.09900990099009901
5101258,Araputanga - MT,14786,5142,1186,37,8412,9,34.776139591505476,8.021101041525768,56.891654267550386,64.91275530907615,0.25023671040173134,0.06086838901663736
5101308,Arenápolis - MT,10576,2584,1171,34,6778,9,24.43267776096823,11.072239031770046,64.08850226928895,75.160741301059,0.321482602118003,0.0850983358547655
5101407,Aripuanã - MT,24626,7656,2057,31,14138,743,31.089092828717614,8.352960285876716,57.410866563794364,65.76382684967108,0.1258832128644522,3.017136359944774
5101605,Barão de Melgaço - MT,7253,1366,830,5,4812,240,18.833586102302494,11.443540603888046,66.3449607059148,77.78850130980285,0.06893699158968702,3.308975596304977
5101704,Barra do Bugres - MT,29403,7069,3181,75,18623,455,24.04176444580485,10.81862394993708,63.33707444818556,74.15569839812264,0.2550760126517702,1.5474611434207395
5101803,Barra do Garças - MT,69210,23028,5149,183,36770,4079,33.27264846120503,7.439676347348649,53.12816067042335,60.567837017772,0.26441265713047246,5.893656985984684
5101852,Bom Jesus do Araguaia - MT,7280,2050,792,12,4343,83,28.15934065934066,10.87912087912088,59.65659340659341,70.53571428571429,0.16483516483516483,1.14010989010989
5101902,Brasnorte - MT,17004,6284,1074,12,7997,1637,36.956010350505764,6.316160903316867,47.030110562220656,53.34627146553753,0.07057163020465773,9.627146553752059
5102504,Cáceres - MT,89681,22420,10208,215,56635,202,24.99972123415216,11.382567098939575,63.151615169322376,74.53418226826196,0.23973862914106667,0.22524280505346728
5102603,Campinápolis - MT,15347,2472,709,11,3704,8451,16.107382550335572,4.619795399752395,24.13501009969375,28.754805499446146,0.07167524597641232,55.06613670424187
5102637,Campo Novo do Parecis - MT,45899,15259,3789,105,26106,637,33.24473300071897,8.255081810061222,56.87705614501405,65.13213795507528,0.22876315388134819,1.3878298002135123
5102678,Campo Verde - MT,44585,15908,3042,91,25494,50,35.68016148929012,6.82292250756981,57.180666143321744,64.00358865089156,0.20410451945721655,0.112145340361108
5102686,Campos de Júlio - MT,8822,3004,715,8,5046,49,34.0512355474949,8.104738154613466,57.19791430514623,65.3026524597597,0.09068238494672409,0.5554296077986851
5102694,Canabrava do Norte - MT,4485,1237,466,4,2707,71,27.58082497212932,10.390189520624304,60.356744704570794,70.7469342251951,0.08918617614269789,1.5830546265328873
5102702,Canarana - MT,25858,9340,1753,45,12541,2175,36.12034960167066,6.779333281769665,48.49949725423467,55.278830536004335,0.1740273803078351,8.411323381545364
5102793,Carlinda - MT,10332,3619,840,47,5818,8,35.02710027100271,8.130081300813009,56.310491676345336,64.44057297715834,0.4548974061169183,0.07742934572202866
5102850,Castanheira - MT,7506,2859,546,9,4069,22,38.08952837729816,7.27418065547562,54.209965361044496,61.484146016520114,0.11990407673860912,0.29309885424993337
5103007,Chapada dos Guimarães - MT,18990,4131,2211,63,12525,60,21.753554502369667,11.642969984202212,65.95576619273302,77.59873617693523,0.33175355450236965,0.315955766192733
5103056,Cláudia - MT,9593,4083,675,25,4803,7,42.562284999478784,7.036380694256229,50.06775774001876,57.104138434274994,0.26060669237986034,0.07296987386636089
5103106,Cocalinho - MT,6220,1651,697,18,3818,36,26.543408360128616,11.205787781350482,61.38263665594855,72.58842443729904,0.28938906752411575,0.5787781350482315
5103205,Colíder - MT,31370,11914,2001,97,17159,199,37.97896079056423,6.3787057698437994,54.69875677398789,61.077462543831686,0.3092126235256615,0.6343640420784189
5103254,Colniza - MT,25766,7950,1984,100,15679,51,30.854614608398666,7.700069859504774,60.851509741519834,68.55157960102461,0.38810835985407127,0.19793526352557633
5103304,Comodoro - MT,18238,5309,1389,12,9700,1828,29.109551485908543,7.615966663011295,53.185656321965126,60.80162298497642,0.06579668823335892,10.023028840881675
5103353,Confresa - MT,35075,9703,3186,32,21969,184,27.66357804704205,9.083392729864576,62.63435495367071,71.71774768353528,0.09123307198859587,0.5245901639344263
5103361,Conquista D'Oeste - MT,3760,1214,341,8,1904,293,32.287234042553195,9.069148936170214,50.638297872340424,59.70744680851064,0.2127659574468085,7.792553191489362
5103379,Cotriguaçu - MT,11011,4111,935,14,5867,84,37.33539188084642,8.491508491508492,53.28308055580783,61.77458904731632,0.12714558169103624,0.7628734901462174
5103403,Cuiabá - MT,650877,199915,88480,3545,357445,1471,30.71471261083123,13.593966294706988,54.917442158810346,68.51140845351733,0.5446497571737825,0.22600276242669506
5103437,Curvelândia - MT,4903,1554,338,0,3009,2,31.694880685294716,6.893738527432184,61.37058943503977,68.26432796247195,0.0,0.040791352233326535
5103452,Denise - MT,7014,1796,788,14,4414,2,25.60593099515255,11.234673510122612,62.93128029654976,74.16595380667238,0.1996007984031936,0.028514399771884802
5103502,Diamantino - MT,21941,6458,2049,29,13337,65,29.433480698236178,9.338681008158243,60.78574358506905,70.12442459322729,0.13217264482019964,0.29624903149355086
5103601,Dom Aquino - MT,7872,2043,528,13,5286,2,25.952743902439025,6.7073170731707314,67.14939024390245,73.85670731707317,0.16514227642276422,0.02540650406504065
5103700,Feliz Natal - MT,10521,3534,667,13,4956,1351,33.5899629312803,6.339701549282387,47.10578842315369,53.44548997243608,0.1235623990115008,12.840984697272122
5103809,Figueirópolis D'Oeste - MT,3187,1173,163,1,1850,0,36.80577345465955,5.114527769061814,58.04832130530279,63.16284907436461,0.031377470975839344,0.0
5103858,Gaúcha do Norte - MT,8642,2556,496,5,3128,2457,29.576486924323074,5.739412173108077,36.19532515621384,41.93473732932192,0.05785697755149271,28.43091876880352
5103908,General Carneiro - MT,6037,1146,359,11,2375,2146,18.98293854563525,5.946662249461653,39.34073215173099,45.28739440119264,0.18220970680801724,35.54745734636409
5103957,Glória D'Oeste - MT,2905,1137,162,4,1599,3,39.1394148020654,5.576592082616179,55.04302925989673,60.61962134251291,0.13769363166953527,0.10327022375215146
5104104,Guarantã do Norte - MT,31024,11928,1780,46,17053,215,38.44765342960289,5.73749355337803,54.96712222795255,60.70461578133058,0.14827230531201652,0.693011861784425
5104203,Guiratinga - MT,10966,3209,959,16,6770,12,29.26317709283239,8.745212474922488,61.73627576144447,70.48148823636696,0.14590552617180375,0.10942914462885282
5104500,Indiavaí - MT,2213,709,136,0,1367,1,32.03795752372345,6.1455038409399005,61.77135110709444,67.91685494803434,0.0,0.04518752824220515
5104526,Ipiranga do Norte - MT,7815,3100,608,16,4086,5,39.667306461932185,7.779910428662828,52.284069097888676,60.063979526551506,0.20473448496481125,0.06397952655150352
5104542,Itanhangá - MT,7539,3298,475,27,3732,7,43.74585488791617,6.300570367422735,49.50258654994031,55.80315691736305,0.3581376840429765,0.09285051067780872
5104559,Itaúba - MT,5020,1984,494,8,2532,2,39.52191235059761,9.840637450199203,50.43824701195219,60.278884462151396,0.1593625498007968,0.0398406374501992
5104609,Itiquira - MT,12236,4022,1107,10,7076,21,32.870219025825435,9.047074207257273,57.829355998692385,66.87643020594966,0.08172605426610004,0.17162471395881007
5104807,Jaciara - MT,28569,9476,2072,76,16920,25,33.16881934964472,7.252616472400154,59.22503412790087,66.47765060030102,0.2660226119220134,0.08750743813224124
5104906,Jangada - MT,7426,1010,505,9,5902,0,13.600861836789658,6.800430918394829,79.47751144626986,86.27794236466468,0.12119579854565042,0.0
5105002,Jauru - MT,8367,3090,622,7,4638,10,36.930799569738255,7.433966774232102,55.43205449982072,62.86602127405283,0.08366200549778893,0.11951715071112705
5105101,Juara - MT,34906,12683,2803,100,17831,1489,36.33472755400218,8.030138085142955,51.08290838251303,59.11304646765599,0.28648369907752247,4.26574227926431
5105150,Juína - MT,45869,16994,3762,127,23421,1565,37.04898733349321,8.201617650264884,51.06062918310842,59.262246833373304,0.2768754496500905,3.4118903834833985
5105176,Juruena - MT,10213,3836,823,20,5492,42,37.55997258396162,8.058356995985509,53.77460099872711,61.832957994712615,0.19582884558895525,0.41124057573680606
5105200,Juscimeira - MT,11480,3126,1172,37,7133,10,27.229965156794425,10.209059233449477,62.13414634146341,72.34320557491289,0.32229965156794427,0.08710801393728224
5105234,Lambari D'Oeste - MT,4790,1213,369,3,3205,0,25.32359081419624,7.703549060542797,66.91022964509395,74.61377870563675,0.06263048016701461,0.0
5105259,Lucas do Rio Verde - MT,83798,33406,7083,192,43059,58,39.86491324375283,8.452469032673811,51.38428124776247,59.836750280436284,0.22912241342275472,0.06921406238812382
5105309,Luciara - MT,2509,300,343,0,1226,640,11.95695496213631,13.670785173375847,48.86408927859705,62.5348744519729,0.0,25.50817058589079
5105507,Vila Bela da Santíssima Trindade - MT,16774,3690,2620,32,10064,368,21.998330749970194,15.619410993203768,59.99761535710027,75.61702635030404,0.1907714319780613,2.1938714677477047
5105580,Marcelândia - MT,11396,4044,797,17,6073,465,35.48613548613549,6.993681993681994,53.29062829062829,60.28431028431029,0.14917514917514918,4.08037908037908
5105606,Matupá - MT,20091,7428,1316,16,11070,261,36.9717784082425,6.550196605445224,55.09929819322085,61.64949479866607,0.07963764869842217,1.2990891443930117
5105622,Mirassol d'Oeste - MT,26785,10000,1970,73,14715,27,37.334328915437744,7.354862796341235,54.93746499906664,62.29232779540788,0.27254060108269557,0.10080268807168191
5105903,Nobres - MT,15492,4229,1255,34,9765,209,27.297960237541957,8.100955331784146,63.03253292021689,71.13348825200103,0.21946811257423185,1.3490833978827783
5106000,Nortelândia - MT,5956,1280,713,12,3946,5,21.490933512424444,11.97112155809268,66.25251846877099,78.22364002686366,0.20147750167897918,0.08394895903290799
5106109,Nossa Senhora do Livramento - MT,12940,1880,2413,48,8569,30,14.528593508500773,18.64760432766615,66.2210200927357,84.86862442040186,0.37094281298299847,0.23183925811437403
5106158,Nova Bandeirantes - MT,13635,4766,933,11,7892,33,34.95416208287495,6.842684268426843,57.88045471213788,64.72313898056473,0.08067473414008068,0.24202420242024203
5106174,Nova Nazaré - MT,4200,763,253,1,1459,1724,18.166666666666668,6.023809523809524,34.73809523809524,40.761904761904766,0.023809523809523808,41.04761904761905
5106182,Nova Lacerda - MT,6670,2086,537,2,3732,313,31.274362818590706,8.050974512743629,55.952023988006,64.00299850074963,0.029985007496251874,4.692653673163418
5106190,Nova Santa Helena - MT,4239,1686,291,8,2247,7,39.773531493276714,6.86482661004954,53.00778485491861,59.87261146496815,0.1887237556027365,0.16513328615239442
5106208,Nova Brasilândia - MT,3932,1075,331,3,2521,2,27.339776195320447,8.418107833163784,64.11495422177009,72.53306205493388,0.0762970498474059,0.0508646998982706
5106216,Nova Canaã do Norte - MT,11707,4247,682,20,6751,7,36.27744084735628,5.825574442641154,57.66635346373964,63.491927906380795,0.17083796019475528,0.05979328606816434
5106224,Nova Mutum - MT,55839,19976,4595,115,31054,96,35.774279625351454,8.229015562599617,55.61346012643493,63.84247568903454,0.2059492469421014,0.17192284962123247
5106232,Nova Olímpia - MT,16352,3829,1749,8,10752,13,23.416095890410958,10.695939334637965,65.75342465753425,76.44936399217222,0.04892367906066536,0.07950097847358122
5106240,Nova Ubiratã - MT,11530,4262,976,12,6160,120,36.96444058976583,8.464874241110147,53.42584562012142,61.89071986123157,0.10407632263660017,1.0407632263660018
5106257,Nova Xavantina - MT,24345,8188,1864,55,14072,166,33.63318956664613,7.656602998562333,57.80242349558431,65.45902649414664,0.2259190798932019,0.6818648593140275
5106265,Novo Mundo - MT,6520,2366,360,5,3775,14,36.28834355828221,5.521472392638037,57.89877300613497,63.420245398773005,0.07668711656441718,0.2147239263803681
5106273,Novo Horizonte do Norte - MT,3349,1068,258,1,2016,6,31.89011645267244,7.703792176769185,60.19707375335921,67.9008659301284,0.029859659599880562,0.17915795759928338
5106281,Novo São Joaquim - MT,6919,2059,403,7,4261,189,29.758635640988583,5.8245411186587654,61.58404393698511,67.40858505564388,0.10117068940598352,2.731608613961555
5106299,Paranaíta - MT,11671,4299,1007,35,6323,7,36.83488989803787,8.62822380258761,54.17701996401337,62.80524376660098,0.29988861280095963,0.05997772256019193
5106307,Paranatinga - MT,26423,7476,1397,31,15531,1988,28.293532150020816,5.287060515460016,58.77833705483859,64.0653975702986,0.11732203004957802,7.523748249631003
5106315,Novo Santo Antônio - MT,2015,363,320,1,1290,41,18.01488833746898,15.88089330024814,64.0198511166253,79.90074441687344,0.04962779156327544,2.034739454094293
5106372,Pedra Preta - MT,18066,5549,2009,41,10440,27,30.715155540794864,11.120336543783903,57.788110262371305,68.90844680615521,0.2269456437506919,0.14945200929923613
5106422,Peixoto de Azevedo - MT,32714,7670,3157,28,20430,1429,23.44561961239836,9.65030262273033,62.450327077092375,72.1006296998227,0.08559026716390536,4.368160420615027
5106455,Planalto da Serra - MT,3166,758,303,3,2062,40,23.94188250157928,9.570435881238156,65.1295009475679,74.69993682880606,0.09475679090334807,1.2634238787113077
5106505,Poconé - MT,31217,4621,4894,66,21526,110,14.80283179037063,15.677355287183266,68.9560175545376,84.63337284172086,0.21142326296569178,0.3523721049428196
5106653,Pontal do Araguaia - MT,6932,2257,561,12,4077,25,32.559145989613384,8.092902481246394,58.81419503750721,66.9070975187536,0.17311021350259664,0.36064627813040967
5106703,Ponte Branca - MT,2008,714,96,8,1184,6,35.55776892430279,4.780876494023905,58.96414342629482,63.745019920318725,0.398406374501992,0.29880478087649404
5106752,Pontes e Lacerda - MT,52018,17604,5358,85,28861,110,33.84213156984121,10.30028067207505,55.482717520858166,65.78299819293322,0.163404975200892,0.21146526202468377
5106778,Porto Alegre do Norte - MT,12127,2661,1675,9,7466,316,21.942772326214232,13.812154696132596,61.565102663478186,75.37725735961078,0.0742145625463841,2.6057557516285974
5106802,Porto dos Gaúchos - MT,5593,2194,403,12,2968,16,39.22760593599142,7.205435365635616,53.06633291614518,60.271768281780794,0.2145539066690506,0.28607187555873415
5106828,Porto Esperidião - MT,10204,2511,592,15,6794,292,24.60799686397491,5.801646413171305,66.58173265386124,72.38337906703254,0.14700117600940807,2.861622892983144
5106851,Porto Estrela - MT,3224,546,306,3,2369,0,16.93548387096774,9.491315136476427,73.4801488833747,82.97146401985113,0.09305210918114144,0.0
5107008,Poxoréu - MT,23283,5249,2501,37,14451,1045,22.54434565992355,10.741742902546923,62.06674397629172,72.80848687883864,0.15891422926598806,4.488253231971825
5107040,Primavera do Leste - MT,85146,33689,6025,339,44918,175,39.56615695393794,7.0760810842552795,52.75409296972259,59.83017405397787,0.3981396659854838,0.20552932609870106
5107065,Querência - MT,26769,9673,2143,23,13044,1880,36.135081624266874,8.005528783294109,48.72800627591617,56.73353505921028,0.08592028092196197,7.023049049273413
5107107,São José dos Quatro Marcos - MT,17849,7353,937,41,9510,8,41.1955851868452,5.24959381477954,53.28029581489159,58.529889629671125,0.22970474536388594,0.04482043811978262
5107156,Reserva do Cabaçal - MT,2122,569,172,1,1380,0,26.814326107445805,8.105560791705937,65.0329877474081,73.13854853911404,0.0471253534401508,0.0
5107180,Ribeirão Cascalheira - MT,10089,2293,715,9,6132,940,22.72772326295966,7.086926355436614,60.7790663098424,67.86599266527901,0.08920606601248884,9.317078005748835
5107198,Ribeirãozinho - MT,2593,1009,145,0,1438,1,38.912456613960664,5.591978403393752,55.456999614346316,61.04897801774007,0.0,0.03856536829926726
5107206,Rio Branco - MT,4535,1476,447,9,2603,0,32.546857772877615,9.856670341786108,57.398015435501655,67.25468577728776,0.19845644983461963,0.0
5107248,Santa Carmem - MT,5374,2224,425,19,2705,1,41.38444361741719,7.9084480833643465,50.334946036471905,58.24339411983625,0.35355414960922965,0.018608113137327874
5107263,Santo Afonso - MT,2519,635,257,5,1613,9,25.20841603811036,10.202461294164351,64.03334656609766,74.23580786026201,0.19849146486701072,0.3572846367606193
5107297,São José do Povo - MT,2875,958,211,4,1696,6,33.321739130434786,7.339130434782609,58.99130434782609,66.33043478260869,0.1391304347826087,0.20869565217391303
5107305,São José do Rio Claro - MT,14911,4647,998,30,9222,14,31.1649118100731,6.693045402722822,61.84695862115217,68.54000402387499,0.20119374958084635,0.09389041647106164
5107354,São José do Xingu - MT,5964,1228,531,5,3678,519,20.590207914151577,8.903420523138832,61.670020120724345,70.57344064386318,0.08383635144198524,8.702213279678068
5107404,São Pedro da Cipa - MT,4191,1082,566,4,2535,4,25.817227392030542,13.505130040563111,60.48675733715104,73.99188737771415,0.09544261512765449,0.09544261512765449
5107578,Rondolândia - MT,3505,725,232,0,1539,1009,20.684736091298145,6.619115549215406,43.90870185449358,50.52781740370899,0.0,28.787446504992868
5107602,Rondonópolis - MT,244911,86947,24375,770,131897,915,35.50146788016871,9.952595024314956,53.85507388398234,63.8076689082973,0.3143999248706673,0.37360510552813064
5107701,Rosário Oeste - MT,15453,3294,1154,31,10957,17,21.31624927198602,7.467805604089821,70.90532582670032,78.37313143079014,0.20060829612373002,0.11001100110011001
5107743,Santa Cruz do Xingu - MT,2661,821,393,1,1422,24,30.853062758361517,14.768883878241263,53.43855693348365,68.20744081172492,0.03757985719654265,0.9019165727170236
5107750,Salto do Céu - MT,3679,1005,406,2,2266,0,27.317205762435446,11.035607502038598,61.59282413699375,72.62843163903234,0.05436259853220984,0.0
5107768,Santa Rita do Trivelato - MT,3276,1134,244,7,1888,3,34.61538461538461,7.448107448107448,57.63125763125763,65.07936507936508,0.21367521367521367,0.09157509157509157
5107776,Santa Terezinha - MT,7596,1333,839,7,3931,1486,17.548709847288045,11.045286993154292,51.750921537651394,62.796208530805686,0.09215376513954714,19.56292785676672
5107792,Santo Antônio do Leste - MT,4099,1087,234,16,2116,645,26.518663088558185,5.708709441327153,51.62234691388144,57.33105635520859,0.39033910709929254,15.735545254940229
5107800,Santo Antônio de Leverger - MT,15246,3058,2659,39,9056,434,20.057720057720058,17.440640167912896,59.399186671913945,76.83982683982684,0.25580480125934674,2.846648301193756
5107859,São Félix do Araguaia - MT,13621,3203,1781,36,7807,793,23.515160414066514,13.075398282064459,57.31590925776375,70.3913075398282,0.2642977754937229,5.82189266573673
5107875,Sapezal - MT,28944,9668,2494,70,16291,418,33.4024322830293,8.616639027086789,56.284549474847985,64.90118850193477,0.24184632393587618,1.4441680486456605
5107883,Serra Nova Dourada - MT,1800,495,159,5,1128,13,27.5,8.833333333333334,62.666666666666664,71.5,0.2777777777777778,0.7222222222222222
5107909,Sinop - MT,196312,80294,14731,821,100277,188,40.90121846856025,7.5038713884021355,51.08042300012225,58.584294388524384,0.4182118260727821,0.09576592363176983
5107925,Sorriso - MT,110635,46275,8727,233,55339,60,41.82672752745515,7.888100510688299,50.01943327156867,57.90753378225697,0.21060243141862883,0.05423238577303747
5107941,Tabaporã - MT,9818,3662,752,51,5331,21,37.298838867386436,7.659401100020371,54.29822774495824,61.95762884497861,0.5194540639641475,0.21389284986759013
5107958,Tangará da Serra - MT,106434,38587,10898,406,54774,1769,36.254392393408125,10.239209275231598,51.46287840351767,61.702087678749265,0.38145705319728657,1.66206287464532
5108006,Tapurah - MT,14370,6078,896,18,7373,5,42.2964509394572,6.235212247738343,51.30828114126653,57.54349338900487,0.12526096033402923,0.03479471120389701
5108055,Terra Nova do Norte - MT,10616,4993,648,1,4968,6,47.03278070836473,6.103993971363979,46.7972871137905,52.90128108515448,0.009419743782969104,0.05651846269781462
5108105,Tesouro - MT,3025,742,183,9,2091,0,24.52892561983471,6.049586776859504,69.12396694214875,75.17355371900825,0.2975206611570248,0.0
5108204,Torixoréu - MT,4164,1342,269,3,2550,0,32.22862632084534,6.460134486071086,61.23919308357349,67.69932756964458,0.07204610951008646,0.0
5108303,União do Sul - MT,3838,1429,414,2,1991,2,37.232933819697756,10.78686816050026,51.87597707139135,62.66284523189161,0.05211047420531527,0.05211047420531527
5108352,Vale de São Domingos - MT,2904,936,168,0,1800,0,32.231404958677686,5.785123966942149,61.98347107438016,67.76859504132231,0.0,0.0
5108402,Várzea Grande - MT,300078,71370,37217,723,190304,460,23.783816207785975,12.402442031738415,63.41817794040216,75.82061997214058,0.2409373562873653,0.1532934770293057
5108501,Vera - MT,12800,5560,1042,16,6167,15,43.4375,8.140625,48.1796875,56.3203125,0.125,0.1171875
5108600,Vila Rica - MT,19888,6641,2090,25,11090,42,33.39199517296863,10.508849557522124,55.76226870474658,66.2711182622687,0.1257039420756235,0.21118262268704746
5108808,Nova Guarita - MT,4590,1911,295,1,2376,7,41.63398692810458,6.427015250544662,51.76470588235294,58.191721132897605,0.02178649237472767,0.15250544662309368
5108857,Nova Marilândia - MT,3529,904,431,13,2151,29,25.616321904222158,12.213091527344856,60.95211107962596,73.16520260697081,0.36837631056956643,0.821762538962879
5108907,Nova Maringá - MT,5846,2001,625,16,3199,5,34.22853232979815,10.691070817653095,54.721176873075606,65.4122476907287,0.2736914129319193,0.08552856654122477
5108956,Nova Monte Verde - MT,8313,2984,701,8,4613,7,35.89558522795621,8.432575484181402,55.49139901359317,63.923974497774566,0.09623481294358234,0.08420546132563454
5200050,Abadia de Goiás - GO,19128,4940,2115,116,11884,73,25.826014219991634,11.057089084065245,62.12881639481389,73.18590547887914,0.6064408197406943,0.38163948138854037
5200100,Abadiânia - GO,17232,6339,931,19,9933,10,36.78621169916435,5.402739090064995,57.64275766016713,63.045496750232125,0.11025998142989786,0.058031569173630455
5200134,Acreúna - GO,21568,7433,1583,38,12500,13,34.46309347181009,7.339577151335312,57.95623145400594,65.29580860534125,0.17618694362017803,0.06027448071216617
5200159,Adelândia - GO,2297,864,125,1,1305,2,37.61427949499347,5.44188071397475,56.81323465389639,62.255115367871134,0.043535045711798,0.087070091423596
5200175,Água Fria de Goiás - GO,4954,1277,546,13,3109,8,25.777149777957206,11.021396851029472,62.757367783609205,73.77876463463868,0.26241421073879695,0.16148566814695195
5200209,Água Limpa - GO,1858,967,44,6,838,3,52.04520990312164,2.3681377825618943,45.10226049515608,47.470398277717976,0.32292787944025836,0.16146393972012918
5200258,Águas Lindas de Goiás - GO,225693,60117,30762,395,133890,524,26.63662585902088,13.630019539817363,59.32394890404222,72.95396844385958,0.17501650472101482,0.23217379360458676
5200308,Alexânia - GO,27008,9473,2148,90,15250,47,35.074792654028435,7.953199052132701,56.46475118483412,64.41795023696682,0.3332345971563981,0.17402251184834122
5200506,Aloândia - GO,1973,1013,94,1,865,0,51.3431322858591,4.76431829700963,43.841865179929044,48.606183476938675,0.05068423720223011,0.0
5200555,Alto Horizonte - GO,6072,1730,444,5,3891,2,28.491436100131754,7.312252964426878,64.08102766798419,71.39328063241106,0.08234519104084322,0.03293807641633729
5200605,Alto Paraíso de Goiás - GO,10306,3075,2061,46,5042,82,29.836988162235592,19.998059382883756,48.922957500485154,68.9210168833689,0.446341936735882,0.7956530176596157
5200803,Alvorada do Norte - GO,8446,1892,1276,25,5237,16,22.40113663272555,15.107743310442814,62.00568316362775,77.11342647407056,0.2959981056121241,0.18943878759175942
5200829,Amaralina - GO,3268,861,304,5,2096,2,26.346389228886167,9.30232558139535,64.13708690330478,73.43941248470013,0.15299877600979192,0.06119951040391677
5200852,Americano do Brasil - GO,5259,2011,228,2,3015,3,38.23920897509032,4.335424985738734,57.33029092983457,61.6657159155733,0.038030043734550295,0.05704506560182544
5200902,Amorinópolis - GO,3007,1378,216,11,1400,2,45.82640505487196,7.183239108746259,46.55803126039242,53.741270369138675,0.36581310276022616,0.06651147322913202
5201108,Anápolis - GO,398869,161979,28056,1130,207238,454,40.609573569267106,7.033888319222602,51.95640674005751,58.990295059280115,0.2833010336727096,0.1138218312277966
5201207,Anhanguera - GO,924,357,84,2,481,0,38.63636363636363,9.090909090909092,52.056277056277054,61.14718614718615,0.21645021645021645,0.0
5201306,Anicuns - GO,18503,7604,1114,13,9758,14,41.09603848024645,6.020645300762038,52.737393936118465,58.75803923688051,0.07025887693887478,0.07566340593417284
5201405,Aparecida de Goiânia - GO,527796,162392,56123,1333,307260,675,30.767948222419268,10.633464444596019,58.21567423777368,68.8491386823697,0.25255970109663584,0.127890321260487
5201454,Aparecida do Rio Doce - GO,2907,1193,260,7,1442,5,41.038871689026486,8.94392844857241,49.60440316477468,58.54833161334709,0.24079807361541108,0.1719986240110079
5201504,Aporé - GO,4325,1643,292,1,2389,0,37.98843930635838,6.7514450867052025,55.23699421965318,61.98843930635838,0.023121387283236993,0.0
5201603,Araçu - GO,3799,1476,296,3,2023,1,38.85232956041063,7.791524085285602,53.25085548828639,61.04237957357199,0.07896814951302975,0.026322716504343247
5201702,Aragarças - GO,18390,5385,1507,7,11139,352,29.282218597063622,8.194671016856988,60.57096247960848,68.76563349646547,0.03806416530723219,1.914083741163676
5201801,Aragoiânia - GO,11890,4072,863,188,6762,5,34.24726661059714,7.258200168208579,56.871320437342305,64.12952060555088,1.5811606391925987,0.04205214465937763
5202155,Araguapaz - GO,7153,2190,609,8,4323,23,30.61652453516007,8.513910247448623,60.43618062351461,68.95009087096324,0.11184118551656648,0.3215434083601286
5202353,Arenópolis - GO,2946,1417,206,12,1311,0,48.099117447386284,6.992532247114732,44.5010183299389,51.49355057705363,0.4073319755600815,0.0
5202502,Aruanã - GO,8300,2332,877,4,4860,227,28.096385542168676,10.566265060240964,58.55421686746988,69.12048192771084,0.04819277108433735,2.7349397590361444
5202601,Aurilândia - GO,3284,1232,267,4,1777,4,37.51522533495737,8.130328867235079,54.110840438489646,62.241169305724725,0.1218026796589525,0.1218026796589525
5202809,Avelinópolis - GO,2868,1104,123,0,1636,5,38.49372384937239,4.2887029288702925,57.04323570432357,61.331938633193865,0.0,0.17433751743375175
5203104,Baliza - GO,3351,1304,230,0,1815,2,38.913757087436586,6.863622799164428,54.162936436884515,61.02655923604894,0.0,0.05968367651447329
5203203,Barro Alto - GO,10371,2965,1109,25,6244,28,28.589335647478546,10.693279336611706,60.20634461479124,70.89962395140294,0.24105679298042618,0.2699836081380773
5203302,Bela Vista de Goiás - GO,34445,12525,2294,62,19529,35,36.36231673682683,6.6598925823777035,56.69618231964001,63.35607490201771,0.17999709682101903,0.10161126433444621
5203401,Bom Jardim de Goiás - GO,7826,3146,730,17,3932,0,40.199335548172755,9.327881420904676,50.24278047533861,59.57066189624329,0.217224635829287,0.0
5203500,Bom Jesus de Goiás - GO,23958,9403,2000,93,12431,31,39.2478504048752,8.347942232239753,51.88663494448618,60.234577176725935,0.3881793137991485,0.12939310459971617
5203559,Bonfinópolis - GO,10296,3807,673,23,5774,19,36.97552447552447,6.536519036519037,56.08003108003108,62.616550116550115,0.2233877233877234,0.18453768453768454
5203575,Bonópolis - GO,3299,800,444,6,2043,6,24.24977265838133,13.458623825401636,61.92785692634131,75.38648075174295,0.18187329493785995,0.18187329493785995
5203609,Brazabrantes - GO,3992,1192,346,6,2448,0,29.859719438877754,8.667334669338677,61.322645290581164,69.98997995991984,0.15030060120240482,0.0
5203807,Britânia - GO,5695,1722,609,2,3350,12,30.237050043898158,10.693590869183494,58.8235294117647,69.51712028094819,0.03511852502194908,0.21071115013169447
5203906,Buriti Alegre - GO,10495,4895,658,1,4937,4,46.6412577417818,6.269652215340638,47.04144830871844,53.31110052405907,0.009528346831824679,0.038113387327298714
5203939,Buriti de Goiás - GO,2732,1044,176,5,1501,6,38.21376281112738,6.44216691068814,54.941434846266475,61.38360175695462,0.18301610541727673,0.21961932650073207
5203962,Buritinópolis - GO,3145,709,271,4,2160,1,22.543720190779013,8.616852146263911,68.68044515103338,77.29729729729729,0.1271860095389507,0.03179650238473768
5204003,Cabeceiras - GO,7560,1819,862,38,4829,12,24.06084656084656,11.402116402116402,63.87566137566137,75.27777777777777,0.5026455026455027,0.15873015873015872
5204102,Cachoeira Alta - GO,11513,4863,794,23,5816,17,42.2392078519934,6.896551724137931,50.51680708764006,57.41335881177799,0.1997741683314514,0.14765916789715974
5204201,Cachoeira de Goiás - GO,1405,469,151,1,783,1,33.380782918149464,10.747330960854093,55.729537366548044,66.47686832740214,0.0711743772241993,0.0711743772241993
5204250,Cachoeira Dourada - GO,7782,2919,604,6,4249,4,37.50963762528913,7.761500899511693,54.60035980467746,62.361860704189155,0.07710100231303008,0.05140066820868671
5204300,Caçu - GO,13774,6756,869,31,6110,8,49.04893277188906,6.308987948308407,44.358937127922175,50.66792507623058,0.22506171046899956,0.058080441411354725
5204409,Caiapônia - GO,16513,6239,1511,25,8704,32,37.78235329740205,9.150366378005208,52.70998607157997,61.86035244958518,0.15139586992066856,0.19378671349845578
5204508,Caldas Novas - GO,98622,39581,8139,260,50564,77,40.13404717000264,8.25272251627426,51.27050759465434,59.5232301109286,0.26363286082212894,0.07807588570501511
5204557,Caldazinha - GO,4507,1651,266,5,2577,6,36.63190592411804,5.90193033059685,57.1777235411582,63.07965387175505,0.11093854004881296,0.13312624805857554
5204607,Campestre de Goiás - GO,3755,1109,458,3,2180,4,29.533954727030626,12.197070572569906,58.055925432756325,70.25299600532622,0.07989347536617843,0.10652463382157124
5204656,Campinaçu - GO,3708,1129,314,8,2252,5,30.447680690399135,8.468176914778857,60.73354908306364,69.2017259978425,0.21574973031283712,0.1348435814455232
5204706,Campinorte - GO,12510,4195,817,16,7480,2,33.533173461231016,6.530775379696243,59.79216626698641,66.32294164668265,0.1278976818545164,0.01598721023181455
5204805,Campo Alegre de Goiás - GO,7422,2675,313,16,4417,1,36.04149824845055,4.217192131500943,59.51226084613312,63.72945297763406,0.2155753166262463,0.013473457289140393
5204854,Campo Limpo de Goiás - GO,8081,2629,506,13,4920,8,32.533102338819454,6.261601286969435,60.88355401559213,67.14515530256156,0.1608711793094914,0.09899764880584086
5204904,Campos Belos - GO,18108,3477,3144,17,11463,4,19.201457919151757,17.362491716368456,63.303512259774685,80.66600397614314,0.09388115749944775,0.02208968411751712
5204953,Campos Verdes - GO,4005,1084,277,3,2639,2,27.06616729088639,6.916354556803995,65.89263420724095,72.80898876404494,0.0749063670411985,0.049937578027465665
5205000,Carmo do Rio Verde - GO,9710,3674,441,3,5573,19,37.83728115345005,4.541709577754892,57.394438722966015,61.93614830072091,0.030895983522142123,0.1956745623069001
5205059,Castelândia - GO,2985,985,226,2,1772,0,32.99832495812395,7.5711892797319935,59.36348408710218,66.93467336683418,0.06700167504187604,0.0
5205109,Catalão - GO,114427,54177,8315,284,51499,144,47.346343083363195,7.266641614304317,45.00598634937558,52.2726279636799,0.24819317119211376,0.12584442482980415
5205208,Caturaí - GO,5184,1910,526,11,2730,7,36.84413580246913,10.146604938271604,52.66203703703704,62.808641975308646,0.21219135802469136,0.13503086419753085
5205307,Cavalcante - GO,9583,1206,3367,12,4970,25,12.584785557758531,35.13513513513514,51.86267348429511,86.99780861943024,0.12522174684336845,0.26087863925701765
5205406,Ceres - GO,22046,9411,1413,37,11156,28,42.68801596661526,6.409325954821736,50.60328404245668,57.01260999727842,0.16783089902930237,0.12700716683298557
5205455,Cezarina - GO,8090,2704,774,1,4599,12,33.42398022249691,9.567367119901112,56.84796044499382,66.41532756489492,0.012360939431396786,0.14833127317676142
5205471,Chapadão do Céu - GO,12870,5323,1003,15,6512,17,41.35975135975136,7.793317793317794,50.598290598290596,58.391608391608386,0.11655011655011654,0.1320901320901321
5205497,Cidade Ocidental - GO,91767,25671,13046,84,52688,272,27.9741083395992,14.21643946080835,57.41497488203821,71.63141434284655,0.09153617313413319,0.2964028463390979
5205513,Cocalzinho de Goiás - GO,25016,7003,2270,5,15719,19,27.99408378637672,9.074192516789255,62.835785097537574,71.90997761432683,0.019987208186760475,0.07595139110968979
5205521,Colinas do Sul - GO,4030,750,535,10,2719,16,18.610421836228287,13.275434243176178,67.46898263027295,80.74441687344913,0.24813895781637718,0.3970223325062035
5205703,Córrego do Ouro - GO,2454,1037,120,1,1296,0,42.25753871230644,4.88997555012225,52.81173594132029,57.701711491442545,0.040749796251018745,0.0
5205802,Corumbá de Goiás - GO,10562,3655,759,46,6067,35,34.60518841128574,7.1861389888278735,57.4417723915925,64.62791138042037,0.4355235750804772,0.33137663321340655
5205901,Corumbaíba - GO,9164,4395,634,1,4124,10,47.959406372762984,6.91837625491052,45.00218245307726,51.92055870798778,0.010912265386294195,0.10912265386294194
5206206,Cristalina - GO,62337,18301,7316,106,36561,50,29.35816609718145,11.736208030543658,58.650560662207035,70.38676869275069,0.1700434733785713,0.08020918555592986
5206305,Cristianópolis - GO,3504,1577,270,9,1648,0,45.00570776255708,7.705479452054795,47.03196347031963,54.73744292237443,0.2568493150684932,0.0
5206404,Crixás - GO,17065,4869,1479,13,10673,31,28.5320832112511,8.666861998242016,62.543217111046,71.21007910928802,0.07617931438617052,0.18165836507471433
5206503,Cromínia - GO,3883,1777,242,5,1854,2,45.763584857069276,6.232294617563739,47.746587689930465,53.9788823074942,0.12876641771825909,0.05150656708730363
5206602,Cumari - GO,2927,1810,104,2,1011,0,61.838059446532284,3.553126067646054,34.540485138366925,38.09361120601298,0.0683293474547318,0.0
5206701,Damianópolis - GO,3770,852,297,2,2609,6,22.59946949602122,7.877984084880636,69.20424403183024,77.08222811671088,0.05305039787798409,0.15915119363395225
5206800,Damolândia - GO,2724,1137,187,0,1397,3,41.74008810572687,6.864904552129222,51.284875183553595,58.14977973568281,0.0,0.11013215859030837
5206909,Davinópolis - GO,1902,825,89,0,985,3,43.375394321766564,4.679284963196635,51.7875920084122,56.46687697160883,0.0,0.15772870662460567
5207105,Diorama - GO,2062,837,87,1,1137,0,40.591658583899125,4.219204655674103,55.14064015518914,59.359844810863244,0.04849660523763336,0.0
5207253,Doverlândia - GO,6956,2671,642,7,3633,3,38.398504887866586,9.229442208165612,52.22829212190914,61.45773433007476,0.10063254744105808,0.04312823461759632
5207352,Edealina - GO,4001,1642,167,2,2190,0,41.039740064983754,4.173956510872282,54.736315921019745,58.910272431892025,0.04998750312421894,0.0
5207402,Edéia - GO,11747,4186,946,25,6576,14,35.63463011832808,8.053119945518004,55.98025027666638,64.03337022218439,0.21282029454328766,0.11917936494424108
5207501,Estrela do Norte - GO,3205,1012,244,5,1942,2,31.57566302652106,7.613104524180967,60.592823712948515,68.20592823712948,0.15600624024961,0.062402496099843996
5207535,Faina - GO,7070,2293,769,11,3967,30,32.432814710042436,10.876944837340877,56.11032531824611,66.98727015558698,0.15558698727015557,0.4243281471004243
5207600,Fazenda Nova - GO,5877,2385,371,7,3113,1,40.58192955589587,6.3127445975838015,52.96920197379615,59.281946571379954,0.11910838863365662,0.017015484090522375
5207808,Firminópolis - GO,10419,4637,453,8,5318,3,44.505230828294465,4.3478260869565215,51.04136673385162,55.38919282080814,0.0767828006526538,0.028793550244745177
5207907,Flores de Goiás - GO,13744,2037,2855,6,8818,28,14.821012805587893,20.772700814901047,64.15890570430733,84.93160651920837,0.043655413271245634,0.20372526193247964
5208004,Formosa - GO,115901,34056,14338,447,66848,207,29.38369815618502,12.370902753211793,57.676810381273675,70.04771313448546,0.3856739803798069,0.17860070232353475
5208103,Formoso - GO,4660,1490,272,2,2891,5,31.974248927038627,5.836909871244635,62.03862660944206,67.87553648068669,0.04291845493562232,0.1072961373390558
5208152,Gameleira de Goiás - GO,3456,1389,192,1,1873,1,40.19097222222222,5.555555555555555,54.195601851851855,59.75115740740741,0.028935185185185185,0.028935185185185185
5208301,Divinópolis de Goiás - GO,4457,914,559,1,2982,1,20.50706753421584,12.542068656046668,66.90599057662105,79.44805923266772,0.02243661655822302,0.02243661655822302
5208400,Goianápolis - GO,13967,4957,798,82,8119,11,35.490799742249585,5.713467459010525,58.12987756855445,63.84334502756497,0.5870981599484499,0.07875707023698718
5208509,Goiandira - GO,4973,2438,293,2,2240,0,49.02473356123065,5.891815805348884,45.043233460687716,50.9350492660366,0.040217172732756885,0.0
5208608,Goianésia - GO,73707,25314,6475,137,41679,95,34.344092148642595,8.784782992117439,56.54686800439578,65.33165099651322,0.1858710841575427,0.1288887079924566
5208707,Goiânia - GO,1437366,626744,114108,4996,689551,1930,43.603647226941504,7.9386878498587,47.973237157411546,55.91192500727025,0.34758022660895,0.1342733861799987
5208806,Goianira - GO,71916,20354,8007,188,43272,94,28.302463985761165,11.133822793258801,60.17019856499249,71.30402135825129,0.2614160965570944,0.1307080482785472
5208905,Goiás - GO,24071,8005,3180,33,12693,160,33.25578496946533,13.210917701798845,52.73150263802916,65.942420339828,0.1370944289809314,0.664700261725728
5209101,Goiatuba - GO,35664,17768,2217,79,15576,23,49.820547330641546,6.21635262449529,43.6742934051144,49.890646029609684,0.221511888739345,0.06449080305069538
5209150,Gouvelândia - GO,4390,1465,292,5,2628,0,33.37129840546697,6.651480637813211,59.863325740318906,66.51480637813212,0.11389521640091116,0.0
5209200,Guapó - GO,19545,6111,1851,13,11566,4,31.266308518802763,9.470452801227935,59.176259913021234,68.64671271424916,0.0665131747249936,0.020465592223074956
5209291,Guaraíta - GO,2188,907,151,2,1125,3,41.45338208409506,6.90127970749543,51.41681901279708,58.31809872029251,0.09140767824497258,0.13711151736745886
5209408,Guarani de Goiás - GO,4085,853,349,8,2871,4,20.881272949816402,8.54345165238678,70.28151774785802,78.8249694002448,0.19583843329253367,0.09791921664626684
5209457,Guarinos - GO,2161,700,238,8,1214,1,32.39241092086997,11.01341971309579,56.17769551133734,67.19111522443313,0.37019898195279966,0.04627487274409996
5209606,Heitoraí - GO,3354,1323,241,1,1787,2,39.44543828264759,7.185450208706023,53.279666070363746,60.46511627906977,0.02981514609421586,0.05963029218843172
5209705,Hidrolândia - GO,27742,10847,1958,60,14844,33,39.09956023358085,7.057890563045202,53.5073174248432,60.5652079878884,0.2162785667940307,0.11895321173671689
5209804,Hidrolina - GO,3545,1426,254,4,1857,4,40.22566995768688,7.1650211565585336,52.383638928067704,59.548660084626235,0.11283497884344147,0.11283497884344147
5209903,Iaciara - GO,10584,2051,1687,2,6831,13,19.37830687830688,15.93915343915344,64.54081632653062,80.47996976568406,0.01889644746787604,0.12282690854119425
5209937,Inaciolândia - GO,5954,2011,403,11,3527,2,33.775613033254956,6.7685589519650655,59.237487403426265,66.00604635539133,0.18474974806852537,0.03359086328518643
5209952,Indiara - GO,17061,5565,1289,14,10177,16,32.61825215403552,7.555242951761327,59.65066525994959,67.20590821171092,0.08205849598499501,0.09378113826856574
5210000,Inhumas - GO,52204,20905,3398,229,27604,65,40.044824151406026,6.509079764002759,52.877174162899394,59.38625392690215,0.4386637039307333,0.1245115316833959
5210109,Ipameri - GO,25548,11018,1772,27,12694,37,43.12666353530609,6.935963676217316,49.68686394238296,56.62282761860028,0.10568341944574917,0.1448254266478785
5210158,Ipiranga de Goiás - GO,2919,1279,176,4,1459,1,43.81637547105173,6.029462144570058,49.9828708461802,56.01233299075025,0.1370332305584104,0.0342583076396026
5210208,Iporá - GO,35684,15556,2229,125,17738,35,43.593767514852594,6.246497029481,49.70855285281919,55.95504988230019,0.3502970519000112,0.09808317453200315
5210307,Israelândia - GO,2560,835,172,17,1530,6,32.6171875,6.71875,59.765625,66.484375,0.6640625,0.234375
5210406,Itaberaí - GO,44734,15290,2663,90,26663,28,34.17981848258595,5.952966423749274,59.6034336299012,65.55640005365046,0.2011892520230697,0.06259221174051058
5210562,Itaguari - GO,4963,2326,281,0,2355,1,46.86681442675801,5.661898045536973,47.451138424340115,53.11303646987709,0.0,0.02014910336490026
5210604,Itaguaru - GO,4904,1758,430,16,2694,4,35.848287112561174,8.768352365415987,54.9347471451876,63.703099510603586,0.3262642740619902,0.08156606851549755
5210802,Itajá - GO,4380,2116,395,11,1856,2,48.31050228310502,9.018264840182649,42.37442922374429,51.39269406392694,0.2511415525114155,0.045662100456621
5210901,Itapaci - GO,21087,7713,1926,32,11378,38,36.57703798548869,9.133589415279555,53.9574145207948,63.09100393607436,0.15175226442832077,0.18020581400863092
5211008,Itapirapuã - GO,8007,2511,611,15,4861,9,31.360059947545896,7.630823029848882,60.70937929311852,68.3402023229674,0.18733608092918697,0.11240164855751218
5211206,Itapuranga - GO,26113,11286,1172,36,13599,20,43.21985218090606,4.488185961015586,52.07750928656225,56.565695247577835,0.13786236740320912,0.07659020411289397
5211305,Itarumã - GO,6101,2518,530,7,3042,4,41.2719226356335,8.687100475331913,49.860678577282414,58.54777905261433,0.11473528929683659,0.06556302245533518
5211404,Itauçu - GO,7736,3469,443,6,3818,0,44.84229576008273,5.726473629782833,49.35367114788004,55.08014477766287,0.07755946225439504,0.0
5211503,Itumbiara - GO,107970,48416,9804,196,49433,120,44.84208576456423,9.080300083356487,45.78401407798462,54.86431416134111,0.1815319070112068,0.11114198388441233
5211602,Ivolândia - GO,2693,949,233,6,1505,0,35.239509840326775,8.652060898626068,55.885629409580396,64.53769030820646,0.2227998514667657,0.0
5211701,Jandaia - GO,6272,2324,301,10,3637,0,37.05357142857143,4.799107142857143,57.98788265306123,62.78698979591837,0.15943877551020408,0.0
5211800,Jaraguá - GO,45223,15543,2875,81,26644,80,34.369679145567524,6.357384516728214,58.91692280476749,65.2743073214957,0.17911239855825575,0.1769011343785242
5211909,Jataí - GO,105729,41704,10134,266,53481,144,39.444239518013035,9.584882104247653,50.58309451522288,60.16797661947054,0.2515866034862715,0.13619725903016203
5212006,Jaupaci - GO,2924,1012,153,1,1756,2,34.61012311901505,5.232558139534884,60.054719562243505,65.2872777017784,0.03419972640218878,0.06839945280437756
5212055,Jesúpolis - GO,2123,583,116,0,1420,4,27.46113989637306,5.463966085727744,66.88648139425341,72.35044747998116,0.0,0.18841262364578426
5212105,Joviânia - GO,7159,3511,547,2,3088,11,49.04316245285654,7.640731945802487,43.13451599385389,50.775247939656374,0.027936862690319877,0.15365274479675933
5212204,Jussara - GO,19620,7517,1476,19,10585,23,38.31294597349643,7.522935779816514,53.950050968399594,61.47298674821611,0.09683995922528033,0.11722731906218145
5212253,Lagoa Santa - GO,1390,629,119,11,629,2,45.25179856115108,8.56115107913669,45.25179856115108,53.81294964028777,0.7913669064748201,0.14388489208633093
5212303,Leopoldo de Bulhões - GO,8745,3256,526,3,4952,8,37.23270440251572,6.014865637507147,56.62664379645512,62.64150943396227,0.03430531732418525,0.09148084619782733
5212501,Luziânia - GO,209129,61346,24183,356,122896,343,29.334047406146446,11.563676008588,58.7656422590841,70.32931826767211,0.17022985812584576,0.16401359926169973
5212600,Mairipotaba - GO,2561,1255,139,1,1164,2,49.0042951971886,5.427567356501367,45.450995704802814,50.87856306130418,0.03904724716907458,0.07809449433814916
5212709,Mambaí - GO,8124,1684,915,17,5495,13,20.728705071393403,11.262924667651403,67.63909404234367,78.90201870999508,0.20925652387986213,0.16001969473165928
5212808,Mara Rosa - GO,10700,3253,749,6,6690,1,30.401869158878505,7.0,62.52336448598131,69.52336448598132,0.056074766355140186,0.009345794392523364
5212907,Marzagão - GO,2758,1020,229,6,1503,0,36.983321247280635,8.303118201595359,54.49601160261059,62.79912980420595,0.21754894851341552,0.0
5212956,Matrinchã - GO,4042,1218,573,23,2208,20,30.13359722909451,14.17615042058387,54.62642256308758,68.80257298367145,0.5690252350321623,0.49480455220188024
5213004,Maurilândia - GO,10304,3551,760,19,5964,8,34.462344720496894,7.375776397515528,57.880434782608695,65.25621118012423,0.1843944099378882,0.07763975155279502
5213053,Mimoso de Goiás - GO,2614,491,136,2,1983,2,18.783473603672533,5.202754399387911,75.86074980872226,81.06350420811017,0.07651109410864575,0.07651109410864575
5213087,Minaçu - GO,27075,7715,3014,29,16212,104,28.494921514312097,11.132040627885504,59.878116343490305,71.0101569713758,0.10710987996306556,0.38411819021237303
5213103,Mineiros - GO,70081,26073,6756,101,37034,115,37.2040924073572,9.640273397925258,52.844565574121376,62.48483897204663,0.1441189480743711,0.16409583196586808
5213400,Moiporá - GO,1685,763,139,4,774,3,45.281899109792285,8.249258160237389,45.93471810089021,54.1839762611276,0.23738872403560832,0.17804154302670624
5213509,Monte Alegre de Goiás - GO,6692,781,1533,2,4375,1,11.67065152420801,22.90794979079498,65.3765690376569,88.2845188284519,0.029886431560071727,0.014943215780035863
5213707,Montes Claros de Goiás - GO,8756,3317,566,10,4855,8,37.882594792142534,6.464138876199177,55.44769301050708,61.91183188670626,0.11420740063956145,0.09136592051164916
5213756,Montividiu - GO,12521,5127,952,26,6396,20,40.947208689401805,7.603226579346698,51.08218193435029,58.685408513696984,0.20765114607459467,0.15973165082661128
5213772,Montividiu do Norte - GO,3779,997,269,13,2500,0,26.382640910293727,7.118285260650966,66.15506747816883,73.2733527388198,0.3440063508864779,0.0
5213806,Morrinhos - GO,51351,24230,2876,116,24107,22,47.185059687250494,5.600669899320364,46.945531732585536,52.5462016319059,0.22589628244824833,0.042842398395357445
5213855,Morro Agudo de Goiás - GO,2456,1078,117,3,1249,9,43.89250814332247,4.763843648208469,50.855048859934854,55.618892508143325,0.12214983713355049,0.36644951140065146
5213905,Mossâmedes - GO,4654,1976,297,0,2375,6,42.45810055865922,6.381607219596046,51.0313708637731,57.41297808336915,0.0,0.1289213579716373
5214002,Mozarlândia - GO,14750,4446,1599,29,8629,47,30.142372881355932,10.840677966101694,58.501694915254234,69.34237288135593,0.19661016949152543,0.31864406779661014
5214051,Mundo Novo - GO,6189,1604,573,1,4005,6,25.91694942640168,9.258361609306835,64.71158507028599,73.96994667959282,0.016157699143641947,0.09694619486185167
5214101,Mutunópolis - GO,3564,1074,387,2,2095,5,30.134680134680135,10.858585858585858,58.78226711560045,69.6408529741863,0.05611672278338945,0.14029180695847362
5214408,Nazário - GO,8189,3381,802,10,3991,5,41.287092441079494,9.793625595310782,48.736109415068995,58.52973501037978,0.12211503236048357,0.061057516180241786
5214507,Nerópolis - GO,31932,11483,2572,283,17540,54,35.96079168232494,8.054616059125642,54.929224602279845,62.98384066140549,0.8862582988851309,0.16910935738444194
5214606,Niquelândia - GO,34964,9684,4133,72,21032,43,27.697059832971057,11.82072989360485,60.15330053769591,71.97403043130076,0.2059260954124242,0.12298364031575335
5214705,Nova América - GO,2337,895,133,0,1180,129,38.29696191698759,5.691056910569106,50.492083868207104,56.183140778776206,0.0,5.5198973042362
5214804,Nova Aurora - GO,2101,1101,126,4,868,2,52.403617325083296,5.997144217039505,41.3136601618277,47.3108043788672,0.19038553069966682,0.09519276534983341
5214838,Nova Crixás - GO,12815,3626,1493,14,7637,45,28.294966835739366,11.650409676160749,59.5942255169723,71.24463519313305,0.1092469761997659,0.351150994927819
5214861,Nova Glória - GO,8310,3088,555,12,4638,17,37.16004813477738,6.67870036101083,55.812274368231044,62.49097472924188,0.1444043321299639,0.2045728038507822
5214879,Nova Iguaçu de Goiás - GO,3010,870,207,1,1929,3,28.903654485049834,6.877076411960133,64.08637873754152,70.96345514950166,0.03322259136212625,0.09966777408637874
5214903,Nova Roma - GO,3076,419,445,1,2208,3,13.621586475942783,14.466840052015606,71.78153446033811,86.2483745123537,0.032509752925877766,0.09752925877763328
5215009,Nova Veneza - GO,9481,4045,703,2,4720,11,42.664275920261574,7.414829659318637,49.78377808248075,57.198607741799385,0.02109482122139015,0.11602151671764582
5215207,Novo Brasil - GO,3527,1497,227,3,1794,6,42.444003402324924,6.436064644173519,50.864757584349306,57.300822228522826,0.08505812305075135,0.1701162461015027
5215231,Novo Gama - GO,103804,27377,14212,177,61915,120,26.373742823012602,13.691187237486032,59.64606373550152,73.33725097298755,0.17051366035990906,0.11560248159993834
5215256,Novo Planalto - GO,3716,875,346,6,2488,1,23.546824542518838,9.311087190527449,66.95371367061357,76.26480086114101,0.16146393972012918,0.02691065662002153
5215306,Orizona - GO,16399,9141,671,25,6556,6,55.741203731934874,4.091712909323739,39.97804744191719,44.06976035124093,0.1524483200195134,0.03658759680468321
5215405,Ouro Verde de Goiás - GO,4057,1625,260,6,2166,0,40.054227261523295,6.408676361843727,53.38920384520582,59.797880207049545,0.14789253142716294,0.0
5215504,Ouvidor - GO,7200,3788,449,61,2898,3,52.611111111111114,6.236111111111111,40.25,46.486111111111114,0.8472222222222222,0.041666666666666664
5215603,Padre Bernardo - GO,34967,9053,4043,162,21645,64,25.890124974976406,11.562330197042925,61.901221151371296,73.46355134841423,0.4632939628792862,0.18302971373008836
5215652,Palestina de Goiás - GO,3132,1169,153,9,1800,1,37.324393358876115,4.885057471264368,57.47126436781609,62.35632183908046,0.28735632183908044,0.031928480204342274
5215702,Palmeiras de Goiás - GO,31858,11516,2589,34,17685,34,36.147906334358716,8.126687174336116,55.51195931948019,63.63864649381631,0.10672358591248667,0.10672358591248667
5215801,Palmelo - GO,2259,926,192,7,1133,1,40.991589198760515,8.49933598937583,50.15493581230633,58.65427180168216,0.3098716246126605,0.04426737494466578
5215900,Palminópolis - GO,3851,1566,223,2,2060,0,40.664762399376784,5.790703713321215,53.49259932485069,59.2833030381719,0.051934562451311346,0.0
5216007,Panamá - GO,2455,1210,186,2,1054,3,49.287169042769854,7.576374745417516,42.93279022403259,50.509164969450104,0.0814663951120163,0.12219959266802444
5216304,Paranaiguara - GO,7607,3017,453,6,4128,3,39.66083870119627,5.955041409228342,54.265807808597344,60.22084921782569,0.07887472065203102,0.03943736032601551
5216403,Paraúna - GO,10659,3645,728,19,6251,16,34.19645370109767,6.8299089970916596,58.64527629233512,65.47518528942678,0.17825311942959002,0.15010789004597055
5216452,Perolândia - GO,2964,990,355,0,1616,3,33.40080971659919,11.977058029689609,54.52091767881242,66.49797570850203,0.0,0.10121457489878542
5216809,Petrolina de Goiás - GO,9573,3994,435,22,5122,0,41.72150840906717,4.544030084612974,53.50464849054633,58.0486785751593,0.22981301577352972,0.0
5216908,Pilar de Goiás - GO,2328,609,230,0,1488,1,26.15979381443299,9.879725085910653,63.91752577319588,73.79725085910653,0.0,0.0429553264604811
5217104,Piracanjuba - GO,24883,10845,1424,46,12527,36,43.5839729936101,5.7227826226741145,50.34360808584174,56.066390708515854,0.1848651689908773,0.1446770887754692
5217203,Piranhas - GO,11712,4058,897,16,6735,6,34.64822404371585,7.658811475409836,57.505122950819676,65.16393442622952,0.1366120218579235,0.05122950819672131
5217302,Pirenópolis - GO,26690,9970,1560,48,15093,19,37.35481453727988,5.844885724990633,56.549269389284376,62.39415511427501,0.17984263769201947,0.07118771075309105
5217401,Pires do Rio - GO,32373,14864,2152,48,15267,42,45.91480554783307,6.6475149043956385,47.15967009544991,53.807184999845546,0.14827170790473543,0.12973774441664349
5217609,Planaltina - GO,105031,27221,12919,166,64527,196,25.91711018651636,12.300178042673116,61.43614742314174,73.73632546581486,0.158048576134665,0.18661157182165267
5217708,Pontalina - GO,18309,8533,1158,12,8591,15,46.60549456551423,6.324758315582501,46.92227866076793,53.24703697635043,0.06554153694904145,0.08192692118630182
5218003,Porangatu - GO,44317,13934,4586,71,25674,48,31.441658957059367,10.34817338718776,57.932621792991405,68.28079518017917,0.16020940045580703,0.10831058058984137
5218052,Porteirão - GO,4070,1347,243,2,2478,0,33.09582309582309,5.9705159705159705,60.88452088452088,66.85503685503686,0.04914004914004914,0.0
5218102,Portelândia - GO,3280,1282,295,3,1686,14,39.08536585365854,8.99390243902439,51.40243902439025,60.396341463414636,0.09146341463414634,0.4268292682926829
5218300,Posse - GO,34914,8841,3540,57,22442,33,25.32222031276852,10.139199175116,64.27794008134273,74.41713925645874,0.16325829180271526,0.0945179584120983
5218391,Professor Jamil - GO,3649,1367,503,8,1767,4,37.46231844340915,13.784598520142504,48.42422581529186,62.208824335434365,0.21923814743765416,0.10961907371882708
5218508,Quirinópolis - GO,48447,20263,3062,84,25002,33,41.82508720870229,6.320308791050014,51.606910644621955,57.92721943567197,0.17338534893801474,0.06811567279707721
5218607,Rialma - GO,12165,4677,736,25,6707,20,38.44636251541307,6.050143855322647,55.13357994245787,61.183723797780516,0.20550760378133992,0.16440608302507193
5218706,Rianápolis - GO,3980,1590,408,3,1978,0,39.949748743718594,10.251256281407036,49.698492462311556,59.949748743718594,0.07537688442211055,0.0
5218789,Rio Quente - GO,3864,1450,242,22,2143,6,37.52587991718426,6.262939958592132,55.46066252587992,61.72360248447205,0.5693581780538303,0.15527950310559005
5218805,Rio Verde - GO,225696,85386,17406,574,122151,172,37.83230540195662,7.712143768609103,54.121916205869844,61.83405997447895,0.2543244009641287,0.07620870551538353
5218904,Rubiataba - GO,19788,8316,974,16,10366,116,42.025469981807156,4.922175055589246,52.38528401051142,57.30745906610066,0.08085708510208207,0.586213866990095
5219001,Sanclerlândia - GO,7918,3288,464,4,4138,24,41.52563778732003,5.860065673149785,52.260671886840115,58.1207375599899,0.05051780752715332,0.3031068451629199
5219100,Santa Bárbara de Goiás - GO,6149,2204,492,19,3428,6,35.84322654090096,8.001301024556838,55.748902260530166,63.750203285087004,0.3089933322491462,0.09757684176288828
5219209,Santa Cruz de Goiás - GO,3002,1312,347,1,1334,8,43.704197201865426,11.55896069287142,44.437041972018655,55.99600266489007,0.033311125916055964,0.2664890073284477
5219258,Santa Fé de Goiás - GO,4951,1612,431,25,2876,7,32.55907897394466,8.705312058170067,58.08927489396081,66.79458695213089,0.5049484952534842,0.14138557867097556
5219308,Santa Helena de Goiás - GO,38492,14194,2776,107,21385,29,36.875194845682216,7.21188818455783,55.55699885690533,62.76888704146316,0.27797983996674636,0.07534033045827704
5219357,Santa Isabel - GO,3538,1476,239,6,1813,3,41.71848501978519,6.755228942905596,51.24364047484455,57.99886941775014,0.1695873374788016,0.0847936687394008
5219407,Santa Rita do Araguaia - GO,5924,2204,648,27,3044,1,37.204591492234975,10.938555030384874,51.38419986495611,62.322754895340985,0.45577312626603644,0.01688048615800135
5219456,Santa Rita do Novo Destino - GO,2689,702,419,10,1553,5,26.106359241353662,15.58200074377092,57.753811825957605,73.33581256972852,0.3718854592785422,0.1859427296392711
5219506,Santa Rosa de Goiás - GO,2820,1336,140,4,1340,0,47.3758865248227,4.964539007092198,47.5177304964539,52.4822695035461,0.14184397163120568,0.0
5219605,Santa Tereza de Goiás - GO,3293,883,365,5,2038,2,26.814454904342544,11.084117825690859,61.888855147282115,72.97297297297297,0.15183723048891587,0.06073489219556635
5219704,Santa Terezinha de Goiás - GO,10645,3255,623,9,6754,4,30.57773602630343,5.852512916862377,63.44762799436355,69.30014091122592,0.08454673555659935,0.03757632691404415
5219712,Santo Antônio da Barra - GO,4267,1356,410,6,2494,1,31.77876728380595,9.608624326224513,58.448558706351065,68.05718303257558,0.14061401453011482,0.023435669088352474
5219738,Santo Antônio de Goiás - GO,7386,2719,771,16,3833,47,36.812889249932304,10.438667749796913,51.89547793122123,62.33414568101814,0.2166260492824262,0.636339019767127
5219753,Santo Antônio do Descoberto - GO,72127,20253,8309,170,43267,121,28.079637306417847,11.519957852121951,59.987244721116916,71.50720257323887,0.23569537066563145,0.16775964617965533
5219803,São Domingos - GO,9711,2142,923,20,6623,3,22.057460611677477,9.504685408299865,68.20100916486459,77.70569457316445,0.20595201318092884,0.030892801977139325
5219902,São Francisco de Goiás - GO,6378,2031,375,2,3969,1,31.843838193791157,5.87958607714017,62.22953904045155,68.10912511759172,0.03135779241141424,0.01567889620570712
5220009,São João d'Aliança - GO,14041,3358,2081,23,8552,27,23.915675521686488,14.820881703582366,60.907342781853146,75.7282244854355,0.16380599672388008,0.19229399615412007
5220058,São João da Paraúna - GO,1774,658,154,0,961,1,37.0913190529876,8.680947012401353,54.17136414881623,62.852311161217585,0.0,0.05636978579481398
5220108,São Luís de Montes Belos - GO,33852,14789,1933,32,17081,17,43.687226751742884,5.710150064988775,50.45787545787546,56.168025522864234,0.0945291267871913,0.05021859860569538
5220157,São Luiz do Norte - GO,4837,1429,558,28,2807,15,29.543105230514783,11.53607608021501,58.03183791606367,69.56791399627868,0.5788712011577424,0.3101095720487906
5220207,São Miguel do Araguaia - GO,21900,5887,2549,24,13363,77,26.881278538812786,11.639269406392694,61.018264840182646,72.65753424657534,0.1095890410958904,0.3515981735159817
5220264,São Miguel do Passa Quatro - GO,4464,1931,320,7,2204,2,43.257168458781365,7.168458781362007,49.37275985663082,56.54121863799283,0.15681003584229392,0.044802867383512544
5220280,São Patrício - GO,2143,970,79,1,1089,4,45.26364909006066,3.686420905272982,50.81661222585161,54.50303313112459,0.04666355576294914,0.18665422305179655
5220405,São Simão - GO,17020,6154,1311,10,9538,7,36.15746180963572,7.702702702702703,56.03995299647474,63.74265569917744,0.05875440658049354,0.041128084606345476
5220454,Senador Canedo - GO,155635,42804,17830,223,94529,243,27.502811064349277,11.456291965174929,60.73762328525075,72.19391525042568,0.14328396568895171,0.1561345455713689
5220504,Serranópolis - GO,8027,2617,779,5,4624,2,32.60246667497197,9.70474648062788,57.60558116357294,67.31032764420083,0.062289772019434406,0.024915908807773765
5220603,Silvânia - GO,22245,9204,1406,41,11573,21,41.37559002022927,6.3205214654978645,52.02517419644864,58.3456956619465,0.18431108114182962,0.09440323668240054
5220686,Simolândia - GO,5742,1176,836,19,3684,27,20.480668756530825,14.559386973180077,64.15882967607105,78.71821664925113,0.33089515848136536,0.4702194357366771
5220702,Sítio d'Abadia - GO,2927,483,336,0,2104,3,16.50153741031773,11.479330372394944,71.88247352237786,83.3618038947728,0.0,0.10249402118209772
5221007,Taquaral de Goiás - GO,4026,1620,183,53,2166,4,40.23845007451565,4.545454545454546,53.80029806259314,58.34575260804769,1.3164431197218083,0.09935419771485346
5221080,Teresina de Goiás - GO,2701,423,616,12,1650,0,15.660866345797853,22.806368011847464,61.08848574601999,83.89485375786745,0.44427989633469084,0.0
5221197,Terezópolis de Goiás - GO,7944,2568,591,10,4752,23,32.32628398791541,7.4395770392749245,59.818731117824775,67.2583081570997,0.12588116817724068,0.2895266868076536
5221304,Três Ranchos - GO,2921,1474,153,3,1288,3,50.46217048955837,5.237932214994864,44.09448818897638,49.33242040397124,0.10270455323519342,0.10270455323519342
5221403,Trindade - GO,142431,46822,13584,358,81415,249,32.87346153576117,9.537249615603345,57.16101129669805,66.6982609123014,0.25134977638295036,0.17482149251216378
5221452,Trombas - GO,3120,876,285,1,1958,0,28.076923076923077,9.134615384615385,62.756410256410255,71.89102564102564,0.03205128205128205,0.0
5221502,Turvânia - GO,4480,1812,268,0,2398,2,40.44642857142857,5.982142857142857,53.526785714285715,59.50892857142857,0.0,0.044642857142857144
5221551,Turvelândia - GO,4985,1343,353,2,3287,0,26.940822467402207,7.081243731193581,65.93781344032097,73.01905717151455,0.04012036108324975,0.0
5221577,Uirapuru - GO,2798,760,160,11,1858,9,27.162258756254467,5.718370264474625,66.40457469621158,72.12294496068621,0.39313795568263044,0.32165832737669764
5221601,Uruaçu - GO,42546,11917,4505,105,25959,59,28.009683636534575,10.588539463169276,61.013961359469754,71.60250082263903,0.24679170779861798,0.138673435810652
5221700,Uruana - GO,13729,5553,922,33,7212,9,40.447228494427854,6.715711268118581,52.531138466020835,59.24684973413942,0.2403671061257193,0.06555466530701434
5221809,Urutaí - GO,3553,1551,211,9,1772,10,43.65325077399381,5.938643399943709,49.873346467773715,55.81198986771742,0.2533070644525753,0.28145229383619474
5221858,Valparaíso de Goiás - GO,198861,59992,26014,365,112160,327,30.167805653194947,13.081499137588567,56.40120486168731,69.48270399927588,0.18354529042899312,0.16443646567200204
5221908,Varjão - GO,3716,1486,260,0,1961,9,39.98923573735199,6.996770721205597,52.77179763186222,59.76856835306782,0.0,0.24219590958019377
5222005,Vianópolis - GO,14956,6328,954,14,7645,15,42.31077828296336,6.378710885263439,51.1166087189088,57.49531960417224,0.09360791655522867,0.10029419630917358
5222054,Vicentinópolis - GO,8768,3349,715,10,4683,11,38.19571167883212,8.154653284671532,53.410127737226276,61.56478102189781,0.11405109489051095,0.12545620437956204
5222203,Vila Boa - GO,4215,899,861,3,2444,8,21.32858837485172,20.427046263345197,57.98339264531435,78.41043890865956,0.0711743772241993,0.18979833926453143
5222302,Vila Propício - GO,5815,1407,533,24,3844,5,24.19604471195185,9.165950128976784,66.10490111779879,75.27085124677558,0.412725709372313,0.08598452278589853
5300108,Brasília - DF,2817381,1126334,301765,12810,1370836,5536,39.97805053700582,10.710833926969764,48.65639400563857,59.36722793260833,0.4546775888671074,0.19649454582110124
