ibge,nome,rdpc_medio_reais,rdpc_mediano_reais,moradores_dpp
1100015,Alta Floresta D'Oeste - RO,1210.6,920.0,21447.0
1100023,Ariquemes - RO,1458.57,1066.67,96129.0
1100031,Cabixi - RO,1323.79,1033.33,5344.0
1100049,Cacoal - RO,1625.88,1200.0,86512.0
1100056,Cerejeiras - RO,1554.33,1200.0,15800.0
1100064,Colorado do Oeste - RO,1666.54,1200.0,15653.0
1100072,Corumbiara - RO,1234.62,981.0,7499.0
1100080,Costa Marques - RO,1088.06,775.0,12528.0
1100098,Espigão D'Oeste - RO,1371.66,1080.0,29346.0
1100106,Guajará-Mirim - RO,1035.94,583.33,38903.0
1100114,Jaru - RO,1406.29,1053.0,50527.0
1100122,Ji-Paraná - RO,1437.55,1062.4,123729.0
1100130,Machadinho D'Oeste - RO,1047.39,819.33,30413.0
1100148,Nova Brasilândia D'Oeste - RO,981.78,750.0,15679.0
1100155,Ouro Preto do Oeste - RO,1389.04,1000.0,34827.0
1100189,Pimenta Bueno - RO,1389.7,1066.67,34779.0
1100205,Porto Velho - RO,1459.81,866.67,457313.0
1100254,Presidente Médici - RO,1164.63,875.0,19268.0
1100262,Rio Crespo - RO,1244.38,909.0,3443.0
1100288,Rolim de Moura - RO,1446.88,1125.0,56153.0
1100296,Santa Luzia D'Oeste - RO,1110.56,906.0,7388.0
1100304,Vilhena - RO,1650.51,1212.0,95354.0
1100320,São Miguel do Guaporé - RO,1303.07,990.0,21555.0
1100338,Nova Mamoré - RO,1152.19,866.67,25368.0
1100346,Alvorada D'Oeste - RO,1223.18,850.0,13117.0
1100379,Alto Alegre dos Parecis - RO,1173.26,840.0,11479.0
1100403,Alto Paraíso - RO,1185.26,875.0,16308.0
1100452,Buritis - RO,1219.49,1000.0,27801.0
1100502,Novo Horizonte do Oeste - RO,1102.33,808.0,7656.0
1100601,Cacaulândia - RO,1187.1,900.0,4150.0
1100700,Campo Novo de Rondônia - RO,1004.63,731.0,8833.0
1100809,Candeias do Jamari - RO,927.05,680.0,22294.0
1100908,Castanheiras - RO,1163.49,998.5,3223.0
1100924,Chupinguaia - RO,1275.25,1000.0,9313.0
1100940,Cujubim - RO,1152.39,800.0,14863.0
1101005,Governador Jorge Teixeira - RO,943.98,704.0,7965.0
1101104,Itapuã do Oeste - RO,1014.42,775.0,8548.0
1101203,Ministro Andreazza - RO,1209.48,925.0,6466.0
1101302,Mirante da Serra - RO,1199.72,857.5,9235.0
1101401,Monte Negro - RO,1241.8,906.0,11529.0
1101435,Nova União - RO,920.17,700.0,6197.0
1101450,Parecis - RO,1014.39,800.0,4125.0
1101468,Pimenteiras do Oeste - RO,911.62,666.67,2117.0
1101476,Primavera de Rondônia - RO,919.32,725.0,3076.0
1101484,São Felipe D'Oeste - RO,1362.82,1102.4,5256.0
1101492,São Francisco do Guaporé - RO,1172.03,980.0,16250.0
1101500,Seringueiras - RO,1027.63,742.4,11158.0
1101559,Teixeirópolis - RO,1179.05,904.0,4256.0
1101609,Theobroma - RO,1102.84,800.0,8113.0
1101708,Urupá - RO,1121.21,875.0,10725.0
1101757,Vale do Anari - RO,1095.38,808.0,7740.0
1101807,Vale do Paraíso - RO,1218.98,906.0,6476.0
1200013,Acrelândia - AC,880.5,650.0,13994.0
1200054,Assis Brasil - AC,775.86,492.67,8092.0
1200104,Brasiléia - AC,914.18,606.0,25758.0
1200138,Bujari - AC,709.71,453.0,12917.0
1200179,Capixaba - AC,806.69,600.0,10369.0
1200203,Cruzeiro do Sul - AC,905.21,600.0,91094.0
1200252,Epitaciolândia - AC,1026.76,670.67,18725.0
1200302,Feijó - AC,610.92,400.0,35285.0
1200328,Jordão - AC,542.04,300.0,9176.0
1200336,Mâncio Lima - AC,695.9,453.0,19171.0
1200344,Manoel Urbano - AC,622.38,433.33,11967.0
1200351,Marechal Thaumaturgo - AC,516.91,337.5,17088.0
1200385,Plácido de Castro - AC,992.54,633.33,16560.0
1200393,Porto Walter - AC,603.27,400.0,10735.0
1200401,Rio Branco - AC,1436.01,833.33,361804.0
1200427,Rodrigues Alves - AC,633.26,400.0,14918.0
1200435,Santa Rosa do Purus - AC,449.8,266.67,6705.0
1200450,Senador Guiomard - AC,974.21,681.0,20992.0
1200500,Sena Madureira - AC,794.44,500.0,40780.0
1200609,Tarauacá - AC,604.36,303.0,42742.0
1200708,Xapuri - AC,898.65,606.0,18229.0
1200807,Porto Acre - AC,733.17,533.33,16673.0
1300029,Alvarães - AM,494.91,385.71,15830.0
1300060,Amaturá - AM,556.4,330.29,10797.0
1300086,Anamã - AM,559.76,402.4,9934.0
1300102,Anori - AM,624.85,442.4,17115.0
1300144,Apuí - AM,1009.03,685.71,20533.0
1300201,Atalaia do Norte - AM,556.2,285.0,15195.0
1300300,Autazes - AM,649.03,450.0,41538.0
1300409,Barcelos - AM,595.57,379.11,18719.0
1300508,Barreirinha - AM,521.15,364.0,30900.0
1300607,Benjamin Constant - AM,576.24,320.0,37530.0
1300631,Beruri - AM,608.58,347.67,20687.0
1300680,Boa Vista do Ramos - AM,497.38,382.4,23744.0
1300706,Boca do Acre - AM,669.72,444.44,35266.0
1300805,Borba - AM,567.31,381.82,33024.0
1300839,Caapiranga - AM,488.73,314.29,13357.0
1300904,Canutama - AM,601.49,416.0,16859.0
1301001,Carauari - AM,579.82,400.0,28675.0
1301100,Careiro - AM,698.24,500.0,30706.0
1301159,Careiro da Várzea - AM,638.54,450.0,19570.0
1301209,Coari - AM,580.54,375.0,70525.0
1301308,Codajás - AM,586.95,400.0,23462.0
1301407,Eirunepé - AM,588.49,400.0,33069.0
1301506,Envira - AM,579.21,403.0,17116.0
1301605,Fonte Boa - AM,638.8,465.38,25727.0
1301654,Guajará - AM,596.23,450.0,13797.0
1301704,Humaitá - AM,871.32,566.67,57421.0
1301803,Ipixuna - AM,508.99,333.77,24031.0
1301852,Iranduba - AM,805.81,600.0,60869.0
1301902,Itacoatiara - AM,734.27,487.5,103130.0
1301951,Itamarati - AM,525.38,320.0,10913.0
1302009,Itapiranga - AM,687.95,473.14,10102.0
1302108,Japurá - AM,823.6,532.0,8766.0
1302207,Juruá - AM,516.57,356.89,10729.0
1302306,Jutaí - AM,566.68,372.4,24978.0
1302405,Lábrea - AM,618.0,407.5,45294.0
1302504,Manacapuru - AM,680.39,460.0,101683.0
1302553,Manaquiri - AM,568.36,350.0,17107.0
1302603,Manaus - AM,1284.7,686.0,2057266.0
1302702,Manicoré - AM,701.45,433.33,53862.0
1302801,Maraã - AM,518.13,328.57,15405.0
1302900,Maués - AM,488.47,325.0,61001.0
1303007,Nhamundá - AM,539.62,400.0,20067.0
1303106,Nova Olinda do Norte - AM,537.7,416.67,26872.0
1303205,Novo Airão - AM,700.88,452.0,15730.0
1303304,Novo Aripuanã - AM,630.53,450.0,23678.0
1303403,Parintins - AM,796.66,500.0,96033.0
1303502,Pauini - AM,454.55,300.0,19319.0
1303536,Presidente Figueiredo - AM,976.41,666.67,30646.0
1303569,Rio Preto da Eva - AM,801.1,563.57,24864.0
1303601,Santa Isabel do Rio Negro - AM,448.85,320.0,14101.0
1303700,Santo Antônio do Içá - AM,489.41,310.0,28145.0
1303809,São Gabriel da Cachoeira - AM,577.82,327.27,51509.0
1303908,São Paulo de Olivença - AM,396.95,266.67,32943.0
1303957,São Sebastião do Uatumã - AM,657.76,462.4,11580.0
1304005,Silves - AM,559.89,400.0,11537.0
1304062,Tabatinga - AM,669.6,411.11,66360.0
1304104,Tapauá - AM,541.23,362.4,19484.0
1304203,Tefé - AM,767.14,475.0,73574.0
1304237,Tonantins - AM,432.01,311.11,19234.0
1304260,Uarini - AM,516.14,375.0,14245.0
1304302,Urucará - AM,690.49,504.8,18552.0
1304401,Urucurituba - AM,629.39,450.0,23463.0
1400027,Amajari - RR,493.7,278.0,13757.0
1400050,Alto Alegre - RR,467.63,160.0,20906.0
1400100,Boa Vista - RR,1399.0,800.0,402749.0
1400159,Bonfim - RR,583.73,380.0,13844.0
1400175,Cantá - RR,787.97,500.0,18521.0
1400209,Caracaraí - RR,714.44,482.4,20862.0
1400233,Caroebe - RR,917.6,606.0,10493.0
1400282,Iracema - RR,781.65,600.0,9933.0
1400308,Mucajaí - RR,809.57,600.0,17952.0
1400407,Normandia - RR,486.61,300.0,13898.0
1400456,Pacaraima - RR,578.04,318.18,17410.0
1400472,Rorainópolis - RR,831.4,600.0,32549.0
1400506,São João da Baliza - RR,895.8,610.0,8710.0
1400605,São Luiz do Anauá - RR,827.26,537.33,7120.0
1400704,Uiramutã - RR,288.65,171.43,13719.0
1500107,Abaetetuba - PA,771.33,537.33,157735.0
1500131,Abel Figueiredo - PA,923.2,628.0,6129.0
1500206,Acará - PA,505.33,375.0,58888.0
1500305,Afuá - PA,476.09,333.33,37663.0
1500347,Água Azul do Norte - PA,936.7,756.0,17896.0
1500404,Alenquer - PA,562.3,400.0,69164.0
1500503,Almeirim - PA,773.03,487.5,34148.0
1500602,Altamira - PA,1245.26,808.0,125787.0
1500701,Anajás - PA,524.25,305.0,27991.0
1500800,Ananindeua - PA,1219.88,806.0,477392.0
1500859,Anapu - PA,765.01,500.0,31516.0
1500909,Augusto Corrêa - PA,479.94,300.0,44446.0
1500958,Aurora do Pará - PA,574.32,403.0,23314.0
1501006,Aveiro - PA,477.87,303.0,18189.0
1501105,Bagre - PA,358.65,233.33,31745.0
1501204,Baião - PA,460.65,316.0,51067.0
1501253,Bannach - PA,995.23,666.67,3992.0
1501303,Barcarena - PA,975.54,666.67,126361.0
1501402,Belém - PA,1668.52,842.4,1300936.0
1501451,Belterra - PA,741.15,500.0,18051.0
1501501,Benevides - PA,818.99,606.0,63393.0
1501576,Bom Jesus do Tocantins - PA,947.99,684.8,17922.0
1501600,Bonito - PA,739.25,550.0,12597.0
1501709,Bragança - PA,810.48,529.5,122807.0
1501725,Brasil Novo - PA,763.34,546.29,24548.0
1501758,Brejo Grande do Araguaia - PA,766.2,575.0,6780.0
1501782,Breu Branco - PA,725.32,533.33,45610.0
1501808,Breves - PA,606.08,375.0,106596.0
1501907,Bujaru - PA,526.09,387.5,24337.0
1501956,Cachoeira do Piriá - PA,564.23,400.0,19621.0
1502004,Cachoeira do Arari - PA,488.54,349.0,23953.0
1502103,Cametá - PA,597.9,400.0,133808.0
1502152,Canaã dos Carajás - PA,1364.4,940.0,76815.0
1502202,Capanema - PA,966.47,670.67,70218.0
1502301,Capitão Poço - PA,704.58,525.0,56362.0
1502400,Castanhal - PA,1055.05,670.67,191676.0
1502509,Chaves - PA,584.29,366.67,20676.0
1502608,Colares - PA,655.87,404.0,12853.0
1502707,Conceição do Araguaia - PA,1032.8,714.29,44541.0
1502756,Concórdia do Pará - PA,699.98,516.67,26881.0
1502764,Cumaru do Norte - PA,1007.72,680.0,13225.0
1502772,Curionópolis - PA,1036.35,750.0,19950.0
1502806,Curralinho - PA,472.98,262.5,33835.0
1502855,Curuá - PA,556.04,394.17,14106.0
1502905,Curuçá - PA,614.45,400.0,41100.0
1502939,Dom Eliseu - PA,782.32,604.0,57894.0
1502954,Eldorado do Carajás - PA,879.96,600.0,28070.0
1503002,Faro - PA,594.92,450.0,8701.0
1503044,Floresta do Araguaia - PA,831.86,592.4,17844.0
1503077,Garrafão do Norte - PA,620.45,425.0,24703.0
1503093,Goianésia do Pará - PA,829.0,600.0,26324.0
1503101,Gurupá - PA,634.91,420.4,31718.0
1503200,Igarapé-Açu - PA,718.26,500.0,35601.0
1503309,Igarapé-Miri - PA,617.29,433.33,64631.0
1503408,Inhangapi - PA,631.7,500.0,10309.0
1503457,Ipixuna do Pará - PA,594.25,403.0,30262.0
1503507,Irituia - PA,616.62,450.0,30946.0
1503606,Itaituba - PA,1074.37,800.0,122239.0
1503705,Itupiranga - PA,636.27,489.0,49132.0
1503754,Jacareacanga - PA,787.87,470.0,23883.0
1503804,Jacundá - PA,905.18,650.0,37644.0
1503903,Juruti - PA,713.05,414.29,50594.0
1504000,Limoeiro do Ajuru - PA,463.89,300.0,29510.0
1504059,Mãe do Rio - PA,786.61,550.0,34305.0
1504109,Magalhães Barata - PA,619.04,404.0,8082.0
1504208,Marabá - PA,1137.5,737.33,265596.0
1504307,Maracanã - PA,634.79,440.0,25852.0
1504406,Marapanim - PA,576.69,400.0,26477.0
1504422,Marituba - PA,883.71,625.0,110516.0
1504455,Medicilândia - PA,763.1,538.0,27002.0
1504505,Melgaço - PA,476.85,250.0,27705.0
1504604,Mocajuba - PA,694.48,450.0,27074.0
1504703,Moju - PA,626.33,468.67,83898.0
1504752,Mojuí dos Campos - PA,705.92,568.67,23489.0
1504802,Monte Alegre - PA,687.01,450.0,59991.0
1504901,Muaná - PA,505.26,350.0,45240.0
1504950,Nova Esperança do Piriá - PA,535.3,350.0,20447.0
1504976,Nova Ipixuna - PA,824.87,575.0,13913.0
1505007,Nova Timboteua - PA,709.95,466.67,12750.0
1505031,Novo Progresso - PA,1274.42,1000.0,33435.0
1505064,Novo Repartimento - PA,721.31,525.0,60665.0
1505106,Óbidos - PA,652.59,404.0,51931.0
1505205,Oeiras do Pará - PA,460.54,301.09,33727.0
1505304,Oriximiná - PA,727.72,453.0,68064.0
1505403,Ourém - PA,694.89,433.33,17838.0
1505437,Ourilândia do Norte - PA,935.72,625.0,32433.0
1505486,Pacajá - PA,689.59,483.33,41047.0
1505494,Palestina do Pará - PA,856.12,606.0,6881.0
1505502,Paragominas - PA,992.06,672.5,105059.0
1505536,Parauapebas - PA,1321.92,875.0,267172.0
1505551,Pau D'Arco - PA,882.09,680.0,6921.0
1505601,Peixe-Boi - PA,756.62,537.33,8285.0
1505635,Piçarra - PA,864.32,660.0,12815.0
1505650,Placas - PA,793.04,500.0,18654.0
1505700,Ponta de Pedras - PA,574.17,362.4,24954.0
1505809,Portel - PA,508.31,316.0,61736.0
1505908,Porto de Moz - PA,484.97,316.0,40591.0
1506005,Prainha - PA,451.71,302.0,35393.0
1506104,Primavera - PA,716.9,450.0,10805.0
1506112,Quatipuru - PA,649.32,471.75,11512.0
1506138,Redenção - PA,1295.2,896.0,85200.0
1506161,Rio Maria - PA,1039.0,700.0,18379.0
1506187,Rondon do Pará - PA,946.14,650.0,52401.0
1506195,Rurópolis - PA,731.95,561.2,35658.0
1506203,Salinópolis - PA,875.11,606.0,44614.0
1506302,Salvaterra - PA,723.4,403.0,24019.0
1506351,Santa Bárbara do Pará - PA,762.45,600.0,21052.0
1506401,Santa Cruz do Arari - PA,520.36,406.75,7416.0
1506500,Santa Izabel do Pará - PA,914.02,616.67,66528.0
1506559,Santa Luzia do Pará - PA,685.08,470.67,20317.0
1506583,Santa Maria das Barreiras - PA,1175.42,804.0,16420.0
1506609,Santa Maria do Pará - PA,793.59,597.33,24536.0
1506708,Santana do Araguaia - PA,1137.95,800.0,32212.0
1506807,Santarém - PA,1024.3,633.33,330379.0
1506906,Santarém Novo - PA,743.73,537.33,6093.0
1507003,Santo Antônio do Tauá - PA,697.67,500.0,27437.0
1507102,São Caetano de Odivelas - PA,611.22,400.0,16658.0
1507151,São Domingos do Araguaia - PA,922.63,600.0,21071.0
1507201,São Domingos do Capim - PA,520.37,362.4,30591.0
1507300,São Félix do Xingu - PA,980.71,740.0,65198.0
1507409,São Francisco do Pará - PA,681.98,501.5,14886.0
1507458,São Geraldo do Araguaia - PA,852.58,606.0,24160.0
1507466,São João da Ponta - PA,566.06,403.0,4430.0
1507474,São João de Pirabas - PA,624.11,428.0,20662.0
1507508,São João do Araguaia - PA,684.94,480.0,13636.0
1507607,São Miguel do Guamá - PA,739.47,520.0,52821.0
1507706,São Sebastião da Boa Vista - PA,541.45,366.67,25539.0
1507755,Sapucaia - PA,780.97,600.0,5796.0
1507805,Senador José Porfírio - PA,627.7,428.57,22193.0
1507904,Soure - PA,728.05,487.43,24165.0
1507953,Tailândia - PA,829.7,600.0,72312.0
1507961,Terra Alta - PA,729.04,487.5,10400.0
1507979,Terra Santa - PA,692.2,516.67,18684.0
1508001,Tomé-Açu - PA,710.04,516.67,67376.0
1508035,Tracuateua - PA,536.71,395.0,28573.0
1508050,Trairão - PA,964.72,718.67,15231.0
1508084,Tucumã - PA,1120.97,800.0,39501.0
1508100,Tucuruí - PA,1124.55,704.0,90679.0
1508126,Ulianópolis - PA,718.62,562.4,37707.0
1508159,Uruará - PA,840.09,606.0,43488.0
1508209,Vigia - PA,699.55,542.4,50832.0
1508308,Viseu - PA,515.8,341.67,58587.0
1508357,Vitória do Xingu - PA,838.42,606.0,15582.0
1508407,Xinguara - PA,1187.19,808.0,52580.0
1600055,Serra do Navio - AP,1096.98,810.33,4620.0
1600105,Amapá - AP,841.51,537.33,7931.0
1600154,Pedra Branca do Amapari - AP,885.6,633.33,12734.0
1600204,Calçoene - AP,827.69,562.5,10459.0
1600212,Cutias - AP,642.81,425.0,4417.0
1600238,Ferreira Gomes - AP,758.6,475.0,6625.0
1600253,Itaubal - AP,628.24,450.0,5599.0
1600279,Laranjal do Jari - AP,867.35,560.0,35074.0
1600303,Macapá - AP,1313.17,744.8,439909.0
1600402,Mazagão - AP,650.57,400.0,21760.0
1600501,Oiapoque - AP,846.41,544.57,27166.0
1600535,Porto Grande - AP,889.05,566.25,17790.0
1600550,Pracuúba - AP,639.24,403.0,3791.0
1600600,Santana - AP,1029.14,687.5,107172.0
1600709,Tartarugalzinho - AP,669.0,400.0,12912.0
1600808,Vitória do Jari - AP,656.35,447.5,11244.0
1700251,Abreulândia - TO,1103.87,800.0,2574.0
1700301,Aguiarnópolis - TO,969.45,720.5,4494.0
1700350,Aliança do Tocantins - TO,962.77,753.0,5128.0
1700400,Almas - TO,901.21,720.0,6472.0
1700707,Alvorada - TO,1420.73,1028.0,8757.0
1701002,Ananás - TO,905.85,666.5,10180.0
1701051,Angico - TO,864.48,666.67,2868.0
1701101,Aparecida do Rio Negro - TO,1086.79,800.0,4834.0
1701309,Aragominas - TO,948.87,678.0,5283.0
1701903,Araguacema - TO,1126.54,765.5,5917.0
1702000,Araguaçu - TO,1309.8,928.0,8043.0
1702109,Araguaína - TO,1450.2,956.0,170714.0
1702158,Araguanã - TO,882.97,675.0,4300.0
1702208,Araguatins - TO,968.04,606.0,31745.0
1702307,Arapoema - TO,1063.76,803.0,5528.0
1702406,Arraias - TO,1165.13,785.33,10196.0
1702554,Augustinópolis - TO,995.19,606.0,17380.0
1702703,Aurora do Tocantins - TO,988.14,696.0,3339.0
1702901,Axixá do Tocantins - TO,729.12,535.33,10262.0
1703008,Babaçulândia - TO,877.11,628.0,7875.0
1703057,Bandeirantes do Tocantins - TO,1113.71,875.25,3392.0
1703073,Barra do Ouro - TO,750.89,600.0,4473.0
1703107,Barrolândia - TO,1073.11,828.0,4796.0
1703206,Bernardo Sayão - TO,1113.41,806.0,4229.0
1703305,Bom Jesus do Tocantins - TO,1047.77,733.33,4038.0
1703602,Brasilândia do Tocantins - TO,945.34,724.8,1969.0
1703701,Brejinho de Nazaré - TO,889.67,737.33,4725.0
1703800,Buriti do Tocantins - TO,665.2,542.4,10302.0
1703826,Cachoeirinha - TO,763.82,606.0,1961.0
1703842,Campos Lindos - TO,912.29,607.0,8633.0
1703867,Cariri do Tocantins - TO,1174.15,969.6,3630.0
1703883,Carmolândia - TO,982.1,733.33,2201.0
1703891,Carrasco Bonito - TO,590.1,453.0,3318.0
1703909,Caseara - TO,1047.86,803.0,4824.0
1704105,Centenário - TO,860.47,606.0,2131.0
1704600,Chapada de Areia - TO,927.68,808.0,1501.0
1705102,Chapada da Natividade - TO,809.82,604.0,3110.0
1705508,Colinas do Tocantins - TO,1378.65,942.4,34100.0
1705557,Combinado - TO,1156.96,804.0,4734.0
1705607,Conceição do Tocantins - TO,966.54,702.4,3872.0
1706001,Couto Magalhães - TO,878.4,606.0,5331.0
1706100,Cristalândia - TO,1299.17,950.0,6325.0
1706258,Crixás do Tocantins - TO,1034.63,866.67,1463.0
1706506,Darcinópolis - TO,865.8,700.0,5805.0
1707009,Dianópolis - TO,1143.3,762.5,17685.0
1707108,Divinópolis do Tocantins - TO,1231.09,875.0,7007.0
1707207,Dois Irmãos do Tocantins - TO,1097.58,875.0,6324.0
1707306,Dueré - TO,1188.81,1000.0,4200.0
1707405,Esperantina - TO,723.55,503.0,7530.0
1707553,Fátima - TO,1181.37,700.0,3461.0
1707652,Figueirópolis - TO,1201.32,893.0,5203.0
1707702,Filadélfia - TO,922.76,660.0,7712.0
1708205,Formoso do Araguaia - TO,1174.54,808.0,18800.0
1708254,Tabocão - TO,1092.33,858.0,3455.0
1708304,Goianorte - TO,1104.48,808.0,4735.0
1709005,Goiatins - TO,803.98,500.0,12428.0
1709302,Guaraí - TO,1406.97,900.0,24637.0
1709500,Gurupi - TO,1665.16,1166.67,85058.0
1709807,Ipueiras - TO,1060.8,718.0,1585.0
1710508,Itacajá - TO,951.97,653.0,6819.0
1710706,Itaguatins - TO,850.59,606.0,5172.0
1710904,Itapiratins - TO,933.46,680.0,3577.0
1711100,Itaporã do Tocantins - TO,1076.92,833.33,2380.0
1711506,Jaú do Tocantins - TO,1033.94,850.0,3334.0
1711803,Juarina - TO,791.63,606.0,2243.0
1711902,Lagoa da Confusão - TO,1229.28,802.0,15261.0
1711951,Lagoa do Tocantins - TO,777.8,604.0,3516.0
1712009,Lajeado - TO,1306.33,800.0,3334.0
1712157,Lavandeira - TO,904.21,670.67,1626.0
1712405,Lizarda - TO,912.48,502.4,2994.0
1712454,Luzinópolis - TO,658.43,500.0,2695.0
1712504,Marianópolis do Tocantins - TO,1221.45,950.0,4533.0
1712702,Mateiros - TO,775.8,583.33,2703.0
1712801,Maurilândia do Tocantins - TO,810.37,600.0,3093.0
1713205,Miracema do Tocantins - TO,1345.89,900.0,18412.0
1713304,Miranorte - TO,1172.19,900.0,12662.0
1713601,Monte do Carmo - TO,1018.53,666.67,5686.0
1713700,Monte Santo do Tocantins - TO,969.74,733.33,2391.0
1713809,Palmeiras do Tocantins - TO,812.99,606.0,4872.0
1713957,Muricilândia - TO,925.82,727.2,3353.0
1714203,Natividade - TO,1184.27,808.0,8735.0
1714302,Nazaré - TO,810.68,646.0,4521.0
1714880,Nova Olinda - TO,916.26,728.0,10355.0
1715002,Nova Rosalândia - TO,1068.55,800.0,3348.0
1715101,Novo Acordo - TO,1024.13,606.0,3966.0
1715150,Novo Alegre - TO,1123.63,770.67,1843.0
1715259,Novo Jardim - TO,876.15,737.33,2206.0
1715507,Oliveira de Fátima - TO,925.74,760.0,1164.0
1715705,Palmeirante - TO,862.06,633.33,4793.0
1715754,Palmeirópolis - TO,1242.87,909.0,6939.0
1716109,Paraíso do Tocantins - TO,1526.29,1056.89,52167.0
1716208,Paranã - TO,977.59,666.67,10496.0
1716307,Pau D'Arco - TO,933.91,644.8,4043.0
1716505,Pedro Afonso - TO,1441.4,982.0,13995.0
1716604,Peixe - TO,1080.34,800.0,9281.0
1716653,Pequizeiro - TO,1002.46,766.67,4921.0
1716703,Colméia - TO,1172.54,883.33,8863.0
1717008,Pindorama do Tocantins - TO,787.79,606.0,4467.0
1717206,Piraquê - TO,857.47,719.43,2274.0
1717503,Pium - TO,1037.53,800.0,7100.0
1717800,Ponte Alta do Bom Jesus - TO,817.92,550.0,4203.0
1717909,Ponte Alta do Tocantins - TO,906.89,606.0,7530.0
1718006,Porto Alegre do Tocantins - TO,881.18,644.8,2866.0
1718204,Porto Nacional - TO,1349.96,909.0,64212.0
1718303,Praia Norte - TO,721.44,566.67,9036.0
1718402,Presidente Kennedy - TO,1017.64,833.33,3041.0
1718451,Pugmil - TO,912.8,806.0,2184.0
1718501,Recursolândia - TO,723.11,484.8,3414.0
1718550,Riachinho - TO,708.06,600.0,3954.0
1718659,Rio da Conceição - TO,913.38,700.0,1757.0
1718709,Rio dos Bois - TO,916.21,680.0,2738.0
1718758,Rio Sono - TO,987.98,675.0,4841.0
1718808,Sampaio - TO,832.94,600.0,4190.0
1718840,Sandolândia - TO,1043.85,760.2,3705.0
1718865,Santa Fé do Araguaia - TO,1011.88,756.0,7154.0
1718881,Santa Maria do Tocantins - TO,915.7,757.5,2646.0
1718899,Santa Rita do Tocantins - TO,1145.36,906.0,2208.0
1718907,Santa Rosa do Tocantins - TO,848.41,670.4,4653.0
1719004,Santa Tereza do Tocantins - TO,942.39,689.33,2781.0
1720002,Santa Terezinha do Tocantins - TO,793.1,600.0,2406.0
1720101,São Bento do Tocantins - TO,750.11,606.0,5628.0
1720150,São Félix do Tocantins - TO,1195.77,850.0,1771.0
1720200,São Miguel do Tocantins - TO,820.57,625.0,13241.0
1720259,São Salvador do Tocantins - TO,815.37,606.0,2383.0
1720309,São Sebastião do Tocantins - TO,868.76,606.0,4100.0
1720499,São Valério - TO,1074.49,808.0,4403.0
1720655,Silvanópolis - TO,1231.48,752.0,5108.0
1720804,Sítio Novo do Tocantins - TO,803.3,604.0,10818.0
1720853,Sucupira - TO,1087.47,818.0,1577.0
1720903,Taguatinga - TO,1004.29,700.0,13954.0
1720937,Taipas do Tocantins - TO,1041.52,742.4,2019.0
1720978,Talismã - TO,1136.59,887.5,2453.0
1721000,Palmas - TO,2260.06,1266.67,301544.0
1721109,Tocantínia - TO,755.36,514.29,7442.0
1721208,Tocantinópolis - TO,1055.63,625.0,22486.0
1721257,Tupirama - TO,1308.74,1000.0,1905.0
1721307,Tupiratins - TO,1052.03,750.0,1865.0
1722081,Wanderlândia - TO,870.86,640.0,10509.0
1722107,Xambioá - TO,1051.05,753.0,10480.0
2100055,Açailândia - MA,1007.41,722.4,106152.0
2100105,Afonso Cunha - MA,605.56,404.0,6134.0
2100154,Água Doce do Maranhão - MA,597.92,440.0,12142.0
2100204,Alcântara - MA,681.48,533.33,18430.0
2100303,Aldeias Altas - MA,533.46,400.0,23286.0
2100402,Altamira do Maranhão - MA,798.15,592.4,6442.0
2100436,Alto Alegre do Maranhão - MA,671.08,500.0,24048.0
2100477,Alto Alegre do Pindaré - MA,616.57,466.67,25565.0
2100501,Alto Parnaíba - MA,803.48,576.57,11022.0
2100550,Amapá do Maranhão - MA,546.81,400.0,7167.0
2100600,Amarante do Maranhão - MA,602.61,400.0,37024.0
2100709,Anajatuba - MA,647.55,500.0,25314.0
2100808,Anapurus - MA,647.27,400.0,13712.0
2100832,Apicum-Açu - MA,594.97,432.0,17481.0
2100873,Araguanã - MA,601.3,433.33,11179.0
2100907,Araioses - MA,495.55,324.0,39052.0
2100956,Arame - MA,570.78,400.0,25427.0
2101004,Arari - MA,723.36,550.0,29406.0
2101103,Axixá - MA,692.03,500.0,11775.0
2101202,Bacabal - MA,894.93,626.22,103618.0
2101251,Bacabeira - MA,704.29,516.67,16953.0
2101301,Bacuri - MA,639.65,404.0,16241.0
2101350,Bacurituba - MA,624.92,500.0,5248.0
2101400,Balsas - MA,1166.62,800.0,101227.0
2101509,Barão de Grajaú - MA,815.92,606.0,18972.0
2101608,Barra do Corda - MA,817.61,600.0,84433.0
2101707,Barreirinhas - MA,612.86,442.4,65187.0
2101731,Belágua - MA,388.46,242.4,8451.0
2101772,Bela Vista do Maranhão - MA,670.39,520.67,11739.0
2101806,Benedito Leite - MA,715.98,566.67,5466.0
2101905,Bequimão - MA,679.09,502.4,19502.0
2101939,Bernardo do Mearim - MA,728.32,600.0,5840.0
2101970,Boa Vista do Gurupi - MA,570.27,366.67,7567.0
2102002,Bom Jardim - MA,545.68,400.0,33099.0
2102036,Bom Jesus das Selvas - MA,698.74,500.0,28490.0
2102077,Bom Lugar - MA,638.84,487.5,12212.0
2102101,Brejo - MA,615.04,403.0,34068.0
2102150,Brejo de Areia - MA,516.09,400.0,9195.0
2102200,Buriti - MA,489.45,300.0,29646.0
2102309,Buriti Bravo - MA,593.63,425.0,22440.0
2102325,Buriticupu - MA,667.09,453.0,55448.0
2102358,Buritirana - MA,696.88,537.33,12914.0
2102374,Cachoeira Grande - MA,389.45,300.0,9732.0
2102408,Cajapió - MA,507.33,322.4,10121.0
2102507,Cajari - MA,552.62,400.0,16407.0
2102556,Campestre do Maranhão - MA,833.52,650.0,12215.0
2102606,Cândido Mendes - MA,587.02,450.0,19923.0
2102705,Cantanhede - MA,737.41,467.71,24303.0
2102754,Capinzal do Norte - MA,780.81,600.0,11351.0
2102804,Carolina - MA,936.53,700.0,23945.0
2102903,Carutapera - MA,676.39,500.0,24238.0
2103000,Caxias - MA,853.08,570.67,156738.0
2103109,Cedral - MA,616.29,453.0,10199.0
2103125,Central do Maranhão - MA,580.82,400.0,7089.0
2103158,Centro do Guilherme - MA,735.27,600.0,12342.0
2103174,Centro Novo do Maranhão - MA,705.59,440.0,16228.0
2103208,Chapadinha - MA,741.25,484.8,81111.0
2103257,Cidelândia - MA,831.99,606.0,12848.0
2103307,Codó - MA,725.27,502.4,114058.0
2103406,Coelho Neto - MA,671.03,484.8,41639.0
2103505,Colinas - MA,711.68,484.8,40193.0
2103554,Conceição do Lago-Açu - MA,542.17,385.0,14884.0
2103604,Coroatá - MA,625.41,450.0,59358.0
2103703,Cururupu - MA,699.05,502.0,31494.0
2103752,Davinópolis - MA,823.31,692.2,14294.0
2103802,Dom Pedro - MA,863.58,628.57,23012.0
2103901,Duque Bacelar - MA,535.56,399.4,10214.0
2104008,Esperantinópolis - MA,641.75,461.33,18287.0
2104057,Estreito - MA,1045.87,702.4,33186.0
2104073,Feira Nova do Maranhão - MA,680.02,500.0,8048.0
2104081,Fernando Falcão - MA,584.52,422.4,10849.0
2104099,Formosa da Serra Negra - MA,658.6,480.0,17664.0
2104107,Fortaleza dos Nogueiras - MA,922.26,642.86,12591.0
2104206,Fortuna - MA,663.54,403.0,16968.0
2104305,Godofredo Viana - MA,799.67,600.0,10144.0
2104404,Gonçalves Dias - MA,761.9,571.71,17197.0
2104503,Governador Archer - MA,708.84,525.71,10231.0
2104552,Governador Edison Lobão - MA,790.85,606.0,18325.0
2104602,Governador Eugênio Barros - MA,734.73,550.0,13925.0
2104628,Governador Luiz Rocha - MA,710.62,500.0,7063.0
2104651,Governador Newton Bello - MA,619.07,450.0,10707.0
2104677,Governador Nunes Freire - MA,678.51,470.67,22922.0
2104701,Graça Aranha - MA,681.18,537.33,6023.0
2104800,Grajaú - MA,821.45,537.33,73761.0
2104909,Guimarães - MA,740.79,472.4,10273.0
2105005,Humberto de Campos - MA,415.69,228.57,25680.0
2105104,Icatu - MA,439.27,302.0,24794.0
2105153,Igarapé do Meio - MA,646.04,533.33,13969.0
2105203,Igarapé Grande - MA,800.72,600.0,10220.0
2105302,Imperatriz - MA,1324.19,840.2,272412.0
2105351,Itaipava do Grajaú - MA,553.45,403.0,13828.0
2105401,Itapecuru Mirim - MA,658.19,442.4,60260.0
2105427,Itinga do Maranhão - MA,882.07,675.0,22324.0
2105450,Jatobá - MA,559.77,403.0,7457.0
2105476,Jenipapo dos Vieiras - MA,465.99,248.0,17070.0
2105500,João Lisboa - MA,850.02,620.67,24539.0
2105609,Joselândia - MA,669.96,428.57,14918.0
2105658,Junco do Maranhão - MA,569.66,441.25,5146.0
2105708,Lago da Pedra - MA,819.51,606.0,44394.0
2105807,Lago do Junco - MA,780.64,600.0,9506.0
2105906,Lago Verde - MA,665.18,475.0,14760.0
2105922,Lagoa do Mato - MA,568.19,404.0,10572.0
2105948,Lago dos Rodrigues - MA,774.33,606.0,8725.0
2105963,Lagoa Grande do Maranhão - MA,589.81,438.67,11411.0
2105989,Lajeado Novo - MA,765.61,573.14,7057.0
2106003,Lima Campos - MA,831.6,600.0,11297.0
2106102,Loreto - MA,747.53,567.67,11597.0
2106201,Luís Domingues - MA,592.02,414.29,7159.0
2106300,Magalhães de Almeida - MA,660.15,484.8,13807.0
2106326,Maracaçumé - MA,546.44,400.0,21149.0
2106359,Marajá do Sena - MA,425.87,300.0,7020.0
2106375,Maranhãozinho - MA,468.04,316.0,13715.0
2106409,Mata Roma - MA,624.96,442.4,17081.0
2106508,Matinha - MA,630.66,466.67,21981.0
2106607,Matões - MA,597.81,415.0,32164.0
2106631,Matões do Norte - MA,446.05,320.0,17417.0
2106672,Milagres do Maranhão - MA,433.27,302.0,8789.0
2106706,Mirador - MA,584.89,403.0,21016.0
2106755,Miranda do Norte - MA,629.09,500.0,23794.0
2106805,Mirinzal - MA,750.33,537.33,13961.0
2106904,Monção - MA,555.93,400.0,27751.0
2107001,Montes Altos - MA,775.51,537.33,9101.0
2107100,Morros - MA,509.29,342.86,18541.0
2107209,Nina Rodrigues - MA,535.22,400.0,14165.0
2107258,Nova Colinas - MA,765.0,533.33,5000.0
2107308,Nova Iorque - MA,727.08,604.0,4320.0
2107357,Nova Olinda do Maranhão - MA,627.94,500.0,14314.0
2107407,Olho d'Água das Cunhãs - MA,786.89,603.0,17899.0
2107456,Olinda Nova do Maranhão - MA,566.55,437.5,13574.0
2107506,Paço do Lumiar - MA,1055.14,733.33,145287.0
2107605,Palmeirândia - MA,522.16,404.0,21041.0
2107704,Paraibano - MA,735.73,537.33,18264.0
2107803,Parnarama - MA,609.43,441.67,31236.0
2107902,Passagem Franca - MA,634.75,470.67,17216.0
2108009,Pastos Bons - MA,759.03,503.0,18781.0
2108058,Paulino Neves - MA,560.24,404.0,17019.0
2108108,Paulo Ramos - MA,668.82,463.0,20341.0
2108207,Pedreiras - MA,1102.76,727.2,36779.0
2108256,Pedro do Rosário - MA,507.8,400.0,24270.0
2108306,Penalva - MA,565.26,400.0,32483.0
2108405,Peri Mirim - MA,665.56,468.67,11108.0
2108454,Peritoró - MA,710.01,544.57,20459.0
2108504,Pindaré-Mirim - MA,786.22,544.8,31410.0
2108603,Pinheiro - MA,833.75,600.0,84071.0
2108702,Pio XII - MA,726.65,523.4,21877.0
2108801,Pirapemas - MA,629.73,392.4,17714.0
2108900,Poção de Pedras - MA,810.21,554.0,17158.0
2109007,Porto Franco - MA,1084.18,672.67,23775.0
2109056,Porto Rico do Maranhão - MA,671.08,537.33,5946.0
2109106,Presidente Dutra - MA,1062.56,700.0,45077.0
2109205,Presidente Juscelino - MA,539.16,386.0,11324.0
2109239,Presidente Médici - MA,663.31,503.0,4691.0
2109270,Presidente Sarney - MA,516.19,400.0,17506.0
2109304,Presidente Vargas - MA,549.26,366.67,10531.0
2109403,Primeira Cruz - MA,413.0,300.0,13602.0
2109452,Raposa - MA,872.96,604.0,30768.0
2109502,Riachão - MA,751.06,600.0,22097.0
2109551,Ribamar Fiquene - MA,725.47,575.33,7416.0
2109601,Rosário - MA,675.16,502.0,38325.0
2109700,Sambaíba - MA,703.14,522.4,5568.0
2109759,Santa Filomena do Maranhão - MA,602.71,450.0,6691.0
2109809,Santa Helena - MA,599.67,450.0,41544.0
2109908,Santa Inês - MA,979.59,666.67,84731.0
2110005,Santa Luzia - MA,712.85,484.8,57486.0
2110039,Santa Luzia do Paruá - MA,793.93,600.0,24268.0
2110104,Santa Quitéria do Maranhão - MA,509.6,327.27,23924.0
2110203,Santa Rita - MA,667.41,504.0,36940.0
2110237,Santana do Maranhão - MA,552.6,380.0,10533.0
2110278,Santo Amaro do Maranhão - MA,520.09,364.0,13945.0
2110302,Santo Antônio dos Lopes - MA,717.65,600.0,14304.0
2110401,São Benedito do Rio Preto - MA,445.33,266.67,18364.0
2110500,São Bento - MA,536.73,400.0,46384.0
2110609,São Bernardo - MA,648.46,450.0,26853.0
2110658,São Domingos do Azeitão - MA,762.98,600.0,7989.0
2110708,São Domingos do Maranhão - MA,758.81,500.0,34008.0
2110807,São Félix de Balsas - MA,673.96,550.0,4402.0
2110856,São Francisco do Brejão - MA,766.28,606.0,9046.0
2110906,São Francisco do Maranhão - MA,595.04,425.5,12064.0
2111003,São João Batista - MA,591.36,402.4,18544.0
2111029,São João do Carú - MA,554.76,400.0,12251.0
2111052,São João do Paraíso - MA,773.11,535.33,9904.0
2111078,São João do Soter - MA,537.27,400.0,16888.0
2111102,São João dos Patos - MA,851.72,600.0,24946.0
2111201,São José de Ribamar - MA,1134.31,733.33,244350.0
2111250,São José dos Basílios - MA,543.75,403.0,6928.0
2111300,São Luís - MA,1595.48,866.67,1030836.0
2111409,São Luís Gonzaga do Maranhão - MA,635.4,450.0,17812.0
2111508,São Mateus do Maranhão - MA,753.38,516.67,38814.0
2111532,São Pedro da Água Branca - MA,728.31,535.71,14298.0
2111573,São Pedro dos Crentes - MA,726.47,550.67,5780.0
2111607,São Raimundo das Mangabeiras - MA,850.43,602.4,18643.0
2111631,São Raimundo do Doca Bezerra - MA,589.9,420.0,5650.0
2111672,São Roberto - MA,545.37,362.4,4515.0
2111706,São Vicente Ferrer - MA,605.08,433.33,19447.0
2111722,Satubinha - MA,634.69,482.0,8784.0
2111748,Senador Alexandre Costa - MA,661.54,456.0,10203.0
2111763,Senador La Rocque - MA,797.07,606.0,14694.0
2111789,Serrano do Maranhão - MA,642.91,500.0,10201.0
2111805,Sítio Novo - MA,668.73,450.0,17055.0
2111904,Sucupira do Norte - MA,694.83,480.0,10238.0
2111953,Sucupira do Riachão - MA,658.02,484.8,4985.0
2112001,Tasso Fragoso - MA,889.15,606.0,8833.0
2112100,Timbiras - MA,538.9,403.0,26484.0
2112209,Timon - MA,937.58,633.33,173625.0
2112233,Trizidela do Vale - MA,801.9,606.0,22467.0
2112274,Tufilândia - MA,622.31,510.25,5506.0
2112308,Tuntum - MA,648.84,500.0,36121.0
2112407,Turiaçu - MA,548.2,391.0,37336.0
2112456,Turilândia - MA,469.19,350.0,31443.0
2112506,Tutóia - MA,594.37,400.0,53164.0
2112605,Urbano Santos - MA,552.47,360.0,32804.0
2112704,Vargem Grande - MA,616.42,385.09,43261.0
2112803,Viana - MA,717.55,500.0,51292.0
2112852,Vila Nova dos Martírios - MA,727.65,562.33,10362.0
2112902,Vitória do Mearim - MA,641.96,454.0,30779.0
2113009,Vitorino Freire - MA,754.86,602.0,30822.0
2114007,Zé Doca - MA,760.1,553.0,40637.0
2200053,Acauã - PI,611.2,466.67,6417.0
2200103,Agricolândia - PI,728.51,537.33,4935.0
2200202,Água Branca - PI,838.94,619.0,17563.0
2200251,Alagoinha do Piauí - PI,640.87,450.0,6819.0
2200277,Alegrete do Piauí - PI,652.29,412.5,4634.0
2200301,Alto Longá - PI,754.37,600.0,13475.0
2200400,Altos - PI,836.62,606.0,46558.0
2200459,Alvorada do Gurguéia - PI,644.28,466.67,5322.0
2200509,Amarante - PI,765.13,540.0,17128.0
2200608,Angical do Piauí - PI,869.02,694.8,6800.0
2200707,Anísio de Abreu - PI,740.25,490.0,9392.0
2200806,Antônio Almeida - PI,906.69,737.5,3150.0
2200905,Aroazes - PI,732.79,604.0,5369.0
2200954,Aroeiras do Itaim - PI,705.46,604.0,2690.0
2201002,Arraial - PI,683.68,514.0,4520.0
2201051,Assunção do Piauí - PI,499.26,333.33,7452.0
2201101,Avelino Lopes - PI,678.26,475.0,10857.0
2201150,Baixa Grande do Ribeiro - PI,816.19,600.0,13235.0
2201176,Barra D'Alcântara - PI,661.27,537.33,3995.0
2201200,Barras - PI,741.61,540.33,47881.0
2201309,Barreiras do Piauí - PI,660.51,470.67,3264.0
2201408,Barro Duro - PI,740.09,600.0,6616.0
2201507,Batalha - PI,649.57,500.0,26248.0
2201556,Bela Vista do Piauí - PI,691.55,448.44,4091.0
2201572,Belém do Piauí - PI,843.88,606.0,3414.0
2201606,Beneditinos - PI,652.94,484.8,9929.0
2201705,Bertolínia - PI,945.82,706.0,5534.0
2201739,Betânia do Piauí - PI,574.1,404.0,6217.0
2201770,Boa Hora - PI,616.36,466.67,6862.0
2201804,Bocaina - PI,900.37,606.0,4078.0
2201903,Bom Jesus - PI,1130.24,706.0,28735.0
2201919,Bom Princípio do Piauí - PI,544.35,403.0,5633.0
2201929,Bonfim do Piauí - PI,637.35,453.0,5913.0
2201945,Boqueirão do Piauí - PI,672.54,503.43,6545.0
2201960,Brasileira - PI,799.36,604.8,8436.0
2201988,Brejo do Piauí - PI,662.87,537.33,3882.0
2202000,Buriti dos Lopes - PI,655.04,484.8,19654.0
2202026,Buriti dos Montes - PI,666.86,500.0,7432.0
2202059,Cabeceiras do Piauí - PI,623.38,483.33,10212.0
2202075,Cajazeiras do Piauí - PI,630.48,500.0,3105.0
2202083,Cajueiro da Praia - PI,833.97,575.33,7942.0
2202091,Caldeirão Grande do Piauí - PI,710.22,517.71,5503.0
2202109,Campinas do Piauí - PI,685.57,533.33,4934.0
2202117,Campo Alegre do Fidalgo - PI,636.4,503.0,4608.0
2202133,Campo Grande do Piauí - PI,686.67,520.0,6017.0
2202174,Campo Largo do Piauí - PI,525.88,400.0,7419.0
2202208,Campo Maior - PI,1038.91,706.0,45615.0
2202251,Canavieira - PI,755.33,604.0,3414.0
2202307,Canto do Buriti - PI,913.41,633.33,19365.0
2202406,Capitão de Campos - PI,618.65,516.67,11090.0
2202455,Capitão Gervásio Oliveira - PI,677.47,560.57,3967.0
2202505,Caracol - PI,643.52,404.0,10305.0
2202539,Caraúbas do Piauí - PI,554.55,404.0,5629.0
2202554,Caridade do Piauí - PI,633.05,515.4,5022.0
2202604,Castelo do Piauí - PI,711.61,537.33,19278.0
2202653,Caxingó - PI,577.3,404.0,5484.0
2202703,Cocal - PI,594.08,400.0,28212.0
2202711,Cocal de Telha - PI,716.92,600.0,4904.0
2202729,Cocal dos Alves - PI,567.23,403.0,6382.0
2202737,Coivaras - PI,658.23,537.33,4099.0
2202752,Colônia do Gurguéia - PI,843.92,628.0,6141.0
2202778,Colônia do Piauí - PI,716.44,600.0,6991.0
2202802,Conceição do Canindé - PI,776.18,600.0,4932.0
2202851,Coronel José Dias - PI,724.86,466.67,4237.0
2202901,Corrente - PI,946.37,620.0,27245.0
2203008,Cristalândia do Piauí - PI,684.39,426.0,7333.0
2203107,Cristino Castro - PI,857.08,560.0,10470.0
2203206,Curimatá - PI,693.11,485.71,11228.0
2203230,Currais - PI,664.97,537.33,4844.0
2203255,Curralinhos - PI,744.99,574.0,4402.0
2203271,Curral Novo do Piauí - PI,567.11,435.5,5052.0
2203305,Demerval Lobão - PI,862.34,644.8,16342.0
2203354,Dirceu Arcoverde - PI,799.6,600.0,7054.0
2203404,Dom Expedito Lopes - PI,918.12,706.0,6316.0
2203420,Domingos Mourão - PI,591.0,404.0,4072.0
2203453,Dom Inocêncio - PI,748.74,606.0,9155.0
2203503,Elesbão Veloso - PI,794.04,612.0,13597.0
2203602,Eliseu Martins - PI,886.51,606.0,4377.0
2203701,Esperantina - PI,826.99,606.0,40758.0
2203750,Fartura do Piauí - PI,575.61,400.0,5280.0
2203800,Flores do Piauí - PI,629.95,478.0,4414.0
2203859,Floresta do Piauí - PI,727.11,537.33,2329.0
2203909,Floriano - PI,1223.01,808.0,61702.0
2204006,Francinópolis - PI,679.25,454.0,4505.0
2204105,Francisco Ayres - PI,701.6,500.0,4412.0
2204154,Francisco Macedo - PI,693.49,606.0,2929.0
2204204,Francisco Santos - PI,882.67,637.33,8230.0
2204303,Fronteiras - PI,790.71,554.0,10259.0
2204352,Geminiano - PI,667.92,584.8,5425.0
2204402,Gilbués - PI,747.26,589.0,10858.0
2204501,Guadalupe - PI,1002.95,762.4,10221.0
2204550,Guaribas - PI,511.07,375.0,4269.0
2204600,Hugo Napoleão - PI,795.13,600.0,3508.0
2204659,Ilha Grande - PI,675.74,533.33,9265.0
2204709,Inhuma - PI,822.11,606.0,14958.0
2204808,Ipiranga do Piauí - PI,708.73,504.0,9420.0
2204907,Isaías Coelho - PI,606.85,440.0,7774.0
2205003,Itainópolis - PI,783.42,604.0,10737.0
2205102,Itaueira - PI,828.9,604.0,10290.0
2205151,Jacobina do Piauí - PI,800.2,633.33,5605.0
2205201,Jaicós - PI,728.46,520.0,17501.0
2205250,Jardim do Mulato - PI,698.08,537.33,4180.0
2205276,Jatobá do Piauí - PI,724.37,606.0,4494.0
2205300,Jerumenha - PI,958.54,753.0,4494.0
2205359,João Costa - PI,613.26,485.71,2969.0
2205409,Joaquim Pires - PI,613.19,442.4,13886.0
2205458,Joca Marques - PI,545.86,400.0,5394.0
2205508,José de Freitas - PI,709.87,568.67,42559.0
2205516,Juazeiro do Piauí - PI,798.22,644.8,5190.0
2205524,Júlio Borges - PI,611.82,414.0,5371.0
2205532,Jurema - PI,570.59,400.0,4425.0
2205540,Lagoinha do Piauí - PI,646.62,480.0,2939.0
2205557,Lagoa Alegre - PI,735.09,537.33,8251.0
2205565,Lagoa do Barro do Piauí - PI,791.53,600.0,4995.0
2205573,Lagoa de São Francisco - PI,610.03,404.0,6294.0
2205581,Lagoa do Piauí - PI,781.88,604.0,4810.0
2205599,Lagoa do Sítio - PI,692.81,483.33,4520.0
2205607,Landri Sales - PI,766.24,564.0,5212.0
2205706,Luís Correia - PI,694.72,537.33,30614.0
2205805,Luzilândia - PI,648.33,502.4,25360.0
2205854,Madeiro - PI,617.37,482.4,8027.0
2205904,Manoel Emídio - PI,790.65,606.0,5209.0
2205953,Marcolândia - PI,723.89,533.33,8533.0
2206001,Marcos Parente - PI,822.41,702.4,4719.0
2206050,Massapê do Piauí - PI,569.05,450.0,5218.0
2206100,Matias Olímpio - PI,625.81,453.0,10641.0
2206209,Miguel Alves - PI,561.01,404.0,32120.0
2206308,Miguel Leão - PI,694.67,500.0,1313.0
2206357,Milton Brandão - PI,548.51,404.0,6542.0
2206407,Monsenhor Gil - PI,799.67,604.0,10255.0
2206506,Monsenhor Hipólito - PI,748.47,520.0,7574.0
2206605,Monte Alegre do Piauí - PI,587.18,403.0,10645.0
2206654,Morro Cabeça no Tempo - PI,579.63,400.0,4359.0
2206670,Morro do Chapéu do Piauí - PI,591.58,420.67,6421.0
2206696,Murici dos Portelas - PI,586.54,437.5,9779.0
2206704,Nazaré do Piauí - PI,722.03,564.8,6665.0
2206720,Nazária - PI,634.76,516.0,10262.0
2206753,Nossa Senhora de Nazaré - PI,759.01,606.0,5225.0
2206803,Nossa Senhora dos Remédios - PI,607.6,433.33,8519.0
2206902,Novo Oriente do Piauí - PI,724.29,550.0,6082.0
2206951,Novo Santo Antônio - PI,664.96,537.2,2827.0
2207009,Oeiras - PI,986.29,670.67,38063.0
2207108,Olho D'Água do Piauí - PI,688.37,537.33,2637.0
2207207,Padre Marcos - PI,711.16,550.0,6361.0
2207306,Paes Landim - PI,709.55,537.33,4088.0
2207355,Pajeú do Piauí - PI,907.28,706.0,3000.0
2207405,Palmeira do Piauí - PI,749.81,604.0,4949.0
2207504,Palmeirais - PI,746.07,504.0,13252.0
2207553,Paquetá - PI,640.94,580.0,3813.0
2207603,Parnaguá - PI,668.53,474.86,10093.0
2207702,Parnaíba - PI,1121.72,728.0,161582.0
2207751,Passagem Franca do Piauí - PI,776.48,680.0,4135.0
2207777,Patos do Piauí - PI,610.9,420.0,5425.0
2207793,Pau D'Arco do Piauí - PI,539.48,400.0,3878.0
2207801,Paulistana - PI,853.62,597.25,21036.0
2207850,Pavussu - PI,612.34,473.33,3625.0
2207900,Pedro II - PI,726.92,500.0,37878.0
2207934,Pedro Laurentino - PI,630.74,475.0,2456.0
2207959,Nova Santa Rita - PI,581.67,403.0,4076.0
2208007,Picos - PI,1207.78,826.67,82532.0
2208106,Pimenteiras - PI,696.28,487.5,11317.0
2208205,Pio IX - PI,696.71,522.4,17585.0
2208304,Piracuruca - PI,817.75,540.0,28846.0
2208403,Piripiri - PI,943.13,625.0,65511.0
2208502,Porto - PI,562.71,404.0,12047.0
2208551,Porto Alegre do Piauí - PI,768.43,533.33,2364.0
2208601,Prata do Piauí - PI,756.31,604.0,3042.0
2208650,Queimada Nova - PI,691.98,604.0,8738.0
2208700,Redenção do Gurguéia - PI,697.28,542.4,8376.0
2208809,Regeneração - PI,691.08,512.5,17109.0
2208858,Riacho Frio - PI,613.04,404.0,4165.0
2208874,Ribeira do Piauí - PI,710.23,604.0,4052.0
2208908,Ribeiro Gonçalves - PI,822.23,606.0,6153.0
2209005,Rio Grande do Piauí - PI,770.9,600.0,5789.0
2209104,Santa Cruz do Piauí - PI,778.5,605.0,5827.0
2209153,Santa Cruz dos Milagres - PI,635.96,537.33,3435.0
2209203,Santa Filomena - PI,791.19,600.0,6055.0
2209302,Santa Luz - PI,703.92,564.8,5326.0
2209351,Santana do Piauí - PI,756.73,650.0,4125.0
2209377,Santa Rosa do Piauí - PI,716.12,554.0,4650.0
2209401,Santo Antônio de Lisboa - PI,764.21,600.0,5835.0
2209450,Santo Antônio dos Milagres - PI,593.44,403.0,2138.0
2209500,Santo Inácio do Piauí - PI,761.49,630.0,3646.0
2209559,São Braz do Piauí - PI,707.43,600.0,4358.0
2209609,São Félix do Piauí - PI,899.57,704.0,2838.0
2209658,São Francisco de Assis do Piauí - PI,564.56,400.0,5572.0
2209708,São Francisco do Piauí - PI,677.67,524.0,5392.0
2209757,São Gonçalo do Gurguéia - PI,669.94,461.86,2947.0
2209807,São Gonçalo do Piauí - PI,761.61,537.33,4832.0
2209856,São João da Canabrava - PI,801.84,702.4,4238.0
2209872,São João da Fronteira - PI,592.16,400.0,5444.0
2209906,São João da Serra - PI,704.34,500.0,6105.0
2209955,São João da Varjota - PI,606.44,470.67,4380.0
2209971,São João do Arraial - PI,562.84,400.0,8175.0
2210003,São João do Piauí - PI,938.51,606.0,21379.0
2210052,São José do Divino - PI,675.53,553.0,4837.0
2210102,São José do Peixe - PI,840.15,606.0,3288.0
2210201,São José do Piauí - PI,717.8,602.4,6593.0
2210300,São Julião - PI,844.95,620.0,6025.0
2210359,São Lourenço do Piauí - PI,792.54,606.0,4407.0
2210375,São Luis do Piauí - PI,627.35,484.8,2309.0
2210383,São Miguel da Baixa Grande - PI,668.78,600.0,2269.0
2210391,São Miguel do Fidalgo - PI,686.11,537.33,2818.0
2210409,São Miguel do Tapuio - PI,649.54,470.67,17548.0
2210508,São Pedro do Piauí - PI,706.19,478.0,13748.0
2210607,São Raimundo Nonato - PI,1068.24,685.71,38824.0
2210623,Sebastião Barros - PI,634.49,452.0,3194.0
2210631,Sebastião Leal - PI,814.19,600.0,4446.0
2210656,Sigefredo Pacheco - PI,659.91,504.0,9444.0
2210706,Simões - PI,698.6,484.8,14337.0
2210805,Simplício Mendes - PI,856.73,606.0,13821.0
2210904,Socorro do Piauí - PI,569.04,400.0,4141.0
2210938,Sussuapara - PI,798.91,604.8,6220.0
2210953,Tamboril do Piauí - PI,671.89,460.57,2934.0
2210979,Tanque do Piauí - PI,955.24,709.0,2316.0
2211001,Teresina - PI,1559.89,868.0,861509.0
2211100,União - PI,727.69,537.33,46077.0
2211209,Uruçuí - PI,1041.2,737.33,25194.0
2211308,Valença do Piauí - PI,1059.55,731.0,22258.0
2211357,Várzea Branca - PI,610.54,404.0,5047.0
2211407,Várzea Grande - PI,839.8,606.0,4414.0
2211506,Vera Mendes - PI,599.07,460.0,3185.0
2211605,Vila Nova do Piauí - PI,738.02,600.0,2935.0
2211704,Wall Ferraz - PI,601.14,500.0,4059.0
2300101,Abaiara - CE,677.33,525.0,10015.0
2300150,Acarape - CE,674.46,500.0,14027.0
2300200,Acaraú - CE,694.7,500.0,65209.0
2300309,Acopiara - CE,758.47,600.0,44931.0
2300408,Aiuaba - CE,659.88,458.4,14066.0
2300507,Alcântaras - CE,753.79,600.0,11369.0
2300606,Altaneira - CE,699.36,519.43,6782.0
2300705,Alto Santo - CE,803.58,666.67,14155.0
2300754,Amontada - CE,582.24,403.0,42102.0
2300804,Antonina do Norte - CE,793.02,633.33,7245.0
2300903,Apuiarés - CE,627.92,432.0,12919.0
2301000,Aquiraz - CE,930.64,666.67,79695.0
2301109,Aracati - CE,904.09,606.0,75009.0
2301208,Aracoiaba - CE,718.73,603.0,25553.0
2301257,Ararendá - CE,623.37,460.57,11073.0
2301307,Araripe - CE,545.54,337.5,19736.0
2301406,Aratuba - CE,732.99,560.33,11224.0
2301505,Arneiroz - CE,732.65,587.33,7404.0
2301604,Assaré - CE,720.44,528.0,21633.0
2301703,Aurora - CE,714.57,525.0,23714.0
2301802,Baixio - CE,660.22,470.67,5704.0
2301851,Banabuiú - CE,740.46,570.67,17174.0
2301901,Barbalha - CE,1005.61,606.0,74966.0
2301950,Barreira - CE,713.88,533.33,22392.0
2302008,Barro - CE,729.66,566.67,19381.0
2302057,Barroquinha - CE,509.21,333.33,14550.0
2302107,Baturité - CE,773.07,600.0,35153.0
2302206,Beberibe - CE,759.16,578.0,53068.0
2302305,Bela Cruz - CE,621.73,400.0,32739.0
2302404,Boa Viagem - CE,714.71,564.8,50392.0
2302503,Brejo Santo - CE,873.09,641.4,51043.0
2302602,Camocim - CE,731.25,550.0,62242.0
2302701,Campos Sales - CE,748.63,503.0,25074.0
2302800,Canindé - CE,816.43,575.0,74028.0
2302909,Capistrano - CE,612.32,421.2,17254.0
2303006,Caridade - CE,655.3,533.33,16362.0
2303105,Cariré - CE,608.07,438.0,17606.0
2303204,Caririaçu - CE,627.49,453.0,26298.0
2303303,Cariús - CE,681.18,533.33,17015.0
2303402,Carnaubal - CE,654.73,454.5,17205.0
2303501,Cascavel - CE,873.81,606.0,72689.0
2303600,Catarina - CE,715.33,466.67,10227.0
2303659,Catunda - CE,659.33,475.0,10427.0
2303709,Caucaia - CE,947.97,666.67,354973.0
2303808,Cedro - CE,857.12,564.8,22337.0
2303907,Chaval - CE,672.47,462.5,12363.0
2303931,Choró - CE,549.53,404.0,12113.0
2303956,Chorozinho - CE,723.23,600.0,20136.0
2304004,Coreaú - CE,656.99,484.8,20953.0
2304103,Crateús - CE,920.1,606.0,76218.0
2304202,Crato - CE,1060.11,656.67,130800.0
2304236,Croatá - CE,576.04,404.0,17481.0
2304251,Cruz - CE,834.25,600.0,29715.0
2304269,Deputado Irapuan Pinheiro - CE,606.51,500.0,8921.0
2304277,Ereré - CE,705.28,603.0,6474.0
2304285,Eusébio - CE,2512.7,1212.0,74085.0
2304301,Farias Brito - CE,691.36,533.33,18195.0
2304350,Forquilha - CE,727.41,600.0,24173.0
2304400,Fortaleza - CE,1668.98,900.0,2421147.0
2304459,Fortim - CE,900.17,700.0,17229.0
2304509,Frecheirinha - CE,822.31,606.0,15632.0
2304608,General Sampaio - CE,634.44,440.0,6703.0
2304657,Graça - CE,574.75,416.67,13801.0
2304707,Granja - CE,564.83,382.4,53260.0
2304806,Granjeiro - CE,693.39,564.8,4841.0
2304905,Groaíras - CE,753.78,582.4,10901.0
2304954,Guaiúba - CE,601.44,480.0,24306.0
2305001,Guaraciaba do Norte - CE,716.54,486.4,41967.0
2305100,Guaramiranga - CE,748.44,606.0,5623.0
2305209,Hidrolândia - CE,659.36,484.8,17855.0
2305233,Horizonte - CE,762.19,606.0,74680.0
2305266,Ibaretama - CE,624.16,450.0,11953.0
2305308,Ibiapina - CE,692.97,466.67,23938.0
2305332,Ibicuitinga - CE,627.47,504.0,11556.0
2305357,Icapuí - CE,824.14,625.0,21344.0
2305407,Icó - CE,706.4,535.33,62601.0
2305506,Iguatu - CE,1009.72,742.4,98028.0
2305605,Independência - CE,705.5,533.33,24024.0
2305654,Ipaporanga - CE,648.09,453.0,11555.0
2305704,Ipaumirim - CE,744.84,566.67,12044.0
2305803,Ipu - CE,735.8,553.0,41066.0
2305902,Ipueiras - CE,625.83,428.57,36798.0
2306009,Iracema - CE,850.77,606.0,13997.0
2306108,Irauçuba - CE,584.86,404.0,23915.0
2306207,Itaiçaba - CE,772.01,606.0,7532.0
2306256,Itaitinga - CE,1008.7,800.0,55889.0
2306306,Itapajé - CE,687.35,500.0,46389.0
2306405,Itapipoca - CE,720.4,512.4,131021.0
2306504,Itapiúna - CE,597.58,425.0,17841.0
2306553,Itarema - CE,642.63,450.0,42900.0
2306603,Itatira - CE,602.54,407.0,20424.0
2306702,Jaguaretama - CE,744.65,550.0,17204.0
2306801,Jaguaribara - CE,892.83,724.8,10334.0
2306900,Jaguaribe - CE,882.89,620.0,33726.0
2307007,Jaguaruana - CE,789.66,587.33,31641.0
2307106,Jardim - CE,726.42,537.33,27395.0
2307205,Jati - CE,727.11,584.8,7856.0
2307254,Jijoca de Jericoacoara - CE,968.32,678.0,25426.0
2307304,Juazeiro do Norte - CE,1021.94,666.67,284334.0
2307403,Jucás - CE,694.23,550.0,23871.0
2307502,Lavras da Mangabeira - CE,677.99,533.33,30798.0
2307601,Limoeiro do Norte - CE,1128.21,808.0,59412.0
2307635,Madalena - CE,656.35,482.4,16885.0
2307650,Maracanaú - CE,910.74,670.67,234328.0
2307700,Maranguape - CE,833.02,607.14,104983.0
2307809,Marco - CE,584.74,433.33,25731.0
2307908,Martinópole - CE,622.75,404.0,10834.0
2308005,Massapê - CE,652.16,470.0,37663.0
2308104,Mauriti - CE,667.97,500.0,45539.0
2308203,Meruoca - CE,752.71,562.4,15142.0
2308302,Milagres - CE,740.97,560.0,25873.0
2308351,Milhã - CE,827.51,606.0,14093.0
2308377,Miraíma - CE,453.17,303.0,14187.0
2308401,Missão Velha - CE,629.9,453.0,36812.0
2308500,Mombaça - CE,765.22,580.0,37669.0
2308609,Monsenhor Tabosa - CE,705.32,600.0,17149.0
2308708,Morada Nova - CE,842.15,662.4,61173.0
2308807,Moraújo - CE,763.44,537.33,8254.0
2308906,Morrinhos - CE,667.16,433.33,22737.0
2309003,Mucambo - CE,730.44,565.0,13666.0
2309102,Mulungu - CE,768.51,600.0,10569.0
2309201,Nova Olinda - CE,674.97,484.8,15399.0
2309300,Nova Russas - CE,744.82,553.0,30583.0
2309409,Novo Oriente - CE,771.68,600.0,27483.0
2309458,Ocara - CE,714.07,500.0,24493.0
2309508,Orós - CE,673.92,537.33,19626.0
2309607,Pacajus - CE,835.89,625.0,70974.0
2309706,Pacatuba - CE,862.29,610.0,80778.0
2309805,Pacoti - CE,720.8,537.33,11147.0
2309904,Pacujá - CE,723.25,546.4,6168.0
2310001,Palhano - CE,838.31,606.0,9342.0
2310100,Palmácia - CE,689.96,533.33,10242.0
2310209,Paracuru - CE,871.22,604.0,38862.0
2310258,Paraipaba - CE,813.25,600.0,32091.0
2310308,Parambu - CE,643.03,433.33,31392.0
2310407,Paramoti - CE,569.94,403.0,10364.0
2310506,Pedra Branca - CE,667.71,520.67,40145.0
2310605,Penaforte - CE,712.89,537.33,8972.0
2310704,Pentecoste - CE,733.42,537.33,37750.0
2310803,Pereiro - CE,719.3,558.86,15263.0
2310852,Pindoretama - CE,794.0,606.0,23332.0
2310902,Piquet Carneiro - CE,704.36,484.8,16602.0
2310951,Pires Ferreira - CE,651.65,455.0,10589.0
2311009,Poranga - CE,654.04,404.0,12061.0
2311108,Porteiras - CE,829.82,603.0,17043.0
2311207,Potengi - CE,604.42,400.0,8833.0
2311231,Potiretama - CE,756.94,587.33,5957.0
2311264,Quiterianópolis - CE,677.69,520.0,20204.0
2311306,Quixadá - CE,888.08,604.0,84046.0
2311355,Quixelô - CE,693.31,550.0,15900.0
2311405,Quixeramobim - CE,853.65,606.0,82017.0
2311504,Quixeré - CE,900.07,666.67,20869.0
2311603,Redenção - CE,670.02,530.0,27214.0
2311702,Reriutaba - CE,724.54,500.0,18584.0
2311801,Russas - CE,867.47,640.0,72788.0
2311900,Saboeiro - CE,665.49,500.0,13829.0
2311959,Salitre - CE,544.51,400.0,16598.0
2312007,Santana do Acaraú - CE,587.81,400.0,30612.0
2312106,Santana do Cariri - CE,597.15,412.4,16889.0
2312205,Santa Quitéria - CE,770.52,604.0,40183.0
2312304,São Benedito - CE,718.45,500.0,47607.0
2312403,São Gonçalo do Amarante - CE,834.41,606.0,54052.0
2312502,São João do Jaguaribe - CE,939.84,800.0,5855.0
2312601,São Luís do Curu - CE,622.89,404.0,10791.0
2312700,Senador Pompeu - CE,781.3,606.0,24243.0
2312809,Senador Sá - CE,623.36,404.0,7244.0
2312908,Sobral - CE,1013.74,621.0,201297.0
2313005,Solonópole - CE,788.81,606.0,18179.0
2313104,Tabuleiro do Norte - CE,895.75,682.4,30637.0
2313203,Tamboril - CE,688.17,490.5,24795.0
2313252,Tarrafas - CE,767.47,606.0,7505.0
2313302,Tauá - CE,831.53,602.0,61159.0
2313351,Tejuçuoca - CE,554.86,400.0,17092.0
2313401,Tianguá - CE,844.1,600.0,81432.0
2313500,Trairi - CE,662.17,475.0,58387.0
2313559,Tururu - CE,565.11,404.0,15412.0
2313609,Ubajara - CE,785.04,584.8,32758.0
2313708,Umari - CE,629.05,460.0,6859.0
2313757,Umirim - CE,558.68,404.0,17455.0
2313807,Uruburetama - CE,661.25,524.0,20189.0
2313906,Uruoca - CE,611.47,408.5,13737.0
2313955,Varjota - CE,702.29,501.0,18098.0
2314003,Várzea Alegre - CE,768.75,600.0,38980.0
2314102,Viçosa do Ceará - CE,548.18,400.0,59691.0
2400109,Acari - RN,1023.87,800.0,10558.0
2400208,Assú - RN,1026.89,637.33,56437.0
2400307,Afonso Bezerra - RN,792.26,604.0,10832.0
2400406,Água Nova - RN,773.54,606.0,2946.0
2400505,Alexandria - RN,767.82,542.4,13640.0
2400604,Almino Afonso - RN,918.71,606.0,4687.0
2400703,Alto do Rodrigues - RN,885.33,678.0,12443.0
2400802,Angicos - RN,913.59,625.0,11619.0
2400901,Antônio Martins - RN,702.33,550.0,6577.0
2401008,Apodi - RN,923.68,653.0,36034.0
2401107,Areia Branca - RN,1004.75,720.67,24070.0
2401206,Arez - RN,714.09,503.0,13230.0
2401305,Campo Grande - RN,716.29,564.8,9730.0
2401404,Baía Formosa - RN,917.51,606.0,8811.0
2401453,Baraúna - RN,816.94,604.0,26827.0
2401503,Barcelona - RN,727.09,604.0,3977.0
2401602,Bento Fernandes - RN,702.64,537.33,4768.0
2401651,Bodó - RN,748.45,603.0,2306.0
2401701,Bom Jesus - RN,760.67,604.0,9922.0
2401800,Brejinho - RN,714.73,550.0,12189.0
2401859,Caiçara do Norte - RN,765.49,553.0,6293.0
2401909,Caiçara do Rio do Vento - RN,744.88,606.0,3268.0
2402006,Caicó - RN,1387.38,941.33,60585.0
2402105,Campo Redondo - RN,737.65,533.33,10206.0
2402204,Canguaretama - RN,678.69,484.8,29646.0
2402303,Caraúbas - RN,863.21,637.5,19634.0
2402402,Carnaúba dos Dantas - RN,1016.38,804.0,7970.0
2402501,Carnaubais - RN,770.65,604.8,9681.0
2402600,Ceará-Mirim - RN,749.64,537.33,77893.0
2402709,Cerro Corá - RN,795.91,606.0,10984.0
2402808,Coronel Ezequiel - RN,623.76,408.0,5117.0
2402907,Coronel João Pessoa - RN,777.32,606.0,4228.0
2403004,Cruzeta - RN,984.82,750.0,7942.0
2403103,Currais Novos - RN,1156.23,804.0,41224.0
2403202,Doutor Severiano - RN,730.16,606.0,7040.0
2403251,Parnamirim - RN,1846.59,1150.0,252228.0
2403301,Encanto - RN,783.97,604.0,5996.0
2403400,Equador - RN,866.99,666.67,5360.0
2403509,Espírito Santo - RN,705.54,546.67,10620.0
2403608,Extremoz - RN,910.25,625.0,61543.0
2403707,Felipe Guerra - RN,860.07,630.0,5932.0
2403756,Fernando Pedroza - RN,820.99,604.0,2938.0
2403806,Florânia - RN,884.77,612.5,10196.0
2403905,Francisco Dantas - RN,823.81,666.67,2696.0
2404002,Frutuoso Gomes - RN,794.96,600.0,4094.0
2404101,Galinhos - RN,993.68,850.0,2104.0
2404200,Goianinha - RN,825.49,600.0,26741.0
2404309,Governador Dix-Sept Rosado - RN,792.12,606.0,11938.0
2404408,Grossos - RN,875.5,678.0,9895.0
2404507,Guamaré - RN,840.99,610.0,15246.0
2404606,Ielmo Marinho - RN,602.87,453.0,11609.0
2404705,Ipanguaçu - RN,767.65,550.0,14087.0
2404804,Ipueira - RN,929.94,720.0,2035.0
2404853,Itajá - RN,820.66,606.0,7283.0
2404903,Itaú - RN,705.31,520.0,5320.0
2405009,Jaçanã - RN,714.44,546.0,7834.0
2405108,Jandaíra - RN,762.69,600.0,6562.0
2405207,Janduís - RN,822.98,606.0,4710.0
2405306,Januário Cicco - RN,683.18,504.0,9040.0
2405405,Japi - RN,600.23,428.0,5117.0
2405504,Jardim de Angicos - RN,735.11,564.8,2435.0
2405603,Jardim de Piranhas - RN,822.69,606.0,13977.0
2405702,Jardim do Seridó - RN,1184.5,866.67,11617.0
2405801,João Câmara - RN,758.0,484.8,33207.0
2405900,João Dias - RN,669.87,500.0,2072.0
2406007,José da Penha - RN,869.82,606.0,5791.0
2406106,Jucurutu - RN,812.37,604.8,17738.0
2406155,Jundiá - RN,716.6,551.5,3734.0
2406205,Lagoa d'Anta - RN,691.84,489.14,6635.0
2406304,Lagoa de Pedras - RN,552.73,400.0,7338.0
2406403,Lagoa de Velhos - RN,815.39,606.0,2552.0
2406502,Lagoa Nova - RN,787.33,600.0,15567.0
2406601,Lagoa Salgada - RN,692.89,537.33,8309.0
2406700,Lajes - RN,860.33,606.0,9833.0
2406809,Lajes Pintadas - RN,785.09,600.0,4787.0
2406908,Lucrécia - RN,780.38,604.0,3490.0
2407005,Luís Gomes - RN,751.13,522.5,9068.0
2407104,Macaíba - RN,850.48,606.0,82175.0
2407203,Macau - RN,974.59,740.0,27299.0
2407252,Major Sales - RN,774.51,604.0,3924.0
2407302,Marcelino Vieira - RN,714.94,525.0,7890.0
2407401,Martins - RN,888.12,670.67,8179.0
2407500,Maxaranguape - RN,770.28,550.0,10220.0
2407609,Messias Targino - RN,907.34,612.0,4269.0
2407708,Montanhas - RN,708.38,528.0,11432.0
2407807,Monte Alegre - RN,743.36,564.8,23017.0
2407906,Monte das Gameleiras - RN,652.71,453.0,2276.0
2408003,Mossoró - RN,1397.73,866.67,263353.0
2408102,Natal - RN,2049.37,969.6,747856.0
2408201,Nísia Floresta - RN,849.24,600.0,31722.0
2408300,Nova Cruz - RN,796.06,525.0,34101.0
2408409,Olho d'Água do Borges - RN,779.49,604.0,3905.0
2408508,Ouro Branco - RN,1010.77,756.0,4906.0
2408607,Paraná - RN,792.64,605.14,3934.0
2408706,Paraú - RN,867.89,637.33,3575.0
2408805,Parazinho - RN,692.93,484.8,4791.0
2408904,Parelhas - RN,1039.24,681.0,21437.0
2408953,Rio do Fogo - RN,688.26,500.0,10250.0
2409100,Passa e Fica - RN,741.29,540.33,10881.0
2409209,Passagem - RN,744.56,604.0,3115.0
2409308,Patu - RN,832.72,600.0,10987.0
2409332,Santa Maria - RN,756.95,606.0,4821.0
2409407,Pau dos Ferros - RN,1254.99,808.0,30227.0
2409506,Pedra Grande - RN,865.04,600.0,3563.0
2409605,Pedra Preta - RN,756.32,606.0,2441.0
2409704,Pedro Avelino - RN,764.88,600.0,6228.0
2409803,Pedro Velho - RN,697.64,503.0,13824.0
2409902,Pendências - RN,903.44,670.67,12262.0
2410009,Pilões - RN,753.42,600.0,2965.0
2410108,Poço Branco - RN,657.73,450.0,12328.0
2410207,Portalegre - RN,910.62,610.0,7598.0
2410256,Porto do Mangue - RN,666.78,500.0,5214.0
2410306,Serra Caiada - RN,632.55,410.57,10112.0
2410405,Pureza - RN,619.44,453.43,9362.0
2410504,Rafael Fernandes - RN,890.46,606.0,5427.0
2410603,Rafael Godeiro - RN,762.21,604.0,2934.0
2410702,Riacho da Cruz - RN,662.16,452.0,2701.0
2410801,Riacho de Santana - RN,708.26,537.33,4127.0
2410900,Riachuelo - RN,761.66,556.0,7362.0
2411007,Rodolfo Fernandes - RN,589.27,404.0,4242.0
2411056,Tibau - RN,965.37,753.0,5325.0
2411106,Ruy Barbosa - RN,690.88,600.0,3185.0
2411205,Santa Cruz - RN,962.17,604.8,37265.0
2411403,Santana do Matos - RN,707.32,582.4,12428.0
2411429,Santana do Seridó - RN,1041.01,733.33,2693.0
2411502,Santo Antônio - RN,756.25,540.0,22166.0
2411601,São Bento do Norte - RN,775.91,606.0,3293.0
2411700,São Bento do Trairí - RN,715.33,600.0,3792.0
2411809,São Fernando - RN,1045.69,759.0,3492.0
2411908,São Francisco do Oeste - RN,913.11,755.0,4155.0
2412005,São Gonçalo do Amarante - RN,946.92,733.33,115755.0
2412104,São João do Sabugi - RN,1017.09,706.0,5954.0
2412203,São José de Mipibu - RN,824.72,606.0,47167.0
2412302,São José do Campestre - RN,797.93,606.0,11121.0
2412401,São José do Seridó - RN,1033.87,808.0,4530.0
2412500,São Miguel - RN,778.63,603.0,23523.0
2412559,São Miguel do Gostoso - RN,892.15,620.0,10200.0
2412609,São Paulo do Potengi - RN,907.11,606.0,16770.0
2412708,São Pedro - RN,766.63,555.0,5760.0
2412807,São Rafael - RN,766.6,600.0,7706.0
2412906,São Tomé - RN,779.34,604.0,9936.0
2413003,São Vicente - RN,795.8,606.0,6307.0
2413102,Senador Elói de Souza - RN,685.44,600.0,5961.0
2413201,Senador Georgino Avelino - RN,676.62,557.0,4061.0
2413300,Serra de São Bento - RN,664.27,500.0,5674.0
2413359,Serra do Mel - RN,697.83,576.5,13059.0
2413409,Serra Negra do Norte - RN,966.15,750.0,7586.0
2413508,Serrinha - RN,684.65,537.33,6406.0
2413557,Serrinha dos Pintos - RN,795.22,606.0,4653.0
2413607,Severiano Melo - RN,852.77,666.67,5476.0
2413706,Sítio Novo - RN,664.2,460.0,4651.0
2413805,Taboleiro Grande - RN,845.26,519.43,2338.0
2413904,Taipu - RN,669.73,503.0,11407.0
2414001,Tangará - RN,716.71,484.8,13236.0
2414100,Tenente Ananias - RN,689.68,503.0,10243.0
2414159,Tenente Laurentino Cruz - RN,789.17,582.4,5891.0
2414209,Tibau do Sul - RN,1286.38,800.0,16910.0
2414308,Timbaúba dos Batistas - RN,1082.62,874.67,2341.0
2414407,Touros - RN,701.16,504.5,33018.0
2414456,Triunfo Potiguar - RN,736.83,560.0,3348.0
2414506,Umarizal - RN,836.22,606.0,10063.0
2414605,Upanema - RN,825.81,606.0,13577.0
2414704,Várzea - RN,723.48,504.0,5224.0
2414753,Venha-Ver - RN,592.1,425.0,3014.0
2414803,Vera Cruz - RN,662.24,450.5,10707.0
2414902,Viçosa - RN,860.02,681.0,1822.0
2415008,Vila Flor - RN,758.88,606.0,3168.0
2500106,Água Branca - PB,771.95,510.0,9335.0
2500205,Aguiar - PB,737.35,550.0,5003.0
2500304,Alagoa Grande - PB,725.37,535.33,26019.0
2500403,Alagoa Nova - PB,726.13,600.0,20973.0
2500502,Alagoinha - PB,687.49,537.33,13692.0
2500536,Alcantil - PB,723.59,604.0,5572.0
2500577,Algodão de Jandaíra - PB,556.64,403.0,2950.0
2500601,Alhandra - PB,764.63,603.0,21618.0
2500700,São João do Rio do Peixe - PB,847.03,606.0,17954.0
2500734,Amparo - PB,642.4,455.5,2234.0
2500775,Aparecida - PB,735.42,600.0,7960.0
2500809,Araçagi - PB,644.87,537.33,16637.0
2500908,Arara - PB,763.66,600.0,12199.0
2501005,Araruna - PB,657.11,500.0,17163.0
2501104,Areia - PB,782.89,533.33,22570.0
2501153,Areia de Baraúnas - PB,611.76,454.0,2005.0
2501203,Areial - PB,763.73,537.33,7123.0
2501302,Aroeiras - PB,639.85,472.4,18657.0
2501351,Assunção - PB,687.73,537.33,4149.0
2501401,Baía da Traição - PB,660.37,451.5,9208.0
2501500,Bananeiras - PB,803.76,500.0,23037.0
2501534,Baraúna - PB,689.63,484.8,4758.0
2501575,Barra de Santana - PB,596.44,400.0,8051.0
2501609,Barra de Santa Rosa - PB,686.75,500.0,12900.0
2501708,Barra de São Miguel - PB,692.09,600.0,5906.0
2501807,Bayeux - PB,854.8,633.71,82667.0
2501906,Belém - PB,772.54,546.67,16316.0
2502003,Belém do Brejo do Cruz - PB,798.02,607.0,6268.0
2502052,Bernardino Batista - PB,774.5,537.33,3504.0
2502102,Boa Ventura - PB,693.65,537.33,5204.0
2502151,Boa Vista - PB,958.96,722.4,6365.0
2502201,Bom Jesus - PB,755.41,606.0,2286.0
2502300,Bom Sucesso - PB,782.42,644.8,4661.0
2502409,Bonito de Santa Fé - PB,665.95,425.0,10252.0
2502508,Boqueirão - PB,769.1,550.0,17534.0
2502607,Igaracy - PB,702.71,537.33,5633.0
2502706,Borborema - PB,691.08,433.33,4197.0
2502805,Brejo do Cruz - PB,732.48,582.4,13613.0
2502904,Brejo dos Santos - PB,910.04,633.33,5742.0
2503001,Caaporã - PB,673.18,550.0,21193.0
2503100,Cabaceiras - PB,833.95,606.0,5328.0
2503209,Cabedelo - PB,1834.97,900.0,66162.0
2503308,Cachoeira dos Índios - PB,695.21,560.0,9151.0
2503407,Cacimba de Areia - PB,672.45,550.0,3284.0
2503506,Cacimba de Dentro - PB,686.16,433.33,16059.0
2503555,Cacimbas - PB,559.0,400.0,7223.0
2503605,Caiçara - PB,617.26,480.0,6602.0
2503704,Cajazeiras - PB,1119.77,750.0,62764.0
2503753,Cajazeirinhas - PB,624.16,516.67,2728.0
2503803,Caldas Brandão - PB,668.83,537.33,5751.0
2503902,Camalaú - PB,687.73,533.33,6042.0
2504009,Campina Grande - PB,1373.42,808.0,416829.0
2504033,Capim - PB,624.27,503.0,6970.0
2504074,Caraúbas - PB,790.87,646.29,3944.0
2504108,Carrapateira - PB,697.38,500.0,2312.0
2504157,Casserengue - PB,581.94,404.0,6889.0
2504207,Catingueira - PB,663.05,500.0,4491.0
2504306,Catolé do Rocha - PB,1018.31,756.0,30458.0
2504355,Caturité - PB,674.16,480.0,5254.0
2504405,Conceição - PB,749.69,503.0,18234.0
2504504,Condado - PB,770.62,604.0,6437.0
2504603,Conde - PB,880.41,604.0,27400.0
2504702,Congo - PB,763.73,604.0,4933.0
2504801,Coremas - PB,772.26,564.29,14609.0
2504850,Coxixola - PB,882.3,606.0,1824.0
2504900,Cruz do Espírito Santo - PB,671.67,584.8,17089.0
2505006,Cubati - PB,693.24,537.33,7540.0
2505105,Cuité - PB,864.92,600.6,19625.0
2505204,Cuitegi - PB,625.73,500.0,6730.0
2505238,Cuité de Mamanguape - PB,661.45,533.33,6238.0
2505279,Curral de Cima - PB,653.58,500.0,5252.0
2505303,Curral Velho - PB,745.84,604.0,2288.0
2505352,Damião - PB,566.06,400.0,4982.0
2505402,Desterro - PB,696.72,537.33,8067.0
2505501,Vista Serrana - PB,649.3,502.0,3641.0
2505600,Diamante - PB,720.93,537.33,6299.0
2505709,Dona Inês - PB,657.97,404.0,10340.0
2505808,Duas Estradas - PB,696.67,495.33,3313.0
2505907,Emas - PB,759.34,625.0,2992.0
2506004,Esperança - PB,809.81,600.0,31144.0
2506103,Fagundes - PB,651.81,480.0,11049.0
2506202,Frei Martinho - PB,854.92,701.5,2835.0
2506251,Gado Bravo - PB,554.19,404.0,8179.0
2506301,Guarabira - PB,1027.67,681.0,57046.0
2506400,Gurinhém - PB,684.73,537.33,13766.0
2506509,Gurjão - PB,777.68,614.8,3242.0
2506608,Ibiara - PB,719.73,550.0,5626.0
2506707,Imaculada - PB,599.58,419.67,10392.0
2506806,Ingá - PB,841.64,622.4,17628.0
2506905,Itabaiana - PB,811.3,606.0,23083.0
2507002,Itaporanga - PB,875.23,650.0,23845.0
2507101,Itapororoca - PB,653.03,482.4,18376.0
2507200,Itatuba - PB,675.15,528.0,10480.0
2507309,Jacaraú - PB,721.89,522.4,14451.0
2507408,Jericó - PB,811.24,637.33,7513.0
2507507,João Pessoa - PB,1879.0,1000.0,827822.0
2507606,Juarez Távora - PB,753.84,606.0,7791.0
2507705,Juazeirinho - PB,673.57,446.67,16999.0
2507804,Junco do Seridó - PB,836.75,620.0,6769.0
2507903,Juripiranga - PB,659.58,537.33,10012.0
2508000,Juru - PB,626.11,450.0,9234.0
2508109,Lagoa - PB,737.35,537.33,4366.0
2508208,Lagoa de Dentro - PB,738.79,537.33,7806.0
2508307,Lagoa Seca - PB,927.2,606.0,27623.0
2508406,Lastro - PB,607.64,514.8,3160.0
2508505,Livramento - PB,619.98,453.0,6877.0
2508554,Logradouro - PB,713.72,533.33,4797.0
2508604,Lucena - PB,759.66,580.0,12554.0
2508703,Mãe d'Água - PB,740.54,537.33,3583.0
2508802,Malta - PB,879.93,680.0,6000.0
2508901,Mamanguape - PB,772.08,600.0,44508.0
2509008,Manaíra - PB,617.91,400.0,10427.0
2509057,Marcação - PB,547.14,425.0,8999.0
2509107,Mari - PB,675.91,560.0,21355.0
2509156,Marizópolis - PB,737.18,557.78,6701.0
2509206,Massaranduba - PB,759.5,600.0,14139.0
2509305,Mataraca - PB,761.17,535.33,8226.0
2509339,Matinhas - PB,557.71,400.0,4571.0
2509370,Mato Grosso - PB,812.1,653.0,2543.0
2509396,Maturéia - PB,653.01,447.33,6421.0
2509404,Mogeiro - PB,685.55,537.33,13890.0
2509503,Montadas - PB,711.2,537.33,5812.0
2509602,Monte Horebe - PB,588.45,404.0,4316.0
2509701,Monteiro - PB,855.1,604.0,32128.0
2509800,Mulungu - PB,701.66,600.0,8782.0
2509909,Natuba - PB,597.24,403.0,8940.0
2510006,Nazarezinho - PB,710.83,466.67,7198.0
2510105,Nova Floresta - PB,745.22,533.33,9719.0
2510204,Nova Olinda - PB,669.66,500.0,5787.0
2510303,Nova Palmeira - PB,859.4,606.0,4259.0
2510402,Olho d'Água - PB,506.11,303.0,6060.0
2510501,Olivedos - PB,705.86,520.67,3578.0
2510600,Ouro Velho - PB,789.71,606.0,2918.0
2510659,Parari - PB,810.88,606.0,1720.0
2510709,Passagem - PB,746.66,606.0,2463.0
2510808,Patos - PB,1142.69,750.0,102378.0
2510907,Paulista - PB,838.4,625.0,11834.0
2511004,Pedra Branca - PB,803.95,553.0,3739.0
2511103,Pedra Lavrada - PB,756.49,600.0,6852.0
2511202,Pedras de Fogo - PB,753.14,600.0,29574.0
2511301,Piancó - PB,818.71,602.4,16402.0
2511400,Picuí - PB,811.97,564.8,18309.0
2511509,Pilar - PB,684.5,500.0,12242.0
2511608,Pilões - PB,631.44,442.4,6813.0
2511707,Pilõezinhos - PB,698.44,555.0,5329.0
2511806,Pirpirituba - PB,705.61,537.33,9326.0
2511905,Pitimbu - PB,792.24,604.0,16748.0
2512002,Pocinhos - PB,675.29,516.67,17469.0
2512036,Poço Dantas - PB,624.78,433.33,3830.0
2512077,Poço de José de Moura - PB,838.02,606.0,4006.0
2512101,Pombal - PB,933.34,653.0,32403.0
2512200,Prata - PB,839.7,604.0,3907.0
2512309,Princesa Isabel - PB,878.34,570.67,21056.0
2512408,Puxinanã - PB,699.33,537.33,14213.0
2512507,Queimadas - PB,731.28,600.0,47654.0
2512606,Quixaba - PB,661.14,484.8,1739.0
2512705,Remígio - PB,855.49,580.0,17796.0
2512721,Pedro Régis - PB,566.4,404.0,5766.0
2512747,Riachão - PB,576.42,404.0,2923.0
2512754,Riachão do Bacamarte - PB,669.38,600.0,4690.0
2512762,Riachão do Poço - PB,516.3,404.0,4736.0
2512788,Riacho de Santo Antônio - PB,750.97,590.5,1949.0
2512804,Riacho dos Cavalos - PB,677.3,537.33,8480.0
2512903,Rio Tinto - PB,898.43,606.0,24548.0
2513000,Salgadinho - PB,704.73,468.38,3355.0
2513109,Salgado de São Félix - PB,636.36,500.0,11501.0
2513158,Santa Cecília - PB,619.23,450.0,7667.0
2513208,Santa Cruz - PB,784.35,606.0,5947.0
2513307,Santa Helena - PB,806.74,678.0,5860.0
2513356,Santa Inês - PB,715.43,524.8,3219.0
2513406,Santa Luzia - PB,1091.08,800.0,14903.0
2513505,Santana de Mangueira - PB,646.52,404.0,4992.0
2513604,Santana dos Garrotes - PB,712.84,564.8,6563.0
2513653,Joca Claudino - PB,642.82,480.0,2539.0
2513703,Santa Rita - PB,798.63,622.4,149335.0
2513802,Santa Teresinha - PB,755.28,604.0,4399.0
2513851,Santo André - PB,760.73,590.0,2619.0
2513901,São Bento - PB,768.83,600.0,32212.0
2513927,São Bentinho - PB,710.23,558.4,4327.0
2513943,São Domingos do Cariri - PB,736.91,606.0,2585.0
2513968,São Domingos - PB,612.72,553.0,2595.0
2513984,São Francisco - PB,799.27,606.0,3137.0
2514008,São João do Cariri - PB,945.1,800.0,4191.0
2514107,São João do Tigre - PB,646.3,482.4,4258.0
2514206,São José da Lagoa Tapada - PB,704.78,537.33,7122.0
2514305,São José de Caiana - PB,647.02,450.0,5034.0
2514404,São José de Espinharas - PB,728.77,537.33,4045.0
2514453,São José dos Ramos - PB,555.75,404.0,5891.0
2514503,São José de Piranhas - PB,820.53,624.0,18998.0
2514552,São José de Princesa - PB,600.8,420.0,3411.0
2514602,São José do Bonfim - PB,706.28,553.0,3242.0
2514651,São José do Brejo do Cruz - PB,631.9,537.33,1699.0
2514701,São José do Sabugi - PB,857.72,606.0,4138.0
2514800,São José dos Cordeiros - PB,702.98,606.0,3411.0
2514909,São Mamede - PB,964.15,729.14,7468.0
2515005,São Miguel de Taipu - PB,666.13,450.0,7066.0
2515104,São Sebastião de Lagoa de Roça - PB,790.63,606.0,11034.0
2515203,São Sebastião do Umbuzeiro - PB,649.4,500.0,3279.0
2515302,Sapé - PB,745.51,600.0,51176.0
2515401,São Vicente do Seridó - PB,565.48,425.0,10291.0
2515500,Serra Branca - PB,799.81,606.0,13549.0
2515609,Serra da Raiz - PB,775.82,537.33,3094.0
2515708,Serra Grande - PB,808.7,600.0,2939.0
2515807,Serra Redonda - PB,753.33,606.0,6825.0
2515906,Serraria - PB,675.36,478.0,4878.0
2515930,Sertãozinho - PB,740.43,600.0,5054.0
2515971,Sobrado - PB,652.46,533.33,8232.0
2516003,Solânea - PB,839.65,600.0,26736.0
2516102,Soledade - PB,706.29,484.8,13873.0
2516151,Sossêgo - PB,616.53,425.0,3345.0
2516201,Sousa - PB,981.33,700.0,66884.0
2516300,Sumé - PB,880.46,606.0,17113.0
2516409,Tacima - PB,650.92,416.0,8010.0
2516508,Taperoá - PB,700.22,550.0,14068.0
2516607,Tavares - PB,663.48,453.0,14101.0
2516706,Teixeira - PB,702.92,500.0,14596.0
2516755,Tenório - PB,702.81,537.33,2966.0
2516805,Triunfo - PB,789.08,601.86,9874.0
2516904,Uiraúna - PB,952.63,730.0,14902.0
2517001,Umbuzeiro - PB,654.31,466.67,9102.0
2517100,Várzea - PB,1170.44,906.0,2668.0
2517209,Vieirópolis - PB,639.99,553.0,4856.0
2517407,Zabelê - PB,663.21,533.33,2222.0
2600054,Abreu e Lima - PE,846.62,625.0,96695.0
2600104,Afogados da Ingazeira - PE,919.32,606.0,40171.0
2600203,Afrânio - PE,691.79,558.33,18586.0
2600302,Agrestina - PE,705.78,550.0,23771.0
2600401,Água Preta - PE,648.88,466.67,26407.0
2600500,Águas Belas - PE,664.95,462.4,41407.0
2600609,Alagoinha - PE,874.61,600.0,13542.0
2600708,Aliança - PE,690.2,500.0,35703.0
2600807,Altinho - PE,750.58,537.33,20674.0
2600906,Amaraji - PE,660.2,520.0,18199.0
2601003,Angelim - PE,715.39,537.33,10235.0
2601052,Araçoiaba - PE,654.41,480.0,19243.0
2601102,Araripina - PE,739.65,500.0,85088.0
2601201,Arcoverde - PE,1070.66,606.0,76760.0
2601300,Barra de Guabiraba - PE,636.98,503.0,12263.0
2601409,Barreiros - PE,716.35,537.33,40079.0
2601508,Belém de Maria - PE,699.08,514.29,10363.0
2601607,Belém do São Francisco - PE,787.99,537.33,18294.0
2601706,Belo Jardim - PE,891.95,606.0,79490.0
2601805,Betânia - PE,640.05,450.0,11232.0
2601904,Bezerros - PE,924.11,700.0,61557.0
2602001,Bodocó - PE,682.16,460.0,34474.0
2602100,Bom Conselho - PE,770.5,487.33,44198.0
2602209,Bom Jardim - PE,690.72,533.33,37619.0
2602308,Bonito - PE,709.58,500.0,37458.0
2602407,Brejão - PE,636.03,480.5,9079.0
2602506,Brejinho - PE,773.01,587.33,7709.0
2602605,Brejo da Madre de Deus - PE,675.81,575.0,48594.0
2602704,Buenos Aires - PE,708.2,564.8,12808.0
2602803,Buíque - PE,568.15,400.0,51902.0
2602902,Cabo de Santo Agostinho - PE,945.95,621.5,202961.0
2603009,Cabrobó - PE,696.24,473.75,30280.0
2603108,Cachoeirinha - PE,751.83,504.0,19889.0
2603207,Caetés - PE,638.0,466.67,28806.0
2603306,Calçado - PE,649.94,478.0,11093.0
2603405,Calumbi - PE,734.95,533.33,5228.0
2603454,Camaragibe - PE,1097.38,706.0,147533.0
2603504,Camocim de São Félix - PE,756.16,600.0,17391.0
2603603,Camutanga - PE,704.26,537.33,7748.0
2603702,Canhotinho - PE,705.83,500.0,22633.0
2603801,Capoeiras - PE,632.03,480.0,18338.0
2603900,Carnaíba - PE,701.37,500.0,18644.0
2603926,Carnaubeira da Penha - PE,646.68,440.0,12239.0
2604007,Carpina - PE,1015.04,678.0,79052.0
2604106,Caruaru - PE,1147.39,731.0,376380.0
2604155,Casinhas - PE,604.46,453.0,12967.0
2604205,Catende - PE,751.85,537.33,32087.0
2604304,Cedro - PE,684.12,470.67,10507.0
2604403,Chã de Alegria - PE,658.43,525.0,12984.0
2604502,Chã Grande - PE,751.12,600.0,20465.0
2604601,Condado - PE,767.77,562.4,24482.0
2604700,Correntes - PE,619.92,448.67,17087.0
2604809,Cortês - PE,678.09,533.33,10193.0
2604908,Cumaru - PE,750.88,553.5,15907.0
2605004,Cupira - PE,712.78,525.0,23476.0
2605103,Custódia - PE,857.53,625.0,37678.0
2605152,Dormentes - PE,775.81,600.0,17183.0
2605202,Escada - PE,822.04,606.0,59740.0
2605301,Exu - PE,647.76,404.0,31779.0
2605400,Feira Nova - PE,738.81,600.0,21427.0
2605459,Fernando de Noronha - PE,2566.14,1833.33,2133.0
2605509,Ferreiros - PE,803.44,604.0,15019.0
2605608,Flores - PE,666.01,466.67,20318.0
2605707,Floresta - PE,843.67,600.0,30124.0
2605806,Frei Miguelinho - PE,794.41,606.0,13636.0
2605905,Gameleira - PE,707.33,537.33,18190.0
2606002,Garanhuns - PE,1128.17,666.67,142005.0
2606101,Glória do Goitá - PE,691.86,525.0,29347.0
2606200,Goiana - PE,839.04,606.0,80897.0
2606309,Granito - PE,697.41,560.0,6953.0
2606408,Gravatá - PE,1029.73,720.67,86312.0
2606507,Iati - PE,670.09,480.0,17165.0
2606606,Ibimirim - PE,646.06,453.0,26554.0
2606705,Ibirajuba - PE,704.48,533.33,7135.0
2606804,Igarassu - PE,880.67,606.0,114843.0
2606903,Iguaracy - PE,691.37,484.8,11075.0
2607000,Inajá - PE,506.86,350.0,25595.0
2607109,Ingazeira - PE,728.49,575.0,4765.0
2607208,Ipojuca - PE,829.65,604.8,98439.0
2607307,Ipubi - PE,677.16,459.0,29009.0
2607406,Itacuruba - PE,662.99,533.33,4281.0
2607505,Itaíba - PE,603.53,440.0,32565.0
2607604,Ilha de Itamaracá - PE,871.13,537.33,21525.0
2607653,Itambé - PE,728.38,532.0,34854.0
2607703,Itapetim - PE,874.77,600.0,13757.0
2607752,Itapissuma - PE,745.48,600.0,23978.0
2607802,Itaquitinga - PE,625.18,453.0,15480.0
2607901,Jaboatão dos Guararapes - PE,1141.05,700.0,642958.0
2607950,Jaqueira - PE,544.67,403.0,10242.0
2608008,Jataúba - PE,627.22,466.67,15778.0
2608057,Jatobá - PE,826.57,600.0,13991.0
2608107,João Alfredo - PE,727.48,566.67,27725.0
2608206,Joaquim Nabuco - PE,689.95,537.33,13266.0
2608255,Jucati - PE,651.62,430.0,11512.0
2608305,Jupi - PE,802.92,533.33,15321.0
2608404,Jurema - PE,613.2,422.4,13648.0
2608453,Lagoa do Carro - PE,736.67,580.67,17962.0
2608503,Lagoa de Itaenga - PE,702.56,566.67,18981.0
2608602,Lagoa do Ouro - PE,631.35,404.0,11903.0
2608701,Lagoa dos Gatos - PE,619.0,453.0,14069.0
2608750,Lagoa Grande - PE,740.89,600.0,24059.0
2608800,Lajedo - PE,731.14,500.0,39448.0
2608909,Limoeiro - PE,937.06,610.0,55244.0
2609006,Macaparana - PE,730.04,503.0,23781.0
2609105,Machados - PE,730.09,533.33,11328.0
2609154,Manari - PE,359.1,237.5,23763.0
2609204,Maraial - PE,663.74,500.0,9359.0
2609303,Mirandiba - PE,719.61,500.0,14161.0
2609402,Moreno - PE,783.46,604.0,55093.0
2609501,Nazaré da Mata - PE,908.93,606.0,30554.0
2609600,Olinda - PE,1277.73,800.0,349341.0
2609709,Orobó - PE,685.96,525.0,21719.0
2609808,Orocó - PE,578.24,430.0,13602.0
2609907,Ouricuri - PE,725.6,500.0,65196.0
2610004,Palmares - PE,872.56,602.4,53713.0
2610103,Palmeirina - PE,744.56,537.33,7031.0
2610202,Panelas - PE,609.74,404.0,22991.0
2610301,Paranatama - PE,567.51,400.0,12182.0
2610400,Parnamirim - PE,704.76,517.71,18612.0
2610509,Passira - PE,698.48,537.33,28327.0
2610608,Paudalho - PE,1129.46,604.0,56541.0
2610707,Paulista - PE,1197.17,808.0,341579.0
2610806,Pedra - PE,566.96,400.0,22774.0
2610905,Pesqueira - PE,863.67,600.0,62062.0
2611002,Petrolândia - PE,745.92,533.33,34125.0
2611101,Petrolina - PE,1290.18,766.67,384757.0
2611200,Poção - PE,654.04,450.0,10500.0
2611309,Pombos - PE,774.09,600.0,27542.0
2611408,Primavera - PE,660.57,537.33,13825.0
2611507,Quipapá - PE,633.82,404.0,17928.0
2611533,Quixaba - PE,551.89,320.0,6554.0
2611606,Recife - PE,2284.77,970.67,1478148.0
2611705,Riacho das Almas - PE,744.57,600.0,20639.0
2611804,Ribeirão - PE,833.71,595.0,33491.0
2611903,Rio Formoso - PE,729.18,550.0,20009.0
2612000,Sairé - PE,838.63,604.8,10880.0
2612109,Salgadinho - PE,771.72,537.33,5727.0
2612208,Salgueiro - PE,952.41,606.0,61949.0
2612307,Saloá - PE,658.78,500.0,13733.0
2612406,Sanharó - PE,656.04,478.0,18624.0
2612455,Santa Cruz - PE,661.87,466.67,13834.0
2612471,Santa Cruz da Baixa Verde - PE,629.41,450.0,11567.0
2612505,Santa Cruz do Capibaribe - PE,965.72,750.0,97533.0
2612554,Santa Filomena - PE,600.05,483.5,12106.0
2612604,Santa Maria da Boa Vista - PE,698.96,525.0,40532.0
2612703,Santa Maria do Cambucá - PE,698.75,550.0,13998.0
2612802,Santa Terezinha - PE,710.2,537.33,10244.0
2612901,São Benedito do Sul - PE,606.58,470.67,13103.0
2613008,São Bento do Una - PE,678.99,500.0,49352.0
2613107,São Caitano - PE,698.82,566.67,37005.0
2613206,São João - PE,739.27,529.5,23837.0
2613305,São Joaquim do Monte - PE,646.01,466.67,20001.0
2613404,São José da Coroa Grande - PE,953.27,603.0,18778.0
2613503,São José do Belmonte - PE,780.35,588.0,34820.0
2613602,São José do Egito - PE,818.37,606.0,30946.0
2613701,São Lourenço da Mata - PE,850.82,606.0,111046.0
2613800,São Vicente Férrer - PE,623.2,466.67,16670.0
2613909,Serra Talhada - PE,992.09,666.67,92121.0
2614006,Serrita - PE,632.57,453.0,18195.0
2614105,Sertânia - PE,787.05,600.0,32765.0
2614204,Sirinhaém - PE,728.49,532.4,37586.0
2614303,Moreilândia - PE,640.24,485.33,10526.0
2614402,Solidão - PE,650.08,450.0,5198.0
2614501,Surubim - PE,868.11,602.0,64019.0
2614600,Tabira - PE,836.97,578.0,27614.0
2614709,Tacaimbó - PE,667.75,540.0,13163.0
2614808,Tacaratu - PE,581.9,416.0,23894.0
2614857,Tamandaré - PE,807.27,537.33,23520.0
2615003,Taquaritinga do Norte - PE,869.56,666.67,24673.0
2615102,Terezinha - PE,627.03,450.0,6498.0
2615201,Terra Nova - PE,676.58,533.33,8920.0
2615300,Timbaúba - PE,824.27,600.0,46034.0
2615409,Toritama - PE,775.68,600.0,41097.0
2615508,Tracunhaém - PE,697.46,537.33,13867.0
2615607,Trindade - PE,700.43,500.0,30283.0
2615706,Triunfo - PE,988.78,675.0,14669.0
2615805,Tupanatinga - PE,507.68,394.44,26873.0
2615904,Tuparetama - PE,802.72,578.0,7976.0
2616001,Venturosa - PE,812.65,537.33,17232.0
2616100,Verdejante - PE,697.9,500.0,9164.0
2616183,Vertente do Lério - PE,693.87,600.0,7558.0
2616209,Vertentes - PE,820.75,606.0,21948.0
2616308,Vicência - PE,752.56,600.0,26353.0
2616407,Vitória de Santo Antão - PE,945.42,625.0,133701.0
2616506,Xexéu - PE,639.13,500.0,11611.0
2700102,Água Branca - AL,625.07,433.0,19008.0
2700201,Anadia - AL,686.24,484.8,13966.0
2700300,Arapiraca - AL,1080.25,703.0,233859.0
2700409,Atalaia - AL,711.54,553.0,37468.0
2700508,Barra de Santo Antônio - AL,823.52,604.8,16324.0
2700607,Barra de São Miguel - AL,1090.24,700.0,7905.0
2700706,Batalha - AL,781.96,537.33,16416.0
2700805,Belém - AL,785.36,606.0,4719.0
2700904,Belo Monte - AL,552.98,400.0,5936.0
2701001,Boca da Mata - AL,747.1,564.8,21079.0
2701100,Branquinha - AL,590.5,442.4,9272.0
2701209,Cacimbinhas - AL,674.58,500.0,10446.0
2701308,Cajueiro - AL,735.55,480.0,16013.0
2701357,Campestre - AL,700.77,475.0,6662.0
2701407,Campo Alegre - AL,751.21,600.0,32064.0
2701506,Campo Grande - AL,550.5,400.0,8138.0
2701605,Canapi - AL,628.19,450.0,15550.0
2701704,Capela - AL,743.82,570.67,14943.0
2701803,Carneiros - AL,607.69,410.0,8896.0
2701902,Chã Preta - AL,674.99,533.33,5852.0
2702009,Coité do Nóia - AL,649.14,466.67,10802.0
2702108,Colônia Leopoldina - AL,704.1,520.0,15806.0
2702207,Coqueiro Seco - AL,846.43,606.0,5555.0
2702306,Coruripe - AL,849.84,606.0,50306.0
2702355,Craíbas - AL,558.43,403.0,25397.0
2702405,Delmiro Gouveia - AL,919.98,633.33,51107.0
2702504,Dois Riachos - AL,614.92,422.4,9800.0
2702553,Estrela de Alagoas - AL,603.82,404.0,15419.0
2702603,Feira Grande - AL,543.54,403.0,22701.0
2702702,Feliz Deserto - AL,731.46,571.0,3963.0
2702801,Flexeiras - AL,656.18,520.0,9618.0
2702900,Girau do Ponciano - AL,607.35,437.5,35296.0
2703007,Ibateguara - AL,666.04,533.33,13707.0
2703106,Igaci - AL,646.11,440.0,23995.0
2703205,Igreja Nova - AL,525.81,404.0,21372.0
2703304,Inhapi - AL,599.89,400.0,15167.0
2703403,Jacaré dos Homens - AL,724.87,533.33,5078.0
2703502,Jacuípe - AL,677.81,546.29,5331.0
2703601,Japaratinga - AL,827.16,633.33,9173.0
2703700,Jaramataia - AL,637.77,500.0,4982.0
2703759,Jequiá da Praia - AL,778.85,606.0,9440.0
2703809,Joaquim Gomes - AL,618.24,475.33,17109.0
2703908,Jundiá - AL,714.04,537.33,4090.0
2704005,Junqueiro - AL,749.29,537.5,23859.0
2704104,Lagoa da Canoa - AL,633.44,482.4,18403.0
2704203,Limoeiro de Anadia - AL,652.14,500.0,24740.0
2704302,Maceió - AL,1605.6,837.33,952380.0
2704401,Major Isidoro - AL,744.14,553.0,17691.0
2704500,Maragogi - AL,833.62,600.0,32063.0
2704609,Maravilha - AL,713.11,553.0,9534.0
2704708,Marechal Deodoro - AL,1208.19,716.67,60243.0
2704807,Maribondo - AL,783.47,604.8,13661.0
2704906,Mar Vermelho - AL,904.73,707.0,3153.0
2705002,Mata Grande - AL,528.9,365.5,21844.0
2705101,Matriz de Camaragibe - AL,681.56,578.0,23569.0
2705200,Messias - AL,643.98,520.0,15295.0
2705309,Minador do Negrão - AL,646.55,466.67,4845.0
2705408,Monteirópolis - AL,635.08,475.0,7184.0
2705507,Murici - AL,749.66,558.91,25158.0
2705606,Novo Lino - AL,705.65,528.0,10009.0
2705705,Olho d'Água das Flores - AL,697.42,500.0,20655.0
2705804,Olho d'Água do Casado - AL,576.56,404.0,8349.0
2705903,Olho d'Água Grande - AL,436.54,300.0,4326.0
2706000,Olivença - AL,521.06,320.4,10812.0
2706109,Ouro Branco - AL,758.14,535.71,11446.0
2706208,Palestina - AL,726.16,503.0,4311.0
2706307,Palmeira dos Índios - AL,878.62,606.0,71369.0
2706406,Pão de Açúcar - AL,738.27,516.67,23803.0
2706422,Pariconha - AL,606.59,425.0,10573.0
2706448,Paripueira - AL,1071.88,725.0,13835.0
2706505,Passo de Camaragibe - AL,721.98,576.57,13788.0
2706604,Paulo Jacinto - AL,731.19,564.8,6576.0
2706703,Penedo - AL,911.94,600.0,58588.0
2706802,Piaçabuçu - AL,689.66,462.5,15889.0
2706901,Pilar - AL,819.78,606.0,35361.0
2707008,Pindoba - AL,674.19,576.57,2727.0
2707107,Piranhas - AL,826.25,500.0,22609.0
2707206,Poço das Trincheiras - AL,509.59,375.0,12482.0
2707305,Porto Calvo - AL,796.62,600.0,24066.0
2707404,Porto de Pedras - AL,731.48,600.0,9216.0
2707503,Porto Real do Colégio - AL,571.27,403.33,19962.0
2707602,Quebrangulo - AL,699.05,466.67,11069.0
2707701,Rio Largo - AL,778.71,606.0,93904.0
2707800,Roteiro - AL,665.34,603.0,6453.0
2707909,Santa Luzia do Norte - AL,692.89,600.0,6916.0
2708006,Santana do Ipanema - AL,721.11,500.0,46117.0
2708105,Santana do Mundaú - AL,642.22,503.0,11323.0
2708204,São Brás - AL,557.56,346.29,6552.0
2708303,São José da Laje - AL,702.25,566.67,20813.0
2708402,São José da Tapera - AL,603.09,403.0,30594.0
2708501,São Luís do Quitunde - AL,750.66,600.0,30865.0
2708600,São Miguel dos Campos - AL,912.83,700.0,51792.0
2708709,São Miguel dos Milagres - AL,959.27,706.0,8473.0
2708808,São Sebastião - AL,672.44,484.8,31624.0
2708907,Satuba - AL,970.21,784.8,24278.0
2708956,Senador Rui Palmeira - AL,560.65,404.0,12264.0
2709004,Tanque d'Arca - AL,687.88,504.0,5796.0
2709103,Taquarana - AL,618.0,432.4,18880.0
2709152,Teotônio Vilela - AL,740.39,600.0,38013.0
2709202,Traipu - AL,599.73,404.0,23523.0
2709301,União dos Palmares - AL,768.95,600.0,58438.0
2709400,Viçosa - AL,742.73,543.6,23872.0
2800100,Amparo do São Francisco - SE,773.49,550.25,2168.0
2800209,Aquidabã - SE,782.01,538.0,20027.0
2800308,Aracaju - SE,2087.74,1070.67,600791.0
2800407,Arauá - SE,749.83,500.0,10309.0
2800506,Areia Branca - SE,794.41,587.33,17305.0
2800605,Barra dos Coqueiros - SE,1589.75,953.0,41486.0
2800670,Boquim - SE,880.42,606.0,24556.0
2800704,Brejo Grande - SE,554.26,360.0,7841.0
2801009,Campo do Brito - SE,921.66,650.0,18131.0
2801108,Canhoba - SE,689.22,466.67,3783.0
2801207,Canindé de São Francisco - SE,707.36,480.0,26721.0
2801306,Capela - SE,698.56,504.0,31535.0
2801405,Carira - SE,712.75,537.33,19824.0
2801504,Carmópolis - SE,766.36,594.8,13845.0
2801603,Cedro de São João - SE,764.19,500.0,5391.0
2801702,Cristinápolis - SE,661.19,466.67,17016.0
2801900,Cumbe - SE,711.39,537.33,3824.0
2802007,Divina Pastora - SE,789.16,606.0,4340.0
2802106,Estância - SE,896.64,606.0,64882.0
2802205,Feira Nova - SE,640.0,478.0,5969.0
2802304,Frei Paulo - SE,851.07,625.0,14519.0
2802403,Gararu - SE,700.41,416.67,11063.0
2802502,General Maynard - SE,765.34,587.43,3033.0
2802601,Graccho Cardoso - SE,665.05,500.0,5829.0
2802700,Ilha das Flores - SE,522.34,400.0,8321.0
2802809,Indiaroba - SE,611.83,403.0,16531.0
2802908,Itabaiana - SE,1080.72,778.0,103157.0
2803005,Itabaianinha - SE,682.43,500.0,40649.0
2803104,Itabi - SE,772.31,600.0,4745.0
2803203,Itaporanga d'Ajuda - SE,663.07,500.0,34327.0
2803302,Japaratuba - SE,816.67,600.0,16207.0
2803401,Japoatã - SE,715.33,503.0,13407.0
2803500,Lagarto - SE,928.75,650.0,101402.0
2803609,Laranjeiras - SE,752.52,587.33,23975.0
2803708,Macambira - SE,859.09,681.0,6796.0
2803807,Malhada dos Bois - SE,747.74,570.67,3562.0
2803906,Malhador - SE,779.87,604.0,11533.0
2804003,Maruim - SE,770.84,583.33,15708.0
2804102,Moita Bonita - SE,796.8,600.0,11029.0
2804201,Monte Alegre de Sergipe - SE,727.55,500.0,14336.0
2804300,Muribeca - SE,740.68,537.33,7811.0
2804409,Neópolis - SE,761.43,528.0,16422.0
2804458,Nossa Senhora Aparecida - SE,812.94,600.0,9217.0
2804508,Nossa Senhora da Glória - SE,879.22,604.0,40682.0
2804607,Nossa Senhora das Dores - SE,760.07,537.33,24961.0
2804706,Nossa Senhora de Lourdes - SE,814.61,575.0,6256.0
2804805,Nossa Senhora do Socorro - SE,822.63,606.0,192002.0
2804904,Pacatuba - SE,588.41,404.0,12494.0
2805000,Pedra Mole - SE,631.36,459.4,2778.0
2805109,Pedrinhas - SE,745.96,546.67,7388.0
2805208,Pinhão - SE,677.94,533.33,5643.0
2805307,Pirambu - SE,750.38,560.0,7892.0
2805406,Poço Redondo - SE,632.67,430.0,33373.0
2805505,Poço Verde - SE,757.03,590.86,21742.0
2805604,Porto da Folha - SE,616.69,404.0,26530.0
2805703,Propriá - SE,941.63,604.0,26552.0
2805802,Riachão do Dantas - SE,671.74,500.0,18294.0
2805901,Riachuelo - SE,688.58,528.0,8723.0
2806008,Ribeirópolis - SE,883.07,606.0,16969.0
2806107,Rosário do Catete - SE,753.63,537.33,9285.0
2806206,Salgado - SE,798.99,600.5,20279.0
2806305,Santa Luzia do Itanhy - SE,571.88,425.0,13596.0
2806404,Santana do São Francisco - SE,717.52,537.33,7339.0
2806503,Santa Rosa de Lima - SE,578.91,413.33,3914.0
2806602,Santo Amaro das Brotas - SE,767.22,593.33,11050.0
2806701,São Cristóvão - SE,1124.93,755.0,93355.0
2806800,São Domingos - SE,729.31,570.0,10316.0
2806909,São Francisco - SE,776.93,604.0,3243.0
2807006,São Miguel do Aleixo - SE,734.03,600.0,3420.0
2807105,Simão Dias - SE,850.37,606.0,42537.0
2807204,Siriri - SE,759.73,600.0,7834.0
2807303,Telha - SE,692.33,537.33,3274.0
2807402,Tobias Barreto - SE,881.15,606.0,50258.0
2807501,Tomar do Geru - SE,552.13,400.0,11986.0
2807600,Umbaúba - SE,743.59,600.0,23917.0
2900108,Abaíra - BA,901.48,750.0,7275.0
2900207,Abaré - BA,600.78,458.86,17639.0
2900306,Acajutiba - BA,706.63,537.33,13724.0
2900355,Adustina - BA,739.27,552.4,14176.0
2900405,Água Fria - BA,700.83,533.33,14486.0
2900504,Érico Cardoso - BA,765.89,606.0,10599.0
2900603,Aiquara - BA,756.71,606.0,4443.0
2900702,Alagoinhas - BA,1072.99,693.33,150784.0
2900801,Alcobaça - BA,747.65,600.0,24350.0
2900900,Almadina - BA,912.36,700.0,5210.0
2901007,Amargosa - BA,839.32,604.0,36401.0
2901106,Amélia Rodrigues - BA,840.69,606.0,24115.0
2901155,América Dourada - BA,674.14,525.0,15060.0
2901205,Anagé - BA,718.55,604.0,25396.0
2901304,Andaraí - BA,758.2,557.33,13043.0
2901353,Andorinha - BA,796.26,606.0,14980.0
2901403,Angical - BA,823.95,606.0,13723.0
2901502,Anguera - BA,720.44,608.7,11027.0
2901601,Antas - BA,832.0,600.0,14202.0
2901700,Antônio Cardoso - BA,702.92,604.0,11134.0
2901809,Antônio Gonçalves - BA,750.04,606.0,10851.0
2901908,Aporá - BA,710.49,537.33,15855.0
2901957,Apuarema - BA,836.77,628.33,6890.0
2902005,Aracatu - BA,757.68,606.0,13936.0
2902054,Araçás - BA,725.59,600.0,11557.0
2902104,Araci - BA,691.84,482.4,48160.0
2902203,Aramari - BA,803.04,606.0,9828.0
2902252,Arataca - BA,691.76,522.4,10181.0
2902302,Aratuípe - BA,639.58,453.0,8677.0
2902401,Aurelino Leal - BA,745.63,600.0,11136.0
2902500,Baianópolis - BA,700.24,583.33,13580.0
2902609,Baixa Grande - BA,708.86,542.4,18179.0
2902658,Banzaê - BA,707.64,509.56,11949.0
2902708,Barra - BA,621.14,402.4,50919.0
2902807,Barra da Estiva - BA,796.07,600.0,25903.0
2902906,Barra do Choça - BA,784.48,604.8,36520.0
2903003,Barra do Mendes - BA,879.61,608.33,13823.0
2903102,Barra do Rocha - BA,810.44,606.0,5775.0
2903201,Barreiras - BA,1339.99,850.0,159031.0
2903235,Barro Alto - BA,708.95,503.0,13448.0
2903276,Barrocas - BA,762.9,606.0,15200.0
2903300,Barro Preto - BA,860.67,700.0,5830.0
2903409,Belmonte - BA,837.51,606.0,20059.0
2903508,Belo Campo - BA,746.56,550.5,18373.0
2903607,Biritinga - BA,680.46,537.33,15112.0
2903706,Boa Nova - BA,705.02,537.33,13682.0
2903805,Boa Vista do Tupim - BA,618.24,466.67,16854.0
2903904,Bom Jesus da Lapa - BA,916.66,606.0,65211.0
2903953,Bom Jesus da Serra - BA,655.08,537.33,9729.0
2904001,Boninal - BA,761.38,600.0,13537.0
2904050,Bonito - BA,704.84,552.4,15776.0
2904100,Boquira - BA,675.66,553.0,19301.0
2904209,Botuporã - BA,709.0,533.33,11019.0
2904308,Brejões - BA,708.98,518.67,12943.0
2904407,Brejolândia - BA,739.06,554.5,9101.0
2904506,Brotas de Macaúbas - BA,729.3,600.0,11730.0
2904605,Brumado - BA,1024.01,738.0,70463.0
2904704,Buerarema - BA,880.8,630.0,14778.0
2904753,Buritirama - BA,511.72,400.0,19539.0
2904803,Caatiba - BA,779.57,606.0,6187.0
2904852,Cabaceiras do Paraguaçu - BA,631.12,453.0,16524.0
2904902,Cachoeira - BA,913.46,604.0,29172.0
2905008,Caculé - BA,1019.26,780.0,22390.0
2905107,Caém - BA,806.57,556.0,10384.0
2905156,Caetanos - BA,696.7,575.0,11248.0
2905206,Caetité - BA,989.14,727.2,51897.0
2905305,Cafarnaum - BA,661.74,470.67,17461.0
2905404,Cairu - BA,995.96,731.0,17730.0
2905503,Caldeirão Grande - BA,620.16,500.0,13080.0
2905602,Camacan - BA,956.88,687.33,22489.0
2905701,Camaçari - BA,1177.89,750.0,299797.0
2905800,Camamu - BA,760.25,500.0,30398.0
2905909,Campo Alegre de Lourdes - BA,658.13,450.0,30610.0
2906006,Campo Formoso - BA,749.39,503.0,71286.0
2906105,Canápolis - BA,628.47,500.0,10217.0
2906204,Canarana - BA,634.87,466.67,24095.0
2906303,Canavieiras - BA,832.49,600.0,32247.0
2906402,Candeal - BA,735.08,600.0,7772.0
2906501,Candeias - BA,845.21,606.0,72318.0
2906600,Candiba - BA,751.74,604.0,13016.0
2906709,Cândido Sales - BA,733.66,550.0,25212.0
2906808,Cansanção - BA,669.08,484.8,37409.0
2906824,Canudos - BA,711.38,533.33,16080.0
2906857,Capela do Alto Alegre - BA,809.2,606.0,10736.0
2906873,Capim Grosso - BA,850.17,606.0,33182.0
2906899,Caraíbas - BA,737.4,600.0,9897.0
2906907,Caravelas - BA,896.46,606.0,20481.0
2907004,Cardeal da Silva - BA,629.76,475.0,8353.0
2907103,Carinhanha - BA,671.34,465.0,28845.0
2907202,Casa Nova - BA,685.09,592.0,72015.0
2907301,Castro Alves - BA,819.29,605.5,24673.0
2907400,Catolândia - BA,750.89,606.0,3422.0
2907509,Catu - BA,952.59,650.0,48125.0
2907558,Caturama - BA,653.61,482.4,8822.0
2907608,Central - BA,735.38,525.0,16288.0
2907707,Chorrochó - BA,660.51,502.5,10579.0
2907806,Cícero Dantas - BA,845.53,606.0,30874.0
2907905,Cipó - BA,831.75,567.0,17230.0
2908002,Coaraci - BA,846.49,606.0,17331.0
2908101,Cocos - BA,722.49,537.33,19136.0
2908200,Conceição da Feira - BA,770.78,606.0,20774.0
2908309,Conceição do Almeida - BA,864.35,666.67,15739.0
2908408,Conceição do Coité - BA,854.96,606.0,67721.0
2908507,Conceição do Jacuípe - BA,1009.81,800.0,35278.0
2908606,Conde - BA,674.79,462.33,23571.0
2908705,Condeúba - BA,801.3,606.0,17047.0
2908804,Contendas do Sincorá - BA,781.32,606.0,4324.0
2908903,Coração de Maria - BA,850.84,700.0,26590.0
2909000,Cordeiros - BA,816.33,703.0,7541.0
2909109,Coribe - BA,757.51,500.0,13987.0
2909208,Coronel João Sá - BA,704.02,537.33,17053.0
2909307,Correntina - BA,930.61,616.67,32426.0
2909406,Cotegipe - BA,621.91,484.8,13053.0
2909505,Cravolândia - BA,723.17,537.33,4415.0
2909604,Crisópolis - BA,673.53,453.0,19655.0
2909703,Cristópolis - BA,778.03,600.0,13977.0
2909802,Cruz das Almas - BA,1167.93,780.0,60236.0
2909901,Curaçá - BA,646.06,494.0,34139.0
2910008,Dário Meira - BA,730.32,566.67,10801.0
2910057,Dias d'Ávila - BA,901.27,650.0,71358.0
2910107,Dom Basílio - BA,760.0,600.0,11884.0
2910206,Dom Macedo Costa - BA,764.82,606.0,4395.0
2910305,Elísio Medrado - BA,744.89,600.0,7776.0
2910404,Encruzilhada - BA,611.21,470.67,19058.0
2910503,Entre Rios - BA,828.08,600.0,37862.0
2910602,Esplanada - BA,760.79,554.0,32524.0
2910701,Euclides da Cunha - BA,819.62,600.0,61381.0
2910727,Eunápolis - BA,1253.64,833.33,113100.0
2910750,Fátima - BA,718.87,537.33,17895.0
2910776,Feira da Mata - BA,731.17,583.33,5625.0
2910800,Feira de Santana - BA,1209.69,775.0,613954.0
2910859,Filadélfia - BA,690.18,525.0,17893.0
2910909,Firmino Alves - BA,829.88,703.0,4869.0
2911006,Floresta Azul - BA,817.95,606.0,11056.0
2911105,Formosa do Rio Preto - BA,860.52,600.0,25811.0
2911204,Gandu - BA,910.6,606.0,32095.0
2911253,Gavião - BA,878.17,750.0,4347.0
2911303,Gentio do Ouro - BA,715.0,575.0,10884.0
2911402,Glória - BA,722.37,525.0,15501.0
2911501,Gongogi - BA,733.31,604.0,5542.0
2911600,Governador Mangabeira - BA,814.42,606.0,20424.0
2911659,Guajeru - BA,803.95,625.0,8047.0
2911709,Guanambi - BA,1201.16,806.0,87687.0
2911808,Guaratinga - BA,822.2,625.0,19026.0
2911857,Heliópolis - BA,748.53,566.67,12264.0
2911907,Iaçu - BA,765.53,600.0,24585.0
2912004,Ibiassucê - BA,917.13,804.0,10429.0
2912103,Ibicaraí - BA,1006.71,666.67,21645.0
2912202,Ibicoara - BA,808.75,606.0,20774.0
2912301,Ibicuí - BA,914.5,670.67,13913.0
2912400,Ibipeba - BA,713.13,550.0,16562.0
2912509,Ibipitanga - BA,783.29,600.0,13863.0
2912608,Ibiquera - BA,655.52,500.0,3725.0
2912707,Ibirapitanga - BA,671.17,484.8,25298.0
2912806,Ibirapuã - BA,1036.38,808.0,8888.0
2912905,Ibirataia - BA,784.17,606.0,18750.0
2913002,Ibitiara - BA,771.57,600.0,14552.0
2913101,Ibititá - BA,699.28,550.0,16943.0
2913200,Ibotirama - BA,804.43,585.71,26274.0
2913309,Ichu - BA,889.43,620.0,6164.0
2913408,Igaporã - BA,811.64,650.0,15522.0
2913457,Igrapiúna - BA,726.44,568.67,13133.0
2913507,Iguaí - BA,794.87,600.0,21423.0
2913606,Ilhéus - BA,1298.64,800.0,178129.0
2913705,Inhambupe - BA,739.71,600.0,33734.0
2913804,Ipecaetá - BA,518.63,400.0,13698.0
2913903,Ipiaú - BA,970.31,635.33,40546.0
2914000,Ipirá - BA,765.59,578.5,56777.0
2914109,Ipupiara - BA,779.19,606.0,9932.0
2914208,Irajuba - BA,772.34,611.67,6101.0
2914307,Iramaia - BA,668.6,503.0,10738.0
2914406,Iraquara - BA,681.79,466.67,23827.0
2914505,Irará - BA,858.51,639.67,27991.0
2914604,Irecê - BA,1188.07,800.0,74298.0
2914653,Itabela - BA,910.41,606.0,28073.0
2914703,Itaberaba - BA,1013.18,706.0,64945.0
2914802,Itabuna - BA,1292.99,805.5,185152.0
2914901,Itacaré - BA,1013.93,687.43,27586.0
2915007,Itaeté - BA,688.07,540.0,13432.0
2915106,Itagi - BA,682.87,488.89,13752.0
2915205,Itagibá - BA,934.69,700.0,15289.0
2915304,Itagimirim - BA,888.0,625.0,6335.0
2915353,Itaguaçu da Bahia - BA,658.64,537.33,12286.0
2915403,Itaju do Colônia - BA,793.34,604.0,6034.0
2915502,Itajuípe - BA,829.36,606.0,18771.0
2915601,Itamaraju - BA,997.27,725.0,59538.0
2915700,Itamari - BA,782.5,600.0,7051.0
2915809,Itambé - BA,812.81,606.0,24339.0
2915908,Itanagra - BA,658.79,537.33,5914.0
2916005,Itanhém - BA,951.09,737.33,17768.0
2916104,Itaparica - BA,857.63,603.0,19666.0
2916203,Itapé - BA,833.82,606.0,10313.0
2916302,Itapebi - BA,811.95,606.0,9102.0
2916401,Itapetinga - BA,982.63,700.0,65756.0
2916500,Itapicuru - BA,662.46,466.67,31616.0
2916609,Itapitanga - BA,655.6,519.43,10274.0
2916708,Itaquara - BA,636.45,433.33,8153.0
2916807,Itarantim - BA,823.97,606.0,17040.0
2916856,Itatim - BA,715.27,550.0,15667.0
2916906,Itiruçu - BA,833.85,606.0,10954.0
2917003,Itiúba - BA,702.63,466.67,33858.0
2917102,Itororó - BA,900.14,606.0,16579.0
2917201,Ituaçu - BA,774.57,558.4,17877.0
2917300,Ituberá - BA,826.22,604.0,21902.0
2917334,Iuiu - BA,634.79,500.0,11114.0
2917359,Jaborandi - BA,648.51,453.0,9269.0
2917409,Jacaraci - BA,842.61,630.0,14436.0
2917508,Jacobina - BA,1083.02,733.33,82446.0
2917607,Jaguaquara - BA,791.77,602.0,45885.0
2917706,Jaguarari - BA,882.99,620.0,32691.0
2917805,Jaguaripe - BA,627.54,404.0,17565.0
2917904,Jandaíra - BA,657.5,484.8,9276.0
2918001,Jequié - BA,1013.69,650.0,158164.0
2918100,Jeremoabo - BA,764.11,541.33,37555.0
2918209,Jiquiriçá - BA,750.18,551.5,13609.0
2918308,Jitaúna - BA,770.22,603.0,14289.0
2918357,João Dourado - BA,751.74,550.0,24832.0
2918407,Juazeiro - BA,1047.97,670.0,236839.0
2918456,Jucuruçu - BA,827.44,606.0,9645.0
2918506,Jussara - BA,656.54,500.0,16330.0
2918555,Jussari - BA,788.28,640.0,5888.0
2918605,Jussiape - BA,757.64,606.0,7379.0
2918704,Lafaiete Coutinho - BA,794.63,700.0,4073.0
2918753,Lagoa Real - BA,635.69,502.0,14099.0
2918803,Laje - BA,672.28,500.0,20987.0
2918902,Lajedão - BA,939.41,725.0,3845.0
2919009,Lajedinho - BA,672.38,600.0,3526.0
2919058,Lajedo do Tabocal - BA,772.77,606.0,7494.0
2919108,Lamarão - BA,697.73,570.67,9015.0
2919157,Lapão - BA,703.21,533.33,25602.0
2919207,Lauro de Freitas - BA,1879.69,1000.5,202495.0
2919306,Lençóis - BA,1042.72,660.0,10635.0
2919405,Licínio de Almeida - BA,846.36,606.0,11834.0
2919504,Livramento de Nossa Senhora - BA,884.92,606.0,43825.0
2919553,Luís Eduardo Magalhães - BA,1644.88,1025.0,107660.0
2919603,Macajuba - BA,673.31,525.0,10454.0
2919702,Macarani - BA,667.69,553.0,21548.0
2919801,Macaúbas - BA,799.52,575.0,41774.0
2919900,Macururé - BA,659.19,533.33,7256.0
2919926,Madre de Deus - BA,1046.58,700.0,18369.0
2919959,Maetinga - BA,748.52,606.0,6971.0
2920007,Maiquinique - BA,859.88,666.67,8727.0
2920106,Mairi - BA,708.57,553.0,17653.0
2920205,Malhada - BA,586.1,453.0,15357.0
2920304,Malhada de Pedras - BA,743.95,606.0,8657.0
2920403,Manoel Vitorino - BA,672.33,503.0,13843.0
2920452,Mansidão - BA,611.87,475.0,13890.0
2920502,Maracás - BA,858.28,606.0,27576.0
2920601,Maragogipe - BA,649.73,500.0,35789.0
2920700,Maraú - BA,1029.95,700.0,24386.0
2920809,Marcionílio Souza - BA,762.8,566.0,9244.0
2920908,Mascote - BA,677.4,542.4,13544.0
2921005,Mata de São João - BA,894.54,640.0,42529.0
2921054,Matina - BA,731.93,564.8,10325.0
2921104,Medeiros Neto - BA,928.63,625.0,22172.0
2921203,Miguel Calmon - BA,738.57,533.33,24615.0
2921302,Milagres - BA,752.9,600.0,11071.0
2921401,Mirangaba - BA,610.87,432.0,15723.0
2921450,Mirante - BA,627.62,500.0,10187.0
2921500,Monte Santo - BA,644.1,475.0,47751.0
2921609,Morpará - BA,615.4,450.0,7953.0
2921708,Morro do Chapéu - BA,858.19,600.0,33475.0
2921807,Mortugaba - BA,704.83,566.67,11143.0
2921906,Mucugê - BA,1009.75,681.0,12078.0
2922003,Mucuri - BA,1134.46,785.71,37906.0
2922052,Mulungu do Morro - BA,619.03,462.4,13152.0
2922102,Mundo Novo - BA,747.97,550.0,17283.0
2922201,Muniz Ferreira - BA,816.8,633.33,7183.0
2922250,Muquém do São Francisco - BA,658.83,500.0,10439.0
2922300,Muritiba - BA,936.11,727.2,28703.0
2922409,Mutuípe - BA,713.0,550.0,19981.0
2922508,Nazaré - BA,829.76,604.0,26985.0
2922607,Nilo Peçanha - BA,700.48,525.0,12049.0
2922656,Nordestina - BA,571.72,465.5,18318.0
2922706,Nova Canaã - BA,828.75,633.33,13703.0
2922730,Nova Fátima - BA,865.88,700.0,7962.0
2922755,Nova Ibiá - BA,776.2,604.0,6487.0
2922805,Nova Itarana - BA,639.57,489.14,7770.0
2922854,Nova Redenção - BA,678.6,556.0,7516.0
2922904,Nova Soure - BA,676.56,450.0,24128.0
2923001,Nova Viçosa - BA,905.71,606.0,39386.0
2923035,Novo Horizonte - BA,637.13,500.0,11129.0
2923050,Novo Triunfo - BA,657.33,454.0,10635.0
2923100,Olindina - BA,659.41,500.0,22583.0
2923209,Oliveira dos Brejinhos - BA,719.07,533.33,20715.0
2923308,Ouriçangas - BA,721.96,566.67,7716.0
2923357,Ourolândia - BA,583.09,466.67,19224.0
2923407,Palmas de Monte Alto - BA,776.26,604.0,20066.0
2923506,Palmeiras - BA,932.17,600.0,10283.0
2923605,Paramirim - BA,985.08,704.0,20310.0
2923704,Paratinga - BA,652.63,518.67,29252.0
2923803,Paripiranga - BA,777.04,504.0,26588.0
2923902,Pau Brasil - BA,791.71,600.0,9368.0
2924009,Paulo Afonso - BA,1059.84,700.0,112445.0
2924058,Pé de Serra - BA,757.86,600.0,13221.0
2924108,Pedrão - BA,706.81,564.8,6235.0
2924207,Pedro Alexandre - BA,609.45,440.0,13880.0
2924306,Piatã - BA,790.79,600.0,20029.0
2924405,Pilão Arcado - BA,514.71,346.29,35324.0
2924504,Pindaí - BA,780.64,606.0,14712.0
2924603,Pindobaçu - BA,693.36,537.33,18991.0
2924652,Pintadas - BA,819.37,622.4,10322.0
2924678,Piraí do Norte - BA,576.78,400.0,10974.0
2924702,Piripá - BA,716.89,600.0,9131.0
2924801,Piritiba - BA,741.19,533.33,17544.0
2924900,Planaltino - BA,696.59,600.0,8016.0
2925006,Planalto - BA,768.89,602.4,23334.0
2925105,Poções - BA,793.11,600.0,48211.0
2925204,Pojuca - BA,981.96,666.67,32109.0
2925253,Ponto Novo - BA,629.55,475.0,17910.0
2925303,Porto Seguro - BA,1293.05,840.0,167568.0
2925402,Potiraguá - BA,857.35,674.86,10274.0
2925501,Prado - BA,985.7,670.67,34548.0
2925600,Presidente Dutra - BA,752.48,580.0,15115.0
2925709,Presidente Jânio Quadros - BA,670.52,582.73,12621.0
2925758,Presidente Tancredo Neves - BA,813.19,590.0,27659.0
2925808,Queimadas - BA,662.08,450.0,25988.0
2925907,Quijingue - BA,698.98,533.33,25264.0
2925931,Quixabeira - BA,666.94,500.0,9453.0
2925956,Rafael Jambeiro - BA,562.9,450.0,19636.0
2926004,Remanso - BA,802.97,600.0,40440.0
2926103,Retirolândia - BA,765.41,600.0,13614.0
2926202,Riachão das Neves - BA,697.01,583.33,21604.0
2926301,Riachão do Jacuípe - BA,934.18,644.0,33367.0
2926400,Riacho de Santana - BA,720.89,537.33,30690.0
2926509,Ribeira do Amparo - BA,643.57,482.4,13818.0
2926608,Ribeira do Pombal - BA,869.51,606.0,53947.0
2926657,Ribeirão do Largo - BA,677.52,550.0,9658.0
2926707,Rio de Contas - BA,888.97,637.5,13176.0
2926806,Rio do Antônio - BA,723.78,570.67,13135.0
2926905,Rio do Pires - BA,739.04,584.8,10470.0
2927002,Rio Real - BA,749.58,550.0,35270.0
2927101,Rodelas - BA,697.59,500.0,10273.0
2927200,Ruy Barbosa - BA,819.06,604.8,28270.0
2927309,Salinas da Margarida - BA,675.29,453.0,14982.0
2927408,Salvador - BA,1770.35,887.5,2406396.0
2927507,Santa Bárbara - BA,722.28,544.8,20913.0
2927606,Santa Brígida - BA,578.63,444.0,14961.0
2927705,Santa Cruz Cabrália - BA,1012.34,700.0,28712.0
2927804,Santa Cruz da Vitória - BA,739.82,606.0,4658.0
2927903,Santa Inês - BA,883.2,616.67,10241.0
2928000,Santaluz - BA,750.53,570.67,37783.0
2928059,Santa Luzia - BA,769.97,600.0,13785.0
2928109,Santa Maria da Vitória - BA,954.86,606.0,38524.0
2928208,Santana - BA,777.82,550.0,24691.0
2928307,Santanópolis - BA,741.39,566.67,8716.0
2928406,Santa Rita de Cássia - BA,771.05,537.33,27354.0
2928505,Santa Terezinha - BA,708.89,550.0,10430.0
2928604,Santo Amaro - BA,787.73,580.0,55744.0
2928703,Santo Antônio de Jesus - BA,1214.78,803.0,102641.0
2928802,Santo Estêvão - BA,816.54,606.0,52169.0
2928901,São Desidério - BA,921.65,642.4,32730.0
2928950,São Domingos - BA,842.87,725.0,8426.0
2929008,São Félix - BA,759.68,600.0,11017.0
2929057,São Félix do Coribe - BA,965.83,650.0,15182.0
2929107,São Felipe - BA,792.48,600.0,20122.0
2929206,São Francisco do Conde - BA,794.44,553.0,38645.0
2929255,São Gabriel - BA,689.5,533.33,18560.0
2929305,São Gonçalo dos Campos - BA,898.41,633.33,39464.0
2929354,São José da Vitória - BA,764.56,604.0,5313.0
2929370,São José do Jacuípe - BA,711.0,562.33,10152.0
2929404,São Miguel das Matas - BA,871.05,700.0,10324.0
2929503,São Sebastião do Passé - BA,884.62,606.0,40899.0
2929602,Sapeaçu - BA,796.57,606.0,17930.0
2929701,Sátiro Dias - BA,665.74,500.0,16005.0
2929750,Saubara - BA,728.12,570.67,11416.0
2929800,Saúde - BA,828.22,606.0,10473.0
2929909,Seabra - BA,892.99,606.0,46108.0
2930006,Sebastião Laranjeiras - BA,723.55,560.0,9352.0
2930105,Senhor do Bonfim - BA,1035.85,606.0,74316.0
2930154,Serra do Ramalho - BA,748.4,533.33,34198.0
2930204,Sento Sé - BA,604.61,433.33,38074.0
2930303,Serra Dourada - BA,736.13,550.0,17051.0
2930402,Serra Preta - BA,726.76,600.0,17981.0
2930501,Serrinha - BA,924.48,624.8,80095.0
2930600,Serrolândia - BA,814.99,614.0,13253.0
2930709,Simões Filho - BA,884.11,633.33,113980.0
2930758,Sítio do Mato - BA,626.52,500.0,13366.0
2930766,Sítio do Quinto - BA,654.99,478.0,14741.0
2930774,Sobradinho - BA,846.24,600.0,25445.0
2930808,Souto Soares - BA,634.01,484.8,17041.0
2930907,Tabocas do Brejo Velho - BA,655.88,484.8,11979.0
2931004,Tanhaçu - BA,716.18,533.33,21006.0
2931053,Tanque Novo - BA,672.28,482.4,17154.0
2931103,Tanquinho - BA,789.95,600.0,7712.0
2931202,Taperoá - BA,725.65,566.67,18025.0
2931301,Tapiramutá - BA,638.16,434.0,15784.0
2931350,Teixeira de Freitas - BA,1204.69,806.0,144589.0
2931400,Teodoro Sampaio - BA,773.05,606.0,7091.0
2931509,Teofilândia - BA,794.16,569.5,21073.0
2931608,Teolândia - BA,818.79,600.0,15290.0
2931707,Terra Nova - BA,797.69,606.0,10795.0
2931806,Tremedal - BA,667.27,533.33,16296.0
2931905,Tucano - BA,798.18,600.0,48628.0
2932002,Uauá - BA,701.98,537.33,24665.0
2932101,Ubaíra - BA,759.87,575.0,18598.0
2932200,Ubaitaba - BA,979.4,606.0,17596.0
2932309,Ubatã - BA,768.37,537.33,16094.0
2932408,Uibaí - BA,871.38,637.33,13416.0
2932457,Umburanas - BA,641.0,483.33,13611.0
2932507,Una - BA,926.31,637.33,18053.0
2932606,Urandi - BA,970.15,710.0,15355.0
2932705,Uruçuca - BA,975.66,675.0,21318.0
2932804,Utinga - BA,743.48,550.0,16242.0
2932903,Valença - BA,935.55,646.29,85245.0
2933000,Valente - BA,868.25,700.0,24362.0
2933059,Várzea da Roça - BA,635.29,500.0,13800.0
2933109,Várzea do Poço - BA,759.52,566.67,8101.0
2933158,Várzea Nova - BA,676.06,575.0,13372.0
2933174,Varzedo - BA,679.67,533.33,9879.0
2933208,Vera Cruz - BA,953.76,606.0,42467.0
2933257,Vereda - BA,798.6,606.0,6001.0
2933307,Vitória da Conquista - BA,1310.93,808.0,369549.0
2933406,Wagner - BA,680.62,525.0,9503.0
2933455,Wanderley - BA,803.96,600.0,12949.0
2933505,Wenceslau Guimarães - BA,602.2,475.0,24445.0
2933604,Xique-Xique - BA,761.53,537.33,44429.0
3100104,Abadia dos Dourados - MG,1435.0,1200.0,6259.0
3100203,Abaeté - MG,1439.09,1200.0,22564.0
3100302,Abre Campo - MG,1100.72,808.0,13603.0
3100401,Acaiaca - MG,1142.1,974.67,3909.0
3100500,Açucena - MG,890.65,650.0,8868.0
3100609,Água Boa - MG,872.39,675.0,12557.0
3100708,Água Comprida - MG,1631.86,1212.0,2105.0
3100807,Aguanil - MG,1383.44,1050.0,4334.0
3100906,Águas Formosas - MG,991.23,750.0,18389.0
3101003,Águas Vermelhas - MG,783.82,610.0,14017.0
3101102,Aimorés - MG,1341.42,942.4,25036.0
3101201,Aiuruoca - MG,1650.78,1212.0,6165.0
3101300,Alagoa - MG,1327.04,1106.0,2742.0
3101409,Albertina - MG,1222.92,1000.0,2952.0
3101508,Além Paraíba - MG,1372.25,956.0,30487.0
3101607,Alfenas - MG,1745.37,1212.0,78552.0
3101631,Alfredo Vasconcelos - MG,1133.93,904.0,6931.0
3101706,Almenara - MG,1088.43,756.0,40091.0
3101805,Alpercata - MG,1077.73,900.0,6844.0
3101904,Alpinópolis - MG,1427.77,1130.29,18226.0
3102001,Alterosa - MG,1244.79,1000.0,13859.0
3102050,Alto Caparaó - MG,1118.1,937.33,5743.0
3102100,Alto Rio Doce - MG,945.93,762.4,10856.0
3102209,Alvarenga - MG,961.67,803.0,3959.0
3102308,Alvinópolis - MG,1234.09,1000.0,15021.0
3102407,Alvorada de Minas - MG,798.24,606.0,4159.0
3102506,Amparo do Serra - MG,1119.78,881.0,4518.0
3102605,Andradas - MG,1827.75,1296.67,40294.0
3102704,Cachoeira de Pajeú - MG,704.82,571.43,9061.0
3102803,Andrelândia - MG,1272.14,884.8,11860.0
3102852,Angelândia - MG,978.9,736.0,7718.0
3102902,Antônio Carlos - MG,1252.15,1000.0,11081.0
3103009,Antônio Dias - MG,1006.48,808.0,9219.0
3103108,Antônio Prado de Minas - MG,1266.27,1150.0,1537.0
3103207,Araçaí - MG,1095.05,866.67,2177.0
3103306,Aracitaba - MG,1076.41,937.5,2042.0
3103405,Araçuaí - MG,1140.9,800.0,34107.0
3103504,Araguari - MG,1693.43,1212.0,116998.0
3103603,Arantina - MG,1178.03,950.0,2915.0
3103702,Araponga - MG,835.2,670.67,8042.0
3103751,Araporã - MG,1606.42,1212.0,8474.0
3103801,Arapuá - MG,1770.7,1266.67,2620.0
3103900,Araújos - MG,1655.99,1212.0,9172.0
3104007,Araxá - MG,1896.33,1300.0,110955.0
3104106,Arceburgo - MG,1387.12,1200.0,9122.0
3104205,Arcos - MG,1485.29,1200.0,41140.0
3104304,Areado - MG,1355.26,1004.0,13788.0
3104403,Argirita - MG,1184.26,850.0,2686.0
3104452,Aricanduva - MG,936.92,737.33,4699.0
3104502,Arinos - MG,1080.02,800.0,17162.0
3104601,Astolfo Dutra - MG,1207.03,1006.0,14104.0
3104700,Ataléia - MG,850.69,650.0,13710.0
3104809,Augusto de Lima - MG,992.15,806.0,4535.0
3104908,Baependi - MG,1268.97,980.0,18215.0
3105004,Baldim - MG,1121.88,906.0,7473.0
3105103,Bambuí - MG,1499.46,1200.0,23455.0
3105202,Bandeira - MG,903.55,705.0,4719.0
3105301,Bandeira do Sul - MG,1440.33,1204.0,5940.0
3105400,Barão de Cocais - MG,1539.77,1160.67,30700.0
3105509,Barão do Monte Alto - MG,1031.59,808.0,4964.0
3105608,Barbacena - MG,1598.76,1106.0,124424.0
3105707,Barra Longa - MG,1180.3,942.4,5658.0
3105905,Barroso - MG,1232.08,870.67,20021.0
3106002,Bela Vista de Minas - MG,1242.62,956.0,10157.0
3106101,Belmiro Braga - MG,1338.48,937.33,3244.0
3106200,Belo Horizonte - MG,2748.85,1441.0,2304445.0
3106309,Belo Oriente - MG,958.65,750.0,23885.0
3106408,Belo Vale - MG,1300.7,1000.0,8612.0
3106507,Berilo - MG,907.52,742.4,9826.0
3106606,Bertópolis - MG,697.84,600.0,4451.0
3106655,Berizal - MG,764.89,606.0,4183.0
3106705,Betim - MG,1399.69,1070.67,411145.0
3106804,Bias Fortes - MG,1000.58,793.5,3355.0
3106903,Bicas - MG,1467.66,1061.2,13900.0
3107000,Biquinhas - MG,1325.89,1070.67,2383.0
3107109,Boa Esperança - MG,1439.58,1000.0,39800.0
3107208,Bocaina de Minas - MG,1391.48,1033.33,5321.0
3107307,Bocaiúva - MG,1035.32,800.0,47846.0
3107406,Bom Despacho - MG,1785.98,1213.0,51557.0
3107505,Bom Jardim de Minas - MG,1164.24,928.0,6761.0
3107604,Bom Jesus da Penha - MG,1448.73,1154.0,4447.0
3107703,Bom Jesus do Amparo - MG,1079.93,870.67,5624.0
3107802,Bom Jesus do Galho - MG,1035.37,808.0,14493.0
3107901,Bom Repouso - MG,1274.15,1000.0,12645.0
3108008,Bom Sucesso - MG,1366.27,981.0,16982.0
3108107,Bonfim - MG,1304.77,1053.0,7382.0
3108206,Bonfinópolis de Minas - MG,1492.57,1173.0,5462.0
3108255,Bonito de Minas - MG,706.44,540.5,10204.0
3108305,Borda da Mata - MG,1531.54,1212.0,17356.0
3108404,Botelhos - MG,1402.29,1166.67,14682.0
3108503,Botumirim - MG,760.09,604.0,5775.0
3108552,Brasilândia de Minas - MG,1225.72,928.62,15000.0
3108602,Brasília de Minas - MG,922.51,650.0,31969.0
3108701,Brás Pires - MG,926.17,808.0,4218.0
3108800,Braúnas - MG,847.02,606.0,4439.0
3108909,Brazópolis - MG,1252.06,943.75,14157.0
3109006,Brumadinho - MG,2128.23,1333.33,38702.0
3109105,Bueno Brandão - MG,1501.73,1202.0,10852.0
3109204,Buenópolis - MG,1087.41,805.0,9078.0
3109253,Bugre - MG,847.7,606.0,4041.0
3109303,Buritis - MG,1128.1,808.0,23844.0
3109402,Buritizeiro - MG,923.83,727.2,23824.0
3109451,Cabeceira Grande - MG,1418.63,1056.0,6627.0
3109501,Cabo Verde - MG,1263.99,1076.0,11382.0
3109600,Cachoeira da Prata - MG,1394.94,1170.67,3693.0
3109709,Cachoeira de Minas - MG,1210.17,1070.67,11858.0
3109808,Cachoeira Dourada - MG,1536.12,1212.0,2298.0
3109907,Caetanópolis - MG,1269.47,1000.0,11435.0
3110004,Caeté - MG,1288.62,969.6,38616.0
3110103,Caiana - MG,932.52,765.5,5301.0
3110202,Cajuri - MG,1007.83,806.0,4088.0
3110301,Caldas - MG,1496.53,1200.0,14172.0
3110400,Camacho - MG,989.79,928.0,2838.0
3110509,Camanducaia - MG,1544.47,1200.0,25935.0
3110608,Cambuí - MG,1743.77,1250.0,29440.0
3110707,Cambuquira - MG,1375.16,1003.0,12244.0
3110806,Campanário - MG,957.55,792.57,2923.0
3110905,Campanha - MG,1448.88,1100.0,15807.0
3111002,Campestre - MG,1278.69,1104.0,20600.0
3111101,Campina Verde - MG,1558.18,1212.0,17924.0
3111150,Campo Azul - MG,831.73,640.0,3701.0
3111200,Campo Belo - MG,1379.8,1104.0,51991.0
3111309,Campo do Meio - MG,1167.47,900.0,11303.0
3111408,Campo Florido - MG,1420.61,1067.33,8434.0
3111507,Campos Altos - MG,1463.9,1009.75,12908.0
3111606,Campos Gerais - MG,1282.57,904.0,25956.0
3111705,Canaã - MG,999.28,808.0,4715.0
3111804,Canápolis - MG,1330.4,1075.0,10512.0
3111903,Cana Verde - MG,1162.96,909.0,5239.0
3112000,Candeias - MG,1219.12,1056.0,13883.0
3112059,Cantagalo - MG,940.19,700.0,3974.0
3112109,Caparaó - MG,986.29,808.0,5039.0
3112208,Capela Nova - MG,1032.86,808.0,4362.0
3112307,Capelinha - MG,1211.15,853.0,39444.0
3112406,Capetinga - MG,1133.49,1000.0,6507.0
3112505,Capim Branco - MG,1306.8,1000.0,10637.0
3112604,Capinópolis - MG,1337.48,1100.0,14630.0
3112653,Capitão Andrade - MG,1030.24,875.0,4585.0
3112703,Capitão Enéas - MG,885.31,682.4,14090.0
3112802,Capitólio - MG,1679.34,1225.0,10284.0
3112901,Caputira - MG,1119.77,808.0,8936.0
3113008,Caraí - MG,710.86,503.0,19512.0
3113107,Caranaíba - MG,1026.51,820.0,2933.0
3113206,Carandaí - MG,1152.8,864.0,23812.0
3113305,Carangola - MG,1342.69,1000.0,30963.0
3113404,Caratinga - MG,1369.59,1004.0,86524.0
3113503,Carbonita - MG,1075.86,906.0,8492.0
3113602,Careaçu - MG,1366.57,1100.0,6782.0
3113701,Carlos Chagas - MG,1052.33,800.0,18506.0
3113800,Carmésia - MG,1123.38,903.0,2605.0
3113909,Carmo da Cachoeira - MG,1219.36,933.33,11367.0
3114006,Carmo da Mata - MG,1422.49,1200.0,10962.0
3114105,Carmo de Minas - MG,1189.7,844.8,13676.0
3114204,Carmo do Cajuru - MG,1484.94,1212.0,23386.0
3114303,Carmo do Paranaíba - MG,1498.4,1200.0,28643.0
3114402,Carmo do Rio Claro - MG,1360.13,1100.0,20888.0
3114501,Carmópolis de Minas - MG,1381.32,1141.33,17800.0
3114550,Carneirinho - MG,1588.77,1212.0,9401.0
3114600,Carrancas - MG,1610.15,1120.0,3975.0
3114709,Carvalhópolis - MG,1425.34,1212.0,3304.0
3114808,Carvalhos - MG,1190.33,900.0,4385.0
3114907,Casa Grande - MG,1418.0,974.67,2214.0
3115003,Cascalho Rico - MG,1254.67,1104.0,2685.0
3115102,Cássia - MG,1332.07,1100.0,17046.0
3115201,Conceição da Barra de Minas - MG,1325.47,956.75,3541.0
3115300,Cataguases - MG,1422.54,1053.0,65999.0
3115359,Catas Altas - MG,1448.8,1142.4,5467.0
3115409,Catas Altas da Noruega - MG,911.77,756.0,3092.0
3115458,Catuji - MG,827.43,606.0,7023.0
3115474,Catuti - MG,743.35,604.0,4736.0
3115508,Caxambu - MG,1615.69,1075.0,20932.0
3115607,Cedro do Abaeté - MG,1156.11,1100.0,1081.0
3115706,Central de Minas - MG,1098.14,804.0,6148.0
3115805,Centralina - MG,1367.47,927.0,10165.0
3115904,Chácara - MG,1295.5,1000.0,3071.0
3116001,Chalé - MG,950.59,800.0,5996.0
3116100,Chapada do Norte - MG,981.72,822.67,10332.0
3116159,Chapada Gaúcha - MG,1117.56,750.0,12355.0
3116209,Chiador - MG,1156.13,933.33,2800.0
3116308,Cipotânea - MG,824.01,625.0,5536.0
3116407,Claraval - MG,1209.49,1116.67,4638.0
3116506,Claro dos Poções - MG,861.27,700.0,7164.0
3116605,Cláudio - MG,1520.13,1212.0,30040.0
3116704,Coimbra - MG,1226.61,1027.33,7104.0
3116803,Coluna - MG,955.24,706.0,8115.0
3116902,Comendador Gomes - MG,1482.71,1208.8,2770.0
3117009,Comercinho - MG,761.43,600.0,6655.0
3117108,Conceição da Aparecida - MG,1278.54,1000.0,10337.0
3117207,Conceição das Pedras - MG,1103.41,1000.0,2772.0
3117306,Conceição das Alagoas - MG,1299.73,925.0,28226.0
3117405,Conceição de Ipanema - MG,1040.28,906.0,4409.0
3117504,Conceição do Mato Dentro - MG,1246.56,920.0,23125.0
3117603,Conceição do Pará - MG,1380.89,1087.2,5400.0
3117702,Conceição do Rio Verde - MG,1256.41,808.0,12468.0
3117801,Conceição dos Ouros - MG,1293.5,1008.0,10851.0
3117836,Cônego Marinho - MG,703.42,600.0,7225.0
3117876,Confins - MG,1569.68,1166.67,7310.0
3117900,Congonhal - MG,1442.78,1183.33,11012.0
3118007,Congonhas - MG,1419.41,1100.0,52795.0
3118106,Congonhas do Norte - MG,958.62,766.67,4817.0
3118205,Conquista - MG,1504.91,1200.0,6658.0
3118304,Conselheiro Lafaiete - MG,1650.12,1212.0,131056.0
3118403,Conselheiro Pena - MG,1260.69,904.0,20670.0
3118502,Consolação - MG,1271.89,1087.43,1548.0
3118601,Contagem - MG,1662.86,1212.0,618967.0
3118700,Coqueiral - MG,1177.95,859.0,8962.0
3118809,Coração de Jesus - MG,893.74,662.4,25279.0
3118908,Cordisburgo - MG,1109.52,904.0,7543.0
3119005,Cordislândia - MG,1028.84,808.0,3175.0
3119104,Corinto - MG,1046.63,753.0,23372.0
3119203,Coroaci - MG,1144.81,808.0,10864.0
3119302,Coromandel - MG,1675.41,1212.0,28814.0
3119401,Coronel Fabriciano - MG,1409.34,1059.0,104103.0
3119500,Coronel Murta - MG,801.24,606.0,8191.0
3119609,Coronel Pacheco - MG,1116.26,825.0,2751.0
3119708,Coronel Xavier Chaves - MG,1530.2,1050.0,3486.0
3119807,Córrego Danta - MG,1524.19,1212.0,2920.0
3119906,Córrego do Bom Jesus - MG,1580.09,1212.0,4269.0
3119955,Córrego Fundo - MG,1374.15,1200.0,6107.0
3120003,Córrego Novo - MG,864.05,720.0,2875.0
3120102,Couto de Magalhães de Minas - MG,989.82,806.0,4180.0
3120151,Crisólita - MG,796.13,600.0,5260.0
3120201,Cristais - MG,1226.45,1025.0,12122.0
3120300,Cristália - MG,740.25,537.33,5113.0
3120409,Cristiano Otoni - MG,1022.92,775.0,4667.0
3120508,Cristina - MG,1226.32,933.33,10334.0
3120607,Crucilândia - MG,1229.03,1009.0,5330.0
3120706,Cruzeiro da Fortaleza - MG,1557.31,1133.33,3521.0
3120805,Cruzília - MG,1260.02,927.2,15276.0
3120839,Cuparaque - MG,1172.95,970.67,3980.0
3120870,Curral de Dentro - MG,810.26,633.33,7406.0
3120904,Curvelo - MG,1429.39,1015.5,80365.0
3121001,Datas - MG,862.29,644.8,5465.0
3121100,Delfim Moreira - MG,1261.35,908.0,7948.0
3121209,Delfinópolis - MG,1458.39,1066.67,8295.0
3121258,Delta - MG,1021.95,804.0,10469.0
3121308,Descoberto - MG,1143.37,950.0,4883.0
3121407,Desterro de Entre Rios - MG,1120.94,1000.0,7599.0
3121506,Desterro do Melo - MG,928.67,766.67,2967.0
3121605,Diamantina - MG,1544.4,940.5,47444.0
3121704,Diogo de Vasconcelos - MG,920.07,737.33,3549.0
3121803,Dionísio - MG,1053.51,808.0,6832.0
3121902,Divinésia - MG,1282.56,978.0,4226.0
3122009,Divino - MG,1200.86,806.0,20503.0
3122108,Divino das Laranjeiras - MG,1015.31,856.0,4178.0
3122207,Divinolândia de Minas - MG,913.25,670.67,6514.0
3122306,Divinópolis - MG,1835.09,1250.0,229969.0
3122355,Divisa Alegre - MG,846.99,606.0,6321.0
3122405,Divisa Nova - MG,1160.89,927.5,5831.0
3122454,Divisópolis - MG,721.76,600.0,10213.0
3122470,Dom Bosco - MG,1136.6,900.0,3694.0
3122504,Dom Cavati - MG,1192.51,1000.0,4873.0
3122603,Dom Joaquim - MG,1029.37,808.0,4890.0
3122702,Dom Silvério - MG,1266.36,1043.6,5205.0
3122801,Dom Viçoso - MG,1209.15,938.0,3095.0
3122900,Dona Euzébia - MG,1113.39,909.0,6090.0
3123007,Dores de Campos - MG,1188.87,1004.0,10005.0
3123106,Dores de Guanhães - MG,860.08,725.0,5026.0
3123205,Dores do Indaiá - MG,1495.21,1175.0,12521.0
3123304,Dores do Turvo - MG,1239.11,870.67,4976.0
3123403,Doresópolis - MG,1181.2,1106.0,1461.0
3123502,Douradoquara - MG,1368.13,1212.0,1829.0
3123528,Durandé - MG,1202.37,875.0,7817.0
3123601,Elói Mendes - MG,1354.11,1050.0,26262.0
3123700,Engenheiro Caldas - MG,968.64,800.0,13602.0
3123809,Engenheiro Navarro - MG,907.19,727.2,6347.0
3123858,Entre Folhas - MG,953.02,808.0,5179.0
3123908,Entre Rios de Minas - MG,1410.08,1066.67,14690.0
3124005,Ervália - MG,1238.49,1003.0,20119.0
3124104,Esmeraldas - MG,1207.13,900.0,85409.0
3124203,Espera Feliz - MG,1138.4,900.0,24095.0
3124302,Espinosa - MG,886.68,670.25,30418.0
3124401,Espírito Santo do Dourado - MG,1278.49,1070.67,6110.0
3124500,Estiva - MG,1161.12,1100.0,11467.0
3124609,Estrela Dalva - MG,988.21,804.0,2185.0
3124708,Estrela do Indaiá - MG,1427.99,1212.0,2753.0
3124807,Estrela do Sul - MG,1511.39,1212.0,6803.0
3124906,Eugenópolis - MG,1160.5,908.0,10619.0
3125002,Ewbank da Câmara - MG,991.7,825.0,3860.0
3125101,Extrema - MG,1657.54,1333.33,53196.0
3125200,Fama - MG,1435.88,1100.0,2578.0
3125309,Faria Lemos - MG,1089.64,836.0,3188.0
3125408,Felício dos Santos - MG,879.1,719.5,5128.0
3125507,São Gonçalo do Rio Preto - MG,1029.69,753.0,3005.0
3125606,Felisburgo - MG,906.32,627.33,6473.0
3125705,Felixlândia - MG,1319.2,1008.0,13933.0
3125804,Fernandes Tourinho - MG,1036.92,775.0,2789.0
3125903,Ferros - MG,1059.57,750.0,9533.0
3125952,Fervedouro - MG,944.84,737.33,10380.0
3126000,Florestal - MG,1858.14,1337.33,8010.0
3126109,Formiga - MG,1636.39,1212.0,67579.0
3126208,Formoso - MG,959.33,680.0,7912.0
3126307,Fortaleza de Minas - MG,1390.27,1166.67,3477.0
3126406,Fortuna de Minas - MG,1481.31,1004.0,3087.0
3126505,Francisco Badaró - MG,945.37,662.4,7352.0
3126604,Francisco Dumont - MG,895.8,668.67,4488.0
3126703,Francisco Sá - MG,904.49,642.4,22906.0
3126752,Franciscópolis - MG,746.03,600.0,5034.0
3126802,Frei Gaspar - MG,814.37,654.0,5640.0
3126901,Frei Inocêncio - MG,913.56,766.67,8108.0
3126950,Frei Lagonegro - MG,894.84,724.8,3391.0
3127008,Fronteira - MG,1354.64,1006.0,14531.0
3127057,Fronteira dos Vales - MG,831.76,644.8,4343.0
3127073,Fruta de Leite - MG,672.44,537.33,4647.0
3127107,Frutal - MG,1600.24,1200.0,58405.0
3127206,Funilândia - MG,1229.5,933.33,4683.0
3127305,Galiléia - MG,1147.43,868.67,6198.0
3127339,Gameleiras - MG,723.32,542.4,4779.0
3127354,Glaucilândia - MG,894.79,700.0,2928.0
3127370,Goiabeira - MG,1272.17,944.8,2830.0
3127388,Goianá - MG,1384.47,1120.0,4050.0
3127404,Gonçalves - MG,1786.45,1212.0,4717.0
3127503,Gonzaga - MG,866.16,650.0,5183.0
3127602,Gouveia - MG,1051.14,808.0,11274.0
3127701,Governador Valadares - MG,1605.1,1133.33,255072.0
3127800,Grão Mogol - MG,904.97,633.33,13825.0
3127909,Grupiara - MG,1419.3,1212.0,1390.0
3128006,Guanhães - MG,1379.63,1006.0,32099.0
3128105,Guapé - MG,1354.23,1085.67,13720.0
3128204,Guaraciaba - MG,939.25,756.0,9685.0
3128253,Guaraciama - MG,925.01,753.0,5044.0
3128303,Guaranésia - MG,1386.82,1200.0,18885.0
3128402,Guarani - MG,1345.45,1006.0,7682.0
3128501,Guarará - MG,1219.41,970.67,3149.0
3128600,Guarda-Mor - MG,1829.31,1212.0,6493.0
3128709,Guaxupé - MG,1699.14,1212.0,50708.0
3128808,Guidoval - MG,1330.9,1166.67,7102.0
3128907,Guimarânia - MG,1410.72,1040.5,8455.0
3129004,Guiricema - MG,1232.23,1070.67,7762.0
3129103,Gurinhatã - MG,1863.32,1212.0,5162.0
3129202,Heliodora - MG,1086.85,850.0,6100.0
3129301,Iapu - MG,1057.55,840.0,12001.0
3129400,Ibertioga - MG,1060.87,808.0,5143.0
3129509,Ibiá - MG,1577.5,1200.0,22079.0
3129608,Ibiaí - MG,774.15,666.67,6275.0
3129657,Ibiracatu - MG,702.48,542.4,5081.0
3129707,Ibiraci - MG,1255.07,940.0,10910.0
3129806,Ibirité - MG,1185.48,969.6,170297.0
3129905,Ibitiúra de Minas - MG,1530.84,1212.0,3315.0
3130002,Ibituruna - MG,1286.16,969.6,2667.0
3130051,Icaraí de Minas - MG,664.71,404.0,10631.0
3130101,Igarapé - MG,1434.96,1066.67,45767.0
3130200,Igaratinga - MG,1150.85,1004.0,10759.0
3130309,Iguatama - MG,1573.9,1212.0,6826.0
3130408,Ijaci - MG,1167.67,950.0,6992.0
3130507,Ilicínea - MG,1201.48,1000.0,12708.0
3130556,Imbé de Minas - MG,854.21,725.0,6968.0
3130606,Inconfidentes - MG,1353.68,1106.0,7301.0
3130655,Indaiabira - MG,751.52,606.0,6346.0
3130705,Indianópolis - MG,1534.43,1175.0,6108.0
3130804,Ingaí - MG,1349.36,1000.0,2548.0
3130903,Inhapim - MG,1150.02,875.0,22517.0
3131000,Inhaúma - MG,1288.32,933.33,6239.0
3131109,Inimutaba - MG,989.42,876.57,7344.0
3131158,Ipaba - MG,994.21,824.0,15959.0
3131208,Ipanema - MG,1163.65,900.0,19458.0
3131307,Ipatinga - MG,1763.63,1212.0,227279.0
3131406,Ipiaçu - MG,1429.29,1200.0,3755.0
3131505,Ipuiúna - MG,1406.05,1200.0,9086.0
3131604,Iraí de Minas - MG,1468.5,1125.0,7174.0
3131703,Itabira - MG,1619.03,1166.67,113104.0
3131802,Itabirinha - MG,1040.93,800.0,10351.0
3131901,Itabirito - MG,1629.67,1233.33,53139.0
3132008,Itacambira - MG,831.2,666.67,4252.0
3132107,Itacarambi - MG,765.85,606.0,17089.0
3132206,Itaguara - MG,1429.51,1212.0,13774.0
3132305,Itaipé - MG,757.17,526.67,10392.0
3132404,Itajubá - MG,1765.13,1200.0,91967.0
3132503,Itamarandiba - MG,1041.12,778.0,32692.0
3132602,Itamarati de Minas - MG,1027.88,808.0,3687.0
3132701,Itambacuri - MG,1048.66,737.33,20833.0
3132800,Itambé do Mato Dentro - MG,1014.0,803.25,2137.0
3132909,Itamogi - MG,1412.13,1181.0,10734.0
3133006,Itamonte - MG,1160.67,939.5,14757.0
3133105,Itanhandu - MG,1483.59,1175.0,15210.0
3133204,Itanhomi - MG,1161.06,866.67,11128.0
3133303,Itaobim - MG,1044.53,800.0,18899.0
3133402,Itapagipe - MG,1635.17,1200.0,13458.0
3133501,Itapecerica - MG,1320.83,1100.0,20945.0
3133600,Itapeva - MG,1207.05,1000.0,12631.0
3133709,Itatiaiuçu - MG,1307.86,1070.67,12806.0
3133758,Itaú de Minas - MG,1532.93,1212.0,14376.0
3133808,Itaúna - MG,1859.49,1312.0,96917.0
3133907,Itaverava - MG,1084.27,825.0,5639.0
3134004,Itinga - MG,685.0,533.33,13705.0
3134103,Itueta - MG,1287.31,1000.0,6055.0
3134202,Ituiutaba - MG,1700.41,1212.0,101917.0
3134301,Itumirim - MG,1162.49,870.67,6638.0
3134400,Iturama - MG,1765.14,1212.0,38105.0
3134509,Itutinga - MG,1471.5,1053.0,4205.0
3134608,Jaboticatubas - MG,1322.35,937.33,20293.0
3134707,Jacinto - MG,903.94,630.29,10985.0
3134806,Jacuí - MG,1127.99,908.0,7449.0
3134905,Jacutinga - MG,1537.09,1212.0,25405.0
3135001,Jaguaraçu - MG,1331.52,1100.0,3087.0
3135050,Jaíba - MG,865.12,625.0,37619.0
3135076,Jampruca - MG,912.29,720.0,4236.0
3135100,Janaúba - MG,1239.96,847.67,70331.0
3135209,Januária - MG,973.95,656.0,64842.0
3135308,Japaraíba - MG,1480.3,1212.0,4506.0
3135357,Japonvar - MG,741.5,587.5,8112.0
3135407,Jeceaba - MG,1320.57,1175.0,6188.0
3135456,Jenipapo de Minas - MG,747.96,600.0,6097.0
3135506,Jequeri - MG,904.68,670.67,12368.0
3135605,Jequitaí - MG,954.71,800.0,6414.0
3135704,Jequitibá - MG,1110.23,906.0,5879.0
3135803,Jequitinhonha - MG,877.23,606.0,23866.0
3135902,Jesuânia - MG,1172.13,909.0,5098.0
3136009,Joaíma - MG,767.77,604.0,13833.0
3136108,Joanésia - MG,1037.96,928.0,4325.0
3136207,João Monlevade - MG,1607.09,1212.0,79860.0
3136306,João Pinheiro - MG,1319.21,1000.0,46355.0
3136405,Joaquim Felício - MG,982.06,800.0,3823.0
3136504,Jordânia - MG,916.01,680.0,10282.0
3136520,José Gonçalves de Minas - MG,935.5,750.0,3967.0
3136553,José Raydan - MG,839.6,737.33,4268.0
3136579,Josenópolis - MG,729.18,600.0,3627.0
3136603,Nova União - MG,1219.03,1032.33,5909.0
3136652,Juatuba - MG,1183.0,944.57,30509.0
3136702,Juiz de Fora - MG,1983.62,1212.0,538701.0
3136801,Juramento - MG,885.82,656.0,3768.0
3136900,Juruaia - MG,1433.99,1203.0,11055.0
3136959,Juvenília - MG,678.48,514.8,5752.0
3137007,Ladainha - MG,759.02,600.0,14317.0
3137106,Lagamar - MG,1507.22,1200.0,6591.0
3137205,Lagoa da Prata - MG,1462.44,1142.0,51204.0
3137304,Lagoa dos Patos - MG,841.04,706.0,3313.0
3137403,Lagoa Dourada - MG,1077.38,820.0,12738.0
3137502,Lagoa Formosa - MG,1516.86,1200.0,18865.0
3137536,Lagoa Grande - MG,1274.2,1010.0,8963.0
3137601,Lagoa Santa - MG,2311.42,1404.0,74938.0
3137700,Lajinha - MG,1298.14,909.0,20789.0
3137809,Lambari - MG,1264.21,906.0,20308.0
3137908,Lamim - MG,991.2,710.4,3184.0
3138005,Laranjal - MG,1210.39,1000.0,5939.0
3138104,Lassance - MG,973.84,806.0,7104.0
3138203,Lavras - MG,1886.69,1204.0,104328.0
3138302,Leandro Ferreira - MG,1435.77,1200.0,3173.0
3138351,Leme do Prado - MG,956.16,800.0,4339.0
3138401,Leopoldina - MG,1401.68,938.4,50978.0
3138500,Liberdade - MG,1231.78,874.86,4720.0
3138609,Lima Duarte - MG,1266.34,920.0,17128.0
3138625,Limeira do Oeste - MG,1567.05,1233.33,8650.0
3138658,Lontra - MG,846.8,606.0,8781.0
3138674,Luisburgo - MG,974.3,766.67,6950.0
3138682,Luislândia - MG,592.92,471.0,6201.0
3138708,Luminárias - MG,1304.11,1056.0,5551.0
3138807,Luz - MG,1754.4,1212.0,17648.0
3138906,Machacalis - MG,941.72,744.8,6485.0
3139003,Machado - MG,1431.7,1125.0,37491.0
3139102,Madre de Deus de Minas - MG,1570.26,1110.86,5186.0
3139201,Malacacheta - MG,972.9,700.0,17361.0
3139250,Mamonas - MG,795.96,650.0,5997.0
3139300,Manga - MG,833.49,606.0,18688.0
3139409,Manhuaçu - MG,1343.65,1000.0,91468.0
3139508,Manhumirim - MG,1249.19,950.0,20422.0
3139607,Mantena - MG,1387.38,974.67,26314.0
3139706,Maravilhas - MG,1202.04,909.0,7329.0
3139805,Mar de Espanha - MG,1304.13,1100.0,12656.0
3139904,Maria da Fé - MG,1275.1,950.0,14194.0
3140001,Mariana - MG,1553.36,1089.6,60856.0
3140100,Marilac - MG,976.08,800.0,4215.0
3140159,Mário Campos - MG,1367.25,1002.4,15894.0
3140209,Maripá de Minas - MG,1385.29,1114.75,3377.0
3140308,Marliéria - MG,1319.11,1006.0,4585.0
3140407,Marmelópolis - MG,1119.38,704.8,3200.0
3140506,Martinho Campos - MG,1396.61,1212.0,13903.0
3140530,Martins Soares - MG,910.71,743.33,8396.0
3140555,Mata Verde - MG,860.93,601.33,9070.0
3140605,Materlândia - MG,949.39,772.5,3951.0
3140704,Mateus Leme - MG,1176.11,908.0,37722.0
3140803,Matias Barbosa - MG,1435.48,1053.0,14047.0
3140852,Matias Cardoso - MG,742.96,603.0,8763.0
3140902,Matipó - MG,906.79,670.67,18482.0
3141009,Mato Verde - MG,970.08,744.8,12030.0
3141108,Matozinhos - MG,1233.49,1000.0,37595.0
3141207,Matutina - MG,1804.53,1320.67,3814.0
3141306,Medeiros - MG,1685.36,1237.33,3889.0
3141405,Medina - MG,825.27,604.0,20054.0
3141504,Mendes Pimentel - MG,1068.8,853.0,5606.0
3141603,Mercês - MG,1172.23,908.0,10329.0
3141702,Mesquita - MG,1148.49,1000.0,5015.0
3141801,Minas Novas - MG,976.97,784.8,24319.0
3141900,Minduri - MG,1349.72,1100.0,3724.0
3142007,Mirabela - MG,881.64,628.0,13608.0
3142106,Miradouro - MG,1079.43,808.0,8937.0
3142205,Miraí - MG,1161.72,856.0,13584.0
3142254,Miravânia - MG,775.27,564.8,3985.0
3142304,Moeda - MG,1551.75,1170.67,5114.0
3142403,Moema - MG,1289.48,1120.0,7537.0
3142502,Monjolos - MG,1008.05,803.0,2169.0
3142601,Monsenhor Paulo - MG,1350.5,1000.0,8316.0
3142700,Montalvânia - MG,803.08,575.0,14060.0
3142809,Monte Alegre de Minas - MG,1418.59,1040.5,20090.0
3142908,Monte Azul - MG,951.14,706.0,20182.0
3143005,Monte Belo - MG,1358.18,1200.0,12994.0
3143104,Monte Carmelo - MG,1490.73,1200.0,47401.0
3143153,Monte Formoso - MG,590.22,475.0,4381.0
3143203,Monte Santo de Minas - MG,1325.93,1050.0,20616.0
3143302,Montes Claros - MG,1517.61,1000.0,411752.0
3143401,Monte Sião - MG,1480.8,1212.0,24002.0
3143450,Montezuma - MG,840.43,606.0,6859.0
3143500,Morada Nova de Minas - MG,1429.84,1204.0,9001.0
3143609,Morro da Garça - MG,1035.11,808.0,2411.0
3143708,Morro do Pilar - MG,866.26,675.0,3122.0
3143807,Munhoz - MG,1280.96,1026.67,7445.0
3143906,Muriaé - MG,1569.08,1150.0,103317.0
3144003,Mutum - MG,1238.2,909.0,27591.0
3144102,Muzambinho - MG,1798.02,1212.0,21801.0
3144201,Nacip Raydan - MG,889.64,606.0,2440.0
3144300,Nanuque - MG,1211.08,822.4,34798.0
3144359,Naque - MG,923.24,722.4,6299.0
3144375,Natalândia - MG,1143.35,990.0,3517.0
3144409,Natércia - MG,1484.28,1200.0,4651.0
3144508,Nazareno - MG,1296.31,906.0,8149.0
3144607,Nepomuceno - MG,1284.35,960.0,24836.0
3144656,Ninheira - MG,854.27,644.57,10573.0
3144672,Nova Belém - MG,924.7,756.0,3151.0
3144706,Nova Era - MG,1342.77,1006.0,17337.0
3144805,Nova Lima - MG,4299.91,1650.0,111258.0
3144904,Nova Módica - MG,1067.6,802.0,3661.0
3145000,Nova Ponte - MG,1505.83,1178.0,14562.0
3145059,Nova Porteirinha - MG,867.32,737.33,6696.0
3145109,Nova Resende - MG,1312.37,1070.67,16346.0
3145208,Nova Serrana - MG,1430.91,1212.0,105242.0
3145307,Novo Cruzeiro - MG,783.61,560.0,26849.0
3145356,Novo Oriente de Minas - MG,834.08,604.0,10248.0
3145372,Novorizonte - MG,807.48,625.0,4571.0
3145406,Olaria - MG,960.76,808.0,1945.0
3145455,Olhos-d'Água - MG,939.63,720.0,5378.0
3145505,Olímpio Noronha - MG,1089.87,850.0,2552.0
3145604,Oliveira - MG,1428.74,1070.67,38949.0
3145703,Oliveira Fortes - MG,1134.36,866.67,2027.0
3145802,Onça de Pitangui - MG,1216.35,974.67,2969.0
3145851,Oratórios - MG,1169.9,916.67,4914.0
3145877,Orizânia - MG,923.59,740.0,8437.0
3145901,Ouro Branco - MG,1833.06,1250.0,38677.0
3146008,Ouro Fino - MG,1461.23,1200.0,31955.0
3146107,Ouro Preto - MG,1611.45,1100.0,74463.0
3146206,Ouro Verde de Minas - MG,835.85,604.0,5733.0
3146255,Padre Carvalho - MG,707.54,565.2,5058.0
3146305,Padre Paraíso - MG,829.05,606.0,17246.0
3146404,Paineiras - MG,1322.83,1053.0,4196.0
3146503,Pains - MG,1405.87,1212.0,7978.0
3146552,Pai Pedro - MG,752.74,606.0,5550.0
3146602,Paiva - MG,1334.26,1093.33,1474.0
3146701,Palma - MG,1296.82,918.5,5680.0
3146750,Palmópolis - MG,795.77,606.0,6274.0
3146909,Papagaios - MG,1141.6,909.0,13828.0
3147006,Paracatu - MG,1559.79,1102.8,93448.0
3147105,Pará de Minas - MG,1716.59,1212.0,96402.0
3147204,Paraguaçu - MG,1407.18,1200.0,21657.0
3147303,Paraisópolis - MG,1498.2,1180.0,20396.0
3147402,Paraopeba - MG,1220.57,967.2,24072.0
3147501,Passabém - MG,1171.67,950.0,1593.0
3147600,Passa Quatro - MG,1257.17,926.67,15464.0
3147709,Passa Tempo - MG,1242.12,1004.0,8448.0
3147808,Passa Vinte - MG,1285.86,904.0,2233.0
3147907,Passos - MG,1683.36,1204.0,111641.0
3147956,Patis - MG,744.88,579.0,4834.0
3148004,Patos de Minas - MG,2004.61,1356.25,158607.0
3148103,Patrocínio - MG,1660.45,1212.0,89151.0
3148202,Patrocínio do Muriaé - MG,1451.69,1099.0,5569.0
3148301,Paula Cândido - MG,1095.6,822.67,8659.0
3148400,Paulistas - MG,1000.87,732.5,4359.0
3148509,Pavão - MG,804.53,646.25,8014.0
3148608,Peçanha - MG,982.01,700.0,17214.0
3148707,Pedra Azul - MG,900.24,603.0,24206.0
3148756,Pedra Bonita - MG,802.06,604.8,7317.0
3148806,Pedra do Anta - MG,1138.31,850.0,3305.0
3148905,Pedra do Indaiá - MG,1187.01,1000.0,4110.0
3149002,Pedra Dourada - MG,1009.99,856.0,2754.0
3149101,Pedralva - MG,1200.49,904.0,10703.0
3149150,Pedras de Maria da Cruz - MG,777.73,600.0,10379.0
3149200,Pedrinópolis - MG,1741.6,1237.33,3327.0
3149309,Pedro Leopoldo - MG,1581.33,1184.5,62449.0
3149408,Pedro Teixeira - MG,1111.61,903.2,1808.0
3149507,Pequeri - MG,1306.63,1070.67,3351.0
3149606,Pequi - MG,1495.68,1212.0,4155.0
3149705,Perdigão - MG,1374.87,1212.0,12249.0
3149804,Perdizes - MG,1572.06,1210.0,16917.0
3149903,Perdões - MG,1430.63,1200.0,21207.0
3149952,Periquito - MG,873.94,722.67,6553.0
3150000,Pescador - MG,965.48,642.86,3499.0
3150109,Piau - MG,1225.92,965.33,2796.0
3150158,Piedade de Caratinga - MG,1075.94,834.25,8513.0
3150208,Piedade de Ponte Nova - MG,1126.56,904.0,3946.0
3150307,Piedade do Rio Grande - MG,1286.04,1000.0,4604.0
3150406,Piedade dos Gerais - MG,1087.06,927.2,4961.0
3150505,Pimenta - MG,1514.49,1212.0,8558.0
3150539,Pingo-d'Água - MG,929.14,706.0,4680.0
3150570,Pintópolis - MG,795.88,620.0,7084.0
3150604,Piracema - MG,1357.43,1093.33,6672.0
3150703,Pirajuba - MG,1418.83,1115.0,5507.0
3150802,Piranga - MG,970.68,731.0,16930.0
3150901,Piranguçu - MG,1241.17,904.0,6011.0
3151008,Piranguinho - MG,1409.41,1106.0,9102.0
3151107,Pirapetinga - MG,1352.97,1000.0,11067.0
3151206,Pirapora - MG,1339.03,906.0,55094.0
3151305,Piraúba - MG,1245.52,975.0,11577.0
3151404,Pitangui - MG,1309.25,1025.0,26536.0
3151503,Piumhi - MG,1708.76,1212.0,35826.0
3151602,Planura - MG,1330.63,1050.0,11127.0
3151701,Poço Fundo - MG,1458.51,1200.0,16355.0
3151800,Poços de Caldas - MG,1994.5,1374.67,163324.0
3151909,Pocrane - MG,1000.98,803.0,8350.0
3152006,Pompéu - MG,1419.04,1037.33,30909.0
3152105,Ponte Nova - MG,1524.53,1075.0,57116.0
3152131,Ponto Chique - MG,788.63,606.0,3726.0
3152170,Ponto dos Volantes - MG,685.33,529.5,10883.0
3152204,Porteirinha - MG,948.26,678.25,37307.0
3152303,Porto Firme - MG,950.39,800.0,10531.0
3152402,Poté - MG,840.81,604.0,13592.0
3152501,Pouso Alegre - MG,1875.32,1250.0,150933.0
3152600,Pouso Alto - MG,1248.01,1000.0,6533.0
3152709,Prados - MG,1246.38,969.6,9013.0
3152808,Prata - MG,1557.71,1200.0,28179.0
3152907,Pratápolis - MG,1441.15,1200.0,8378.0
3153004,Pratinha - MG,1414.64,1007.33,3559.0
3153103,Presidente Bernardes - MG,1065.38,808.0,4834.0
3153202,Presidente Juscelino - MG,1096.77,808.0,3462.0
3153301,Presidente Kubitschek - MG,842.67,606.0,3069.0
3153400,Presidente Olegário - MG,1444.15,1212.0,18604.0
3153509,Alto Jequitibá - MG,1163.6,904.0,8351.0
3153608,Prudente de Morais - MG,1218.79,931.75,11451.0
3153707,Quartel Geral - MG,1266.0,969.6,3159.0
3153806,Queluzito - MG,1420.97,1074.67,1768.0
3153905,Raposos - MG,1370.14,1100.0,16272.0
3154002,Raul Soares - MG,1124.02,900.0,23368.0
3154101,Recreio - MG,1221.25,1008.0,11003.0
3154150,Reduto - MG,1143.36,900.0,7845.0
3154200,Resende Costa - MG,1360.95,969.6,11136.0
3154309,Resplendor - MG,1045.69,800.0,17173.0
3154408,Ressaquinha - MG,1235.77,925.0,4532.0
3154457,Riachinho - MG,1056.93,870.67,6858.0
3154507,Riacho dos Machados - MG,858.76,706.0,8750.0
3154606,Ribeirão das Neves - MG,1126.97,906.0,322647.0
3154705,Ribeirão Vermelho - MG,1337.9,1125.0,4078.0
3154804,Rio Acima - MG,1428.13,1100.75,10233.0
3154903,Rio Casca - MG,1235.03,904.0,12746.0
3155009,Rio Doce - MG,1332.87,1022.5,2484.0
3155108,Rio do Prado - MG,839.03,622.4,4637.0
3155207,Rio Espera - MG,959.91,800.0,5388.0
3155306,Rio Manso - MG,1284.38,1150.0,5561.0
3155405,Rio Novo - MG,1292.52,969.6,8458.0
3155504,Rio Paranaíba - MG,1446.33,1042.4,14403.0
3155603,Rio Pardo de Minas - MG,805.02,604.0,28161.0
3155702,Rio Piracicaba - MG,1311.82,1000.0,14552.0
3155801,Rio Pomba - MG,1509.58,1012.5,17355.0
3155900,Rio Preto - MG,1203.03,900.0,5135.0
3156007,Rio Vermelho - MG,904.3,664.8,12580.0
3156106,Ritápolis - MG,1335.21,974.67,4991.0
3156205,Rochedo de Minas - MG,1125.9,937.5,2289.0
3156304,Rodeiro - MG,1186.6,981.0,8625.0
3156403,Romaria - MG,1291.69,1095.0,3386.0
3156452,Rosário da Limeira - MG,1075.93,969.6,4713.0
3156502,Rubelita - MG,828.98,606.0,5679.0
3156601,Rubim - MG,812.9,605.45,10263.0
3156700,Sabará - MG,1462.1,1125.0,129281.0
3156809,Sabinópolis - MG,984.74,779.33,14225.0
3156908,Sacramento - MG,1829.52,1212.0,26499.0
3157005,Salinas - MG,1106.52,747.2,40053.0
3157104,Salto da Divisa - MG,810.38,606.0,6110.0
3157203,Santa Bárbara - MG,1324.19,973.0,30189.0
3157252,Santa Bárbara do Leste - MG,1083.66,909.0,8440.0
3157278,Santa Bárbara do Monte Verde - MG,953.43,750.0,3092.0
3157302,Santa Bárbara do Tugúrio - MG,1035.66,875.0,4208.0
3157336,Santa Cruz de Minas - MG,1112.25,909.0,8104.0
3157377,Santa Cruz de Salinas - MG,783.39,606.0,3905.0
3157401,Santa Cruz do Escalvado - MG,912.04,779.5,4673.0
3157500,Santa Efigênia de Minas - MG,915.08,760.0,4039.0
3157609,Santa Fé de Minas - MG,924.03,727.2,3518.0
3157658,Santa Helena de Minas - MG,673.3,478.0,5938.0
3157708,Santa Juliana - MG,1600.94,1212.0,15659.0
3157807,Santa Luzia - MG,1305.74,981.0,218575.0
3157906,Santa Margarida - MG,933.07,684.8,16359.0
3158003,Santa Maria de Itabira - MG,1194.25,904.0,10438.0
3158102,Santa Maria do Salto - MG,791.94,606.0,4743.0
3158201,Santa Maria do Suaçuí - MG,1032.69,780.0,12659.0
3158300,Santana da Vargem - MG,1385.2,1212.0,6678.0
3158409,Santana de Cataguases - MG,1005.32,909.0,3481.0
3158508,Santana de Pirapama - MG,910.44,706.0,7004.0
3158607,Santana do Deserto - MG,1164.44,924.8,3739.0
3158706,Santana do Garambéu - MG,1087.43,866.67,2130.0
3158805,Santana do Jacaré - MG,1217.31,1066.67,4186.0
3158904,Santana do Manhuaçu - MG,829.24,606.0,8975.0
3158953,Santana do Paraíso - MG,1389.43,1053.0,44766.0
3159001,Santana do Riacho - MG,1345.61,1000.0,5307.0
3159100,Santana dos Montes - MG,938.09,768.67,3464.0
3159209,Santa Rita de Caldas - MG,1494.51,1200.0,8415.0
3159308,Santa Rita de Jacutinga - MG,1178.73,904.0,4739.0
3159357,Santa Rita de Minas - MG,1018.16,808.0,6751.0
3159407,Santa Rita de Ibitipoca - MG,965.3,746.0,3291.0
3159506,Santa Rita do Itueto - MG,1088.91,870.67,5826.0
3159605,Santa Rita do Sapucaí - MG,1701.65,1212.0,40445.0
3159704,Santa Rosa da Serra - MG,1205.38,944.33,3371.0
3159803,Santa Vitória - MG,1529.62,1200.0,20869.0
3159902,Santo Antônio do Amparo - MG,1176.11,937.5,17228.0
3160009,Santo Antônio do Aventureiro - MG,1154.37,1008.0,3769.0
3160108,Santo Antônio do Grama - MG,1170.3,928.0,4229.0
3160207,Santo Antônio do Itambé - MG,719.21,500.0,3893.0
3160306,Santo Antônio do Jacinto - MG,721.83,600.0,10321.0
3160405,Santo Antônio do Monte - MG,1404.17,1125.0,27253.0
3160454,Santo Antônio do Retiro - MG,763.14,606.0,6629.0
3160504,Santo Antônio do Rio Abaixo - MG,1420.41,909.0,1808.0
3160603,Santo Hipólito - MG,1070.64,756.0,2703.0
3160702,Santos Dumont - MG,1222.91,903.43,42372.0
3160801,São Bento Abade - MG,1108.08,875.0,4710.0
3160900,São Brás do Suaçuí - MG,1526.19,1210.0,3980.0
3160959,São Domingos das Dores - MG,1159.89,844.8,5605.0
3161007,São Domingos do Prata - MG,1153.05,875.0,17289.0
3161056,São Félix de Minas - MG,1061.23,807.2,3199.0
3161106,São Francisco - MG,813.04,570.67,52575.0
3161205,São Francisco de Paula - MG,1205.09,1000.0,6187.0
3161304,São Francisco de Sales - MG,1313.75,1050.0,5727.0
3161403,São Francisco do Glória - MG,1258.54,1004.0,4798.0
3161502,São Geraldo - MG,1086.63,904.8,10256.0
3161601,São Geraldo da Piedade - MG,918.91,800.0,3295.0
3161650,São Geraldo do Baixio - MG,951.67,800.0,3143.0
3161700,São Gonçalo do Abaeté - MG,1212.62,900.0,7340.0
3161809,São Gonçalo do Pará - MG,1395.03,1180.0,11721.0
3161908,São Gonçalo do Rio Abaixo - MG,1260.15,1000.0,11717.0
3162005,São Gonçalo do Sapucaí - MG,1245.0,933.33,23919.0
3162104,São Gotardo - MG,1594.93,1212.0,40700.0
3162203,São João Batista do Glória - MG,1378.85,1200.0,7615.0
3162252,São João da Lagoa - MG,949.31,703.0,4822.0
3162302,São João da Mata - MG,1052.04,856.0,2914.0
3162401,São João da Ponte - MG,816.07,606.0,23803.0
3162450,São João das Missões - MG,657.0,524.8,13024.0
3162500,São João del Rei - MG,1691.04,1212.0,89447.0
3162559,São João do Manhuaçu - MG,930.4,666.0,11239.0
3162575,São João do Manteninha - MG,1096.76,928.0,5281.0
3162609,São João do Oriente - MG,1045.13,850.0,7061.0
3162658,São João do Pacuí - MG,772.21,564.8,3972.0
3162708,São João do Paraíso - MG,807.01,700.0,23910.0
3162807,São João Evangelista - MG,1109.19,704.0,15164.0
3162906,São João Nepomuceno - MG,1374.08,1057.5,25449.0
3162922,São Joaquim de Bicas - MG,1067.53,875.0,31255.0
3162948,São José da Barra - MG,1391.61,1070.67,7783.0
3162955,São José da Lapa - MG,1319.2,1070.67,26042.0
3163003,São José da Safira - MG,854.9,650.0,3806.0
3163102,São José da Varginha - MG,1189.68,1000.0,4532.0
3163201,São José do Alegre - MG,910.86,622.67,4122.0
3163300,São José do Divino - MG,1016.23,750.0,3464.0
3163409,São José do Goiabal - MG,1115.9,953.0,5386.0
3163508,São José do Jacuri - MG,819.84,606.0,6188.0
3163607,São José do Mantimento - MG,1087.61,933.33,2753.0
3163706,São Lourenço - MG,1781.22,1212.0,44367.0
3163805,São Miguel do Anta - MG,1126.44,850.0,6332.0
3163904,São Pedro da União - MG,1414.88,1210.0,4885.0
3164001,São Pedro dos Ferros - MG,1096.96,820.67,7137.0
3164100,São Pedro do Suaçuí - MG,993.57,804.0,5095.0
3164209,São Romão - MG,726.62,553.0,10294.0
3164308,São Roque de Minas - MG,2002.71,1250.0,7068.0
3164407,São Sebastião da Bela Vista - MG,1300.15,1000.0,6345.0
3164431,São Sebastião da Vargem Alegre - MG,1261.02,1000.0,3112.0
3164472,São Sebastião do Anta - MG,921.38,781.0,6191.0
3164506,São Sebastião do Maranhão - MG,756.62,600.0,10044.0
3164605,São Sebastião do Oeste - MG,1321.95,1133.33,8797.0
3164704,São Sebastião do Paraíso - MG,1629.1,1204.0,71370.0
3164803,São Sebastião do Rio Preto - MG,1044.03,900.0,1259.0
3164902,São Sebastião do Rio Verde - MG,1208.85,983.33,2274.0
3165008,São Tiago - MG,1406.52,1136.31,11170.0
3165107,São Tomás de Aquino - MG,1243.41,1038.5,6739.0
3165206,São Tomé das Letras - MG,1341.66,1022.4,6804.0
3165305,São Vicente de Minas - MG,1395.09,1000.0,6727.0
3165404,Sapucaí-Mirim - MG,1269.56,1000.0,6299.0
3165503,Sardoá - MG,845.55,625.0,5091.0
3165537,Sarzedo - MG,1461.78,1101.0,36844.0
3165552,Setubinha - MG,825.56,606.0,9915.0
3165560,Sem-Peixe - MG,1066.41,969.6,2433.0
3165578,Senador Amaral - MG,1195.38,1000.0,6193.0
3165602,Senador Cortes - MG,1126.28,909.0,2239.0
3165701,Senador Firmino - MG,1233.96,1000.0,7662.0
3165800,Senador José Bento - MG,1282.2,1133.33,2068.0
3165909,Senador Modestino Gonçalves - MG,935.44,799.2,3996.0
3166006,Senhora de Oliveira - MG,885.56,666.67,5473.0
3166105,Senhora do Porto - MG,961.01,733.33,3053.0
3166204,Senhora dos Remédios - MG,990.54,783.11,10378.0
3166303,Sericita - MG,996.25,803.0,7342.0
3166402,Seritinga - MG,1450.73,969.6,1817.0
3166501,Serra Azul de Minas - MG,738.71,600.0,3792.0
3166600,Serra da Saudade - MG,1411.95,1212.0,819.0
3166709,Serra dos Aimorés - MG,1016.56,750.0,6931.0
3166808,Serra do Salitre - MG,1573.89,1204.0,11785.0
3166907,Serrania - MG,1155.32,969.6,7593.0
3166956,Serranópolis de Minas - MG,811.29,650.0,4399.0
3167004,Serranos - MG,1182.63,909.0,1982.0
3167103,Serro - MG,923.2,613.0,21735.0
3167202,Sete Lagoas - MG,1668.6,1200.0,226528.0
3167301,Silveirânia - MG,1213.4,976.67,2306.0
3167400,Silvianópolis - MG,1597.35,1200.0,6133.0
3167509,Simão Pereira - MG,1350.4,870.67,2947.0
3167608,Simonésia - MG,1037.28,790.86,19674.0
3167707,Sobrália - MG,1139.19,870.67,5137.0
3167806,Soledade de Minas - MG,1255.32,1000.0,5608.0
3167905,Tabuleiro - MG,1166.15,856.0,4010.0
3168002,Taiobeiras - MG,1079.79,800.0,32878.0
3168051,Taparuba - MG,949.47,750.0,3387.0
3168101,Tapira - MG,1554.17,1133.33,4118.0
3168200,Tapiraí - MG,1331.31,1150.0,1690.0
3168309,Taquaraçu de Minas - MG,1209.1,825.0,4218.0
3168408,Tarumirim - MG,993.4,808.0,14601.0
3168507,Teixeiras - MG,1233.73,969.6,12205.0
3168606,Teófilo Otoni - MG,1338.49,848.4,136067.0
3168705,Timóteo - MG,1630.44,1212.0,81405.0
3168804,Tiradentes - MG,1872.35,1204.8,7649.0
3168903,Tiros - MG,1633.94,1212.0,7841.0
3169000,Tocantins - MG,1244.19,1000.0,16113.0
3169059,Tocos do Moji - MG,1301.34,1200.0,3821.0
3169109,Toledo - MG,1257.12,1033.33,7158.0
3169208,Tombos - MG,1491.51,1000.0,8568.0
3169307,Três Corações - MG,1370.02,1000.0,74296.0
3169356,Três Marias - MG,1333.18,1004.0,28788.0
3169406,Três Pontas - MG,1459.07,1083.33,55069.0
3169505,Tumiritinga - MG,895.69,750.0,5884.0
3169604,Tupaciguara - MG,1424.49,1166.67,25244.0
3169703,Turmalina - MG,1093.34,808.0,19907.0
3169802,Turvolândia - MG,1172.12,900.0,4891.0
3169901,Ubá - MG,1507.27,1150.0,102946.0
3170008,Ubaí - MG,803.38,550.0,11677.0
3170057,Ubaporanga - MG,1088.96,906.0,13017.0
3170107,Uberaba - MG,1939.6,1300.0,335567.0
3170206,Uberlândia - MG,2079.68,1333.33,711271.0
3170305,Umburatiba - MG,927.61,700.0,2681.0
3170404,Unaí - MG,1760.5,1212.0,85600.0
3170438,União de Minas - MG,1279.07,1062.4,3821.0
3170479,Uruana de Minas - MG,1091.98,833.33,3282.0
3170503,Urucânia - MG,1080.19,906.0,10574.0
3170529,Urucuia - MG,727.87,575.0,17435.0
3170578,Vargem Alegre - MG,1037.57,808.0,5780.0
3170602,Vargem Bonita - MG,1496.78,1212.0,2158.0
3170651,Vargem Grande do Rio Pardo - MG,881.5,750.0,4633.0
3170701,Varginha - MG,1874.49,1240.0,136027.0
3170750,Varjão de Minas - MG,1349.13,1125.0,6969.0
3170800,Várzea da Palma - MG,1062.12,808.0,33468.0
3170909,Varzelândia - MG,738.74,583.33,18833.0
3171006,Vazante - MG,1572.32,1212.0,19902.0
3171030,Verdelândia - MG,764.71,606.0,7635.0
3171071,Veredinha - MG,898.68,737.33,5181.0
3171105,Veríssimo - MG,1352.42,1000.0,3376.0
3171154,Vermelho Novo - MG,859.63,700.0,4896.0
3171204,Vespasiano - MG,1291.72,1000.0,128834.0
3171303,Viçosa - MG,1864.42,1130.0,76114.0
3171402,Vieiras - MG,1216.73,974.67,3690.0
3171501,Mathias Lobato - MG,907.26,708.0,3027.0
3171600,Virgem da Lapa - MG,959.9,756.0,11751.0
3171709,Virgínia - MG,987.85,828.0,8850.0
3171808,Virginópolis - MG,1116.83,823.33,10290.0
3171907,Virgolândia - MG,927.5,666.67,4533.0
3172004,Visconde do Rio Branco - MG,1493.02,1106.0,39082.0
3172103,Volta Grande - MG,1153.24,828.0,4440.0
3172202,Wenceslau Braz - MG,1240.48,928.36,2342.0
3200102,Afonso Cláudio - ES,1191.25,900.0,30595.0
3200136,Águia Branca - ES,1242.59,890.0,9708.0
3200169,Água Doce do Norte - ES,965.09,775.0,12036.0
3200201,Alegre - ES,1336.26,900.0,29123.0
3200300,Alfredo Chaves - ES,1469.82,1212.0,13812.0
3200359,Alto Rio Novo - ES,1247.98,922.4,7434.0
3200409,Anchieta - ES,1257.88,1000.0,29922.0
3200508,Apiacá - ES,1138.77,808.0,7219.0
3200607,Aracruz - ES,1507.13,1070.67,94456.0
3200706,Atílio Vivácqua - ES,1103.7,900.0,10529.0
3200805,Baixo Guandu - ES,1257.09,981.0,30605.0
3200904,Barra de São Francisco - ES,1262.47,931.0,42258.0
3201001,Boa Esperança - ES,1151.53,906.0,13535.0
3201100,Bom Jesus do Norte - ES,1133.04,904.0,10211.0
3201159,Brejetuba - ES,1016.25,800.0,12985.0
3201209,Cachoeiro de Itapemirim - ES,1516.3,1170.67,184445.0
3201308,Cariacica - ES,1244.17,978.0,351863.0
3201407,Castelo - ES,1634.05,1212.0,36897.0
3201506,Colatina - ES,1603.31,1212.0,118798.0
3201605,Conceição da Barra - ES,1122.43,770.67,27178.0
3201704,Conceição do Castelo - ES,1352.34,1100.0,11928.0
3201803,Divino de São Lourenço - ES,1119.67,808.0,5078.0
3201902,Domingos Martins - ES,1477.15,1166.67,35400.0
3202009,Dores do Rio Preto - ES,1182.1,900.0,6594.0
3202108,Ecoporanga - ES,1062.01,808.0,21852.0
3202207,Fundão - ES,1406.78,1040.0,17961.0
3202256,Governador Lindenberg - ES,1407.77,1100.0,11009.0
3202306,Guaçuí - ES,1302.02,891.33,29248.0
3202405,Guarapari - ES,1656.5,1070.67,123543.0
3202454,Ibatiba - ES,1074.38,845.0,25376.0
3202504,Ibiraçu - ES,1466.2,1100.0,11723.0
3202553,Ibitirama - ES,941.8,700.0,9520.0
3202603,Iconha - ES,1398.56,1200.0,12312.0
3202652,Irupi - ES,1269.82,1000.0,13652.0
3202702,Itaguaçu - ES,1255.55,1070.67,13581.0
3202801,Itapemirim - ES,1072.13,778.0,39808.0
3202900,Itarana - ES,1524.8,1200.0,10597.0
3203007,Iúna - ES,1187.08,866.67,28564.0
3203056,Jaguaré - ES,1288.05,933.33,28922.0
3203106,Jerônimo Monteiro - ES,1357.18,953.0,11542.0
3203130,João Neiva - ES,1585.86,1200.0,14079.0
3203163,Laranja da Terra - ES,1256.48,1053.0,11091.0
3203205,Linhares - ES,1472.5,1066.67,164912.0
3203304,Mantenópolis - ES,1099.96,837.33,12712.0
3203320,Marataízes - ES,1247.27,856.0,41798.0
3203346,Marechal Floriano - ES,1433.67,1167.5,17608.0
3203353,Marilândia - ES,1480.41,1212.0,12383.0
3203403,Mimoso do Sul - ES,1139.0,852.0,24403.0
3203502,Montanha - ES,1129.12,833.33,18874.0
3203601,Mucurici - ES,1025.33,726.0,5466.0
3203700,Muniz Freire - ES,1075.2,800.0,18148.0
3203809,Muqui - ES,1359.97,1070.67,13705.0
3203908,Nova Venécia - ES,1462.06,1100.0,48969.0
3204005,Pancas - ES,1188.19,822.4,18875.0
3204054,Pedro Canário - ES,1091.36,807.2,21401.0
3204104,Pinheiros - ES,1123.49,842.4,23742.0
3204203,Piúma - ES,1247.95,904.0,22280.0
3204252,Ponto Belo - ES,900.2,637.33,6497.0
3204302,Presidente Kennedy - ES,1101.94,806.0,13669.0
3204351,Rio Bananal - ES,1231.12,933.33,19200.0
3204401,Rio Novo do Sul - ES,1277.89,982.4,11063.0
3204500,Santa Leopoldina - ES,1155.17,909.0,13096.0
3204559,Santa Maria de Jetibá - ES,1374.43,1075.0,41636.0
3204609,Santa Teresa - ES,1744.55,1227.2,22767.0
3204658,São Domingos do Norte - ES,1228.15,1000.0,8340.0
3204708,São Gabriel da Palha - ES,1370.65,1098.33,32232.0
3204807,São José do Calçado - ES,1293.72,933.33,10778.0
3204906,São Mateus - ES,1400.64,975.0,122567.0
3204955,São Roque do Canaã - ES,1243.74,1127.2,10845.0
3205002,Serra - ES,1541.03,1100.0,518791.0
3205010,Sooretama - ES,1154.25,908.0,26488.0
3205036,Vargem Alta - ES,1316.67,1080.0,19545.0
3205069,Venda Nova do Imigrante - ES,1683.88,1212.0,23831.0
3205101,Viana - ES,1186.66,960.0,70674.0
3205150,Vila Pavão - ES,1069.92,808.0,8902.0
3205176,Vila Valério - ES,1199.07,1000.0,13669.0
3205200,Vila Velha - ES,2232.27,1306.0,458624.0
3205309,Vitória - ES,3351.64,1750.0,321973.0
3300100,Angra dos Reis - RJ,1463.14,1000.0,167250.0
3300159,Aperibé - RJ,1360.14,1166.67,11007.0
3300209,Araruama - RJ,1311.77,904.0,129069.0
3300225,Areal - RJ,1352.93,941.33,11821.0
3300233,Armação dos Búzios - RJ,1619.56,1166.67,39801.0
3300258,Arraial do Cabo - RJ,1466.08,1066.67,30978.0
3300308,Barra do Piraí - RJ,1422.6,1103.0,92746.0
3300407,Barra Mansa - RJ,1407.8,1034.0,169611.0
3300456,Belford Roxo - RJ,915.03,700.0,482876.0
3300506,Bom Jardim - RJ,1392.13,1007.2,28065.0
3300605,Bom Jesus do Itabapoana - RJ,1537.4,1050.0,34977.0
3300704,Cabo Frio - RJ,1549.33,1000.0,221651.0
3300803,Cachoeiras de Macacu - RJ,1212.66,813.75,56865.0
3300902,Cambuci - RJ,1315.25,942.4,14569.0
3300936,Carapebus - RJ,1132.9,833.33,13847.0
3300951,Comendador Levy Gasparian - RJ,1127.61,933.33,8657.0
3301009,Campos dos Goytacazes - RJ,1385.75,824.8,480870.0
3301108,Cantagalo - RJ,1207.29,808.0,19335.0
3301157,Cardoso Moreira - RJ,1077.5,833.33,12945.0
3301207,Carmo - RJ,1309.8,909.0,17047.0
3301306,Casimiro de Abreu - RJ,1378.38,1000.0,46037.0
3301405,Conceição de Macabu - RJ,1267.02,900.0,21000.0
3301504,Cordeiro - RJ,1414.42,1000.0,20757.0
3301603,Duas Barras - RJ,1155.27,850.0,10956.0
3301702,Duque de Caxias - RJ,1100.31,806.0,807611.0
3301801,Engenheiro Paulo de Frontin - RJ,1284.42,950.0,12197.0
3301850,Guapimirim - RJ,1197.43,818.67,51534.0
3301876,Iguaba Grande - RJ,1526.99,1066.67,27911.0
3301900,Itaboraí - RJ,1101.64,833.33,223881.0
3302007,Itaguaí - RJ,1199.57,840.0,116500.0
3302056,Italva - RJ,1227.13,925.0,14062.0
3302106,Itaocara - RJ,1421.51,1100.0,22799.0
3302205,Itaperuna - RJ,1520.46,1128.0,100264.0
3302254,Itatiaia - RJ,1527.73,1050.0,30731.0
3302270,Japeri - RJ,786.34,606.0,91200.0
3302304,Laje do Muriaé - RJ,1145.6,849.6,7333.0
3302403,Macaé - RJ,1876.38,1100.0,246111.0
3302452,Macuco - RJ,1289.93,903.0,5415.0
3302502,Magé - RJ,1036.31,792.86,226011.0
3302601,Mangaratiba - RJ,1501.02,1016.67,41205.0
3302700,Maricá - RJ,1707.99,1200.0,196819.0
3302809,Mendes - RJ,1399.3,1008.0,17470.0
3302858,Mesquita - RJ,1115.94,803.0,166750.0
3302908,Miguel Pereira - RJ,1784.0,1212.0,26549.0
3303005,Miracema - RJ,1414.6,920.0,26810.0
3303104,Natividade - RJ,1393.71,1019.67,15010.0
3303203,Nilópolis - RJ,1298.9,980.0,146627.0
3303302,Niterói - RJ,3577.32,2000.0,479684.0
3303401,Nova Friburgo - RJ,1757.65,1212.0,189255.0
3303500,Nova Iguaçu - RJ,1102.46,760.0,784434.0
3303609,Paracambi - RJ,1349.13,1000.0,41164.0
3303708,Paraíba do Sul - RJ,1216.57,870.67,41941.0
3303807,Paraty - RJ,1639.12,1100.0,45080.0
3303856,Paty do Alferes - RJ,1210.31,860.0,29554.0
3303906,Petrópolis - RJ,1822.76,1206.0,277618.0
3303955,Pinheiral - RJ,1366.9,1000.0,24266.0
3304003,Piraí - RJ,1462.21,1050.0,27474.0
3304102,Porciúncula - RJ,1404.53,956.0,17230.0
3304110,Porto Real - RJ,1237.94,935.0,20357.0
3304128,Quatis - RJ,1274.65,944.57,13669.0
3304144,Queimados - RJ,958.95,700.0,140297.0
3304151,Quissamã - RJ,1108.09,780.0,22380.0
3304201,Resende - RJ,1881.11,1212.0,128831.0
3304300,Rio Bonito - RJ,1407.84,1025.0,56188.0
3304409,Rio Claro - RJ,1232.33,975.0,17372.0
3304508,Rio das Flores - RJ,1181.25,862.4,8947.0
3304524,Rio das Ostras - RJ,1840.11,1212.0,156335.0
3304557,Rio de Janeiro - RJ,2515.32,1212.0,6170505.0
3304607,Santa Maria Madalena - RJ,1337.53,951.0,10193.0
3304706,Santo Antônio de Pádua - RJ,1308.22,942.4,41196.0
3304755,São Francisco de Itabapoana - RJ,939.48,666.67,45058.0
3304805,São Fidélis - RJ,1296.11,900.0,38910.0
3304904,São Gonçalo - RJ,1209.5,909.0,895231.0
3305000,São João da Barra - RJ,985.72,733.33,36496.0
3305109,São João de Meriti - RJ,1042.94,820.0,440790.0
3305133,São José de Ubá - RJ,1150.71,940.5,7065.0
3305158,São José do Vale do Rio Preto - RJ,1203.03,909.0,22080.0
3305208,São Pedro da Aldeia - RJ,1462.39,1000.0,103857.0
3305307,São Sebastião do Alto - RJ,1123.79,856.0,7750.0
3305406,Sapucaia - RJ,1246.5,984.0,17683.0
3305505,Saquarema - RJ,1491.0,1000.0,89322.0
3305554,Seropédica - RJ,1181.47,800.0,79900.0
3305604,Silva Jardim - RJ,1042.66,806.0,21320.0
3305703,Sumidouro - RJ,1223.03,1004.0,15206.0
3305752,Tanguá - RJ,959.96,750.0,31017.0
3305802,Teresópolis - RJ,1860.47,1166.67,164617.0
3305901,Trajano de Moraes - RJ,1120.83,808.0,10255.0
3306008,Três Rios - RJ,1438.62,1000.0,78166.0
3306107,Valença - RJ,1443.99,1003.33,67896.0
3306156,Varre-Sai - RJ,1108.62,800.0,10200.0
3306206,Vassouras - RJ,1519.05,1000.5,33935.0
3306305,Volta Redonda - RJ,1787.91,1222.22,260969.0
3500105,Adamantina - SP,1868.26,1337.33,34573.0
3500204,Adolfo - SP,1514.8,1212.0,4351.0
3500303,Aguaí - SP,1321.67,1016.67,31997.0
3500402,Águas da Prata - SP,1684.99,1300.0,7219.0
3500501,Águas de Lindóia - SP,1742.52,1356.0,17801.0
3500550,Águas de Santa Bárbara - SP,1946.69,1337.33,7170.0
3500600,Águas de São Pedro - SP,2932.68,2040.0,2774.0
3500709,Agudos - SP,1590.76,1212.0,37441.0
3500758,Alambari - SP,1317.23,1050.0,6132.0
3500808,Alfredo Marcondes - SP,1485.42,1212.0,4432.0
3500907,Altair - SP,1313.69,1200.0,3440.0
3501004,Altinópolis - SP,1391.26,1166.67,16770.0
3501103,Alto Alegre - SP,1349.61,1210.0,3841.0
3501152,Alumínio - SP,1523.42,1225.0,17277.0
3501202,Álvares Florence - SP,1429.27,1200.0,3898.0
3501301,Álvares Machado - SP,1462.07,1150.0,27204.0
3501400,Álvaro de Carvalho - SP,1137.02,950.0,3151.0
3501509,Alvinlândia - SP,1203.52,916.5,2885.0
3501608,Americana - SP,2358.27,1666.67,236512.0
3501707,Américo Brasiliense - SP,1233.06,1064.29,32908.0
3501806,Américo de Campos - SP,1580.65,1212.0,5868.0
3501905,Amparo - SP,1986.75,1462.5,67718.0
3502002,Analândia - SP,1677.47,1210.0,4584.0
3502101,Andradina - SP,1774.02,1258.33,57901.0
3502200,Angatuba - SP,1526.22,1176.0,23958.0
3502309,Anhembi - SP,1188.66,962.5,5666.0
3502408,Anhumas - SP,1409.42,1078.0,3998.0
3502507,Aparecida - SP,1468.76,1106.5,32347.0
3502606,Aparecida d'Oeste - SP,1418.94,1200.0,4064.0
3502705,Apiaí - SP,1148.15,900.0,24546.0
3502754,Araçariguama - SP,1464.76,1100.0,21460.0
3502804,Araçatuba - SP,2088.68,1350.0,199586.0
3502903,Araçoiaba da Serra - SP,1993.37,1300.0,32303.0
3503000,Aramina - SP,1628.68,1212.0,5397.0
3503109,Arandu - SP,1251.83,1050.0,6876.0
3503158,Arapeí - SP,1149.76,857.0,2330.0
3503208,Araraquara - SP,2128.11,1356.0,240412.0
3503307,Araras - SP,1910.5,1350.0,130547.0
3503356,Arco-Íris - SP,1178.32,1040.0,2044.0
3503406,Arealva - SP,1731.53,1237.33,8091.0
3503505,Areias - SP,1093.27,866.67,3507.0
3503604,Areiópolis - SP,1345.98,1120.0,10126.0
3503703,Ariranha - SP,1546.55,1250.0,7602.0
3503802,Artur Nogueira - SP,1649.8,1237.33,51436.0
3503901,Arujá - SP,1982.83,1206.0,86540.0
3503950,Aspásia - SP,1361.65,1212.0,1834.0
3504008,Assis - SP,1997.74,1407.2,99870.0
3504107,Atibaia - SP,2283.78,1470.0,157798.0
3504206,Auriflama - SP,1494.63,1212.0,13665.0
3504305,Avaí - SP,1349.49,1032.4,4483.0
3504404,Avanhandava - SP,1246.92,1000.0,11263.0
3504503,Avaré - SP,1769.85,1212.0,90564.0
3504602,Bady Bassitt - SP,1808.97,1400.0,27212.0
3504701,Balbinos - SP,1703.84,1228.0,1368.0
3504800,Bálsamo - SP,1568.8,1212.0,9596.0
3504909,Bananal - SP,1340.96,933.33,9944.0
3505005,Barão de Antonina - SP,1066.93,808.0,3498.0
3505104,Barbosa - SP,1080.41,906.0,5640.0
3505203,Bariri - SP,1755.66,1314.67,31522.0
3505302,Barra Bonita - SP,1853.96,1380.0,34245.0
3505351,Barra do Chapéu - SP,888.5,700.0,5179.0
3505401,Barra do Turvo - SP,1094.16,806.0,6867.0
3505500,Barretos - SP,1844.44,1328.0,121977.0
3505609,Barrinha - SP,1385.51,1133.33,32092.0
3505708,Barueri - SP,2412.35,1302.4,316026.0
3505807,Bastos - SP,1449.37,1178.0,21493.0
3505906,Batatais - SP,1826.35,1296.0,58231.0
3506003,Bauru - SP,2210.1,1400.0,371238.0
3506102,Bebedouro - SP,1734.11,1250.0,76151.0
3506201,Bento de Abreu - SP,1550.41,1212.0,2603.0
3506300,Bernardino de Campos - SP,1515.11,1133.33,10550.0
3506359,Bertioga - SP,1511.97,1000.0,64065.0
3506409,Bilac - SP,1639.46,1300.0,7286.0
3506508,Birigui - SP,1732.98,1256.0,118572.0
3506607,Biritiba Mirim - SP,1243.58,1000.0,29569.0
3506706,Boa Esperança do Sul - SP,1261.94,1044.8,12978.0
3506805,Bocaina - SP,1595.83,1250.0,11231.0
3506904,Bofete - SP,1480.67,1176.0,10429.0
3507001,Boituva - SP,1819.01,1266.67,61016.0
3507100,Bom Jesus dos Perdões - SP,1604.07,1206.0,21935.0
3507159,Bom Sucesso de Itararé - SP,1141.43,866.67,3554.0
3507209,Borá - SP,1323.39,1200.0,907.0
3507308,Boracéia - SP,1269.35,1125.0,4715.0
3507407,Borborema - SP,1614.88,1200.0,14188.0
3507456,Borebi - SP,1282.36,1060.0,2713.0
3507506,Botucatu - SP,1991.29,1333.33,144629.0
3507605,Bragança Paulista - SP,1941.5,1337.33,176152.0
3507704,Braúna - SP,1369.89,1150.0,5356.0
3507753,Brejo Alegre - SP,1329.38,1165.67,2526.0
3507803,Brodowski - SP,1711.42,1273.33,25157.0
3507902,Brotas - SP,1482.87,1100.0,23804.0
3508009,Buri - SP,996.87,720.0,20225.0
3508108,Buritama - SP,1627.85,1200.0,17142.0
3508207,Buritizal - SP,1763.97,1250.0,4344.0
3508306,Cabrália Paulista - SP,1242.79,1050.0,4290.0
3508405,Cabreúva - SP,1480.46,1212.0,46904.0
3508504,Caçapava - SP,1632.59,1141.33,95968.0
3508603,Cachoeira Paulista - SP,1383.47,928.0,31551.0
3508702,Caconde - SP,1386.07,1025.0,17018.0
3508801,Cafelândia - SP,1524.12,1200.0,16610.0
3508900,Caiabu - SP,1359.73,1200.0,3712.0
3509007,Caieiras - SP,1668.47,1200.0,94750.0
3509106,Caiuá - SP,1214.27,1000.0,4311.0
3509205,Cajamar - SP,1728.39,1212.0,92595.0
3509254,Cajati - SP,1206.25,873.86,28494.0
3509304,Cajobi - SP,1564.43,1212.0,9125.0
3509403,Cajuru - SP,1447.0,1093.33,23790.0
3509452,Campina do Monte Alegre - SP,1336.83,1070.67,5947.0
3509502,Campinas - SP,2678.6,1500.0,1134305.0
3509601,Campo Limpo Paulista - SP,1564.93,1200.0,77207.0
3509700,Campos do Jordão - SP,1626.97,1212.0,46652.0
3509809,Campos Novos Paulista - SP,1334.45,1025.0,4871.0
3509908,Cananéia - SP,1281.29,981.0,12228.0
3509957,Canas - SP,1174.28,853.0,4913.0
3510005,Cândido Mota - SP,1531.52,1208.0,29394.0
3510104,Cândido Rodrigues - SP,1528.06,1212.0,2889.0
3510153,Canitar - SP,1266.24,1040.0,6283.0
3510203,Capão Bonito - SP,1240.46,906.0,46229.0
3510302,Capela do Alto - SP,1062.65,808.0,20629.0
3510401,Capivari - SP,1570.15,1175.0,49991.0
3510500,Caraguatatuba - SP,1578.4,1050.0,133898.0
3510609,Carapicuíba - SP,1432.95,1068.25,386711.0
3510708,Cardoso - SP,1515.63,1212.0,11311.0
3510807,Casa Branca - SP,1545.95,1200.0,26466.0
3510906,Cássia dos Coqueiros - SP,1539.7,1200.0,2788.0
3511003,Castilho - SP,1419.26,1125.0,19806.0
3511102,Catanduva - SP,1898.84,1400.0,115606.0
3511201,Catiguá - SP,1398.86,1212.0,6997.0
3511300,Cedral - SP,1810.97,1356.0,12562.0
3511409,Cerqueira César - SP,1459.9,1150.0,20262.0
3511508,Cerquilho - SP,1839.05,1375.0,44525.0
3511607,Cesário Lange - SP,1256.04,1067.33,17949.0
3511706,Charqueada - SP,1454.08,1200.0,15523.0
3511904,Clementina - SP,1390.17,1133.33,6965.0
3512001,Colina - SP,1572.33,1212.0,18433.0
3512100,Colômbia - SP,1282.7,1070.67,6378.0
3512209,Conchal - SP,1349.53,1075.0,28035.0
3512308,Conchas - SP,1601.09,1200.0,15165.0
3512407,Cordeirópolis - SP,1684.38,1346.75,24458.0
3512506,Coroados - SP,1464.68,1210.0,5398.0
3512605,Coronel Macedo - SP,1281.73,1000.67,4280.0
3512704,Corumbataí - SP,1543.11,1236.0,4184.0
3512803,Cosmópolis - SP,1614.71,1250.0,59656.0
3512902,Cosmorama - SP,1404.7,1202.4,8716.0
3513009,Cotia - SP,2275.73,1308.0,273620.0
3513108,Cravinhos - SP,1576.75,1212.0,33215.0
3513207,Cristais Paulista - SP,1581.65,1200.0,9266.0
3513306,Cruzália - SP,1505.41,1200.0,2108.0
3513405,Cruzeiro - SP,1498.46,1084.8,74875.0
3513504,Cubatão - SP,1246.76,960.0,112380.0
3513603,Cunha - SP,1243.82,900.0,22067.0
3513702,Descalvado - SP,1726.15,1333.33,31615.0
3513801,Diadema - SP,1522.03,1180.0,392336.0
3513850,Dirce Reis - SP,1358.16,1212.0,1620.0
3513900,Divinolândia - SP,1682.61,1227.2,10941.0
3514007,Dobrada - SP,1361.96,1100.0,8759.0
3514106,Dois Córregos - SP,1357.54,1025.0,24359.0
3514205,Dolcinópolis - SP,1359.18,1200.0,2205.0
3514304,Dourado - SP,1694.59,1315.0,8075.0
3514403,Dracena - SP,1886.73,1356.0,44303.0
3514502,Duartina - SP,1624.7,1212.0,12306.0
3514601,Dumont - SP,1673.48,1266.67,9471.0
3514700,Echaporã - SP,1387.75,1100.0,6205.0
3514809,Eldorado - SP,1096.71,800.0,13051.0
3514908,Elias Fausto - SP,1295.02,1100.0,17678.0
3514924,Elisiário - SP,1535.69,1212.0,3138.0
3514957,Embaúba - SP,1354.87,1212.0,2323.0
3515004,Embu das Artes - SP,1249.69,970.67,250231.0
3515103,Embu-Guaçu - SP,1386.48,1000.0,66642.0
3515129,Emilianópolis - SP,1334.16,1166.67,3011.0
3515152,Engenheiro Coelho - SP,1609.27,1175.0,19438.0
3515186,Espírito Santo do Pinhal - SP,1838.17,1360.4,39611.0
3515194,Espírito Santo do Turvo - SP,1193.58,966.67,4153.0
3515202,Estrela d'Oeste - SP,1667.09,1300.0,9303.0
3515301,Estrela do Norte - SP,1405.87,1088.0,2701.0
3515350,Euclides da Cunha Paulista - SP,1077.55,882.4,7919.0
3515400,Fartura - SP,1482.13,1166.67,16592.0
3515509,Fernandópolis - SP,1853.8,1325.0,70989.0
3515608,Fernando Prestes - SP,1600.05,1257.0,5938.0
3515657,Fernão - SP,1270.67,1050.0,1655.0
3515707,Ferraz de Vasconcelos - SP,1201.71,968.0,178325.0
3515806,Flora Rica - SP,1376.01,1200.0,1487.0
3515905,Floreal - SP,1699.56,1212.0,2733.0
3516002,Flórida Paulista - SP,1313.48,1020.0,11567.0
3516101,Florínea - SP,1361.28,1125.0,2768.0
3516200,Franca - SP,1734.79,1250.0,350933.0
3516309,Francisco Morato - SP,1035.25,833.33,165053.0
3516408,Franco da Rocha - SP,1397.55,1076.0,140153.0
3516507,Gabriel Monteiro - SP,1710.43,1356.0,2763.0
3516606,Gália - SP,1433.66,1180.0,6353.0
3516705,Garça - SP,1612.63,1212.0,41941.0
3516804,Gastão Vidigal - SP,1377.87,1165.0,3244.0
3516853,Gavião Peixoto - SP,1489.75,1200.0,4701.0
3516903,General Salgado - SP,1735.05,1212.0,10262.0
3517000,Getulina - SP,1290.17,1000.0,8961.0
3517109,Glicério - SP,1412.75,1066.67,4124.0
3517208,Guaiçara - SP,1305.59,1033.33,11239.0
3517307,Guaimbê - SP,1235.95,1000.0,5509.0
3517406,Guaíra - SP,1685.85,1250.0,39195.0
3517505,Guapiaçu - SP,1671.55,1325.0,21659.0
3517604,Guapiara - SP,1032.99,750.0,17064.0
3517703,Guará - SP,1332.26,1053.0,18559.0
3517802,Guaraçaí - SP,1542.83,1212.0,7418.0
3517901,Guaraci - SP,1492.66,1153.0,10313.0
3518008,Guarani d'Oeste - SP,1226.38,1066.67,1968.0
3518107,Guarantã - SP,1310.94,1014.29,6397.0
3518206,Guararapes - SP,1575.63,1200.0,30972.0
3518305,Guararema - SP,1601.96,1137.33,31178.0
3518404,Guaratinguetá - SP,1872.42,1212.0,117122.0
3518503,Guareí - SP,1385.89,1141.33,12265.0
3518602,Guariba - SP,1320.05,1040.2,36699.0
3518701,Guarujá - SP,1416.67,1000.33,287037.0
3518800,Guarulhos - SP,1643.73,1133.33,1284479.0
3518859,Guatapará - SP,1428.08,1112.5,7286.0
3518909,Guzolândia - SP,1208.8,1000.0,4246.0
3519006,Herculândia - SP,1172.66,1000.0,9106.0
3519055,Holambra - SP,2545.63,1633.33,15052.0
3519071,Hortolândia - SP,1619.28,1233.33,232197.0
3519105,Iacanga - SP,1415.72,1100.33,10437.0
3519204,Iacri - SP,1368.52,1058.4,6131.0
3519253,Iaras - SP,1284.97,1000.0,5125.0
3519303,Ibaté - SP,1285.02,1000.0,32175.0
3519402,Ibirá - SP,1717.95,1306.0,11671.0
3519501,Ibirarema - SP,1429.78,1131.0,6362.0
3519600,Ibitinga - SP,1437.98,1200.0,59861.0
3519709,Ibiúna - SP,1324.95,1000.0,75466.0
3519808,Icém - SP,1574.21,1200.0,6913.0
3519907,Iepê - SP,1401.72,1133.33,7585.0
3520004,Igaraçu do Tietê - SP,1348.69,1133.33,22869.0
3520103,Igarapava - SP,1501.48,1200.0,26168.0
3520202,Igaratá - SP,1478.86,1033.33,10571.0
3520301,Iguape - SP,1336.34,1000.0,29052.0
3520400,Ilhabela - SP,1970.57,1350.0,34813.0
3520426,Ilha Comprida - SP,1392.2,1000.0,13327.0
3520442,Ilha Solteira - SP,2147.45,1480.0,25549.0
3520509,Indaiatuba - SP,2601.91,1666.67,254975.0
3520608,Indiana - SP,1627.06,1246.0,5090.0
3520707,Indiaporã - SP,1550.8,1200.0,4032.0
3520806,Inúbia Paulista - SP,1419.58,1212.0,3595.0
3520905,Ipaussu - SP,1441.01,1100.0,13699.0
3521002,Iperó - SP,1304.0,1000.8,33572.0
3521101,Ipeúna - SP,1722.53,1303.0,6830.0
3521150,Ipiguá - SP,1353.73,1106.0,6761.0
3521200,Iporanga - SP,1124.95,742.4,4036.0
3521309,Ipuã - SP,1452.66,1178.0,14441.0
3521408,Iracemápolis - SP,1866.43,1450.0,21935.0
3521507,Irapuã - SP,1334.09,1200.0,6843.0
3521606,Irapuru - SP,1356.24,1125.0,5881.0
3521705,Itaberá - SP,1205.06,948.0,17920.0
3521804,Itaí - SP,1400.91,1033.33,24103.0
3521903,Itajobi - SP,1572.71,1212.0,16948.0
3522000,Itaju - SP,1371.85,1122.5,3618.0
3522109,Itanhaém - SP,1374.2,950.0,112178.0
3522158,Itaoca - SP,1008.01,706.0,3422.0
3522208,Itapecerica da Serra - SP,1248.65,935.0,157848.0
3522307,Itapetininga - SP,1671.4,1200.0,154284.0
3522406,Itapeva - SP,1443.07,1000.0,89544.0
3522505,Itapevi - SP,1138.47,875.0,231940.0
3522604,Itapira - SP,1823.28,1340.0,71441.0
3522653,Itapirapuã Paulista - SP,1084.01,830.0,4305.0
3522703,Itápolis - SP,1675.41,1300.0,39435.0
3522802,Itaporanga - SP,1283.91,980.8,14033.0
3522901,Itapuí - SP,1421.09,1200.0,13609.0
3523008,Itapura - SP,1299.95,1000.0,3971.0
3523107,Itaquaquecetuba - SP,1101.16,900.0,369029.0
3523206,Itararé - SP,1297.43,970.67,44373.0
3523305,Itariri - SP,1027.49,750.0,15470.0
3523404,Itatiba - SP,2282.1,1550.0,121127.0
3523503,Itatinga - SP,1388.79,1100.0,18066.0
3523602,Itirapina - SP,1659.02,1200.0,13147.0
3523701,Itirapuã - SP,1202.12,1037.33,5756.0
3523800,Itobi - SP,1439.31,1200.0,8003.0
3523909,Itu - SP,1874.09,1300.0,167740.0
3524006,Itupeva - SP,2035.47,1400.0,70540.0
3524105,Ituverava - SP,1788.4,1233.33,37494.0
3524204,Jaborandi - SP,1584.97,1237.33,6197.0
3524303,Jaboticabal - SP,1948.36,1333.33,71593.0
3524402,Jacareí - SP,1799.5,1233.33,239975.0
3524501,Jaci - SP,1443.85,1200.0,7439.0
3524600,Jacupiranga - SP,1256.95,900.0,16063.0
3524709,Jaguariúna - SP,2045.01,1433.33,59131.0
3524808,Jales - SP,2077.24,1500.0,48620.0
3524907,Jambeiro - SP,1751.77,1178.0,6379.0
3525003,Jandira - SP,1628.78,1175.0,118014.0
3525102,Jardinópolis - SP,1536.17,1200.0,43287.0
3525201,Jarinu - SP,1368.78,1031.0,37482.0
3525300,Jaú - SP,1751.62,1300.0,132768.0
3525409,Jeriquara - SP,1491.08,1186.67,3863.0
3525508,Joanópolis - SP,1780.73,1250.0,12729.0
3525607,João Ramalho - SP,1261.53,1000.0,4371.0
3525706,José Bonifácio - SP,1697.31,1302.4,36510.0
3525805,Júlio Mesquita - SP,1240.61,1025.0,4254.0
3525854,Jumirim - SP,1366.75,1140.0,3056.0
3525904,Jundiaí - SP,2774.36,1810.0,441223.0
3526001,Junqueirópolis - SP,1638.65,1237.33,19098.0
3526100,Juquiá - SP,1160.51,845.0,17114.0
3526209,Juquitiba - SP,1076.35,800.0,27307.0
3526308,Lagoinha - SP,1368.11,1100.0,4984.0
3526407,Laranjal Paulista - SP,1556.49,1200.0,26189.0
3526506,Lavínia - SP,1527.78,1212.0,4801.0
3526605,Lavrinhas - SP,1164.45,880.0,7139.0
3526704,Leme - SP,1577.91,1200.0,97978.0
3526803,Lençóis Paulista - SP,1795.57,1375.0,66285.0
3526902,Limeira - SP,1932.42,1333.33,289962.0
3527009,Lindóia - SP,1690.27,1250.0,7014.0
3527108,Lins - SP,1864.07,1333.33,74187.0
3527207,Lorena - SP,1673.5,1166.67,84572.0
3527256,Lourdes - SP,1400.55,1212.0,1904.0
3527306,Louveira - SP,2025.97,1400.0,51769.0
3527405,Lucélia - SP,1571.18,1226.0,17479.0
3527504,Lucianópolis - SP,1464.02,1212.0,2369.0
3527603,Luís Antônio - SP,1381.42,1066.67,12265.0
3527702,Luiziânia - SP,1314.88,1075.0,4684.0
3527801,Lupércio - SP,1073.89,866.67,3981.0
3527900,Lutécia - SP,1451.06,1212.0,2661.0
3528007,Macatuba - SP,1555.42,1244.8,16785.0
3528106,Macaubal - SP,1516.91,1212.0,7450.0
3528205,Macedônia - SP,1428.56,1200.0,3950.0
3528304,Magda - SP,1547.56,1212.0,3161.0
3528403,Mairinque - SP,1607.36,1240.0,48945.0
3528502,Mairiporã - SP,1825.67,1200.0,93413.0
3528601,Manduri - SP,1661.83,1212.0,9835.0
3528700,Marabá Paulista - SP,1197.87,885.0,3492.0
3528809,Maracaí - SP,1465.29,1200.0,12673.0
3528858,Marapoama - SP,1526.46,1250.0,3292.0
3528908,Mariápolis - SP,1361.35,1200.0,3513.0
3529005,Marília - SP,2024.26,1375.0,235787.0
3529104,Marinópolis - SP,1441.96,1200.0,1860.0
3529203,Martinópolis - SP,1439.59,1133.33,23585.0
3529302,Matão - SP,1700.46,1307.67,78919.0
3529401,Mauá - SP,1478.74,1200.0,417255.0
3529500,Mendonça - SP,1756.32,1366.67,6159.0
3529609,Meridiano - SP,1579.55,1212.0,4572.0
3529658,Mesópolis - SP,1278.93,1066.67,1952.0
3529708,Miguelópolis - SP,1416.73,1066.67,19382.0
3529807,Mineiros do Tietê - SP,1304.7,1066.67,11200.0
3529906,Miracatu - SP,1125.4,813.0,18514.0
3530003,Mira Estrela - SP,1291.65,1212.0,3123.0
3530102,Mirandópolis - SP,1683.93,1212.0,23611.0
3530201,Mirante do Paranapanema - SP,1182.36,900.0,15835.0
3530300,Mirassol - SP,2049.55,1433.33,63188.0
3530409,Mirassolândia - SP,1322.05,1066.67,4662.0
3530508,Mococa - SP,1693.15,1212.0,67281.0
3530607,Mogi das Cruzes - SP,1851.39,1200.0,450724.0
3530706,Mogi Guaçu - SP,1747.34,1300.0,152619.0
3530805,Mogi Mirim - SP,2026.17,1375.0,91894.0
3530904,Mombuca - SP,1274.03,1000.0,3720.0
3531001,Monções - SP,1338.77,1100.0,1937.0
3531100,Mongaguá - SP,1287.82,1000.0,59183.0
3531209,Monte Alegre do Sul - SP,1992.61,1380.0,8601.0
3531308,Monte Alto - SP,1861.15,1466.67,47379.0
3531407,Monte Aprazível - SP,1691.5,1290.0,22235.0
3531506,Monte Azul Paulista - SP,1799.99,1250.0,18125.0
3531605,Monte Castelo - SP,1402.16,1200.0,4222.0
3531704,Monteiro Lobato - SP,1471.13,1031.43,4121.0
3531803,Monte Mor - SP,1367.63,1062.75,64614.0
3531902,Morro Agudo - SP,1397.0,1120.0,27893.0
3532009,Morungaba - SP,1680.58,1250.0,13568.0
3532058,Motuca - SP,1479.74,1212.0,4034.0
3532108,Murutinga do Sul - SP,1502.97,1212.0,3708.0
3532157,Nantes - SP,1361.26,1000.0,2660.0
3532207,Narandiba - SP,1397.19,1150.0,5710.0
3532306,Natividade da Serra - SP,1183.61,828.57,6988.0
3532405,Nazaré Paulista - SP,1356.62,1066.67,18179.0
3532504,Neves Paulista - SP,1828.88,1350.0,9662.0
3532603,Nhandeara - SP,1668.97,1212.0,9760.0
3532702,Nipoã - SP,1346.36,1150.0,4748.0
3532801,Nova Aliança - SP,1565.88,1266.67,6685.0
3532827,Nova Campina - SP,926.06,775.0,8492.0
3532843,Nova Canaã Paulista - SP,1499.45,1212.0,2032.0
3532868,Nova Castilho - SP,1681.27,1250.0,1062.0
3532900,Nova Europa - SP,1301.87,1002.6,9299.0
3533007,Nova Granada - SP,1455.77,1212.0,19389.0
3533106,Nova Guataporanga - SP,1356.94,1166.67,2149.0
3533205,Nova Independência - SP,1422.32,1133.33,4029.0
3533254,Novais - SP,1145.17,1000.0,4412.0
3533304,Nova Luzitânia - SP,1254.56,1033.33,2837.0
3533403,Nova Odessa - SP,1934.32,1500.0,61927.0
3533502,Novo Horizonte - SP,1693.96,1212.0,38150.0
3533601,Nuporanga - SP,1765.43,1333.33,7358.0
3533700,Ocauçu - SP,1349.57,1050.0,4328.0
3533809,Óleo - SP,1376.51,1200.0,2512.0
3533908,Olímpia - SP,1674.78,1250.0,54990.0
3534005,Onda Verde - SP,1480.85,1200.0,4767.0
3534104,Oriente - SP,1590.53,1230.0,6060.0
3534203,Orindiúva - SP,1567.59,1212.0,5997.0
3534302,Orlândia - SP,1737.14,1266.67,38283.0
3534401,Osasco - SP,1951.14,1250.25,725945.0
3534500,Oscar Bressane - SP,1469.93,1212.0,2470.0
3534609,Osvaldo Cruz - SP,1773.28,1212.0,30026.0
3534708,Ourinhos - SP,1834.77,1250.0,103651.0
3534757,Ouroeste - SP,1715.52,1212.0,10283.0
3534807,Ouro Verde - SP,1167.79,950.0,7779.0
3534906,Pacaembu - SP,1561.57,1212.0,9782.0
3535002,Palestina - SP,1569.56,1212.0,11443.0
3535101,Palmares Paulista - SP,1390.3,1103.0,9634.0
3535200,Palmeira d'Oeste - SP,1515.31,1212.0,8879.0
3535309,Palmital - SP,1582.67,1200.0,19566.0
3535408,Panorama - SP,1347.66,1066.67,14944.0
3535507,Paraguaçu Paulista - SP,1546.02,1166.67,39856.0
3535606,Paraibuna - SP,1390.47,1033.33,17625.0
3535705,Paraíso - SP,1744.46,1333.33,6096.0
3535804,Paranapanema - SP,1579.99,1100.0,19314.0
3535903,Paranapuã - SP,1515.68,1200.0,4031.0
3536000,Parapuã - SP,1490.2,1200.0,10560.0
3536109,Pardinho - SP,1633.36,1230.0,7138.0
3536208,Pariquera-Açu - SP,1435.07,1013.33,19193.0
3536257,Parisi - SP,1359.26,1212.0,2890.0
3536307,Patrocínio Paulista - SP,1342.63,1100.0,14476.0
3536406,Paulicéia - SP,1196.6,955.0,7930.0
3536505,Paulínia - SP,2680.07,1750.0,110102.0
3536570,Paulistânia - SP,1337.04,1075.0,2090.0
3536604,Paulo de Faria - SP,1373.91,1100.0,7178.0
3536703,Pederneiras - SP,1528.3,1200.0,44659.0
3536802,Pedra Bela - SP,1372.0,1200.0,6521.0
3536901,Pedranópolis - SP,1530.81,1250.0,2737.0
3537008,Pedregulho - SP,1428.33,1164.8,15473.0
3537107,Pedreira - SP,1769.5,1366.67,43033.0
3537156,Pedrinhas Paulista - SP,1839.31,1350.0,2804.0
3537206,Pedro de Toledo - SP,1125.29,875.0,11216.0
3537305,Penápolis - SP,1737.74,1250.0,61328.0
3537404,Pereira Barreto - SP,1619.12,1200.0,24052.0
3537503,Pereiras - SP,1397.46,1166.67,8707.0
3537602,Peruíbe - SP,1407.11,950.0,67926.0
3537701,Piacatu - SP,1450.85,1212.0,5490.0
3537800,Piedade - SP,1446.28,1190.67,52820.0
3537909,Pilar do Sul - SP,1571.17,1200.0,27511.0
3538006,Pindamonhangaba - SP,1610.98,1125.0,165091.0
3538105,Pindorama - SP,1694.67,1300.0,14474.0
3538204,Pinhalzinho - SP,1382.52,1150.0,15163.0
3538303,Piquerobi - SP,1304.25,1137.33,3264.0
3538501,Piquete - SP,1321.99,1005.0,12456.0
3538600,Piracaia - SP,1603.66,1243.5,25972.0
3538709,Piracicaba - SP,2145.67,1450.0,420046.0
3538808,Piraju - SP,1659.91,1212.0,29341.0
3538907,Pirajuí - SP,1707.81,1200.0,19099.0
3539004,Pirangi - SP,1696.01,1306.0,10849.0
3539103,Pirapora do Bom Jesus - SP,1199.19,975.0,18324.0
3539202,Pirapozinho - SP,1546.97,1250.0,25304.0
3539301,Pirassununga - SP,2014.47,1356.0,73348.0
3539400,Piratininga - SP,2157.6,1457.33,15014.0
3539509,Pitangueiras - SP,1363.54,1102.4,33655.0
3539608,Planalto - SP,1363.79,1166.67,4387.0
3539707,Platina - SP,1317.54,1070.67,3025.0
3539806,Poá - SP,1476.59,1150.0,103663.0
3539905,Poloni - SP,1589.47,1212.0,5574.0
3540002,Pompéia - SP,1904.12,1482.0,20148.0
3540101,Pongaí - SP,1724.87,1212.0,3392.0
3540200,Pontal - SP,1384.14,1100.0,36990.0
3540259,Pontalinda - SP,1217.5,1103.0,4127.0
3540309,Pontes Gestal - SP,1493.44,1206.0,2387.0
3540408,Populina - SP,1340.0,1078.0,4111.0
3540507,Porangaba - SP,1451.19,1025.0,10447.0
3540606,Porto Feliz - SP,1626.03,1212.0,55097.0
3540705,Porto Ferreira - SP,1719.41,1300.0,52580.0
3540754,Potim - SP,1092.82,866.67,17529.0
3540804,Potirendaba - SP,1696.31,1275.0,18466.0
3540853,Pracinha - SP,1252.86,1100.0,1427.0
3540903,Pradópolis - SP,1538.35,1200.0,17078.0
3541000,Praia Grande - SP,1795.56,1200.0,348515.0
3541059,Pratânia - SP,1368.51,1166.67,5126.0
3541109,Presidente Alves - SP,1520.64,1200.0,3804.0
3541208,Presidente Bernardes - SP,1619.0,1240.0,12411.0
3541307,Presidente Epitácio - SP,1428.42,1056.0,39247.0
3541406,Presidente Prudente - SP,2104.17,1365.0,223775.0
3541505,Presidente Venceslau - SP,1954.88,1356.0,34313.0
3541604,Promissão - SP,1506.74,1150.0,35004.0
3541653,Quadra - SP,1517.01,1166.67,3359.0
3541703,Quatá - SP,1377.34,1050.0,13127.0
3541802,Queiroz - SP,1374.71,1120.67,3259.0
3541901,Queluz - SP,1157.07,875.0,9089.0
3542008,Quintana - SP,1452.52,1212.0,7027.0
3542107,Rafard - SP,1616.59,1225.0,8965.0
3542206,Rancharia - SP,1424.04,1100.0,28519.0
3542305,Redenção da Serra - SP,1108.67,800.0,4493.0
3542404,Regente Feijó - SP,1607.09,1212.0,20106.0
3542503,Reginópolis - SP,1654.56,1300.0,5649.0
3542602,Registro - SP,1533.08,1066.67,58916.0
3542701,Restinga - SP,1215.0,1000.5,6392.0
3542800,Ribeira - SP,1092.39,804.0,3125.0
3542909,Ribeirão Bonito - SP,1436.29,1116.67,10954.0
3543006,Ribeirão Branco - SP,1023.29,793.5,18610.0
3543105,Ribeirão Corrente - SP,1222.84,1008.0,4608.0
3543204,Ribeirão do Sul - SP,1402.27,1120.0,4677.0
3543238,Ribeirão dos Índios - SP,1309.36,1150.0,2025.0
3543253,Ribeirão Grande - SP,1110.8,962.4,7450.0
3543303,Ribeirão Pires - SP,1660.3,1220.0,115091.0
3543402,Ribeirão Preto - SP,2507.29,1500.0,694306.0
3543501,Riversul - SP,1032.65,808.0,5592.0
3543600,Rifaina - SP,1599.06,1233.33,4009.0
3543709,Rincão - SP,1396.8,1166.67,9078.0
3543808,Rinópolis - SP,1359.86,1080.0,9219.0
3543907,Rio Claro - SP,2056.67,1466.67,200244.0
3544004,Rio das Pedras - SP,1563.69,1250.0,31328.0
3544103,Rio Grande da Serra - SP,1233.69,1000.0,44070.0
3544202,Riolândia - SP,1152.39,898.25,7861.0
3544251,Rosana - SP,1598.65,1200.0,17268.0
3544301,Roseira - SP,1393.07,1028.75,10812.0
3544400,Rubiácea - SP,1214.43,1000.0,2699.0
3544509,Rubinéia - SP,1417.38,1212.0,3815.0
3544608,Sabino - SP,1431.47,1200.0,5112.0
3544707,Sagres - SP,1184.76,1041.33,2474.0
3544806,Sales - SP,1449.56,1200.0,6414.0
3544905,Sales Oliveira - SP,1668.02,1333.33,11380.0
3545001,Salesópolis - SP,1326.05,1000.0,15058.0
3545100,Salmourão - SP,1280.67,1010.0,4788.0
3545159,Saltinho - SP,1814.85,1450.0,8161.0
3545209,Salto - SP,1902.87,1400.0,134115.0
3545308,Salto de Pirapora - SP,1536.7,1200.0,43640.0
3545407,Salto Grande - SP,1320.5,1016.67,8992.0
3545506,Sandovalina - SP,1322.62,1000.0,3515.0
3545605,Santa Adélia - SP,1450.23,1184.8,13973.0
3545704,Santa Albertina - SP,1489.31,1200.0,6341.0
3545803,Santa Bárbara d'Oeste - SP,1877.28,1500.0,182999.0
3546009,Santa Branca - SP,1448.84,1093.33,13949.0
3546108,Santa Clara d'Oeste - SP,1467.76,1206.0,2592.0
3546207,Santa Cruz da Conceição - SP,1761.73,1325.0,4274.0
3546256,Santa Cruz da Esperança - SP,1486.5,1067.2,2116.0
3546306,Santa Cruz das Palmeiras - SP,1607.04,1212.0,28864.0
3546405,Santa Cruz do Rio Pardo - SP,1738.78,1333.33,46328.0
3546504,Santa Ernestina - SP,1533.31,1212.0,6115.0
3546603,Santa Fé do Sul - SP,1938.25,1404.0,34666.0
3546702,Santa Gertrudes - SP,1593.01,1266.67,23501.0
3546801,Santa Isabel - SP,1412.6,1066.67,53039.0
3546900,Santa Lúcia - SP,1388.3,1175.0,7133.0
3547007,Santa Maria da Serra - SP,1491.6,1200.0,5243.0
3547106,Santa Mercedes - SP,1549.88,1103.0,2956.0
3547205,Santana da Ponte Pensa - SP,1574.52,1212.0,1670.0
3547304,Santana de Parnaíba - SP,3465.07,1500.0,153810.0
3547403,Santa Rita d'Oeste - SP,1350.25,1200.0,2733.0
3547502,Santa Rita do Passa Quatro - SP,1753.02,1300.0,24691.0
3547601,Santa Rosa de Viterbo - SP,1588.13,1200.0,23372.0
3547650,Santa Salete - SP,1589.31,1333.33,1641.0
3547700,Santo Anastácio - SP,1557.89,1200.0,17905.0
3547809,Santo André - SP,2460.93,1625.0,745814.0
3547908,Santo Antônio da Alegria - SP,1366.48,1150.0,6746.0
3548005,Santo Antônio de Posse - SP,1423.41,1200.0,23189.0
3548054,Santo Antônio do Aracanguá - SP,1499.77,1213.33,8376.0
3548104,Santo Antônio do Jardim - SP,1487.79,1212.0,6126.0
3548203,Santo Antônio do Pinhal - SP,1728.57,1212.0,7105.0
3548302,Santo Expedito - SP,1258.52,1114.8,3000.0
3548401,Santópolis do Aguapeí - SP,1254.45,1156.0,3899.0
3548500,Santos - SP,3237.52,2000.0,416677.0
3548609,São Bento do Sapucaí - SP,1710.26,1166.67,11610.0
3548708,São Bernardo do Campo - SP,2229.41,1500.0,809712.0
3548807,São Caetano do Sul - SP,3884.58,2500.0,164884.0
3548906,São Carlos - SP,2281.26,1475.0,253802.0
3549003,São Francisco - SP,1574.4,1212.0,2602.0
3549102,São João da Boa Vista - SP,1961.78,1350.0,92297.0
3549201,São João das Duas Pontes - SP,1560.38,1212.0,2580.0
3549250,São João de Iracema - SP,1454.39,1182.4,1844.0
3549300,São João do Pau d'Alho - SP,1578.37,1212.0,2232.0
3549409,São Joaquim da Barra - SP,1577.23,1233.33,48440.0
3549508,São José da Bela Vista - SP,1171.92,1000.0,7603.0
3549607,São José do Barreiro - SP,1251.77,799.8,3843.0
3549706,São José do Rio Pardo - SP,1547.43,1200.0,51956.0
3549805,São José do Rio Preto - SP,2410.09,1500.0,477228.0
3549904,São José dos Campos - SP,2276.81,1333.33,695304.0
3549953,São Lourenço da Serra - SP,1374.59,1000.0,16027.0
3550001,São Luiz do Paraitinga - SP,1465.87,1085.0,10277.0
3550100,São Manuel - SP,1448.66,1175.0,37209.0
3550209,São Miguel Arcanjo - SP,1302.75,1000.0,31931.0
3550308,São Paulo - SP,2713.36,1340.0,11394118.0
3550407,São Pedro - SP,1747.04,1350.0,38119.0
3550506,São Pedro do Turvo - SP,1416.03,1106.0,7200.0
3550605,São Roque - SP,2014.74,1313.5,79282.0
3550704,São Sebastião - SP,1607.55,1133.33,81505.0
3550803,São Sebastião da Grama - SP,1428.62,1200.0,10404.0
3550902,São Simão - SP,1642.69,1212.0,13406.0
3551009,São Vicente - SP,1451.91,1073.33,324223.0
3551108,Sarapuí - SP,1495.18,1142.4,10309.0
3551207,Sarutaiá - SP,1165.06,980.0,3658.0
3551306,Sebastianópolis do Sul - SP,1667.35,1300.0,3127.0
3551405,Serra Azul - SP,1340.01,1033.33,9002.0
3551504,Serrana - SP,1283.46,1075.0,43810.0
3551603,Serra Negra - SP,1836.39,1337.0,29824.0
3551702,Sertãozinho - SP,1797.64,1333.33,126722.0
3551801,Sete Barras - SP,1004.06,800.0,12695.0
3551900,Severínia - SP,1360.31,1150.0,14519.0
3552007,Silveiras - SP,1153.4,802.8,6174.0
3552106,Socorro - SP,1787.74,1325.0,39996.0
3552205,Sorocaba - SP,2165.31,1433.33,719489.0
3552304,Sud Mennucci - SP,1361.7,1100.0,7353.0
3552403,Sumaré - SP,1586.3,1200.0,279322.0
3552502,Suzano - SP,1407.5,1000.0,306990.0
3552551,Suzanápolis - SP,1343.1,1212.0,3408.0
3552601,Tabapuã - SP,1674.01,1250.0,11271.0
3552700,Tabatinga - SP,1493.36,1200.0,14749.0
3552809,Taboão da Serra - SP,1740.2,1250.0,273373.0
3552908,Taciba - SP,1391.05,1133.33,6260.0
3553005,Taguaí - SP,1290.18,1093.0,12642.0
3553104,Taiaçu - SP,1340.52,1133.33,5677.0
3553203,Taiúva - SP,1644.9,1212.0,5524.0
3553302,Tambaú - SP,1702.58,1250.0,21369.0
3553401,Tanabi - SP,1480.38,1212.0,25195.0
3553500,Tapiraí - SP,1156.39,904.0,7959.0
3553609,Tapiratiba - SP,1422.36,1200.0,11753.0
3553658,Taquaral - SP,1606.61,1200.0,2619.0
3553708,Taquaritinga - SP,1620.23,1212.0,52125.0
3553807,Taquarituba - SP,1515.25,1102.0,23155.0
3553856,Taquarivaí - SP,1253.48,935.33,6872.0
3553906,Tarabai - SP,1266.7,1018.0,6513.0
3553955,Tarumã - SP,1307.96,1100.0,14875.0
3554003,Tatuí - SP,1558.09,1200.0,123627.0
3554102,Taubaté - SP,1941.51,1275.0,309487.0
3554201,Tejupá - SP,1042.07,870.67,4127.0
3554300,Teodoro Sampaio - SP,1337.3,1050.0,22127.0
3554409,Terra Roxa - SP,1605.47,1212.0,7872.0
3554508,Tietê - SP,2011.6,1400.0,37547.0
3554607,Timburi - SP,1241.59,972.0,2449.0
3554656,Torre de Pedra - SP,1344.68,1175.0,2046.0
3554706,Torrinha - SP,1525.18,1200.0,9265.0
3554755,Trabiju - SP,1217.77,1000.0,1680.0
3554805,Tremembé - SP,1946.41,1200.0,44396.0
3554904,Três Fronteiras - SP,1569.16,1212.0,6797.0
3554953,Tuiuti - SP,1438.03,1181.0,6778.0
3555000,Tupã - SP,1848.89,1250.8,63353.0
3555109,Tupi Paulista - SP,1947.45,1328.0,14026.0
3555208,Turiúba - SP,1691.07,1228.0,1816.0
3555307,Turmalina - SP,1793.09,1387.33,1669.0
3555356,Ubarana - SP,1156.09,1004.0,5365.0
3555406,Ubatuba - SP,1615.62,1125.0,92799.0
3555505,Ubirajara - SP,1339.15,1050.0,5130.0
3555604,Uchoa - SP,1575.95,1212.0,10368.0
3555703,União Paulista - SP,1330.0,1175.0,1603.0
3555802,Urânia - SP,1502.78,1212.0,8807.0
3555901,Uru - SP,1489.99,1106.25,1385.0
3556008,Urupês - SP,1630.42,1263.0,13714.0
3556107,Valentim Gentil - SP,1475.19,1212.0,14067.0
3556206,Valinhos - SP,3127.28,1975.0,125975.0
3556305,Valparaíso - SP,1439.26,1160.0,21312.0
3556354,Vargem - SP,1452.82,1200.0,10505.0
3556404,Vargem Grande do Sul - SP,1350.12,1066.67,39999.0
3556453,Vargem Grande Paulista - SP,1929.62,1242.4,50294.0
3556503,Várzea Paulista - SP,1446.57,1200.0,115382.0
3556602,Vera Cruz - SP,1513.7,1178.0,10135.0
3556701,Vinhedo - SP,3247.77,1856.0,76246.0
3556800,Viradouro - SP,1399.34,1178.0,17372.0
3556909,Vista Alegre do Alto - SP,1473.26,1200.0,8109.0
3556958,Vitória Brasil - SP,1415.49,1212.0,1794.0
3557006,Votorantim - SP,1837.4,1284.8,127041.0
3557105,Votuporanga - SP,1789.36,1276.67,96364.0
3557154,Zacarias - SP,1437.75,1200.0,2692.0
3557204,Chavantes - SP,1348.48,1100.0,12155.0
3557303,Estiva Gerbi - SP,1645.48,1225.0,11215.0
4100103,Abatiá - PR,1096.83,920.0,7205.0
4100202,Adrianópolis - PR,1182.06,808.0,6247.0
4100301,Agudos do Sul - PR,1296.35,1000.0,10154.0
4100400,Almirante Tamandaré - PR,1352.58,1066.67,119376.0
4100459,Altamira do Paraná - PR,1382.24,978.0,3590.0
4100509,Altônia - PR,1362.99,1204.0,18637.0
4100608,Alto Paraná - PR,1448.91,1133.33,13852.0
4100707,Alto Piquiri - PR,1180.6,904.0,9681.0
4100806,Alvorada do Sul - PR,1538.57,1200.0,10195.0
4100905,Amaporã - PR,1067.49,933.33,4755.0
4101002,Ampére - PR,1815.06,1250.0,19589.0
4101051,Anahy - PR,1370.33,1212.0,2918.0
4101101,Andirá - PR,1578.21,1212.0,19813.0
4101150,Ângulo - PR,1394.7,1103.0,3235.0
4101200,Antonina - PR,1211.84,900.0,18056.0
4101309,Antônio Olinto - PR,1190.28,903.0,7011.0
4101408,Apucarana - PR,1770.29,1311.0,129608.0
4101507,Arapongas - PR,1778.09,1333.33,118982.0
4101606,Arapoti - PR,1526.02,1070.67,25754.0
4101655,Arapuã - PR,1226.76,933.33,3527.0
4101705,Araruna - PR,1513.63,1212.0,14470.0
4101804,Araucária - PR,1600.99,1250.0,151566.0
4101853,Ariranha do Ivaí - PR,1383.07,1119.25,2329.0
4101903,Assaí - PR,1275.36,1040.0,13675.0
4102000,Assis Chateaubriand - PR,1672.22,1212.0,36745.0
4102109,Astorga - PR,1554.91,1212.0,25405.0
4102208,Atalaia - PR,1709.41,1237.33,3839.0
4102307,Balsa Nova - PR,1606.33,1300.0,13387.0
4102406,Bandeirantes - PR,1502.12,1066.67,31134.0
4102505,Barbosa Ferraz - PR,1309.84,1041.33,10764.0
4102604,Barracão - PR,1469.89,1100.0,9698.0
4102703,Barra do Jacaré - PR,1473.07,1206.0,2813.0
4102752,Bela Vista da Caroba - PR,1750.4,1212.0,4031.0
4102802,Bela Vista do Paraíso - PR,1399.26,1075.0,14767.0
4102901,Bituruna - PR,1382.61,1125.0,15518.0
4103008,Boa Esperança - PR,1556.08,1212.0,4555.0
4103024,Boa Esperança do Iguaçu - PR,2185.28,1212.0,2448.0
4103040,Boa Ventura de São Roque - PR,1567.86,1070.67,6290.0
4103057,Boa Vista da Aparecida - PR,1272.15,1072.0,7916.0
4103107,Bocaiúva do Sul - PR,1328.2,1050.0,13256.0
4103156,Bom Jesus do Sul - PR,1545.13,1212.0,3980.0
4103206,Bom Sucesso - PR,1387.3,1170.67,6574.0
4103222,Bom Sucesso do Sul - PR,1788.27,1237.33,3202.0
4103305,Borrazópolis - PR,1549.47,1187.5,7735.0
4103354,Braganey - PR,1317.26,1182.4,4845.0
4103370,Brasilândia do Sul - PR,1443.73,1202.0,3699.0
4103404,Cafeara - PR,1490.03,1200.0,2627.0
4103453,Cafelândia - PR,1712.31,1375.0,18992.0
4103479,Cafezal do Sul - PR,1393.28,1200.0,4460.0
4103503,Califórnia - PR,1415.61,1200.0,8681.0
4103602,Cambará - PR,1436.07,1123.75,23075.0
4103701,Cambé - PR,1753.93,1280.0,106991.0
4103800,Cambira - PR,1624.96,1212.0,9457.0
4103909,Campina da Lagoa - PR,1619.88,1200.0,15688.0
4103958,Campina do Simão - PR,1316.21,842.86,3936.0
4104006,Campina Grande do Sul - PR,1514.06,1212.0,47716.0
4104055,Campo Bonito - PR,1444.58,1141.33,4024.0
4104105,Campo do Tenente - PR,1119.38,904.0,7500.0
4104204,Campo Largo - PR,1755.14,1304.0,136103.0
4104253,Campo Magro - PR,1402.36,1166.67,30139.0
4104303,Campo Mourão - PR,2064.25,1400.0,98760.0
4104402,Cândido de Abreu - PR,1245.36,833.33,15235.0
4104428,Candói - PR,1389.16,1000.0,14973.0
4104451,Cantagalo - PR,1380.05,981.0,10904.0
4104501,Capanema - PR,1827.28,1275.0,20413.0
4104600,Capitão Leônidas Marques - PR,1698.36,1250.0,14627.0
4104659,Carambeí - PR,1600.57,1200.0,23235.0
4104709,Carlópolis - PR,1441.28,1100.0,16816.0
4104808,Cascavel - PR,2217.32,1500.0,345722.0
4104907,Castro - PR,1568.37,1110.0,72917.0
4105003,Catanduvas - PR,1376.45,1035.33,10298.0
4105102,Centenário do Sul - PR,1244.49,1053.0,10789.0
4105201,Cerro Azul - PR,935.0,630.0,16123.0
4105300,Céu Azul - PR,1771.19,1306.67,11041.0
4105409,Chopinzinho - PR,1839.01,1250.0,21085.0
4105508,Cianorte - PR,1868.11,1366.67,79345.0
4105607,Cidade Gaúcha - PR,1589.25,1200.0,11414.0
4105706,Clevelândia - PR,1590.88,1070.67,15004.0
4105805,Colombo - PR,1526.6,1212.0,231972.0
4105904,Colorado - PR,1845.18,1332.33,22741.0
4106001,Congonhinhas - PR,1207.32,850.0,8310.0
4106100,Conselheiro Mairinck - PR,1357.56,1067.2,3461.0
4106209,Contenda - PR,1234.23,1000.0,19114.0
4106308,Corbélia - PR,1707.15,1251.25,17370.0
4106407,Cornélio Procópio - PR,1919.99,1366.67,44865.0
4106456,Coronel Domingos Soares - PR,1162.7,800.0,5632.0
4106506,Coronel Vivida - PR,1923.36,1356.0,23319.0
4106555,Corumbataí do Sul - PR,1219.96,1000.0,3756.0
4106571,Cruzeiro do Iguaçu - PR,1665.75,1224.0,4126.0
4106605,Cruzeiro do Oeste - PR,1571.31,1200.0,22535.0
4106704,Cruzeiro do Sul - PR,1407.88,1066.67,4492.0
4106803,Cruz Machado - PR,1245.38,950.0,15904.0
4106852,Cruzmaltina - PR,1308.84,1212.0,2892.0
4106902,Curitiba - PR,3137.92,1850.0,1765726.0
4107009,Curiúva - PR,1174.71,925.0,13627.0
4107108,Diamante do Norte - PR,1508.14,1212.0,5138.0
4107124,Diamante do Sul - PR,1190.65,933.33,3171.0
4107157,Diamante D'Oeste - PR,1469.26,1200.0,4548.0
4107207,Dois Vizinhos - PR,2032.62,1500.0,44740.0
4107256,Douradina - PR,1609.13,1212.0,9161.0
4107306,Doutor Camargo - PR,1607.28,1262.0,6327.0
4107405,Enéas Marques - PR,2211.98,1308.0,5974.0
4107504,Engenheiro Beltrão - PR,1697.37,1212.0,12421.0
4107520,Esperança Nova - PR,1417.1,1212.0,1849.0
4107538,Entre Rios do Oeste - PR,2240.05,1660.0,4570.0
4107546,Espigão Alto do Iguaçu - PR,1363.45,1000.0,4794.0
4107553,Farol - PR,1519.69,1100.0,3035.0
4107603,Faxinal - PR,1452.98,1003.0,16306.0
4107652,Fazenda Rio Grande - PR,1448.37,1200.0,148736.0
4107702,Fênix - PR,1434.14,1128.0,4463.0
4107736,Fernandes Pinheiro - PR,1162.7,906.0,6255.0
4107751,Figueira - PR,1371.25,1050.0,8062.0
4107801,Floraí - PR,1468.8,1212.0,4781.0
4107850,Flor da Serra do Sul - PR,1957.58,1212.0,4350.0
4107900,Floresta - PR,1457.38,1200.0,10454.0
4108007,Florestópolis - PR,1226.32,1000.0,11446.0
4108106,Flórida - PR,903.94,800.0,2652.0
4108205,Formosa do Oeste - PR,1600.27,1212.0,7635.0
4108304,Foz do Iguaçu - PR,1910.76,1250.0,282329.0
4108320,Francisco Alves - PR,1363.92,1164.8,8107.0
4108403,Francisco Beltrão - PR,2277.74,1566.67,95287.0
4108452,Foz do Jordão - PR,1270.58,1000.0,4926.0
4108502,General Carneiro - PR,1246.29,1000.0,11001.0
4108551,Godoy Moreira - PR,1320.61,1018.0,2977.0
4108601,Goioerê - PR,1577.15,1200.0,28361.0
4108650,Goioxim - PR,1183.13,803.0,6557.0
4108700,Grandes Rios - PR,1258.21,931.0,5606.0
4108809,Guaíra - PR,1631.65,1206.0,31915.0
4108908,Guairaçá - PR,1274.78,1064.8,6587.0
4108957,Guamiranga - PR,1305.12,1025.0,7818.0
4109005,Guapirama - PR,1337.57,964.8,4623.0
4109104,Guaporema - PR,1850.26,1314.29,2181.0
4109203,Guaraci - PR,1709.29,1341.33,4725.0
4109302,Guaraniaçu - PR,1490.34,1150.0,13686.0
4109401,Guarapuava - PR,1703.75,1200.0,180713.0
4109500,Guaraqueçaba - PR,974.13,692.4,7377.0
4109609,Guaratuba - PR,1685.43,1166.67,41947.0
4109658,Honório Serpa - PR,1708.91,1212.0,4918.0
4109708,Ibaiti - PR,1437.92,1150.0,28701.0
4109757,Ibema - PR,1329.26,1003.0,6218.0
4109807,Ibiporã - PR,1651.74,1212.0,51351.0
4109906,Icaraíma - PR,1338.6,1150.0,8934.0
4110003,Iguaraçu - PR,1388.72,1150.0,5338.0
4110052,Iguatu - PR,1480.17,1200.0,2140.0
4110078,Imbaú - PR,1176.57,925.0,14246.0
4110102,Imbituva - PR,1254.07,1000.0,29826.0
4110201,Inácio Martins - PR,1124.11,800.0,9664.0
4110300,Inajá - PR,1139.89,900.0,2536.0
4110409,Indianópolis - PR,1380.22,1200.0,4448.0
4110508,Ipiranga - PR,1507.37,1100.0,14131.0
4110607,Iporã - PR,1543.14,1206.0,15654.0
4110656,Iracema do Oeste - PR,1353.34,1170.67,2343.0
4110706,Irati - PR,1765.52,1220.0,59078.0
4110805,Iretama - PR,1310.73,1030.57,10592.0
4110904,Itaguajé - PR,1391.9,1159.0,4478.0
4110953,Itaipulândia - PR,1555.62,1212.0,11468.0
4111001,Itambaracá - PR,1287.62,962.4,5857.0
4111100,Itambé - PR,1536.99,1284.0,6111.0
4111209,Itapejara d'Oeste - PR,1613.14,1212.0,12296.0
4111258,Itaperuçu - PR,1035.18,900.0,31217.0
4111308,Itaúna do Sul - PR,1251.41,1102.4,3572.0
4111407,Ivaí - PR,1289.23,931.0,13167.0
4111506,Ivaiporã - PR,1764.64,1212.0,32598.0
4111555,Ivaté - PR,1318.3,1132.5,6831.0
4111605,Ivatuba - PR,1780.15,1241.67,2687.0
4111704,Jaboti - PR,1482.44,1071.5,5427.0
4111803,Jacarezinho - PR,1591.93,1189.33,40214.0
4111902,Jaguapitã - PR,1517.31,1218.0,15020.0
4112009,Jaguariaíva - PR,1418.37,1047.5,34961.0
4112108,Jandaia do Sul - PR,1763.44,1308.0,21297.0
4112207,Janiópolis - PR,1208.61,1004.0,5848.0
4112306,Japira - PR,1339.86,1100.0,4972.0
4112405,Japurá - PR,1684.55,1275.0,9144.0
4112504,Jardim Alegre - PR,1312.61,1133.33,11999.0
4112603,Jardim Olinda - PR,1120.71,920.0,1343.0
4112702,Jataizinho - PR,1263.41,1000.0,11773.0
4112751,Jesuítas - PR,1610.56,1212.0,10496.0
4112801,Joaquim Távora - PR,1481.83,1200.0,11858.0
4112900,Jundiaí do Sul - PR,1278.67,960.0,3333.0
4112959,Juranda - PR,1524.76,1200.0,7771.0
4113007,Jussara - PR,1489.41,1225.0,6682.0
4113106,Kaloré - PR,1400.13,1192.4,4530.0
4113205,Lapa - PR,1508.11,1147.33,44898.0
4113254,Laranjal - PR,1001.65,800.0,5600.0
4113304,Laranjeiras do Sul - PR,1801.68,1200.0,31953.0
4113403,Leópolis - PR,1313.79,1100.0,3749.0
4113429,Lidianópolis - PR,1256.59,1070.67,3933.0
4113452,Lindoeste - PR,1258.41,1120.0,5168.0
4113502,Loanda - PR,1760.13,1250.0,23062.0
4113601,Lobato - PR,1604.37,1212.0,4601.0
4113700,Londrina - PR,2332.51,1500.0,551961.0
4113734,Luiziana - PR,1271.33,942.4,6684.0
4113759,Lunardelli - PR,1265.28,1006.0,4872.0
4113809,Lupionópolis - PR,1332.01,1133.33,4791.0
4113908,Mallet - PR,1481.24,1150.0,13412.0
4114005,Mamborê - PR,1688.63,1203.0,13424.0
4114104,Mandaguaçu - PR,1651.0,1256.0,31411.0
4114203,Mandaguari - PR,1604.93,1233.33,36591.0
4114302,Mandirituba - PR,1269.58,1000.0,27414.0
4114351,Manfrinópolis - PR,1680.04,1212.0,2768.0
4114401,Mangueirinha - PR,1500.51,1141.33,16582.0
4114500,Manoel Ribas - PR,1828.41,1242.4,14229.0
4114609,Marechal Cândido Rondon - PR,2069.05,1500.0,55584.0
4114708,Maria Helena - PR,1434.22,1200.0,5860.0
4114807,Marialva - PR,1696.15,1300.0,41739.0
4114906,Marilândia do Sul - PR,1533.15,1187.5,8622.0
4115002,Marilena - PR,1287.26,1163.0,7253.0
4115101,Mariluz - PR,1300.28,1046.67,9804.0
4115200,Maringá - PR,2646.96,1766.67,407009.0
4115309,Mariópolis - PR,2076.62,1250.0,6368.0
4115358,Maripá - PR,1580.45,1212.0,6547.0
4115408,Marmeleiro - PR,2013.84,1250.0,15874.0
4115457,Marquinho - PR,1563.73,1100.0,4504.0
4115507,Marumbi - PR,1424.62,1204.0,4699.0
4115606,Matelândia - PR,1633.1,1300.0,18389.0
4115705,Matinhos - PR,1729.34,1200.0,39159.0
4115739,Mato Rico - PR,1179.56,900.0,3253.0
4115754,Mauá da Serra - PR,1055.56,820.0,9383.0
4115804,Medianeira - PR,2049.11,1500.0,54206.0
4115853,Mercedes - PR,1778.11,1278.67,5922.0
4115903,Mirador - PR,1213.96,975.0,2235.0
4116000,Miraselva - PR,1212.39,1125.0,1966.0
4116059,Missal - PR,1858.61,1433.33,11026.0
4116109,Moreira Sales - PR,1204.28,970.67,11118.0
4116208,Morretes - PR,1394.05,1000.0,18309.0
4116307,Munhoz de Melo - PR,1704.22,1212.0,3940.0
4116406,Nossa Senhora das Graças - PR,1612.61,1250.0,3669.0
4116505,Nova Aliança do Ivaí - PR,1455.89,1071.0,1323.0
4116604,Nova América da Colina - PR,1149.02,950.0,3280.0
4116703,Nova Aurora - PR,1730.42,1269.6,13740.0
4116802,Nova Cantu - PR,1355.91,1000.0,6787.0
4116901,Nova Esperança - PR,1663.04,1250.0,26546.0
4116950,Nova Esperança do Sudoeste - PR,2953.34,1496.0,5597.0
4117008,Nova Fátima - PR,1230.27,928.0,7225.0
4117057,Nova Laranjeiras - PR,1149.47,700.0,12057.0
4117107,Nova Londrina - PR,1559.23,1212.0,12872.0
4117206,Nova Olímpia - PR,1373.96,1133.33,5818.0
4117214,Nova Santa Bárbara - PR,1183.28,900.0,4184.0
4117222,Nova Santa Rosa - PR,1713.57,1261.0,8285.0
4117255,Nova Prata do Iguaçu - PR,2106.68,1300.0,12692.0
4117271,Nova Tebas - PR,1473.55,1000.0,6810.0
4117297,Novo Itacolomi - PR,1568.06,1212.0,3125.0
4117305,Ortigueira - PR,1156.6,833.33,24078.0
4117404,Ourizona - PR,1624.55,1200.0,3187.0
4117453,Ouro Verde do Oeste - PR,1323.87,1112.0,6775.0
4117503,Paiçandu - PR,1423.93,1212.0,45940.0
4117602,Palmas - PR,1515.41,1050.0,48109.0
4117701,Palmeira - PR,1563.68,1212.0,33778.0
4117800,Palmital - PR,1265.43,808.0,13030.0
4117909,Palotina - PR,2272.86,1525.0,34869.0
4118006,Paraíso do Norte - PR,1575.83,1250.0,13227.0
4118105,Paranacity - PR,1362.04,1083.33,9497.0
4118204,Paranaguá - PR,1570.84,1125.0,145398.0
4118303,Paranapoema - PR,1089.81,887.43,2391.0
4118402,Paranavaí - PR,1810.85,1300.0,91649.0
4118451,Pato Bragado - PR,1801.41,1450.0,5730.0
4118501,Pato Branco - PR,2309.92,1604.0,91594.0
4118600,Paula Freitas - PR,1665.15,1212.0,5666.0
4118709,Paulo Frontin - PR,1462.14,1125.0,6314.0
4118808,Peabiru - PR,1549.52,1200.0,13307.0
4118857,Perobal - PR,1393.26,1185.71,7175.0
4118907,Pérola - PR,1485.86,1200.0,11817.0
4119004,Pérola d'Oeste - PR,2376.5,1500.0,6214.0
4119103,Piên - PR,1421.44,1200.0,13653.0
4119152,Pinhais - PR,2122.76,1404.0,126347.0
4119202,Pinhalão - PR,1351.43,1021.5,6535.0
4119251,Pinhal de São Bento - PR,1639.07,1200.0,2761.0
4119301,Pinhão - PR,1121.81,800.0,29790.0
4119400,Piraí do Sul - PR,1409.0,1000.0,23611.0
4119509,Piraquara - PR,1420.03,1100.0,112000.0
4119608,Pitanga - PR,1584.1,1100.0,33500.0
4119657,Pitangueiras - PR,1609.52,1212.0,3015.0
4119707,Planaltina do Paraná - PR,1178.56,960.57,4066.0
4119806,Planalto - PR,2090.83,1400.0,14347.0
4119905,Ponta Grossa - PR,1891.65,1250.0,356305.0
4119954,Pontal do Paraná - PR,1644.82,1212.0,30413.0
4120002,Porecatu - PR,1614.47,1200.0,11492.0
4120101,Porto Amazonas - PR,1567.66,1200.0,4091.0
4120150,Porto Barreiro - PR,1915.74,1266.67,3107.0
4120200,Porto Rico - PR,2008.51,1474.67,3182.0
4120309,Porto Vitória - PR,1212.67,953.0,3533.0
4120333,Prado Ferreira - PR,1321.84,1030.0,3693.0
4120358,Pranchita - PR,2502.72,1500.0,5737.0
4120408,Presidente Castelo Branco - PR,1492.24,1212.0,4336.0
4120507,Primeiro de Maio - PR,1561.86,1212.0,10064.0
4120606,Prudentópolis - PR,1411.17,1095.0,49051.0
4120655,Quarto Centenário - PR,1287.55,1070.67,4201.0
4120705,Quatiguá - PR,1506.45,1200.0,8070.0
4120804,Quatro Barras - PR,2002.85,1375.0,24133.0
4120853,Quatro Pontes - PR,2437.06,1833.33,4480.0
4120903,Quedas do Iguaçu - PR,1425.0,1075.0,30571.0
4121000,Querência do Norte - PR,1373.66,1080.0,10676.0
4121109,Quinta do Sol - PR,1463.1,1200.0,4900.0
4121208,Quitandinha - PR,1211.25,980.0,18372.0
4121257,Ramilândia - PR,1122.96,960.0,4204.0
4121307,Rancho Alegre - PR,1381.13,1100.0,3512.0
4121356,Rancho Alegre D'Oeste - PR,1077.07,866.67,2615.0
4121406,Realeza - PR,2238.89,1440.0,19177.0
4121505,Rebouças - PR,1322.81,933.33,14504.0
4121604,Renascença - PR,1626.85,1200.0,6842.0
4121703,Reserva - PR,1228.72,900.0,24436.0
4121752,Reserva do Iguaçu - PR,1098.19,808.0,6549.0
4121802,Ribeirão Claro - PR,1565.81,1212.0,12333.0
4121901,Ribeirão do Pinhal - PR,1275.58,900.0,12957.0
4122008,Rio Azul - PR,1310.29,875.0,13927.0
4122107,Rio Bom - PR,1418.24,1187.33,3158.0
4122156,Rio Bonito do Iguaçu - PR,1218.66,866.67,13917.0
4122172,Rio Branco do Ivaí - PR,1163.27,933.33,3806.0
4122206,Rio Branco do Sul - PR,1030.48,825.0,37499.0
4122305,Rio Negro - PR,1799.19,1333.33,31189.0
4122404,Rolândia - PR,1663.39,1250.0,71258.0
4122503,Roncador - PR,1349.95,1100.0,11223.0
4122602,Rondon - PR,1514.88,1212.0,9092.0
4122651,Rosário do Ivaí - PR,1324.47,1033.33,5407.0
4122701,Sabáudia - PR,1580.46,1300.0,8822.0
4122800,Salgado Filho - PR,1865.95,1325.0,4061.0
4122909,Salto do Itararé - PR,1385.52,1082.4,5192.0
4123006,Salto do Lontra - PR,1937.98,1212.0,15220.0
4123105,Santa Amélia - PR,1219.36,904.0,3394.0
4123204,Santa Cecília do Pavão - PR,1194.03,1000.0,3338.0
4123303,Santa Cruz de Monte Castelo - PR,1566.91,1205.0,8570.0
4123402,Santa Fé - PR,1458.51,1200.0,11370.0
4123501,Santa Helena - PR,2128.29,1400.0,25458.0
4123600,Santa Inês - PR,1333.84,1050.0,1748.0
4123709,Santa Isabel do Ivaí - PR,1425.9,1200.0,8912.0
4123808,Santa Izabel do Oeste - PR,1908.59,1250.0,14053.0
4123824,Santa Lúcia - PR,1305.23,1207.2,3641.0
4123857,Santa Maria do Oeste - PR,1045.38,770.67,9934.0
4123907,Santa Mariana - PR,1464.31,1133.33,11046.0
4123956,Santa Mônica - PR,1158.56,983.33,3356.0
4124004,Santana do Itararé - PR,1360.85,1066.67,5482.0
4124020,Santa Tereza do Oeste - PR,1489.9,1160.0,13159.0
4124053,Santa Terezinha de Itaipu - PR,1690.18,1270.67,24242.0
4124103,Santo Antônio da Platina - PR,1439.66,1053.0,44201.0
4124202,Santo Antônio do Caiuá - PR,1309.09,1106.0,2491.0
4124301,Santo Antônio do Paraíso - PR,1340.41,1070.67,2125.0
4124400,Santo Antônio do Sudoeste - PR,1734.86,1212.0,23554.0
4124509,Santo Inácio - PR,1660.45,1212.0,6164.0
4124608,São Carlos do Ivaí - PR,1514.76,1212.0,6547.0
4124707,São Jerônimo da Serra - PR,1168.93,844.8,10798.0
4124806,São João - PR,1693.11,1233.33,11858.0
4124905,São João do Caiuá - PR,1220.35,941.33,5565.0
4125001,São João do Ivaí - PR,1435.26,1208.0,10596.0
4125100,São João do Triunfo - PR,1474.27,1053.0,13710.0
4125209,São Jorge d'Oeste - PR,1829.04,1200.0,9342.0
4125308,São Jorge do Ivaí - PR,1785.31,1308.0,5163.0
4125357,São Jorge do Patrocínio - PR,1373.72,1200.0,6493.0
4125407,São José da Boa Vista - PR,1395.21,965.0,6018.0
4125456,São José das Palmeiras - PR,1557.1,1212.0,3952.0
4125506,São José dos Pinhais - PR,1823.68,1333.33,328736.0
4125555,São Manoel do Paraná - PR,1301.92,1212.0,2138.0
4125605,São Mateus do Sul - PR,1568.37,1180.0,42332.0
4125704,São Miguel do Iguaçu - PR,1733.78,1225.0,29090.0
4125753,São Pedro do Iguaçu - PR,1478.95,1200.0,5734.0
4125803,São Pedro do Ivaí - PR,1588.58,1212.0,8685.0
4125902,São Pedro do Paraná - PR,1682.34,1333.33,2655.0
4126009,São Sebastião da Amoreira - PR,1305.25,920.0,8052.0
4126108,São Tomé - PR,1352.04,1180.0,5229.0
4126207,Sapopema - PR,1074.17,808.0,6649.0
4126256,Sarandi - PR,1461.61,1212.0,118336.0
4126272,Saudade do Iguaçu - PR,1875.4,1212.0,6108.0
4126306,Sengés - PR,1315.97,1025.0,17251.0
4126355,Serranópolis do Iguaçu - PR,1990.96,1500.0,5006.0
4126405,Sertaneja - PR,1730.01,1212.0,5616.0
4126504,Sertanópolis - PR,1843.32,1333.33,15909.0
4126603,Siqueira Campos - PR,1562.88,1212.0,22680.0
4126652,Sulina - PR,2593.96,1500.0,3434.0
4126678,Tamarana - PR,1129.05,850.0,10604.0
4126702,Tamboara - PR,1407.37,1100.0,4873.0
4126801,Tapejara - PR,1355.43,1165.5,15869.0
4126900,Tapira - PR,1376.12,1200.0,5713.0
4127007,Teixeira Soares - PR,1413.01,1040.0,9517.0
4127106,Telêmaco Borba - PR,1683.23,1233.33,74659.0
4127205,Terra Boa - PR,1465.38,1212.0,17544.0
4127304,Terra Rica - PR,1486.82,1135.5,14810.0
4127403,Terra Roxa - PR,1587.77,1212.0,18113.0
4127502,Tibagi - PR,1248.88,900.0,19926.0
4127601,Tijucas do Sul - PR,1318.51,1072.67,17536.0
4127700,Toledo - PR,2165.17,1600.0,150021.0
4127809,Tomazina - PR,1530.72,1166.67,8422.0
4127858,Três Barras do Paraná - PR,1602.6,1166.67,11130.0
4127882,Tunas do Paraná - PR,1119.88,808.0,6214.0
4127908,Tuneiras do Oeste - PR,1190.36,1000.0,8067.0
4127957,Tupãssi - PR,1663.51,1212.0,8077.0
4127965,Turvo - PR,1317.98,1000.0,14223.0
4128005,Ubiratã - PR,1637.48,1226.0,24693.0
4128104,Umuarama - PR,1959.13,1333.33,116781.0
4128203,União da Vitória - PR,1628.91,1212.0,54752.0
4128302,Uniflor - PR,1318.4,1178.0,2136.0
4128401,Uraí - PR,1578.68,1212.0,10386.0
4128500,Wenceslau Braz - PR,1431.15,1071.67,18996.0
4128534,Ventania - PR,1263.37,1000.0,9681.0
4128559,Vera Cruz do Oeste - PR,1368.31,1133.75,8215.0
4128609,Verê - PR,1887.7,1240.83,7929.0
4128625,Alto Paraíso - PR,1217.29,1030.0,3010.0
4128633,Doutor Ulysses - PR,893.21,658.33,5695.0
4128658,Virmond - PR,1641.92,1150.0,3800.0
4128708,Vitorino - PR,1800.07,1333.33,9706.0
4128807,Xambrê - PR,1278.58,1145.0,5790.0
4200051,Abdon Batista - SC,2127.38,1212.0,2578.0
4200101,Abelardo Luz - SC,1685.84,1200.0,17286.0
4200200,Agrolândia - SC,1683.01,1333.33,10983.0
4200309,Agronômica - SC,2206.89,1625.0,6055.0
4200408,Água Doce - SC,2200.72,1250.0,6495.0
4200507,Águas de Chapecó - SC,1626.84,1212.0,6036.0
4200556,Águas Frias - SC,2175.45,1600.0,2835.0
4200606,Águas Mornas - SC,1876.74,1459.0,6737.0
4200705,Alfredo Wagner - SC,1625.18,1212.0,10453.0
4200754,Alto Bela Vista - SC,2513.02,1806.0,1856.0
4200804,Anchieta - SC,2515.03,1456.0,5943.0
4200903,Angelina - SC,1380.1,1212.0,5358.0
4201000,Anita Garibaldi - SC,1468.32,1162.4,8281.0
4201109,Anitápolis - SC,1642.76,1250.0,3586.0
4201208,Antônio Carlos - SC,1801.02,1366.67,11199.0
4201257,Apiúna - SC,1835.23,1365.33,9811.0
4201273,Arabutã - SC,2056.91,1537.33,4367.0
4201307,Araquari - SC,1494.49,1200.0,45170.0
4201406,Araranguá - SC,1922.77,1400.0,71472.0
4201505,Armazém - SC,2061.11,1415.5,8821.0
4201604,Arroio Trinta - SC,2168.63,1666.67,3556.0
4201653,Arvoredo - SC,2237.43,1500.0,2504.0
4201703,Ascurra - SC,1713.62,1400.0,8297.0
4201802,Atalanta - SC,2095.5,1456.0,3225.0
4201901,Aurora - SC,2233.37,1666.67,6767.0
4201950,Balneário Arroio do Silva - SC,1530.6,1212.0,15720.0
4202008,Balneário Camboriú - SC,3583.85,2250.0,138778.0
4202057,Balneário Barra do Sul - SC,1709.56,1250.0,14907.0
4202073,Balneário Gaivota - SC,1743.57,1237.33,15643.0
4202081,Bandeirante - SC,1849.34,1312.0,3144.0
4202099,Barra Bonita - SC,2909.71,1666.67,1664.0
4202107,Barra Velha - SC,1670.39,1212.0,45174.0
4202131,Bela Vista do Toldo - SC,1195.56,1000.0,5854.0
4202156,Belmonte - SC,1798.71,1366.67,2658.0
4202206,Benedito Novo - SC,1654.16,1400.0,10502.0
4202305,Biguaçu - SC,1899.63,1428.0,76486.0
4202404,Blumenau - SC,2633.68,1855.0,358126.0
4202438,Bocaina do Sul - SC,1561.31,1206.0,3512.0
4202453,Bombinhas - SC,1964.03,1466.67,24884.0
4202503,Bom Jardim da Serra - SC,1591.86,1200.0,4021.0
4202537,Bom Jesus - SC,1602.98,1250.0,2777.0
4202578,Bom Jesus do Oeste - SC,2347.75,1666.67,2187.0
4202602,Bom Retiro - SC,1710.21,1212.0,8393.0
4202701,Botuverá - SC,1804.04,1500.0,5360.0
4202800,Braço do Norte - SC,1873.21,1400.0,33725.0
4202859,Braço do Trombudo - SC,1932.61,1549.33,3972.0
4202875,Brunópolis - SC,1449.82,1010.0,2485.0
4202909,Brusque - SC,2235.17,1666.67,140811.0
4203006,Caçador - SC,1873.8,1365.5,73641.0
4203105,Caibi - SC,2564.39,1500.0,6291.0
4203154,Calmon - SC,1031.92,837.33,3443.0
4203204,Camboriú - SC,1838.18,1500.0,102970.0
4203253,Capão Alto - SC,1338.98,1140.0,2625.0
4203303,Campo Alegre - SC,1633.87,1250.0,12446.0
4203402,Campo Belo do Sul - SC,1293.18,1000.0,7238.0
4203501,Campo Erê - SC,1921.14,1212.0,9582.0
4203600,Campos Novos - SC,1809.2,1275.0,36572.0
4203709,Canelinha - SC,1639.81,1315.0,12814.0
4203808,Canoinhas - SC,1821.76,1250.0,54649.0
4203907,Capinzal - SC,1812.66,1406.0,23154.0
4203956,Capivari de Baixo - SC,1711.32,1400.0,23903.0
4204004,Catanduvas - SC,1900.84,1425.0,10561.0
4204103,Caxambu do Sul - SC,2494.4,1350.0,4611.0
4204152,Celso Ramos - SC,1552.72,1170.0,2805.0
4204178,Cerro Negro - SC,1203.24,933.33,3315.0
4204194,Chapadão do Lageado - SC,1770.31,1350.0,2950.0
4204202,Chapecó - SC,2385.86,1666.67,252073.0
4204251,Cocal do Sul - SC,2094.01,1750.0,17208.0
4204301,Concórdia - SC,2277.94,1700.0,81028.0
4204350,Cordilheira Alta - SC,2130.12,1700.0,4781.0
4204400,Coronel Freitas - SC,2249.78,1598.0,10355.0
4204459,Coronel Martins - SC,2083.12,1353.0,2062.0
4204509,Corupá - SC,1989.39,1600.0,15229.0
4204558,Correia Pinto - SC,1531.4,1212.0,15673.0
4204608,Criciúma - SC,2235.77,1633.33,212164.0
4204707,Cunha Porã - SC,2191.07,1534.0,10868.0
4204756,Cunhataí - SC,2169.22,1502.0,1964.0
4204806,Curitibanos - SC,1806.18,1225.0,39944.0
4204905,Descanso - SC,2412.49,1675.0,8515.0
4205001,Dionísio Cerqueira - SC,2292.36,1212.0,14979.0
4205100,Dona Emma - SC,1899.35,1452.4,4204.0
4205159,Doutor Pedrinho - SC,1771.6,1456.0,3630.0
4205175,Entre Rios - SC,1241.72,990.0,3400.0
4205191,Ermo - SC,1847.57,1337.33,2248.0
4205209,Erval Velho - SC,1649.61,1212.0,4827.0
4205308,Faxinal dos Guedes - SC,1884.75,1374.0,11192.0
4205357,Flor do Sertão - SC,2168.65,1456.25,1783.0
4205407,Florianópolis - SC,3636.13,2087.5,532523.0
4205431,Formosa do Sul - SC,2102.36,1335.0,2675.0
4205456,Forquilhinha - SC,1664.12,1400.0,31353.0
4205506,Fraiburgo - SC,1714.52,1220.0,33386.0
4205555,Frei Rogério - SC,1788.63,1250.0,2411.0
4205605,Galvão - SC,2170.52,1358.0,3169.0
4205704,Garopaba - SC,2120.74,1500.0,29797.0
4205803,Garuva - SC,1603.44,1212.0,18489.0
4205902,Gaspar - SC,2016.67,1625.0,72447.0
4206009,Governador Celso Ramos - SC,1823.64,1400.0,16913.0
4206108,Grão-Pará - SC,2306.62,1502.4,6277.0
4206207,Gravatal - SC,1841.83,1466.67,12346.0
4206306,Guabiruba - SC,1933.97,1650.0,24533.0
4206405,Guaraciaba - SC,2834.02,1754.0,10786.0
4206504,Guaramirim - SC,1850.72,1500.0,46602.0
4206603,Guarujá do Sul - SC,2492.22,1616.0,4827.0
4206652,Guatambú - SC,1858.24,1404.0,8425.0
4206702,Herval d'Oeste - SC,1922.35,1515.0,21697.0
4206751,Ibiam - SC,2299.32,1628.0,2000.0
4206801,Ibicaré - SC,1917.72,1333.33,3269.0
4206900,Ibirama - SC,2075.03,1666.67,19835.0
4207007,Içara - SC,1976.0,1550.0,58994.0
4207106,Ilhota - SC,1724.1,1440.0,17025.0
4207205,Imaruí - SC,1397.34,1212.0,11881.0
4207304,Imbituba - SC,1867.08,1333.33,52226.0
4207403,Imbuia - SC,1900.55,1500.0,5955.0
4207502,Indaial - SC,1941.73,1550.0,71376.0
4207577,Iomerê - SC,2700.4,1722.4,2877.0
4207601,Ipira - SC,2074.85,1500.0,4578.0
4207650,Iporã do Oeste - SC,2584.82,1666.67,9264.0
4207684,Ipuaçu - SC,1290.53,837.33,7723.0
4207700,Ipumirim - SC,2372.79,1533.33,7804.0
4207759,Iraceminha - SC,2149.25,1500.0,3976.0
4207809,Irani - SC,1801.71,1416.67,10190.0
4207858,Irati - SC,2193.15,1666.67,2069.0
4207908,Irineópolis - SC,1443.53,1042.4,10245.0
4208005,Itá - SC,2845.16,1706.0,7048.0
4208104,Itaiópolis - SC,1585.77,1212.0,22030.0
4208203,Itajaí - SC,2365.7,1600.0,262290.0
4208302,Itapema - SC,2579.53,1700.0,75605.0
4208401,Itapiranga - SC,2634.98,1733.33,16622.0
4208450,Itapoá - SC,1795.93,1300.0,30667.0
4208500,Ituporanga - SC,2112.88,1625.0,26354.0
4208609,Jaborá - SC,2085.55,1300.0,4290.0
4208708,Jacinto Machado - SC,1613.26,1281.0,10624.0
4208807,Jaguaruna - SC,1851.84,1400.0,20365.0
4208906,Jaraguá do Sul - SC,2341.61,1772.86,181754.0
4208955,Jardinópolis - SC,2584.16,1700.0,1776.0
4209003,Joaçaba - SC,2837.07,2000.0,29835.0
4209102,Joinville - SC,2260.92,1600.0,614054.0
4209151,José Boiteux - SC,1488.38,1200.0,5984.0
4209177,Jupiá - SC,2527.58,1533.33,2553.0
4209201,Lacerdópolis - SC,2588.1,1750.0,2248.0
4209300,Lages - SC,2029.41,1348.57,164158.0
4209409,Laguna - SC,1700.15,1214.0,42580.0
4209458,Lajeado Grande - SC,2948.12,1704.0,1702.0
4209508,Laurentino - SC,2054.57,1600.0,7906.0
4209607,Lauro Müller - SC,1957.24,1525.0,14381.0
4209706,Lebon Régis - SC,1252.95,975.0,11472.0
4209805,Leoberto Leal - SC,1675.05,1304.0,3321.0
4209854,Lindóia do Sul - SC,1702.86,1333.33,4512.0
4209904,Lontras - SC,1799.95,1490.0,12865.0
4210001,Luiz Alves - SC,1830.61,1500.0,11684.0
4210035,Luzerna - SC,2502.26,1808.0,5790.0
4210050,Macieira - SC,1809.53,1266.67,1776.0
4210100,Mafra - SC,1806.38,1333.33,54974.0
4210209,Major Gercino - SC,1622.58,1214.0,3214.0
4210308,Major Vieira - SC,1244.76,1000.0,7405.0
4210407,Maracajá - SC,1861.57,1466.67,7754.0
4210506,Maravilha - SC,2146.03,1587.5,28060.0
4210555,Marema - SC,3440.45,2020.0,2182.0
4210605,Massaranduba - SC,1903.58,1625.0,17129.0
4210704,Matos Costa - SC,1198.14,962.4,2757.0
4210803,Meleiro - SC,1822.0,1406.0,6944.0
4210852,Mirim Doce - SC,1380.51,1200.0,2508.0
4210902,Modelo - SC,2525.48,1644.8,4080.0
4211009,Mondaí - SC,2163.03,1477.5,10032.0
4211058,Monte Carlo - SC,1157.98,929.67,9097.0
4211108,Monte Castelo - SC,1235.91,1010.0,7663.0
4211207,Morro da Fumaça - SC,1720.72,1358.5,18520.0
4211256,Morro Grande - SC,1647.35,1237.33,3007.0
4211306,Navegantes - SC,1738.92,1275.0,86196.0
4211405,Nova Erechim - SC,2798.97,1670.67,5151.0
4211454,Nova Itaberaba - SC,2406.86,1610.0,4532.0
4211504,Nova Trento - SC,2047.66,1666.67,13684.0
4211603,Nova Veneza - SC,1877.88,1518.6,13566.0
4211652,Novo Horizonte - SC,2185.28,1428.0,2643.0
4211702,Orleans - SC,2065.31,1525.25,23661.0
4211751,Otacílio Costa - SC,1792.79,1433.33,17260.0
4211801,Ouro - SC,2446.42,1657.0,7019.0
4211850,Ouro Verde - SC,1508.02,1212.0,2180.0
4211876,Paial - SC,1673.43,1250.0,1927.0
4211892,Painel - SC,1156.41,850.0,2210.0
4211900,Palhoça - SC,2029.43,1500.0,221575.0
4212007,Palma Sola - SC,2139.93,1371.43,7594.0
4212056,Palmeira - SC,1501.95,1212.0,2557.0
4212106,Palmitos - SC,1913.03,1333.33,15570.0
4212205,Papanduva - SC,1568.58,1200.0,19150.0
4212239,Paraíso - SC,2750.48,1666.67,4225.0
4212254,Passo de Torres - SC,1750.71,1212.0,12868.0
4212270,Passos Maia - SC,1587.67,1137.33,4014.0
4212304,Paulo Lopes - SC,1513.69,1212.0,9046.0
4212403,Pedras Grandes - SC,1875.23,1410.0,4236.0
4212502,Penha - SC,1753.22,1333.33,33584.0
4212601,Peritiba - SC,2454.13,1750.0,2992.0
4212650,Pescaria Brava - SC,1490.29,1250.0,10170.0
4212700,Petrolândia - SC,3308.39,1333.33,6714.0
4212809,Balneário Piçarras - SC,2255.06,1517.0,27038.0
4212908,Pinhalzinho - SC,2285.95,1700.0,21861.0
4213005,Pinheiro Preto - SC,2022.36,1666.67,3473.0
4213104,Piratuba - SC,1775.54,1425.0,5733.0
4213153,Planalto Alegre - SC,1901.26,1500.0,2946.0
4213203,Pomerode - SC,2135.56,1666.67,34199.0
4213302,Ponte Alta - SC,1329.52,1000.0,4437.0
4213351,Ponte Alta do Norte - SC,1197.09,1000.0,3198.0
4213401,Ponte Serrada - SC,1564.49,1212.0,10606.0
4213500,Porto Belo - SC,2069.1,1500.0,27562.0
4213609,Porto União - SC,1898.25,1333.33,32708.0
4213708,Pouso Redondo - SC,1720.92,1300.0,17098.0
4213807,Praia Grande - SC,1478.65,1212.0,8244.0
4213906,Presidente Castello Branco - SC,1871.95,1400.0,1680.0
4214003,Presidente Getúlio - SC,1966.13,1500.0,20002.0
4214102,Presidente Nereu - SC,1951.22,1400.0,2284.0
4214151,Princesa - SC,2349.85,1481.0,2953.0
4214201,Quilombo - SC,1806.72,1350.0,11016.0
4214300,Rancho Queimado - SC,2011.61,1306.0,3265.0
4214409,Rio das Antas - SC,1809.13,1300.0,6247.0
4214508,Rio do Campo - SC,2058.98,1366.67,6430.0
4214607,Rio do Oeste - SC,2489.7,1666.67,7630.0
4214706,Rio dos Cedros - SC,1654.22,1456.0,10846.0
4214805,Rio do Sul - SC,2416.85,1750.0,72212.0
4214904,Rio Fortuna - SC,1801.19,1500.0,4732.0
4215000,Rio Negrinho - SC,1592.73,1300.0,39179.0
4215059,Rio Rufino - SC,1770.92,1212.0,2397.0
4215075,Riqueza - SC,1853.54,1350.0,4765.0
4215109,Rodeio - SC,1885.06,1625.0,12751.0
4215208,Romelândia - SC,2356.31,1500.0,4802.0
4215307,Salete - SC,1842.19,1506.0,7480.0
4215356,Saltinho - SC,1583.41,1212.0,3632.0
4215406,Salto Veloso - SC,1953.74,1490.0,4390.0
4215455,Sangão - SC,1365.46,1203.0,12859.0
4215505,Santa Cecília - SC,1544.14,1175.0,15529.0
4215554,Santa Helena - SC,2133.42,1428.0,2425.0
4215604,Santa Rosa de Lima - SC,1903.24,1625.0,2068.0
4215653,Santa Rosa do Sul - SC,1531.38,1250.0,9744.0
4215679,Santa Terezinha - SC,1685.25,1333.33,8061.0
4215687,Santa Terezinha do Progresso - SC,1861.87,1212.0,2576.0
4215695,Santiago do Sul - SC,1422.63,1212.0,1651.0
4215703,Santo Amaro da Imperatriz - SC,1906.51,1450.0,27030.0
4215752,São Bernardino - SC,2364.31,1450.0,2682.0
4215802,São Bento do Sul - SC,1941.74,1500.0,83198.0
4215901,São Bonifácio - SC,1564.53,1228.0,2943.0
4216008,São Carlos - SC,2123.6,1537.33,10256.0
4216057,São Cristóvão do Sul - SC,1488.6,1170.0,4289.0
4216107,São Domingos - SC,2247.77,1466.67,9211.0
4216206,São Francisco do Sul - SC,1869.82,1350.0,52403.0
4216255,São João do Oeste - SC,3215.69,2000.0,6275.0
4216305,São João Batista - SC,1715.92,1440.0,32632.0
4216354,São João do Itaperiú - SC,1695.69,1266.67,4459.0
4216404,São João do Sul - SC,1534.99,1212.0,8622.0
4216503,São Joaquim - SC,1604.93,1212.0,25832.0
4216602,São José - SC,2396.69,1667.33,269490.0
4216701,São José do Cedro - SC,2548.44,1640.0,14025.0
4216800,São José do Cerrito - SC,1223.88,975.0,8708.0
4216909,São Lourenço do Oeste - SC,2140.03,1515.0,24659.0
4217006,São Ludgero - SC,2064.29,1666.67,13494.0
4217105,São Martinho - SC,2224.39,1666.67,3405.0
4217154,São Miguel da Boa Vista - SC,2281.1,1343.33,1779.0
4217204,São Miguel do Oeste - SC,2515.12,1860.0,44001.0
4217253,São Pedro de Alcântara - SC,2167.98,1650.0,4599.0
4217303,Saudades - SC,2154.73,1530.0,10252.0
4217402,Schroeder - SC,1978.64,1625.0,20061.0
4217501,Seara - SC,2097.28,1566.67,18611.0
4217550,Serra Alta - SC,1823.32,1475.0,3303.0
4217600,Siderópolis - SC,1838.15,1500.0,13663.0
4217709,Sombrio - SC,1687.98,1266.67,29967.0
4217758,Sul Brasil - SC,3151.9,1700.0,2832.0
4217808,Taió - SC,2065.3,1537.33,18288.0
4217907,Tangará - SC,1861.19,1408.0,8143.0
4217956,Tigrinhos - SC,1442.85,1233.33,2329.0
4218004,Tijucas - SC,1989.06,1500.0,51068.0
4218103,Timbé do Sul - SC,1777.55,1356.0,5363.0
4218202,Timbó - SC,2129.74,1680.0,45994.0
4218251,Timbó Grande - SC,1221.89,900.0,7342.0
4218301,Três Barras - SC,1287.6,1006.0,19707.0
4218350,Treviso - SC,1977.65,1675.0,3782.0
4218400,Treze de Maio - SC,1556.82,1212.0,7356.0
4218509,Treze Tílias - SC,2521.03,1833.33,8787.0
4218608,Trombudo Central - SC,2025.72,1700.0,7224.0
4218707,Tubarão - SC,2160.06,1600.0,109328.0
4218756,Tunápolis - SC,3288.15,1625.0,4905.0
4218806,Turvo - SC,2009.39,1528.0,13014.0
4218855,União do Oeste - SC,2224.06,1600.0,2774.0
4218905,Urubici - SC,2017.81,1360.0,10809.0
4218954,Urupema - SC,1649.66,1162.8,2647.0
4219002,Urussanga - SC,1838.88,1500.0,20919.0
4219101,Vargeão - SC,2062.19,1425.0,3634.0
4219150,Vargem - SC,1330.09,1129.8,2627.0
4219176,Vargem Bonita - SC,1899.82,1300.0,4572.0
4219200,Vidal Ramos - SC,1633.53,1220.0,6150.0
4219309,Videira - SC,2199.25,1666.67,55245.0
4219358,Vitor Meireles - SC,1613.42,1300.0,5367.0
4219408,Witmarsum - SC,2324.29,1675.0,4233.0
4219507,Xanxerê - SC,2120.34,1550.0,51518.0
4219606,Xavantina - SC,2639.27,1832.5,3653.0
4219705,Xaxim - SC,1900.05,1553.0,31894.0
4219853,Zortéa - SC,1456.33,1212.0,3929.0
4220000,Balneário Rincão - SC,1651.68,1220.0,15937.0
4300034,Aceguá - RS,1644.79,1000.0,4161.0
4300059,Água Santa - RS,2262.1,1212.0,3909.0
4300109,Agudo - RS,1720.07,1260.0,15981.0
4300208,Ajuricaba - RS,2357.63,1500.0,6661.0
4300307,Alecrim - RS,1732.26,1212.0,6117.0
4300406,Alegrete - RS,1653.21,1183.33,71918.0
4300455,Alegria - RS,2205.9,1400.0,3651.0
4300471,Almirante Tamandaré do Sul - RS,2128.82,1600.0,1966.0
4300505,Alpestre - RS,2094.44,1400.0,7107.0
4300554,Alto Alegre - RS,1652.45,1233.33,1800.0
4300570,Alto Feliz - RS,1814.97,1586.67,3072.0
4300604,Alvorada - RS,1332.84,1070.67,186813.0
4300638,Amaral Ferrador - RS,1018.29,800.0,5291.0
4300646,Ametista do Sul - RS,1500.41,1212.0,7641.0
4300661,André da Rocha - RS,1705.55,1369.6,1133.0
4300703,Anta Gorda - RS,2682.97,1808.0,5954.0
4300802,Antônio Prado - RS,2153.43,1725.0,13017.0
4300851,Arambaré - RS,1556.44,1200.0,4110.0
4300877,Araricá - RS,1362.38,1212.0,8525.0
4300901,Aratiba - RS,2353.81,1818.0,6483.0
4301008,Arroio do Meio - RS,2120.87,1714.0,21836.0
4301057,Arroio do Sal - RS,1638.58,1250.0,11037.0
4301073,Arroio do Padre - RS,1613.45,1200.0,2599.0
4301107,Arroio dos Ratos - RS,1504.33,1212.0,14006.0
4301206,Arroio do Tigre - RS,1519.14,1212.0,12056.0
4301305,Arroio Grande - RS,1360.17,1068.5,17521.0
4301404,Arvorezinha - RS,1561.86,1212.0,10305.0
4301503,Augusto Pestana - RS,2387.12,1356.0,7149.0
4301552,Áurea - RS,1517.58,1268.0,3396.0
4301602,Bagé - RS,1662.21,1150.0,117074.0
4301636,Balneário Pinhal - RS,1475.9,1120.0,14882.0
4301651,Barão - RS,2268.93,1808.0,6458.0
4301701,Barão de Cotegipe - RS,2068.99,1540.5,7054.0
4301750,Barão do Triunfo - RS,1185.44,931.0,5875.0
4301800,Barracão - RS,1797.57,1212.0,4831.0
4301859,Barra do Guarita - RS,1418.41,1200.0,3153.0
4301875,Barra do Quaraí - RS,1229.26,900.0,4230.0
4301909,Barra do Ribeiro - RS,1523.42,1175.0,12189.0
4301925,Barra do Rio Azul - RS,2481.84,1625.0,1696.0
4301958,Barra Funda - RS,1991.52,1500.0,2487.0
4302006,Barros Cassal - RS,1364.7,1050.0,9246.0
4302055,Benjamin Constant do Sul - RS,1631.91,1033.33,2082.0
4302105,Bento Gonçalves - RS,2516.92,1900.0,122483.0
4302154,Boa Vista das Missões - RS,1653.55,1212.0,1931.0
4302204,Boa Vista do Buricá - RS,1976.81,1408.0,6909.0
4302220,Boa Vista do Cadeado - RS,2133.19,1212.0,2226.0
4302238,Boa Vista do Incra - RS,1302.75,1125.0,2271.0
4302253,Boa Vista do Sul - RS,2314.5,1837.33,2772.0
4302303,Bom Jesus - RS,1183.2,875.0,11144.0
4302352,Bom Princípio - RS,2002.51,1693.0,13074.0
4302378,Bom Progresso - RS,1621.07,1170.67,2096.0
4302402,Bom Retiro do Sul - RS,1774.79,1400.0,12218.0
4302451,Boqueirão do Leão - RS,1647.73,1212.0,6223.0
4302501,Bossoroca - RS,1390.7,1100.0,5887.0
4302584,Bozano - RS,1638.05,1212.0,2151.0
4302600,Braga - RS,1343.57,1025.0,3256.0
4302659,Brochier - RS,1992.92,1500.0,4929.0
4302709,Butiá - RS,1374.61,1033.33,19060.0
4302808,Caçapava do Sul - RS,1519.48,1133.33,32353.0
4302907,Cacequi - RS,1367.34,1066.0,11076.0
4303004,Cachoeira do Sul - RS,1757.97,1212.0,79450.0
4303103,Cachoeirinha - RS,1884.12,1350.0,135863.0
4303202,Cacique Doble - RS,1246.35,903.0,4603.0
4303301,Caibaté - RS,1856.95,1333.33,4682.0
4303400,Caiçara - RS,2241.76,1341.33,4818.0
4303509,Camaquã - RS,1605.16,1200.0,61718.0
4303558,Camargo - RS,2309.51,1460.57,2981.0
4303608,Cambará do Sul - RS,1511.6,1212.0,6323.0
4303673,Campestre da Serra - RS,1371.16,1200.0,3230.0
4303707,Campina das Missões - RS,2384.95,1474.67,5882.0
4303806,Campinas do Sul - RS,1877.21,1375.0,5240.0
4303905,Campo Bom - RS,1991.18,1450.0,62745.0
4304002,Campo Novo - RS,1441.24,1200.0,4962.0
4304101,Campos Borges - RS,1859.44,1212.0,3606.0
4304200,Candelária - RS,1375.38,1200.0,28675.0
4304309,Cândido Godói - RS,2260.55,1500.0,6284.0
4304358,Candiota - RS,1372.47,1100.0,10609.0
4304408,Canela - RS,2181.94,1500.0,48667.0
4304507,Canguçu - RS,1501.9,1150.0,49582.0
4304606,Canoas - RS,2066.82,1380.0,344821.0
4304614,Canudos do Vale - RS,1812.7,1333.33,1656.0
4304622,Capão Bonito do Sul - RS,1683.27,1212.0,1733.0
4304630,Capão da Canoa - RS,1932.27,1250.0,63376.0
4304655,Capão do Cipó - RS,1746.81,1212.0,3111.0
4304663,Capão do Leão - RS,1171.22,933.33,26366.0
4304671,Capivari do Sul - RS,1622.38,1212.0,3991.0
4304689,Capela de Santana - RS,1406.12,1200.0,11120.0
4304697,Capitão - RS,1761.46,1378.0,2921.0
4304705,Carazinho - RS,2049.08,1423.0,61336.0
4304713,Caraá - RS,1436.47,1212.0,7394.0
4304804,Carlos Barbosa - RS,2626.72,2066.67,30357.0
4304853,Carlos Gomes - RS,1475.2,1212.0,1368.0
4304903,Casca - RS,2626.19,1941.33,9446.0
4304952,Caseiros - RS,1774.11,1212.0,3000.0
4305009,Catuípe - RS,1787.11,1250.0,8671.0
4305108,Caxias do Sul - RS,2330.62,1666.67,461566.0
4305116,Centenário - RS,1378.3,1212.0,2700.0
4305124,Cerrito - RS,1229.98,1000.0,5755.0
4305132,Cerro Branco - RS,1507.25,1212.0,3799.0
4305157,Cerro Grande - RS,1824.62,1266.67,2376.0
4305173,Cerro Grande do Sul - RS,1300.87,1053.0,9129.0
4305207,Cerro Largo - RS,1996.14,1403.0,13529.0
4305306,Chapada - RS,1849.22,1333.33,9517.0
4305355,Charqueadas - RS,1785.15,1333.33,31195.0
4305371,Charrua - RS,1739.81,1175.0,2768.0
4305405,Chiapetta - RS,1954.81,1212.0,3913.0
4305439,Chuí - RS,1448.23,1166.67,6246.0
4305447,Chuvisca - RS,1608.16,1212.0,4594.0
4305454,Cidreira - RS,1526.55,1200.0,17021.0
4305504,Ciríaco - RS,1730.43,1220.0,4146.0
4305587,Colinas - RS,2243.77,1712.0,2418.0
4305603,Colorado - RS,2130.43,1600.0,3250.0
4305702,Condor - RS,1895.81,1266.67,6403.0
4305801,Constantina - RS,2063.36,1339.33,10366.0
4305835,Coqueiro Baixo - RS,2430.83,1712.0,1290.0
4305850,Coqueiros do Sul - RS,2555.61,1500.0,2211.0
4305871,Coronel Barros - RS,2178.56,1500.0,2808.0
4305900,Coronel Bicaco - RS,1313.41,1000.0,6114.0
4305934,Coronel Pilar - RS,2882.39,2380.0,1602.0
4305959,Cotiporã - RS,2003.46,1625.0,3833.0
4305975,Coxilha - RS,1655.79,1212.0,2667.0
4306007,Crissiumal - RS,1902.99,1266.67,12821.0
4306056,Cristal - RS,1456.88,1125.0,7285.0
4306072,Cristal do Sul - RS,1402.3,1200.0,2680.0
4306106,Cruz Alta - RS,1995.66,1300.0,58559.0
4306130,Cruzaltense - RS,1965.07,1400.0,1635.0
4306205,Cruzeiro do Sul - RS,1693.59,1380.0,11478.0
4306304,David Canabarro - RS,1785.56,1359.0,4318.0
4306320,Derrubadas - RS,1783.0,1212.0,2751.0
4306353,Dezesseis de Novembro - RS,1659.75,1212.0,2507.0
4306379,Dilermando de Aguiar - RS,1705.85,1215.0,2806.0
4306403,Dois Irmãos - RS,2188.04,1737.33,30595.0
4306429,Dois Irmãos das Missões - RS,1288.19,1000.0,2090.0
4306452,Dois Lajeados - RS,1823.9,1212.0,3086.0
4306502,Dom Feliciano - RS,1327.63,1000.0,13005.0
4306551,Dom Pedro de Alcântara - RS,1374.7,1212.0,2548.0
4306601,Dom Pedrito - RS,1515.04,1066.67,36543.0
4306700,Dona Francisca - RS,1460.43,1212.0,3076.0
4306734,Doutor Maurício Cardoso - RS,2041.23,1300.0,4440.0
4306759,Doutor Ricardo - RS,2045.38,1533.33,1888.0
4306767,Eldorado do Sul - RS,1573.59,1106.0,39423.0
4306809,Encantado - RS,2213.18,1650.0,22793.0
4306908,Encruzilhada do Sul - RS,1425.04,1100.0,23698.0
4306924,Engenho Velho - RS,1746.89,1212.0,1296.0
4306932,Entre-Ijuís - RS,1554.23,1212.0,9136.0
4306957,Entre Rios do Sul - RS,1596.55,1212.0,2674.0
4306973,Erebango - RS,1452.05,1000.0,3039.0
4307005,Erechim - RS,2385.71,1700.0,104971.0
4307054,Ernestina - RS,1833.01,1380.0,3030.0
4307104,Herval - RS,1225.78,970.67,6174.0
4307203,Erval Grande - RS,1448.46,1212.0,4928.0
4307302,Erval Seco - RS,1414.36,1150.0,6767.0
4307401,Esmeralda - RS,1412.83,1066.67,3195.0
4307450,Esperança do Sul - RS,1449.92,1212.0,3226.0
4307500,Espumoso - RS,1984.0,1349.0,15014.0
4307559,Estação - RS,1792.35,1400.0,5579.0
4307609,Estância Velha - RS,1975.46,1450.0,47815.0
4307708,Esteio - RS,1899.78,1350.0,75934.0
4307807,Estrela - RS,2031.92,1625.0,32074.0
4307815,Estrela Velha - RS,1666.27,1284.0,3062.0
4307831,Eugênio de Castro - RS,1771.7,1212.0,2609.0
4307864,Fagundes Varela - RS,2086.7,1624.8,2566.0
4307906,Farroupilha - RS,2099.9,1737.33,70162.0
4308003,Faxinal do Soturno - RS,1987.81,1355.5,6702.0
4308052,Faxinalzinho - RS,1922.21,1212.0,2515.0
4308078,Fazenda Vilanova - RS,1500.24,1212.0,4271.0
4308102,Feliz - RS,2300.06,1750.0,13725.0
4308201,Flores da Cunha - RS,2303.59,1766.67,30847.0
4308250,Floriano Peixoto - RS,1586.03,1250.0,1666.0
4308300,Fontoura Xavier - RS,1460.29,1190.0,9546.0
4308409,Formigueiro - RS,1436.99,1200.0,6302.0
4308433,Forquetinha - RS,1608.56,1212.0,2390.0
4308458,Fortaleza dos Valos - RS,2095.83,1350.0,4456.0
4308508,Frederico Westphalen - RS,2257.68,1525.0,32365.0
4308607,Garibaldi - RS,2487.48,1950.0,34265.0
4308656,Garruchos - RS,1367.69,1004.0,2682.0
4308706,Gaurama - RS,2655.63,1633.33,5597.0
4308805,General Câmara - RS,1484.84,1150.0,7606.0
4308854,Gentil - RS,2888.72,1687.5,1744.0
4308904,Getúlio Vargas - RS,2249.9,1583.33,16429.0
4309001,Giruá - RS,1632.65,1212.0,15917.0
4309050,Glorinha - RS,1564.64,1200.0,7631.0
4309100,Gramado - RS,2622.73,1750.0,40027.0
4309126,Gramado dos Loureiros - RS,1252.53,1106.0,2014.0
4309159,Gramado Xavier - RS,1202.09,966.67,3304.0
4309209,Gravataí - RS,1696.73,1250.0,264226.0
4309258,Guabiju - RS,1705.26,1212.0,1417.0
4309308,Guaíba - RS,1668.25,1212.0,92667.0
4309407,Guaporé - RS,2065.92,1666.67,25113.0
4309506,Guarani das Missões - RS,1956.16,1400.0,7310.0
4309555,Harmonia - RS,2119.47,1700.0,5378.0
4309571,Herveiras - RS,1484.1,1210.0,2546.0
4309605,Horizontina - RS,2203.71,1700.0,18772.0
4309654,Hulha Negra - RS,1219.72,866.67,5961.0
4309704,Humaitá - RS,1799.56,1212.0,4678.0
4309753,Ibarama - RS,1515.91,1200.0,3728.0
4309803,Ibiaçá - RS,1840.85,1212.0,4407.0
4309902,Ibiraiaras - RS,2287.25,1606.0,6775.0
4309951,Ibirapuitã - RS,1762.16,1212.0,3723.0
4310009,Ibirubá - RS,2923.72,1800.0,21486.0
4310108,Igrejinha - RS,1769.21,1350.0,32683.0
4310207,Ijuí - RS,2280.37,1503.0,83864.0
4310306,Ilópolis - RS,2139.37,1503.0,4124.0
4310330,Imbé - RS,1774.31,1212.0,26803.0
4310363,Imigrante - RS,2396.68,1912.0,3069.0
4310405,Independência - RS,1910.25,1284.0,6427.0
4310413,Inhacorá - RS,1245.23,1070.67,2014.0
4310439,Ipê - RS,1802.03,1500.0,5388.0
4310462,Ipiranga do Sul - RS,2773.2,1659.0,1718.0
4310504,Iraí - RS,1572.85,1178.67,7343.0
4310538,Itaara - RS,2136.25,1273.33,5542.0
4310553,Itacurubi - RS,1298.07,1141.33,2992.0
4310579,Itapuca - RS,2035.46,1350.0,1935.0
4310603,Itaqui - RS,1442.82,1033.33,35501.0
4310652,Itati - RS,1327.12,1200.0,2623.0
4310702,Itatiba do Sul - RS,1459.71,1212.0,3174.0
4310751,Ivorá - RS,1960.11,1375.0,1914.0
4310801,Ivoti - RS,2380.0,1720.67,22836.0
4310850,Jaboticaba - RS,1329.75,1066.67,3771.0
4310876,Jacuizinho - RS,1148.0,952.33,2040.0
4310900,Jacutinga - RS,1979.26,1450.0,3313.0
4311007,Jaguarão - RS,1581.33,1200.0,26412.0
4311106,Jaguari - RS,1871.31,1212.0,10465.0
4311122,Jaquirana - RS,1058.77,860.0,3685.0
4311130,Jari - RS,1331.59,1066.67,3346.0
4311155,Jóia - RS,1881.4,1200.0,7168.0
4311205,Júlio de Castilhos - RS,1699.46,1200.0,18071.0
4311239,Lagoa Bonita do Sul - RS,1502.05,1212.0,2248.0
4311254,Lagoão - RS,1280.03,1000.0,5341.0
4311270,Lagoa dos Três Cantos - RS,2326.25,1700.0,1729.0
4311304,Lagoa Vermelha - RS,1855.38,1256.0,27411.0
4311403,Lajeado - RS,2490.87,1760.0,92868.0
4311429,Lajeado do Bugre - RS,1182.61,808.0,2601.0
4311502,Lavras do Sul - RS,1521.74,1066.67,7071.0
4311601,Liberato Salzano - RS,1705.05,1212.0,4779.0
4311627,Lindolfo Collor - RS,1516.47,1300.0,6237.0
4311643,Linha Nova - RS,1864.49,1450.0,1683.0
4311700,Machadinho - RS,1501.06,1175.0,5735.0
4311718,Maçambará - RS,1297.03,933.33,4425.0
4311734,Mampituba - RS,1297.67,1200.0,3119.0
4311759,Manoel Viana - RS,1491.49,1133.33,6781.0
4311775,Maquiné - RS,1494.9,1200.0,7409.0
4311791,Maratá - RS,2028.04,1612.0,2457.0
4311809,Marau - RS,2256.96,1650.0,45000.0
4311908,Marcelino Ramos - RS,2070.86,1428.0,4307.0
4311981,Mariana Pimentel - RS,1441.03,1212.0,3916.0
4312005,Mariano Moro - RS,2243.73,1500.0,1851.0
4312054,Marques de Souza - RS,1825.9,1356.0,3969.0
4312104,Mata - RS,1543.63,1204.0,4669.0
4312138,Mato Castelhano - RS,1605.58,1212.0,2453.0
4312153,Mato Leitão - RS,1637.84,1303.0,4841.0
4312179,Mato Queimado - RS,1352.71,1204.0,1787.0
4312203,Maximiliano de Almeida - RS,1564.17,1212.0,4187.0
4312252,Minas do Leão - RS,1237.25,1009.67,7505.0
4312302,Miraguaí - RS,1413.56,1050.0,4427.0
4312351,Montauri - RS,2821.46,2080.67,1492.0
4312377,Monte Alegre dos Campos - RS,1166.56,960.0,3177.0
4312385,Monte Belo do Sul - RS,1921.88,1600.0,2550.0
4312401,Montenegro - RS,1897.77,1325.0,63908.0
4312427,Mormaço - RS,1549.13,1212.0,2751.0
4312443,Morrinhos do Sul - RS,1608.45,1212.0,3070.0
4312450,Morro Redondo - RS,1503.22,1200.0,6037.0
4312476,Morro Reuter - RS,1806.64,1533.33,6022.0
4312500,Mostardas - RS,1246.83,1006.0,12083.0
4312609,Muçum - RS,2114.86,1606.0,4567.0
4312617,Muitos Capões - RS,1418.99,1166.67,2871.0
4312625,Muliterno - RS,2360.89,1308.0,1712.0
4312658,Não-Me-Toque - RS,2175.25,1737.33,17770.0
4312674,Nicolau Vergueiro - RS,2530.73,1556.0,1917.0
4312708,Nonoai - RS,1582.13,1150.0,13694.0
4312757,Nova Alvorada - RS,2575.7,1912.0,3163.0
4312807,Nova Araçá - RS,2136.64,1600.0,4949.0
4312906,Nova Bassano - RS,2046.8,1650.0,9611.0
4312955,Nova Boa Vista - RS,2487.62,1818.0,2042.0
4313003,Nova Bréscia - RS,2582.36,1808.0,3042.0
4313011,Nova Candelária - RS,2547.55,1800.0,3059.0
4313037,Nova Esperança do Sul - RS,1628.39,1212.0,4865.0
4313060,Nova Hartz - RS,1487.48,1250.0,20030.0
4313086,Nova Pádua - RS,2241.7,1962.0,2340.0
4313102,Nova Palma - RS,1829.37,1300.0,5581.0
4313201,Nova Petrópolis - RS,2219.28,1712.5,23117.0
4313300,Nova Prata - RS,2089.33,1600.0,25557.0
4313334,Nova Ramada - RS,3024.38,1616.0,2163.0
4313359,Nova Roma do Sul - RS,2294.79,1666.67,3447.0
4313375,Nova Santa Rita - RS,1533.62,1200.0,28993.0
4313391,Novo Cabrais - RS,1644.07,1212.0,3560.0
4313409,Novo Hamburgo - RS,2138.48,1380.0,226461.0
4313425,Novo Machado - RS,1276.42,1200.0,3191.0
4313441,Novo Tiradentes - RS,1617.01,1200.0,2146.0
4313466,Novo Xingu - RS,2118.7,1500.0,1646.0
4313490,Novo Barreiro - RS,1322.87,1100.0,4272.0
4313508,Osório - RS,2065.29,1416.0,45908.0
4313607,Paim Filho - RS,1670.92,1212.0,3629.0
4313656,Palmares do Sul - RS,1325.77,1040.0,12823.0
4313706,Palmeira das Missões - RS,1578.86,1183.33,32957.0
4313805,Palmitinho - RS,1562.57,1212.0,7812.0
4313904,Panambi - RS,2086.21,1642.4,43388.0
4313953,Pantano Grande - RS,1438.55,1053.0,10187.0
4314001,Paraí - RS,2303.16,1778.0,7173.0
4314027,Paraíso do Sul - RS,1115.75,1000.0,6454.0
4314035,Pareci Novo - RS,1816.63,1356.0,4304.0
4314050,Parobé - RS,1535.37,1225.0,51838.0
4314068,Passa Sete - RS,1266.84,960.0,3951.0
4314076,Passo do Sobrado - RS,1493.09,1212.0,5994.0
4314100,Passo Fundo - RS,2343.36,1500.0,205245.0
4314134,Paulo Bento - RS,2959.51,2000.0,2144.0
4314159,Paverama - RS,1447.12,1212.0,7923.0
4314175,Pedras Altas - RS,1529.35,1200.0,2059.0
4314209,Pedro Osório - RS,1254.09,906.0,7448.0
4314308,Pejuçara - RS,1691.27,1228.0,3738.0
4314407,Pelotas - RS,1959.93,1212.0,323442.0
4314423,Picada Café - RS,2056.94,1666.67,5348.0
4314456,Pinhal - RS,1426.23,1200.0,2959.0
4314464,Pinhal da Serra - RS,1382.28,1133.33,2242.0
4314472,Pinhal Grande - RS,2173.71,1312.0,3803.0
4314498,Pinheirinho do Vale - RS,1757.29,1212.0,4540.0
4314506,Pinheiro Machado - RS,1416.97,1050.0,11182.0
4314548,Pinto Bandeira - RS,2510.66,1975.0,2689.0
4314555,Pirapó - RS,1342.02,1056.0,2243.0
4314605,Piratini - RS,1240.96,1000.0,17494.0
4314704,Planalto - RS,1342.22,1000.0,10393.0
4314753,Poço das Antas - RS,1915.28,1496.5,2171.0
4314779,Pontão - RS,1695.82,1212.0,3296.0
4314787,Ponte Preta - RS,2431.26,1553.0,1575.0
4314803,Portão - RS,1627.56,1300.0,33862.0
4314902,Porto Alegre - RS,3203.31,1700.0,1321863.0
4315008,Porto Lucena - RS,1673.28,1212.0,4343.0
4315057,Porto Mauá - RS,1373.97,1212.0,2135.0
4315073,Porto Vera Cruz - RS,1544.81,1212.0,1560.0
4315107,Porto Xavier - RS,1572.31,1212.0,9910.0
4315131,Pouso Novo - RS,1783.78,1250.0,1737.0
4315149,Presidente Lucena - RS,1581.99,1350.0,3069.0
4315156,Progresso - RS,1524.47,1212.0,5340.0
4315172,Protásio Alves - RS,2219.02,1715.0,2025.0
4315206,Putinga - RS,1838.13,1462.0,3739.0
4315305,Quaraí - RS,1391.76,1028.57,23312.0
4315313,Quatro Irmãos - RS,1947.15,1212.0,1552.0
4315321,Quevedos - RS,1417.51,1087.5,2501.0
4315354,Quinze de Novembro - RS,2866.59,1684.0,3902.0
4315404,Redentora - RS,851.69,606.0,9711.0
4315453,Relvado - RS,1810.47,1606.0,1783.0
4315503,Restinga Sêca - RS,1470.95,1200.0,14848.0
4315552,Rio dos Índios - RS,1646.66,1212.0,2835.0
4315602,Rio Grande - RS,1671.01,1200.0,190641.0
4315701,Rio Pardo - RS,1477.03,1100.0,34384.0
4315750,Riozinho - RS,1519.68,1226.67,4409.0
4315800,Roca Sales - RS,1866.11,1456.0,10351.0
4315909,Rodeio Bonito - RS,1960.07,1380.0,6649.0
4315958,Rolador - RS,1225.08,1050.0,2291.0
4316006,Rolante - RS,1643.72,1287.33,21211.0
4316105,Ronda Alta - RS,2330.21,1350.0,9712.0
4316204,Rondinha - RS,2559.5,1333.33,4976.0
4316303,Roque Gonzales - RS,1796.07,1222.4,6573.0
4316402,Rosário do Sul - RS,1627.08,1150.0,36363.0
4316428,Sagrada Família - RS,1376.32,1212.0,2480.0
4316436,Saldanha Marinho - RS,1873.11,1300.0,2570.0
4316451,Salto do Jacuí - RS,1561.65,1180.0,10145.0
4316477,Salvador das Missões - RS,1696.82,1237.33,2871.0
4316501,Salvador do Sul - RS,1967.63,1650.0,6861.0
4316600,Sananduva - RS,1943.31,1370.67,16389.0
4316709,Santa Bárbara do Sul - RS,1887.18,1300.0,8122.0
4316733,Santa Cecília do Sul - RS,2248.46,1356.0,1674.0
4316758,Santa Clara do Sul - RS,1832.22,1474.67,6830.0
4316808,Santa Cruz do Sul - RS,2192.33,1500.0,132188.0
4316907,Santa Maria - RS,2365.64,1450.0,268614.0
4316956,Santa Maria do Herval - RS,1764.69,1475.0,6334.0
4316972,Santa Margarida do Sul - RS,1610.73,1166.67,2591.0
4317004,Santana da Boa Vista - RS,1182.47,900.0,7014.0
4317103,Sant'Ana do Livramento - RS,1600.16,1084.8,83912.0
4317202,Santa Rosa - RS,2122.58,1575.0,76431.0
4317251,Santa Tereza - RS,2366.65,2000.0,1501.0
4317301,Santa Vitória do Palmar - RS,1518.77,1106.0,30797.0
4317400,Santiago - RS,2097.02,1342.4,48682.0
4317509,Santo Ângelo - RS,2046.8,1333.33,76425.0
4317558,Santo Antônio do Palma - RS,2000.81,1401.0,2089.0
4317608,Santo Antônio da Patrulha - RS,1614.13,1212.0,42646.0
4317707,Santo Antônio das Missões - RS,1526.41,1104.0,10230.0
4317756,Santo Antônio do Planalto - RS,1912.78,1462.0,2089.0
4317806,Santo Augusto - RS,1895.92,1212.0,13894.0
4317905,Santo Cristo - RS,2116.06,1404.0,15273.0
4317954,Santo Expedito do Sul - RS,2108.68,1400.0,2349.0
4318002,São Borja - RS,1568.58,1100.0,59038.0
4318051,São Domingos do Sul - RS,2785.62,1866.67,2749.0
4318101,São Francisco de Assis - RS,1663.89,1212.0,17530.0
4318200,São Francisco de Paula - RS,1572.34,1200.0,21003.0
4318309,São Gabriel - RS,1526.68,1051.0,58098.0
4318408,São Jerônimo - RS,1635.38,1100.0,20926.0
4318424,São João da Urtiga - RS,2185.87,1378.0,4461.0
4318432,São João do Polêsine - RS,2028.21,1400.0,2617.0
4318440,São Jorge - RS,1677.22,1415.0,2900.0
4318457,São José das Missões - RS,1309.27,1125.0,2362.0
4318465,São José do Herval - RS,1379.43,1066.67,1902.0
4318481,São José do Hortêncio - RS,1834.47,1608.0,4444.0
4318499,São José do Inhacorá - RS,1809.63,1470.67,2406.0
4318507,São José do Norte - RS,1183.51,958.86,25250.0
4318606,São José do Ouro - RS,2185.37,1375.0,6831.0
4318614,São José do Sul - RS,1684.96,1250.0,2349.0
4318622,São José dos Ausentes - RS,1066.14,808.0,4151.0
4318705,São Leopoldo - RS,1922.89,1300.0,216194.0
4318804,São Lourenço do Sul - RS,1750.71,1212.0,41861.0
4318903,São Luiz Gonzaga - RS,1901.46,1212.0,34470.0
4319000,São Marcos - RS,1695.7,1462.0,21073.0
4319109,São Martinho - RS,1810.54,1384.0,5481.0
4319125,São Martinho da Serra - RS,1776.57,1212.0,2857.0
4319158,São Miguel das Missões - RS,1484.86,1200.0,7039.0
4319208,São Nicolau - RS,1350.34,1053.0,5105.0
4319307,São Paulo das Missões - RS,1792.43,1250.0,5828.0
4319356,São Pedro da Serra - RS,1942.46,1633.33,3548.0
4319364,São Pedro das Missões - RS,1178.39,974.67,1757.0
4319372,São Pedro do Butiá - RS,2153.13,1506.0,3069.0
4319406,São Pedro do Sul - RS,1606.44,1212.0,15508.0
4319505,São Sebastião do Caí - RS,1718.35,1300.0,24336.0
4319604,São Sepé - RS,1613.74,1212.0,21137.0
4319703,São Valentim - RS,1963.67,1378.0,3202.0
4319711,São Valentim do Sul - RS,1652.84,1212.0,2207.0
4319737,São Valério do Sul - RS,1050.48,620.25,2542.0
4319752,São Vendelino - RS,2313.19,1928.0,2251.0
4319802,São Vicente do Sul - RS,1507.1,1053.0,8030.0
4319901,Sapiranga - RS,1641.28,1256.0,75332.0
4320008,Sapucaia do Sul - RS,1571.59,1250.0,131898.0
4320107,Sarandi - RS,1850.64,1306.0,22687.0
4320206,Seberi - RS,1567.87,1212.0,11913.0
4320230,Sede Nova - RS,1991.34,1212.0,2684.0
4320263,Segredo - RS,1663.32,1212.0,6002.0
4320305,Selbach - RS,2458.17,1733.33,5082.0
4320321,Senador Salgado Filho - RS,1464.59,1200.0,2657.0
4320354,Sentinela do Sul - RS,1250.16,1000.0,5237.0
4320404,Serafina Corrêa - RS,2126.45,1625.0,16917.0
4320453,Sério - RS,1799.08,1400.0,1941.0
4320503,Sertão - RS,1226.99,1000.0,5521.0
4320552,Sertão Santana - RS,1517.5,1212.0,5780.0
4320578,Sete de Setembro - RS,1435.27,1200.0,1803.0
4320602,Severiano de Almeida - RS,2745.42,1700.0,3402.0
4320651,Silveira Martins - RS,2041.91,1387.33,2017.0
4320677,Sinimbu - RS,1313.34,1200.0,8554.0
4320701,Sobradinho - RS,1838.82,1250.0,14052.0
4320800,Soledade - RS,1773.11,1278.0,29770.0
4320859,Tabaí - RS,1576.83,1266.67,4458.0
4320909,Tapejara - RS,1867.41,1425.0,24489.0
4321006,Tapera - RS,2018.36,1450.0,10556.0
4321105,Tapes - RS,1449.76,1050.0,14673.0
4321204,Taquara - RS,1711.54,1250.0,52678.0
4321303,Taquari - RS,1630.78,1250.0,24929.0
4321329,Taquaruçu do Sul - RS,2332.95,1366.67,3105.0
4321352,Tavares - RS,1361.72,1204.0,5192.0
4321402,Tenente Portela - RS,1735.1,1212.0,14439.0
4321436,Terra de Areia - RS,1502.13,1212.0,10310.0
4321451,Teutônia - RS,1891.48,1500.0,32557.0
4321469,Tio Hugo - RS,1671.9,1366.67,3258.0
4321477,Tiradentes do Sul - RS,2310.17,1212.0,5126.0
4321493,Toropi - RS,1452.65,1212.0,2554.0
4321501,Torres - RS,2080.13,1416.67,41486.0
4321600,Tramandaí - RS,1871.57,1212.5,54090.0
4321626,Travesseiro - RS,1637.11,1251.0,2152.0
4321634,Três Arroios - RS,2492.19,1803.0,2591.0
4321667,Três Cachoeiras - RS,1632.48,1300.0,10921.0
4321709,Três Coroas - RS,1619.03,1296.0,24187.0
4321808,Três de Maio - RS,2038.2,1474.67,24810.0
4321832,Três Forquilhas - RS,1413.66,1212.0,2760.0
4321857,Três Palmeiras - RS,1177.01,920.0,4716.0
4321907,Três Passos - RS,1970.49,1333.33,25010.0
4321956,Trindade do Sul - RS,2079.23,1436.67,7544.0
4322004,Triunfo - RS,1481.51,1200.0,27298.0
4322103,Tucunduva - RS,1823.72,1356.0,5527.0
4322152,Tunas - RS,1340.45,1008.0,3678.0
4322186,Tupanci do Sul - RS,1414.83,1200.0,1374.0
4322202,Tupanciretã - RS,1606.74,1056.0,19931.0
4322251,Tupandi - RS,1897.87,1500.25,5026.0
4322301,Tuparendi - RS,2155.38,1533.33,8342.0
4322327,Turuçu - RS,1599.23,1212.0,3412.0
4322343,Ubiretama - RS,1986.68,1290.0,1975.0
4322350,União da Serra - RS,2893.51,1725.0,1170.0
4322376,Unistalda - RS,1306.67,1070.67,1995.0
4322400,Uruguaiana - RS,1566.17,1073.14,116450.0
4322509,Vacaria - RS,1790.15,1237.33,63788.0
4322525,Vale Verde - RS,1263.82,1166.67,3150.0
4322533,Vale do Sol - RS,1538.7,1212.0,9871.0
4322541,Vale Real - RS,1927.06,1666.67,6055.0
4322558,Vanini - RS,1773.91,1356.0,2004.0
4322608,Venâncio Aires - RS,1739.54,1300.0,68076.0
4322707,Vera Cruz - RS,1596.06,1278.0,26621.0
4322806,Veranópolis - RS,2257.23,1600.0,23968.0
4322855,Vespasiano Corrêa - RS,3279.07,2271.67,1808.0
4322905,Viadutos - RS,1777.55,1290.0,4766.0
4323002,Viamão - RS,1489.82,1100.0,223427.0
4323101,Vicente Dutra - RS,1497.7,1137.33,4663.0
4323200,Victor Graeff - RS,2384.33,1666.67,2780.0
4323309,Vila Flores - RS,1903.28,1409.0,3637.0
4323358,Vila Lângaro - RS,1454.41,1212.0,2079.0
4323408,Vila Maria - RS,2679.6,1849.33,4412.0
4323457,Vila Nova do Sul - RS,1344.1,1106.0,3844.0
4323507,Vista Alegre - RS,2168.24,1375.0,2660.0
4323606,Vista Alegre do Prata - RS,2249.69,1600.0,1582.0
4323705,Vista Gaúcha - RS,2018.17,1375.0,2780.0
4323754,Vitória das Missões - RS,1414.14,1212.0,3260.0
4323770,Westfália - RS,2321.97,1950.0,3098.0
4323804,Xangri-lá - RS,2134.14,1400.0,16463.0
5000203,Água Clara - MS,1627.25,1200.0,16698.0
5000252,Alcinópolis - MS,1395.32,1066.67,4513.0
5000609,Amambai - MS,1281.38,844.8,39022.0
5000708,Anastácio - MS,1196.18,828.0,24067.0
5000807,Anaurilândia - MS,1265.5,1017.5,7564.0
5000856,Angélica - MS,1272.49,950.0,10685.0
5000906,Antônio João - MS,980.8,650.0,9294.0
5001003,Aparecida do Taboado - MS,1465.45,1100.0,27593.0
5001102,Aquidauana - MS,1307.08,850.0,46482.0
5001243,Aral Moreira - MS,1083.72,733.33,10621.0
5001508,Bandeirantes - MS,1797.07,1212.0,7897.0
5001904,Bataguassu - MS,1453.7,1050.0,22846.0
5002001,Batayporã - MS,1366.25,1075.0,10685.0
5002100,Bela Vista - MS,1166.61,833.33,21427.0
5002159,Bodoquena - MS,1334.74,1000.0,8525.0
5002209,Bonito - MS,1796.79,1200.0,23396.0
5002308,Brasilândia - MS,1328.35,1066.67,11502.0
5002407,Caarapó - MS,1227.87,1000.0,30493.0
5002605,Camapuã - MS,1710.09,1212.0,13504.0
5002704,Campo Grande - MS,2088.31,1237.33,890945.0
5002803,Caracol - MS,1175.54,866.67,5022.0
5002902,Cassilândia - MS,1522.15,1200.0,20741.0
5002951,Chapadão do Sul - MS,2090.92,1408.0,30725.0
5003108,Corguinho - MS,1190.38,908.0,4781.0
5003157,Coronel Sapucaia - MS,699.98,488.89,14210.0
5003207,Corumbá - MS,1432.56,875.0,95274.0
5003256,Costa Rica - MS,1508.09,1125.25,25932.0
5003306,Coxim - MS,1501.32,1100.0,31954.0
5003454,Deodápolis - MS,1317.66,1000.0,13642.0
5003488,Dois Irmãos do Buriti - MS,1232.92,833.33,10637.0
5003504,Douradina - MS,1196.02,909.0,5572.0
5003702,Dourados - MS,2015.16,1266.67,241055.0
5003751,Eldorado - MS,1275.12,972.67,11330.0
5003801,Fátima do Sul - MS,1514.57,1106.0,20569.0
5003900,Figueirão - MS,1711.92,1212.0,3527.0
5004007,Glória de Dourados - MS,1559.86,1204.0,10423.0
5004106,Guia Lopes da Laguna - MS,1147.34,886.67,9930.0
5004304,Iguatemi - MS,1475.2,1050.0,13762.0
5004403,Inocência - MS,1686.73,1212.0,8326.0
5004502,Itaporã - MS,1257.96,910.0,24127.0
5004601,Itaquiraí - MS,1255.34,903.0,19331.0
5004700,Ivinhema - MS,1420.01,1116.67,27722.0
5004809,Japorã - MS,757.4,500.0,8145.0
5004908,Jaraguari - MS,1392.46,1025.0,7115.0
5005004,Jardim - MS,1572.74,1012.0,23786.0
5005103,Jateí - MS,1424.47,1004.0,3584.0
5005152,Juti - MS,1202.34,903.0,6711.0
5005202,Ladário - MS,1172.23,800.0,21500.0
5005251,Laguna Carapã - MS,1295.64,940.0,6799.0
5005400,Maracaju - MS,1785.78,1237.33,44824.0
5005608,Miranda - MS,924.13,633.33,25317.0
5005681,Mundo Novo - MS,1531.14,1140.0,18792.0
5005707,Naviraí - MS,1743.97,1206.0,49872.0
5005806,Nioaque - MS,1269.36,920.0,13220.0
5006002,Nova Alvorada do Sul - MS,1245.03,950.0,21798.0
5006200,Nova Andradina - MS,1656.18,1200.0,48191.0
5006259,Novo Horizonte do Sul - MS,1347.22,1166.67,4716.0
5006275,Paraíso das Águas - MS,1692.38,1250.0,5477.0
5006309,Paranaíba - MS,1719.67,1212.0,40482.0
5006358,Paranhos - MS,763.99,450.0,12753.0
5006408,Pedro Gomes - MS,1271.33,909.0,6881.0
5006606,Ponta Porã - MS,1484.68,900.0,91450.0
5006903,Porto Murtinho - MS,1166.44,833.33,12767.0
5007109,Ribas do Rio Pardo - MS,1580.75,1162.0,22978.0
5007208,Rio Brilhante - MS,1528.88,1091.2,37165.0
5007307,Rio Negro - MS,1501.79,1212.0,4817.0
5007406,Rio Verde de Mato Grosso - MS,1598.28,1166.67,19688.0
5007505,Rochedo - MS,1211.98,950.0,5163.0
5007554,Santa Rita do Pardo - MS,1223.61,925.0,6993.0
5007695,São Gabriel do Oeste - MS,2084.65,1350.0,29480.0
5007703,Sete Quedas - MS,1282.59,940.0,10916.0
5007802,Selvíria - MS,1247.44,1000.5,8031.0
5007901,Sidrolândia - MS,1236.58,925.0,47044.0
5007935,Sonora - MS,1487.62,1125.0,14438.0
5007950,Tacuru - MS,727.9,488.89,10790.0
5007976,Taquarussu - MS,1326.37,1184.5,3618.0
5008008,Terenos - MS,1302.89,932.0,17551.0
5008305,Três Lagoas - MS,1674.66,1203.43,131172.0
5008404,Vicentina - MS,1429.37,1175.0,6305.0
5100102,Acorizal - MT,1231.13,1000.0,4987.0
5100201,Água Boa - MT,2215.9,1500.0,28617.0
5100250,Alta Floresta - MT,1840.57,1266.67,58428.0
5100300,Alto Araguaia - MT,1828.79,1237.33,17037.0
5100359,Alto Boa Vista - MT,1237.65,840.0,5703.0
5100409,Alto Garças - MT,1517.96,1084.8,12981.0
5100508,Alto Paraguai - MT,1030.35,826.67,8009.0
5100607,Alto Taquari - MT,1946.75,1250.0,10835.0
5100805,Apiacás - MT,1635.19,1150.0,8548.0
5101001,Araguaiana - MT,1425.49,1040.0,3795.0
5101209,Araguainha - MT,1663.95,1212.0,1008.0
5101258,Araputanga - MT,1379.75,1100.0,14672.0
5101308,Arenápolis - MT,1649.73,1212.0,10534.0
5101407,Aripuanã - MT,1863.42,1403.0,24432.0
5101605,Barão de Melgaço - MT,985.39,768.0,7238.0
5101704,Barra do Bugres - MT,1466.38,1000.0,29200.0
5101803,Barra do Garças - MT,1778.99,1200.0,68974.0
5101852,Bom Jesus do Araguaia - MT,1533.79,1100.0,7221.0
5101902,Brasnorte - MT,1603.19,1200.0,16951.0
5102504,Cáceres - MT,1459.05,966.67,89163.0
5102603,Campinápolis - MT,861.15,366.33,15303.0
5102637,Campo Novo do Parecis - MT,1827.46,1271.43,45345.0
5102678,Campo Verde - MT,1712.11,1212.0,44448.0
5102686,Campos de Júlio - MT,1850.44,1282.4,8596.0
5102694,Canabrava do Norte - MT,1615.55,1200.0,4459.0
5102702,Canarana - MT,2136.38,1375.0,25807.0
5102793,Carlinda - MT,1460.34,1204.0,10296.0
5102850,Castanheira - MT,1335.04,1100.0,7466.0
5103007,Chapada dos Guimarães - MT,1863.33,1106.0,18894.0
5103056,Cláudia - MT,1473.42,1200.0,9582.0
5103106,Cocalinho - MT,1466.11,1150.0,6200.0
5103205,Colíder - MT,1796.83,1300.0,31206.0
5103254,Colniza - MT,1262.59,900.0,25483.0
5103304,Comodoro - MT,1444.11,1133.0,18153.0
5103353,Confresa - MT,1500.84,1075.0,35016.0
5103361,Conquista D'Oeste - MT,1523.36,1200.0,3754.0
5103379,Cotriguaçu - MT,1520.4,1033.33,10995.0
5103403,Cuiabá - MT,2428.24,1300.0,646693.0
5103437,Curvelândia - MT,1300.68,1000.0,4903.0
5103452,Denise - MT,1436.49,1100.0,7014.0
5103502,Diamantino - MT,1634.49,1212.0,21780.0
5103601,Dom Aquino - MT,1456.31,1125.0,7783.0
5103700,Feliz Natal - MT,1520.23,1021.33,10448.0
5103809,Figueirópolis D'Oeste - MT,1457.44,1100.0,3132.0
5103858,Gaúcha do Norte - MT,1347.27,985.33,8627.0
5103908,General Carneiro - MT,1051.79,733.33,6015.0
5103957,Glória D'Oeste - MT,1190.16,902.0,2888.0
5104104,Guarantã do Norte - MT,1740.16,1180.0,31006.0
5104203,Guiratinga - MT,1502.94,1200.0,10750.0
5104500,Indiavaí - MT,1281.65,1071.0,2197.0
5104526,Ipiranga do Norte - MT,1872.14,1400.0,7642.0
5104542,Itanhangá - MT,1587.37,1212.0,7491.0
5104559,Itaúba - MT,1489.28,1200.0,5000.0
5104609,Itiquira - MT,1638.65,1200.0,12177.0
5104807,Jaciara - MT,1638.82,1141.33,28433.0
5104906,Jangada - MT,1095.63,833.33,7426.0
5105002,Jauru - MT,1721.24,1212.0,8328.0
5105101,Juara - MT,1605.6,1200.0,34701.0
5105150,Juína - MT,1597.67,1200.0,45585.0
5105176,Juruena - MT,1627.82,1200.0,10196.0
5105200,Juscimeira - MT,1222.76,1000.0,11433.0
5105234,Lambari D'Oeste - MT,1165.12,985.33,4780.0
5105259,Lucas do Rio Verde - MT,2202.82,1500.0,83559.0
5105309,Luciara - MT,1051.57,778.29,2509.0
5105507,Vila Bela da Santíssima Trindade - MT,1260.1,906.0,16656.0
5105580,Marcelândia - MT,1570.67,1100.0,11376.0
5105606,Matupá - MT,1880.9,1333.33,20026.0
5105622,Mirassol d'Oeste - MT,1480.3,1106.0,26549.0
5105903,Nobres - MT,1484.25,1073.14,15417.0
5106000,Nortelândia - MT,1454.13,1057.0,5864.0
5106109,Nossa Senhora do Livramento - MT,1107.38,808.0,12870.0
5106158,Nova Bandeirantes - MT,1419.8,1100.0,13515.0
5106174,Nova Nazaré - MT,1290.57,800.0,4164.0
5106182,Nova Lacerda - MT,1411.77,1120.0,6667.0
5106190,Nova Santa Helena - MT,1673.59,1212.0,4228.0
5106208,Nova Brasilândia - MT,1187.78,892.86,3894.0
5106216,Nova Canaã do Norte - MT,1532.5,1200.0,11703.0
5106224,Nova Mutum - MT,2222.75,1525.0,55582.0
5106232,Nova Olímpia - MT,1378.26,1060.0,16289.0
5106240,Nova Ubiratã - MT,1588.72,1200.0,11419.0
5106257,Nova Xavantina - MT,1674.32,1200.4,24160.0
5106265,Novo Mundo - MT,1395.5,1000.0,6484.0
5106273,Novo Horizonte do Norte - MT,1535.86,1250.0,3349.0
5106281,Novo São Joaquim - MT,1521.54,1204.0,6819.0
5106299,Paranaíta - MT,1616.67,1212.0,11606.0
5106307,Paranatinga - MT,1493.0,1081.0,26239.0
5106315,Novo Santo Antônio - MT,1343.52,1004.8,2006.0
5106372,Pedra Preta - MT,1510.72,1166.67,17968.0
5106422,Peixoto de Azevedo - MT,1089.88,808.0,32443.0
5106455,Planalto da Serra - MT,1477.03,1203.0,3166.0
5106505,Poconé - MT,1066.69,857.14,31179.0
5106653,Pontal do Araguaia - MT,1748.56,1212.0,6932.0
5106703,Ponte Branca - MT,1511.48,1212.0,1998.0
5106752,Pontes e Lacerda - MT,1576.59,1176.29,51714.0
5106778,Porto Alegre do Norte - MT,1438.58,1075.0,12022.0
5106802,Porto dos Gaúchos - MT,1773.87,1266.67,5542.0
5106828,Porto Esperidião - MT,1172.74,850.0,10130.0
5106851,Porto Estrela - MT,1006.14,750.0,3224.0
5107008,Poxoréu - MT,1126.25,845.33,23159.0
5107040,Primavera do Leste - MT,2064.23,1460.0,84644.0
5107065,Querência - MT,1861.74,1250.0,26333.0
5107107,São José dos Quatro Marcos - MT,1355.35,1050.0,17818.0
5107156,Reserva do Cabaçal - MT,1328.48,1100.0,2122.0
5107180,Ribeirão Cascalheira - MT,1455.45,1200.0,9974.0
5107198,Ribeirãozinho - MT,1593.37,1212.0,2582.0
5107206,Rio Branco - MT,1472.23,1166.67,4521.0
5107248,Santa Carmem - MT,1739.4,1212.0,5354.0
5107263,Santo Afonso - MT,1498.51,1210.0,2519.0
5107297,São José do Povo - MT,1417.51,1212.0,2875.0
5107305,São José do Rio Claro - MT,1335.67,1000.0,14744.0
5107354,São José do Xingu - MT,1336.91,1037.33,5933.0
5107404,São Pedro da Cipa - MT,1339.52,1000.0,4170.0
5107578,Rondolândia - MT,920.06,606.0,3477.0
5107602,Rondonópolis - MT,1960.35,1212.5,242713.0
5107701,Rosário Oeste - MT,1249.99,937.33,15361.0
5107743,Santa Cruz do Xingu - MT,2108.12,1181.78,2617.0
5107750,Salto do Céu - MT,1383.61,1100.0,3670.0
5107768,Santa Rita do Trivelato - MT,1598.18,1185.71,3254.0
5107776,Santa Terezinha - MT,1002.97,606.0,7568.0
5107792,Santo Antônio do Leste - MT,1168.53,903.0,4097.0
5107800,Santo Antônio de Leverger - MT,1214.99,850.0,15181.0
5107859,São Félix do Araguaia - MT,1502.25,1142.4,13107.0
5107875,Sapezal - MT,1957.35,1462.5,27690.0
5107883,Serra Nova Dourada - MT,1552.08,1250.0,1792.0
5107909,Sinop - MT,2146.78,1500.0,195331.0
5107925,Sorriso - MT,2175.07,1500.0,110032.0
5107941,Tabaporã - MT,1631.67,1200.0,9636.0
5107958,Tangará da Serra - MT,1846.11,1250.0,105891.0
5108006,Tapurah - MT,1743.62,1300.0,14018.0
5108055,Terra Nova do Norte - MT,1545.61,1200.0,10599.0
5108105,Tesouro - MT,1370.11,1000.0,3023.0
5108204,Torixoréu - MT,1390.27,1204.0,4141.0
5108303,União do Sul - MT,1589.3,1125.0,3830.0
5108352,Vale de São Domingos - MT,1348.22,1133.33,2904.0
5108402,Várzea Grande - MT,1453.88,1075.0,299038.0
5108501,Vera - MT,1618.26,1212.0,12726.0
5108600,Vila Rica - MT,1632.85,1206.0,19679.0
5108808,Nova Guarita - MT,1130.89,987.43,4542.0
5108857,Nova Marilândia - MT,1504.51,1141.75,3521.0
5108907,Nova Maringá - MT,1721.46,1227.0,5716.0
5108956,Nova Monte Verde - MT,1604.84,1200.0,8287.0
5200050,Abadia de Goiás - GO,1180.2,825.0,18744.0
5200100,Abadiânia - GO,1120.29,856.0,16927.0
5200134,Acreúna - GO,1489.52,1066.67,21287.0
5200159,Adelândia - GO,1490.18,1150.0,2278.0
5200175,Água Fria de Goiás - GO,1067.37,842.4,4919.0
5200209,Água Limpa - GO,1517.07,1212.0,1858.0
5200258,Águas Lindas de Goiás - GO,1027.34,800.0,225223.0
5200308,Alexânia - GO,1299.21,909.0,26905.0
5200506,Aloândia - GO,1654.76,1250.0,1973.0
5200555,Alto Horizonte - GO,1527.35,1166.67,6053.0
5200605,Alto Paraíso de Goiás - GO,1767.85,1178.75,10036.0
5200803,Alvorada do Norte - GO,1143.51,777.2,8446.0
5200829,Amaralina - GO,1184.95,909.0,3252.0
5200852,Americano do Brasil - GO,914.55,700.0,5245.0
5200902,Amorinópolis - GO,1484.2,1212.0,2992.0
5201108,Anápolis - GO,1723.02,1200.0,396962.0
5201207,Anhanguera - GO,1518.8,1300.0,924.0
5201306,Anicuns - GO,1473.21,1142.4,18450.0
5201405,Aparecida de Goiânia - GO,1417.33,1066.67,522681.0
5201454,Aparecida do Rio Doce - GO,1436.79,1071.0,2870.0
5201504,Aporé - GO,1507.57,1212.0,4315.0
5201603,Araçu - GO,1368.99,1112.0,3760.0
5201702,Aragarças - GO,1333.37,1025.0,18217.0
5201801,Aragoiânia - GO,1165.08,800.0,11879.0
5202155,Araguapaz - GO,1306.11,1000.0,7133.0
5202353,Arenópolis - GO,1335.2,1204.5,2944.0
5202502,Aruanã - GO,1469.3,1133.33,8222.0
5202601,Aurilândia - GO,1491.47,1106.0,3260.0
5202809,Avelinópolis - GO,1395.39,1093.33,2868.0
5203104,Baliza - GO,1183.7,875.0,3334.0
5203203,Barro Alto - GO,1311.55,1000.0,10327.0
5203302,Bela Vista de Goiás - GO,1637.71,1133.33,34331.0
5203401,Bom Jardim de Goiás - GO,1367.26,1067.33,7769.0
5203500,Bom Jesus de Goiás - GO,1447.48,1115.5,23895.0
5203559,Bonfinópolis - GO,1337.45,1030.0,10246.0
5203575,Bonópolis - GO,1200.67,969.6,3275.0
5203609,Brazabrantes - GO,1266.06,1070.67,3991.0
5203807,Britânia - GO,1469.56,1100.0,5663.0
5203906,Buriti Alegre - GO,1463.96,1200.0,10420.0
5203939,Buriti de Goiás - GO,1419.51,1200.0,2732.0
5203962,Buritinópolis - GO,883.67,728.0,3145.0
5204003,Cabeceiras - GO,1170.16,900.0,7532.0
5204102,Cachoeira Alta - GO,1562.18,1050.0,11355.0
5204201,Cachoeira de Goiás - GO,1196.62,1000.0,1403.0
5204250,Cachoeira Dourada - GO,1531.74,1200.0,7771.0
5204300,Caçu - GO,1796.75,1212.0,13672.0
5204409,Caiapônia - GO,1652.4,1212.0,16415.0
5204508,Caldas Novas - GO,1596.14,1133.75,98263.0
5204557,Caldazinha - GO,1384.25,1078.0,4507.0
5204607,Campestre de Goiás - GO,1348.84,1000.0,3755.0
5204656,Campinaçu - GO,1225.94,1000.0,3708.0
5204706,Campinorte - GO,1364.05,1000.0,12499.0
5204805,Campo Alegre de Goiás - GO,1503.15,1166.67,7403.0
5204854,Campo Limpo de Goiás - GO,1141.62,900.0,8066.0
5204904,Campos Belos - GO,1105.23,808.0,18015.0
5204953,Campos Verdes - GO,1092.31,808.0,4005.0
5205000,Carmo do Rio Verde - GO,1138.24,1000.0,9667.0
5205059,Castelândia - GO,1362.98,1053.0,2970.0
5205109,Catalão - GO,1978.99,1320.0,113886.0
5205208,Caturaí - GO,1173.84,906.0,5180.0
5205307,Cavalcante - GO,992.49,666.67,9540.0
5205406,Ceres - GO,1905.87,1237.33,21938.0
5205455,Cezarina - GO,1470.53,1133.33,8090.0
5205471,Chapadão do Céu - GO,2014.5,1489.5,12852.0
5205497,Cidade Ocidental - GO,1257.39,870.67,91549.0
5205513,Cocalzinho de Goiás - GO,1124.98,833.33,24719.0
5205521,Colinas do Sul - GO,1094.18,825.0,4023.0
5205703,Córrego do Ouro - GO,1696.12,1212.0,2453.0
5205802,Corumbá de Goiás - GO,1266.95,906.0,10361.0
5205901,Corumbaíba - GO,1501.21,1212.0,9114.0
5206206,Cristalina - GO,1347.24,900.0,61951.0
5206305,Cristianópolis - GO,1545.25,1106.0,3483.0
5206404,Crixás - GO,1438.23,1106.0,16965.0
5206503,Cromínia - GO,1625.46,1204.0,3879.0
5206602,Cumari - GO,1392.56,1050.0,2908.0
5206701,Damianópolis - GO,914.23,700.0,3770.0
5206800,Damolândia - GO,1029.48,808.0,2722.0
5206909,Davinópolis - GO,1201.26,1042.4,1897.0
5207105,Diorama - GO,1362.3,1212.0,2054.0
5207253,Doverlândia - GO,1501.93,1200.0,6930.0
5207352,Edealina - GO,1467.35,1212.0,3981.0
5207402,Edéia - GO,1592.09,1160.0,11692.0
5207501,Estrela do Norte - GO,1317.6,1012.0,3205.0
5207535,Faina - GO,1212.29,1000.0,7060.0
5207600,Fazenda Nova - GO,1503.77,1212.0,5858.0
5207808,Firminópolis - GO,1777.07,1212.0,10359.0
5207907,Flores de Goiás - GO,911.08,642.0,13168.0
5208004,Formosa - GO,1553.54,1042.4,114835.0
5208103,Formoso - GO,1442.82,1074.67,4653.0
5208152,Gameleira de Goiás - GO,1420.81,1006.0,3450.0
5208301,Divinópolis de Goiás - GO,988.81,800.0,4457.0
5208400,Goianápolis - GO,1280.32,966.67,13883.0
5208509,Goiandira - GO,1519.4,1212.0,4958.0
5208608,Goianésia - GO,1539.47,1200.0,72848.0
5208707,Goiânia - GO,2668.8,1450.0,1434577.0
5208806,Goianira - GO,1135.58,900.0,71855.0
5208905,Goiás - GO,1718.77,1200.0,23955.0
5209101,Goiatuba - GO,1689.55,1212.0,35488.0
5209150,Gouvelândia - GO,1288.3,1100.0,4368.0
5209200,Guapó - GO,1227.07,937.25,19514.0
5209291,Guaraíta - GO,1292.35,1100.0,2188.0
5209408,Guarani de Goiás - GO,916.72,723.0,4085.0
5209457,Guarinos - GO,1100.76,900.0,2161.0
5209606,Heitoraí - GO,1315.65,1066.67,3348.0
5209705,Hidrolândia - GO,1626.34,1109.67,27584.0
5209804,Hidrolina - GO,1353.29,1084.8,3543.0
5209903,Iaciara - GO,919.34,700.0,10580.0
5209937,Inaciolândia - GO,1249.96,1008.0,5891.0
5209952,Indiara - GO,1441.09,1100.0,16983.0
5210000,Inhumas - GO,1498.36,1140.0,51817.0
5210109,Ipameri - GO,1527.05,1181.0,25412.0
5210158,Ipiranga de Goiás - GO,1315.82,1206.0,2919.0
5210208,Iporá - GO,1748.63,1212.0,35312.0
5210307,Israelândia - GO,1254.54,1010.0,2495.0
5210406,Itaberaí - GO,1421.51,1069.6,44619.0
5210562,Itaguari - GO,1331.54,1133.33,4963.0
5210604,Itaguaru - GO,1127.42,973.14,4885.0
5210802,Itajá - GO,1582.01,1200.0,4367.0
5210901,Itapaci - GO,1335.74,1000.0,21022.0
5211008,Itapirapuã - GO,1503.44,1151.33,7980.0
5211206,Itapuranga - GO,1371.33,1031.0,25935.0
5211305,Itarumã - GO,1776.07,1170.67,6049.0
5211404,Itauçu - GO,1451.46,1200.0,7632.0
5211503,Itumbiara - GO,1838.9,1212.0,107346.0
5211602,Ivolândia - GO,1548.54,1112.0,2683.0
5211701,Jandaia - GO,1620.89,1212.0,6265.0
5211800,Jaraguá - GO,1313.47,1000.0,45017.0
5211909,Jataí - GO,1818.86,1212.0,104934.0
5212006,Jaupaci - GO,994.09,808.0,2841.0
5212055,Jesúpolis - GO,1290.01,850.0,2123.0
5212105,Joviânia - GO,1785.45,1212.0,7102.0
5212204,Jussara - GO,1661.84,1204.0,19501.0
5212253,Lagoa Santa - GO,1385.97,1100.0,1389.0
5212303,Leopoldo de Bulhões - GO,1248.93,902.4,8640.0
5212501,Luziânia - GO,1154.28,833.33,207998.0
5212600,Mairipotaba - GO,1624.03,1212.0,2541.0
5212709,Mambaí - GO,1009.52,813.33,8092.0
5212808,Mara Rosa - GO,1531.62,1200.0,10654.0
5212907,Marzagão - GO,1499.44,1150.0,2758.0
5212956,Matrinchã - GO,1160.03,975.0,4034.0
5213004,Maurilândia - GO,1294.83,1025.0,10215.0
5213053,Mimoso de Goiás - GO,1104.6,808.0,2607.0
5213087,Minaçu - GO,1290.17,966.67,26722.0
5213103,Mineiros - GO,1576.3,1100.0,69686.0
5213400,Moiporá - GO,1576.61,1212.0,1684.0
5213509,Monte Alegre de Goiás - GO,817.02,600.0,6692.0
5213707,Montes Claros de Goiás - GO,1724.65,1212.0,8732.0
5213756,Montividiu - GO,1765.18,1250.0,12423.0
5213772,Montividiu do Norte - GO,1049.67,800.0,3772.0
5213806,Morrinhos - GO,1637.6,1212.0,50965.0
5213855,Morro Agudo de Goiás - GO,1081.81,880.0,2420.0
5213905,Mossâmedes - GO,1488.19,1100.0,4650.0
5214002,Mozarlândia - GO,1506.16,1212.0,14601.0
5214051,Mundo Novo - GO,1347.87,1033.33,6167.0
5214101,Mutunópolis - GO,1101.7,700.0,3532.0
5214408,Nazário - GO,1255.13,1054.0,8173.0
5214507,Nerópolis - GO,1390.6,975.0,31895.0
5214606,Niquelândia - GO,1385.45,1000.0,34716.0
5214705,Nova América - GO,1100.11,909.0,2337.0
5214804,Nova Aurora - GO,1465.6,1200.0,2087.0
5214838,Nova Crixás - GO,1606.5,1212.0,12698.0
5214861,Nova Glória - GO,1215.39,969.6,8294.0
5214879,Nova Iguaçu de Goiás - GO,1397.76,1055.0,3007.0
5214903,Nova Roma - GO,1060.47,808.0,3074.0
5215009,Nova Veneza - GO,1427.24,1133.33,9436.0
5215207,Novo Brasil - GO,1369.21,1200.0,3527.0
5215231,Novo Gama - GO,1000.39,784.8,103532.0
5215256,Novo Planalto - GO,1129.16,933.33,3708.0
5215306,Orizona - GO,1855.19,1212.0,16298.0
5215405,Ouro Verde de Goiás - GO,1332.08,1000.0,4057.0
5215504,Ouvidor - GO,1528.14,1150.0,7155.0
5215603,Padre Bernardo - GO,984.91,685.33,34770.0
5215652,Palestina de Goiás - GO,1405.74,1056.0,3132.0
5215702,Palmeiras de Goiás - GO,1337.68,1000.0,31795.0
5215801,Palmelo - GO,1688.91,1212.0,2227.0
5215900,Palminópolis - GO,1410.92,1200.0,3848.0
5216007,Panamá - GO,1380.71,1066.67,2455.0
5216304,Paranaiguara - GO,1222.1,1000.0,7542.0
5216403,Paraúna - GO,1539.7,1166.67,10609.0
5216452,Perolândia - GO,1469.08,1125.0,2955.0
5216809,Petrolina de Goiás - GO,1336.02,1028.0,9555.0
5216908,Pilar de Goiás - GO,1090.5,889.33,2328.0
5217104,Piracanjuba - GO,1876.46,1212.0,24682.0
5217203,Piranhas - GO,1598.1,1212.0,11651.0
5217302,Pirenópolis - GO,1492.76,1075.0,26582.0
5217401,Pires do Rio - GO,1745.69,1212.0,32119.0
5217609,Planaltina - GO,996.1,766.67,104124.0
5217708,Pontalina - GO,1692.99,1212.0,18132.0
5218003,Porangatu - GO,1524.5,1100.0,44117.0
5218052,Porteirão - GO,1696.91,1213.0,4066.0
5218102,Portelândia - GO,1368.96,1100.0,3280.0
5218300,Posse - GO,1333.77,904.0,34719.0
5218391,Professor Jamil - GO,1453.05,1084.8,3647.0
5218508,Quirinópolis - GO,1722.78,1212.0,48154.0
5218607,Rialma - GO,1469.23,1144.8,12081.0
5218706,Rianápolis - GO,1482.64,1212.0,3965.0
5218789,Rio Quente - GO,1613.63,1200.0,3824.0
5218805,Rio Verde - GO,1822.67,1212.0,224590.0
5218904,Rubiataba - GO,1478.55,1200.0,19668.0
5219001,Sanclerlândia - GO,1561.85,1212.0,7874.0
5219100,Santa Bárbara de Goiás - GO,1408.78,1050.0,6149.0
5219209,Santa Cruz de Goiás - GO,1776.3,1212.0,2997.0
5219258,Santa Fé de Goiás - GO,1530.95,1184.5,4938.0
5219308,Santa Helena de Goiás - GO,1538.33,1150.0,38298.0
5219357,Santa Isabel - GO,1333.06,1200.0,3531.0
5219407,Santa Rita do Araguaia - GO,1156.18,775.0,5910.0
5219456,Santa Rita do Novo Destino - GO,961.7,750.0,2687.0
5219506,Santa Rosa de Goiás - GO,1247.28,1042.4,2811.0
5219605,Santa Tereza de Goiás - GO,1239.43,1000.0,3293.0
5219704,Santa Terezinha de Goiás - GO,1239.58,1003.0,10599.0
5219712,Santo Antônio da Barra - GO,1279.99,1000.0,4261.0
5219738,Santo Antônio de Goiás - GO,1735.6,1150.0,7382.0
5219753,Santo Antônio do Descoberto - GO,1046.54,762.4,71881.0
5219803,São Domingos - GO,952.58,678.0,9669.0
5219902,São Francisco de Goiás - GO,1112.78,847.2,6360.0
5220009,São João d'Aliança - GO,915.03,650.0,14004.0
5220058,São João da Paraúna - GO,1629.3,1150.0,1774.0
5220108,São Luís de Montes Belos - GO,1873.64,1212.0,33557.0
5220157,São Luiz do Norte - GO,1233.48,1000.0,4834.0
5220207,São Miguel do Araguaia - GO,1608.32,1200.0,21727.0
5220264,São Miguel do Passa Quatro - GO,1824.82,1200.0,4367.0
5220280,São Patrício - GO,1242.99,1033.33,2136.0
5220405,São Simão - GO,1403.26,1025.0,16982.0
5220454,Senador Canedo - GO,1346.08,1000.0,155439.0
5220504,Serranópolis - GO,1440.72,1100.0,7897.0
5220603,Silvânia - GO,1585.22,1150.0,22123.0
5220686,Simolândia - GO,955.32,703.0,5727.0
5220702,Sítio d'Abadia - GO,1224.18,909.0,2912.0
5221007,Taquaral de Goiás - GO,1406.18,1050.0,4019.0
5221080,Teresina de Goiás - GO,1007.11,705.56,2696.0
5221197,Terezópolis de Goiás - GO,1205.2,833.71,7934.0
5221304,Três Ranchos - GO,1577.47,1212.0,2918.0
5221403,Trindade - GO,1355.44,1000.0,141528.0
5221452,Trombas - GO,1118.1,830.0,3113.0
5221502,Turvânia - GO,1413.92,1026.67,4471.0
5221551,Turvelândia - GO,1307.37,975.0,4985.0
5221577,Uirapuru - GO,1187.62,906.0,2798.0
5221601,Uruaçu - GO,1578.46,1166.67,42353.0
5221700,Uruana - GO,1422.2,1141.33,13628.0
5221809,Urutaí - GO,1587.02,1200.0,3543.0
5221858,Valparaíso de Goiás - GO,1444.85,1033.33,198531.0
5221908,Varjão - GO,1544.18,1145.33,3716.0
5222005,Vianópolis - GO,1763.05,1200.0,14868.0
5222054,Vicentinópolis - GO,1340.26,1053.0,8672.0
5222203,Vila Boa - GO,884.85,700.0,4183.0
5222302,Vila Propício - GO,1212.43,909.0,5803.0
5300108,Brasília - DF,2999.18,1495.0,2791115.0
