id,file
307,307.jpg
308,308.jpg
339,339.jpg
595,595.jpg
628,628.jpg
676,676.jpg
700,700.jpg
736,736.jpg
783,783.jpg
808,808.jpg
841,841.jpg
851,851.jpg
852,852.jpg
864,864.jpg
868,868.jpg
872,872.jpg
890,890.jpg
924,924.jpg
954,954.jpg
974,974.jpg
983,983.jpg
984,984.jpg
1006,1006.jpg
1017,1017.jpg
1020,1020.jpg
1028,1028.jpg
1029,1029.jpg
1057,1057.jpg
1058,1058.jpg
1130,1130.jpg
1168,1168.jpg
1177,1177.jpg
1208,1208.jpg
1239,1239.jpg
1247,1247.jpg
1256,1256.jpg
1273,1273.jpg
1363,1363.jpg
1370,1370.jpg
1389,1389.jpg
1408,1408.jpg
1425,1425.jpg
1436,1436.jpg
1527,1527.jpg
1528,1528.jpg
1529,1529.jpg
1556,1556.jpg
1557,1557.jpg
1570,1570.jpg
1573,1573.jpg
1592,1592.jpg
1600,1600.jpg
1606,1606.jpg
1613,1613.jpg
1620,1620.jpg
1623,1623.jpg
1624,1624.jpg
1625,1625.jpg
1640,1640.jpg
1645,1645.jpg
1657,1657.jpg
1676,1676.jpg
1677,1677.jpg
1679,1679.jpg
1715,1715.jpg
1735,1735.jpg
1737,1737.jpg
1748,1748.jpg
1749,1749.jpg
1789,1789.jpg
1806,1806.jpg
1814,1814.jpg
1822,1822.jpg
1828,1828.jpg
1844,1844.jpg
1871,1871.jpg
1923,1923.jpg
1937,1937.jpg
1938,1938.jpg
1988,1988.jpg
2009,2009.jpg
2023,2023.jpg
2029,2029.jpg
2030,2030.jpg
2042,2042.jpg
2062,2062.jpg
2064,2064.jpg
2065,2065.jpg
2144,2144.jpg
2176,2176.jpg
2180,2180.jpg
2238,2238.jpg
2241,2241.jpg
2310,2310.jpg
2391,2391.jpg
2397,2397.jpg
2402,2402.jpg
2425,2425.jpg
2433,2433.jpg
2447,2447.jpg
2510,2510.jpg
2519,2519.jpg
2543,2543.jpg
2575,2575.jpg
2676,2676.jpg
2678,2678.jpg
2681,2681.jpg
2692,2692.jpg
2722,2722.jpg
2741,2741.jpg
2786,2786.jpg
2847,2847.jpg
2865,2865.jpg
2919,2919.jpg
2944,2944.jpg
3132,3132.jpg
3212,3212.jpg
3225,3225.jpg
3246,3246.jpg
3356,3356.jpg
3382,3382.jpg
3395,3395.jpg
3408,3408.jpg
3740,3740.jpg
3741,3741.jpg
3747,3747.jpg
3845,3845.jpg
3873,3873.jpg
3875,3875.jpg
3986,3986.jpg
3992,3992.jpg
4001,4001.jpg
4010,4010.jpg
4041,4041.jpg
4051,4051.jpg
4068,4068.jpg
4163,4163.jpg
4173,4173.jpg
4216,4216.jpg
4224,4224.jpg
4233,4233.jpg
4241,4241.jpg
4242,4242.jpg
4285,4285.jpg
4408,4408.jpg
4471,4471.jpg
4481,4481.jpg
4517,4517.jpg
4527,4527.jpg
4537,4537.jpg
4551,4551.jpg
4552,4552.jpg
4572,4572.jpg
4601,4601.jpg
4607,4607.jpg
4667,4667.jpg
4868,4868.jpg
4878,4878.jpg
4980,4980.jpg
5034,5034.jpg
5132,5132.jpg
5142,5142.jpg
5233,5233.jpg
5314,5314.jpg
5635,5635.jpg
5654,5654.jpg
5655,5655.jpg
5693,5693.jpg
5698,5698.jpg
5766,5766.jpg
5768,5768.jpg
5771,5771.jpg
5804,5804.jpg
5813,5813.jpg
5823,5823.jpg
5884,5884.jpg
6046,6046.jpg
6066,6066.jpg
6125,6125.jpg
6140,6140.jpg
6195,6195.jpg
6226,6226.jpg
6260,6260.jpg
6452,6452.jpg
6532,6532.jpg
6542,6542.jpg
6548,6548.jpg
6746,6746.jpg
6824,6824.jpg
6852,6852.jpg
6859,6859.jpg
6878,6878.jpg
6928,6928.jpg
6942,6942.jpg
6984,6984.jpg
6991,6991.jpg
7015,7015.jpg
7018,7018.jpg
7236,7236.jpg
7362,7362.jpg
7387,7387.jpg
7426,7426.jpg
7434,7434.jpg
7437,7437.jpg
7471,7471.jpg
7478,7478.jpg
7504,7504.jpg
7517,7517.jpg
7554,7554.jpg
7628,7628.jpg
7775,7775.jpg
7886,7886.jpg
7888,7888.jpg
7891,7891.jpg
7892,7892.jpg
7925,7925.jpg
8079,8079.jpg
8083,8083.jpg
8091,8091.jpg
8099,8099.jpg
8138,8138.jpg
8169,8169.jpg
8182,8182.jpg
8193,8193.jpg
8199,8199.jpg
8205,8205.jpg
8211,8211.jpg
8300,8300.jpg
8302,8302.jpg
8397,8397.jpg
8467,8467.jpg
8470,8470.jpg
8474,8474.jpg
8485,8485.jpg
8520,8520.jpg
8551,8551.jpg
8580,8580.jpg
8592,8592.jpg
8618,8618.jpg
8629,8629.jpg
8663,8663.jpg
8716,8716.jpg
8778,8778.jpg
8786,8786.jpg
8791,8791.jpg
8798,8798.jpg
8799,8799.jpg
8855,8855.jpg
8945,8945.jpg
9039,9039.jpg
9072,9072.jpg
9288,9288.jpg
9331,9331.jpg
9428,9428.jpg
9482,9482.jpg
9505,9505.jpg
9506,9506.jpg
9514,9514.jpg
9516,9516.jpg
9518,9518.jpg
9549,9549.jpg
9553,9553.jpg
9603,9603.jpg
9615,9615.jpg
9668,9668.jpg
9679,9679.jpg
9764,9764.jpg
9779,9779.jpg
9808,9808.jpg
9810,9810.jpg
9815,9815.jpg
9820,9820.jpg
9839,9839.jpg
9840,9840.jpg
9902,9902.jpg
9911,9911.jpg
9942,9942.jpg
9948,9948.jpg
9956,9956.jpg
9962,9962.jpg
10030,10030.jpg
10049,10049.jpg
10073,10073.jpg
10076,10076.jpg
10083,10083.jpg
10085,10085.jpg
10128,10128.jpg
10130,10130.jpg
10148,10148.jpg
10151,10151.jpg
10152,10152.jpg
10172,10172.jpg
10245,10245.jpg
10264,10264.jpg
10277,10277.jpg
10286,10286.jpg
10287,10287.jpg
10292,10292.jpg
10328,10328.jpg
10354,10354.jpg
10358,10358.jpg
10407,10407.jpg
10442,10442.jpg
10450,10450.jpg
10482,10482.jpg
10489,10489.jpg
10518,10518.jpg
10576,10576.jpg
10671,10671.jpg
10672,10672.jpg
10683,10683.jpg
10770,10770.jpg
10823,10823.jpg
10852,10852.jpg
10855,10855.jpg
10858,10858.jpg
10868,10868.jpg
10957,10957.jpg
10979,10979.jpg
11023,11023.jpg
11041,11041.jpg
11181,11181.jpg
11194,11194.jpg
11319,11319.jpg
11371,11371.jpg
11431,11431.jpg
11457,11457.jpg
11461,11461.jpg
11466,11466.jpg
11472,11472.jpg
11479,11479.jpg
11508,11508.jpg
11551,11551.jpg
11625,11625.jpg
11631,11631.jpg
11638,11638.jpg
11646,11646.jpg
11786,11786.jpg
11794,11794.jpg
11820,11820.jpg
11857,11857.jpg
11891,11891.jpg
11955,11955.jpg
11958,11958.jpg
11968,11968.jpg
12007,12007.jpg
12104,12104.jpg
12209,12209.jpg
12216,12216.jpg
12230,12230.jpg
12232,12232.jpg
12274,12274.jpg
12276,12276.jpg
12281,12281.jpg
12300,12300.jpg
12305,12305.jpg
12307,12307.jpg
12309,12309.jpg
12326,12326.jpg
12333,12333.jpg
12406,12406.jpg
12425,12425.jpg
12478,12478.jpg
12495,12495.jpg
12509,12509.jpg
12531,12531.jpg
12557,12557.jpg
12561,12561.jpg
12562,12562.jpg
12576,12576.jpg
12583,12583.jpg
12590,12590.jpg
12598,12598.jpg
12635,12635.jpg
12651,12651.jpg
12677,12677.jpg
12707,12707.jpg
12731,12731.jpg
12750,12750.jpg
12775,12775.jpg
12776,12776.jpg
12787,12787.jpg
12804,12804.jpg
12810,12810.jpg
12835,12835.jpg
12855,12855.jpg
12957,12957.jpg
12958,12958.jpg
12963,12963.jpg
13010,13010.jpg
13049,13049.jpg
13062,13062.jpg
13066,13066.jpg
13076,13076.jpg
13172,13172.jpg
13371,13371.jpg
13436,13436.jpg
13445,13445.jpg
13459,13459.jpg
13486,13486.jpg
13487,13487.jpg
13509,13509.jpg
13531,13531.jpg
13550,13550.jpg
13574,13574.jpg
13578,13578.jpg
13602,13602.jpg
13616,13616.jpg
13621,13621.jpg
13623,13623.jpg
13628,13628.jpg
13633,13633.jpg
13635,13635.jpg
13682,13682.jpg
13684,13684.jpg
13693,13693.jpg
13700,13700.jpg
13717,13717.jpg
13722,13722.jpg
13765,13765.jpg
13792,13792.jpg
13896,13896.jpg
13956,13956.jpg
13957,13957.jpg
13959,13959.jpg
13966,13966.jpg
13967,13967.jpg
14005,14005.jpg
14013,14013.jpg
14045,14045.jpg
14059,14059.jpg
14092,14092.jpg
14135,14135.jpg
14179,14179.jpg
14186,14186.jpg
14187,14187.jpg
14227,14227.jpg
14236,14236.jpg
14254,14254.jpg
14279,14279.jpg
14317,14317.jpg
14328,14328.jpg
14358,14358.jpg
14457,14457.jpg
14573,14573.jpg
14618,14618.jpg
14626,14626.jpg
14627,14627.jpg
14631,14631.jpg
14937,14937.jpg
14980,14980.jpg
15088,15088.jpg
15179,15179.jpg
15192,15192.jpg
15229,15229.jpg
15308,15308.jpg
15408,15408.jpg
15414,15414.jpg
15435,15435.jpg
15506,15506.jpg
15511,15511.jpg
15587,15587.jpg
15600,15600.jpg
15614,15614.jpg
15622,15622.jpg
15626,15626.jpg
15630,15630.jpg
15641,15641.jpg
15654,15654.jpg
15736,15736.jpg
15744,15744.jpg
15745,15745.jpg
15766,15766.jpg
15770,15770.jpg
15777,15777.jpg
15781,15781.jpg
15782,15782.jpg
15821,15821.jpg
15823,15823.jpg
15825,15825.jpg
15827,15827.jpg
15837,15837.jpg
15838,15838.jpg
15852,15852.jpg
15858,15858.jpg
15872,15872.jpg
15890,15890.jpg
15898,15898.jpg
15916,15916.jpg
15919,15919.jpg
15924,15924.jpg
15930,15930.jpg
15937,15937.jpg
15941,15941.jpg
15942,15942.jpg
15950,15950.jpg
15967,15967.jpg
15978,15978.jpg
15980,15980.jpg
15992,15992.jpg
15993,15993.jpg
16001,16001.jpg
16005,16005.jpg
16027,16027.jpg
16028,16028.jpg
16044,16044.jpg
16046,16046.jpg
16094,16094.jpg
16095,16095.jpg
16103,16103.jpg
16115,16115.jpg
16118,16118.jpg
16119,16119.jpg
16121,16121.jpg
16123,16123.jpg
16125,16125.jpg
16134,16134.jpg
16142,16142.jpg
16143,16143.jpg
16153,16153.jpg
16175,16175.jpg
16187,16187.jpg
16193,16193.jpg
16209,16209.jpg
16215,16215.jpg
16218,16218.jpg
16224,16224.jpg
16243,16243.jpg
16245,16245.jpg
16252,16252.jpg
16273,16273.jpg
16277,16277.jpg
16288,16288.jpg
16289,16289.jpg
16294,16294.jpg
16300,16300.jpg
16307,16307.jpg
16308,16308.jpg
16312,16312.jpg
16317,16317.jpg
16321,16321.jpg
16329,16329.jpg
16339,16339.jpg
16340,16340.jpg
16384,16384.jpg
16403,16403.jpg
16419,16419.jpg
16433,16433.jpg
16455,16455.jpg
16483,16483.jpg
16494,16494.jpg
16509,16509.jpg
16521,16521.jpg
16546,16546.jpg
16547,16547.jpg
16550,16550.jpg
16553,16553.jpg
16555,16555.jpg
16558,16558.jpg
16567,16567.jpg
16603,16603.jpg
16623,16623.jpg
16634,16634.jpg
16707,16707.jpg
16724,16724.jpg
16736,16736.jpg
16743,16743.jpg
16757,16757.jpg
16768,16768.jpg
16774,16774.jpg
16827,16827.jpg
16844,16844.jpg
16861,16861.jpg
16894,16894.jpg
16899,16899.jpg
16912,16912.jpg
16919,16919.jpg
16930,16930.jpg
16991,16991.jpg
17062,17062.jpg
17077,17077.jpg
17087,17087.jpg
17130,17130.jpg
17193,17193.jpg
17272,17272.jpg
17300,17300.jpg
17304,17304.jpg
17318,17318.jpg
17335,17335.jpg
17355,17355.jpg
17443,17443.jpg
17450,17450.jpg
17461,17461.jpg
17528,17528.jpg
17562,17562.jpg
17618,17618.jpg
17652,17652.jpg
17740,17740.jpg
17741,17741.jpg
17862,17862.jpg
17888,17888.jpg
17897,17897.jpg
17900,17900.jpg
17902,17902.jpg
17914,17914.jpg
17917,17917.jpg
17924,17924.jpg
17949,17949.jpg
17965,17965.jpg
17972,17972.jpg
18002,18002.jpg
18024,18024.jpg
18031,18031.jpg
18046,18046.jpg
18047,18047.jpg
18049,18049.jpg
18070,18070.jpg
18079,18079.jpg
18096,18096.jpg
18100,18100.jpg
18313,18313.jpg
18390,18390.jpg
18433,18433.jpg
18473,18473.jpg
18507,18507.jpg
18549,18549.jpg
18553,18553.jpg
18576,18576.jpg
18633,18633.jpg
18639,18639.jpg
18642,18642.jpg
18706,18706.jpg
18707,18707.jpg
18710,18710.jpg
18738,18738.jpg
18823,18823.jpg
18894,18894.jpg
18934,18934.jpg
18995,18995.jpg
19019,19019.jpg
19046,19046.jpg
19047,19047.jpg
19318,19318.jpg
19334,19334.jpg
19361,19361.jpg
19379,19379.jpg
19381,19381.jpg
19444,19444.jpg
19445,19445.jpg
19455,19455.jpg
19499,19499.jpg
19527,19527.jpg
19535,19535.jpg
19548,19548.jpg
19577,19577.jpg
19640,19640.jpg
19727,19727.jpg
19747,19747.jpg
19763,19763.jpg
19813,19813.jpg
19821,19821.jpg
19831,19831.jpg
19834,19834.jpg
19848,19848.jpg
19903,19903.jpg
19948,19948.jpg
19960,19960.jpg
19975,19975.jpg
19986,19986.jpg
19987,19987.jpg
19988,19988.jpg
19989,19989.jpg
19990,19990.jpg
19991,19991.jpg
19992,19992.jpg
20032,20032.jpg
20076,20076.jpg
20089,20089.jpg
20127,20127.jpg
20155,20155.jpg
20187,20187.jpg
20218,20218.jpg
20221,20221.jpg
20269,20269.jpg
20312,20312.jpg
20345,20345.jpg
20396,20396.jpg
20405,20405.jpg
20408,20408.jpg
20455,20455.jpg
20540,20540.jpg
20584,20584.jpg
20597,20597.jpg
20603,20603.jpg
20618,20618.jpg
20633,20633.jpg
20672,20672.jpg
20677,20677.jpg
20709,20709.jpg
20713,20713.jpg
20747,20747.jpg
20757,20757.jpg
20762,20762.jpg
20767,20767.jpg
20787,20787.jpg
20796,20796.jpg
20905,20905.jpg
20979,20979.jpg
21018,21018.jpg
21019,21019.jpg
21026,21026.jpg
21111,21111.jpg
21181,21181.jpg
21210,21210.jpg
21247,21247.jpg
21444,21444.jpg
21453,21453.jpg
21473,21473.jpg
21504,21504.jpg
21511,21511.jpg
21566,21566.jpg
21573,21573.jpg
21615,21615.jpg
21632,21632.jpg
21641,21641.jpg
21683,21683.jpg
21873,21873.jpg
21995,21995.jpg
22055,22055.jpg
22109,22109.jpg
22149,22149.jpg
22196,22196.jpg
22413,22413.jpg
22416,22416.jpg
22459,22459.jpg
22468,22468.jpg
22481,22481.jpg
22492,22492.jpg
22493,22493.jpg
22494,22494.jpg
22588,22588.jpg
22614,22614.jpg
22680,22680.jpg
22702,22702.jpg
22742,22742.jpg
22817,22817.jpg
22954,22954.jpg
22995,22995.jpg
23005,23005.jpg
23006,23006.jpg
23035,23035.jpg
23275,23275.jpg
23313,23313.jpg
23347,23347.jpg
23575,23575.jpg
23721,23721.jpg
23725,23725.jpg
23734,23734.jpg
23761,23761.jpg
23791,23791.jpg
23803,23803.jpg
23805,23805.jpg
23806,23806.jpg
23807,23807.jpg
23808,23808.jpg
23831,23831.jpg
23851,23851.jpg
23867,23867.jpg
23979,23979.jpg
24015,24015.jpg
24020,24020.jpg
24027,24027.jpg
24028,24028.jpg
24060,24060.jpg
24069,24069.jpg
24073,24073.jpg
24074,24074.jpg
24086,24086.jpg
24095,24095.jpg
24102,24102.jpg
24119,24119.jpg
24140,24140.jpg
24156,24156.jpg
24171,24171.jpg
24176,24176.jpg
24218,24218.jpg
24221,24221.jpg
24242,24242.jpg
24244,24244.jpg
24260,24260.jpg
24284,24284.jpg
24297,24297.jpg
24308,24308.jpg
24310,24310.jpg
24326,24326.jpg
24382,24382.jpg
24427,24427.jpg
24455,24455.jpg
24472,24472.jpg
24503,24503.jpg
24507,24507.jpg
24509,24509.jpg
24516,24516.jpg
24517,24517.jpg
24518,24518.jpg
24546,24546.jpg
24593,24593.jpg
24614,24614.jpg
24630,24630.jpg
24643,24643.jpg
24742,24742.jpg
24755,24755.jpg
24845,24845.jpg
24953,24953.jpg
24955,24955.jpg
25055,25055.jpg
25093,25093.jpg
25169,25169.jpg
25428,25428.jpg
25433,25433.jpg
25452,25452.jpg
25473,25473.jpg
25493,25493.jpg
25523,25523.jpg
25525,25525.jpg
25530,25530.jpg
25624,25624.jpg
25662,25662.jpg
25663,25663.jpg
25695,25695.jpg
25740,25740.jpg
25789,25789.jpg
25832,25832.jpg
25867,25867.jpg
25876,25876.jpg
25879,25879.jpg
25901,25901.jpg
25914,25914.jpg
25938,25938.jpg
26010,26010.jpg
26022,26022.jpg
26034,26034.jpg
26035,26035.jpg
26054,26054.jpg
26091,26091.jpg
26104,26104.jpg
26129,26129.jpg
26181,26181.jpg
26193,26193.jpg
26199,26199.jpg
26202,26202.jpg
26232,26232.jpg
26264,26264.jpg
26265,26265.jpg
26272,26272.jpg
26284,26284.jpg
26308,26308.jpg
26368,26368.jpg
26408,26408.jpg
26444,26444.jpg
26458,26458.jpg
26502,26502.jpg
26552,26552.jpg
26555,26555.jpg
26560,26560.jpg
26582,26582.jpg
26683,26683.jpg
26709,26709.jpg
26743,26743.jpg
26773,26773.jpg
26790,26790.jpg
26909,26909.jpg
26940,26940.jpg
26941,26941.jpg
26954,26954.jpg
26983,26983.jpg
26984,26984.jpg
26992,26992.jpg
27007,27007.jpg
27069,27069.jpg
27337,27337.jpg
27611,27611.jpg
27636,27636.jpg
27640,27640.jpg
27681,27681.jpg
27717,27717.jpg
27773,27773.jpg
27784,27784.jpg
27848,27848.jpg
27884,27884.jpg
27904,27904.jpg
28018,28018.jpg
28172,28172.jpg
28223,28223.jpg
28329,28329.jpg
28330,28330.jpg
28334,28334.jpg
28354,28354.jpg
28380,28380.jpg
28407,28407.jpg
28413,28413.jpg
28596,28596.jpg
28631,28631.jpg
28699,28699.jpg
28701,28701.jpg
28722,28722.jpg
28752,28752.jpg
28810,28810.jpg
28953,28953.jpg
29010,29010.jpg
29074,29074.jpg
29455,29455.jpg
29490,29490.jpg
29594,29594.jpg
29656,29656.jpg
29778,29778.jpg
29823,29823.jpg
29922,29922.jpg
30027,30027.jpg
30029,30029.jpg
30034,30034.jpg
30072,30072.jpg
30085,30085.jpg
30265,30265.jpg
30273,30273.jpg
30274,30274.jpg
30278,30278.jpg
30391,30391.jpg
30410,30410.jpg
30437,30437.jpg
30468,30468.jpg
30479,30479.jpg
30502,30502.jpg
30519,30519.jpg
30535,30535.jpg
30536,30536.jpg
30570,30570.jpg
30756,30756.jpg
30769,30769.jpg
30864,30864.jpg
30903,30903.jpg
30963,30963.jpg
31035,31035.jpg
31058,31058.jpg
31069,31069.jpg
31086,31086.jpg
31131,31131.jpg
31182,31182.jpg
31183,31183.jpg
31204,31204.jpg
31222,31222.jpg
31341,31341.jpg
31459,31459.jpg
31460,31460.jpg
31468,31468.jpg
31501,31501.jpg
31573,31573.jpg
31752,31752.jpg
32003,32003.jpg
32037,32037.jpg
32359,32359.jpg
32375,32375.jpg
32428,32428.jpg
32429,32429.jpg
32442,32442.jpg
32472,32472.jpg
32491,32491.jpg
32519,32519.jpg
32569,32569.jpg
32570,32570.jpg
32603,32603.jpg
32634,32634.jpg
32668,32668.jpg
32680,32680.jpg
32742,32742.jpg
32788,32788.jpg
32794,32794.jpg
32802,32802.jpg
32817,32817.jpg
32897,32897.jpg
32901,32901.jpg
32902,32902.jpg
32917,32917.jpg
33060,33060.jpg
33130,33130.jpg
33138,33138.jpg
33163,33163.jpg
33175,33175.jpg
33187,33187.jpg
33265,33265.jpg
33278,33278.jpg
33290,33290.jpg
33299,33299.jpg
33302,33302.jpg
33422,33422.jpg
33521,33521.jpg
33522,33522.jpg
33523,33523.jpg
33594,33594.jpg
33617,33617.jpg
33684,33684.jpg
33718,33718.jpg
33783,33783.jpg
33807,33807.jpg
33820,33820.jpg
33825,33825.jpg
33832,33832.jpg
33870,33870.jpg
33875,33875.jpg
33917,33917.jpg
33918,33918.jpg
33925,33925.jpg
33971,33971.jpg
33972,33972.jpg
34071,34071.jpg
34078,34078.jpg
34126,34126.jpg
34128,34128.jpg
34131,34131.jpg
34155,34155.jpg
34226,34226.jpg
34289,34289.jpg
34350,34350.jpg
34468,34468.jpg
34494,34494.jpg
36579,36579.jpg
36623,36623.jpg
36648,36648.jpg
36679,36679.jpg
36753,36753.jpg
36762,36762.jpg
36768,36768.jpg
36778,36778.jpg
36812,36812.jpg
36845,36845.jpg
36917,36917.jpg
37015,37015.jpg
37045,37045.jpg
37142,37142.jpg
37145,37145.jpg
37190,37190.jpg
37211,37211.jpg
37243,37243.jpg
37256,37256.jpg
37261,37261.jpg
37266,37266.jpg
37275,37275.jpg
37304,37304.jpg
37313,37313.jpg
37323,37323.jpg
37325,37325.jpg
37342,37342.jpg
37399,37399.jpg
37413,37413.jpg
37500,37500.jpg
37670,37670.jpg
37762,37762.jpg
37782,37782.jpg
37794,37794.jpg
37799,37799.jpg
37802,37802.jpg
37870,37870.jpg
37899,37899.jpg
37934,37934.jpg
37973,37973.jpg
37998,37998.jpg
38134,38134.jpg
38172,38172.jpg
38197,38197.jpg
38218,38218.jpg
38253,38253.jpg
38301,38301.jpg
38367,38367.jpg
38375,38375.jpg
38422,38422.jpg
38447,38447.jpg
38459,38459.jpg
38567,38567.jpg
38585,38585.jpg
38740,38740.jpg
38746,38746.jpg
38772,38772.jpg
38826,38826.jpg
38828,38828.jpg
38888,38888.jpg
38889,38889.jpg
38895,38895.jpg
38932,38932.jpg
38935,38935.jpg
38938,38938.jpg
38939,38939.jpg
38953,38953.jpg
38965,38965.jpg
38999,38999.jpg
39010,39010.jpg
39027,39027.jpg
39034,39034.jpg
39070,39070.jpg
39163,39163.jpg
39201,39201.jpg
39356,39356.jpg
39380,39380.jpg
39425,39425.jpg
39434,39434.jpg
39449,39449.jpg
39660,39660.jpg
39699,39699.jpg
39709,39709.jpg
39762,39762.jpg
39764,39764.jpg
39768,39768.jpg
39833,39833.jpg
39879,39879.jpg
39942,39942.jpg
40112,40112.jpg
40148,40148.jpg
40225,40225.jpg
40236,40236.jpg
40243,40243.jpg
40259,40259.jpg
40261,40261.jpg
40377,40377.jpg
40400,40400.jpg
40406,40406.jpg
40486,40486.jpg
40494,40494.jpg
40501,40501.jpg
40546,40546.jpg
40548,40548.jpg
40575,40575.jpg
40597,40597.jpg
40599,40599.jpg
40606,40606.jpg
40676,40676.jpg
41536,41536.jpg
41562,41562.jpg
41896,41896.jpg
41901,41901.jpg
41902,41902.jpg
41906,41906.jpg
41980,41980.jpg
41987,41987.jpg
42001,42001.jpg
42009,42009.jpg
42029,42029.jpg
42031,42031.jpg
42068,42068.jpg
42069,42069.jpg
42083,42083.jpg
42090,42090.jpg
42091,42091.jpg
42099,42099.jpg
42104,42104.jpg
42120,42120.jpg
42127,42127.jpg
42146,42146.jpg
42148,42148.jpg
42212,42212.jpg
42213,42213.jpg
42238,42238.jpg
42278,42278.jpg
42311,42311.jpg
42318,42318.jpg
42357,42357.jpg
42368,42368.jpg
42419,42419.jpg
42518,42518.jpg
42558,42558.jpg
42584,42584.jpg
42586,42586.jpg
42620,42620.jpg
42621,42621.jpg
42635,42635.jpg
42649,42649.jpg
42650,42650.jpg
42716,42716.jpg
42758,42758.jpg
42798,42798.jpg
42874,42874.jpg
42897,42897.jpg
42927,42927.jpg
42978,42978.jpg
43055,43055.jpg
43084,43084.jpg
43113,43113.jpg
43115,43115.jpg
43165,43165.jpg
43223,43223.jpg
43271,43271.jpg
43282,43282.jpg
43311,43311.jpg
43331,43331.jpg
43337,43337.jpg
43356,43356.jpg
43357,43357.jpg
43373,43373.jpg
43382,43382.jpg
43413,43413.jpg
43421,43421.jpg
43468,43468.jpg
43469,43469.jpg
43501,43501.jpg
43568,43568.jpg
43583,43583.jpg
43675,43675.jpg
43715,43715.jpg
43825,43825.jpg
43910,43910.jpg
43913,43913.jpg
43927,43927.jpg
43983,43983.jpg
43997,43997.jpg
44012,44012.jpg
44059,44059.jpg
44106,44106.jpg
44112,44112.jpg
44136,44136.jpg
44154,44154.jpg
44191,44191.jpg
44203,44203.jpg
44207,44207.jpg
44219,44219.jpg
44239,44239.jpg
44240,44240.jpg
44307,44307.jpg
44318,44318.jpg
44319,44319.jpg
44324,44324.jpg
44328,44328.jpg
44354,44354.jpg
44356,44356.jpg
44359,44359.jpg
44380,44380.jpg
44399,44399.jpg
44406,44406.jpg
44459,44459.jpg
44463,44463.jpg
44510,44510.jpg
44525,44525.jpg
44569,44569.jpg
44582,44582.jpg
44608,44608.jpg
44634,44634.jpg
44656,44656.jpg
44692,44692.jpg
44735,44735.jpg
44743,44743.jpg
44822,44822.jpg
44848,44848.jpg
44849,44849.jpg
44886,44886.jpg
44887,44887.jpg
44888,44888.jpg
44903,44903.jpg
44920,44920.jpg
44980,44980.jpg
45077,45077.jpg
45080,45080.jpg
45109,45109.jpg
45154,45154.jpg
45181,45181.jpg
45185,45185.jpg
45218,45218.jpg
45222,45222.jpg
45238,45238.jpg
45321,45321.jpg
45343,45343.jpg
45379,45379.jpg
45380,45380.jpg
45396,45396.jpg
45397,45397.jpg
45400,45400.jpg
45497,45497.jpg
45592,45592.jpg
45597,45597.jpg
45610,45610.jpg
45651,45651.jpg
45660,45660.jpg
45732,45732.jpg
45782,45782.jpg
45964,45964.jpg
45967,45967.jpg
45968,45968.jpg
45969,45969.jpg
45979,45979.jpg
45985,45985.jpg
46038,46038.jpg
46052,46052.jpg
46089,46089.jpg
46117,46117.jpg
46165,46165.jpg
46209,46209.jpg
46228,46228.jpg
46247,46247.jpg
46289,46289.jpg
46344,46344.jpg
46373,46373.jpg
46377,46377.jpg
46381,46381.jpg
46383,46383.jpg
46389,46389.jpg
46390,46390.jpg
46402,46402.jpg
46426,46426.jpg
46531,46531.jpg
46591,46591.jpg
46601,46601.jpg
46605,46605.jpg
46607,46607.jpg
46641,46641.jpg
46684,46684.jpg
46688,46688.jpg
46721,46721.jpg
46744,46744.jpg
46755,46755.jpg
46784,46784.jpg
46823,46823.jpg
46825,46825.jpg
46827,46827.jpg
46836,46836.jpg
46852,46852.jpg
46854,46854.jpg
46858,46858.jpg
46861,46861.jpg
46996,46996.jpg
47072,47072.jpg
47092,47092.jpg
47096,47096.jpg
47118,47118.jpg
47121,47121.jpg
47122,47122.jpg
47153,47153.jpg
47372,47372.jpg
47387,47387.jpg
47399,47399.jpg
47404,47404.jpg
47406,47406.jpg
47407,47407.jpg
47411,47411.jpg
47437,47437.jpg
47621,47621.jpg
47643,47643.jpg
47717,47717.jpg
47836,47836.jpg
47901,47901.jpg
47907,47907.jpg
47923,47923.jpg
47944,47944.jpg
47969,47969.jpg
48030,48030.jpg
48068,48068.jpg
48071,48071.jpg
48110,48110.jpg
48227,48227.jpg
48303,48303.jpg
48321,48321.jpg
48372,48372.jpg
48419,48419.jpg
48422,48422.jpg
48436,48436.jpg
48449,48449.jpg
48522,48522.jpg
48532,48532.jpg
48542,48542.jpg
48569,48569.jpg
48570,48570.jpg
48571,48571.jpg
48596,48596.jpg
48701,48701.jpg
48733,48733.jpg
48740,48740.jpg
48874,48874.jpg
48918,48918.jpg
48927,48927.jpg
48951,48951.jpg
49030,49030.jpg
49053,49053.jpg
49069,49069.jpg
49080,49080.jpg
49109,49109.jpg
49185,49185.jpg
49186,49186.jpg
49207,49207.jpg
49240,49240.jpg
49260,49260.jpg
49274,49274.jpg
49300,49300.jpg
49367,49367.jpg
49407,49407.jpg
49522,49522.jpg
49544,49544.jpg
49562,49562.jpg
49613,49613.jpg
49644,49644.jpg
49645,49645.jpg
49650,49650.jpg
49706,49706.jpg
49720,49720.jpg
49799,49799.jpg
49861,49861.jpg
49902,49902.jpg
49907,49907.jpg
49955,49955.jpg
49966,49966.jpg
50012,50012.jpg
50050,50050.jpg
50122,50122.jpg
50139,50139.jpg
50151,50151.jpg
50165,50165.jpg
50206,50206.jpg
50217,50217.jpg
50229,50229.jpg
50237,50237.jpg
50350,50350.jpg
50420,50420.jpg
50422,50422.jpg
50444,50444.jpg
50450,50450.jpg
50552,50552.jpg
50614,50614.jpg
50745,50745.jpg
50835,50835.jpg
50908,50908.jpg
50960,50960.jpg
51039,51039.jpg
51074,51074.jpg
51083,51083.jpg
51109,51109.jpg
51189,51189.jpg
51250,51250.jpg
51255,51255.jpg
51271,51271.jpg
51294,51294.jpg
51301,51301.jpg
51307,51307.jpg
51333,51333.jpg
51335,51335.jpg
51418,51418.jpg
51465,51465.jpg
51487,51487.jpg
51584,51584.jpg
51695,51695.jpg
51749,51749.jpg
51799,51799.jpg
51808,51808.jpg
51825,51825.jpg
51831,51831.jpg
51845,51845.jpg
51879,51879.jpg
51884,51884.jpg
51929,51929.jpg
52023,52023.jpg
52121,52121.jpg
52139,52139.jpg
52201,52201.jpg
52246,52246.jpg
52260,52260.jpg
52263,52263.jpg
52271,52271.jpg
52346,52346.jpg
52395,52395.jpg
52487,52487.jpg
52544,52544.jpg
52592,52592.jpg
52608,52608.jpg
52627,52627.jpg
52707,52707.jpg
52711,52711.jpg
52724,52724.jpg
52790,52790.jpg
52800,52800.jpg
53029,53029.jpg
53047,53047.jpg
53242,53242.jpg
53255,53255.jpg
53257,53257.jpg
53285,53285.jpg
53294,53294.jpg
53327,53327.jpg
53395,53395.jpg
53404,53404.jpg
53424,53424.jpg
53494,53494.jpg
53528,53528.jpg
53536,53536.jpg
53569,53569.jpg
53617,53617.jpg
53703,53703.jpg
53711,53711.jpg
53736,53736.jpg
53762,53762.jpg
54010,54010.jpg
54017,54017.jpg
54132,54132.jpg
54161,54161.jpg
54174,54174.jpg
54204,54204.jpg
54247,54247.jpg
54268,54268.jpg
54306,54306.jpg
54324,54324.jpg
54386,54386.jpg
54408,54408.jpg
54533,54533.jpg
54539,54539.jpg
54764,54764.jpg
54938,54938.jpg
54956,54956.jpg
54985,54985.jpg
55014,55014.jpg
55016,55016.jpg
55029,55029.jpg
55072,55072.jpg
55078,55078.jpg
55117,55117.jpg
55167,55167.jpg
55251,55251.jpg
55271,55271.jpg
55285,55285.jpg
55434,55434.jpg
55451,55451.jpg
55490,55490.jpg
55523,55523.jpg
55654,55654.jpg
55896,55896.jpg
55917,55917.jpg
55986,55986.jpg
56244,56244.jpg
56251,56251.jpg
56386,56386.jpg
56439,56439.jpg
56455,56455.jpg
56470,56470.jpg
56472,56472.jpg
57187,57187.jpg
57317,57317.jpg
57454,57454.jpg
57550,57550.jpg
57610,57610.jpg
57719,57719.jpg
57731,57731.jpg
57873,57873.jpg
57876,57876.jpg
57931,57931.jpg
57985,57985.jpg
58198,58198.jpg
58230,58230.jpg
58349,58349.jpg
58418,58418.jpg
58521,58521.jpg
58522,58522.jpg
58548,58548.jpg
58586,58586.jpg
58684,58684.jpg
58702,58702.jpg
58719,58719.jpg
58726,58726.jpg
58917,58917.jpg
58925,58925.jpg
58928,58928.jpg
58972,58972.jpg
59172,59172.jpg
59205,59205.jpg
59216,59216.jpg
59259,59259.jpg
59298,59298.jpg
59533,59533.jpg
59600,59600.jpg
59659,59659.jpg
59661,59661.jpg
59711,59711.jpg
59720,59720.jpg
59765,59765.jpg
59926,59926.jpg
60004,60004.jpg
60041,60041.jpg
60070,60070.jpg
60090,60090.jpg
60192,60192.jpg
60203,60203.jpg
60256,60256.jpg
60280,60280.jpg
60328,60328.jpg
60368,60368.jpg
60557,60557.jpg
60633,60633.jpg
60827,60827.jpg
60832,60832.jpg
60845,60845.jpg
60886,60886.jpg
60903,60903.jpg
60904,60904.jpg
61002,61002.jpg
61020,61020.jpg
61150,61150.jpg
61157,61157.jpg
61279,61279.jpg
61322,61322.jpg
61325,61325.jpg
61404,61404.jpg
61410,61410.jpg
61479,61479.jpg
61540,61540.jpg
61618,61618.jpg
61645,61645.jpg
61797,61797.jpg
61822,61822.jpg
61853,61853.jpg
61866,61866.jpg
61881,61881.jpg
61982,61982.jpg
61998,61998.jpg
62004,62004.jpg
62013,62013.jpg
62016,62016.jpg
62022,62022.jpg
62031,62031.jpg
62032,62032.jpg
62034,62034.jpg
62038,62038.jpg
62070,62070.jpg
62093,62093.jpg
62114,62114.jpg
62116,62116.jpg
62131,62131.jpg
62182,62182.jpg
62531,62531.jpg
62546,62546.jpg
62556,62556.jpg
62581,62581.jpg
62616,62616.jpg
62626,62626.jpg
62627,62627.jpg
62665,62665.jpg
62666,62666.jpg
62678,62678.jpg
62679,62679.jpg
62682,62682.jpg
62809,62809.jpg
62811,62811.jpg
62935,62935.jpg
63073,63073.jpg
63075,63075.jpg
63083,63083.jpg
63093,63093.jpg
63132,63132.jpg
63135,63135.jpg
63140,63140.jpg
63146,63146.jpg
63148,63148.jpg
63157,63157.jpg
63174,63174.jpg
63186,63186.jpg
63187,63187.jpg
63299,63299.jpg
63321,63321.jpg
63328,63328.jpg
63332,63332.jpg
63375,63375.jpg
63390,63390.jpg
63436,63436.jpg
63517,63517.jpg
63520,63520.jpg
63727,63727.jpg
63740,63740.jpg
63741,63741.jpg
63742,63742.jpg
63747,63747.jpg
63857,63857.jpg
64182,64182.jpg
64240,64240.jpg
64258,64258.jpg
64372,64372.jpg
64384,64384.jpg
64610,64610.jpg
64673,64673.jpg
64676,64676.jpg
64689,64689.jpg
64705,64705.jpg
64710,64710.jpg
64719,64719.jpg
64935,64935.jpg
64956,64956.jpg
64962,64962.jpg
64963,64963.jpg
64965,64965.jpg
64966,64966.jpg
65064,65064.jpg
65119,65119.jpg
65133,65133.jpg
65145,65145.jpg
65174,65174.jpg
65319,65319.jpg
65378,65378.jpg
65414,65414.jpg
65422,65422.jpg
65463,65463.jpg
65577,65577.jpg
65689,65689.jpg
65738,65738.jpg
65777,65777.jpg
65780,65780.jpg
65861,65861.jpg
65954,65954.jpg
65961,65961.jpg
66049,66049.jpg
66054,66054.jpg
66065,66065.jpg
66068,66068.jpg
66069,66069.jpg
66083,66083.jpg
66161,66161.jpg
66164,66164.jpg
66206,66206.jpg
66278,66278.jpg
66538,66538.jpg
66569,66569.jpg
66578,66578.jpg
66612,66612.jpg
66795,66795.jpg
66877,66877.jpg
66951,66951.jpg
67025,67025.jpg
67047,67047.jpg
67127,67127.jpg
67156,67156.jpg
67160,67160.jpg
67260,67260.jpg
67376,67376.jpg
67377,67377.jpg
67379,67379.jpg
67404,67404.jpg
67482,67482.jpg
67720,67720.jpg
67761,67761.jpg
67763,67763.jpg
67765,67765.jpg
67892,67892.jpg
67955,67955.jpg
67992,67992.jpg
68131,68131.jpg
68274,68274.jpg
68322,68322.jpg
68323,68323.jpg
68335,68335.jpg
68375,68375.jpg
68378,68378.jpg
68601,68601.jpg
68697,68697.jpg
68849,68849.jpg
68855,68855.jpg
68904,68904.jpg
68974,68974.jpg
69236,69236.jpg
69246,69246.jpg
69323,69323.jpg
69402,69402.jpg
69418,69418.jpg
69607,69607.jpg
69677,69677.jpg
69718,69718.jpg
69795,69795.jpg
69804,69804.jpg
69811,69811.jpg
69818,69818.jpg
69830,69830.jpg
69840,69840.jpg
69847,69847.jpg
69852,69852.jpg
69861,69861.jpg
69880,69880.jpg
69886,69886.jpg
69930,69930.jpg
70026,70026.jpg
70085,70085.jpg
70095,70095.jpg
70194,70194.jpg
70208,70208.jpg
70315,70315.jpg
70369,70369.jpg
70449,70449.jpg
70506,70506.jpg
70549,70549.jpg
70560,70560.jpg
70602,70602.jpg
70631,70631.jpg
70666,70666.jpg
70700,70700.jpg
70716,70716.jpg
70718,70718.jpg
70842,70842.jpg
70843,70843.jpg
70844,70844.jpg
70938,70938.jpg
70986,70986.jpg
71280,71280.jpg
71376,71376.jpg
71410,71410.jpg
71421,71421.jpg
71464,71464.jpg
71490,71490.jpg
71839,71839.jpg
71870,71870.jpg
72187,72187.jpg
72201,72201.jpg
72249,72249.jpg
72336,72336.jpg
72337,72337.jpg
72581,72581.jpg
72587,72587.jpg
72590,72590.jpg
72650,72650.jpg
72671,72671.jpg
72708,72708.jpg
72745,72745.jpg
72811,72811.jpg
73313,73313.jpg
73356,73356.jpg
73384,73384.jpg
73462,73462.jpg
73513,73513.jpg
73515,73515.jpg
73572,73572.jpg
73626,73626.jpg
73631,73631.jpg
74213,74213.jpg
74264,74264.jpg
74268,74268.jpg
74326,74326.jpg
74344,74344.jpg
74573,74573.jpg
74631,74631.jpg
74635,74635.jpg
74639,74639.jpg
74647,74647.jpg
74658,74658.jpg
74773,74773.jpg
74775,74775.jpg
74857,74857.jpg
75044,75044.jpg
75088,75088.jpg
75097,75097.jpg
75143,75143.jpg
75147,75147.jpg
75150,75150.jpg
75185,75185.jpg
75319,75319.jpg
75392,75392.jpg
75795,75795.jpg
75831,75831.jpg
75847,75847.jpg
75861,75861.jpg
75908,75908.jpg
75910,75910.jpg
75985,75985.jpg
76037,76037.jpg
76170,76170.jpg
76370,76370.jpg
76496,76496.jpg
76572,76572.jpg
76640,76640.jpg
76701,76701.jpg
76772,76772.jpg
76811,76811.jpg
76907,76907.jpg
76958,76958.jpg
76989,76989.jpg
77032,77032.jpg
77062,77062.jpg
77169,77169.jpg
77323,77323.jpg
77352,77352.jpg
77382,77382.jpg
77390,77390.jpg
77413,77413.jpg
77414,77414.jpg
77423,77423.jpg
77447,77447.jpg
77491,77491.jpg
77498,77498.jpg
77502,77502.jpg
77606,77606.jpg
77610,77610.jpg
77618,77618.jpg
77655,77655.jpg
77822,77822.jpg
77880,77880.jpg
77891,77891.jpg
78209,78209.jpg
78239,78239.jpg
78297,78297.jpg
78345,78345.jpg
78388,78388.jpg
78436,78436.jpg
78438,78438.jpg
78468,78468.jpg
78498,78498.jpg
78500,78500.jpg
78747,78747.jpg
78781,78781.jpg
78834,78834.jpg
78877,78877.jpg
79075,79075.jpg
79156,79156.jpg
79182,79182.jpg
79474,79474.jpg
79505,79505.jpg
79596,79596.jpg
79616,79616.jpg
79884,79884.jpg
79982,79982.jpg
79994,79994.jpg
80047,80047.jpg
80049,80049.jpg
80051,80051.jpg
80149,80149.jpg
80301,80301.jpg
80322,80322.jpg
80335,80335.jpg
80362,80362.jpg
80395,80395.jpg
80441,80441.jpg
80481,80481.jpg
80482,80482.jpg
80486,80486.jpg
80608,80608.jpg
80696,80696.jpg
80749,80749.jpg
80756,80756.jpg
80830,80830.jpg
80833,80833.jpg
80903,80903.jpg
80933,80933.jpg
81285,81285.jpg
81425,81425.jpg
81456,81456.jpg
81473,81473.jpg
81480,81480.jpg
81586,81586.jpg
81590,81590.jpg
81672,81672.jpg
81735,81735.jpg
82061,82061.jpg
82384,82384.jpg
82489,82489.jpg
82765,82765.jpg
82925,82925.jpg
82981,82981.jpg
83049,83049.jpg
83117,83117.jpg
83312,83312.jpg
83499,83499.jpg
83502,83502.jpg
83688,83688.jpg
83739,83739.jpg
83875,83875.jpg
83949,83949.jpg
84065,84065.jpg
84096,84096.jpg
84099,84099.jpg
84109,84109.jpg
84183,84183.jpg
84199,84199.jpg
84345,84345.jpg
84508,84508.jpg
84551,84551.jpg
84554,84554.jpg
84569,84569.jpg
84577,84577.jpg
84643,84643.jpg
84783,84783.jpg
84798,84798.jpg
84829,84829.jpg
85036,85036.jpg
85226,85226.jpg
85234,85234.jpg
85254,85254.jpg
85284,85284.jpg
85406,85406.jpg
85432,85432.jpg
85667,85667.jpg
85731,85731.jpg
85836,85836.jpg
85968,85968.jpg
86346,86346.jpg
86632,86632.jpg
86651,86651.jpg
86655,86655.jpg
86665,86665.jpg
86692,86692.jpg
86735,86735.jpg
86817,86817.jpg
86895,86895.jpg
87536,87536.jpg
87603,87603.jpg
87624,87624.jpg
87644,87644.jpg
87793,87793.jpg
87985,87985.jpg
88048,88048.jpg
88076,88076.jpg
88351,88351.jpg
88371,88371.jpg
88401,88401.jpg
88483,88483.jpg
88833,88833.jpg
88893,88893.jpg
88923,88923.jpg
89265,89265.jpg
89319,89319.jpg
89340,89340.jpg
89446,89446.jpg
89728,89728.jpg
89889,89889.jpg
90050,90050.jpg
90095,90095.jpg
90142,90142.jpg
90239,90239.jpg
90472,90472.jpg
90625,90625.jpg
90682,90682.jpg
90692,90692.jpg
91084,91084.jpg
91345,91345.jpg
91751,91751.jpg
92224,92224.jpg
92289,92289.jpg
92459,92459.jpg
92550,92550.jpg
92931,92931.jpg
93560,93560.jpg
93759,93759.jpg
93783,93783.jpg
93809,93809.jpg
94111,94111.jpg
94253,94253.jpg
95176,95176.jpg
95184,95184.jpg
95185,95185.jpg
95274,95274.jpg
95359,95359.jpg
95429,95429.jpg
95871,95871.jpg
97080,97080.jpg
97103,97103.jpg
97666,97666.jpg
97778,97778.jpg
98258,98258.jpg
98262,98262.jpg
98367,98367.jpg
98394,98394.jpg
98439,98439.jpg
98607,98607.jpg
98634,98634.jpg
98676,98676.jpg
98912,98912.jpg
98969,98969.jpg
99063,99063.jpg
99328,99328.jpg
99340,99340.jpg
99425,99425.jpg
99598,99598.jpg
99613,99613.jpg
99636,99636.jpg
100031,100031.jpg
100097,100097.jpg
100127,100127.jpg
100156,100156.jpg
100224,100224.jpg
100381,100381.jpg
100384,100384.jpg
100385,100385.jpg
100405,100405.jpg
100434,100434.jpg
100691,100691.jpg
100692,100692.jpg
100955,100955.jpg
101318,101318.jpg
101393,101393.jpg
101407,101407.jpg
101631,101631.jpg
101721,101721.jpg
101883,101883.jpg
102002,102002.jpg
102036,102036.jpg
102096,102096.jpg
102274,102274.jpg
102298,102298.jpg
102345,102345.jpg
102567,102567.jpg
102592,102592.jpg
102685,102685.jpg
102690,102690.jpg
102739,102739.jpg
102910,102910.jpg
102973,102973.jpg
102989,102989.jpg
102994,102994.jpg
103063,103063.jpg
103156,103156.jpg
103360,103360.jpg
103362,103362.jpg
104121,104121.jpg
104462,104462.jpg
104641,104641.jpg
104650,104650.jpg
104658,104658.jpg
104743,104743.jpg
104940,104940.jpg
104944,104944.jpg
105060,105060.jpg
105329,105329.jpg
105389,105389.jpg
105407,105407.jpg
105436,105436.jpg
105439,105439.jpg
105931,105931.jpg
105949,105949.jpg
105961,105961.jpg
106358,106358.jpg
106393,106393.jpg
106413,106413.jpg
109275,109275.jpg
112282,112282.jpg
113063,113063.jpg
113070,113070.jpg
113080,113080.jpg
113093,113093.jpg
113152,113152.jpg
113616,113616.jpg
113635,113635.jpg
113666,113666.jpg
113746,113746.jpg
118697,118697.jpg
125195,125195.jpg
125209,125209.jpg
125231,125231.jpg
125248,125248.jpg
125267,125267.jpg
125270,125270.jpg
125379,125379.jpg
126090,126090.jpg
127657,127657.jpg
127660,127660.jpg
129194,129194.jpg
129237,129237.jpg
129666,129666.jpg
130715,130715.jpg
132471,132471.jpg
132730,132730.jpg
133249,133249.jpg
133392,133392.jpg
133410,133410.jpg
136763,136763.jpg
137241,137241.jpg
138483,138483.jpg
139098,139098.jpg
139177,139177.jpg
140308,140308.jpg
140367,140367.jpg
140422,140422.jpg
140475,140475.jpg
140488,140488.jpg
140638,140638.jpg
140639,140639.jpg
140677,140677.jpg
140709,140709.jpg
140714,140714.jpg
140955,140955.jpg
141030,141030.jpg
141591,141591.jpg
141833,141833.jpg
141931,141931.jpg
141969,141969.jpg
141986,141986.jpg
142056,142056.jpg
142241,142241.jpg
142245,142245.jpg
142528,142528.jpg
142548,142548.jpg
142721,142721.jpg
142789,142789.jpg
142809,142809.jpg
143102,143102.jpg
143331,143331.jpg
143363,143363.jpg
143377,143377.jpg
143605,143605.jpg
143745,143745.jpg
143983,143983.jpg
144026,144026.jpg
144110,144110.jpg
144152,144152.jpg
144163,144163.jpg
144171,144171.jpg
144178,144178.jpg
144364,144364.jpg
144434,144434.jpg
144439,144439.jpg
144531,144531.jpg
144682,144682.jpg
144686,144686.jpg
144829,144829.jpg
144835,144835.jpg
144848,144848.jpg
144936,144936.jpg
145236,145236.jpg
145319,145319.jpg
145320,145320.jpg
145325,145325.jpg
145332,145332.jpg
145422,145422.jpg
145432,145432.jpg
145532,145532.jpg
145584,145584.jpg
145704,145704.jpg
145874,145874.jpg
146050,146050.jpg
146215,146215.jpg
146607,146607.jpg
146638,146638.jpg
146676,146676.jpg
146803,146803.jpg
146811,146811.jpg
146843,146843.jpg
146969,146969.jpg
147073,147073.jpg
147183,147183.jpg
147187,147187.jpg
147219,147219.jpg
147237,147237.jpg
147301,147301.jpg
147311,147311.jpg
147352,147352.jpg
147367,147367.jpg
147368,147368.jpg
147490,147490.jpg
147672,147672.jpg
147687,147687.jpg
147719,147719.jpg
147726,147726.jpg
147831,147831.jpg
147840,147840.jpg
147855,147855.jpg
147858,147858.jpg
147873,147873.jpg
147965,147965.jpg
147995,147995.jpg
148000,148000.jpg
148061,148061.jpg
148193,148193.jpg
148203,148203.jpg
148205,148205.jpg
148206,148206.jpg
148209,148209.jpg
148301,148301.jpg
148313,148313.jpg
148318,148318.jpg
148328,148328.jpg
148341,148341.jpg
148456,148456.jpg
148457,148457.jpg
148465,148465.jpg
148483,148483.jpg
148645,148645.jpg
148682,148682.jpg
148683,148683.jpg
148783,148783.jpg
148784,148784.jpg
148785,148785.jpg
148788,148788.jpg
148796,148796.jpg
148804,148804.jpg
148809,148809.jpg
148905,148905.jpg
148983,148983.jpg
149006,149006.jpg
149120,149120.jpg
149127,149127.jpg
149168,149168.jpg
149189,149189.jpg
149243,149243.jpg
149337,149337.jpg
149435,149435.jpg
149439,149439.jpg
149441,149441.jpg
149448,149448.jpg
149454,149454.jpg
149506,149506.jpg
149561,149561.jpg
149690,149690.jpg
149709,149709.jpg
149811,149811.jpg
149813,149813.jpg
150056,150056.jpg
150060,150060.jpg
150071,150071.jpg
150091,150091.jpg
150210,150210.jpg
150582,150582.jpg
150585,150585.jpg
150695,150695.jpg
150846,150846.jpg
150888,150888.jpg
150996,150996.jpg
151069,151069.jpg
151080,151080.jpg
151083,151083.jpg
151087,151087.jpg
151094,151094.jpg
151112,151112.jpg
151116,151116.jpg
151210,151210.jpg
151276,151276.jpg
151288,151288.jpg
151328,151328.jpg
151337,151337.jpg
151381,151381.jpg
151404,151404.jpg
151454,151454.jpg
151603,151603.jpg
151855,151855.jpg
152041,152041.jpg
152066,152066.jpg
152447,152447.jpg
152487,152487.jpg
152575,152575.jpg
152603,152603.jpg
152613,152613.jpg
152680,152680.jpg
152682,152682.jpg
152687,152687.jpg
152755,152755.jpg
152833,152833.jpg
152841,152841.jpg
152860,152860.jpg
152967,152967.jpg
153029,153029.jpg
153100,153100.jpg
153147,153147.jpg
153295,153295.jpg
153477,153477.jpg
153557,153557.jpg
153575,153575.jpg
153578,153578.jpg
153828,153828.jpg
153956,153956.jpg
154060,154060.jpg
154081,154081.jpg
154099,154099.jpg
154183,154183.jpg
154224,154224.jpg
154239,154239.jpg
154247,154247.jpg
154352,154352.jpg
154450,154450.jpg
154511,154511.jpg
154554,154554.jpg
154695,154695.jpg
154698,154698.jpg
154771,154771.jpg
154971,154971.jpg
154987,154987.jpg
155033,155033.jpg
155094,155094.jpg
155139,155139.jpg
155166,155166.jpg
155265,155265.jpg
155269,155269.jpg
155381,155381.jpg
155391,155391.jpg
155406,155406.jpg
155608,155608.jpg
155730,155730.jpg
155736,155736.jpg
155772,155772.jpg
155910,155910.jpg
155915,155915.jpg
155973,155973.jpg
155979,155979.jpg
156006,156006.jpg
156068,156068.jpg
156089,156089.jpg
156126,156126.jpg
156589,156589.jpg
156602,156602.jpg
156607,156607.jpg
156640,156640.jpg
156866,156866.jpg
156881,156881.jpg
156883,156883.jpg
156899,156899.jpg
157272,157272.jpg
157279,157279.jpg
157437,157437.jpg
157487,157487.jpg
157544,157544.jpg
157639,157639.jpg
157696,157696.jpg
157829,157829.jpg
157994,157994.jpg
158106,158106.jpg
158177,158177.jpg
158252,158252.jpg
158287,158287.jpg
158410,158410.jpg
158412,158412.jpg
158448,158448.jpg
158538,158538.jpg
158595,158595.jpg
158608,158608.jpg
158664,158664.jpg
158703,158703.jpg
158879,158879.jpg
158889,158889.jpg
158894,158894.jpg
159204,159204.jpg
159213,159213.jpg
159268,159268.jpg
159275,159275.jpg
159362,159362.jpg
159370,159370.jpg
159381,159381.jpg
159451,159451.jpg
159473,159473.jpg
159547,159547.jpg
159599,159599.jpg
159625,159625.jpg
159676,159676.jpg
159737,159737.jpg
159784,159784.jpg
159964,159964.jpg
159966,159966.jpg
160126,160126.jpg
160158,160158.jpg
160194,160194.jpg
160199,160199.jpg
160201,160201.jpg
160204,160204.jpg
160232,160232.jpg
160570,160570.jpg
160640,160640.jpg
160811,160811.jpg
160914,160914.jpg
160985,160985.jpg
161133,161133.jpg
161185,161185.jpg
161266,161266.jpg
161420,161420.jpg
161436,161436.jpg
161459,161459.jpg
161466,161466.jpg
161503,161503.jpg
161570,161570.jpg
161735,161735.jpg
161870,161870.jpg
161895,161895.jpg
161920,161920.jpg
161968,161968.jpg
162145,162145.jpg
162198,162198.jpg
162276,162276.jpg
162319,162319.jpg
162510,162510.jpg
162617,162617.jpg
162742,162742.jpg
162864,162864.jpg
162870,162870.jpg
162903,162903.jpg
162932,162932.jpg
163002,163002.jpg
163029,163029.jpg
163038,163038.jpg
163047,163047.jpg
163169,163169.jpg
163228,163228.jpg
163272,163272.jpg
163276,163276.jpg
163278,163278.jpg
163286,163286.jpg
163554,163554.jpg
163565,163565.jpg
163618,163618.jpg
163892,163892.jpg
163893,163893.jpg
164053,164053.jpg
164120,164120.jpg
164153,164153.jpg
164228,164228.jpg
164281,164281.jpg
164382,164382.jpg
164390,164390.jpg
164614,164614.jpg
164640,164640.jpg
164910,164910.jpg
165113,165113.jpg
165329,165329.jpg
165457,165457.jpg
165492,165492.jpg
165507,165507.jpg
165527,165527.jpg
165553,165553.jpg
165567,165567.jpg
165723,165723.jpg
165755,165755.jpg
165939,165939.jpg
165964,165964.jpg
166093,166093.jpg
166103,166103.jpg
166126,166126.jpg
166152,166152.jpg
166419,166419.jpg
166437,166437.jpg
166538,166538.jpg
166611,166611.jpg
166777,166777.jpg
166959,166959.jpg
166969,166969.jpg
167051,167051.jpg
167378,167378.jpg
167560,167560.jpg
167595,167595.jpg
167608,167608.jpg
167651,167651.jpg
167790,167790.jpg
167805,167805.jpg
167861,167861.jpg
167975,167975.jpg
168006,168006.jpg
168020,168020.jpg
168094,168094.jpg
168163,168163.jpg
168171,168171.jpg
168208,168208.jpg
168212,168212.jpg
168255,168255.jpg
168263,168263.jpg
168280,168280.jpg
168300,168300.jpg
168314,168314.jpg
168335,168335.jpg
168480,168480.jpg
168494,168494.jpg
168534,168534.jpg
168540,168540.jpg
168576,168576.jpg
168868,168868.jpg
168955,168955.jpg
169033,169033.jpg
169245,169245.jpg
169505,169505.jpg
169602,169602.jpg
169832,169832.jpg
169833,169833.jpg
169915,169915.jpg
169967,169967.jpg
170144,170144.jpg
170146,170146.jpg
170402,170402.jpg
170409,170409.jpg
170438,170438.jpg
170459,170459.jpg
170490,170490.jpg
170713,170713.jpg
170779,170779.jpg
170977,170977.jpg
170982,170982.jpg
170987,170987.jpg
171003,171003.jpg
171022,171022.jpg
171045,171045.jpg
171133,171133.jpg
171137,171137.jpg
171148,171148.jpg
171268,171268.jpg
171515,171515.jpg
171521,171521.jpg
171528,171528.jpg
171549,171549.jpg
171593,171593.jpg
171606,171606.jpg
171625,171625.jpg
171952,171952.jpg
171993,171993.jpg
172002,172002.jpg
172051,172051.jpg
172067,172067.jpg
172104,172104.jpg
172313,172313.jpg
172395,172395.jpg
172472,172472.jpg
172794,172794.jpg
173082,173082.jpg
173294,173294.jpg
173632,173632.jpg
173758,173758.jpg
173813,173813.jpg
173825,173825.jpg
174001,174001.jpg
174415,174415.jpg
174527,174527.jpg
174645,174645.jpg
174716,174716.jpg
174821,174821.jpg
175040,175040.jpg
175044,175044.jpg
175143,175143.jpg
175320,175320.jpg
175431,175431.jpg
175803,175803.jpg
175827,175827.jpg
175855,175855.jpg
175946,175946.jpg
176894,176894.jpg
177032,177032.jpg
177220,177220.jpg
177316,177316.jpg
177557,177557.jpg
177655,177655.jpg
177801,177801.jpg
177840,177840.jpg
177854,177854.jpg
178186,178186.jpg
178246,178246.jpg
178312,178312.jpg
178326,178326.jpg
178826,178826.jpg
178879,178879.jpg
178967,178967.jpg
179095,179095.jpg
179158,179158.jpg
179179,179179.jpg
179304,179304.jpg
179331,179331.jpg
179599,179599.jpg
179955,179955.jpg
180289,180289.jpg
180306,180306.jpg
180487,180487.jpg
180568,180568.jpg
180618,180618.jpg
180727,180727.jpg
180738,180738.jpg
180913,180913.jpg
180982,180982.jpg
181084,181084.jpg
181535,181535.jpg
181547,181547.jpg
181579,181579.jpg
182032,182032.jpg
182080,182080.jpg
182494,182494.jpg
182532,182532.jpg
182534,182534.jpg
182966,182966.jpg
182997,182997.jpg
183124,183124.jpg
183145,183145.jpg
183417,183417.jpg
183603,183603.jpg
184136,184136.jpg
184236,184236.jpg
184394,184394.jpg
184860,184860.jpg
185107,185107.jpg
185232,185232.jpg
185576,185576.jpg
186041,186041.jpg
186184,186184.jpg
186224,186224.jpg
186267,186267.jpg
186300,186300.jpg
186538,186538.jpg
186553,186553.jpg
187067,187067.jpg
187387,187387.jpg
187726,187726.jpg
187753,187753.jpg
187807,187807.jpg
188158,188158.jpg
188180,188180.jpg
188698,188698.jpg
188899,188899.jpg
189451,189451.jpg
189474,189474.jpg
189644,189644.jpg
189733,189733.jpg
189930,189930.jpg
189972,189972.jpg
190388,190388.jpg
190391,190391.jpg
190995,190995.jpg
191208,191208.jpg
191325,191325.jpg
191400,191400.jpg
191497,191497.jpg
192080,192080.jpg
192196,192196.jpg
192481,192481.jpg
192892,192892.jpg
193208,193208.jpg
193537,193537.jpg
193580,193580.jpg
193686,193686.jpg
193687,193687.jpg
193737,193737.jpg
193756,193756.jpg
193843,193843.jpg
193872,193872.jpg
194038,194038.jpg
194128,194128.jpg
194176,194176.jpg
194273,194273.jpg
194316,194316.jpg
194342,194342.jpg
194385,194385.jpg
194455,194455.jpg
194475,194475.jpg
194961,194961.jpg
195086,195086.jpg
195259,195259.jpg
195684,195684.jpg
195722,195722.jpg
196238,196238.jpg
196318,196318.jpg
196578,196578.jpg
196603,196603.jpg
196804,196804.jpg
197033,197033.jpg
197386,197386.jpg
197522,197522.jpg
197736,197736.jpg
197745,197745.jpg
197967,197967.jpg
197978,197978.jpg
197983,197983.jpg
198092,198092.jpg
198336,198336.jpg
198401,198401.jpg
198606,198606.jpg
198616,198616.jpg
199158,199158.jpg
199169,199169.jpg
199445,199445.jpg
199513,199513.jpg
199714,199714.jpg
199933,199933.jpg
200053,200053.jpg
200119,200119.jpg
200180,200180.jpg
200354,200354.jpg
200530,200530.jpg
200563,200563.jpg
200683,200683.jpg
200750,200750.jpg
200801,200801.jpg
201049,201049.jpg
201155,201155.jpg
201184,201184.jpg
201373,201373.jpg
201840,201840.jpg
201856,201856.jpg
201949,201949.jpg
202262,202262.jpg
202572,202572.jpg
202664,202664.jpg
202995,202995.jpg
203269,203269.jpg
203407,203407.jpg
203421,203421.jpg
203648,203648.jpg
203675,203675.jpg
203693,203693.jpg
203695,203695.jpg
203724,203724.jpg
203729,203729.jpg
203756,203756.jpg
203795,203795.jpg
203890,203890.jpg
203963,203963.jpg
204121,204121.jpg
204260,204260.jpg
204281,204281.jpg
204310,204310.jpg
204352,204352.jpg
204467,204467.jpg
204535,204535.jpg
204645,204645.jpg
204766,204766.jpg
204955,204955.jpg
204975,204975.jpg
205137,205137.jpg
205150,205150.jpg
205247,205247.jpg
205370,205370.jpg
205508,205508.jpg
206001,206001.jpg
206186,206186.jpg
206467,206467.jpg
206705,206705.jpg
206724,206724.jpg
206996,206996.jpg
207068,207068.jpg
207314,207314.jpg
207870,207870.jpg
207992,207992.jpg
208160,208160.jpg
208200,208200.jpg
208567,208567.jpg
208580,208580.jpg
208591,208591.jpg
208592,208592.jpg
208596,208596.jpg
208623,208623.jpg
208625,208625.jpg
208626,208626.jpg
208638,208638.jpg
208639,208639.jpg
208641,208641.jpg
208673,208673.jpg
209191,209191.jpg
209215,209215.jpg
209274,209274.jpg
209351,209351.jpg
209904,209904.jpg
210191,210191.jpg
210318,210318.jpg
210359,210359.jpg
210413,210413.jpg
210836,210836.jpg
211193,211193.jpg
211233,211233.jpg
211518,211518.jpg
211681,211681.jpg
212352,212352.jpg
212686,212686.jpg
212860,212860.jpg
213163,213163.jpg
213237,213237.jpg
213266,213266.jpg
213302,213302.jpg
213362,213362.jpg
213424,213424.jpg
213495,213495.jpg
213567,213567.jpg
213625,213625.jpg
213668,213668.jpg
214028,214028.jpg
214193,214193.jpg
214213,214213.jpg
214221,214221.jpg
214233,214233.jpg
214303,214303.jpg
214478,214478.jpg
214796,214796.jpg
214866,214866.jpg
214876,214876.jpg
214928,214928.jpg
215141,215141.jpg
215430,215430.jpg
215488,215488.jpg
215554,215554.jpg
215566,215566.jpg
215609,215609.jpg
215633,215633.jpg
215650,215650.jpg
215912,215912.jpg
216291,216291.jpg
216440,216440.jpg
216485,216485.jpg
216556,216556.jpg
216616,216616.jpg
217501,217501.jpg
217509,217509.jpg
217512,217512.jpg
217513,217513.jpg
217696,217696.jpg
217702,217702.jpg
217724,217724.jpg
217790,217790.jpg
217811,217811.jpg
218238,218238.jpg
218684,218684.jpg
219204,219204.jpg
219311,219311.jpg
219349,219349.jpg
219358,219358.jpg
219366,219366.jpg
219948,219948.jpg
219986,219986.jpg
220160,220160.jpg
220401,220401.jpg
220418,220418.jpg
220441,220441.jpg
220556,220556.jpg
220810,220810.jpg
221259,221259.jpg
221421,221421.jpg
221558,221558.jpg
221567,221567.jpg
221604,221604.jpg
221749,221749.jpg
221765,221765.jpg
221788,221788.jpg
221812,221812.jpg
222165,222165.jpg
222469,222469.jpg
222871,222871.jpg
222889,222889.jpg
223215,223215.jpg
223253,223253.jpg
223339,223339.jpg
223632,223632.jpg
224173,224173.jpg
224416,224416.jpg
224484,224484.jpg
224698,224698.jpg
224900,224900.jpg
225247,225247.jpg
225255,225255.jpg
225266,225266.jpg
225494,225494.jpg
225541,225541.jpg
225830,225830.jpg
226113,226113.jpg
226564,226564.jpg
226812,226812.jpg
227039,227039.jpg
227111,227111.jpg
227328,227328.jpg
227335,227335.jpg
227357,227357.jpg
227696,227696.jpg
228615,228615.jpg
228927,228927.jpg
228980,228980.jpg
229198,229198.jpg
229247,229247.jpg
229575,229575.jpg
229656,229656.jpg
229730,229730.jpg
230664,230664.jpg
230698,230698.jpg
230958,230958.jpg
231089,231089.jpg
231187,231187.jpg
231443,231443.jpg
231699,231699.jpg
231734,231734.jpg
232201,232201.jpg
232595,232595.jpg
232669,232669.jpg
232847,232847.jpg
233338,233338.jpg
233350,233350.jpg
233394,233394.jpg
234074,234074.jpg
234248,234248.jpg
234264,234264.jpg
234297,234297.jpg
234630,234630.jpg
234756,234756.jpg
235054,235054.jpg
235306,235306.jpg
235307,235307.jpg
235312,235312.jpg
235323,235323.jpg
235324,235324.jpg
235916,235916.jpg
235952,235952.jpg
235959,235959.jpg
236428,236428.jpg
236590,236590.jpg
236637,236637.jpg
236750,236750.jpg
236780,236780.jpg
236906,236906.jpg
237012,237012.jpg
237443,237443.jpg
237521,237521.jpg
237523,237523.jpg
237564,237564.jpg
238156,238156.jpg
238765,238765.jpg
239431,239431.jpg
239672,239672.jpg
239917,239917.jpg
239947,239947.jpg
240018,240018.jpg
240361,240361.jpg
240390,240390.jpg
240648,240648.jpg
240910,240910.jpg
240940,240940.jpg
240951,240951.jpg
240952,240952.jpg
240989,240989.jpg
241113,241113.jpg
241365,241365.jpg
241458,241458.jpg
241636,241636.jpg
241678,241678.jpg
241721,241721.jpg
242031,242031.jpg
242178,242178.jpg
242216,242216.jpg
242319,242319.jpg
242325,242325.jpg
242376,242376.jpg
242606,242606.jpg
243054,243054.jpg
243685,243685.jpg
243788,243788.jpg
244468,244468.jpg
244600,244600.jpg
244910,244910.jpg
244932,244932.jpg
245083,245083.jpg
245160,245160.jpg
245189,245189.jpg
245318,245318.jpg
245437,245437.jpg
245698,245698.jpg
246089,246089.jpg
246185,246185.jpg
246309,246309.jpg
246445,246445.jpg
246833,246833.jpg
246843,246843.jpg
246845,246845.jpg
247386,247386.jpg
247468,247468.jpg
247724,247724.jpg
247725,247725.jpg
248127,248127.jpg
248171,248171.jpg
248177,248177.jpg
248559,248559.jpg
248859,248859.jpg
249107,249107.jpg
249427,249427.jpg
249897,249897.jpg
250811,250811.jpg
250887,250887.jpg
251000,251000.jpg
251240,251240.jpg
251388,251388.jpg
251592,251592.jpg
251728,251728.jpg
252130,252130.jpg
252274,252274.jpg
252453,252453.jpg
252532,252532.jpg
252989,252989.jpg
253553,253553.jpg
253749,253749.jpg
253776,253776.jpg
254015,254015.jpg
254379,254379.jpg
254543,254543.jpg
254995,254995.jpg
255083,255083.jpg
255195,255195.jpg
255338,255338.jpg
255380,255380.jpg
255405,255405.jpg
255486,255486.jpg
255645,255645.jpg
255722,255722.jpg
255903,255903.jpg
255964,255964.jpg
256004,256004.jpg
256180,256180.jpg
256369,256369.jpg
256406,256406.jpg
256620,256620.jpg
256668,256668.jpg
256678,256678.jpg
258648,258648.jpg
258947,258947.jpg
259349,259349.jpg
259901,259901.jpg
261020,261020.jpg
261053,261053.jpg
261087,261087.jpg
261259,261259.jpg
261396,261396.jpg
261659,261659.jpg
262156,262156.jpg
262185,262185.jpg
262376,262376.jpg
262459,262459.jpg
262593,262593.jpg
262658,262658.jpg
263609,263609.jpg
263622,263622.jpg
263914,263914.jpg
264058,264058.jpg
264097,264097.jpg
264238,264238.jpg
264799,264799.jpg
265032,265032.jpg
265093,265093.jpg
265422,265422.jpg
265586,265586.jpg
265935,265935.jpg
265949,265949.jpg
265950,265950.jpg
265957,265957.jpg
266033,266033.jpg
266108,266108.jpg
266334,266334.jpg
266346,266346.jpg
267666,267666.jpg
267929,267929.jpg
268009,268009.jpg
269055,269055.jpg
269253,269253.jpg
269416,269416.jpg
269826,269826.jpg
269846,269846.jpg
271518,271518.jpg
271544,271544.jpg
271964,271964.jpg
271975,271975.jpg
271981,271981.jpg
272065,272065.jpg
272074,272074.jpg
272081,272081.jpg
272105,272105.jpg
273777,273777.jpg
274539,274539.jpg
274900,274900.jpg
275355,275355.jpg
275443,275443.jpg
275566,275566.jpg
276341,276341.jpg
276348,276348.jpg
276356,276356.jpg
276361,276361.jpg
276433,276433.jpg
276533,276533.jpg
276727,276727.jpg
276890,276890.jpg
277011,277011.jpg
277170,277170.jpg
277174,277174.jpg
277277,277277.jpg
277451,277451.jpg
277463,277463.jpg
277693,277693.jpg
277721,277721.jpg
277795,277795.jpg
277805,277805.jpg
277818,277818.jpg
277952,277952.jpg
277990,277990.jpg
278119,278119.jpg
279605,279605.jpg
279641,279641.jpg
280636,280636.jpg
280738,280738.jpg
280856,280856.jpg
280893,280893.jpg
281146,281146.jpg
281337,281337.jpg
282522,282522.jpg
282746,282746.jpg
283871,283871.jpg
284163,284163.jpg
285013,285013.jpg
285508,285508.jpg
285544,285544.jpg
286067,286067.jpg
286095,286095.jpg
286834,286834.jpg
287211,287211.jpg
287428,287428.jpg
287444,287444.jpg
287453,287453.jpg
287740,287740.jpg
287859,287859.jpg
287916,287916.jpg
288059,288059.jpg
288140,288140.jpg
288210,288210.jpg
289470,289470.jpg
289962,289962.jpg
290133,290133.jpg
290392,290392.jpg
290482,290482.jpg
290553,290553.jpg
291132,291132.jpg
291593,291593.jpg
291698,291698.jpg
291747,291747.jpg
291884,291884.jpg
292086,292086.jpg
292130,292130.jpg
292315,292315.jpg
292321,292321.jpg
292511,292511.jpg
292592,292592.jpg
293253,293253.jpg
293377,293377.jpg
293409,293409.jpg
294006,294006.jpg
294161,294161.jpg
294260,294260.jpg
294462,294462.jpg
294501,294501.jpg
294685,294685.jpg
294912,294912.jpg
294934,294934.jpg
295192,295192.jpg
295206,295206.jpg
295359,295359.jpg
295555,295555.jpg
295598,295598.jpg
295845,295845.jpg
295860,295860.jpg
295929,295929.jpg
296008,296008.jpg
296256,296256.jpg
296388,296388.jpg
296534,296534.jpg
296604,296604.jpg
297206,297206.jpg
297256,297256.jpg
297372,297372.jpg
297953,297953.jpg
299489,299489.jpg
299696,299696.jpg
299717,299717.jpg
299734,299734.jpg
299809,299809.jpg
299824,299824.jpg
300200,300200.jpg
300468,300468.jpg
301069,301069.jpg
301515,301515.jpg
301590,301590.jpg
301731,301731.jpg
301775,301775.jpg
301776,301776.jpg
301839,301839.jpg
301882,301882.jpg
302167,302167.jpg
302170,302170.jpg
302511,302511.jpg
302577,302577.jpg
302695,302695.jpg
302783,302783.jpg
302920,302920.jpg
302954,302954.jpg
303225,303225.jpg
303461,303461.jpg
303892,303892.jpg
303951,303951.jpg
303960,303960.jpg
304427,304427.jpg
304527,304527.jpg
304546,304546.jpg
304995,304995.jpg
305003,305003.jpg
305473,305473.jpg
305561,305561.jpg
305696,305696.jpg
305910,305910.jpg
306355,306355.jpg
306428,306428.jpg
306460,306460.jpg
306478,306478.jpg
307164,307164.jpg
307535,307535.jpg
308174,308174.jpg
308274,308274.jpg
308460,308460.jpg
308559,308559.jpg
308792,308792.jpg
308851,308851.jpg
309124,309124.jpg
309149,309149.jpg
309161,309161.jpg
309605,309605.jpg
309607,309607.jpg
310210,310210.jpg
310301,310301.jpg
310344,310344.jpg
310693,310693.jpg
311358,311358.jpg
311414,311414.jpg
311615,311615.jpg
311937,311937.jpg
312482,312482.jpg
312501,312501.jpg
312698,312698.jpg
313177,313177.jpg
313436,313436.jpg
313503,313503.jpg
314475,314475.jpg
314563,314563.jpg
314682,314682.jpg
315360,315360.jpg
315472,315472.jpg
315777,315777.jpg
315831,315831.jpg
315859,315859.jpg
316130,316130.jpg
316136,316136.jpg
316201,316201.jpg
316217,316217.jpg
316400,316400.jpg
316443,316443.jpg
316728,316728.jpg
317053,317053.jpg
317058,317058.jpg
317069,317069.jpg
317574,317574.jpg
317575,317575.jpg
317860,317860.jpg
317988,317988.jpg
318336,318336.jpg
318405,318405.jpg
319049,319049.jpg
319063,319063.jpg
319102,319102.jpg
319114,319114.jpg
319659,319659.jpg
319743,319743.jpg
319793,319793.jpg
319799,319799.jpg
319938,319938.jpg
319997,319997.jpg
320349,320349.jpg
320701,320701.jpg
320723,320723.jpg
320781,320781.jpg
321019,321019.jpg
321520,321520.jpg
321560,321560.jpg
323082,323082.jpg
323504,323504.jpg
323592,323592.jpg
323818,323818.jpg
323983,323983.jpg
324138,324138.jpg
324427,324427.jpg
324754,324754.jpg
325191,325191.jpg
325918,325918.jpg
326067,326067.jpg
326125,326125.jpg
326771,326771.jpg
326913,326913.jpg
327509,327509.jpg
327664,327664.jpg
328242,328242.jpg
328642,328642.jpg
328700,328700.jpg
328875,328875.jpg
328931,328931.jpg
329908,329908.jpg
330395,330395.jpg
330959,330959.jpg
331124,331124.jpg
331219,331219.jpg
331643,331643.jpg
331863,331863.jpg
332245,332245.jpg
332538,332538.jpg
332946,332946.jpg
333250,333250.jpg
333603,333603.jpg
333813,333813.jpg
334090,334090.jpg
334671,334671.jpg
335017,335017.jpg
335067,335067.jpg
335179,335179.jpg
335230,335230.jpg
335247,335247.jpg
335260,335260.jpg
335643,335643.jpg
336790,336790.jpg
336809,336809.jpg
336822,336822.jpg
337150,337150.jpg
337250,337250.jpg
337629,337629.jpg
338256,338256.jpg
338378,338378.jpg
338821,338821.jpg
338887,338887.jpg
339091,339091.jpg
339816,339816.jpg
339841,339841.jpg
339963,339963.jpg
340375,340375.jpg
341259,341259.jpg
341299,341299.jpg
341308,341308.jpg
341374,341374.jpg
341479,341479.jpg
341814,341814.jpg
341911,341911.jpg
341949,341949.jpg
342409,342409.jpg
342753,342753.jpg
343134,343134.jpg
343279,343279.jpg
343294,343294.jpg
343554,343554.jpg
343560,343560.jpg
343651,343651.jpg
344089,344089.jpg
344124,344124.jpg
344181,344181.jpg
344336,344336.jpg
344783,344783.jpg
345742,345742.jpg
345792,345792.jpg
345802,345802.jpg
346029,346029.jpg
346840,346840.jpg
347105,347105.jpg
347301,347301.jpg
347344,347344.jpg
347480,347480.jpg
347547,347547.jpg
348170,348170.jpg
348227,348227.jpg
348759,348759.jpg
349769,349769.jpg
350061,350061.jpg
350297,350297.jpg
350325,350325.jpg
350641,350641.jpg
350841,350841.jpg
351727,351727.jpg
351873,351873.jpg
352017,352017.jpg
352514,352514.jpg
352699,352699.jpg
353215,353215.jpg
353288,353288.jpg
353535,353535.jpg
353589,353589.jpg
353831,353831.jpg
353929,353929.jpg
354084,354084.jpg
354237,354237.jpg
354356,354356.jpg
354943,354943.jpg
354975,354975.jpg
355379,355379.jpg
355422,355422.jpg
355478,355478.jpg
355502,355502.jpg
355519,355519.jpg
355853,355853.jpg
356714,356714.jpg
357200,357200.jpg
357806,357806.jpg
358396,358396.jpg
358637,358637.jpg
358668,358668.jpg
358683,358683.jpg
359063,359063.jpg
359117,359117.jpg
359435,359435.jpg
359603,359603.jpg
360141,360141.jpg
360387,360387.jpg
360815,360815.jpg
360830,360830.jpg
361020,361020.jpg
361176,361176.jpg
361803,361803.jpg
362321,362321.jpg
363002,363002.jpg
363163,363163.jpg
363250,363250.jpg
363326,363326.jpg
363533,363533.jpg
363601,363601.jpg
363851,363851.jpg
363999,363999.jpg
364275,364275.jpg
364813,364813.jpg
365352,365352.jpg
367043,367043.jpg
367106,367106.jpg
367968,367968.jpg
368418,368418.jpg
368552,368552.jpg
369227,369227.jpg
369648,369648.jpg
369656,369656.jpg
370140,370140.jpg
370239,370239.jpg
370499,370499.jpg
371475,371475.jpg
371531,371531.jpg
371650,371650.jpg
372532,372532.jpg
372898,372898.jpg
373900,373900.jpg
374183,374183.jpg
374184,374184.jpg
375502,375502.jpg
375670,375670.jpg
375769,375769.jpg
376188,376188.jpg
376192,376192.jpg
376619,376619.jpg
376738,376738.jpg
376903,376903.jpg
377337,377337.jpg
377401,377401.jpg
377911,377911.jpg
378093,378093.jpg
378395,378395.jpg
378398,378398.jpg
379148,379148.jpg
379216,379216.jpg
379771,379771.jpg
380296,380296.jpg
381467,381467.jpg
381507,381507.jpg
382736,382736.jpg
383135,383135.jpg
383481,383481.jpg
383486,383486.jpg
383592,383592.jpg
383797,383797.jpg
383899,383899.jpg
383926,383926.jpg
385290,385290.jpg
385653,385653.jpg
386450,386450.jpg
386491,386491.jpg
387165,387165.jpg
387492,387492.jpg
387605,387605.jpg
387608,387608.jpg
389504,389504.jpg
389974,389974.jpg
390737,390737.jpg
390745,390745.jpg
391026,391026.jpg
391054,391054.jpg
391323,391323.jpg
391324,391324.jpg
391481,391481.jpg
392228,392228.jpg
392238,392238.jpg
392284,392284.jpg
392300,392300.jpg
392304,392304.jpg
392308,392308.jpg
392319,392319.jpg
392337,392337.jpg
392367,392367.jpg
392403,392403.jpg
392406,392406.jpg
392412,392412.jpg
392422,392422.jpg
392432,392432.jpg
392441,392441.jpg
392497,392497.jpg
392566,392566.jpg
393536,393536.jpg
393545,393545.jpg
393550,393550.jpg
393553,393553.jpg
393555,393555.jpg
393564,393564.jpg
393569,393569.jpg
393576,393576.jpg
393593,393593.jpg
393596,393596.jpg
393603,393603.jpg
393609,393609.jpg
393613,393613.jpg
393614,393614.jpg
393617,393617.jpg
393625,393625.jpg
393629,393629.jpg
393634,393634.jpg
393639,393639.jpg
393676,393676.jpg
393734,393734.jpg
393735,393735.jpg
393737,393737.jpg
393740,393740.jpg
393744,393744.jpg
393754,393754.jpg
393771,393771.jpg
393779,393779.jpg
393785,393785.jpg
393791,393791.jpg
393794,393794.jpg
393799,393799.jpg
393804,393804.jpg
393805,393805.jpg
393829,393829.jpg
393831,393831.jpg
393860,393860.jpg
393865,393865.jpg
394583,394583.jpg
394949,394949.jpg
394960,394960.jpg
394983,394983.jpg
394987,394987.jpg
395065,395065.jpg
395074,395074.jpg
395090,395090.jpg
395097,395097.jpg
395100,395100.jpg
395736,395736.jpg
396241,396241.jpg
396621,396621.jpg
396803,396803.jpg
397043,397043.jpg
397810,397810.jpg
397991,397991.jpg
397997,397997.jpg
398602,398602.jpg
399009,399009.jpg
399280,399280.jpg
399370,399370.jpg
399536,399536.jpg
399557,399557.jpg
399571,399571.jpg
399747,399747.jpg
399787,399787.jpg
399839,399839.jpg
399855,399855.jpg
399911,399911.jpg
400247,400247.jpg
400306,400306.jpg
400421,400421.jpg
400595,400595.jpg
400738,400738.jpg
401012,401012.jpg
401531,401531.jpg
401983,401983.jpg
402553,402553.jpg
402593,402593.jpg
402784,402784.jpg
402850,402850.jpg
403073,403073.jpg
403293,403293.jpg
403520,403520.jpg
404323,404323.jpg
405248,405248.jpg
405374,405374.jpg
405425,405425.jpg
405704,405704.jpg
405888,405888.jpg
406617,406617.jpg
406622,406622.jpg
406662,406662.jpg
406831,406831.jpg
407082,407082.jpg
407530,407530.jpg
407674,407674.jpg
407748,407748.jpg
408415,408415.jpg
408458,408458.jpg
409311,409311.jpg
409517,409517.jpg
409595,409595.jpg
409605,409605.jpg
409842,409842.jpg
410093,410093.jpg
410307,410307.jpg
410355,410355.jpg
410386,410386.jpg
410610,410610.jpg
410902,410902.jpg
411085,411085.jpg
411161,411161.jpg
411292,411292.jpg
411352,411352.jpg
411354,411354.jpg
411551,411551.jpg
411674,411674.jpg
412004,412004.jpg
412214,412214.jpg
412879,412879.jpg
413184,413184.jpg
413242,413242.jpg
413244,413244.jpg
413257,413257.jpg
413261,413261.jpg
413284,413284.jpg
413779,413779.jpg
414393,414393.jpg
414848,414848.jpg
415036,415036.jpg
415045,415045.jpg
415175,415175.jpg
415700,415700.jpg
415956,415956.jpg
416255,416255.jpg
416641,416641.jpg
416672,416672.jpg
417858,417858.jpg
418046,418046.jpg
418109,418109.jpg
418467,418467.jpg
418625,418625.jpg
418947,418947.jpg
418964,418964.jpg
419058,419058.jpg
419077,419077.jpg
419084,419084.jpg
419280,419280.jpg
419302,419302.jpg
419342,419342.jpg
419563,419563.jpg
419980,419980.jpg
420360,420360.jpg
420438,420438.jpg
420493,420493.jpg
420671,420671.jpg
420766,420766.jpg
420853,420853.jpg
420855,420855.jpg
420922,420922.jpg
421089,421089.jpg
421292,421292.jpg
422504,422504.jpg
422558,422558.jpg
423514,423514.jpg
423930,423930.jpg
426208,426208.jpg
426381,426381.jpg
426484,426484.jpg
426859,426859.jpg
426991,426991.jpg
427018,427018.jpg
427626,427626.jpg
427856,427856.jpg
428291,428291.jpg
429643,429643.jpg
429800,429800.jpg
429918,429918.jpg
430144,430144.jpg
430172,430172.jpg
430239,430239.jpg
430391,430391.jpg
430417,430417.jpg
430546,430546.jpg
430698,430698.jpg
431092,431092.jpg
433738,433738.jpg
433740,433740.jpg
433760,433760.jpg
434293,434293.jpg
435573,435573.jpg
435934,435934.jpg
436261,436261.jpg
436753,436753.jpg
437099,437099.jpg
437302,437302.jpg
437373,437373.jpg
438044,438044.jpg
438419,438419.jpg
438447,438447.jpg
439159,439159.jpg
439365,439365.jpg
439501,439501.jpg
439693,439693.jpg
442146,442146.jpg
442682,442682.jpg
442798,442798.jpg
442964,442964.jpg
443110,443110.jpg
444222,444222.jpg
444493,444493.jpg
444645,444645.jpg
444872,444872.jpg
445152,445152.jpg
445390,445390.jpg
445658,445658.jpg
445813,445813.jpg
446058,446058.jpg
446263,446263.jpg
447541,447541.jpg
447881,447881.jpg
449543,449543.jpg
449823,449823.jpg
450210,450210.jpg
450813,450813.jpg
451058,451058.jpg
451255,451255.jpg
451281,451281.jpg
451733,451733.jpg
451975,451975.jpg
452399,452399.jpg
452431,452431.jpg
453778,453778.jpg
453929,453929.jpg
454123,454123.jpg
454456,454456.jpg
454754,454754.jpg
455164,455164.jpg
455443,455443.jpg
455818,455818.jpg
458428,458428.jpg
460207,460207.jpg
460349,460349.jpg
460888,460888.jpg
462384,462384.jpg
463533,463533.jpg
464227,464227.jpg
464271,464271.jpg
465672,465672.jpg
467462,467462.jpg
467504,467504.jpg
467626,467626.jpg
468318,468318.jpg
468831,468831.jpg
470578,470578.jpg
471429,471429.jpg
471623,471623.jpg
471660,471660.jpg
471806,471806.jpg
473309,473309.jpg
473806,473806.jpg
474079,474079.jpg
474723,474723.jpg
475101,475101.jpg
475445,475445.jpg
475680,475680.jpg
475845,475845.jpg
475889,475889.jpg
475903,475903.jpg
476001,476001.jpg
476044,476044.jpg
476099,476099.jpg
476181,476181.jpg
476919,476919.jpg
478023,478023.jpg
478372,478372.jpg
479363,479363.jpg
481122,481122.jpg
481604,481604.jpg
481634,481634.jpg
483047,483047.jpg
483360,483360.jpg
483492,483492.jpg
483765,483765.jpg
484066,484066.jpg
484101,484101.jpg
484591,484591.jpg
485273,485273.jpg
485701,485701.jpg
486649,486649.jpg
488793,488793.jpg
488919,488919.jpg
489007,489007.jpg
489483,489483.jpg
489914,489914.jpg
490420,490420.jpg
491273,491273.jpg
491357,491357.jpg
492066,492066.jpg
492488,492488.jpg
493900,493900.jpg
494073,494073.jpg
494328,494328.jpg
494423,494423.jpg
494540,494540.jpg
498263,498263.jpg
498574,498574.jpg
500353,500353.jpg
500906,500906.jpg
501160,501160.jpg
501452,501452.jpg
503164,503164.jpg
505162,505162.jpg
505542,505542.jpg
505673,505673.jpg
506052,506052.jpg
506101,506101.jpg
507433,507433.jpg
507859,507859.jpg
508014,508014.jpg
508396,508396.jpg
508609,508609.jpg
511002,511002.jpg
511096,511096.jpg
511809,511809.jpg
512244,512244.jpg
512734,512734.jpg
512809,512809.jpg
512826,512826.jpg
513402,513402.jpg
514472,514472.jpg
514619,514619.jpg
515685,515685.jpg
515766,515766.jpg
516509,516509.jpg
516580,516580.jpg
519074,519074.jpg
519607,519607.jpg
520837,520837.jpg
521165,521165.jpg
521984,521984.jpg
522298,522298.jpg
523032,523032.jpg
523641,523641.jpg
523995,523995.jpg
524149,524149.jpg
524276,524276.jpg
524323,524323.jpg
524467,524467.jpg
524577,524577.jpg
525141,525141.jpg
525650,525650.jpg
525868,525868.jpg
525886,525886.jpg
525901,525901.jpg
526167,526167.jpg
527425,527425.jpg
528673,528673.jpg
529134,529134.jpg
530295,530295.jpg
530936,530936.jpg
531287,531287.jpg
531848,531848.jpg
532149,532149.jpg
534366,534366.jpg
534615,534615.jpg
534622,534622.jpg
534636,534636.jpg
534957,534957.jpg
535230,535230.jpg
537100,537100.jpg
539048,539048.jpg
539296,539296.jpg
539817,539817.jpg
541150,541150.jpg
541346,541346.jpg
541724,541724.jpg
541725,541725.jpg
542407,542407.jpg
542511,542511.jpg
543675,543675.jpg
544255,544255.jpg
544668,544668.jpg
546077,546077.jpg
546125,546125.jpg
547384,547384.jpg
548105,548105.jpg
548212,548212.jpg
548242,548242.jpg
548952,548952.jpg
549418,549418.jpg
549681,549681.jpg
550071,550071.jpg
550377,550377.jpg
551129,551129.jpg
551483,551483.jpg
551643,551643.jpg
553957,553957.jpg
554074,554074.jpg
555211,555211.jpg
555483,555483.jpg
555527,555527.jpg
555532,555532.jpg
555623,555623.jpg
555681,555681.jpg
556077,556077.jpg
556745,556745.jpg
557007,557007.jpg
557154,557154.jpg
557462,557462.jpg
558139,558139.jpg
558192,558192.jpg
558698,558698.jpg
559526,559526.jpg
561822,561822.jpg
561874,561874.jpg
562206,562206.jpg
562598,562598.jpg
562802,562802.jpg
563078,563078.jpg
563540,563540.jpg
563975,563975.jpg
563982,563982.jpg
564099,564099.jpg
564161,564161.jpg
564365,564365.jpg
565925,565925.jpg
567464,567464.jpg
568801,568801.jpg
569555,569555.jpg
570740,570740.jpg
570768,570768.jpg
570802,570802.jpg
571725,571725.jpg
572460,572460.jpg
572862,572862.jpg
572897,572897.jpg
573451,573451.jpg
574751,574751.jpg
576320,576320.jpg
577126,577126.jpg
579541,579541.jpg
579872,579872.jpg
580501,580501.jpg
581217,581217.jpg
581583,581583.jpg
582420,582420.jpg
583945,583945.jpg
584217,584217.jpg
585020,585020.jpg
585148,585148.jpg
585377,585377.jpg
585657,585657.jpg
588117,588117.jpg
589723,589723.jpg
589725,589725.jpg
591104,591104.jpg
591615,591615.jpg
592734,592734.jpg
592775,592775.jpg
594667,594667.jpg
594696,594696.jpg
594891,594891.jpg
594907,594907.jpg
595394,595394.jpg
595750,595750.jpg
595763,595763.jpg
596044,596044.jpg
596330,596330.jpg
596566,596566.jpg
596631,596631.jpg
597766,597766.jpg
597894,597894.jpg
598363,598363.jpg
598470,598470.jpg
599745,599745.jpg
599923,599923.jpg
599983,599983.jpg
600332,600332.jpg
600595,600595.jpg
600697,600697.jpg
603336,603336.jpg
603934,603934.jpg
603989,603989.jpg
604244,604244.jpg
604962,604962.jpg
605735,605735.jpg
606507,606507.jpg
606972,606972.jpg
607834,607834.jpg
607944,607944.jpg
608209,608209.jpg
608287,608287.jpg
609983,609983.jpg
610532,610532.jpg
610889,610889.jpg
610980,610980.jpg
611982,611982.jpg
612068,612068.jpg
612521,612521.jpg
613378,613378.jpg
613947,613947.jpg
614149,614149.jpg
614825,614825.jpg
615283,615283.jpg
615588,615588.jpg
615593,615593.jpg
615599,615599.jpg
615769,615769.jpg
615788,615788.jpg
615792,615792.jpg
615800,615800.jpg
615807,615807.jpg
615810,615810.jpg
615820,615820.jpg
615830,615830.jpg
615832,615832.jpg
615834,615834.jpg
615838,615838.jpg
615839,615839.jpg
615841,615841.jpg
615844,615844.jpg
615848,615848.jpg
615871,615871.jpg
615874,615874.jpg
615883,615883.jpg
615887,615887.jpg
616447,616447.jpg
616517,616517.jpg
616575,616575.jpg
616584,616584.jpg
616593,616593.jpg
616605,616605.jpg
616622,616622.jpg
616624,616624.jpg
616629,616629.jpg
616962,616962.jpg
617807,617807.jpg
618870,618870.jpg
619578,619578.jpg
619670,619670.jpg
619761,619761.jpg
620735,620735.jpg
621503,621503.jpg
621845,621845.jpg
621989,621989.jpg
622606,622606.jpg
623231,623231.jpg
623239,623239.jpg
623439,623439.jpg
623444,623444.jpg
623737,623737.jpg
623801,623801.jpg
623926,623926.jpg
623930,623930.jpg
624312,624312.jpg
624882,624882.jpg
625371,625371.jpg
625894,625894.jpg
628232,628232.jpg
628938,628938.jpg
629851,629851.jpg
630391,630391.jpg
630821,630821.jpg
632854,632854.jpg
633495,633495.jpg
634431,634431.jpg
635039,635039.jpg
635247,635247.jpg
636344,636344.jpg
637029,637029.jpg
637134,637134.jpg
637432,637432.jpg
637893,637893.jpg
637896,637896.jpg
638109,638109.jpg
638372,638372.jpg
642083,642083.jpg
642214,642214.jpg
643710,643710.jpg
644544,644544.jpg
645289,645289.jpg
647263,647263.jpg
647880,647880.jpg
648724,648724.jpg
649484,649484.jpg
649859,649859.jpg
649861,649861.jpg
649994,649994.jpg
650426,650426.jpg
650466,650466.jpg
650896,650896.jpg
651519,651519.jpg
651860,651860.jpg
652402,652402.jpg
653994,653994.jpg
654507,654507.jpg
654559,654559.jpg
656544,656544.jpg
656593,656593.jpg
656948,656948.jpg
657123,657123.jpg
658551,658551.jpg
658556,658556.jpg
658597,658597.jpg
659310,659310.jpg
659333,659333.jpg
660446,660446.jpg
661919,661919.jpg
663508,663508.jpg
664754,664754.jpg
665012,665012.jpg
665823,665823.jpg
666212,666212.jpg
666910,666910.jpg
668027,668027.jpg
669594,669594.jpg
671030,671030.jpg
671288,671288.jpg
675225,675225.jpg
675561,675561.jpg
676082,676082.jpg
676576,676576.jpg
679283,679283.jpg
679859,679859.jpg
680333,680333.jpg
681214,681214.jpg
681770,681770.jpg
683945,683945.jpg
685608,685608.jpg
685906,685906.jpg
685922,685922.jpg
689567,689567.jpg
689839,689839.jpg
690389,690389.jpg
690483,690483.jpg
690514,690514.jpg
690865,690865.jpg
691715,691715.jpg
692124,692124.jpg
693780,693780.jpg
694597,694597.jpg
694829,694829.jpg
697107,697107.jpg
697722,697722.jpg
698211,698211.jpg
700400,700400.jpg
700574,700574.jpg
701191,701191.jpg
703040,703040.jpg
704340,704340.jpg
704723,704723.jpg
707815,707815.jpg
707923,707923.jpg
708064,708064.jpg
708384,708384.jpg
708834,708834.jpg
709828,709828.jpg
710775,710775.jpg
711941,711941.jpg
712832,712832.jpg
713529,713529.jpg
715193,715193.jpg
715818,715818.jpg
715857,715857.jpg
716868,716868.jpg
717340,717340.jpg
718196,718196.jpg
718320,718320.jpg
718690,718690.jpg
720564,720564.jpg
722486,722486.jpg
723126,723126.jpg
723455,723455.jpg
725235,725235.jpg
726773,726773.jpg
727458,727458.jpg
727785,727785.jpg
728776,728776.jpg
728820,728820.jpg
728841,728841.jpg
729759,729759.jpg
729977,729977.jpg
730423,730423.jpg
730578,730578.jpg
730592,730592.jpg
730831,730831.jpg
731111,731111.jpg
731743,731743.jpg
733250,733250.jpg
733314,733314.jpg
733681,733681.jpg
734004,734004.jpg
734558,734558.jpg
735009,735009.jpg
735142,735142.jpg
735262,735262.jpg
735397,735397.jpg
736026,736026.jpg
737688,737688.jpg
737742,737742.jpg
738625,738625.jpg
739547,739547.jpg
739857,739857.jpg
740416,740416.jpg
740626,740626.jpg
740968,740968.jpg
741705,741705.jpg
742397,742397.jpg
742592,742592.jpg
742605,742605.jpg
743291,743291.jpg
743304,743304.jpg
743911,743911.jpg
744553,744553.jpg
744700,744700.jpg
745324,745324.jpg
745856,745856.jpg
746475,746475.jpg
747450,747450.jpg
749247,749247.jpg
749956,749956.jpg
750582,750582.jpg
751310,751310.jpg
751881,751881.jpg
754207,754207.jpg
754962,754962.jpg
756335,756335.jpg
756363,756363.jpg
756433,756433.jpg
757257,757257.jpg
758556,758556.jpg
758838,758838.jpg
758839,758839.jpg
758859,758859.jpg
759424,759424.jpg
760163,760163.jpg
761605,761605.jpg
762713,762713.jpg
763024,763024.jpg
763478,763478.jpg
763936,763936.jpg
764688,764688.jpg
764701,764701.jpg
764759,764759.jpg
764876,764876.jpg
765273,765273.jpg
766370,766370.jpg
766657,766657.jpg
767095,767095.jpg
768764,768764.jpg
769823,769823.jpg
771458,771458.jpg
772173,772173.jpg
773105,773105.jpg
773158,773158.jpg
773667,773667.jpg
774281,774281.jpg
774355,774355.jpg
774547,774547.jpg
774692,774692.jpg
779591,779591.jpg
780351,780351.jpg
782525,782525.jpg
782594,782594.jpg
784422,784422.jpg
785296,785296.jpg
786732,786732.jpg
787300,787300.jpg
787834,787834.jpg
789624,789624.jpg
790206,790206.jpg
794399,794399.jpg
795221,795221.jpg
795693,795693.jpg
796076,796076.jpg
797114,797114.jpg
800012,800012.jpg
800094,800094.jpg
800594,800594.jpg
804581,804581.jpg
804602,804602.jpg
805653,805653.jpg
805678,805678.jpg
806188,806188.jpg
809990,809990.jpg
810329,810329.jpg
810505,810505.jpg
816211,816211.jpg
817515,817515.jpg
822325,822325.jpg
823277,823277.jpg
825213,825213.jpg
827267,827267.jpg
837024,837024.jpg
838139,838139.jpg
838950,838950.jpg
839078,839078.jpg
839748,839748.jpg
840061,840061.jpg
841099,841099.jpg
841521,841521.jpg
842379,842379.jpg
842854,842854.jpg
843918,843918.jpg
844215,844215.jpg
844411,844411.jpg
844875,844875.jpg
846986,846986.jpg
848569,848569.jpg
850032,850032.jpg
850850,850850.jpg
852125,852125.jpg
853050,853050.jpg
854376,854376.jpg
854487,854487.jpg
854532,854532.jpg
854991,854991.jpg
856871,856871.jpg
857145,857145.jpg
857985,857985.jpg
858154,858154.jpg
858928,858928.jpg
860216,860216.jpg
860760,860760.jpg
863760,863760.jpg
864824,864824.jpg
866982,866982.jpg
869252,869252.jpg
869302,869302.jpg
869744,869744.jpg
869926,869926.jpg
870045,870045.jpg
871281,871281.jpg
873009,873009.jpg
873406,873406.jpg
873558,873558.jpg
873818,873818.jpg
874192,874192.jpg
875167,875167.jpg
875477,875477.jpg
876916,876916.jpg
881595,881595.jpg
881991,881991.jpg
882504,882504.jpg
883075,883075.jpg
884104,884104.jpg
886579,886579.jpg
887476,887476.jpg
890263,890263.jpg
891226,891226.jpg
891700,891700.jpg
891713,891713.jpg
891728,891728.jpg
891923,891923.jpg
894369,894369.jpg
894461,894461.jpg
895690,895690.jpg
897299,897299.jpg
898632,898632.jpg
898745,898745.jpg
900340,900340.jpg
900572,900572.jpg
900841,900841.jpg
901730,901730.jpg
904640,904640.jpg
905438,905438.jpg
906906,906906.jpg
907194,907194.jpg
907293,907293.jpg
909036,909036.jpg
909444,909444.jpg
910383,910383.jpg
911543,911543.jpg
911838,911838.jpg
914800,914800.jpg
914828,914828.jpg
915950,915950.jpg
916099,916099.jpg
916272,916272.jpg
918144,918144.jpg
919815,919815.jpg
920988,920988.jpg
922655,922655.jpg
923105,923105.jpg
926251,926251.jpg
926934,926934.jpg
928959,928959.jpg
929468,929468.jpg
931232,931232.jpg
934180,934180.jpg
934496,934496.jpg
936829,936829.jpg
937992,937992.jpg
938523,938523.jpg
939039,939039.jpg
939051,939051.jpg
939583,939583.jpg
940384,940384.jpg
940648,940648.jpg
943713,943713.jpg
944769,944769.jpg
945209,945209.jpg
946041,946041.jpg
946702,946702.jpg
949904,949904.jpg
951813,951813.jpg
955673,955673.jpg
955788,955788.jpg
956135,956135.jpg
957067,957067.jpg
957684,957684.jpg
959186,959186.jpg
959225,959225.jpg
960407,960407.jpg
961776,961776.jpg
965221,965221.jpg
965991,965991.jpg
966533,966533.jpg
966711,966711.jpg
967441,967441.jpg
968320,968320.jpg
968409,968409.jpg
970011,970011.jpg
970627,970627.jpg
972598,972598.jpg
973115,973115.jpg
974660,974660.jpg
976124,976124.jpg
977594,977594.jpg
980836,980836.jpg
982540,982540.jpg
983010,983010.jpg
986814,986814.jpg
987194,987194.jpg
991985,991985.jpg
993154,993154.jpg
993655,993655.jpg
994456,994456.jpg
994980,994980.jpg
995149,995149.jpg
995343,995343.jpg
1001231,1001231.jpg
1001843,1001843.jpg
1002392,1002392.jpg
1002657,1002657.jpg
1002787,1002787.jpg
1003142,1003142.jpg
1003976,1003976.jpg
1004078,1004078.jpg
1005695,1005695.jpg
1005882,1005882.jpg
1007468,1007468.jpg
1008616,1008616.jpg
1009205,1009205.jpg
1014716,1014716.jpg
1016502,1016502.jpg
1017695,1017695.jpg
1018235,1018235.jpg
1020882,1020882.jpg
1022352,1022352.jpg
1024181,1024181.jpg
1024827,1024827.jpg
1025010,1025010.jpg
1025314,1025314.jpg
1025958,1025958.jpg
1028178,1028178.jpg
1028225,1028225.jpg
1028366,1028366.jpg
1029537,1029537.jpg
1030290,1030290.jpg
1030713,1030713.jpg
1030991,1030991.jpg
1031258,1031258.jpg
1031515,1031515.jpg
1031626,1031626.jpg
1031793,1031793.jpg
1031818,1031818.jpg
1032164,1032164.jpg
1032501,1032501.jpg
1035168,1035168.jpg
1035250,1035250.jpg
1035403,1035403.jpg
1038970,1038970.jpg
1040779,1040779.jpg
1040982,1040982.jpg
1048113,1048113.jpg
1049105,1049105.jpg
1049151,1049151.jpg
1052116,1052116.jpg
1053227,1053227.jpg
1054604,1054604.jpg
1054878,1054878.jpg
1055129,1055129.jpg
1055403,1055403.jpg
1056316,1056316.jpg
1056489,1056489.jpg
1057887,1057887.jpg
1060880,1060880.jpg
1061378,1061378.jpg
1061822,1061822.jpg
1064114,1064114.jpg
1065429,1065429.jpg
1065789,1065789.jpg
1071488,1071488.jpg
1071501,1071501.jpg
1072861,1072861.jpg
1072974,1072974.jpg
1073175,1073175.jpg
1074962,1074962.jpg
1079171,1079171.jpg
1079942,1079942.jpg
1080096,1080096.jpg
1080647,1080647.jpg
1081233,1081233.jpg
1084138,1084138.jpg
1084346,1084346.jpg
1084540,1084540.jpg
1086198,1086198.jpg
1086479,1086479.jpg
1088738,1088738.jpg
1088740,1088740.jpg
1089194,1089194.jpg
1090639,1090639.jpg
1091334,1091334.jpg
1093496,1093496.jpg
1093793,1093793.jpg
1095706,1095706.jpg
1102059,1102059.jpg
1102876,1102876.jpg
1108337,1108337.jpg
1108440,1108440.jpg
1111761,1111761.jpg
1113832,1113832.jpg
1115155,1115155.jpg
1116983,1116983.jpg
1116998,1116998.jpg
1117939,1117939.jpg
1118498,1118498.jpg
1120089,1120089.jpg
1121500,1121500.jpg
1125764,1125764.jpg
1128796,1128796.jpg
1128817,1128817.jpg
1129210,1129210.jpg
1129727,1129727.jpg
1129854,1129854.jpg
1130618,1130618.jpg
1133034,1133034.jpg
1133332,1133332.jpg
1136889,1136889.jpg
1137487,1137487.jpg
1137875,1137875.jpg
1140198,1140198.jpg
1142467,1142467.jpg
1142794,1142794.jpg
1148735,1148735.jpg
1148973,1148973.jpg
1149234,1149234.jpg
1149381,1149381.jpg
1149754,1149754.jpg
1150748,1150748.jpg
1151297,1151297.jpg
1152297,1152297.jpg
1157225,1157225.jpg
1157613,1157613.jpg
1160164,1160164.jpg
1161973,1161973.jpg
1162222,1162222.jpg
1163115,1163115.jpg
1166185,1166185.jpg
1166708,1166708.jpg
1166977,1166977.jpg
1168295,1168295.jpg
1172503,1172503.jpg
1172821,1172821.jpg
1173624,1173624.jpg
1174686,1174686.jpg
1178444,1178444.jpg
1181691,1181691.jpg
1182061,1182061.jpg
1186363,1186363.jpg
1187081,1187081.jpg
1187714,1187714.jpg
1191676,1191676.jpg
1192053,1192053.jpg
1196068,1196068.jpg
1196731,1196731.jpg
1200969,1200969.jpg
1202209,1202209.jpg
1203316,1203316.jpg
1209075,1209075.jpg
1212132,1212132.jpg
1221476,1221476.jpg
1226484,1226484.jpg
1230308,1230308.jpg
1232360,1232360.jpg
1234469,1234469.jpg
1235335,1235335.jpg
1235541,1235541.jpg
1235773,1235773.jpg
1239253,1239253.jpg
1243544,1243544.jpg
1244879,1244879.jpg
1245916,1245916.jpg
1246450,1246450.jpg
1246649,1246649.jpg
1246843,1246843.jpg
1248557,1248557.jpg
1248969,1248969.jpg
1249313,1249313.jpg
1249907,1249907.jpg
1251127,1251127.jpg
1253603,1253603.jpg
1255756,1255756.jpg
1257117,1257117.jpg
1257693,1257693.jpg
1258399,1258399.jpg
1266153,1266153.jpg
1266606,1266606.jpg
1273199,1273199.jpg
1279280,1279280.jpg
1280440,1280440.jpg
1282878,1282878.jpg
1290566,1290566.jpg
1290754,1290754.jpg
1291735,1291735.jpg
1296564,1296564.jpg
1297124,1297124.jpg
1297458,1297458.jpg
1298502,1298502.jpg
1299895,1299895.jpg
1303679,1303679.jpg
1304162,1304162.jpg
1308057,1308057.jpg
1309057,1309057.jpg
1310805,1310805.jpg
1311814,1311814.jpg
1311821,1311821.jpg
1313441,1313441.jpg
1317697,1317697.jpg
1320502,1320502.jpg
1322123,1322123.jpg
1323113,1323113.jpg
1324570,1324570.jpg
1327710,1327710.jpg
1328834,1328834.jpg
1329090,1329090.jpg
1329976,1329976.jpg
1331018,1331018.jpg
1334730,1334730.jpg
1335722,1335722.jpg
1335730,1335730.jpg
1338466,1338466.jpg
1339248,1339248.jpg
1340627,1340627.jpg
1342890,1342890.jpg
1345259,1345259.jpg
1348317,1348317.jpg
1349185,1349185.jpg
1351589,1351589.jpg
1353497,1353497.jpg
1353601,1353601.jpg
1354745,1354745.jpg
1358427,1358427.jpg
1358569,1358569.jpg
1360268,1360268.jpg
1360740,1360740.jpg
1361048,1361048.jpg
1362558,1362558.jpg
1363900,1363900.jpg
1380795,1380795.jpg
1386195,1386195.jpg
1386264,1386264.jpg
1387194,1387194.jpg
1388019,1388019.jpg
1388604,1388604.jpg
1388736,1388736.jpg
1392674,1392674.jpg
1397588,1397588.jpg
1399746,1399746.jpg
1403369,1403369.jpg
1405983,1405983.jpg
1406808,1406808.jpg
1407041,1407041.jpg
1409754,1409754.jpg
1417207,1417207.jpg
1421152,1421152.jpg
1421392,1421392.jpg
1421422,1421422.jpg
1422034,1422034.jpg
1422124,1422124.jpg
1422546,1422546.jpg
1424386,1424386.jpg
1425014,1425014.jpg
1426273,1426273.jpg
1431133,1431133.jpg
1432150,1432150.jpg
1434568,1434568.jpg
1434812,1434812.jpg
1438807,1438807.jpg
1439517,1439517.jpg
1440545,1440545.jpg
1440715,1440715.jpg
1442176,1442176.jpg
1447687,1447687.jpg
1448664,1448664.jpg
1454147,1454147.jpg
1462396,1462396.jpg
1462441,1462441.jpg
1462772,1462772.jpg
1465404,1465404.jpg
1466668,1466668.jpg
1468272,1468272.jpg
1468810,1468810.jpg
1470456,1470456.jpg
1472253,1472253.jpg
1476899,1476899.jpg
1477015,1477015.jpg
1479971,1479971.jpg
1480516,1480516.jpg
1480524,1480524.jpg
1483621,1483621.jpg
1484002,1484002.jpg
1486014,1486014.jpg
1489230,1489230.jpg
1491798,1491798.jpg
1492845,1492845.jpg
1496880,1496880.jpg
1497802,1497802.jpg
1500332,1500332.jpg
1507859,1507859.jpg
1507905,1507905.jpg
1511021,1511021.jpg
1512539,1512539.jpg
1514211,1514211.jpg
1524237,1524237.jpg
1524606,1524606.jpg
1527458,1527458.jpg
1528264,1528264.jpg
1528309,1528309.jpg
1531937,1531937.jpg
1533025,1533025.jpg
1535704,1535704.jpg
1536200,1536200.jpg
1537135,1537135.jpg
1539420,1539420.jpg
1540891,1540891.jpg
1543952,1543952.jpg
1547652,1547652.jpg
1548362,1548362.jpg
1548464,1548464.jpg
1554826,1554826.jpg
1555267,1555267.jpg
1555596,1555596.jpg
1555946,1555946.jpg
1556580,1556580.jpg
1557996,1557996.jpg
1563002,1563002.jpg
1567930,1567930.jpg
1568634,1568634.jpg
1573721,1573721.jpg
1573805,1573805.jpg
1574157,1574157.jpg
1586592,1586592.jpg
1588551,1588551.jpg
1593115,1593115.jpg
1600208,1600208.jpg
1600316,1600316.jpg
1600498,1600498.jpg
1602852,1602852.jpg
1603870,1603870.jpg
1605924,1605924.jpg
1606746,1606746.jpg
1607867,1607867.jpg
1608949,1608949.jpg
1610152,1610152.jpg
1612671,1612671.jpg
1615178,1615178.jpg
1618943,1618943.jpg
1619635,1619635.jpg
1623346,1623346.jpg
1623622,1623622.jpg
1624086,1624086.jpg
1627384,1627384.jpg
1628331,1628331.jpg
1632388,1632388.jpg
1632600,1632600.jpg
1633378,1633378.jpg
1639000,1639000.jpg
1640050,1640050.jpg
1644051,1644051.jpg
1644360,1644360.jpg
1644780,1644780.jpg
1645022,1645022.jpg
1648431,1648431.jpg
1649129,1649129.jpg
1652059,1652059.jpg
1656784,1656784.jpg
1656787,1656787.jpg
1658787,1658787.jpg
1658891,1658891.jpg
1668345,1668345.jpg
1669496,1669496.jpg
1672146,1672146.jpg
1676648,1676648.jpg
1677192,1677192.jpg
1678526,1678526.jpg
1683579,1683579.jpg
1686203,1686203.jpg
1686532,1686532.jpg
1687680,1687680.jpg
1687710,1687710.jpg
1690486,1690486.jpg
1691577,1691577.jpg
1692346,1692346.jpg
1694993,1694993.jpg
1698040,1698040.jpg
1699656,1699656.jpg
1699957,1699957.jpg
1700594,1700594.jpg
1702544,1702544.jpg
1702966,1702966.jpg
1704303,1704303.jpg
1706779,1706779.jpg
1709172,1709172.jpg
1713217,1713217.jpg
1714459,1714459.jpg
1715709,1715709.jpg
1721497,1721497.jpg
1723472,1723472.jpg
1729534,1729534.jpg
1730738,1730738.jpg
1732563,1732563.jpg
1735732,1735732.jpg
1739362,1739362.jpg
1743716,1743716.jpg
1744053,1744053.jpg
1750863,1750863.jpg
1754943,1754943.jpg
1757938,1757938.jpg
1758122,1758122.jpg
1758492,1758492.jpg
1762258,1762258.jpg
1762813,1762813.jpg
1767274,1767274.jpg
1769827,1769827.jpg
1771448,1771448.jpg
1773369,1773369.jpg
1776664,1776664.jpg
1779454,1779454.jpg
1781649,1781649.jpg
1786681,1786681.jpg
1789793,1789793.jpg
1791285,1791285.jpg
1791662,1791662.jpg
1791998,1791998.jpg
1792826,1792826.jpg
1792975,1792975.jpg
1795511,1795511.jpg
1801519,1801519.jpg
1814447,1814447.jpg
1817766,1817766.jpg
1829188,1829188.jpg
1834343,1834343.jpg
1834887,1834887.jpg
1835849,1835849.jpg
1841727,1841727.jpg
1845368,1845368.jpg
1847198,1847198.jpg
1853363,1853363.jpg
1853388,1853388.jpg
1856120,1856120.jpg
1859035,1859035.jpg
1861441,1861441.jpg
1871428,1871428.jpg
1873041,1873041.jpg
1875553,1875553.jpg
1877214,1877214.jpg
1877939,1877939.jpg
1879301,1879301.jpg
1880325,1880325.jpg
1880951,1880951.jpg
1881169,1881169.jpg
1882517,1882517.jpg
1889211,1889211.jpg
1889410,1889410.jpg
1889736,1889736.jpg
1894291,1894291.jpg
1898790,1898790.jpg
1898998,1898998.jpg
1900014,1900014.jpg
1916589,1916589.jpg
1935771,1935771.jpg
1938728,1938728.jpg
1940388,1940388.jpg
1941975,1941975.jpg
1942574,1942574.jpg
1944176,1944176.jpg
1949516,1949516.jpg
1950008,1950008.jpg
1955801,1955801.jpg
1955816,1955816.jpg
1955932,1955932.jpg
1957097,1957097.jpg
1957658,1957658.jpg
1958847,1958847.jpg
1966242,1966242.jpg
1967626,1967626.jpg
1969649,1969649.jpg
1970018,1970018.jpg
1975092,1975092.jpg
1976229,1976229.jpg
1978564,1978564.jpg
1980709,1980709.jpg
1981069,1981069.jpg
1985166,1985166.jpg
1989064,1989064.jpg
1991283,1991283.jpg
1992215,1992215.jpg
1996313,1996313.jpg
1997765,1997765.jpg
2006997,2006997.jpg
2011127,2011127.jpg
2015577,2015577.jpg
2016037,2016037.jpg
2016144,2016144.jpg
2017814,2017814.jpg
2020952,2020952.jpg
2031658,2031658.jpg
2032306,2032306.jpg
2032324,2032324.jpg
2040206,2040206.jpg
2045777,2045777.jpg
2046523,2046523.jpg
2049120,2049120.jpg
2050441,2050441.jpg
2054328,2054328.jpg
2060192,2060192.jpg
2066616,2066616.jpg
2070280,2070280.jpg
2073557,2073557.jpg
2082856,2082856.jpg
2084316,2084316.jpg
2095762,2095762.jpg
2101536,2101536.jpg
2103912,2103912.jpg
2108060,2108060.jpg
2108274,2108274.jpg
2110323,2110323.jpg
2113653,2113653.jpg
2114281,2114281.jpg
2116495,2116495.jpg
2121945,2121945.jpg
2130104,2130104.jpg
2133715,2133715.jpg
2133937,2133937.jpg
2134815,2134815.jpg
2136278,2136278.jpg
2138991,2138991.jpg
2141084,2141084.jpg
2144497,2144497.jpg
2150262,2150262.jpg
2150841,2150841.jpg
2151460,2151460.jpg
2152113,2152113.jpg
2152775,2152775.jpg
2153358,2153358.jpg
2154746,2154746.jpg
2157363,2157363.jpg
2161769,2161769.jpg
2166105,2166105.jpg
2167913,2167913.jpg
2168313,2168313.jpg
2168968,2168968.jpg
2169603,2169603.jpg
2172487,2172487.jpg
2173617,2173617.jpg
2179398,2179398.jpg
2184033,2184033.jpg
2184757,2184757.jpg
2186951,2186951.jpg
2188443,2188443.jpg
2188476,2188476.jpg
2190438,2190438.jpg
2192056,2192056.jpg
2192489,2192489.jpg
2192581,2192581.jpg
2194444,2194444.jpg
2198757,2198757.jpg
2204067,2204067.jpg
2204744,2204744.jpg
2206224,2206224.jpg
2209401,2209401.jpg
2209405,2209405.jpg
2209638,2209638.jpg
2213818,2213818.jpg
2214063,2214063.jpg
2219742,2219742.jpg
2225336,2225336.jpg
2229674,2229674.jpg
2237030,2237030.jpg
2241214,2241214.jpg
2244865,2244865.jpg
2246162,2246162.jpg
2251536,2251536.jpg
2258413,2258413.jpg
2259537,2259537.jpg
2265561,2265561.jpg
2275990,2275990.jpg
2278550,2278550.jpg
2278796,2278796.jpg
2278804,2278804.jpg
2286019,2286019.jpg
2287750,2287750.jpg
2289856,2289856.jpg
2293506,2293506.jpg
2299549,2299549.jpg
2301906,2301906.jpg
2305246,2305246.jpg
2305249,2305249.jpg
2310146,2310146.jpg
2315688,2315688.jpg
2316131,2316131.jpg
2316735,2316735.jpg
2318278,2318278.jpg
2319597,2319597.jpg
2322715,2322715.jpg
2323727,2323727.jpg
2324849,2324849.jpg
2325728,2325728.jpg
2326049,2326049.jpg
2334667,2334667.jpg
2338166,2338166.jpg
2345746,2345746.jpg
2346975,2346975.jpg
2350333,2350333.jpg
2352712,2352712.jpg
2354070,2354070.jpg
2358467,2358467.jpg
2360567,2360567.jpg
2362083,2362083.jpg
2363203,2363203.jpg
2365104,2365104.jpg
2372280,2372280.jpg
2373164,2373164.jpg
2373664,2373664.jpg
2374563,2374563.jpg
2375585,2375585.jpg
2384174,2384174.jpg
2386106,2386106.jpg
2388084,2388084.jpg
2393673,2393673.jpg
2396553,2396553.jpg
2403285,2403285.jpg
2406135,2406135.jpg
2407248,2407248.jpg
2411709,2411709.jpg
2416228,2416228.jpg
2424743,2424743.jpg
2426857,2426857.jpg
2431816,2431816.jpg
2432849,2432849.jpg
2434832,2434832.jpg
2437065,2437065.jpg
2448072,2448072.jpg
2452059,2452059.jpg
2453904,2453904.jpg
2458644,2458644.jpg
2461597,2461597.jpg
2465671,2465671.jpg
2482563,2482563.jpg
2492789,2492789.jpg
2496473,2496473.jpg
2498116,2498116.jpg
2500538,2500538.jpg
2501053,2501053.jpg
2507892,2507892.jpg
2510953,2510953.jpg
2513256,2513256.jpg
2514972,2514972.jpg
2521671,2521671.jpg
2530367,2530367.jpg
2534552,2534552.jpg
2536383,2536383.jpg
2538899,2538899.jpg
2539269,2539269.jpg
2542895,2542895.jpg
2547363,2547363.jpg
2555769,2555769.jpg
2557489,2557489.jpg
2558317,2558317.jpg
2558508,2558508.jpg
2558729,2558729.jpg
2564737,2564737.jpg
2569353,2569353.jpg
2571986,2571986.jpg
2574683,2574683.jpg
2575856,2575856.jpg
2585870,2585870.jpg
2588300,2588300.jpg
2590696,2590696.jpg
2593128,2593128.jpg
2604793,2604793.jpg
2613471,2613471.jpg
2614250,2614250.jpg
2617984,2617984.jpg
2625355,2625355.jpg
2627410,2627410.jpg
2627441,2627441.jpg
2627820,2627820.jpg
2628866,2628866.jpg
2629332,2629332.jpg
2633740,2633740.jpg
2634434,2634434.jpg
2635240,2635240.jpg
2636169,2636169.jpg
2642141,2642141.jpg
2643538,2643538.jpg
2654864,2654864.jpg
2657339,2657339.jpg
2669662,2669662.jpg
2674410,2674410.jpg
2684472,2684472.jpg
2687922,2687922.jpg
2697824,2697824.jpg
2698384,2698384.jpg
2708762,2708762.jpg
2715536,2715536.jpg
2721845,2721845.jpg
2724527,2724527.jpg
2726038,2726038.jpg
2731583,2731583.jpg
2741294,2741294.jpg
2768380,2768380.jpg
2769461,2769461.jpg
2769722,2769722.jpg
2780816,2780816.jpg
2782697,2782697.jpg
2794458,2794458.jpg
2800849,2800849.jpg
2807211,2807211.jpg
2808670,2808670.jpg
2808834,2808834.jpg
2817735,2817735.jpg
2825163,2825163.jpg
2829084,2829084.jpg
2836239,2836239.jpg
2841881,2841881.jpg
2844938,2844938.jpg
2851491,2851491.jpg
2853940,2853940.jpg
2863093,2863093.jpg
2869892,2869892.jpg
2870594,2870594.jpg
2872046,2872046.jpg
2886006,2886006.jpg
2886798,2886798.jpg
2897286,2897286.jpg
2899354,2899354.jpg
2907794,2907794.jpg
2912108,2912108.jpg
2915373,2915373.jpg
2915605,2915605.jpg
2917410,2917410.jpg
2919782,2919782.jpg
2921676,2921676.jpg
2925581,2925581.jpg
2925743,2925743.jpg
2931987,2931987.jpg
2941511,2941511.jpg
2951280,2951280.jpg
2951328,2951328.jpg
2952648,2952648.jpg
2953374,2953374.jpg
2960724,2960724.jpg
2964059,2964059.jpg
2966032,2966032.jpg
2970773,2970773.jpg
2972425,2972425.jpg
2979408,2979408.jpg
2983366,2983366.jpg
2988772,2988772.jpg
2990519,2990519.jpg
2991300,2991300.jpg
2991932,2991932.jpg
3002912,3002912.jpg
3003806,3003806.jpg
3003839,3003839.jpg
3014883,3014883.jpg
3034028,3034028.jpg
3034327,3034327.jpg
3039561,3039561.jpg
3040101,3040101.jpg
3043463,3043463.jpg
3052601,3052601.jpg
3057553,3057553.jpg
3064199,3064199.jpg
3076827,3076827.jpg
3079914,3079914.jpg
3092836,3092836.jpg
3094841,3094841.jpg
3102774,3102774.jpg
3110568,3110568.jpg
3116535,3116535.jpg
3120522,3120522.jpg
3122533,3122533.jpg
3130668,3130668.jpg
3130904,3130904.jpg
3136843,3136843.jpg
3147441,3147441.jpg
3147600,3147600.jpg
3149816,3149816.jpg
3159008,3159008.jpg
3162905,3162905.jpg
3169160,3169160.jpg
3170570,3170570.jpg
3174620,3174620.jpg
3188017,3188017.jpg
3190670,3190670.jpg
3195049,3195049.jpg
3201113,3201113.jpg
3205046,3205046.jpg
3213059,3213059.jpg
3216877,3216877.jpg
3222438,3222438.jpg
3227449,3227449.jpg
3241185,3241185.jpg
3242959,3242959.jpg
3246143,3246143.jpg
3268050,3268050.jpg
3270177,3270177.jpg
3273894,3273894.jpg
3275778,3275778.jpg
3295452,3295452.jpg
3296672,3296672.jpg
3298890,3298890.jpg
3301347,3301347.jpg
3307429,3307429.jpg
3310329,3310329.jpg
3316024,3316024.jpg
3325563,3325563.jpg
3330033,3330033.jpg
3330365,3330365.jpg
3347598,3347598.jpg
3373058,3373058.jpg
3377337,3377337.jpg
3378529,3378529.jpg
3406259,3406259.jpg
3411975,3411975.jpg
3413985,3413985.jpg
3414021,3414021.jpg
3415820,3415820.jpg
3418303,3418303.jpg
3419309,3419309.jpg
3434143,3434143.jpg
3450123,3450123.jpg
3465592,3465592.jpg
3469367,3469367.jpg
3480047,3480047.jpg
3480369,3480369.jpg
3491366,3491366.jpg
3493545,3493545.jpg
3504698,3504698.jpg
3508785,3508785.jpg
3532317,3532317.jpg
3533322,3533322.jpg
3538069,3538069.jpg
3543763,3543763.jpg
3556592,3556592.jpg
3557692,3557692.jpg
3587416,3587416.jpg
3590101,3590101.jpg
3590825,3590825.jpg
3592608,3592608.jpg
3594556,3594556.jpg
3596064,3596064.jpg
3626980,3626980.jpg
3628397,3628397.jpg
3634471,3634471.jpg
3639488,3639488.jpg
3642068,3642068.jpg
3642173,3642173.jpg
3646149,3646149.jpg
3646542,3646542.jpg
3651968,3651968.jpg
3664180,3664180.jpg
3669975,3669975.jpg
3682763,3682763.jpg
3703446,3703446.jpg
3710476,3710476.jpg
3713880,3713880.jpg
3715355,3715355.jpg
3740926,3740926.jpg
3741746,3741746.jpg
3762237,3762237.jpg
3767290,3767290.jpg
3770875,3770875.jpg
3773365,3773365.jpg
3793726,3793726.jpg
3794578,3794578.jpg
3796800,3796800.jpg
3798345,3798345.jpg
3824820,3824820.jpg
3830432,3830432.jpg
3839790,3839790.jpg
3854049,3854049.jpg
3865119,3865119.jpg
3870219,3870219.jpg
3875795,3875795.jpg
3895526,3895526.jpg
3904348,3904348.jpg
3933578,3933578.jpg
3936950,3936950.jpg
3946794,3946794.jpg
3950526,3950526.jpg
3957164,3957164.jpg
3972916,3972916.jpg
3975052,3975052.jpg
3991193,3991193.jpg
3994850,3994850.jpg
4015641,4015641.jpg
4024053,4024053.jpg
4027716,4027716.jpg
4033938,4033938.jpg
4034614,4034614.jpg
4037628,4037628.jpg
4041287,4041287.jpg
4045525,4045525.jpg
4073100,4073100.jpg
4078753,4078753.jpg
4087894,4087894.jpg
4106584,4106584.jpg
4106883,4106883.jpg
4109849,4109849.jpg
4127226,4127226.jpg
4148655,4148655.jpg
4161897,4161897.jpg
4164817,4164817.jpg
4176378,4176378.jpg
4178379,4178379.jpg
4195506,4195506.jpg
4197603,4197603.jpg
4202171,4202171.jpg
4202310,4202310.jpg
4219879,4219879.jpg
4221870,4221870.jpg
4235515,4235515.jpg
4247873,4247873.jpg
4250197,4250197.jpg
4254144,4254144.jpg
4278138,4278138.jpg
4282944,4282944.jpg
4305608,4305608.jpg
4311446,4311446.jpg
4321056,4321056.jpg
4328718,4328718.jpg
4335905,4335905.jpg
4336688,4336688.jpg
4339721,4339721.jpg
4366567,4366567.jpg
4373640,4373640.jpg
4380457,4380457.jpg
4388649,4388649.jpg
4427370,4427370.jpg
4429395,4429395.jpg
4435984,4435984.jpg
4437347,4437347.jpg
4439830,4439830.jpg
4442738,4442738.jpg
4447098,4447098.jpg
4449145,4449145.jpg
4451883,4451883.jpg
4467600,4467600.jpg
4468316,4468316.jpg
4469239,4469239.jpg
4474885,4474885.jpg
4509197,4509197.jpg
4513237,4513237.jpg
4531208,4531208.jpg
4535498,4535498.jpg
4549918,4549918.jpg
4567893,4567893.jpg
4577729,4577729.jpg
4584873,4584873.jpg
4586225,4586225.jpg
4599344,4599344.jpg
4605478,4605478.jpg
4621330,4621330.jpg
4629012,4629012.jpg
4629580,4629580.jpg
4637590,4637590.jpg
4645588,4645588.jpg
4651980,4651980.jpg
4653170,4653170.jpg
4678189,4678189.jpg
4690440,4690440.jpg
4716040,4716040.jpg
4720011,4720011.jpg
4722289,4722289.jpg
4740559,4740559.jpg
4747764,4747764.jpg
4749442,4749442.jpg
4764846,4764846.jpg
4774301,4774301.jpg
4779689,4779689.jpg
4781788,4781788.jpg
4815929,4815929.jpg
4820984,4820984.jpg
4826588,4826588.jpg
4848272,4848272.jpg
4857289,4857289.jpg
4865795,4865795.jpg
4867989,4867989.jpg
4875326,4875326.jpg
4877635,4877635.jpg
4884407,4884407.jpg
4887611,4887611.jpg
4891864,4891864.jpg
4900871,4900871.jpg
4905288,4905288.jpg
4938307,4938307.jpg
4972935,4972935.jpg
4993996,4993996.jpg
4998900,4998900.jpg
5007334,5007334.jpg
5010172,5010172.jpg
5013125,5013125.jpg
5021087,5021087.jpg
5025276,5025276.jpg
5030380,5030380.jpg
5030845,5030845.jpg
5042706,5042706.jpg
5043192,5043192.jpg
5051780,5051780.jpg
5052197,5052197.jpg
5052533,5052533.jpg
5055529,5055529.jpg
5058628,5058628.jpg
5065759,5065759.jpg
5091020,5091020.jpg
5097613,5097613.jpg
5106955,5106955.jpg
5110068,5110068.jpg
5113310,5113310.jpg
5119376,5119376.jpg
5122699,5122699.jpg
5149412,5149412.jpg
5153356,5153356.jpg
5166541,5166541.jpg
5188819,5188819.jpg
5195275,5195275.jpg
5204649,5204649.jpg
5208009,5208009.jpg
5210351,5210351.jpg
5222308,5222308.jpg
5242829,5242829.jpg
5243711,5243711.jpg
5245920,5245920.jpg
5275584,5275584.jpg
5320071,5320071.jpg
5327343,5327343.jpg
5340649,5340649.jpg
5340721,5340721.jpg
5341022,5341022.jpg
5378477,5378477.jpg
5409978,5409978.jpg
5412763,5412763.jpg
5422144,5422144.jpg
5422466,5422466.jpg
5422730,5422730.jpg
5449624,5449624.jpg
5489678,5489678.jpg
5492964,5492964.jpg
5502549,5502549.jpg
5503425,5503425.jpg
5503499,5503499.jpg
5503671,5503671.jpg
5517205,5517205.jpg
5529117,5529117.jpg
5567395,5567395.jpg
5570621,5570621.jpg
5571007,5571007.jpg
5576114,5576114.jpg
5604422,5604422.jpg
5608488,5608488.jpg
5614697,5614697.jpg
5629541,5629541.jpg
5631166,5631166.jpg
5648968,5648968.jpg
5671977,5671977.jpg
5679119,5679119.jpg
5682765,5682765.jpg
5693710,5693710.jpg
5707858,5707858.jpg
5714696,5714696.jpg
5714927,5714927.jpg
5729054,5729054.jpg
5733711,5733711.jpg
5748748,5748748.jpg
5763449,5763449.jpg
5779479,5779479.jpg
5783952,5783952.jpg
5791389,5791389.jpg
5792809,5792809.jpg
5806040,5806040.jpg
5887084,5887084.jpg
5894884,5894884.jpg
5895907,5895907.jpg
5901324,5901324.jpg
5929117,5929117.jpg
5939771,5939771.jpg
5950855,5950855.jpg
5956805,5956805.jpg
5958282,5958282.jpg
5962511,5962511.jpg
5993647,5993647.jpg
6016595,6016595.jpg
6050453,6050453.jpg
6067872,6067872.jpg
6077649,6077649.jpg
6080879,6080879.jpg
6109485,6109485.jpg
6138391,6138391.jpg
6146151,6146151.jpg
6153619,6153619.jpg
6161920,6161920.jpg
6162301,6162301.jpg
6183114,6183114.jpg
6184059,6184059.jpg
6191053,6191053.jpg
6253522,6253522.jpg
6292897,6292897.jpg
6323098,6323098.jpg
6331303,6331303.jpg
6342585,6342585.jpg
6387424,6387424.jpg
6390734,6390734.jpg
6433331,6433331.jpg
6436685,6436685.jpg
6437759,6437759.jpg
6448661,6448661.jpg
6454931,6454931.jpg
6457953,6457953.jpg
6472061,6472061.jpg
6479315,6479315.jpg
6523580,6523580.jpg
6524564,6524564.jpg
6572465,6572465.jpg
6620714,6620714.jpg
6635937,6635937.jpg
6646268,6646268.jpg
6654281,6654281.jpg
6667920,6667920.jpg
6673576,6673576.jpg
6713737,6713737.jpg
6716345,6716345.jpg
6716558,6716558.jpg
6733343,6733343.jpg
6734814,6734814.jpg
6769163,6769163.jpg
6781958,6781958.jpg
6793630,6793630.jpg
6803715,6803715.jpg
6804751,6804751.jpg
6805002,6805002.jpg
6805499,6805499.jpg
6816773,6816773.jpg
6838167,6838167.jpg
6844407,6844407.jpg
6858503,6858503.jpg
6860726,6860726.jpg
6872335,6872335.jpg
6873934,6873934.jpg
6926377,6926377.jpg
6933101,6933101.jpg
6937817,6937817.jpg
6944155,6944155.jpg
6951166,6951166.jpg
6956115,6956115.jpg
6962378,6962378.jpg
6976448,6976448.jpg
6988521,6988521.jpg
7000810,7000810.jpg
7028414,7028414.jpg
7029438,7029438.jpg
7062601,7062601.jpg
7078040,7078040.jpg
7096962,7096962.jpg
7159144,7159144.jpg
7159912,7159912.jpg
7161476,7161476.jpg
7162172,7162172.jpg
7182795,7182795.jpg
7209609,7209609.jpg
7218103,7218103.jpg
7219360,7219360.jpg
7258728,7258728.jpg
7270459,7270459.jpg
7271561,7271561.jpg
7335197,7335197.jpg
7341437,7341437.jpg
7355353,7355353.jpg
7407293,7407293.jpg
7412236,7412236.jpg
7445618,7445618.jpg
7499245,7499245.jpg
7517723,7517723.jpg
7529881,7529881.jpg
7543160,7543160.jpg
7567080,7567080.jpg
7575091,7575091.jpg
7576321,7576321.jpg
7576966,7576966.jpg
7598664,7598664.jpg
7628156,7628156.jpg
7639348,7639348.jpg
7643928,7643928.jpg
7673195,7673195.jpg
7680815,7680815.jpg
7698038,7698038.jpg
7698660,7698660.jpg
7713064,7713064.jpg
7766419,7766419.jpg
7781742,7781742.jpg
7785064,7785064.jpg
7816510,7816510.jpg
7819615,7819615.jpg
7829520,7829520.jpg
7837715,7837715.jpg
7838987,7838987.jpg
7855814,7855814.jpg
7907317,7907317.jpg
7919201,7919201.jpg
7923323,7923323.jpg
7934578,7934578.jpg
7955693,7955693.jpg
7963342,7963342.jpg
7963394,7963394.jpg
7977772,7977772.jpg
8007901,8007901.jpg
8011810,8011810.jpg
8021453,8021453.jpg
8029204,8029204.jpg
8072034,8072034.jpg
8082637,8082637.jpg
8088872,8088872.jpg
8095589,8095589.jpg
8102336,8102336.jpg
8104201,8104201.jpg
8123254,8123254.jpg
8127358,8127358.jpg
8127963,8127963.jpg
8135890,8135890.jpg
8145410,8145410.jpg
8147488,8147488.jpg
8150877,8150877.jpg
8161153,8161153.jpg
8161655,8161655.jpg
8164643,8164643.jpg
8187373,8187373.jpg
8233758,8233758.jpg
8239761,8239761.jpg
8239846,8239846.jpg
8244102,8244102.jpg
8344244,8344244.jpg
8372277,8372277.jpg
8386163,8386163.jpg
8394247,8394247.jpg
8401973,8401973.jpg
8404243,8404243.jpg
8444159,8444159.jpg
8454938,8454938.jpg
8457942,8457942.jpg
8474528,8474528.jpg
8481817,8481817.jpg
8484783,8484783.jpg
8490390,8490390.jpg
8517639,8517639.jpg
8527368,8527368.jpg
8543614,8543614.jpg
8544556,8544556.jpg
8611104,8611104.jpg
8618948,8618948.jpg
8643423,8643423.jpg
8659323,8659323.jpg
8665362,8665362.jpg
8693808,8693808.jpg
8694199,8694199.jpg
8703405,8703405.jpg
8717363,8717363.jpg
8718322,8718322.jpg
8719657,8719657.jpg
8900348,8900348.jpg
8918937,8918937.jpg
8922703,8922703.jpg
8944750,8944750.jpg
8955445,8955445.jpg
8964180,8964180.jpg
9017212,9017212.jpg
9069648,9069648.jpg
9083857,9083857.jpg
9101939,9101939.jpg
9103381,9103381.jpg
9110929,9110929.jpg
9130264,9130264.jpg
9148703,9148703.jpg
9195868,9195868.jpg
9210500,9210500.jpg
9221218,9221218.jpg
9257001,9257001.jpg
9262402,9262402.jpg
9265892,9265892.jpg
9286117,9286117.jpg
9287211,9287211.jpg
9362881,9362881.jpg
9365809,9365809.jpg
9369926,9369926.jpg
9385544,9385544.jpg
9390172,9390172.jpg
9430058,9430058.jpg
9431528,9431528.jpg
9449341,9449341.jpg
9451277,9451277.jpg
9484803,9484803.jpg
9531257,9531257.jpg
9532055,9532055.jpg
9541775,9541775.jpg
9574684,9574684.jpg
9604959,9604959.jpg
9633432,9633432.jpg
9637353,9637353.jpg
9638061,9638061.jpg
9657783,9657783.jpg
9712273,9712273.jpg
9800419,9800419.jpg
9889717,9889717.jpg
9906294,9906294.jpg
9955340,9955340.jpg
10082922,10082922.jpg
10094963,10094963.jpg
10141146,10141146.jpg
10157131,10157131.jpg
10209822,10209822.jpg
10233388,10233388.jpg
10233462,10233462.jpg
10270452,10270452.jpg
10332471,10332471.jpg
10406199,10406199.jpg
10410626,10410626.jpg
10459524,10459524.jpg
10462776,10462776.jpg
10485357,10485357.jpg
10531315,10531315.jpg
10544273,10544273.jpg
10687798,10687798.jpg
10774894,10774894.jpg
10780405,10780405.jpg
10784468,10784468.jpg
10856375,10856375.jpg
10897594,10897594.jpg
10950533,10950533.jpg
11015252,11015252.jpg
11024948,11024948.jpg
11095580,11095580.jpg
11133659,11133659.jpg
11147070,11147070.jpg
11166571,11166571.jpg
11214029,11214029.jpg
11217925,11217925.jpg
11287827,11287827.jpg
11290337,11290337.jpg
11291214,11291214.jpg
11330258,11330258.jpg
11336176,11336176.jpg
11377631,11377631.jpg
11390286,11390286.jpg
11402229,11402229.jpg
11451056,11451056.jpg
11452081,11452081.jpg
11471512,11471512.jpg
11472953,11472953.jpg
11503512,11503512.jpg
11538573,11538573.jpg
11571115,11571115.jpg
11604609,11604609.jpg
11698034,11698034.jpg
11748203,11748203.jpg
11764486,11764486.jpg
11768546,11768546.jpg
11786379,11786379.jpg
11895475,11895475.jpg
11914827,11914827.jpg
11978382,11978382.jpg
11983070,11983070.jpg
11983273,11983273.jpg
12039787,12039787.jpg
12055389,12055389.jpg
12081912,12081912.jpg
12126956,12126956.jpg
12153654,12153654.jpg
12174108,12174108.jpg
12307184,12307184.jpg
12315519,12315519.jpg
12320195,12320195.jpg
12325816,12325816.jpg
12352108,12352108.jpg
12457406,12457406.jpg
12470847,12470847.jpg
12505972,12505972.jpg
12520860,12520860.jpg
12561414,12561414.jpg
12615813,12615813.jpg
12662959,12662959.jpg
12670046,12670046.jpg
12684530,12684530.jpg
12788962,12788962.jpg
12888496,12888496.jpg
12897776,12897776.jpg
12927587,12927587.jpg
12954580,12954580.jpg
13017167,13017167.jpg
13020970,13020970.jpg
13041163,13041163.jpg
13072894,13072894.jpg
13075610,13075610.jpg
13128092,13128092.jpg
13137253,13137253.jpg
13199916,13199916.jpg
13266004,13266004.jpg
13301881,13301881.jpg
13321722,13321722.jpg
13331280,13331280.jpg
13349267,13349267.jpg
13362678,13362678.jpg
13383154,13383154.jpg
13391962,13391962.jpg
13494617,13494617.jpg
13510050,13510050.jpg
13571049,13571049.jpg
13591293,13591293.jpg
13613264,13613264.jpg
13623554,13623554.jpg
13644750,13644750.jpg
13657983,13657983.jpg
13730636,13730636.jpg
13736167,13736167.jpg
13773434,13773434.jpg
13791911,13791911.jpg
13870114,13870114.jpg
13947321,13947321.jpg
13951035,13951035.jpg
13962453,13962453.jpg
14081158,14081158.jpg
14094454,14094454.jpg
14147891,14147891.jpg
14187403,14187403.jpg
14230694,14230694.jpg
14254953,14254953.jpg
14449397,14449397.jpg
14561401,14561401.jpg
14597934,14597934.jpg
14661857,14661857.jpg
14670286,14670286.jpg
14681659,14681659.jpg
14723736,14723736.jpg
14797632,14797632.jpg
14808073,14808073.jpg
14882980,14882980.jpg
14887518,14887518.jpg
14900848,14900848.jpg
14916443,14916443.jpg
14916550,14916550.jpg
14951467,14951467.jpg
14979810,14979810.jpg
14995118,14995118.jpg
14995351,14995351.jpg
15003874,15003874.jpg
15022585,15022585.jpg
15106718,15106718.jpg
15130811,15130811.jpg
15135713,15135713.jpg
15167722,15167722.jpg
15252813,15252813.jpg
15254776,15254776.jpg
15310144,15310144.jpg
15326144,15326144.jpg
15337866,15337866.jpg
15370659,15370659.jpg
15405313,15405313.jpg
15503945,15503945.jpg
15557526,15557526.jpg
15601232,15601232.jpg
15701394,15701394.jpg
15724224,15724224.jpg
15803791,15803791.jpg
15813016,15813016.jpg
15845101,15845101.jpg
15957378,15957378.jpg
16016859,16016859.jpg
16017429,16017429.jpg
16020109,16020109.jpg
16021671,16021671.jpg
16100029,16100029.jpg
16136849,16136849.jpg
16152986,16152986.jpg
16272829,16272829.jpg
16305807,16305807.jpg
16306899,16306899.jpg
16477368,16477368.jpg
16487972,16487972.jpg
16527939,16527939.jpg
16533683,16533683.jpg
16575265,16575265.jpg
16612483,16612483.jpg
16705483,16705483.jpg
16789908,16789908.jpg
16805217,16805217.jpg
16873456,16873456.jpg
16932297,16932297.jpg
16973920,16973920.jpg
16988445,16988445.jpg
17016657,17016657.jpg
17020605,17020605.jpg
17173785,17173785.jpg
17181314,17181314.jpg
17198804,17198804.jpg
17216551,17216551.jpg
17288036,17288036.jpg
17290021,17290021.jpg
17299433,17299433.jpg
17329265,17329265.jpg
17344326,17344326.jpg
17356944,17356944.jpg
17380298,17380298.jpg
17408791,17408791.jpg
17414699,17414699.jpg
17460908,17460908.jpg
17509100,17509100.jpg
17541051,17541051.jpg
17566665,17566665.jpg
17709998,17709998.jpg
17780945,17780945.jpg
17782843,17782843.jpg
17832093,17832093.jpg
17895718,17895718.jpg
17897961,17897961.jpg
17904118,17904118.jpg
17944881,17944881.jpg
18018945,18018945.jpg
18022576,18022576.jpg
18027287,18027287.jpg
18085095,18085095.jpg
18120823,18120823.jpg
18138672,18138672.jpg
18220755,18220755.jpg
18221066,18221066.jpg
18247304,18247304.jpg
18307757,18307757.jpg
18334077,18334077.jpg
18335217,18335217.jpg
18353912,18353912.jpg
18355894,18355894.jpg
18366271,18366271.jpg
18422126,18422126.jpg
18442258,18442258.jpg
18538901,18538901.jpg
18547938,18547938.jpg
18551618,18551618.jpg
18582416,18582416.jpg
18589061,18589061.jpg
18589083,18589083.jpg
18592548,18592548.jpg
18598148,18598148.jpg
18598186,18598186.jpg
18603579,18603579.jpg
18603629,18603629.jpg
18617682,18617682.jpg
18617829,18617829.jpg
18621887,18621887.jpg
18622049,18622049.jpg
18622119,18622119.jpg
18622157,18622157.jpg
18648723,18648723.jpg
18654333,18654333.jpg
18678530,18678530.jpg
18681491,18681491.jpg
18693354,18693354.jpg
18693518,18693518.jpg
18696913,18696913.jpg
18707123,18707123.jpg
18707391,18707391.jpg
18711834,18711834.jpg
18717883,18717883.jpg
18742934,18742934.jpg
18778189,18778189.jpg
18815497,18815497.jpg
18823032,18823032.jpg
18835362,18835362.jpg
18835858,18835858.jpg
18836110,18836110.jpg
18849058,18849058.jpg
18902563,18902563.jpg
18910286,18910286.jpg
18933360,18933360.jpg
18933396,18933396.jpg
18938156,18938156.jpg
18938265,18938265.jpg
18942673,18942673.jpg
18945005,18945005.jpg
18949253,18949253.jpg
18949275,18949275.jpg
18950719,18950719.jpg
18950786,18950786.jpg
18951335,18951335.jpg
18951616,18951616.jpg
18958666,18958666.jpg
18969800,18969800.jpg
18984642,18984642.jpg
18992270,18992270.jpg
18993992,18993992.jpg
19008577,19008577.jpg
19043935,19043935.jpg
19057179,19057179.jpg
19065069,19065069.jpg
19079115,19079115.jpg
19083378,19083378.jpg
19084502,19084502.jpg
19085400,19085400.jpg
19100377,19100377.jpg
19179497,19179497.jpg
19186951,19186951.jpg
19188335,19188335.jpg
19196728,19196728.jpg
19222532,19222532.jpg
19242322,19242322.jpg
19248260,19248260.jpg
19257393,19257393.jpg
19264815,19264815.jpg
19280644,19280644.jpg
19283178,19283178.jpg
19283265,19283265.jpg
19332171,19332171.jpg
19337462,19337462.jpg
19360043,19360043.jpg
19371120,19371120.jpg
19373302,19373302.jpg
19376148,19376148.jpg
19381538,19381538.jpg
19387000,19387000.jpg
19394613,19394613.jpg
19411365,19411365.jpg
19472310,19472310.jpg
19498673,19498673.jpg
19544100,19544100.jpg
19544151,19544151.jpg
19554473,19554473.jpg
19570009,19570009.jpg
19575074,19575074.jpg
19594563,19594563.jpg
19596649,19596649.jpg
19614294,19614294.jpg
19654013,19654013.jpg
19661665,19661665.jpg
19672828,19672828.jpg
19672919,19672919.jpg
19717152,19717152.jpg
19718837,19718837.jpg
19729241,19729241.jpg
19729467,19729467.jpg
19729548,19729548.jpg
19729624,19729624.jpg
19732383,19732383.jpg
19732690,19732690.jpg
19760542,19760542.jpg
19760658,19760658.jpg
19774559,19774559.jpg
19801782,19801782.jpg
19846772,19846772.jpg
19847679,19847679.jpg
19875860,19875860.jpg
19914843,19914843.jpg
19958312,19958312.jpg
19965375,19965375.jpg
19980263,19980263.jpg
20012109,20012109.jpg
20022961,20022961.jpg
20024623,20024623.jpg
20025755,20025755.jpg
20065598,20065598.jpg
20072886,20072886.jpg
20074266,20074266.jpg
20110751,20110751.jpg
20118104,20118104.jpg
20213373,20213373.jpg
20236413,20236413.jpg
20238168,20238168.jpg
20298042,20298042.jpg
20314501,20314501.jpg
20395872,20395872.jpg
20436507,20436507.jpg
20457293,20457293.jpg
20475216,20475216.jpg
20502020,20502020.jpg
20513326,20513326.jpg
20583263,20583263.jpg
20595185,20595185.jpg
20596343,20596343.jpg
20647359,20647359.jpg
20647767,20647767.jpg
20650188,20650188.jpg
20754760,20754760.jpg
20759003,20759003.jpg
20813685,20813685.jpg
20833031,20833031.jpg
20865348,20865348.jpg
20913246,20913246.jpg
20913302,20913302.jpg
20913924,20913924.jpg
20949091,20949091.jpg
20949403,20949403.jpg
20960029,20960029.jpg
20999991,20999991.jpg
21003892,21003892.jpg
21131695,21131695.jpg
21132363,21132363.jpg
21132373,21132373.jpg
21188633,21188633.jpg
21189337,21189337.jpg
21193292,21193292.jpg
21194008,21194008.jpg
21194159,21194159.jpg
21205886,21205886.jpg
21207432,21207432.jpg
21222062,21222062.jpg
21222169,21222169.jpg
21260255,21260255.jpg
21279986,21279986.jpg
21298487,21298487.jpg
21340347,21340347.jpg
21345243,21345243.jpg
21362929,21362929.jpg
21462498,21462498.jpg
21463370,21463370.jpg
21466444,21466444.jpg
21476519,21476519.jpg
21476708,21476708.jpg
21476709,21476709.jpg
21486576,21486576.jpg
21486951,21486951.jpg
21490957,21490957.jpg
21490963,21490963.jpg
21491340,21491340.jpg
21492554,21492554.jpg
21492584,21492584.jpg
21492751,21492751.jpg
21501511,21501511.jpg
21523886,21523886.jpg
21552009,21552009.jpg
21563419,21563419.jpg
21655409,21655409.jpg
21692334,21692334.jpg
21756351,21756351.jpg
21780481,21780481.jpg
21857628,21857628.jpg
21881809,21881809.jpg
21912497,21912497.jpg
21968347,21968347.jpg
21986231,21986231.jpg
22009891,22009891.jpg
22048328,22048328.jpg
22114854,22114854.jpg
22139241,22139241.jpg
22191833,22191833.jpg
22288820,22288820.jpg
22357485,22357485.jpg
22357742,22357742.jpg
22363365,22363365.jpg
22378444,22378444.jpg
22410384,22410384.jpg
22439395,22439395.jpg
22480159,22480159.jpg
22506186,22506186.jpg
22570683,22570683.jpg
22609914,22609914.jpg
22621701,22621701.jpg
22631054,22631054.jpg
22650497,22650497.jpg
22742941,22742941.jpg
22765442,22765442.jpg
22835550,22835550.jpg
22848265,22848265.jpg
22864994,22864994.jpg
22880663,22880663.jpg
22884770,22884770.jpg
22918819,22918819.jpg
22965242,22965242.jpg
22986084,22986084.jpg
23002288,23002288.jpg
23082904,23082904.jpg
23087494,23087494.jpg
23142949,23142949.jpg
23148104,23148104.jpg
23209007,23209007.jpg
23234480,23234480.jpg
23243880,23243880.jpg
23278520,23278520.jpg
23292229,23292229.jpg
23295928,23295928.jpg
23306893,23306893.jpg
23315498,23315498.jpg
23368424,23368424.jpg
23369262,23369262.jpg
23386500,23386500.jpg
23391548,23391548.jpg
23408931,23408931.jpg
23427012,23427012.jpg
23453940,23453940.jpg
23454048,23454048.jpg
23473348,23473348.jpg
23474985,23474985.jpg
23475401,23475401.jpg
23476714,23476714.jpg
23486968,23486968.jpg
23529641,23529641.jpg
23536806,23536806.jpg
23552524,23552524.jpg
23568537,23568537.jpg
23569239,23569239.jpg
23592377,23592377.jpg
23598923,23598923.jpg
23648993,23648993.jpg
23671899,23671899.jpg
23680998,23680998.jpg
23686263,23686263.jpg
23686385,23686385.jpg
23687283,23687283.jpg
23727564,23727564.jpg
23738514,23738514.jpg
23747676,23747676.jpg
23761571,23761571.jpg
23763166,23763166.jpg
23809308,23809308.jpg
23830110,23830110.jpg
23839057,23839057.jpg
23860776,23860776.jpg
23866703,23866703.jpg
23908722,23908722.jpg
23909513,23909513.jpg
23914678,23914678.jpg
23921203,23921203.jpg
23927371,23927371.jpg
23939880,23939880.jpg
23987388,23987388.jpg
24002071,24002071.jpg
24041298,24041298.jpg
24050318,24050318.jpg
24086533,24086533.jpg
24096095,24096095.jpg
24102615,24102615.jpg
24148454,24148454.jpg
24191364,24191364.jpg
24198235,24198235.jpg
24201990,24201990.jpg
24223895,24223895.jpg
24303323,24303323.jpg
24383069,24383069.jpg
24383321,24383321.jpg
24385427,24385427.jpg
24399752,24399752.jpg
24500300,24500300.jpg
24522124,24522124.jpg
24537060,24537060.jpg
24565403,24565403.jpg
24569676,24569676.jpg
24709277,24709277.jpg
24748284,24748284.jpg
24808122,24808122.jpg
24853878,24853878.jpg
24874360,24874360.jpg
24902944,24902944.jpg
24910987,24910987.jpg
24935995,24935995.jpg
24956001,24956001.jpg
24995583,24995583.jpg
25076742,25076742.jpg
25082181,25082181.jpg
25084169,25084169.jpg
25090120,25090120.jpg
25173473,25173473.jpg
25276055,25276055.jpg
25410163,25410163.jpg
25439083,25439083.jpg
25564965,25564965.jpg
25568315,25568315.jpg
25571585,25571585.jpg
25605367,25605367.jpg
25664190,25664190.jpg
25688454,25688454.jpg
25767401,25767401.jpg
25839737,25839737.jpg
25844193,25844193.jpg
25862556,25862556.jpg
25867592,25867592.jpg
25895048,25895048.jpg
25986110,25986110.jpg
26005441,26005441.jpg
26033941,26033941.jpg
26040044,26040044.jpg
26042562,26042562.jpg
26122795,26122795.jpg
26143279,26143279.jpg
26167388,26167388.jpg
26182584,26182584.jpg
26207432,26207432.jpg
26257742,26257742.jpg
26274410,26274410.jpg
26276416,26276416.jpg
26301553,26301553.jpg
26325321,26325321.jpg
26328774,26328774.jpg
26440493,26440493.jpg
26496842,26496842.jpg
26501808,26501808.jpg
26546076,26546076.jpg
26576829,26576829.jpg
26586083,26586083.jpg
26641696,26641696.jpg
26651222,26651222.jpg
26763420,26763420.jpg
26787092,26787092.jpg
26807275,26807275.jpg
26832345,26832345.jpg
26832587,26832587.jpg
26866372,26866372.jpg
26889895,26889895.jpg
26899115,26899115.jpg
26981928,26981928.jpg
27005455,27005455.jpg
27015334,27015334.jpg
27123535,27123535.jpg
27125578,27125578.jpg
27126603,27126603.jpg
27270934,27270934.jpg
27284118,27284118.jpg
27379940,27379940.jpg
27387054,27387054.jpg
27456482,27456482.jpg
27485318,27485318.jpg
27485413,27485413.jpg
27485516,27485516.jpg
27543498,27543498.jpg
27613885,27613885.jpg
27729289,27729289.jpg
27827075,27827075.jpg
27834683,27834683.jpg
27885687,27885687.jpg
27925374,27925374.jpg
27947414,27947414.jpg
28013756,28013756.jpg
28030743,28030743.jpg
28065241,28065241.jpg
28077217,28077217.jpg
28089486,28089486.jpg
28191649,28191649.jpg
28222070,28222070.jpg
28226153,28226153.jpg
28229246,28229246.jpg
28254761,28254761.jpg
28326546,28326546.jpg
28344747,28344747.jpg
28361679,28361679.jpg
28418433,28418433.jpg
28594353,28594353.jpg
28660732,28660732.jpg
28714631,28714631.jpg
28753159,28753159.jpg
28846555,28846555.jpg
28854135,28854135.jpg
28859161,28859161.jpg
28871495,28871495.jpg
28872229,28872229.jpg
28989696,28989696.jpg
29010132,29010132.jpg
29095196,29095196.jpg
29152920,29152920.jpg
29174356,29174356.jpg
29194095,29194095.jpg
29228976,29228976.jpg
29320911,29320911.jpg
29331348,29331348.jpg
29347232,29347232.jpg
29366882,29366882.jpg
29410367,29410367.jpg
29468661,29468661.jpg
29471682,29471682.jpg
29540174,29540174.jpg
29562044,29562044.jpg
29579574,29579574.jpg
29636499,29636499.jpg
29642053,29642053.jpg
29684300,29684300.jpg
29688374,29688374.jpg
29902347,29902347.jpg
29909823,29909823.jpg
30062202,30062202.jpg
30107294,30107294.jpg
30113082,30113082.jpg
30128660,30128660.jpg
30148815,30148815.jpg
30172853,30172853.jpg
30175038,30175038.jpg
30273418,30273418.jpg
30319490,30319490.jpg
30419215,30419215.jpg
30442738,30442738.jpg
30482243,30482243.jpg
30483032,30483032.jpg
30483842,30483842.jpg
30528002,30528002.jpg
30576657,30576657.jpg
30608805,30608805.jpg
30657971,30657971.jpg
30665212,30665212.jpg
30688714,30688714.jpg
30722933,30722933.jpg
30856012,30856012.jpg
30863264,30863264.jpg
30863808,30863808.jpg
30864041,30864041.jpg
30864655,30864655.jpg
30865462,30865462.jpg
30872548,30872548.jpg
30873407,30873407.jpg
30875753,30875753.jpg
30875770,30875770.jpg
30875970,30875970.jpg
30875988,30875988.jpg
30876020,30876020.jpg
30876030,30876030.jpg
30876078,30876078.jpg
30876142,30876142.jpg
30876406,30876406.jpg
30876430,30876430.jpg
30876653,30876653.jpg
30876771,30876771.jpg
30876780,30876780.jpg
30878920,30878920.jpg
30923526,30923526.jpg
30941990,30941990.jpg
31149948,31149948.jpg
31152539,31152539.jpg
31226538,31226538.jpg
31227894,31227894.jpg
31329803,31329803.jpg
31380290,31380290.jpg
31417927,31417927.jpg
31461191,31461191.jpg
31566384,31566384.jpg
31575693,31575693.jpg
31611278,31611278.jpg
31638286,31638286.jpg
31663669,31663669.jpg
31665644,31665644.jpg
31716980,31716980.jpg
31734462,31734462.jpg
31770637,31770637.jpg
31833095,31833095.jpg
32010836,32010836.jpg
32018562,32018562.jpg
32019705,32019705.jpg
32032326,32032326.jpg
32165246,32165246.jpg
32197490,32197490.jpg
32251712,32251712.jpg
32253721,32253721.jpg
32296110,32296110.jpg
32335947,32335947.jpg
32342938,32342938.jpg
32360035,32360035.jpg
32373679,32373679.jpg
32387701,32387701.jpg
32483659,32483659.jpg
32497460,32497460.jpg
32501324,32501324.jpg
32577829,32577829.jpg
32601798,32601798.jpg
32612834,32612834.jpg
32636552,32636552.jpg
32813994,32813994.jpg
32833413,32833413.jpg
32941975,32941975.jpg
33151816,33151816.jpg
33209238,33209238.jpg
33316312,33316312.jpg
33332839,33332839.jpg
33336117,33336117.jpg
33343240,33343240.jpg
33344106,33344106.jpg
33348100,33348100.jpg
33353755,33353755.jpg
33407163,33407163.jpg
33441710,33441710.jpg
33482790,33482790.jpg
33502441,33502441.jpg
33514697,33514697.jpg
33616917,33616917.jpg
33642424,33642424.jpg
33642554,33642554.jpg
33742931,33742931.jpg
33754098,33754098.jpg
33817491,33817491.jpg
33862955,33862955.jpg
33925411,33925411.jpg
33983258,33983258.jpg
33988008,33988008.jpg
34016927,34016927.jpg
34067616,34067616.jpg
34182024,34182024.jpg
34265505,34265505.jpg
34271398,34271398.jpg
34293405,34293405.jpg
34299862,34299862.jpg
34318808,34318808.jpg
34321382,34321382.jpg
34348533,34348533.jpg
34354747,34354747.jpg
34491971,34491971.jpg
34506398,34506398.jpg
34578712,34578712.jpg
34758489,34758489.jpg
34851678,34851678.jpg
34857505,34857505.jpg
34898606,34898606.jpg
34951284,34951284.jpg
35000667,35000667.jpg
35060316,35060316.jpg
35094181,35094181.jpg
35140045,35140045.jpg
35189147,35189147.jpg
35440786,35440786.jpg
35459623,35459623.jpg
35540625,35540625.jpg
35551913,35551913.jpg
35611957,35611957.jpg
35621377,35621377.jpg
35743155,35743155.jpg
35746799,35746799.jpg
35770971,35770971.jpg
35794275,35794275.jpg
35865645,35865645.jpg
35953487,35953487.jpg
35988632,35988632.jpg
36044408,36044408.jpg
36094933,36094933.jpg
36114877,36114877.jpg
36254359,36254359.jpg
36294246,36294246.jpg
36343956,36343956.jpg
36344210,36344210.jpg
36408486,36408486.jpg
36482465,36482465.jpg
36493091,36493091.jpg
36500743,36500743.jpg
36524320,36524320.jpg
36541112,36541112.jpg
36548319,36548319.jpg
36562269,36562269.jpg
36566665,36566665.jpg
36568350,36568350.jpg
36589549,36589549.jpg
36702105,36702105.jpg
36702804,36702804.jpg
36703106,36703106.jpg
36703624,36703624.jpg
36709588,36709588.jpg
36881830,36881830.jpg
36973989,36973989.jpg
36985607,36985607.jpg
37053880,37053880.jpg
37134259,37134259.jpg
37136365,37136365.jpg
37259045,37259045.jpg
37343419,37343419.jpg
37463097,37463097.jpg
37464286,37464286.jpg
37486661,37486661.jpg
37565809,37565809.jpg
37587470,37587470.jpg
37607535,37607535.jpg
37674837,37674837.jpg
37680665,37680665.jpg
37799416,37799416.jpg
38074280,38074280.jpg
38094479,38094479.jpg
38133590,38133590.jpg
38153033,38153033.jpg
38179119,38179119.jpg
38182507,38182507.jpg
38184315,38184315.jpg
38203876,38203876.jpg
38239735,38239735.jpg
38242080,38242080.jpg
38268805,38268805.jpg
38278640,38278640.jpg
38309941,38309941.jpg
38321021,38321021.jpg
38325248,38325248.jpg
38362696,38362696.jpg
38456441,38456441.jpg
38458629,38458629.jpg
38477476,38477476.jpg
38481356,38481356.jpg
38481813,38481813.jpg
38502761,38502761.jpg
38577619,38577619.jpg
38579304,38579304.jpg
38584473,38584473.jpg
38586496,38586496.jpg
38630938,38630938.jpg
38635698,38635698.jpg
38689358,38689358.jpg
38738224,38738224.jpg
38776816,38776816.jpg
38801360,38801360.jpg
38820569,38820569.jpg
38855101,38855101.jpg
38873148,38873148.jpg
38894624,38894624.jpg
38951605,38951605.jpg
38982292,38982292.jpg
39048048,39048048.jpg
39073394,39073394.jpg
39073584,39073584.jpg
39145799,39145799.jpg
39183621,39183621.jpg
39234407,39234407.jpg
39314624,39314624.jpg
39357240,39357240.jpg
39509768,39509768.jpg
39565559,39565559.jpg
39565566,39565566.jpg
39606848,39606848.jpg
39606902,39606902.jpg
39626432,39626432.jpg
39658852,39658852.jpg
39712205,39712205.jpg
39752594,39752594.jpg
39754840,39754840.jpg
39780848,39780848.jpg
39818051,39818051.jpg
39840037,39840037.jpg
39912374,39912374.jpg
40076477,40076477.jpg
40086836,40086836.jpg
40107530,40107530.jpg
40110770,40110770.jpg
40229617,40229617.jpg
40338648,40338648.jpg
40353873,40353873.jpg
40378134,40378134.jpg
40387505,40387505.jpg
40476159,40476159.jpg
40605906,40605906.jpg
40775929,40775929.jpg
40796149,40796149.jpg
40853057,40853057.jpg
40869264,40869264.jpg
40949287,40949287.jpg
41046143,41046143.jpg
41113145,41113145.jpg
41119270,41119270.jpg
41207463,41207463.jpg
41234808,41234808.jpg
41317278,41317278.jpg
41410927,41410927.jpg
41551487,41551487.jpg
41586458,41586458.jpg
41623513,41623513.jpg
41667587,41667587.jpg
41693802,41693802.jpg
41748169,41748169.jpg
41757297,41757297.jpg
41758713,41758713.jpg
41760410,41760410.jpg
41861762,41861762.jpg
41861793,41861793.jpg
41988252,41988252.jpg
42019907,42019907.jpg
42034669,42034669.jpg
42035006,42035006.jpg
42158237,42158237.jpg
42249836,42249836.jpg
42272533,42272533.jpg
42323211,42323211.jpg
42351633,42351633.jpg
42440298,42440298.jpg
42612117,42612117.jpg
42616154,42616154.jpg
42630054,42630054.jpg
42703949,42703949.jpg
42721319,42721319.jpg
42744892,42744892.jpg
42792600,42792600.jpg
42801804,42801804.jpg
42869603,42869603.jpg
42893000,42893000.jpg
42929019,42929019.jpg
42964556,42964556.jpg
43006041,43006041.jpg
43044253,43044253.jpg
43045866,43045866.jpg
43069127,43069127.jpg
43136630,43136630.jpg
43152198,43152198.jpg
43209272,43209272.jpg
43291346,43291346.jpg
43297512,43297512.jpg
43414384,43414384.jpg
43472976,43472976.jpg
43516085,43516085.jpg
43558615,43558615.jpg
43573275,43573275.jpg
43586519,43586519.jpg
43590769,43590769.jpg
43596760,43596760.jpg
43664000,43664000.jpg
43671127,43671127.jpg
43684180,43684180.jpg
43782738,43782738.jpg
43921378,43921378.jpg
43936684,43936684.jpg
43954077,43954077.jpg
44007699,44007699.jpg
44063188,44063188.jpg
44147216,44147216.jpg
44159133,44159133.jpg
44199228,44199228.jpg
44274561,44274561.jpg
44307356,44307356.jpg
44359177,44359177.jpg
44399956,44399956.jpg
44498512,44498512.jpg
44527482,44527482.jpg
44554748,44554748.jpg
44559259,44559259.jpg
44845499,44845499.jpg
44913388,44913388.jpg
44924226,44924226.jpg
44943309,44943309.jpg
44961665,44961665.jpg
44972049,44972049.jpg
44991774,44991774.jpg
45017898,45017898.jpg
45266008,45266008.jpg
45349361,45349361.jpg
45382907,45382907.jpg
45421322,45421322.jpg
45553677,45553677.jpg
45618181,45618181.jpg
45656255,45656255.jpg
46230076,46230076.jpg
46247111,46247111.jpg
46281094,46281094.jpg
46452145,46452145.jpg
46493305,46493305.jpg
46494361,46494361.jpg
46502011,46502011.jpg
46504967,46504967.jpg
46571306,46571306.jpg
46600275,46600275.jpg
46603496,46603496.jpg
46622934,46622934.jpg
46684891,46684891.jpg
46686811,46686811.jpg
46825118,46825118.jpg
46851552,46851552.jpg
46852399,46852399.jpg
46871703,46871703.jpg
46878774,46878774.jpg
46890386,46890386.jpg
46974107,46974107.jpg
47255438,47255438.jpg
47261927,47261927.jpg
47262362,47262362.jpg
47329497,47329497.jpg
47333067,47333067.jpg
47334241,47334241.jpg
47391205,47391205.jpg
47446651,47446651.jpg
47467128,47467128.jpg
47473569,47473569.jpg
47486961,47486961.jpg
47493652,47493652.jpg
47535423,47535423.jpg
47572155,47572155.jpg
47604579,47604579.jpg
47669815,47669815.jpg
47722445,47722445.jpg
47746384,47746384.jpg
47747350,47747350.jpg
47747420,47747420.jpg
47777257,47777257.jpg
47814878,47814878.jpg
47891000,47891000.jpg
48232131,48232131.jpg
48358349,48358349.jpg
48475064,48475064.jpg
48543805,48543805.jpg
48621084,48621084.jpg
48675695,48675695.jpg
48704234,48704234.jpg
48711857,48711857.jpg
48721359,48721359.jpg
49002318,49002318.jpg
49040208,49040208.jpg
49050171,49050171.jpg
49114443,49114443.jpg
49154372,49154372.jpg
49175291,49175291.jpg
49317214,49317214.jpg
49392564,49392564.jpg
49416318,49416318.jpg
49442256,49442256.jpg
49538223,49538223.jpg
49679283,49679283.jpg
49761717,49761717.jpg
49884967,49884967.jpg
50112147,50112147.jpg
50114216,50114216.jpg
50187777,50187777.jpg
50222577,50222577.jpg
50285532,50285532.jpg
50305655,50305655.jpg
50336721,50336721.jpg
50392214,50392214.jpg
50436882,50436882.jpg
50635396,50635396.jpg
50912647,50912647.jpg
50994908,50994908.jpg
51254310,51254310.jpg
51257807,51257807.jpg
51285244,51285244.jpg
51289996,51289996.jpg
51310315,51310315.jpg
51326921,51326921.jpg
51381468,51381468.jpg
51544610,51544610.jpg
51575780,51575780.jpg
51579523,51579523.jpg
51774563,51774563.jpg
51799283,51799283.jpg
51801264,51801264.jpg
51844998,51844998.jpg
51991284,51991284.jpg
52004013,52004013.jpg
52005043,52005043.jpg
52067131,52067131.jpg
52275477,52275477.jpg
52335811,52335811.jpg
52361435,52361435.jpg
52379828,52379828.jpg
52514590,52514590.jpg
52518566,52518566.jpg
52829655,52829655.jpg
52854746,52854746.jpg
52978121,52978121.jpg
53021034,53021034.jpg
53039739,53039739.jpg
53073751,53073751.jpg
53141409,53141409.jpg
53150948,53150948.jpg
53195047,53195047.jpg
53396477,53396477.jpg
53406808,53406808.jpg
53508194,53508194.jpg
53594450,53594450.jpg
53618336,53618336.jpg
53761633,53761633.jpg
53785363,53785363.jpg
53850446,53850446.jpg
53928654,53928654.jpg
53974686,53974686.jpg
54003367,54003367.jpg
54133968,54133968.jpg
54178374,54178374.jpg
54333646,54333646.jpg
54390825,54390825.jpg
54399578,54399578.jpg
54455866,54455866.jpg
54475515,54475515.jpg
54475856,54475856.jpg
54579350,54579350.jpg
54665868,54665868.jpg
54726904,54726904.jpg
54810182,54810182.jpg
54885332,54885332.jpg
54967516,54967516.jpg
54991962,54991962.jpg
55304072,55304072.jpg
55728996,55728996.jpg
55862156,55862156.jpg
55943877,55943877.jpg
56484275,56484275.jpg
56571056,56571056.jpg
56599840,56599840.jpg
56624029,56624029.jpg
56636819,56636819.jpg
56913408,56913408.jpg
57227688,57227688.jpg
57467048,57467048.jpg
57511508,57511508.jpg
57581379,57581379.jpg
57597502,57597502.jpg
57780099,57780099.jpg
57813311,57813311.jpg
57913666,57913666.jpg
58060235,58060235.jpg
58084446,58084446.jpg
58131824,58131824.jpg
58201167,58201167.jpg
58351686,58351686.jpg
58388181,58388181.jpg
58388190,58388190.jpg
58414156,58414156.jpg
58509537,58509537.jpg
58697476,58697476.jpg
58745899,58745899.jpg
58899672,58899672.jpg
58920328,58920328.jpg
59151179,59151179.jpg
59210523,59210523.jpg
59214935,59214935.jpg
59226766,59226766.jpg
59581594,59581594.jpg
59587978,59587978.jpg
59678595,59678595.jpg
59680239,59680239.jpg
60029724,60029724.jpg
60061043,60061043.jpg
60065056,60065056.jpg
60125847,60125847.jpg
60433163,60433163.jpg
60480545,60480545.jpg
60669608,60669608.jpg
60775219,60775219.jpg
60887613,60887613.jpg
61110942,61110942.jpg
61153000,61153000.jpg
61202421,61202421.jpg
61278287,61278287.jpg
61423459,61423459.jpg
61605140,61605140.jpg
61617722,61617722.jpg
61979540,61979540.jpg
62154852,62154852.jpg
62303596,62303596.jpg
62310179,62310179.jpg
62499725,62499725.jpg
62535882,62535882.jpg
62836433,62836433.jpg
62864955,62864955.jpg
62877952,62877952.jpg
62979790,62979790.jpg
62993222,62993222.jpg
63516924,63516924.jpg
63721347,63721347.jpg
63977483,63977483.jpg
64556709,64556709.jpg
64717393,64717393.jpg
64796444,64796444.jpg
65000306,65000306.jpg
65196957,65196957.jpg
65507782,65507782.jpg
65513403,65513403.jpg
65521979,65521979.jpg
65699122,65699122.jpg
66172146,66172146.jpg
66454880,66454880.jpg
66553329,66553329.jpg
66761188,66761188.jpg
67041648,67041648.jpg
67200122,67200122.jpg
67206576,67206576.jpg
67264130,67264130.jpg
67478582,67478582.jpg
67497758,67497758.jpg
67527769,67527769.jpg
67570498,67570498.jpg
67669828,67669828.jpg
67870874,67870874.jpg
67918037,67918037.jpg
67973438,67973438.jpg
68181309,68181309.jpg
68288446,68288446.jpg
68336064,68336064.jpg
68360230,68360230.jpg
68450389,68450389.jpg
68522686,68522686.jpg
68651894,68651894.jpg
68858698,68858698.jpg
69079866,69079866.jpg
69131641,69131641.jpg
69326593,69326593.jpg
69718939,69718939.jpg
69824188,69824188.jpg
69868896,69868896.jpg
70403029,70403029.jpg
71123802,71123802.jpg
71362900,71362900.jpg
71371745,71371745.jpg
71639315,71639315.jpg
71864933,71864933.jpg
71882148,71882148.jpg
71976511,71976511.jpg
72333530,72333530.jpg
72418899,72418899.jpg
72808021,72808021.jpg
73007797,73007797.jpg
73010562,73010562.jpg
73229875,73229875.jpg
73751664,73751664.jpg
74468075,74468075.jpg
74706566,74706566.jpg
74741191,74741191.jpg
74968668,74968668.jpg
76428400,76428400.jpg
